  0
SECTION
  2
HEADER
  9
$ACADVER
  1
AC1032
  9
$ACADMAINTVER
 90
      285
  9
$DWGCODEPAGE
  3
ANSI_1252
  9
$LASTSAVEDBY
  1
tomas
  9
$REQUIREDVERSIONS
160
                 0
  9
$INSBASE
 10
0.0
 20
0.0
 30
0.0
  9
$EXTMIN
 10
275.492571690816
 20
-237.0208112616833
 30
0.0
  9
$EXTMAX
 10
284.2396988208971
 20
-199.2831387849044
 30
0.0
  9
$LIMMIN
 10
565.1147094265041
 20
253.142763823093
  9
$LIMMAX
 10
8000000.0
 20
800000.0
  9
$ORTHOMODE
 70
     1
  9
$REGENMODE
 70
     1
  9
$FILLMODE
 70
     1
  9
$QTEXTMODE
 70
     0
  9
$MIRRTEXT
 70
     0
  9
$LTSCALE
 40
1.0
  9
$ATTMODE
 70
     1
  9
$TEXTSIZE
 40
2.5
  9
$TRACEWID
 40
1.0
  9
$TEXTSTYLE
  7
ROMANS_PAPEL
  9
$CLAYER
  8
POTENCIA
  9
$CELTYPE
  6
ByLayer
  9
$CECOLOR
 62
     0
  9
$CELTSCALE
 40
1.0
  9
$DISPSILH
 70
     0
  9
$DIMSCALE
 40
100.0
  9
$DIMASZ
 40
0.1
  9
$DIMEXO
 40
0.1
  9
$DIMDLI
 40
0.0
  9
$DIMRND
 40
0.0
  9
$DIMDLE
 40
0.0
  9
$DIMEXE
 40
0.1
  9
$DIMTP
 40
0.0
  9
$DIMTM
 40
0.0
  9
$DIMTXT
 40
30.0
  9
$DIMCEN
 40
0.0
  9
$DIMTSZ
 40
0.0
  9
$DIMTOL
 70
     0
  9
$DIMLIM
 70
     0
  9
$DIMTIH
 70
     0
  9
$DIMTOH
 70
     0
  9
$DIMSE1
 70
     0
  9
$DIMSE2
 70
     0
  9
$DIMTAD
 70
     1
  9
$DIMZIN
 70
     0
  9
$DIMBLK
  1
ARCHTICK
  9
$DIMASO
 70
     1
  9
$DIMSHO
 70
     1
  9
$DIMPOST
  1
mm
  9
$DIMAPOST
  1

  9
$DIMALT
 70
     0
  9
$DIMALTD
 70
     2
  9
$DIMALTF
 40
25.4
  9
$DIMLFAC
 40
1.0
  9
$DIMTOFL
 70
     1
  9
$DIMTVP
 40
0.0
  9
$DIMTIX
 70
     0
  9
$DIMSOXD
 70
     0
  9
$DIMSAH
 70
     0
  9
$DIMBLK1
  1

  9
$DIMBLK2
  1

  9
$DIMSTYLE
  2
COTAS_VICTOR
  9
$DIMCLRD
 70
   256
  9
$DIMCLRE
 70
   256
  9
$DIMCLRT
 70
   256
  9
$DIMTFAC
 40
1.0
  9
$DIMGAP
 40
0.1
  9
$DIMJUST
 70
     0
  9
$DIMSD1
 70
     0
  9
$DIMSD2
 70
     0
  9
$DIMTOLJ
 70
     1
  9
$DIMTZIN
 70
     0
  9
$DIMALTZ
 70
     0
  9
$DIMALTTZ
 70
     0
  9
$DIMUPT
 70
     0
  9
$DIMDEC
 70
     4
  9
$DIMTDEC
 70
     4
  9
$DIMALTU
 70
     2
  9
$DIMALTTD
 70
     2
  9
$DIMTXSTY
  7
STANDARD
  9
$DIMAUNIT
 70
     0
  9
$DIMADEC
 70
     0
  9
$DIMALTRND
 40
0.0
  9
$DIMAZIN
 70
     0
  9
$DIMDSEP
 70
    46
  9
$DIMATFIT
 70
     3
  9
$DIMFRAC
 70
     0
  9
$DIMLDRBLK
  1
ARCHTICK
  9
$DIMLUNIT
 70
     2
  9
$DIMLWD
 70
    -2
  9
$DIMLWE
 70
    -2
  9
$DIMTMOVE
 70
     0
  9
$DIMFXL
 40
1.0
  9
$DIMFXLON
 70
     0
  9
$DIMJOGANG
 40
0.7853981633974483
  9
$DIMTFILL
 70
     0
  9
$DIMTFILLCLR
 70
     0
  9
$DIMARCSYM
 70
     0
  9
$DIMLTYPE
  6

  9
$DIMLTEX1
  6

  9
$DIMLTEX2
  6

  9
$DIMTXTDIRECTION
 70
     0
  9
$LUNITS
 70
     2
  9
$LUPREC
 70
     4
  9
$SKETCHINC
 40
1.0
  9
$FILLETRAD
 40
0.0
  9
$AUNITS
 70
     0
  9
$AUPREC
 70
     0
  9
$MENU
  1
.
  9
$ELEVATION
 40
0.0
  9
$PELEVATION
 40
0.0
  9
$THICKNESS
 40
0.0
  9
$LIMCHECK
 70
     0
  9
$CHAMFERA
 40
0.0
  9
$CHAMFERB
 40
0.0
  9
$CHAMFERC
 40
0.0
  9
$CHAMFERD
 40
0.0
  9
$SKPOLY
 70
     0
  9
$TDCREATE
 40
2455688.674386574
  9
$TDUCREATE
 40
2455688.799386574
  9
$TDUPDATE
 40
2461170.968344907
  9
$TDUUPDATE
 40
2461171.093344908
  9
$TDINDWG
 40
3.2959249769
  9
$TDUSRTIMER
 40
3.2959240741
  9
$USRTIMER
 70
     1
  9
$ANGBASE
 50
0.0
  9
$ANGDIR
 70
     0
  9
$PDMODE
 70
     2
  9
$PDSIZE
 40
0.0
  9
$PLINEWID
 40
0.0
  9
$SPLFRAME
 70
     0
  9
$SPLINETYPE
 70
     6
  9
$SPLINESEGS
 70
     8
  9
$HANDSEED
  5
2D7D52
  9
$SURFTAB1
 70
     6
  9
$SURFTAB2
 70
     6
  9
$SURFTYPE
 70
     6
  9
$SURFU
 70
     6
  9
$SURFV
 70
     6
  9
$UCSBASE
  2

  9
$UCSNAME
  2

  9
$UCSORG
 10
0.0
 20
0.0
 30
0.0
  9
$UCSXDIR
 10
1.0
 20
0.0
 30
0.0
  9
$UCSYDIR
 10
0.0
 20
1.0
 30
0.0
  9
$UCSORTHOREF
  2

  9
$UCSORTHOVIEW
 70
     0
  9
$UCSORGTOP
 10
0.0
 20
0.0
 30
0.0
  9
$UCSORGBOTTOM
 10
0.0
 20
0.0
 30
0.0
  9
$UCSORGLEFT
 10
0.0
 20
0.0
 30
0.0
  9
$UCSORGRIGHT
 10
0.0
 20
0.0
 30
0.0
  9
$UCSORGFRONT
 10
0.0
 20
0.0
 30
0.0
  9
$UCSORGBACK
 10
0.0
 20
0.0
 30
0.0
  9
$PUCSBASE
  2

  9
$PUCSNAME
  2

  9
$PUCSORG
 10
0.0
 20
0.0
 30
0.0
  9
$PUCSXDIR
 10
1.0
 20
0.0
 30
0.0
  9
$PUCSYDIR
 10
0.0
 20
1.0
 30
0.0
  9
$PUCSORTHOREF
  2

  9
$PUCSORTHOVIEW
 70
     0
  9
$PUCSORGTOP
 10
0.0
 20
0.0
 30
0.0
  9
$PUCSORGBOTTOM
 10
0.0
 20
0.0
 30
0.0
  9
$PUCSORGLEFT
 10
0.0
 20
0.0
 30
0.0
  9
$PUCSORGRIGHT
 10
0.0
 20
0.0
 30
0.0
  9
$PUCSORGFRONT
 10
0.0
 20
0.0
 30
0.0
  9
$PUCSORGBACK
 10
0.0
 20
0.0
 30
0.0
  9
$USERI1
 70
     0
  9
$USERI2
 70
     0
  9
$USERI3
 70
     0
  9
$USERI4
 70
     0
  9
$USERI5
 70
     0
  9
$USERR1
 40
0.0
  9
$USERR2
 40
0.0
  9
$USERR3
 40
0.0
  9
$USERR4
 40
0.0
  9
$USERR5
 40
0.0
  9
$WORLDVIEW
 70
     1
  9
$SHADEDGE
 70
     3
  9
$SHADEDIF
 70
    70
  9
$TILEMODE
 70
     1
  9
$MAXACTVP
 70
    48
  9
$PINSBASE
 10
0.0
 20
0.0
 30
0.0
  9
$PLIMCHECK
 70
     0
  9
$PEXTMIN
 10
491.537837227188
 20
11.93391147027535
 30
0.0
  9
$PEXTMAX
 10
1333.196039227188
 20
607.0457714702771
 30
0.0
  9
$PLIMMIN
 10
491.8669443366639
 20
12.48984757975239
  9
$PLIMMAX
 10
1332.866944336664
 20
606.4898475797523
  9
$UNITMODE
 70
     0
  9
$VISRETAIN
 70
     1
  9
$PLINEGEN
 70
     0
  9
$PSLTSCALE
 70
     1
  9
$TREEDEPTH
 70
  3020
  9
$CMLSTYLE
  2
Standard
  9
$CMLJUST
 70
     0
  9
$CMLSCALE
 40
1.0
  9
$PROXYGRAPHICS
 70
     1
  9
$MEASUREMENT
 70
     0
  9
$CELWEIGHT
370
    -1
  9
$ENDCAPS
280
     0
  9
$JOINSTYLE
280
     0
  9
$LWDISPLAY
290
     0
  9
$INSUNITS
 70
     0
  9
$HYPERLINKBASE
  1

  9
$STYLESHEET
  1

  9
$XEDIT
290
     1
  9
$CEPSNTYPE
380
     0
  9
$PSTYLEMODE
290
     1
  9
$FINGERPRINTGUID
  2
{9AC2F365-FEB3-2C47-9609-CCB12A555A52}
  9
$VERSIONGUID
  2
{65DEAF7D-2A7F-2A49-8D68-013A8BEF6A91}
  9
$EXTNAMES
290
     1
  9
$PSVPSCALE
 40
0.0
  9
$OLESTARTUP
290
     0
  9
$SORTENTS
280
   127
  9
$INDEXCTL
280
     0
  9
$HIDETEXT
280
     0
  9
$XCLIPFRAME
280
     2
  9
$HALOGAP
280
     0
  9
$OBSCOLOR
 70
   257
  9
$OBSLTYPE
280
     0
  9
$INTERSECTIONDISPLAY
280
     0
  9
$INTERSECTIONCOLOR
 70
   257
  9
$DIMASSOC
280
     1
  9
$PROJECTNAME
  1

  9
$CAMERADISPLAY
290
     0
  9
$LENSLENGTH
 40
50.0
  9
$CAMERAHEIGHT
 40
0.0
  9
$STEPSPERSEC
 40
2.0
  9
$STEPSIZE
 40
6.0
  9
$3DDWFPREC
 40
2.0
  9
$PSOLWIDTH
 40
0.25
  9
$PSOLHEIGHT
 40
4.0
  9
$LOFTANG1
 40
1.570796326794896
  9
$LOFTANG2
 40
1.570796326794896
  9
$LOFTMAG1
 40
0.0
  9
$LOFTMAG2
 40
0.0
  9
$LOFTPARAM
 70
     7
  9
$LOFTNORMALS
280
     1
  9
$LATITUDE
 40
37.795
  9
$LONGITUDE
 40
-122.394
  9
$NORTHDIRECTION
 40
0.0
  9
$TIMEZONE
 70
 -8000
  9
$LIGHTGLYPHDISPLAY
280
     1
  9
$TILEMODELIGHTSYNCH
280
     1
  9
$CMATERIAL
347
2D7B4D
  9
$SOLIDHIST
280
     0
  9
$SHOWHIST
280
     1
  9
$DWFFRAME
280
     2
  9
$DGNFRAME
280
     0
  9
$REALWORLDSCALE
290
     1
  9
$INTERFERECOLOR
 62
     1
  9
$INTERFEREOBJVS
345
2D7B6F
  9
$INTERFEREVPVS
346
2D7B6C
  9
$CSHADOW
280
     0
  9
$SHADOWPLANELOCATION
 40
0.0
  0
ENDSEC
  0
SECTION
  2
CLASSES
  0
CLASS
  1
ACDBDICTIONARYWDFLT
  2
AcDbDictionaryWithDefault
  3
ObjectDBX Classes
 90
        0
 91
        1
280
     0
281
     0
  0
CLASS
  1
MATERIAL
  2
AcDbMaterial
  3
ObjectDBX Classes
 90
     1153
 91
        3
280
     0
281
     0
  0
CLASS
  1
VISUALSTYLE
  2
AcDbVisualStyle
  3
ObjectDBX Classes
 90
     4095
 91
       24
280
     0
281
     0
  0
CLASS
  1
SCALE
  2
AcDbScale
  3
ObjectDBX Classes
 90
     1153
 91
       17
280
     0
281
     0
  0
CLASS
  1
TABLESTYLE
  2
AcDbTableStyle
  3
ObjectDBX Classes
 90
     4095
 91
        1
280
     0
281
     0
  0
CLASS
  1
MLEADERSTYLE
  2
AcDbMLeaderStyle
  3
ACDB_MLEADERSTYLE_CLASS
 90
     4095
 91
        1
280
     0
281
     0
  0
CLASS
  1
ACDBSECTIONVIEWSTYLE
  2
AcDbSectionViewStyle
  3
ObjectDBX Classes
 90
     1025
 91
        1
280
     0
281
     0
  0
CLASS
  1
ACDBDETAILVIEWSTYLE
  2
AcDbDetailViewStyle
  3
ObjectDBX Classes
 90
     1025
 91
        1
280
     0
281
     0
  0
CLASS
  1
DICTIONARYVAR
  2
AcDbDictionaryVar
  3
ObjectDBX Classes
 90
        0
 91
       18
280
     0
281
     0
  0
CLASS
  1
CELLSTYLEMAP
  2
AcDbCellStyleMap
  3
ObjectDBX Classes
 90
     1152
 91
        1
280
     0
281
     0
  0
ENDSEC
  0
SECTION
  2
TABLES
  0
TABLE
  2
VPORT
  5
2D7B44
330
0
100
AcDbSymbolTable
 70
     1
  0
VPORT
  5
2D7BB1
330
2D7B44
100
AcDbSymbolTableRecord
100
AcDbViewportTableRecord
  2
*ACTIVE
 70
     0
 10
0.0
 20
0.0
 11
1.0
 21
1.0
 12
208.3298532703357
 22
-2625.135742714967
 13
0.0
 23
0.0
 14
10.0
 24
10.0
 15
10.0
 25
10.0
 16
0.0
 26
0.0
 36
1.0
 17
0.0
 27
0.0
 37
0.0
 40
15086.42007838266
 41
1.941573033707864
 42
50.0
 43
0.0
 44
0.0
 50
0.0
 51
0.0
 71
     0
 72
  1000
 73
     1
 74
     3
 75
     0
 76
     0
 77
     0
 78
     0
281
     0
 65
     1
110
0.0
120
0.0
130
0.0
111
1.0
121
0.0
131
0.0
112
0.0
122
1.0
132
0.0
 79
     0
146
0.0
348
2D7B6B
 60
     3
 61
     5
292
     1
282
     0
141
0.0
142
0.0
 63
   250
421
  3355443
1001
ACAD_NAV_VCDISPLAY
1070
     3
  0
ENDTAB
  0
TABLE
  2
LTYPE
  5
2D7B41
330
0
100
AcDbSymbolTable
 70
     4
  0
LTYPE
  5
2D7B96
330
2D7B41
100
AcDbSymbolTableRecord
100
AcDbLinetypeTableRecord
  2
ByBlock
 70
     0
  3

 72
    65
 73
     0
 40
0.0
  0
LTYPE
  5
2D7B97
330
2D7B41
100
AcDbSymbolTableRecord
100
AcDbLinetypeTableRecord
  2
ByLayer
 70
     0
  3

 72
    65
 73
     0
 40
0.0
  0
LTYPE
  5
2D7B98
330
2D7B41
100
AcDbSymbolTableRecord
100
AcDbLinetypeTableRecord
  2
CONTINUOUS
 70
     0
  3
Solid line
 72
    65
 73
     0
 40
0.0
  0
LTYPE
  5
2D7BB2
330
2D7B41
100
AcDbSymbolTableRecord
100
AcDbLinetypeTableRecord
  2
0
 70
     0
  3
MEDUSA PEN 0
 72
    65
 73
     0
 40
0.0
  0
LTYPE
  5
2D7BB3
330
2D7B41
100
AcDbSymbolTableRecord
100
AcDbLinetypeTableRecord
  2
HIDDEN
 70
     0
  3
__ __ __ __ __ __ __ __ __ __ __ __ __ __ __ __
 72
    65
 73
     2
 40
0.375
 49
0.25
 74
     0
 49
-0.125
 74
     0
  0
LTYPE
  5
2D7BB4
330
2D7B41
100
AcDbSymbolTableRecord
100
AcDbLinetypeTableRecord
  2
VALS2
 70
     0
  3
trazo largo, doble trazo corto (.5x) ___ _ _ __
 72
    65
 73
     6
 40
1.25
 49
0.625
 74
     0
 49
-0.125
 74
     0
 49
0.125
 74
     0
 49
-0.125
 74
     0
 49
0.125
 74
     0
 49
-0.125
 74
     0
  0
ENDTAB
  0
TABLE
  2
LAYER
  5
2D7B3E
102
{ACAD_XDICTIONARY
360
2D7D2E
102
}
330
0
100
AcDbSymbolTable
 70
    46
  0
LAYER
  5
2D7B90
102
{ACAD_XDICTIONARY
360
2D7CD1
102
}
330
2D7B3E
100
AcDbSymbolTableRecord
100
AcDbLayerTableRecord
  2
0
 70
     0
 62
     7
  6
CONTINUOUS
370
    -3
390
2D7B4B
347
2D7B5D
348
0
  0
LAYER
  5
2D7BAF
102
{ACAD_XDICTIONARY
360
2D7CD3
102
}
330
2D7B3E
100
AcDbSymbolTableRecord
100
AcDbLayerTableRecord
  2
POTENCIA
 70
     0
 62
     3
  6
CONTINUOUS
370
    -3
390
2D7B4B
347
2D7B5D
348
0
  0
LAYER
  5
2D7BB5
330
2D7B3E
100
AcDbSymbolTableRecord
100
AcDbLayerTableRecord
  2
DEFPOINTS
 70
     0
 62
     7
  6
CONTINUOUS
290
     0
370
    -3
390
2D7B4B
347
2D7B5D
348
0
  0
LAYER
  5
2D7BB6
102
{ACAD_XDICTIONARY
360
2D7CD5
102
}
330
2D7B3E
100
AcDbSymbolTableRecord
100
AcDbLayerTableRecord
  2
CARTILLA_-_TEXTO
 70
     0
 62
   154
  6
CONTINUOUS
370
    -3
390
2D7B4B
347
2D7B5D
348
0
  0
LAYER
  5
2D7BB7
102
{ACAD_XDICTIONARY
360
2D7CD7
102
}
330
2D7B3E
100
AcDbSymbolTableRecord
100
AcDbLayerTableRecord
  2
04LINEAS
 70
     0
 62
     7
  6
CONTINUOUS
370
    -3
390
2D7B4B
347
2D7B5D
348
0
  0
LAYER
  5
2D7BB8
102
{ACAD_XDICTIONARY
360
2D7CD9
102
}
330
2D7B3E
100
AcDbSymbolTableRecord
100
AcDbLayerTableRecord
  2
VARIOS
 70
     0
 62
     4
  6
CONTINUOUS
370
    -3
390
2D7B4B
347
2D7B5D
348
0
  0
LAYER
  5
2D7BB9
102
{ACAD_XDICTIONARY
360
2D7CDB
102
}
330
2D7B3E
100
AcDbSymbolTableRecord
100
AcDbLayerTableRecord
  2
BELT_6
 70
     0
 62
     7
  6
CONTINUOUS
370
    -3
390
2D7B4B
347
2D7B5D
348
0
  0
LAYER
  5
2D7BBA
102
{ACAD_XDICTIONARY
360
2D7CDD
102
}
330
2D7B3E
100
AcDbSymbolTableRecord
100
AcDbLayerTableRecord
  2
TÍTULOS
 70
     0
 62
     4
  6
CONTINUOUS
370
    -3
390
2D7B4B
347
2D7B5D
348
0
  0
LAYER
  5
2D7BBB
102
{ACAD_XDICTIONARY
360
2D7CDF
102
}
330
2D7B3E
100
AcDbSymbolTableRecord
100
AcDbLayerTableRecord
  2
E_TEXTO
 70
     0
 62
     7
  6
CONTINUOUS
370
    -3
390
2D7B4B
347
2D7B5D
348
0
  0
LAYER
  5
2D7BBC
102
{ACAD_XDICTIONARY
360
2D7CE1
102
}
330
2D7B3E
100
AcDbSymbolTableRecord
100
AcDbLayerTableRecord
  2
CABLES$ELECT$
 70
     0
 62
     2
  6
CONTINUOUS
370
    -3
390
2D7B4B
347
2D7B5D
348
0
  0
LAYER
  5
2D7BBD
102
{ACAD_XDICTIONARY
360
2D7CE3
102
}
330
2D7B3E
100
AcDbSymbolTableRecord
100
AcDbLayerTableRecord
  2
BARRAS
 70
     0
 62
     6
  6
CONTINUOUS
370
    -3
390
2D7B4B
347
2D7B5D
348
0
  0
LAYER
  5
2D7BBE
102
{ACAD_XDICTIONARY
360
2D7CE5
102
}
330
2D7B3E
100
AcDbSymbolTableRecord
100
AcDbLayerTableRecord
  2
E_SYMBOL
 70
     0
 62
     3
  6
CONTINUOUS
370
    -3
390
2D7B4B
347
2D7B5D
348
0
  0
LAYER
  5
2D7BBF
102
{ACAD_XDICTIONARY
360
2D7CE7
102
}
330
2D7B3E
100
AcDbSymbolTableRecord
100
AcDbLayerTableRecord
  2
01-VP
 70
     0
 62
    -1
  6
CONTINUOUS
370
    -3
390
2D7B4B
347
2D7B5D
348
0
  0
LAYER
  5
2D7BC0
102
{ACAD_XDICTIONARY
360
2D7CE9
102
}
330
2D7B3E
100
AcDbSymbolTableRecord
100
AcDbLayerTableRecord
  2
TEXTO
 70
     0
 62
     7
  6
CONTINUOUS
370
    -3
390
2D7B4B
347
2D7B5D
348
0
  0
LAYER
  5
2D7BC1
102
{ACAD_XDICTIONARY
360
2D7CEB
102
}
330
2D7B3E
100
AcDbSymbolTableRecord
100
AcDbLayerTableRecord
  2
00-UNIF_CABLE
 70
     0
 62
     3
  6
CONTINUOUS
370
    -3
390
2D7B4B
347
2D7B5D
348
0
  0
LAYER
  5
2D7BC2
102
{ACAD_XDICTIONARY
360
2D7CED
102
}
330
2D7B3E
100
AcDbSymbolTableRecord
100
AcDbLayerTableRecord
  2
00-UNIF_CABLE_AUX_
 70
     0
 62
   252
  6
CONTINUOUS
370
    -3
390
2D7B4B
347
2D7B5D
348
0
  0
LAYER
  5
2D7BC3
102
{ACAD_XDICTIONARY
360
2D7CEF
102
}
330
2D7B3E
100
AcDbSymbolTableRecord
100
AcDbLayerTableRecord
  2
00-UNIF_CABLE_COMPONENTES
 70
     0
 62
     7
  6
CONTINUOUS
370
    -3
390
2D7B4B
347
2D7B5D
348
0
  0
LAYER
  5
2D7BC4
102
{ACAD_XDICTIONARY
360
2D7CF1
102
}
330
2D7B3E
100
AcDbSymbolTableRecord
100
AcDbLayerTableRecord
  2
00-UNIF_TEXTO_1
 70
     0
 62
     7
  6
CONTINUOUS
370
    -3
390
2D7B4B
347
2D7B5D
348
0
  0
LAYER
  5
2D7BC5
102
{ACAD_XDICTIONARY
360
2D7CF3
102
}
330
2D7B3E
100
AcDbSymbolTableRecord
100
AcDbLayerTableRecord
  2
00-UNIF_TIPICO_REF_
 70
     0
 62
     7
  6
CONTINUOUS
370
    -3
390
2D7B4B
347
2D7B5D
348
0
  0
LAYER
  5
2D7BC6
102
{ACAD_XDICTIONARY
360
2D7CF5
102
}
330
2D7B3E
100
AcDbSymbolTableRecord
100
AcDbLayerTableRecord
  2
00-UNIF_TEXTO_LAYOUT_1
 70
     0
 62
     7
  6
CONTINUOUS
370
    -3
390
2D7B4B
347
2D7B5D
348
0
  0
LAYER
  5
2D7BC7
102
{ACAD_XDICTIONARY
360
2D7CF7
102
}
330
2D7B3E
100
AcDbSymbolTableRecord
100
AcDbLayerTableRecord
  2
FORMATOS
 70
     0
 62
     7
  6
CONTINUOUS
370
    -3
390
2D7B4B
347
2D7B5D
348
0
  0
LAYER
  5
2D7BC8
102
{ACAD_XDICTIONARY
360
2D7CF9
102
}
330
2D7B3E
100
AcDbSymbolTableRecord
100
AcDbLayerTableRecord
  2
COTAS
 70
     0
 62
   251
  6
CONTINUOUS
370
    -3
390
2D7B4B
347
2D7B5D
348
0
  0
LAYER
  5
2D7BC9
102
{ACAD_XDICTIONARY
360
2D7CFB
102
}
330
2D7B3E
100
AcDbSymbolTableRecord
100
AcDbLayerTableRecord
  2
UNIFILAR
 70
     0
 62
     3
  6
CONTINUOUS
370
    -3
390
2D7B4B
347
2D7B5D
348
0
  0
LAYER
  5
2D7BCA
102
{ACAD_XDICTIONARY
360
2D7CFD
102
}
330
2D7B3E
100
AcDbSymbolTableRecord
100
AcDbLayerTableRecord
  2
E-ELEMENTOS
 70
     0
 62
     2
  6
CONTINUOUS
370
    -3
390
2D7B4B
347
2D7B5D
348
0
  0
LAYER
  5
2D7BCB
102
{ACAD_XDICTIONARY
360
2D7CFF
102
}
330
2D7B3E
100
AcDbSymbolTableRecord
100
AcDbLayerTableRecord
  2
E-CARTELITOS
 70
     0
 62
     2
  6
CONTINUOUS
370
    -3
390
2D7B4B
347
2D7B5D
348
0
  0
LAYER
  5
2D7BCC
102
{ACAD_XDICTIONARY
360
2D7D01
102
}
330
2D7B3E
100
AcDbSymbolTableRecord
100
AcDbLayerTableRecord
  2
00-VISTA_RIEL
 70
     0
 62
     7
  6
CONTINUOUS
370
    -3
390
2D7B4B
347
2D7B5D
348
0
  0
LAYER
  5
2D7BCD
102
{ACAD_XDICTIONARY
360
2D7D03
102
}
330
2D7B3E
100
AcDbSymbolTableRecord
100
AcDbLayerTableRecord
  2
FREEZE
 70
     0
 62
     7
  6
CONTINUOUS
370
    -3
390
2D7B4B
347
2D7B5D
348
0
  0
LAYER
  5
2D7BCE
102
{ACAD_XDICTIONARY
360
2D7D05
102
}
330
2D7B3E
100
AcDbSymbolTableRecord
100
AcDbLayerTableRecord
  2
ALPHA
 70
     0
 62
   254
  6
CONTINUOUS
370
    -3
390
2D7B4B
347
2D7B5D
348
0
  0
LAYER
  5
2D7BCF
102
{ACAD_XDICTIONARY
360
2D7D07
102
}
330
2D7B3E
100
AcDbSymbolTableRecord
100
AcDbLayerTableRecord
  2
00-VISTA_TM_TETRA
 70
     0
 62
     1
  6
CONTINUOUS
370
    -3
390
2D7B4B
347
2D7B5D
348
0
  0
LAYER
  5
2D7BD0
102
{ACAD_XDICTIONARY
360
2D7D09
102
}
330
2D7B3E
100
AcDbSymbolTableRecord
100
AcDbLayerTableRecord
  2
00-VISTA_ID_TETRA_FTE
 70
     0
 62
     2
  6
CONTINUOUS
370
    -3
390
2D7B4B
347
2D7B5D
348
0
  0
LAYER
  5
2D7BD1
102
{ACAD_XDICTIONARY
360
2D7D0B
102
}
330
2D7B3E
100
AcDbSymbolTableRecord
100
AcDbLayerTableRecord
  2
00-VISTA_TM_TETRA_FTE
 70
     0
 62
     2
  6
CONTINUOUS
370
    -3
390
2D7B4B
347
2D7B5D
348
0
  0
LAYER
  5
2D7BD2
102
{ACAD_XDICTIONARY
360
2D7D0D
102
}
330
2D7B3E
100
AcDbSymbolTableRecord
100
AcDbLayerTableRecord
  2
00-VISTA_ID_TETRA
 70
     0
 62
     1
  6
CONTINUOUS
370
    -3
390
2D7B4B
347
2D7B5D
348
0
  0
LAYER
  5
2D7BD3
102
{ACAD_XDICTIONARY
360
2D7D0F
102
}
330
2D7B3E
100
AcDbSymbolTableRecord
100
AcDbLayerTableRecord
  2
00-VISTA_ID_BIP
 70
     0
 62
     1
  6
CONTINUOUS
370
    -3
390
2D7B4B
347
2D7B5D
348
0
  0
LAYER
  5
2D7BD4
102
{ACAD_XDICTIONARY
360
2D7D11
102
}
330
2D7B3E
100
AcDbSymbolTableRecord
100
AcDbLayerTableRecord
  2
00-VISTA_TM_BIP
 70
     0
 62
     1
  6
CONTINUOUS
370
    -3
390
2D7B4B
347
2D7B5D
348
0
  0
LAYER
  5
2D7BD5
102
{ACAD_XDICTIONARY
360
2D7D13
102
}
330
2D7B3E
100
AcDbSymbolTableRecord
100
AcDbLayerTableRecord
  2
00-VISTA_TM_BIP_FTE
 70
     0
 62
     2
  6
CONTINUOUS
370
    -3
390
2D7B4B
347
2D7B5D
348
0
  0
LAYER
  5
2D7BD6
102
{ACAD_XDICTIONARY
360
2D7D15
102
}
330
2D7B3E
100
AcDbSymbolTableRecord
100
AcDbLayerTableRecord
  2
00-VISTA_ID_BIP_FTE
 70
     0
 62
     2
  6
CONTINUOUS
370
    -3
390
2D7B4B
347
2D7B5D
348
0
  0
LAYER
  5
2D7BD7
102
{ACAD_XDICTIONARY
360
2D7D17
102
}
330
2D7B3E
100
AcDbSymbolTableRecord
100
AcDbLayerTableRecord
  2
00-VISTA_TM_TRIP
 70
     0
 62
     1
  6
CONTINUOUS
370
    -3
390
2D7B4B
347
2D7B5D
348
0
  0
LAYER
  5
2D7BD8
102
{ACAD_XDICTIONARY
360
2D7D19
102
}
330
2D7B3E
100
AcDbSymbolTableRecord
100
AcDbLayerTableRecord
  2
00-VISTA_RELE_BIP
 70
     0
 62
     1
  6
CONTINUOUS
370
    -3
390
2D7B4B
347
2D7B5D
348
0
  0
LAYER
  5
2D7BD9
102
{ACAD_XDICTIONARY
360
2D7D1B
102
}
330
2D7B3E
100
AcDbSymbolTableRecord
100
AcDbLayerTableRecord
  2
00-VISTA_CONTAC__TRIP
 70
     0
 62
     1
  6
CONTINUOUS
370
    -3
390
2D7B4B
347
2D7B5D
348
0
  0
LAYER
  5
2D7BDA
102
{ACAD_XDICTIONARY
360
2D7D1D
102
}
330
2D7B3E
100
AcDbSymbolTableRecord
100
AcDbLayerTableRecord
  2
00-VISTA_CABLE_CANAL
 70
     0
 62
     3
  6
CONTINUOUS
370
    -3
390
2D7B4B
347
2D7B5D
348
0
  0
LAYER
  5
2D7BDB
102
{ACAD_XDICTIONARY
360
2D7D1F
102
}
330
2D7B3E
100
AcDbSymbolTableRecord
100
AcDbLayerTableRecord
  2
00-VISTA_TEXTO_1
 70
     0
 62
     2
  6
CONTINUOUS
370
    -3
390
2D7B4B
347
2D7B5D
348
0
  0
LAYER
  5
2D7BDC
102
{ACAD_XDICTIONARY
360
2D7D21
102
}
330
2D7B3E
100
AcDbSymbolTableRecord
100
AcDbLayerTableRecord
  2
E_TABLEROS
 70
     0
 62
   170
  6
CONTINUOUS
370
    -3
390
2D7B4B
347
2D7B5D
348
0
  0
LAYER
  5
2D7BDD
102
{ACAD_XDICTIONARY
360
2D7D23
102
}
330
2D7B3E
100
AcDbSymbolTableRecord
100
AcDbLayerTableRecord
  2
E-BANDEJA_150
 70
     0
 62
   153
  6
CONTINUOUS
370
    -3
390
2D7B4B
347
2D7B5D
348
0
  0
LAYER
  5
2D7BDE
102
{ACAD_XDICTIONARY
360
2D7D25
102
}
330
2D7B3E
100
AcDbSymbolTableRecord
100
AcDbLayerTableRecord
  2
E_ARTEFACTOS
 70
     0
 62
   160
  6
CONTINUOUS
370
    -3
390
2D7B4B
347
2D7B5D
348
0
  0
LAYER
  5
2D7BDF
102
{ACAD_XDICTIONARY
360
2D7D27
102
}
330
2D7B3E
100
AcDbSymbolTableRecord
100
AcDbLayerTableRecord
  2
E_PAT_SET
 70
     0
 62
    10
  6
VALS2
370
    -3
390
2D7B4B
347
2D7B5D
348
0
  0
LAYER
  5
2D7BE0
102
{ACAD_XDICTIONARY
360
2D7D29
102
}
330
2D7B3E
100
AcDbSymbolTableRecord
100
AcDbLayerTableRecord
  2
PESCANTE
 70
     0
 62
     7
  6
CONTINUOUS
370
    -3
390
2D7B4B
347
2D7B5D
348
0
  0
ENDTAB
  0
TABLE
  2
STYLE
  5
2D7B3F
330
0
100
AcDbSymbolTable
 70
    24
  0
STYLE
  5
2D7B91
330
2D7B3F
100
AcDbSymbolTableRecord
100
AcDbTextStyleTableRecord
  2
STANDARD
 70
     0
 40
300.0
 41
1.0
 50
0.0
 71
     0
 42
2.5
  3
txt.shx
  4

  0
STYLE
  5
2D7B95
330
2D7B3F
100
AcDbSymbolTableRecord
100
AcDbTextStyleTableRecord
  2
ANNOTATIVE
 70
     0
 40
0.0
 41
1.0
 50
0.0
 71
     0
 42
0.2
  3
txt
  4

1001
ACADANNOTATIVE
1000
AnnotativeData
1002
{
1070
     1
1070
     1
1002
}
  0
STYLE
  5
2D7BB0
330
2D7B3F
100
AcDbSymbolTableRecord
100
AcDbTextStyleTableRecord
  2
ROMANS_PAPEL
 70
     0
 40
2.5
 41
1.0
 50
0.0
 71
     0
 42
2.5
  3
romans.shx
  4

  0
STYLE
  5
2D7BE1
330
2D7B3F
100
AcDbSymbolTableRecord
100
AcDbTextStyleTableRecord
  2
ROMANS
 70
     0
 40
300.0
 41
1.0
 50
0.0
 71
     0
 42
210.0
  3
romans.shx
  4

  0
STYLE
  5
2D7BE2
330
2D7B3F
100
AcDbSymbolTableRecord
100
AcDbTextStyleTableRecord
  2
STYLE
 70
     0
 40
300.0
 41
1.0
 50
0.0
 71
     0
 42
0.3
  3
txt
  4

  0
STYLE
  5
2D7BE3
330
2D7B3F
100
AcDbSymbolTableRecord
100
AcDbTextStyleTableRecord
  2
ROMANS_VICTOR
 70
     0
 40
4.0
 41
1.0
 50
0.0
 71
     0
 42
4.0
  3
romans.shx
  4

  0
STYLE
  5
2D7BE4
330
2D7B3F
100
AcDbSymbolTableRecord
100
AcDbTextStyleTableRecord
  2
ROMANSVICTORCOTAS
 70
     0
 40
30.0
 41
1.0
 50
0.0
 71
     0
 42
4.0
  3
romans.shx
  4

  0
STYLE
  5
2D7BE5
330
2D7B3F
100
AcDbSymbolTableRecord
100
AcDbTextStyleTableRecord
  2
TEXTO-ROTULO
 70
     0
 40
0.0
 41
1.0
 50
0.0
 71
     0
 42
1.128597379510849
  3
romans.shx
  4

  0
STYLE
  5
2D7BE6
330
2D7B3F
100
AcDbSymbolTableRecord
100
AcDbTextStyleTableRecord
  2
1-250
 70
     0
 40
600.0
 41
1.0
 50
0.0
 71
     0
 42
600.0
  3
romans.shx
  4

  0
STYLE
  5
2D7BE7
330
2D7B3F
100
AcDbSymbolTableRecord
100
AcDbTextStyleTableRecord
  2
1-50
 70
     0
 40
175.0
 41
0.7
 50
0.0
 71
     0
 42
123.0
  3
ROMANS.shx
  4

  0
STYLE
  5
2D7BE8
330
2D7B3F
100
AcDbSymbolTableRecord
100
AcDbTextStyleTableRecord
  2
TIMESBD
 70
     0
 40
0.0
 41
0.85
 50
5.0
 71
     0
 42
2.0
  3
txt
  4

  0
STYLE
  5
2D7BE9
330
2D7B3F
100
AcDbSymbolTableRecord
100
AcDbTextStyleTableRecord
  2
TIMES
 70
     0
 40
0.0
 41
0.85
 50
5.0
 71
     0
 42
2.0
  3
txt
  4

  0
STYLE
  5
2D7BEA
330
2D7B3F
100
AcDbSymbolTableRecord
100
AcDbTextStyleTableRecord
  2
ROMAND
 70
     0
 40
300.0
 41
1.0
 50
0.0
 71
     0
 42
2.399999999999999
  3
romand.shx
  4

  0
STYLE
  5
2D7BEB
330
2D7B3F
100
AcDbSymbolTableRecord
100
AcDbTextStyleTableRecord
  2
STYLE1
 70
     0
 40
500.0
 41
1.0
 50
0.0
 71
     0
 42
500.0
  3
romans.shx
  4

  0
STYLE
  5
2D7BEC
330
2D7B3F
100
AcDbSymbolTableRecord
100
AcDbTextStyleTableRecord
  2
1
 70
     0
 40
4.219830033771725
 41
0.7
 50
0.0
 71
     0
 42
0.2
  3
txt
  4

  0
STYLE
  5
2D7BED
330
2D7B3F
100
AcDbSymbolTableRecord
100
AcDbTextStyleTableRecord
  2
1-25__M1000_
 70
     0
 40
62.5
 41
1.0
 50
0.0
 71
     0
 42
480.0
  3
romans.shx
  4

  0
STYLE
  5
2D7BEE
330
2D7B3F
100
AcDbSymbolTableRecord
100
AcDbTextStyleTableRecord
  2
1-10__M1000_
 70
     0
 40
25.0
 41
1.0
 50
0.0
 71
     0
 42
2.5
  3
romans.shx
  4

  0
STYLE
  5
2D7BEF
330
2D7B3F
100
AcDbSymbolTableRecord
100
AcDbTextStyleTableRecord
  2
ESC1-20
 70
     0
 40
45.0
 41
1.0
 50
0.0
 71
     0
 42
50.0
  3
romans.shx
  4

  0
STYLE
  5
2D7BF0
330
2D7B3F
100
AcDbSymbolTableRecord
100
AcDbTextStyleTableRecord
  2
COPIA_1-20
 70
     0
 40
0.055
 41
1.0
 50
0.0
 71
     0
 42
0.6
  3
romans.shx
  4

  0
STYLE
  5
2D7BF1
330
2D7B3F
100
AcDbSymbolTableRecord
100
AcDbTextStyleTableRecord
  2
1-25__M1_
 70
     0
 40
0.063
 41
1.0
 50
0.0
 71
     0
 42
70.0
  3
romans.shx
  4

  0
STYLE
  5
2D7BF2
330
2D7B3F
100
AcDbSymbolTableRecord
100
AcDbTextStyleTableRecord
  2
FECHADOR
 70
     0
 40
0.0
 41
0.75
 50
0.0
 71
     0
 42
1000.0
  3
romans.shx
  4

  0
STYLE
  5
2D7BF3
330
2D7B3F
100
AcDbSymbolTableRecord
100
AcDbTextStyleTableRecord
  2
ARIAL
 70
     0
 40
0.0
 41
0.85
 50
0.0
 71
     0
 42
35.0
  3
txt
  4

  0
STYLE
  5
2D7BF4
330
2D7B3F
100
AcDbSymbolTableRecord
100
AcDbTextStyleTableRecord
  2
1-20
 70
     0
 40
50.0
 41
1.0
 50
0.0
 71
     0
 42
480.0
  3
romans.shx
  4

  0
STYLE
  5
2D7BF5
330
2D7B3F
100
AcDbSymbolTableRecord
100
AcDbTextStyleTableRecord
  2
S_ESC
 70
     0
 40
1.0
 41
1.0
 50
0.0
 71
     0
 42
1.75
  3
romans.shx
  4

  0
ENDTAB
  0
TABLE
  2
VIEW
  5
2D7B42
330
0
100
AcDbSymbolTable
 70
     2
  0
ENDTAB
  0
TABLE
  2
UCS
  5
2D7B43
330
0
100
AcDbSymbolTable
 70
     0
  0
ENDTAB
  0
TABLE
  2
APPID
  5
2D7B45
330
0
100
AcDbSymbolTable
 70
    29
  0
APPID
  5
2D7B92
330
2D7B45
100
AcDbSymbolTableRecord
100
AcDbRegAppTableRecord
  2
ACAD
 70
     0
  0
APPID
  5
2D7B99
330
2D7B45
100
AcDbSymbolTableRecord
100
AcDbRegAppTableRecord
  2
ACADANNOTATIVE
 70
     0
  0
APPID
  5
2D7BF6
330
2D7B45
100
AcDbSymbolTableRecord
100
AcDbRegAppTableRecord
  2
ACAD_PSEXT
 70
     0
  0
APPID
  5
2D7BF7
330
2D7B45
100
AcDbSymbolTableRecord
100
AcDbRegAppTableRecord
  2
ACAD_MLEADERVER
 70
     0
  0
APPID
  5
2D7BF8
330
2D7B45
100
AcDbSymbolTableRecord
100
AcDbRegAppTableRecord
  2
ACAD_EXEMPT_FROM_CAD_STANDARDS
 70
     0
  0
APPID
  5
2D7BF9
330
2D7B45
100
AcDbSymbolTableRecord
100
AcDbRegAppTableRecord
  2
ACAD_DSTYLE_DIMJAG
 70
     0
  0
APPID
  5
2D7BFA
330
2D7B45
100
AcDbSymbolTableRecord
100
AcDbRegAppTableRecord
  2
ACAD_DSTYLE_DIMTALN
 70
     0
  0
APPID
  5
2D7BFB
330
2D7B45
100
AcDbSymbolTableRecord
100
AcDbRegAppTableRecord
  2
ACAECLAYERSTANDARD
 70
     0
  0
APPID
  5
2D7BFC
330
2D7B45
100
AcDbSymbolTableRecord
100
AcDbRegAppTableRecord
  2
ACAD_DSTYLE_DIMBREAK
 70
     0
  0
APPID
  5
2D7BFD
330
2D7B45
100
AcDbSymbolTableRecord
100
AcDbRegAppTableRecord
  2
ACADANNOPO
 70
     0
  0
APPID
  5
2D7BFE
330
2D7B45
100
AcDbSymbolTableRecord
100
AcDbRegAppTableRecord
  2
ACAUTHENVIRON
 70
     0
  0
APPID
  5
2D7BFF
330
2D7B45
100
AcDbSymbolTableRecord
100
AcDbRegAppTableRecord
  2
ACDBDYNAMICBLOCKTRUENAME
 70
     0
  0
APPID
  5
2D7C00
330
2D7B45
100
AcDbSymbolTableRecord
100
AcDbRegAppTableRecord
  2
ACDBDYNAMICBLOCKGUID
 70
     0
  0
APPID
  5
2D7C01
330
2D7B45
100
AcDbSymbolTableRecord
100
AcDbRegAppTableRecord
  2
RAK
 70
     0
  0
APPID
  5
2D7C02
330
2D7B45
100
AcDbSymbolTableRecord
100
AcDbRegAppTableRecord
  2
CONTENTBLOCKICON
 70
     0
  0
APPID
  5
2D7C03
330
2D7B45
100
AcDbSymbolTableRecord
100
AcDbRegAppTableRecord
  2
ACAD_DSTYLE_DIMJOGGED_JOGA
 70
     0
  0
APPID
  5
2D7C04
330
2D7B45
100
AcDbSymbolTableRecord
100
AcDbRegAppTableRecord
  2
ACLAYERTOOLS
 70
     0
  0
APPID
  5
2D7C05
330
2D7B45
100
AcDbSymbolTableRecord
100
AcDbRegAppTableRecord
  2
ACAD_NAV_VCDISPLAY
 70
     0
  0
APPID
  5
2D7C06
330
2D7B45
100
AcDbSymbolTableRecord
100
AcDbRegAppTableRecord
  2
ACADANNOAV
 70
     0
  0
APPID
  5
2D7C07
330
2D7B45
100
AcDbSymbolTableRecord
100
AcDbRegAppTableRecord
  2
ACADANNOMONITORALERTICONDI
 70
     0
  0
APPID
  5
2D7C08
330
2D7B45
100
AcDbSymbolTableRecord
100
AcDbRegAppTableRecord
  2
GRADIENTCOLOR1ACI
 70
     0
  0
APPID
  5
2D7C09
330
2D7B45
100
AcDbSymbolTableRecord
100
AcDbRegAppTableRecord
  2
GRADIENTCOLOR2ACI
 70
     0
  0
APPID
  5
2D7C0A
330
2D7B45
100
AcDbSymbolTableRecord
100
AcDbRegAppTableRecord
  2
ADE
 70
     0
  0
APPID
  5
2D7C0B
330
2D7B45
100
AcDbSymbolTableRecord
100
AcDbRegAppTableRecord
  2
ACCMTRANSPARENCY
 70
     0
  0
APPID
  5
2D7C0C
330
2D7B45
100
AcDbSymbolTableRecord
100
AcDbRegAppTableRecord
  2
ACAD_DSTYLE_DIMEXT_LENGTH
 70
     0
  0
APPID
  5
2D7C0D
330
2D7B45
100
AcDbSymbolTableRecord
100
AcDbRegAppTableRecord
  2
ACAD_DSTYLE_DIM_LINETYPE
 70
     0
  0
APPID
  5
2D7C0E
330
2D7B45
100
AcDbSymbolTableRecord
100
AcDbRegAppTableRecord
  2
ACAD_DSTYLE_DIM_EXT1_LINETYPE
 70
     0
  0
APPID
  5
2D7C0F
330
2D7B45
100
AcDbSymbolTableRecord
100
AcDbRegAppTableRecord
  2
ACAD_DSTYLE_DIM_EXT2_LINETYPE
 70
     0
  0
APPID
  5
2D7C10
330
2D7B45
100
AcDbSymbolTableRecord
100
AcDbRegAppTableRecord
  2
CONTENTBLOCKDESCRIPTION
 70
     0
  0
ENDTAB
  0
TABLE
  2
DIMSTYLE
  5
2D7B46
330
0
100
AcDbSymbolTable
 70
    12
100
AcDbDimStyleTable
 71
     0
  0
DIMSTYLE
105
2D7B93
330
2D7B46
100
AcDbSymbolTableRecord
100
AcDbDimStyleTableRecord
  2
STANDARD
 70
     0
279
     2
340
2D7BB0
  0
DIMSTYLE
105
2D7B94
330
2D7B46
100
AcDbSymbolTableRecord
100
AcDbDimStyleTableRecord
  2
ANNOTATIVE
 70
     0
279
     2
340
2D7BB0
1001
ACADANNOTATIVE
1000
AnnotativeData
1002
{
1070
     1
1070
     1
1002
}
  0
DIMSTYLE
105
2D7C11
330
2D7B46
100
AcDbSymbolTableRecord
100
AcDbDimStyleTableRecord
  2
COTAS_VICTOR
 70
     0
 40
100.0
 41
0.1
 42
0.1
 43
0.0
 44
0.1
 73
     0
 74
     0
 77
     1
140
30.0
141
0.0
147
0.1
172
     1
176
   256
177
   256
178
   256
279
     2
340
2D7BB0
  0
DIMSTYLE
105
2D7C12
330
2D7B46
100
AcDbSymbolTableRecord
100
AcDbDimStyleTableRecord
  2
1-10__M1000_
 70
     0
 41
25.0
 42
25.0
 43
0.0
 44
25.0
 46
12.5
 73
     0
 74
     0
 77
     1
 78
     1
140
62.5
141
0.0
143
0.03937007874016
144
0.001
147
12.5
171
     3
172
     1
176
     1
177
   252
178
     7
279
     2
340
2D7BB0
  0
DIMSTYLE
105
2D7C13
330
2D7B46
100
AcDbSymbolTableRecord
100
AcDbDimStyleTableRecord
  2
COPY_OF_ESC_1-25
 70
     0
 41
0.01
 42
0.0
 43
2000.0
 44
0.0
 73
     0
 74
     0
 77
     1
 78
     1
140
0.055
141
0.0
143
0.03937007874016
147
0.01
171
     3
172
     1
176
   252
177
   251
178
     7
279
     2
340
2D7BB0
  0
DIMSTYLE
105
2D7C14
330
2D7B46
100
AcDbSymbolTableRecord
100
AcDbDimStyleTableRecord
  2
1-250__M1_
 70
     0
 41
0.625
 42
0.625
 43
0.0
 44
0.625
 46
0.313
 73
     0
 74
     0
 77
     1
 78
     1
140
0.063
141
0.0
143
0.03937007874016
147
0.313
171
     3
172
     1
176
     1
177
   252
178
     7
279
     2
340
2D7BB0
  0
DIMSTYLE
105
2D7C15
330
2D7B46
100
AcDbSymbolTableRecord
100
AcDbDimStyleTableRecord
  2
1-25__M1_
 70
     0
 41
0.063
 42
0.063
 43
0.0
 44
0.063
 46
0.031
 73
     0
 74
     0
 77
     1
 78
     1
140
0.063
141
0.0
143
0.03937007874016
147
0.031
171
     3
172
     1
176
     1
177
   252
178
     7
279
     2
340
2D7BB0
  0
DIMSTYLE
105
2D7C16
330
2D7B46
100
AcDbSymbolTableRecord
100
AcDbDimStyleTableRecord
  2
COTA_1-750
 70
     0
  4
OFF
 40
10.0
 41
0.1
 42
0.15
 43
0.0
 44
0.25
 73
     0
 74
     0
 77
     1
 78
     1
140
0.23
141
0.0
144
0.75
172
     1
174
     1
176
     2
177
     1
178
     4
279
     2
340
2D7BB0
  0
DIMSTYLE
105
2D7C17
330
2D7B46
100
AcDbSymbolTableRecord
100
AcDbDimStyleTableRecord
  2
ANOTATIVO
 70
     0
 40
0.0
 41
2.5
 42
0.625
 43
3.75
 44
1.25
 73
     0
 74
     0
 77
     1
 78
     8
140
2.5
141
2.5
143
0.03937007874016
147
0.625
171
     3
172
     1
279
     2
340
2D7BB0
  0
DIMSTYLE
105
2D7C18
330
2D7B46
100
AcDbSymbolTableRecord
100
AcDbDimStyleTableRecord
  2
ISO-25
 70
     0
 41
2.5
 42
0.625
 43
3.75
 44
1.25
 73
     0
 74
     0
 77
     1
 78
     8
140
2.5
141
2.5
143
0.03937007874016
147
0.625
171
     3
172
     1
279
     2
340
2D7BB0
  0
DIMSTYLE
105
2D7C19
330
2D7B46
100
AcDbSymbolTableRecord
100
AcDbDimStyleTableRecord
  2
1-20
 70
     0
 41
25.0
 42
0.0
 43
0.0
 44
0.0
 73
     0
 74
     0
 77
     1
 78
     1
140
50.0
141
0.0
143
0.03937007874016
144
0.001
147
12.5
171
     3
172
     1
176
     8
177
     8
178
     7
279
     2
340
2D7BB0
  0
DIMSTYLE
105
2D7C1A
330
2D7B46
100
AcDbSymbolTableRecord
100
AcDbDimStyleTableRecord
  2
COTA_S-E
 70
     0
 41
0.5
 42
0.188
 43
0.0
 44
0.5
 46
0.094
 73
     0
 74
     0
 77
     1
 78
     1
140
1.0
141
0.0
143
0.03937007874016
147
0.094
171
     3
172
     1
176
     8
177
     1
178
     7
279
     2
340
2D7BB0
  0
ENDTAB
  0
TABLE
  2
BLOCK_RECORD
  5
2D7B3D
330
0
100
AcDbSymbolTable
 70
    84
  0
BLOCK_RECORD
  5
2D7BAB
330
2D7B3D
100
AcDbSymbolTableRecord
100
AcDbBlockTableRecord
  2
*Model_Space
340
2D7BAE
 70
     0
280
     1
281
     0
  0
BLOCK_RECORD
  5
2D7BA7
330
2D7B3D
100
AcDbSymbolTableRecord
100
AcDbBlockTableRecord
  2
*Paper_Space
340
2D7BAA
 70
     0
280
     1
281
     0
  0
BLOCK_RECORD
  5
2D7C1E
330
2D7B3D
100
AcDbSymbolTableRecord
100
AcDbBlockTableRecord
  2
$MODEL_SPACE
340
0
 70
     0
280
     1
281
     0
  0
BLOCK_RECORD
  5
2D7C20
330
2D7B3D
100
AcDbSymbolTableRecord
100
AcDbBlockTableRecord
  2
$PAPER_SPACE
340
0
 70
     0
280
     1
281
     0
  0
BLOCK_RECORD
  5
2D7C22
330
2D7B3D
100
AcDbSymbolTableRecord
100
AcDbBlockTableRecord
  2
_ARCHTICK
340
0
 70
     0
280
     1
281
     0
  0
BLOCK_RECORD
  5
2D7C24
330
2D7B3D
100
AcDbSymbolTableRecord
100
AcDbBlockTableRecord
  2
EIE081
340
0
 70
     0
280
     1
281
     0
  0
BLOCK_RECORD
  5
2D7C26
330
2D7B3D
100
AcDbSymbolTableRecord
100
AcDbBlockTableRecord
  2
ROTULO_04A
340
0
 70
     0
280
     1
281
     0
  0
BLOCK_RECORD
  5
2D7C28
330
2D7B3D
100
AcDbSymbolTableRecord
100
AcDbBlockTableRecord
  2
_OBLIQUE
340
0
102
{BLKREFS
331
2D253D
331
2D253E
331
2D2546
331
2D2547
331
2D254F
331
2D2550
102
}
 70
     0
280
     1
281
     0
  0
BLOCK_RECORD
  5
2D7C2A
330
2D7B3D
100
AcDbSymbolTableRecord
100
AcDbBlockTableRecord
  2
E-RAYO
340
0
 70
     0
280
     1
281
     0
  0
BLOCK_RECORD
  5
2D7C2C
330
2D7B3D
100
AcDbSymbolTableRecord
100
AcDbBlockTableRecord
  2
*U7
340
0
102
{BLKREFS
331
2CAED3
102
}
 70
     0
280
     1
281
     0
  0
BLOCK_RECORD
  5
2D7C2E
330
2D7B3D
100
AcDbSymbolTableRecord
100
AcDbBlockTableRecord
  2
E-BORNE
340
0
 70
     0
280
     1
281
     0
  0
BLOCK_RECORD
  5
2D7C30
330
2D7B3D
100
AcDbSymbolTableRecord
100
AcDbBlockTableRecord
  2
D
340
0
 70
     0
280
     1
281
     0
  0
BLOCK_RECORD
  5
2D7C32
330
2D7B3D
100
AcDbSymbolTableRecord
100
AcDbBlockTableRecord
  2
TADA
340
0
 70
     0
280
     1
281
     0
  0
BLOCK_RECORD
  5
2D7C34
330
2D7B3D
100
AcDbSymbolTableRecord
100
AcDbBlockTableRecord
  2
DSD
340
0
 70
     0
280
     1
281
     0
  0
BLOCK_RECORD
  5
2D7C36
330
2D7B3D
100
AcDbSymbolTableRecord
100
AcDbBlockTableRecord
  2
D22
340
0
 70
     0
280
     1
281
     0
  0
BLOCK_RECORD
  5
2D7C38
330
2D7B3D
100
AcDbSymbolTableRecord
100
AcDbBlockTableRecord
  2
TAC
340
0
102
{BLKREFS
331
2D1408
331
2D140B
331
2D140E
331
2D1411
331
2D1414
102
}
 70
     0
280
     1
281
     0
  0
BLOCK_RECORD
  5
2D7C3A
330
2D7B3D
100
AcDbSymbolTableRecord
100
AcDbBlockTableRecord
  2
TM_TETRA
340
0
 70
     0
280
     1
281
     0
  0
BLOCK_RECORD
  5
2D7C3C
330
2D7B3D
100
AcDbSymbolTableRecord
100
AcDbBlockTableRecord
  2
TM_TETRA_VISTA
340
0
 70
     0
280
     1
281
     0
  0
BLOCK_RECORD
  5
2D7C3E
330
2D7B3D
100
AcDbSymbolTableRecord
100
AcDbBlockTableRecord
  2
ID_TETRA_VISTA
340
0
 70
     0
280
     1
281
     0
  0
BLOCK_RECORD
  5
2D7C40
330
2D7B3D
100
AcDbSymbolTableRecord
100
AcDbBlockTableRecord
  2
ID_BIP_VISTA
340
0
 70
     0
280
     1
281
     0
  0
BLOCK_RECORD
  5
2D7C42
330
2D7B3D
100
AcDbSymbolTableRecord
100
AcDbBlockTableRecord
  2
TM_BIP_VISTA
340
0
 70
     0
280
     1
281
     0
  0
BLOCK_RECORD
  5
2D7C44
330
2D7B3D
100
AcDbSymbolTableRecord
100
AcDbBlockTableRecord
  2
RELE_BIP_2
340
0
 70
     0
280
     1
281
     0
  0
BLOCK_RECORD
  5
2D7C46
330
2D7B3D
100
AcDbSymbolTableRecord
100
AcDbBlockTableRecord
  2
SECCIONADORA_FTE
340
0
 70
     0
280
     1
281
     0
  0
BLOCK_RECORD
  5
2D7C48
330
2D7B3D
100
AcDbSymbolTableRecord
100
AcDbBlockTableRecord
  2
TRAFO_FTE
340
0
 70
     0
280
     1
281
     0
  0
BLOCK_RECORD
  5
2D7C4A
330
2D7B3D
100
AcDbSymbolTableRecord
100
AcDbBlockTableRecord
  2
SECCIONADORA_FTE_2
340
0
 70
     0
280
     1
281
     0
  0
BLOCK_RECORD
  5
2D7C4C
330
2D7B3D
100
AcDbSymbolTableRecord
100
AcDbBlockTableRecord
  2
*D23
340
0
 70
     0
280
     1
281
     0
  0
BLOCK_RECORD
  5
2D7C4E
330
2D7B3D
100
AcDbSymbolTableRecord
100
AcDbBlockTableRecord
  2
*U24
340
0
102
{BLKREFS
331
2D253F
102
}
 70
     0
280
     1
281
     0
  0
BLOCK_RECORD
  5
2D7C50
330
2D7B3D
100
AcDbSymbolTableRecord
100
AcDbBlockTableRecord
  2
*D25
340
0
 70
     0
280
     1
281
     0
  0
BLOCK_RECORD
  5
2D7C52
330
2D7B3D
100
AcDbSymbolTableRecord
100
AcDbBlockTableRecord
  2
*U26
340
0
102
{BLKREFS
331
2D2548
102
}
 70
     0
280
     1
281
     0
  0
BLOCK_RECORD
  5
2D7C54
330
2D7B3D
100
AcDbSymbolTableRecord
100
AcDbBlockTableRecord
  2
*D27
340
0
 70
     0
280
     1
281
     0
  0
BLOCK_RECORD
  5
2D7C56
330
2D7B3D
100
AcDbSymbolTableRecord
100
AcDbBlockTableRecord
  2
*U28
340
0
102
{BLKREFS
331
2D2551
102
}
 70
     0
280
     1
281
     0
  0
BLOCK_RECORD
  5
2D7C58
330
2D7B3D
100
AcDbSymbolTableRecord
100
AcDbBlockTableRecord
  2
CCU_ROTULO_LUJAN
340
0
102
{BLKREFS
331
2D24BF
102
}
 70
     0
280
     1
281
     0
  0
BLOCK_RECORD
  5
2D7C5A
330
2D7B3D
100
AcDbSymbolTableRecord
100
AcDbBlockTableRecord
  2
*U30
340
0
102
{BLKREFS
331
2CBF1B
102
}
 70
     0
280
     1
281
     0
  0
BLOCK_RECORD
  5
2D7C5C
330
2D7B3D
100
AcDbSymbolTableRecord
100
AcDbBlockTableRecord
  2
COTA_ARQ
340
0
 70
     0
280
     1
281
     0
  0
BLOCK_RECORD
  5
2D7C5E
330
2D7B3D
100
AcDbSymbolTableRecord
100
AcDbBlockTableRecord
  2
B150CORT
340
0
 70
     0
280
     1
281
     0
  0
BLOCK_RECORD
  5
2D7C60
330
2D7B3D
100
AcDbSymbolTableRecord
100
AcDbBlockTableRecord
  2
A$C0C0E24A4
340
0
 70
     0
280
     1
281
     0
  0
BLOCK_RECORD
  5
2D7C62
330
2D7B3D
100
AcDbSymbolTableRecord
100
AcDbBlockTableRecord
  2
INTERRUPTOR_DIFERENCIAL
340
0
102
{BLKREFS
331
2D2742
102
}
 70
     0
280
     1
281
     0
  0
BLOCK_RECORD
  5
2D7C64
330
2D7B3D
100
AcDbSymbolTableRecord
100
AcDbBlockTableRecord
  2
*U35
340
0
102
{BLKREFS
331
2C43E8
102
}
 70
     0
280
     1
281
     0
  0
BLOCK_RECORD
  5
2D7C66
330
2D7B3D
100
AcDbSymbolTableRecord
100
AcDbBlockTableRecord
  2
*U36
340
0
102
{BLKREFS
331
2C882D
102
}
 70
     0
280
     1
281
     0
  0
BLOCK_RECORD
  5
2D7C68
330
2D7B3D
100
AcDbSymbolTableRecord
100
AcDbBlockTableRecord
  2
*U37
340
0
102
{BLKREFS
331
2C882E
102
}
 70
     0
280
     1
281
     0
  0
BLOCK_RECORD
  5
2D7C6A
330
2D7B3D
100
AcDbSymbolTableRecord
100
AcDbBlockTableRecord
  2
*U38
340
0
102
{BLKREFS
331
2C882F
102
}
 70
     0
280
     1
281
     0
  0
BLOCK_RECORD
  5
2D7C6C
330
2D7B3D
100
AcDbSymbolTableRecord
100
AcDbBlockTableRecord
  2
*U39
340
0
102
{BLKREFS
331
2C883B
102
}
 70
     0
280
     1
281
     0
  0
BLOCK_RECORD
  5
2D7C6E
330
2D7B3D
100
AcDbSymbolTableRecord
100
AcDbBlockTableRecord
  2
*U40
340
0
102
{BLKREFS
331
2C9168
102
}
 70
     0
280
     1
281
     0
  0
BLOCK_RECORD
  5
2D7C70
330
2D7B3D
100
AcDbSymbolTableRecord
100
AcDbBlockTableRecord
  2
*U41
340
0
102
{BLKREFS
331
2C916A
102
}
 70
     0
280
     1
281
     0
  0
BLOCK_RECORD
  5
2D7C72
330
2D7B3D
100
AcDbSymbolTableRecord
100
AcDbBlockTableRecord
  2
*U42
340
0
102
{BLKREFS
331
2C9172
102
}
 70
     0
280
     1
281
     0
  0
BLOCK_RECORD
  5
2D7C74
330
2D7B3D
100
AcDbSymbolTableRecord
100
AcDbBlockTableRecord
  2
*U43
340
0
102
{BLKREFS
331
2C9173
102
}
 70
     0
280
     1
281
     0
  0
BLOCK_RECORD
  5
2D7C76
330
2D7B3D
100
AcDbSymbolTableRecord
100
AcDbBlockTableRecord
  2
*U44
340
0
102
{BLKREFS
331
2C9174
102
}
 70
     0
280
     1
281
     0
  0
BLOCK_RECORD
  5
2D7C78
330
2D7B3D
100
AcDbSymbolTableRecord
100
AcDbBlockTableRecord
  2
*U45
340
0
102
{BLKREFS
331
2C9AB2
102
}
 70
     0
280
     1
281
     0
  0
BLOCK_RECORD
  5
2D7C7A
330
2D7B3D
100
AcDbSymbolTableRecord
100
AcDbBlockTableRecord
  2
*U46
340
0
102
{BLKREFS
331
2C9EC4
102
}
 70
     0
280
     1
281
     0
  0
BLOCK_RECORD
  5
2D7C7C
330
2D7B3D
100
AcDbSymbolTableRecord
100
AcDbBlockTableRecord
  2
*U47
340
0
102
{BLKREFS
331
2CA946
102
}
 70
     0
280
     1
281
     0
  0
BLOCK_RECORD
  5
2D7C7E
330
2D7B3D
100
AcDbSymbolTableRecord
100
AcDbBlockTableRecord
  2
*U48
340
0
102
{BLKREFS
331
2CA947
102
}
 70
     0
280
     1
281
     0
  0
BLOCK_RECORD
  5
2D7C80
330
2D7B3D
100
AcDbSymbolTableRecord
100
AcDbBlockTableRecord
  2
*U49
340
0
102
{BLKREFS
331
2CA94B
102
}
 70
     0
280
     1
281
     0
  0
BLOCK_RECORD
  5
2D7C82
330
2D7B3D
100
AcDbSymbolTableRecord
100
AcDbBlockTableRecord
  2
*U50
340
0
102
{BLKREFS
331
2CA94C
102
}
 70
     0
280
     1
281
     0
  0
BLOCK_RECORD
  5
2D7C84
330
2D7B3D
100
AcDbSymbolTableRecord
100
AcDbBlockTableRecord
  2
*U51
340
0
102
{BLKREFS
331
2CA94D
102
}
 70
     0
280
     1
281
     0
  0
BLOCK_RECORD
  5
2D7C86
330
2D7B3D
100
AcDbSymbolTableRecord
100
AcDbBlockTableRecord
  2
*U52
340
0
102
{BLKREFS
331
2CA952
102
}
 70
     0
280
     1
281
     0
  0
BLOCK_RECORD
  5
2D7C88
330
2D7B3D
100
AcDbSymbolTableRecord
100
AcDbBlockTableRecord
  2
*U53
340
0
102
{BLKREFS
331
2CA953
102
}
 70
     0
280
     1
281
     0
  0
BLOCK_RECORD
  5
2D7C8A
330
2D7B3D
100
AcDbSymbolTableRecord
100
AcDbBlockTableRecord
  2
*U54
340
0
102
{BLKREFS
331
2CA95A
102
}
 70
     0
280
     1
281
     0
  0
BLOCK_RECORD
  5
2D7C8C
330
2D7B3D
100
AcDbSymbolTableRecord
100
AcDbBlockTableRecord
  2
*U55
340
0
102
{BLKREFS
331
2CA95B
102
}
 70
     0
280
     1
281
     0
  0
BLOCK_RECORD
  5
2D7C8E
330
2D7B3D
100
AcDbSymbolTableRecord
100
AcDbBlockTableRecord
  2
*U56
340
0
102
{BLKREFS
331
2CA95D
102
}
 70
     0
280
     1
281
     0
  0
BLOCK_RECORD
  5
2D7C90
330
2D7B3D
100
AcDbSymbolTableRecord
100
AcDbBlockTableRecord
  2
*U57
340
0
102
{BLKREFS
331
2CA95F
102
}
 70
     0
280
     1
281
     0
  0
BLOCK_RECORD
  5
2D7C92
330
2D7B3D
100
AcDbSymbolTableRecord
100
AcDbBlockTableRecord
  2
*U58
340
0
102
{BLKREFS
331
2CA964
102
}
 70
     0
280
     1
281
     0
  0
BLOCK_RECORD
  5
2D7C94
330
2D7B3D
100
AcDbSymbolTableRecord
100
AcDbBlockTableRecord
  2
*U59
340
0
102
{BLKREFS
331
2CA965
102
}
 70
     0
280
     1
281
     0
  0
BLOCK_RECORD
  5
2D7C96
330
2D7B3D
100
AcDbSymbolTableRecord
100
AcDbBlockTableRecord
  2
*U60
340
0
102
{BLKREFS
331
2CA966
102
}
 70
     0
280
     1
281
     0
  0
BLOCK_RECORD
  5
2D7C98
330
2D7B3D
100
AcDbSymbolTableRecord
100
AcDbBlockTableRecord
  2
*U61
340
0
 70
     0
280
     1
281
     0
  0
BLOCK_RECORD
  5
2D7C9A
330
2D7B3D
100
AcDbSymbolTableRecord
100
AcDbBlockTableRecord
  2
*U62
340
0
 70
     0
280
     1
281
     0
  0
BLOCK_RECORD
  5
2D7C9C
330
2D7B3D
100
AcDbSymbolTableRecord
100
AcDbBlockTableRecord
  2
*U63
340
0
 70
     0
280
     1
281
     0
  0
BLOCK_RECORD
  5
2D7C9E
330
2D7B3D
100
AcDbSymbolTableRecord
100
AcDbBlockTableRecord
  2
*U64
340
0
 70
     0
280
     1
281
     0
  0
BLOCK_RECORD
  5
2D7CA0
330
2D7B3D
100
AcDbSymbolTableRecord
100
AcDbBlockTableRecord
  2
*U65
340
0
 70
     0
280
     1
281
     0
  0
BLOCK_RECORD
  5
2D7CA2
330
2D7B3D
100
AcDbSymbolTableRecord
100
AcDbBlockTableRecord
  2
*U66
340
0
 70
     0
280
     1
281
     0
  0
BLOCK_RECORD
  5
2D7CA4
330
2D7B3D
100
AcDbSymbolTableRecord
100
AcDbBlockTableRecord
  2
*U67
340
0
 70
     0
280
     1
281
     0
  0
BLOCK_RECORD
  5
2D7CA6
330
2D7B3D
100
AcDbSymbolTableRecord
100
AcDbBlockTableRecord
  2
*X68
340
0
 70
     0
280
     1
281
     0
  0
BLOCK_RECORD
  5
2D7CA8
330
2D7B3D
100
AcDbSymbolTableRecord
100
AcDbBlockTableRecord
  2
*X69
340
0
 70
     0
280
     1
281
     0
  0
BLOCK_RECORD
  5
2D7CAA
330
2D7B3D
100
AcDbSymbolTableRecord
100
AcDbBlockTableRecord
  2
*X70
340
0
 70
     0
280
     1
281
     0
  0
BLOCK_RECORD
  5
2D7CAC
330
2D7B3D
100
AcDbSymbolTableRecord
100
AcDbBlockTableRecord
  2
*X71
340
0
 70
     0
280
     1
281
     0
  0
BLOCK_RECORD
  5
2D7CAE
330
2D7B3D
100
AcDbSymbolTableRecord
100
AcDbBlockTableRecord
  2
*U72
340
0
 70
     0
280
     1
281
     0
  0
BLOCK_RECORD
  5
2D7CB0
330
2D7B3D
100
AcDbSymbolTableRecord
100
AcDbBlockTableRecord
  2
*U73
340
0
 70
     0
280
     1
281
     0
  0
BLOCK_RECORD
  5
2D7CB2
330
2D7B3D
100
AcDbSymbolTableRecord
100
AcDbBlockTableRecord
  2
*U74
340
0
 70
     0
280
     1
281
     0
  0
BLOCK_RECORD
  5
2D7CB4
330
2D7B3D
100
AcDbSymbolTableRecord
100
AcDbBlockTableRecord
  2
*U75
340
0
 70
     0
280
     1
281
     0
  0
BLOCK_RECORD
  5
2D7CB6
330
2D7B3D
100
AcDbSymbolTableRecord
100
AcDbBlockTableRecord
  2
*U76
340
0
 70
     0
280
     1
281
     0
  0
BLOCK_RECORD
  5
2D7CB8
330
2D7B3D
100
AcDbSymbolTableRecord
100
AcDbBlockTableRecord
  2
*U77
340
0
 70
     0
280
     1
281
     0
  0
BLOCK_RECORD
  5
2D7CBA
330
2D7B3D
100
AcDbSymbolTableRecord
100
AcDbBlockTableRecord
  2
*U78
340
0
 70
     0
280
     1
281
     0
  0
BLOCK_RECORD
  5
2D7CBC
330
2D7B3D
100
AcDbSymbolTableRecord
100
AcDbBlockTableRecord
  2
*X79
340
0
 70
     0
280
     1
281
     0
  0
BLOCK_RECORD
  5
2D7CBE
330
2D7B3D
100
AcDbSymbolTableRecord
100
AcDbBlockTableRecord
  2
*X80
340
0
 70
     0
280
     1
281
     0
  0
BLOCK_RECORD
  5
2D7CC0
330
2D7B3D
100
AcDbSymbolTableRecord
100
AcDbBlockTableRecord
  2
*U81
340
0
 70
     0
280
     1
281
     0
  0
BLOCK_RECORD
  5
2D7CC2
330
2D7B3D
100
AcDbSymbolTableRecord
100
AcDbBlockTableRecord
  2
*U82
340
0
 70
     0
280
     1
281
     0
  0
BLOCK_RECORD
  5
2D7CC4
330
2D7B3D
100
AcDbSymbolTableRecord
100
AcDbBlockTableRecord
  2
*U83
340
0
102
{BLKREFS
331
2D26AC
102
}
 70
     0
280
     1
281
     0
  0
ENDTAB
  0
ENDSEC
  0
SECTION
  2
BLOCKS
  0
BLOCK
  5
2D7BAC
330
2D7BAB
100
AcDbEntity
  8
0
100
AcDbBlockBegin
  2
*Model_Space
 70
     0
 10
0.0
 20
0.0
 30
0.0
  3
*Model_Space
  1

  0
ENDBLK
  5
2D7BAD
330
2D7BAB
100
AcDbEntity
  8
0
100
AcDbBlockEnd
  0
BLOCK
  5
2D7BA8
330
2D7BA7
100
AcDbEntity
 67
     1
  8
0
100
AcDbBlockBegin
  2
*Paper_Space
 70
     0
 10
0.0
 20
0.0
 30
0.0
  3
*Paper_Space
  1

  0
ENDBLK
  5
2D7BA9
330
2D7BA7
100
AcDbEntity
 67
     1
  8
0
100
AcDbBlockEnd
  0
BLOCK
  5
2D7C1F
330
2D7C1E
100
AcDbEntity
  8
0
100
AcDbBlockBegin
  2
$MODEL_SPACE
 70
     0
 10
0.0
 20
0.0
 30
0.0
  3
$MODEL_SPACE
  1

  0
ENDBLK
  5
2D4636
330
2D7C1E
100
AcDbEntity
  8
0
100
AcDbBlockEnd
  0
BLOCK
  5
2D7C21
330
2D7C20
100
AcDbEntity
  8
0
100
AcDbBlockBegin
  2
$PAPER_SPACE
 70
     0
 10
0.0
 20
0.0
 30
0.0
  3
$PAPER_SPACE
  1

  0
ENDBLK
  5
2D4632
330
2D7C20
100
AcDbEntity
  8
0
100
AcDbBlockEnd
  0
BLOCK
  5
2D7C23
330
2D7C22
100
AcDbEntity
  8
0
100
AcDbBlockBegin
  2
_ARCHTICK
 70
     0
 10
0.0
 20
0.0
 30
0.0
  3
_ARCHTICK
  1

  0
LWPOLYLINE
  5
73
330
2D7C22
100
AcDbEntity
  8
0
  6
ByBlock
 62
     0
100
AcDbPolyline
 90
        2
 70
     0
 43
0.15
 10
-0.5
 20
-0.5
 10
0.5
 20
0.5
  0
ENDBLK
  5
74
330
2D7C22
100
AcDbEntity
  8
0
100
AcDbBlockEnd
  0
BLOCK
  5
2D7C25
330
2D7C24
100
AcDbEntity
  8
0
 62
     0
100
AcDbBlockBegin
  2
EIE081
 70
     0
 10
0.0
 20
0.0
 30
0.0
  3
EIE081
  1
EIE081
  0
LINE
  5
2BEE11
330
2D7C24
100
AcDbEntity
  8
0
  6
ByBlock
 62
     0
100
AcDbLine
 10
-1.41421356237309
 20
-3.414213562373106
 30
0.0
 11
1.41421356237309
 21
-0.5857864376268937
 31
0.0
  0
LINE
  5
2BEE12
330
2D7C24
100
AcDbEntity
  8
0
  6
ByBlock
 62
     0
100
AcDbLine
 10
-1.41421356237309
 20
-2.414213562373106
 30
0.0
 11
1.41421356237309
 21
0.4142135623731066
 31
0.0
  0
LINE
  5
2BEE13
330
2D7C24
100
AcDbEntity
  8
0
  6
ByBlock
 62
     0
100
AcDbLine
 10
-1.41421356237309
 20
-1.414213562373102
 30
0.0
 11
1.41421356237309
 21
1.414213562373102
 31
0.0
  0
LINE
  5
2BEE17
330
2D7C24
100
AcDbEntity
  8
0
  6
ByBlock
 62
     0
100
AcDbLine
 10
-1.41421356237309
 20
-4.414213562373104
 30
0.0
 11
0.0
 21
-3.0
 31
0.0
  0
ENDBLK
  5
289180
330
2D7C24
100
AcDbEntity
  8
0
 62
     0
100
AcDbBlockEnd
  0
BLOCK
  5
2D7C27
330
2D7C26
100
AcDbEntity
  8
0
100
AcDbBlockBegin
  2
ROTULO_04A
 70
     2
 10
0.0
 20
0.0
 30
0.0
  3
ROTULO_04A
  1

  0
ATTDEF
  5
2CAA95
330
2D7C26
100
AcDbEntity
  8
0
 62
     5
100
AcDbText
 10
-61.96008253982851
 20
11.33789895908853
 30
0.0
 40
5.0
  1
.
 41
0.75
  7
TEXTO-ROTULO
 72
     1
 11
-61.06722539697137
 21
11.33789895908853
 31
0.0
100
AcDbAttributeDefinition
280
     0
  3
titulo1
  2
TITULO1
 70
     0
280
     0
  0
ATTDEF
  5
2CAA96
330
2D7C26
100
AcDbEntity
  8
0
 62
     5
100
AcDbText
 10
-61.96008253982851
 20
3.421578805919947
 30
0.0
 40
5.0
  1
.
 41
0.75
  7
TEXTO-ROTULO
 72
     1
 11
-61.06722539697137
 21
3.421578805919947
 31
0.0
100
AcDbAttributeDefinition
280
     0
  3
titulo2
  2
TITULO2
 70
     0
280
     0
  0
ATTDEF
  5
2CAA97
330
2D7C26
100
AcDbEntity
  8
0
 62
     5
100
AcDbText
 10
-9.495796825542681
 20
2.600000000000022
 30
0.0
 40
10.0
  1
A
 41
0.8
  7
TEXTO-ROTULO
 72
     4
 11
-6.067225396971252
 21
7.600000000000022
 31
0.0
100
AcDbAttributeDefinition
280
     0
  3
REVICION:
  2
R
 70
     0
280
     0
  0
ATTDEF
  5
2CAA98
330
2D7C26
100
AcDbEntity
  8
0
 62
     2
100
AcDbText
 10
-162.3318779804279
 20
31.50000000000015
 30
0.0
 40
2.0
  1
.
 41
0.8
  7
TEXTO-ROTULO
100
AcDbAttributeDefinition
280
     0
  3
PROYECTO:
  2
PROY
 70
     0
280
     0
  0
ATTDEF
  5
2CAA99
330
2D7C26
100
AcDbEntity
  8
0
 62
     1
100
AcDbText
 10
-132.3095238095238
 20
31.50000000000017
 30
0.0
 40
2.0
  1
.
 41
0.65
  7
TEXTO-ROTULO
 72
     1
 11
-132.0
 21
31.50000000000017
 31
0.0
100
AcDbAttributeDefinition
280
     0
  3
fecha- proyecto
  2
F_PROY
 70
     0
280
     0
  0
ATTDEF
  5
2CAA9A
330
2D7C26
100
AcDbEntity
  8
0
 62
     2
100
AcDbText
 10
-162.3318779804279
 20
26.50000000000011
 30
0.0
 40
2.0
  1
.
 41
0.8
  7
TEXTO-ROTULO
100
AcDbAttributeDefinition
280
     0
  3
DIBUJO:
  2
DIBU
 70
     0
280
     0
  0
LINE
  5
2CAA9B
330
2D7C26
100
AcDbEntity
  8
0
 62
     1
100
AcDbLine
 10
-175.0
 20
25.00000000000009
 30
0.0
 11
-110.0
 21
25.00000000000009
 31
0.0
  0
ATTDEF
  5
2CAA9C
330
2D7C26
100
AcDbEntity
  8
0
 62
     1
100
AcDbText
 10
-132.3095238095238
 20
26.50000000000015
 30
0.0
 40
2.0
  1
.
 41
0.65
  7
TEXTO-ROTULO
 72
     1
 11
-132.0
 21
26.50000000000015
 31
0.0
100
AcDbAttributeDefinition
280
     0
  3
fecha-dibujo
  2
F_DIBU
 70
     0
280
     0
  0
ATTDEF
  5
2CAA9D
330
2D7C26
100
AcDbEntity
  8
0
 62
     2
100
AcDbText
 10
-162.3318779804279
 20
21.50000000000011
 30
0.0
 40
2.0
  1
.
 41
0.8
  7
TEXTO-ROTULO
100
AcDbAttributeDefinition
280
     0
  3
aprobo:
  2
APRO
 70
     0
280
     0
  0
ATTDEF
  5
2CAA9E
330
2D7C26
100
AcDbEntity
  8
0
 62
     1
100
AcDbText
 10
-132.3095238095238
 20
21.50000000000014
 30
0.0
 40
2.0
  1
.
 41
0.65
  7
TEXTO-ROTULO
 72
     1
 11
-132.0
 21
21.50000000000014
 31
0.0
100
AcDbAttributeDefinition
280
     0
  3
fecha-aprobacion
  2
F_APRO
 70
     0
280
     0
  0
LINE
  5
2CAA9F
330
2D7C26
100
AcDbEntity
  8
0
 62
     6
100
AcDbLine
 10
-175.0
 20
40.00000000000009
 30
0.0
 11
0.0
 21
40.00000000000009
 31
0.0
  0
LINE
  5
2CAAA0
330
2D7C26
100
AcDbEntity
  8
0
 62
     6
100
AcDbLine
 10
-175.0
 20
0.0
 30
0.0
 11
0.0
 21
0.0
 31
0.0
  0
LINE
  5
2CAAA1
330
2D7C26
100
AcDbEntity
  8
0
 62
     6
100
AcDbLine
 10
-175.0
 20
0.0
 30
0.0
 11
-175.0
 21
40.00000000000009
 31
0.0
  0
LINE
  5
2CAAA2
330
2D7C26
100
AcDbEntity
  8
0
 62
     2
100
AcDbLine
 10
-175.0
 20
35.0000000000001
 30
0.0
 11
-110.0
 21
35.0000000000001
 31
0.0
  0
LINE
  5
2CAAA3
330
2D7C26
100
AcDbEntity
  8
0
 62
     1
100
AcDbLine
 10
-175.0
 20
30.00000000000011
 30
0.0
 11
-110.0
 21
30.00000000000011
 31
0.0
  0
TEXT
  5
2CAAA4
330
2D7C26
100
AcDbEntity
  8
0
 62
     1
100
AcDbText
 10
-174.3939267185262
 20
26.50000000000011
 30
0.0
 40
2.0
  1
DISEÑO
 41
0.7
  7
TEXTO-ROTULO
100
AcDbText
  0
TEXT
  5
2CAAA5
330
2D7C26
100
AcDbEntity
  8
0
 62
     1
100
AcDbText
 10
-174.3939267185262
 20
21.50000000000011
 30
0.0
 40
2.0
  1
APROBO
 41
0.7
  7
TEXTO-ROTULO
100
AcDbText
  0
TEXT
  5
2CAAA6
330
2D7C26
100
AcDbEntity
  8
0
 62
     1
100
AcDbText
 10
-174.3939267185262
 20
31.50000000000015
 30
0.0
 40
2.0
  1
PROYECTO
 41
0.7
  7
TEXTO-ROTULO
100
AcDbText
  0
LWPOLYLINE
  5
2CAAA7
330
2D7C26
100
AcDbEntity
  8
0
 62
     8
100
AcDbPolyline
 90
       63
 70
     0
 43
0.0
 10
-85.33057019620537
 20
22.84010375369021
 10
-85.52227616742561
 20
22.84010375369021
 10
-85.70115703431952
 20
22.92526915236094
 10
-85.84390966614661
 20
22.97422249177598
 10
-85.93972073964961
 20
23.11697512360996
 10
-86.08247337147918
 20
23.21278619715402
 10
-86.17828444498218
 20
23.35553882896369
 10
-86.27417934269919
 20
23.50038706601079
 10
-86.27417934269919
 20
23.7261256670443
 10
-86.31248700725675
 20
23.77725843593052
 10
-86.31248700725675
 20
23.87306950940169
 10
-86.27417934269919
 20
23.91783163829331
 10
-86.22732160858687
 20
24.01364271176446
 10
-86.17828444498218
 20
24.06477548065069
 10
-86.08247337147918
 20
24.10953760944511
 10
-86.03561563736684
 20
24.16067037835566
 10
-85.93972073964961
 20
24.24374017181327
 10
-85.84390966614661
 20
24.24374017181327
 10
-85.74801476842957
 20
24.24374017181327
 10
-85.70115703431952
 20
24.24374017181327
 10
-85.61389603036579
 20
24.24374017181327
 10
-85.56913390153727
 20
24.24374017181327
 10
-85.47323900382094
 20
24.2905979058451
 10
-85.52227616742561
 20
24.19470300814015
 10
-85.56913390153727
 20
24.16067037835566
 10
-85.65220369492569
 20
24.10953760944511
 10
-85.65220369492569
 20
24.06477548065069
 10
-85.70115703431952
 20
24.01364271176446
 10
-85.70115703431952
 20
23.87306950940169
 10
-85.61389603036579
 20
23.87306950940169
 10
-85.52227616742561
 20
23.87306950940169
 10
-85.37533232503326
 20
23.91783163829331
 10
-85.27943742731848
 20
23.91783163829331
 10
-85.13886422498442
 20
23.96896440717954
 10
-85.04305315147917
 20
23.91783163829331
 10
-84.90885058920367
 20
23.87306950940169
 10
-84.86199285509222
 20
23.77725843593052
 10
-84.95780392859751
 20
23.63031459350024
 10
-84.99192038259229
 20
23.63031459350024
 10
-85.04305315147917
 20
23.58345685946841
 10
-85.08773145609826
 20
23.58345685946841
 10
-85.18362635381322
 20
23.54724480013981
 10
-85.2347591226994
 20
23.54724480013981
 10
-85.33057019620537
 20
23.54724480013981
 10
-85.37533232503326
 20
23.54724480013981
 10
-85.47323900382094
 20
23.35553882896369
 10
-85.42638126970834
 20
23.25754832594844
 10
-85.42638126970834
 20
23.21278619715402
 10
-85.33057019620537
 20
23.16165342824348
 10
-85.27943742731848
 20
23.16165342824348
 10
-85.18362635381322
 20
23.16165342824348
 10
-85.13886422498442
 20
23.16165342824348
 10
-85.04305315147917
 20
23.16165342824348
 10
-84.99192038259229
 20
23.16165342824348
 10
-84.90885058920367
 20
23.16165342824348
 10
-84.95780392859751
 20
23.07011738948093
 10
-84.99192038259229
 20
23.021080225905
 10
-85.04305315147917
 20
22.97422249177598
 10
-85.13886422498442
 20
22.92526915236094
 10
-85.18362635381322
 20
22.89115269841555
 10
-85.2347591226994
 20
22.84010375369021
 10
-85.27943742731848
 20
22.84010375369021
 10
-85.33057019620537
 20
22.84010375369021
  0
LWPOLYLINE
  5
2CAAA8
330
2D7C26
100
AcDbEntity
  8
0
 62
     8
100
AcDbPolyline
 90
       25
 70
     0
 43
0.0
 10
-86.31248700725675
 20
30.60373455500525
 10
-86.45306020959083
 20
30.68889995370029
 10
-86.54895510730783
 20
30.78479485138094
 10
-86.64686178609555
 20
30.92536805374371
 10
-86.69589894970021
 20
31.11707402489553
 10
-86.74275668381026
 20
31.26401786732583
 10
-86.79171002320414
 20
31.39394539483956
 10
-86.79171002320414
 20
31.58565136606429
 10
-86.74275668381026
 20
31.7773573372404
 10
-86.69589894970021
 20
31.7773573372404
 10
-86.64686178609555
 20
31.87316841078446
 10
-86.60000405198321
 20
31.92430117967069
 10
-86.50419297847999
 20
32.00737097305542
 10
-86.45306020959083
 20
32.05422870716015
 10
-86.31248700725675
 20
32.15012360486509
 10
-86.22732160858687
 20
32.19480190952291
 10
-86.08247337147918
 20
32.29069680722787
 10
-86.13142671087279
 20
32.05422870716015
 10
-86.13142671087279
 20
31.82849010612665
 10
-86.17828444498218
 20
31.58565136606429
 10
-86.17828444498218
 20
31.39394539483956
 10
-86.22732160858687
 20
31.11707402489553
 10
-86.22732160858687
 20
30.92536805374371
 10
-86.27417934269919
 20
30.73793711727621
 10
-86.31248700725675
 20
30.60373455500525
  0
LWPOLYLINE
  5
2CAAA9
330
2D7C26
100
AcDbEntity
  8
0
 62
     8
100
AcDbPolyline
 90
       35
 70
     0
 43
0.0
 10
-84.76609795737726
 20
33.61126343189332
 10
-84.81295569148731
 20
33.61126343189332
 10
-84.81295569148731
 20
33.65812116599804
 10
-84.86199285509222
 20
33.70707450534017
 10
-84.86199285509222
 20
33.80296940304513
 10
-84.90885058920367
 20
33.80296940304513
 10
-84.90885058920367
 20
33.88603919650275
 10
-84.90885058920367
 20
33.9328969306318
 10
-84.90885058920367
 20
34.02870800407864
 10
-86.31248700725675
 20
33.84982713717417
 10
-86.31248700725675
 20
33.9328969306318
 10
-86.22732160858687
 20
34.02870800407864
 10
-86.08247337147918
 20
34.12460290178359
 10
-85.93972073964961
 20
34.22041397532766
 10
-85.84390966614661
 20
34.2715467442139
 10
-85.70115703431952
 20
34.41211994657667
 10
-85.61389603036579
 20
34.51011044949473
 10
-85.56913390153727
 20
34.73802847999944
 10
-85.56913390153727
 20
34.64213358229449
 10
-85.47323900382094
 20
34.59318024295234
 10
-85.42638126970834
 20
34.51011044949473
 10
-85.33057019620537
 20
34.46325271539001
 10
-85.27943742731848
 20
34.36735781768506
 10
-85.18362635381322
 20
34.31630887303261
 10
-85.04305315147917
 20
34.31630887303261
 10
-84.90885058920367
 20
34.31630887303261
 10
-84.86199285509222
 20
34.22041397532766
 10
-84.81295569148731
 20
34.17573567066984
 10
-84.81295569148731
 20
34.07984077298917
 10
-84.76609795737726
 20
34.02870800407864
 10
-84.76609795737726
 20
33.88603919650275
 10
-84.76609795737726
 20
33.80296940304513
 10
-84.76609795737726
 20
33.70707450534017
 10
-84.71714461798342
 20
33.61126343189332
 10
-84.76609795737726
 20
33.61126343189332
  0
LWPOLYLINE
  5
2CAAAA
330
2D7C26
100
AcDbEntity
  8
0
 62
     8
100
AcDbPolyline
 90
      667
 70
     0
 43
0.0
 10
-87.1644762908113
 20
24.53125721650915
 10
-87.20923841964149
 20
24.6249726847429
 10
-87.20923841964149
 20
24.67400984831883
 10
-87.1644762908113
 20
24.72086758244785
 10
-87.11334352192421
 20
24.76982092179
 10
-86.97067471430887
 20
24.85289071524761
 10
-86.93446265503281
 20
24.85289071524761
 10
-86.88760492092047
 20
24.95088121816568
 10
-86.83856775731555
 20
24.9955595228235
 10
-86.74275668381026
 20
25.14258718941468
 10
-87.11334352192421
 20
25.14258718941468
 10
-87.20923841964149
 20
25.04669229170974
 10
-87.2560961537515
 20
24.9955595228235
 10
-87.35190722725677
 20
24.89974844927945
 10
-87.35190722725677
 20
24.85289071524761
 10
-87.4478021249738
 20
24.76982092179
 10
-87.49675546436536
 20
24.72086758244785
 10
-87.58192086303756
 20
24.67400984831883
 10
-87.62668299186547
 20
24.67400984831883
 10
-87.72249406537158
 20
24.76982092179
 10
-87.58192086303756
 20
24.89974844927945
 10
-87.40094439086147
 20
25.04669229170974
 10
-87.20923841964149
 20
25.18726549407251
 10
-87.01753244842118
 20
25.37897146522432
 10
-86.93446265503281
 20
25.51317402756819
 10
-86.79171002320414
 20
25.75173773284902
 10
-86.74275668381026
 20
25.99457647298428
 10
-86.69589894970021
 20
26.2650772028365
 10
-86.40829808076295
 20
26.12232457102682
 10
-86.27417934269919
 20
26.17345733991306
 10
-86.27417934269919
 20
26.22031507394489
 10
-86.27417934269919
 20
26.2650772028365
 10
-86.27417934269919
 20
26.31620997172273
 10
-86.27417934269919
 20
26.36088827630767
 10
-86.27417934269919
 20
26.4120210451939
 10
-86.27417934269919
 20
26.45678317401261
 10
-86.22732160858687
 20
26.55259424753237
 10
-86.31248700725675
 20
26.60372701644293
 10
-86.40829808076295
 20
26.65058475054765
 10
-86.54895510730783
 20
26.69953808988977
 10
-86.64686178609555
 20
26.7463958240188
 10
-86.79171002320414
 20
26.7463958240188
 10
-86.88760492092047
 20
26.7826078833474
 10
-86.97067471430887
 20
26.7826078833474
 10
-87.0686652173074
 20
26.82946561747642
 10
-87.11334352192421
 20
26.7826078833474
 10
-87.1644762908113
 20
26.7463958240188
 10
-87.2560961537515
 20
26.69953808988977
 10
-87.35190722725677
 20
26.65058475054765
 10
-87.62668299186547
 20
26.7463958240188
 10
-87.77362683425847
 20
26.87850278105235
 10
-87.86952173197482
 20
27.07230435753877
 10
-87.96533280547873
 20
27.26401032876348
 10
-87.96533280547873
 20
27.4898327539579
 10
-88.01219053959014
 20
27.68145490097312
 10
-87.96533280547873
 20
27.92001860632685
 10
-87.9163794660849
 20
28.09898329741653
 10
-87.77362683425847
 20
28.34182203755176
 10
-87.72249406537158
 20
28.3865003421124
 10
-87.72249406537158
 20
28.43763311099863
 10
-87.62668299186547
 20
28.48239523989025
 10
-87.58192086303756
 20
28.48239523989025
 10
-87.49675546436536
 20
28.48239523989025
 10
-87.4478021249738
 20
28.53344418454269
 10
-87.35190722725677
 20
28.62933908224765
 10
-87.35190722725677
 20
28.7592666097371
 10
-87.49675546436536
 20
28.7592666097371
 10
-87.58192086303756
 20
28.7592666097371
 10
-87.67781576075256
 20
28.71240887563238
 10
-87.77362683425847
 20
28.67410121106636
 10
-87.9163794660849
 20
28.57820631336141
 10
-87.96533280547873
 20
28.53344418454269
 10
-88.06122770319506
 20
28.43763311099863
 10
-88.10808543730514
 20
28.3865003421124
 10
-88.33809907308589
 20
28.06486684344683
 10
-88.52980504430616
 20
27.77734979867806
 10
-88.67037824663997
 20
27.44297501985317
 10
-88.76836874963856
 20
27.16819925521944
 10
-88.89611684764391
 20
26.82946561747642
 10
-88.99201174536097
 20
26.50791594289885
 10
-89.13895558775335
 20
26.17345733991306
 10
-89.23485048546808
 20
25.84754880639308
 10
-89.37751929308571
 20
25.75173773284902
 10
-89.5117218553605
 20
25.75173773284902
 10
-89.70342782658077
 20
25.65592665940215
 10
-89.84400102891461
 20
25.65592665940215
 10
-90.037802605417
 20
25.60906892527313
 10
-90.16990956241034
 20
25.60906892527313
 10
-90.31257837002796
 20
25.60906892527313
 10
-90.40838944353186
 20
25.7048799987443
 10
-90.40838944353186
 20
25.75173773284902
 10
-90.31257837002796
 20
25.80069107228836
 10
-90.21676729652268
 20
25.80069107228836
 10
-90.08256473424717
 20
25.84754880639308
 10
-89.99094487130696
 20
25.84754880639308
 10
-89.89513379780168
 20
25.89868157527931
 10
-89.79923890008672
 20
25.94344370409803
 10
-89.70342782658077
 20
26.08611251167393
 10
-89.84400102891461
 20
26.12232457102682
 10
-89.99094487130696
 20
26.17345733991306
 10
-90.13369750313406
 20
26.17345733991306
 10
-90.21676729652268
 20
26.17345733991306
 10
-90.35943610413802
 20
26.08611251167393
 10
-90.50428434124821
 20
26.0392547775692
 10
-90.64695314886419
 20
25.94344370409803
 10
-90.79180138597214
 20
25.89868157527931
 10
-90.79180138597214
 20
25.94344370409803
 10
-90.74284804657828
 20
25.99457647298428
 10
-90.69599031246912
 20
26.0392547775692
 10
-90.60009541475189
 20
26.08611251167393
 10
-90.55114207535824
 20
26.12232457102682
 10
-90.45524717764328
 20
26.17345733991306
 10
-90.31257837002796
 20
26.22031507394489
 10
-90.16990956241034
 20
26.2650772028365
 10
-90.16990956241034
 20
26.50791594289885
 10
-90.08256473424717
 20
26.50791594289885
 10
-89.9398121024185
 20
26.55259424753237
 10
-89.84400102891461
 20
26.65058475054765
 10
-89.70342782658077
 20
26.7826078833474
 10
-89.65229505769457
 20
26.87850278105235
 10
-89.60753292886442
 20
27.02117158862824
 10
-89.55640015997731
 20
27.16819925521944
 10
-89.47333036658896
 20
27.35990522646844
 10
-89.33066155897334
 20
27.35990522646844
 10
-89.33066155897334
 20
27.26401032876348
 10
-89.33066155897334
 20
27.16819925521944
 10
-89.28170821957976
 20
27.16819925521944
 10
-89.28170821957976
 20
27.07230435753877
 10
-89.23485048546808
 20
27.07230435753877
 10
-89.23485048546808
 20
26.9743138545235
 10
-89.18581332186247
 20
26.9743138545235
 10
-89.04314451424715
 20
26.9743138545235
 10
-89.04314451424715
 20
27.02117158862824
 10
-89.04314451424715
 20
27.07230435753877
 10
-88.99201174536097
 20
27.11706648633319
 10
-88.99201174536097
 20
27.16819925521944
 10
-88.94724961653309
 20
27.21287755987724
 10
-88.89611684764391
 20
27.26401032876348
 10
-88.86417982314467
 20
27.35990522646844
 10
-88.89611684764391
 20
27.35990522646844
 10
-88.94724961653309
 20
27.40458353112626
 10
-88.99201174536097
 20
27.44297501985317
 10
-89.04314451424715
 20
27.4898327539579
 10
-89.09000224835947
 20
27.53878609339722
 10
-89.13895558775335
 20
27.63459716684409
 10
-89.18581332186247
 20
27.68145490097312
 10
-89.18581332186247
 20
27.82211192756968
 10
-89.28170821957976
 20
27.82211192756968
 10
-89.37751929308571
 20
27.82211192756968
 10
-89.47333036658896
 20
27.77734979867806
 10
-89.55640015997731
 20
27.77734979867806
 10
-89.70342782658077
 20
27.77734979867806
 10
-89.70342782658077
 20
27.87316087222212
 10
-89.70342782658077
 20
27.92001860632685
 10
-89.70342782658077
 20
28.0159135040318
 10
-89.70342782658077
 20
28.09898329741653
 10
-89.70342782658077
 20
28.19479437096058
 10
-89.70342782658077
 20
28.29068926864124
 10
-89.70342782658077
 20
28.43763311099863
 10
-89.65229505769457
 20
28.48239523989025
 10
-89.55640015997731
 20
28.62933908224765
 10
-89.47333036658896
 20
28.7592666097371
 10
-89.33066155897334
 20
28.90411484685709
 10
-89.23485048546808
 20
28.99992592040114
 10
-89.09000224835947
 20
29.09364138856199
 10
-88.94724961653309
 20
29.14267855223513
 10
-88.71723598075233
 20
29.18953628633984
 10
-88.71723598075233
 20
29.14267855223513
 10
-88.71723598075233
 20
29.09364138856199
 10
-88.71723598075233
 20
29.04678365445727
 10
-88.67037824663997
 20
28.99992592040114
 10
-88.67037824663997
 20
28.95097258098611
 10
-88.62561611781211
 20
28.90411484685709
 10
-88.57448334892522
 20
28.90411484685709
 10
-88.47867227541973
 20
28.90411484685709
 10
-88.38286120191607
 20
28.95097258098611
 10
-88.33809907308589
 20
29.09364138856199
 10
-88.38286120191607
 20
29.23848962568198
 10
-88.38286120191607
 20
29.41745431677166
 10
-88.47867227541973
 20
29.56012312442044
 10
-88.47867227541973
 20
29.75182909566945
 10
-88.47867227541973
 20
29.89877293802685
 10
-88.28696630419972
 20
30.07765380493136
 10
-88.47867227541973
 20
30.07765380493136
 10
-88.62561611781211
 20
30.12451153906038
 10
-88.76836874963856
 20
30.1734648784025
 10
-88.89611684764391
 20
30.26935977618035
 10
-89.04314451424715
 20
30.31621751021218
 10
-89.18581332186247
 20
30.46316135264247
 10
-89.28170821957976
 20
30.60373455500525
 10
-89.23485048546808
 20
30.82947315596586
 10
-89.13895558775335
 20
30.82947315596586
 10
-88.99201174536097
 20
30.82947315596586
 10
-88.89611684764391
 20
30.73793711727621
 10
-88.76836874963856
 20
30.68889995370029
 10
-88.67037824663997
 20
30.55478121559021
 10
-88.57448334892522
 20
30.46316135264247
 10
-88.43391014659209
 20
30.36726645496182
 10
-88.28696630419972
 20
30.31621751021218
 10
-88.15703877669873
 20
30.41202858375624
 10
-88.10808543730514
 20
30.60373455500525
 10
-88.15703877669873
 20
30.64204221957125
 10
-88.20389651081111
 20
30.68889995370029
 10
-88.24010857008737
 20
30.73793711727621
 10
-88.28696630419972
 20
30.78479485138094
 10
-88.38286120191607
 20
30.78479485138094
 10
-88.43391014659209
 20
30.82947315596586
 10
-88.52980504430616
 20
30.88060592485209
 10
-88.52980504430616
 20
31.02117912721488
 10
-88.47867227541973
 20
31.07231189610109
 10
-88.43391014659209
 20
31.11707402489553
 10
-88.33809907308589
 20
31.16820679380607
 10
-88.28696630419972
 20
31.21506452791078
 10
-88.24010857008737
 20
31.29813432129552
 10
-88.20389651081111
 20
31.34708766071053
 10
-88.10808543730514
 20
31.48984029254453
 10
-88.15703877669873
 20
31.53879363195955
 10
-88.15703877669873
 20
31.63678413490192
 10
-88.15703877669873
 20
31.68146243953545
 10
-88.15703877669873
 20
31.7773573372404
 10
-88.15703877669873
 20
31.82849010612665
 10
-88.15703877669873
 20
31.95841763361608
 10
-88.15703877669873
 20
32.00737097305542
 10
-88.10808543730514
 20
32.15012360486509
 10
-88.24010857008737
 20
32.15012360486509
 10
-88.33809907308589
 20
32.05422870716015
 10
-88.38286120191607
 20
32.00737097305542
 10
-88.38286120191607
 20
31.92430117967069
 10
-88.38286120191607
 20
31.87316841078446
 10
-88.43391014659209
 20
31.7773573372404
 10
-88.43391014659209
 20
31.68146243953545
 10
-88.43391014659209
 20
31.58565136606429
 10
-88.38286120191607
 20
31.53879363195955
 10
-88.67037824663997
 20
31.26401786732583
 10
-88.89611684764391
 20
31.11707402489553
 10
-89.18581332186247
 20
31.02117912721488
 10
-89.47333036658896
 20
31.02117912721488
 10
-89.79923890008672
 20
30.97650082255706
 10
-90.08256473424717
 20
30.97650082255706
 10
-90.35943610413802
 20
30.92536805374371
 10
-90.55114207535824
 20
30.92536805374371
 10
-90.60009541475189
 20
30.82947315596586
 10
-90.64695314886419
 20
30.78479485138094
 10
-90.69599031246912
 20
30.73793711727621
 10
-90.74284804657828
 20
30.68889995370029
 10
-90.74284804657828
 20
30.64204221957125
 10
-90.82591783996916
 20
30.60373455500525
 10
-90.87705060885605
 20
30.55478121559021
 10
-90.92172891347289
 20
30.55478121559021
 10
-90.97286168235903
 20
30.55478121559021
 10
-91.06875658007627
 20
30.55478121559021
 10
-91.11343488469305
 20
30.55478121559021
 10
-91.16456765357927
 20
30.55478121559021
 10
-91.21142538769165
 20
30.55478121559021
 10
-91.21142538769165
 20
30.60373455500525
 10
-91.16456765357927
 20
30.64204221957125
 10
-91.11343488469305
 20
30.68889995370029
 10
-91.0176238111892
 20
30.78479485138094
 10
-91.0176238111892
 20
30.82947315596586
 10
-90.92172891347289
 20
30.92536805374371
 10
-91.0176238111892
 20
30.92536805374371
 10
-91.06875658007627
 20
30.92536805374371
 10
-91.16456765357927
 20
30.88060592485209
 10
-91.21142538769165
 20
30.88060592485209
 10
-91.30723646119781
 20
30.82947315596586
 10
-91.35627362480247
 20
30.82947315596586
 10
-91.43934341819115
 20
30.82947315596586
 10
-91.48620115230029
 20
30.88060592485209
 10
-91.48620115230029
 20
30.92536805374371
 10
-91.43934341819115
 20
30.97650082255706
 10
-91.35627362480247
 20
31.02117912721488
 10
-91.30723646119781
 20
31.02117912721488
 10
-91.21142538769165
 20
31.07231189610109
 10
-91.16456765357927
 20
31.11707402489553
 10
-91.06875658007627
 20
31.26401786732583
 10
-91.16456765357927
 20
31.39394539483956
 10
-91.26037872708549
 20
31.34708766071053
 10
-91.30723646119781
 20
31.34708766071053
 10
-91.40313135891188
 20
31.29813432129552
 10
-91.40313135891188
 20
31.26401786732583
 10
-91.48620115230029
 20
31.21506452791078
 10
-91.53515449169413
 20
31.16820679380607
 10
-91.63314499469263
 20
31.16820679380607
 10
-91.67790712352053
 20
31.26401786732583
 10
-91.67790712352053
 20
31.29813432129552
 10
-91.63314499469263
 20
31.34708766071053
 10
-91.58201222580649
 20
31.34708766071053
 10
-91.48620115230029
 20
31.39394539483956
 10
-91.43934341819115
 20
31.39394539483956
 10
-91.40313135891188
 20
31.44298255841551
 10
-91.35627362480247
 20
31.44298255841551
 10
-91.26037872708549
 20
31.58565136606429
 10
-91.53515449169413
 20
31.7773573372404
 10
-91.26037872708549
 20
31.73259520842169
 10
-90.97286168235903
 20
31.73259520842169
 10
-90.64695314886419
 20
31.7773573372404
 10
-90.31257837002796
 20
31.87316841078446
 10
-90.037802605417
 20
31.87316841078446
 10
-89.65229505769457
 20
31.95841763361608
 10
-89.33066155897334
 20
32.00737097305542
 10
-88.94724961653309
 20
32.10326587076038
 10
-88.94724961653309
 20
31.92430117967069
 10
-89.04314451424715
 20
31.7773573372404
 10
-89.13895558775335
 20
31.73259520842169
 10
-89.28170821957976
 20
31.68146243953545
 10
-89.37751929308571
 20
31.63678413490192
 10
-89.5117218553605
 20
31.58565136606429
 10
-89.60753292886442
 20
31.53879363195955
 10
-89.70342782658077
 20
31.44298255841551
 10
-89.70342782658077
 20
31.39394539483956
 10
-89.60753292886442
 20
31.34708766071053
 10
-89.47333036658896
 20
31.34708766071053
 10
-89.33066155897334
 20
31.34708766071053
 10
-89.18581332186247
 20
31.44298255841551
 10
-89.09000224835947
 20
31.44298255841551
 10
-88.94724961653309
 20
31.53879363195955
 10
-88.86417982314467
 20
31.68146243953545
 10
-88.76836874963856
 20
31.82849010612665
 10
-88.71723598075233
 20
31.87316841078446
 10
-88.67037824663997
 20
31.87316841078446
 10
-88.62561611781211
 20
31.95841763361608
 10
-88.62561611781211
 20
32.00737097305542
 10
-88.62561611781211
 20
32.10326587076038
 10
-88.62561611781211
 20
32.19480190952291
 10
-88.62561611781211
 20
32.29069680722787
 10
-88.71723598075233
 20
32.29069680722787
 10
-88.81304705425533
 20
32.29069680722787
 10
-88.81304705425533
 20
32.34182957611411
 10
-88.89611684764391
 20
32.34182957611411
 10
-88.94724961653309
 20
32.34182957611411
 10
-88.99201174536097
 20
32.38868731021884
 10
-89.04314451424715
 20
32.43764064958527
 10
-89.04314451424715
 20
32.56756817707472
 10
-88.99201174536097
 20
32.56756817707472
 10
-88.89611684764391
 20
32.56756817707472
 10
-88.86417982314467
 20
32.53345172310503
 10
-88.76836874963856
 20
32.48449838369
 10
-88.76836874963856
 20
32.38868731021884
 10
-88.67037824663997
 20
32.38868731021884
 10
-88.62561611781211
 20
32.34182957611411
 10
-88.47867227541973
 20
32.38868731021884
 10
-88.43391014659209
 20
32.53345172310503
 10
-88.38286120191607
 20
32.66337925061878
 10
-88.43391014659209
 20
32.81040691720998
 10
-88.43391014659209
 20
32.95098011954845
 10
-88.52980504430616
 20
33.09792396190585
 10
-88.57448334892522
 20
33.27688865306843
 10
-88.67037824663997
 20
33.41955746064432
 10
-88.71723598075233
 20
33.61126343189332
 10
-88.71723598075233
 20
33.70707450534017
 10
-88.67037824663997
 20
33.84982713717417
 10
-88.71723598075233
 20
33.98402969944512
 10
-88.71723598075233
 20
34.17573567066984
 10
-88.76836874963856
 20
34.31630887303261
 10
-88.76836874963856
 20
34.51011044949473
 10
-88.76836874963856
 20
34.68899131642351
 10
-88.71723598075233
 20
34.88069728767252
 10
-88.86417982314467
 20
34.93183005655878
 10
-88.94724961653309
 20
34.83383955354348
 10
-88.99201174536097
 20
34.73802847999944
 10
-88.99201174536097
 20
34.64213358229449
 10
-88.99201174536097
 20
34.59318024295234
 10
-88.99201174536097
 20
34.46325271539001
 10
-88.99201174536097
 20
34.36735781768506
 10
-88.99201174536097
 20
34.2715467442139
 10
-88.94724961653309
 20
34.17573567066984
 10
-89.09000224835947
 20
34.17573567066984
 10
-89.13895558775335
 20
34.22041397532766
 10
-89.13895558775335
 20
34.31630887303261
 10
-89.18581332186247
 20
34.31630887303261
 10
-89.18581332186247
 20
34.41211994657667
 10
-89.23485048546808
 20
34.41211994657667
 10
-89.28170821957976
 20
34.51011044949473
 10
-89.37751929308571
 20
34.36735781768506
 10
-89.42647263247723
 20
34.12460290178359
 10
-89.42647263247723
 20
34.02870800407864
 10
-89.42647263247723
 20
33.9328969306318
 10
-89.47333036658896
 20
33.84982713717417
 10
-89.47333036658896
 20
33.80296940304513
 10
-89.5117218553605
 20
33.70707450534017
 10
-89.55640015997731
 20
33.61126343189332
 10
-89.55640015997731
 20
33.51536853418835
 10
-89.47333036658896
 20
33.46851080005933
 10
-89.23485048546808
 20
33.37269972653958
 10
-89.23485048546808
 20
33.22785148939529
 10
-89.23485048546808
 20
33.14268609072457
 10
-89.23485048546808
 20
33.0467911930196
 10
-89.18581332186247
 20
32.95098011954845
 10
-89.28170821957976
 20
32.81040691720998
 10
-89.33066155897334
 20
32.75927414832374
 10
-89.37751929308571
 20
32.66337925061878
 10
-89.42647263247723
 20
32.61652151648974
 10
-89.55640015997731
 20
32.61652151648974
 10
-89.55640015997731
 20
32.71241641419472
 10
-89.55640015997731
 20
32.81040691720998
 10
-89.55640015997731
 20
32.90621799075402
 10
-89.55640015997731
 20
33.00211288843468
 10
-89.5117218553605
 20
33.14268609072457
 10
-89.5117218553605
 20
33.22785148939529
 10
-89.5117218553605
 20
33.37269972653958
 10
-89.60753292886442
 20
33.37269972653958
 10
-89.70342782658077
 20
33.37269972653958
 10
-89.79923890008672
 20
33.37269972653958
 10
-89.84400102891461
 20
33.37269972653958
 10
-89.9398121024185
 20
33.32374638710025
 10
-90.037802605417
 20
33.27688865306843
 10
-90.13369750313406
 20
33.22785148939529
 10
-90.16990956241034
 20
33.22785148939529
 10
-90.26572063591627
 20
33.27688865306843
 10
-90.26572063591627
 20
33.37269972653958
 10
-90.21676729652268
 20
33.46851080005933
 10
-90.16990956241034
 20
33.61126343189332
 10
-90.16990956241034
 20
33.70707450534017
 10
-90.13369750313406
 20
33.80296940304513
 10
-90.13369750313406
 20
33.88603919650275
 10
-90.13369750313406
 20
34.02870800407864
 10
-90.21676729652268
 20
33.98402969944512
 10
-90.26572063591627
 20
33.9328969306318
 10
-90.35943610413802
 20
33.88603919650275
 10
-90.40838944353186
 20
33.80296940304513
 10
-90.40838944353186
 20
33.75393223946921
 10
-90.40838944353186
 20
33.65812116599804
 10
-90.60009541475189
 20
33.5644056977643
 10
-90.69599031246912
 20
33.5644056977643
 10
-90.74284804657828
 20
33.61126343189332
 10
-90.74284804657828
 20
33.70707450534017
 10
-90.79180138597214
 20
33.70707450534017
 10
-90.82591783996916
 20
33.75393223946921
 10
-90.87705060885605
 20
33.80296940304513
 10
-90.92172891347289
 20
33.84982713717417
 10
-91.0176238111892
 20
33.9328969306318
 10
-91.0176238111892
 20
34.02870800407864
 10
-91.0176238111892
 20
34.12460290178359
 10
-91.0176238111892
 20
34.2715467442139
 10
-91.0176238111892
 20
34.36735781768506
 10
-90.92172891347289
 20
34.51011044949473
 10
-90.87705060885605
 20
34.64213358229449
 10
-90.79180138597214
 20
34.78488621412847
 10
-90.79180138597214
 20
34.68899131642351
 10
-90.79180138597214
 20
34.64213358229449
 10
-90.79180138597214
 20
34.59318024295234
 10
-90.79180138597214
 20
34.54632250884762
 10
-90.82591783996916
 20
34.46325271539001
 10
-90.82591783996916
 20
34.41211994657667
 10
-90.82591783996916
 20
34.36735781768506
 10
-90.79180138597214
 20
34.31630887303261
 10
-90.64695314886419
 20
34.17573567066984
 10
-90.64695314886419
 20
34.12460290178359
 10
-90.60009541475189
 20
34.12460290178359
 10
-90.55114207535824
 20
34.12460290178359
 10
-90.45524717764328
 20
34.17573567066984
 10
-90.35943610413802
 20
34.17573567066984
 10
-90.35943610413802
 20
34.22041397532766
 10
-90.26572063591627
 20
34.31630887303261
 10
-90.45524717764328
 20
34.54632250884762
 10
-90.50428434124821
 20
34.64213358229449
 10
-90.50428434124821
 20
34.73802847999944
 10
-90.40838944353186
 20
34.88069728767252
 10
-90.35943610413802
 20
34.97659218537748
 10
-90.26572063591627
 20
35.07240325889724
 10
-90.16990956241034
 20
35.15547305228196
 10
-90.08256473424717
 20
35.25346355529725
 10
-89.99094487130696
 20
35.39403675756279
 10
-89.84400102891461
 20
35.54098059999311
 10
-89.9398121024185
 20
35.63687549769806
 10
-90.08256473424717
 20
35.58574272881183
 10
-90.16990956241034
 20
35.48993165526776
 10
-90.26572063591627
 20
35.39403675756279
 10
-90.31257837002796
 20
35.29822568409165
 10
-90.45524717764328
 20
35.2066058211682
 10
-90.55114207535824
 20
35.15547305228196
 10
-90.69599031246912
 20
35.11926099295337
 10
-90.79180138597214
 20
35.15547305228196
 10
-90.79180138597214
 20
35.2066058211682
 10
-90.74284804657828
 20
35.29822568409165
 10
-90.69599031246912
 20
35.34927462874409
 10
-90.60009541475189
 20
35.39403675756279
 10
-90.50428434124821
 20
35.39403675756279
 10
-90.40838944353186
 20
35.44516952644904
 10
-90.35943610413802
 20
35.54098059999311
 10
-90.26572063591627
 20
35.68373323182708
 10
-90.45524717764328
 20
35.86261409873156
 10
-90.35943610413802
 20
35.91165126233179
 10
-90.31257837002796
 20
35.91165126233179
 10
-90.21676729652268
 20
35.95850899643651
 10
-90.16990956241034
 20
35.95850899643651
 10
-90.13369750313406
 20
36.05432006990767
 10
-90.08256473424717
 20
36.10545283879391
 10
-89.99094487130696
 20
36.24602604113238
 10
-90.037802605417
 20
36.24602604113238
 10
-90.037802605417
 20
36.29715881004293
 10
-90.08256473424717
 20
36.29715881004293
 10
-90.13369750313406
 20
36.34192093883735
 10
-90.16990956241034
 20
36.34192093883735
 10
-90.21676729652268
 20
36.39296988348978
 10
-90.21676729652268
 20
36.4377320123814
 10
-90.21676729652268
 20
36.52289741107644
 10
-88.28696630419972
 20
36.00746233577865
 10
-88.24010857008737
 20
35.95850899643651
 10
-88.15703877669873
 20
35.95850899643651
 10
-88.10808543730514
 20
35.95850899643651
 10
-87.96533280547873
 20
35.95850899643651
 10
-87.9163794660849
 20
35.91165126233179
 10
-87.8183889630864
 20
35.91165126233179
 10
-87.72249406537158
 20
35.86261409873156
 10
-87.58192086303756
 20
35.86261409873156
 10
-87.58192086303756
 20
35.77954430527395
 10
-87.58192086303756
 20
35.73268657116921
 10
-87.5436131984768
 20
35.68373323182708
 10
-87.4478021249738
 20
35.68373323182708
 10
-87.4478021249738
 20
35.58574272881183
 10
-87.40094439086147
 20
35.54098059999311
 10
-87.35190722725677
 20
35.48993165526776
 10
-87.30504949314514
 20
35.48993165526776
 10
-87.40094439086147
 20
35.39403675756279
 10
-87.49675546436536
 20
35.39403675756279
 10
-87.58192086303756
 20
35.39403675756279
 10
-87.67781576075256
 20
35.39403675756279
 10
-87.8183889630864
 20
35.34927462874409
 10
-87.9163794660849
 20
35.29822568409165
 10
-88.01219053959014
 20
35.25346355529725
 10
-88.06122770319506
 20
35.2066058211682
 10
-88.15703877669873
 20
34.93183005655878
 10
-88.10808543730514
 20
34.83383955354348
 10
-88.10808543730514
 20
34.78488621412847
 10
-88.06122770319506
 20
34.73802847999944
 10
-88.01219053959014
 20
34.68899131642351
 10
-87.9163794660849
 20
34.68899131642351
 10
-87.86952173197482
 20
34.64213358229449
 10
-87.72249406537158
 20
34.64213358229449
 10
-87.67781576075256
 20
34.59318024295234
 10
-87.5436131984768
 20
34.59318024295234
 10
-87.62668299186547
 20
34.36735781768506
 10
-87.77362683425847
 20
34.2715467442139
 10
-87.86952173197482
 20
34.2715467442139
 10
-87.96533280547873
 20
34.2715467442139
 10
-88.06122770319506
 20
34.31630887303261
 10
-88.15703877669873
 20
34.31630887303261
 10
-88.24010857008737
 20
34.31630887303261
 10
-88.33809907308589
 20
34.2715467442139
 10
-88.43391014659209
 20
34.2715467442139
 10
-88.47867227541973
 20
34.17573567066984
 10
-88.47867227541973
 20
34.07984077298917
 10
-88.47867227541973
 20
33.98402969944512
 10
-88.47867227541973
 20
33.9328969306318
 10
-88.47867227541973
 20
33.84982713717417
 10
-88.38286120191607
 20
33.75393223946921
 10
-88.33809907308589
 20
33.65812116599804
 10
-88.24010857008737
 20
33.65812116599804
 10
-88.24010857008737
 20
33.61126343189332
 10
-88.15703877669873
 20
33.5644056977643
 10
-88.10808543730514
 20
33.51536853418835
 10
-88.01219053959014
 20
33.51536853418835
 10
-87.96533280547873
 20
33.46851080005933
 10
-87.86952173197482
 20
33.41955746064432
 10
-87.8183889630864
 20
33.37269972653958
 10
-87.72249406537158
 20
33.32374638710025
 10
-87.96533280547873
 20
33.14268609072457
 10
-87.96533280547873
 20
33.09792396190585
 10
-87.9163794660849
 20
33.09792396190585
 10
-87.86952173197482
 20
33.0467911930196
 10
-87.8183889630864
 20
33.0467911930196
 10
-87.8183889630864
 20
33.00211288843468
 10
-87.77362683425847
 20
32.95098011954845
 10
-87.72249406537158
 20
32.90621799075402
 10
-87.67781576075256
 20
32.85508522184351
 10
-87.72249406537158
 20
32.75927414832374
 10
-87.72249406537158
 20
32.71241641419472
 10
-87.72249406537158
 20
32.66337925061878
 10
-87.67781576075256
 20
32.61652151648974
 10
-87.67781576075256
 20
32.56756817707472
 10
-87.67781576075256
 20
32.53345172310503
 10
-87.67781576075256
 20
32.48449838369
 10
-87.62668299186547
 20
32.43764064958527
 10
-87.77362683425847
 20
32.43764064958527
 10
-87.8183889630864
 20
32.53345172310503
 10
-87.86952173197482
 20
32.61652151648974
 10
-87.9163794660849
 20
32.75927414832374
 10
-88.01219053959014
 20
32.85508522184351
 10
-88.06122770319506
 20
32.95098011954845
 10
-88.15703877669873
 20
33.0467911930196
 10
-88.20389651081111
 20
33.14268609072457
 10
-88.28696630419972
 20
33.09792396190585
 10
-87.30504949314514
 20
29.61125589330669
 10
-87.2560961537515
 20
29.51536099562602
 10
-87.1644762908113
 20
29.41745431677166
 10
-87.11334352192421
 20
29.33438452338695
 10
-86.97067471430887
 20
29.28534735981101
 10
-86.88760492092047
 20
29.14267855223513
 10
-86.79171002320414
 20
29.09364138856199
 10
-86.64686178609555
 20
29.09364138856199
 10
-86.45306020959083
 20
29.09364138856199
 10
-86.40829808076295
 20
29.09364138856199
 10
-86.31248700725675
 20
29.09364138856199
 10
-86.27417934269919
 20
29.09364138856199
 10
-86.17828444498218
 20
29.14267855223513
 10
-86.13142671087279
 20
29.14267855223513
 10
-86.08247337147918
 20
29.23848962568198
 10
-86.03561563736684
 20
29.28534735981101
 10
-85.93972073964961
 20
29.41745431677166
 10
-85.98657847376193
 20
29.51536099562602
 10
-86.03561563736684
 20
29.61125589330669
 10
-86.08247337147918
 20
29.70706696677785
 10
-86.08247337147918
 20
29.84764016914062
 10
-86.17828444498218
 20
29.94563067213159
 10
-86.22732160858687
 20
30.0287004655163
 10
-86.27417934269919
 20
30.12451153906038
 10
-86.31248700725675
 20
30.26935977618035
 10
-86.22732160858687
 20
30.26935977618035
 10
-86.22732160858687
 20
30.22032261253152
 10
-86.13142671087279
 20
30.1734648784025
 10
-86.08247337147918
 20
30.12451153906038
 10
-86.03561563736684
 20
30.12451153906038
 10
-85.98657847376193
 20
30.12451153906038
 10
-85.89076740025824
 20
30.22032261253152
 10
-85.79705193203428
 20
30.07765380493136
 10
-85.70115703431952
 20
29.94563067213159
 10
-85.70115703431952
 20
29.75182909566945
 10
-85.65220369492569
 20
29.61125589330669
 10
-85.70115703431952
 20
29.36841715319573
 10
-85.74801476842957
 20
29.23848962568198
 10
-85.79705193203428
 20
29.04678365445727
 10
-85.79705193203428
 20
28.90411484685709
 10
-85.84390966614661
 20
28.80821994917643
 10
-85.89076740025824
 20
28.7592666097371
 10
-85.93972073964961
 20
28.71240887563238
 10
-85.98657847376193
 20
28.67410121106636
 10
-86.08247337147918
 20
28.62933908224765
 10
-86.08247337147918
 20
28.57820631336141
 10
-86.13142671087279
 20
28.53344418454269
 10
-86.13142671087279
 20
28.48239523989025
 10
-85.93972073964961
 20
26.31620997172273
 10
-85.98657847376193
 20
26.08611251167393
 10
-85.98657847376193
 20
25.94344370409803
 10
-85.98657847376193
 20
25.7048799987443
 10
-85.93972073964961
 20
25.56003176162433
 10
-85.93972073964961
 20
25.33429316066371
 10
-85.89076740025824
 20
25.18726549407251
 10
-85.93972073964961
 20
24.95088121816568
 10
-85.93972073964961
 20
24.81667865589472
 10
-86.03561563736684
 20
24.72086758244785
 10
-86.08247337147918
 20
24.72086758244785
 10
-86.17828444498218
 20
24.6249726847429
 10
-86.22732160858687
 20
24.6249726847429
 10
-86.31248700725675
 20
24.57811495061387
 10
-86.35724913608781
 20
24.53125721650915
 10
-86.45306020959083
 20
24.53125721650915
 10
-86.50419297847999
 20
24.53125721650915
 10
-86.54895510730783
 20
24.6249726847429
 10
-86.54895510730783
 20
24.67400984831883
 10
-86.54895510730783
 20
24.72086758244785
 10
-86.50419297847999
 20
24.76982092179
 10
-86.45306020959083
 20
24.81667865589472
 10
-86.40829808076295
 20
24.85289071524761
 10
-86.35724913608781
 20
24.89974844927945
 10
-86.35724913608781
 20
24.95088121816568
 10
-86.31248700725675
 20
25.09145442052846
 10
-86.40829808076295
 20
25.14258718941468
 10
-86.54895510730783
 20
25.04669229170974
 10
-86.60000405198321
 20
24.9955595228235
 10
-86.69589894970021
 20
24.89974844927945
 10
-86.74275668381026
 20
24.81667865589472
 10
-86.83856775731555
 20
24.67400984831883
 10
-86.88760492092047
 20
24.6249726847429
 10
-86.97067471430887
 20
24.53125721650915
 10
-87.01753244842118
 20
24.53125721650915
 10
-87.1644762908113
 20
24.53125721650915
  0
LWPOLYLINE
  5
2CAAAB
330
2D7C26
100
AcDbEntity
  8
0
 62
     8
100
AcDbPolyline
 90
       18
 70
     0
 43
0.0
 10
-87.11334352192421
 20
34.93183005655878
 10
-87.0686652173074
 20
34.97659218537748
 10
-86.97067471430887
 20
35.07240325889724
 10
-86.88760492092047
 20
35.15547305228196
 10
-86.74275668381026
 20
35.29822568409165
 10
-86.64686178609555
 20
35.34927462874409
 10
-86.50419297847999
 20
35.44516952644904
 10
-86.35724913608781
 20
35.48993165526776
 10
-86.17828444498218
 20
35.58574272881183
 10
-86.13142671087279
 20
35.44516952644904
 10
-86.27417934269919
 20
35.34927462874409
 10
-86.35724913608781
 20
35.25346355529725
 10
-86.45306020959083
 20
35.11926099295337
 10
-86.54895510730783
 20
35.07240325889724
 10
-86.69589894970021
 20
34.93183005655878
 10
-86.83856775731555
 20
34.93183005655878
 10
-86.97067471430887
 20
34.88069728767252
 10
-87.11334352192421
 20
34.93183005655878
  0
LWPOLYLINE
  5
2CAAAC
330
2D7C26
100
AcDbEntity
  8
0
 62
     8
100
AcDbPolyline
 90
       17
 70
     0
 43
0.0
 10
-91.96542416824671
 20
27.02117158862824
 10
-92.01228190235909
 20
27.02117158862824
 10
-92.01228190235909
 20
27.11706648633319
 10
-92.01228190235909
 20
27.21287755987724
 10
-92.01228190235909
 20
27.30877245758219
 10
-92.01228190235909
 20
27.35990522646844
 10
-91.91647082885287
 20
27.44297501985317
 10
-91.86961309474373
 20
27.53878609339722
 10
-91.77371819702647
 20
27.63459716684409
 10
-91.63314499469263
 20
27.53878609339722
 10
-91.63314499469263
 20
27.35990522646844
 10
-91.67790712352053
 20
27.26401032876348
 10
-91.72903989240968
 20
27.21287755987724
 10
-91.77371819702647
 20
27.16819925521944
 10
-91.86961309474373
 20
27.11706648633319
 10
-91.91647082885287
 20
27.07230435753877
 10
-91.96542416824671
 20
27.02117158862824
  0
LWPOLYLINE
  5
2CAAAD
330
2D7C26
100
AcDbEntity
  8
0
 62
     8
100
AcDbPolyline
 90
       18
 70
     0
 43
0.0
 10
-97.46705862785621
 20
27.11706648633319
 10
-97.65876459907872
 20
27.26401032876348
 10
-97.65876459907872
 20
27.35990522646844
 10
-97.65876459907872
 20
27.40458353112626
 10
-97.65876459907872
 20
27.4898327539579
 10
-97.65876459907872
 20
27.53878609339722
 10
-97.65876459907872
 20
27.63459716684409
 10
-97.65876459907872
 20
27.68145490097312
 10
-97.65876459907872
 20
27.77734979867806
 10
-97.60763183019024
 20
27.72621702979183
 10
-97.56295352557344
 20
27.68145490097312
 10
-97.56295352557344
 20
27.63459716684409
 10
-97.51182075668637
 20
27.58564382750194
 10
-97.51182075668637
 20
27.44297501985317
 10
-97.46705862785621
 20
27.40458353112626
 10
-97.41592585897002
 20
27.30877245758219
 10
-97.32011478546631
 20
27.26401032876348
 10
-97.46705862785621
 20
27.11706648633319
  0
LWPOLYLINE
  5
2CAAAE
330
2D7C26
100
AcDbEntity
  8
0
 62
     8
100
AcDbPolyline
 90
       20
 70
     0
 43
0.0
 10
-91.0176238111892
 20
27.30877245758219
 10
-90.97286168235903
 20
27.4898327539579
 10
-90.92172891347289
 20
27.4898327539579
 10
-90.87705060885605
 20
27.4898327539579
 10
-90.82591783996916
 20
27.53878609339722
 10
-90.74284804657828
 20
27.58564382750194
 10
-90.69599031246912
 20
27.63459716684409
 10
-90.60009541475189
 20
27.68145490097312
 10
-90.55114207535824
 20
27.68145490097312
 10
-90.40838944353186
 20
27.68145490097312
 10
-90.40838944353186
 20
27.4898327539579
 10
-90.50428434124821
 20
27.44297501985317
 10
-90.55114207535824
 20
27.40458353112626
 10
-90.64695314886419
 20
27.35990522646844
 10
-90.69599031246912
 20
27.35990522646844
 10
-90.79180138597214
 20
27.30877245758219
 10
-90.82591783996916
 20
27.26401032876348
 10
-90.92172891347289
 20
27.26401032876348
 10
-90.97286168235903
 20
27.30877245758219
 10
-91.0176238111892
 20
27.30877245758219
  0
LWPOLYLINE
  5
2CAAAF
330
2D7C26
100
AcDbEntity
  8
0
 62
     8
100
AcDbPolyline
 90
       15
 70
     0
 43
0.0
 10
-91.21142538769165
 20
27.58564382750194
 10
-91.21142538769165
 20
27.68145490097312
 10
-91.21142538769165
 20
27.77734979867806
 10
-91.16456765357927
 20
27.87316087222212
 10
-91.16456765357927
 20
27.92001860632685
 10
-91.06875658007627
 20
28.0159135040318
 10
-91.0176238111892
 20
28.06486684344683
 10
-90.92172891347289
 20
28.14793663683156
 10
-90.92172891347289
 20
28.06486684344683
 10
-90.92172891347289
 20
27.96905576990278
 10
-90.97286168235903
 20
27.87316087222212
 10
-91.0176238111892
 20
27.82211192756968
 10
-91.11343488469305
 20
27.72621702979183
 10
-91.11343488469305
 20
27.68145490097312
 10
-91.21142538769165
 20
27.58564382750194
  0
LWPOLYLINE
  5
2CAAB0
330
2D7C26
100
AcDbEntity
  8
0
 62
     8
100
AcDbPolyline
 90
       20
 70
     0
 43
0.0
 10
-98.45962111374388
 20
27.26401032876348
 10
-98.54487033662781
 20
27.26401032876348
 10
-98.64068141013081
 20
27.26401032876348
 10
-98.73657630784805
 20
27.26401032876348
 10
-98.78125461246487
 20
27.30877245758219
 10
-98.87714951018189
 20
27.30877245758219
 10
-98.92819845485725
 20
27.40458353112626
 10
-98.97296058368489
 20
27.44297501985317
 10
-98.97296058368489
 20
27.58564382750194
 10
-98.92819845485725
 20
27.72621702979183
 10
-98.92819845485725
 20
27.68145490097312
 10
-98.83238738135105
 20
27.68145490097312
 10
-98.78125461246487
 20
27.63459716684409
 10
-98.68544353896096
 20
27.63459716684409
 10
-98.64068141013081
 20
27.58564382750194
 10
-98.54487033662781
 20
27.53878609339722
 10
-98.45962111374388
 20
27.4898327539579
 10
-98.36381004024064
 20
27.4898327539579
 10
-98.36381004024064
 20
27.26401032876348
 10
-98.45962111374388
 20
27.26401032876348
  0
LWPOLYLINE
  5
2CAAB1
330
2D7C26
100
AcDbEntity
  8
0
 62
     8
100
AcDbPolyline
 90
       17
 70
     0
 43
0.0
 10
-98.21896180312979
 20
27.53878609339722
 10
-98.26791514252365
 20
27.58564382750194
 10
-98.31477287663597
 20
27.68145490097312
 10
-98.36381004024064
 20
27.72621702979183
 10
-98.36381004024064
 20
27.82211192756968
 10
-98.45962111374388
 20
27.87316087222212
 10
-98.50647884785621
 20
27.96905576990278
 10
-98.50647884785621
 20
28.0159135040318
 10
-98.45962111374388
 20
28.14793663683156
 10
-98.31477287663597
 20
28.14793663683156
 10
-98.31477287663597
 20
28.06486684344683
 10
-98.31477287663597
 20
28.0159135040318
 10
-98.26791514252365
 20
27.92001860632685
 10
-98.21896180312979
 20
27.82211192756968
 10
-98.21896180312979
 20
27.72621702979183
 10
-98.21896180312979
 20
27.63459716684409
 10
-98.21896180312979
 20
27.53878609339722
  0
LWPOLYLINE
  5
2CAAB2
330
2D7C26
100
AcDbEntity
  8
0
 62
     8
100
AcDbPolyline
 90
      335
 70
     1
 43
0.0
 10
-101.3180267187395
 20
31.72622456835416
 10
-101.2754440194042
 20
31.58565136606429
 10
-101.1796329459011
 20
31.44298255841551
 10
-101.1796329459011
 20
31.26401786732583
 10
-101.0965631525125
 20
31.11707402489553
 10
-100.94961931012
 20
30.97650082255706
 10
-100.8068666782937
 20
30.92536805374371
 10
-100.9027615760078
 20
30.82947315596586
 10
-100.94961931012
 20
30.78479485138094
 10
-101.0454303836257
 20
30.68889995370029
 10
-101.0965631525125
 20
30.64204221957125
 10
-101.224311250518
 20
30.55478121559021
 10
-101.2754440194042
 20
30.50792348146119
 10
-101.3713389171212
 20
30.41202858375624
 10
-101.3713389171212
 20
30.36726645496182
 10
-101.320206148235
 20
30.26935977618035
 10
-100.0507722924542
 20
30.78479485138094
 10
-100.1018212371318
 20
30.68889995370029
 10
-100.1018212371318
 20
30.64204221957125
 10
-100.1465833659597
 20
30.55478121559021
 10
-100.2445738689582
 20
30.46316135264247
 10
-100.2445738689582
 20
30.41202858375624
 10
-100.2935272083518
 20
30.36726645496182
 10
-100.2935272083518
 20
30.31621751021218
 10
-100.3894221060668
 20
30.22032261253152
 10
-100.4362798401791
 20
30.1734648784025
 10
-100.5193496335675
 20
30.1734648784025
 10
-100.5683029729614
 20
30.1734648784025
 10
-100.6662934759599
 20
30.1734648784025
 10
-100.7621045494629
 20
30.1734648784025
 10
-100.8537244124031
 20
30.1734648784025
 10
-100.9027615760078
 20
30.1734648784025
 10
-100.998572649514
 20
30.0287004655163
 10
-100.998572649514
 20
29.94563067213159
 10
-100.998572649514
 20
29.89877293802685
 10
-100.998572649514
 20
29.84764016914062
 10
-100.94961931012
 20
29.84764016914062
 10
-100.94961931012
 20
29.8029618645557
 10
-100.9027615760078
 20
29.8029618645557
 10
-100.8537244124031
 20
29.75182909566945
 10
-100.8068666782937
 20
29.70706696677785
 10
-100.8537244124031
 20
29.56012312442044
 10
-100.9027615760078
 20
29.46431205087639
 10
-100.998572649514
 20
29.36841715319573
 10
-100.998572649514
 20
29.28534735981101
 10
-101.0454303836257
 20
29.14267855223513
 10
-101.0454303836257
 20
28.99992592040114
 10
-101.0454303836257
 20
28.90411484685709
 10
-100.9027615760078
 20
28.85507768328114
 10
-100.8537244124031
 20
28.85507768328114
 10
-100.8068666782937
 20
28.90411484685709
 10
-100.7621045494629
 20
28.99992592040114
 10
-100.7110556047878
 20
28.99992592040114
 10
-100.6662934759599
 20
29.09364138856199
 10
-100.5683029729614
 20
29.09364138856199
 10
-100.4724918994552
 20
29.09364138856199
 10
-100.3403849424619
 20
29.09364138856199
 10
-100.1977161348466
 20
29.09364138856199
 10
-100.1018212371318
 20
28.99992592040114
 10
-99.95487739473947
 20
28.95097258098611
 10
-99.85906632123421
 20
28.85507768328114
 10
-99.7291387937355
 20
28.80821994917643
 10
-99.68010163013085
 20
28.71240887563238
 10
-99.63324389601849
 20
28.62933908224765
 10
-99.63324389601849
 20
28.48239523989025
 10
-99.58429055662463
 20
28.3865003421124
 10
-99.58429055662463
 20
28.24592713984682
 10
-99.58429055662463
 20
28.14793663683156
 10
-99.58429055662463
 20
28.0159135040318
 10
-99.53743282251322
 20
27.92001860632685
 10
-99.63324389601849
 20
27.87316087222212
 10
-99.68010163013085
 20
27.82211192756968
 10
-99.7291387937355
 20
27.77734979867806
 10
-99.77599652784553
 20
27.77734979867806
 10
-99.85906632123421
 20
27.77734979867806
 10
-99.91011526590932
 20
27.77734979867806
 10
-99.95487739473947
 20
27.77734979867806
 10
-100.0060101636266
 20
27.87316087222212
 10
-100.0507722924542
 20
27.77734979867806
 10
-100.1018212371318
 20
27.72621702979183
 10
-100.1465833659597
 20
27.63459716684409
 10
-100.1977161348466
 20
27.58564382750194
 10
-100.2935272083518
 20
27.4898327539579
 10
-100.3403849424619
 20
27.44297501985317
 10
-100.4362798401791
 20
27.40458353112626
 10
-100.4362798401791
 20
27.35990522646844
 10
-100.4724918994552
 20
27.26401032876348
 10
-100.4724918994552
 20
27.21287755987724
 10
-100.4362798401791
 20
27.16819925521944
 10
-100.3894221060668
 20
27.11706648633319
 10
-100.3403849424619
 20
27.07230435753877
 10
-100.2935272083518
 20
27.02117158862824
 10
-100.2445738689582
 20
26.9743138545235
 10
-100.1977161348466
 20
26.92536051518137
 10
-100.1465833659597
 20
26.9743138545235
 10
-100.1465833659597
 20
27.02117158862824
 10
-100.1018212371318
 20
27.11706648633319
 10
-100.1018212371318
 20
27.16819925521944
 10
-100.1018212371318
 20
27.26401032876348
 10
-100.0507722924542
 20
27.30877245758219
 10
-99.91011526590932
 20
27.40458353112626
 10
-99.77599652784553
 20
27.30877245758219
 10
-99.77599652784553
 20
27.16819925521944
 10
-99.7291387937355
 20
27.07230435753877
 10
-99.7291387937355
 20
26.92536051518137
 10
-99.68010163013085
 20
26.82946561747642
 10
-99.68010163013085
 20
26.69953808988977
 10
-99.58429055662463
 20
26.65058475054765
 10
-99.48839565891056
 20
26.55259424753237
 10
-99.29886911718291
 20
26.55259424753237
 10
-99.20297421946592
 20
26.50791594289885
 10
-99.11571321551448
 20
26.45678317401261
 10
-99.02409335257198
 20
26.45678317401261
 10
-98.87714951018189
 20
26.45678317401261
 10
-98.78125461246487
 20
26.4120210451939
 10
-98.64068141013081
 20
26.4120210451939
 10
-98.50647884785621
 20
26.4120210451939
 10
-98.36381004024064
 20
26.4120210451939
 10
-98.31477287663597
 20
26.36088827630767
 10
-98.26791514252365
 20
26.31620997172273
 10
-98.21896180312979
 20
26.2650772028365
 10
-98.17210406901997
 20
26.2650772028365
 10
-98.17210406901997
 20
26.17345733991306
 10
-98.12306690541504
 20
26.12232457102682
 10
-98.07620917130343
 20
26.08611251167393
 10
-98.02516022662757
 20
26.0392547775692
 10
-98.17210406901997
 20
26.0392547775692
 10
-98.31477287663597
 20
26.08611251167393
 10
-98.45962111374388
 20
26.12232457102682
 10
-98.54487033662781
 20
26.22031507394489
 10
-98.73657630784805
 20
26.2650772028365
 10
-98.87714951018189
 20
26.31620997172273
 10
-99.02409335257198
 20
26.31620997172273
 10
-99.16676216018961
 20
26.36088827630767
 10
-99.16676216018961
 20
26.22031507394489
 10
-99.07095108668341
 20
26.17345733991306
 10
-98.97296058368489
 20
26.12232457102682
 10
-98.83238738135105
 20
26.12232457102682
 10
-98.73657630784805
 20
26.08611251167393
 10
-98.58954864124465
 20
26.08611251167393
 10
-98.50647884785621
 20
26.0392547775692
 10
-98.41066777435008
 20
25.94344370409803
 10
-99.44153792479824
 20
26.17345733991306
 10
-99.48839565891056
 20
26.08611251167393
 10
-99.48839565891056
 20
25.99457647298428
 10
-99.39258458540464
 20
25.94344370409803
 10
-99.29886911718291
 20
25.94344370409803
 10
-99.16676216018961
 20
25.94344370409803
 10
-99.07095108668341
 20
25.89868157527931
 10
-98.97296058368489
 20
25.84754880639308
 10
-98.92819845485725
 20
25.75173773284902
 10
-98.83238738135105
 20
25.7048799987443
 10
-98.87714951018189
 20
25.65592665940215
 10
-98.92819845485725
 20
25.60906892527313
 10
-98.97296058368489
 20
25.60906892527313
 10
-99.02409335257198
 20
25.60906892527313
 10
-99.11571321551448
 20
25.60906892527313
 10
-99.20297421946592
 20
25.60906892527313
 10
-99.20297421946592
 20
25.65592665940215
 10
-99.44153792479824
 20
25.7048799987443
 10
-99.53743282251322
 20
25.7048799987443
 10
-99.63324389601849
 20
25.7048799987443
 10
-99.7291387937355
 20
25.7048799987443
 10
-99.77599652784553
 20
25.75173773284902
 10
-99.85906632123421
 20
25.75173773284902
 10
-99.95487739473947
 20
25.75173773284902
 10
-100.0507722924542
 20
25.80069107228836
 10
-100.1018212371318
 20
25.84754880639308
 10
-100.2935272083518
 20
26.08611251167393
 10
-100.3894221060668
 20
26.36088827630767
 10
-100.4362798401791
 20
26.65058475054765
 10
-100.4724918994552
 20
26.9743138545235
 10
-100.6151607070728
 20
27.21287755987724
 10
-100.7110556047878
 20
27.4898327539579
 10
-100.8537244124031
 20
27.72621702979183
 10
-101.0454303836257
 20
27.96905576990278
 10
-101.128500177014
 20
28.06486684344683
 10
-101.1796329459011
 20
28.19479437096058
 10
-101.224311250518
 20
28.34182203755176
 10
-101.2754440194042
 20
28.48239523989025
 10
-101.4181966512335
 20
28.57820631336141
 10
-101.5140077247365
 20
28.67410121106636
 10
-101.6588559618474
 20
28.7592666097371
 10
-101.7887834893451
 20
28.85507768328114
 10
-101.8399162582344
 20
28.80821994917643
 10
-101.8846783870624
 20
28.80821994917643
 10
-101.9357273317375
 20
28.7592666097371
 10
-101.9804894605661
 20
28.71240887563238
 10
-102.0316222294548
 20
28.71240887563238
 10
-102.0316222294548
 20
28.67410121106636
 10
-102.0316222294548
 20
28.53344418454269
 10
-101.9804894605661
 20
28.48239523989025
 10
-101.8846783870624
 20
28.43763311099863
 10
-101.7887834893451
 20
28.43763311099863
 10
-101.7057136959568
 20
28.3865003421124
 10
-101.6099026224537
 20
28.34182203755176
 10
-101.5140077247365
 20
28.29068926864124
 10
-101.4181966512335
 20
28.29068926864124
 10
-101.3713389171212
 20
28.09898329741653
 10
-101.320206148235
 20
27.92001860632685
 10
-101.320206148235
 20
27.72621702979183
 10
-101.320206148235
 20
27.58564382750194
 10
-101.3713389171212
 20
27.40458353112626
 10
-101.4181966512335
 20
27.21287755987724
 10
-101.4671499906251
 20
27.02117158862824
 10
-101.5140077247365
 20
26.87850278105235
 10
-101.7057136959568
 20
26.69953808988977
 10
-101.8846783870624
 20
26.65058475054765
 10
-102.0763005340716
 20
26.65058475054765
 10
-102.219053165898
 20
26.69953808988977
 10
-102.4490668016794
 20
26.69953808988977
 10
-102.6407727728997
 20
26.69953808988977
 10
-102.8324787441199
 20
26.69953808988977
 10
-103.0241847153422
 20
26.69953808988977
 10
-103.0582173451259
 20
26.60372701644293
 10
-103.0582173451259
 20
26.50791594289885
 10
-103.0582173451259
 20
26.4120210451939
 10
-103.0582173451259
 20
26.36088827630767
 10
-103.0582173451259
 20
26.2650772028365
 10
-103.0582173451259
 20
26.22031507394489
 10
-103.0582173451259
 20
26.12232457102682
 10
-103.0582173451259
 20
26.08611251167393
 10
-103.0241847153422
 20
25.94344370409803
 10
-102.9751475517375
 20
25.94344370409803
 10
-102.9282898176259
 20
25.94344370409803
 10
-102.879336478232
 20
25.99457647298428
 10
-102.879336478232
 20
26.0392547775692
 10
-102.8324787441199
 20
26.12232457102682
 10
-102.8324787441199
 20
26.17345733991306
 10
-102.736667670616
 20
26.22031507394489
 10
-102.5449616993957
 20
26.17345733991306
 10
-102.5449616993957
 20
25.99457647298428
 10
-102.5449616993957
 20
25.84754880639308
 10
-102.5449616993957
 20
25.7048799987443
 10
-102.4938289305073
 20
25.56003176162433
 10
-102.4490668016794
 20
25.37897146522432
 10
-102.365997008291
 20
25.23839826295875
 10
-102.2680065052916
 20
25.14258718941468
 10
-102.0763005340716
 20
25.09145442052846
 10
-102.0763005340716
 20
25.04669229170974
 10
-101.9804894605661
 20
24.9955595228235
 10
-101.9357273317375
 20
24.9955595228235
 10
-101.8399162582344
 20
24.9955595228235
 10
-101.7887834893451
 20
24.95088121816568
 10
-101.7057136959568
 20
24.89974844927945
 10
-101.6588559618474
 20
24.85289071524761
 10
-101.5630448883414
 20
24.81667865589472
 10
-101.5630448883414
 20
24.67400984831883
 10
-101.7887834893451
 20
24.67400984831883
 10
-101.8846783870624
 20
24.72086758244785
 10
-101.9804894605661
 20
24.81667865589472
 10
-102.0763005340716
 20
24.89974844927945
 10
-102.1274333029585
 20
24.9955595228235
 10
-102.2680065052916
 20
25.04669229170974
 10
-102.365997008291
 20
25.09145442052846
 10
-102.4490668016794
 20
25.09145442052846
 10
-102.5449616993957
 20
25.14258718941468
 10
-102.5896400040126
 20
25.04669229170974
 10
-102.5896400040126
 20
24.95088121816568
 10
-102.4938289305073
 20
24.89974844927945
 10
-102.4490668016794
 20
24.85289071524761
 10
-102.3148642394039
 20
24.85289071524761
 10
-102.2680065052916
 20
24.81667865589472
 10
-102.1721954317886
 20
24.76982092179
 10
-102.0763005340716
 20
24.72086758244785
 10
-101.9804894605661
 20
24.67400984831883
 10
-102.0316222294548
 20
24.53125721650915
 10
-102.3148642394039
 20
24.53125721650915
 10
-102.4022090675671
 20
24.57811495061387
 10
-102.4490668016794
 20
24.67400984831883
 10
-102.5449616993957
 20
24.72086758244785
 10
-102.5896400040126
 20
24.85289071524761
 10
-102.6876305070111
 20
24.89974844927945
 10
-102.7835254047261
 20
24.9955595228235
 10
-102.879336478232
 20
25.09145442052846
 10
-102.9282898176259
 20
25.18726549407251
 10
-103.0582173451259
 20
25.04669229170974
 10
-103.0582173451259
 20
24.95088121816568
 10
-102.9751475517375
 20
24.89974844927945
 10
-102.9751475517375
 20
24.85289071524761
 10
-102.879336478232
 20
24.81667865589472
 10
-102.8324787441199
 20
24.76982092179
 10
-102.7835254047261
 20
24.72086758244785
 10
-102.736667670616
 20
24.67400984831883
 10
-102.6407727728997
 20
24.6249726847429
 10
-102.736667670616
 20
24.53125721650915
 10
-102.9751475517375
 20
24.53125721650915
 10
-103.0582173451259
 20
24.53125721650915
 10
-103.0582173451259
 20
24.57811495061387
 10
-103.1541122428409
 20
24.57811495061387
 10
-103.2499233163462
 20
24.6249726847429
 10
-103.2499233163462
 20
24.67400984831883
 10
-103.3458182140609
 20
26.60372701644293
 10
-103.2499233163462
 20
26.7826078833474
 10
-103.1541122428409
 20
27.02117158862824
 10
-103.1541122428409
 20
27.26401032876348
 10
-103.1541122428409
 20
27.53878609339722
 10
-103.2499233163462
 20
27.82211192756968
 10
-103.2499233163462
 20
28.09898329741653
 10
-103.3010560852331
 20
28.3865003421124
 10
-103.2499233163462
 20
28.67410121106636
 10
-103.3969509829503
 20
28.80821994917643
 10
-103.4927620564533
 20
28.95097258098611
 10
-103.5886569541703
 20
29.14267855223513
 10
-103.5886569541703
 20
29.36841715319573
 10
-103.6355146882797
 20
29.51536099562602
 10
-103.5886569541703
 20
29.70706696677785
 10
-103.5396197905656
 20
29.89877293802685
 10
-103.3969509829503
 20
30.07765380493136
 10
-102.5449616993957
 20
30.64204221957125
 10
-102.6876305070111
 20
30.46316135264247
 10
-102.8324787441199
 20
30.31621751021218
 10
-102.9751475517375
 20
30.1734648784025
 10
-103.109350114013
 20
30.0287004655163
 10
-103.2499233163462
 20
29.84764016914062
 10
-103.3010560852331
 20
29.70706696677785
 10
-103.3969509829503
 20
29.51536099562602
 10
-103.3458182140609
 20
29.33438452338695
 10
-103.3458182140609
 20
29.23848962568198
 10
-103.2499233163462
 20
29.14267855223513
 10
-103.2052450117271
 20
29.04678365445727
 10
-103.0582173451259
 20
29.04678365445727
 10
-102.9751475517375
 20
28.99992592040114
 10
-102.879336478232
 20
28.95097258098611
 10
-102.7835254047261
 20
28.95097258098611
 10
-102.6407727728997
 20
29.04678365445727
 10
-102.4938289305073
 20
29.04678365445727
 10
-102.365997008291
 20
29.14267855223513
 10
-102.2680065052916
 20
29.23848962568198
 10
-102.1274333029585
 20
29.36841715319573
 10
-102.0763005340716
 20
29.46431205087639
 10
-101.9357273317375
 20
29.61125589330669
 10
-101.8846783870624
 20
29.8029618645557
 10
-101.7547508595614
 20
29.99466783573181
 10
-101.3180267187395
 20
31.72622456835416
  0
LWPOLYLINE
  5
2CAAB3
330
2D7C26
100
AcDbEntity
  8
0
 62
     8
100
AcDbPolyline
 90
     1425
 70
     1
 43
0.0
 10
-94.69071692571381
 20
26.22015494852786
 10
-97.15165940577641
 20
27.51638071857285
 10
-97.51971910117617
 20
29.02318471028559
 10
-97.51182075668637
 20
30.60373455500525
 10
-97.60763183019024
 20
30.60373455500525
 10
-97.65876459907872
 20
30.60373455500525
 10
-97.75038446201893
 20
30.60373455500525
 10
-97.80151723090581
 20
30.50792348146119
 10
-97.80151723090581
 20
30.46316135264247
 10
-97.80151723090581
 20
30.41202858375624
 10
-97.80151723090581
 20
30.36726645496182
 10
-97.92926532891121
 20
30.26935977618035
 10
-98.07620917130343
 20
30.26935977618035
 10
-98.21896180312979
 20
30.26935977618035
 10
-98.36381004024064
 20
30.31621751021218
 10
-98.50647884785621
 20
30.36726645496182
 10
-98.64068141013081
 20
30.46316135264247
 10
-98.78125461246487
 20
30.50792348146119
 10
-98.87714951018189
 20
30.60373455500525
 10
-99.07095108668341
 20
30.46316135264247
 10
-99.24983195357825
 20
30.31621751021218
 10
-99.44153792479824
 20
30.1734648784025
 10
-99.58429055662463
 20
30.07765380493136
 10
-99.82494986723942
 20
29.94563067213159
 10
-100.0060101636266
 20
29.84764016914062
 10
-100.2445738689582
 20
29.75182909566945
 10
-100.4362798401791
 20
29.70706696677785
 10
-100.4362798401791
 20
29.46431205087639
 10
-100.2935272083518
 20
29.41745431677166
 10
-100.1465833659597
 20
29.36841715319573
 10
-100.0060101636266
 20
29.28534735981101
 10
-99.85906632123421
 20
29.23848962568198
 10
-99.77599652784553
 20
29.09364138856199
 10
-99.63324389601849
 20
28.95097258098611
 10
-99.53743282251322
 20
28.80821994917643
 10
-99.39258458540464
 20
28.67410121106636
 10
-99.39258458540464
 20
28.43763311099863
 10
-99.34572685129229
 20
28.19479437096058
 10
-99.39258458540464
 20
27.96905576990278
 10
-99.39258458540464
 20
27.77734979867806
 10
-99.48839565891056
 20
27.53878609339722
 10
-99.48839565891056
 20
27.35990522646844
 10
-99.53743282251322
 20
27.11706648633319
 10
-99.44153792479824
 20
26.92536051518137
 10
-99.29886911718291
 20
26.7463958240188
 10
-99.11571321551448
 20
26.69953808988977
 10
-98.92819845485725
 20
26.60372701644293
 10
-98.68544353896096
 20
26.60372701644293
 10
-98.50647884785621
 20
26.55259424753237
 10
-98.31477287663597
 20
26.50791594289885
 10
-98.12306690541504
 20
26.4120210451939
 10
-97.88458702429444
 20
26.31620997172273
 10
-97.75038446201893
 20
26.17345733991306
 10
-97.75038446201893
 20
26.12232457102682
 10
-97.70352672790659
 20
26.08611251167393
 10
-97.65876459907872
 20
26.08611251167393
 10
-97.60763183019024
 20
26.0392547775692
 10
-97.56295352557344
 20
26.0392547775692
 10
-97.51182075668637
 20
25.99457647298428
 10
-97.41592585897002
 20
25.99457647298428
 10
-97.56295352557344
 20
25.84754880639308
 10
-97.70352672790659
 20
25.80069107228836
 10
-97.84619553552261
 20
25.7048799987443
 10
-97.92926532891121
 20
25.7048799987443
 10
-98.12306690541504
 20
25.65592665940215
 10
-98.26791514252365
 20
25.60906892527313
 10
-98.45962111374388
 20
25.56003176162433
 10
-98.58954864124465
 20
25.56003176162433
 10
-98.64068141013081
 20
25.43010423411056
 10
-99.07095108668341
 20
25.37897146522432
 10
-99.44153792479824
 20
25.23839826295875
 10
-99.77599652784553
 20
25.04669229170974
 10
-100.0507722924542
 20
24.81667865589472
 10
-100.3403849424619
 20
24.48230387709413
 10
-100.6151607070728
 20
24.16067037835566
 10
-100.9027615760078
 20
23.82202056474924
 10
-101.128500177014
 20
23.54724480013981
 10
-101.5140077247365
 20
23.35553882896369
 10
-101.8399162582344
 20
23.25754832594844
 10
-102.219053165898
 20
23.16165342824348
 10
-102.5449616993957
 20
23.11697512360996
 10
-102.9751475517375
 20
23.021080225905
 10
-103.3010560852331
 20
22.92526915236094
 10
-103.6801929928995
 20
22.74420885598527
 10
-103.9570643627896
 20
22.55250288480914
 10
-104.2446652317269
 20
22.55250288480914
 10
-104.3788677940017
 20
22.60363565362249
 10
-104.4746788675077
 20
22.6483977825141
 10
-104.5194409963355
 20
22.74420885598527
 10
-104.6663848387278
 20
22.7953416248715
 10
-104.713242572838
 20
22.89115269841555
 10
-104.8090536463432
 20
22.92526915236094
 10
-104.8580908099488
 20
23.07011738948093
 10
-104.8580908099488
 20
23.30868109485897
 10
-104.8090536463432
 20
23.30868109485897
 10
-104.7621959122318
 20
23.30868109485897
 10
-104.713242572838
 20
23.35553882896369
 10
-104.6663848387278
 20
23.35553882896369
 10
-104.6152520698417
 20
23.35553882896369
 10
-104.5705737652226
 20
23.35553882896369
 10
-104.4746788675077
 20
23.40449216830584
 10
-104.5194409963355
 20
23.45134990243486
 10
-104.5705737652226
 20
23.50038706601079
 10
-104.6152520698417
 20
23.54724480013981
 10
-104.6152520698417
 20
23.63031459350024
 10
-104.6663848387278
 20
23.67926793293957
 10
-104.713242572838
 20
23.77725843593052
 10
-104.7621959122318
 20
23.82202056474924
 10
-104.8090536463432
 20
23.91783163829331
 10
-105.0838294109528
 20
23.77725843593052
 10
-105.3714302798901
 20
23.67926793293957
 10
-105.6483016497802
 20
23.54724480013981
 10
-105.884769749831
 20
23.50038706601079
 10
-106.1743823998388
 20
23.45134990243486
 10
-106.4044798598309
 20
23.45134990243486
 10
-106.6919969045548
 20
23.50038706601079
 10
-106.9177355055608
 20
23.67926793293957
 10
-107.0583087078949
 20
23.67926793293957
 10
-107.1562992108934
 20
23.77725843593052
 10
-107.2053363744958
 20
23.87306950940169
 10
-107.2521941086074
 20
24.01364271176446
 10
-107.3011474480013
 20
24.10953760944511
 10
-107.3480051821136
 20
24.24374017181327
 10
-107.3970423457183
 20
24.33955124526014
 10
-107.4439000798284
 20
24.48230387709413
 10
-107.5780188178921
 20
24.53125721650915
 10
-107.6739137156091
 20
24.6249726847429
 10
-107.7697247891144
 20
24.67400984831883
 10
-107.8656196868294
 20
24.76982092179
 10
-108.0061928891632
 20
24.81667865589472
 10
-108.1488616967785
 20
24.85289071524761
 10
-108.2830642590556
 20
24.89974844927945
 10
-108.3789591567704
 20
24.9955595228235
 10
-106.4044798598309
 20
24.67400984831883
 10
-106.4044798598309
 20
24.6249726847429
 10
-106.3533470909444
 20
24.57811495061387
 10
-106.3533470909444
 20
24.53125721650915
 10
-106.270277297556
 20
24.48230387709413
 10
-106.270277297556
 20
24.38640897938916
 10
-106.270277297556
 20
24.2905979058451
 10
-106.3064893568321
 20
24.24374017181327
 10
-106.3533470909444
 20
24.24374017181327
 10
-106.4044798598309
 20
24.19470300814015
 10
-106.4491581644477
 20
24.19470300814015
 10
-106.5002909333345
 20
24.16067037835566
 10
-106.5450530621647
 20
24.16067037835566
 10
-106.5961020068397
 20
24.16067037835566
 10
-106.5961020068397
 20
24.10953760944511
 10
-106.5961020068397
 20
24.06477548065069
 10
-106.5450530621647
 20
24.06477548065069
 10
-106.4491581644477
 20
24.06477548065069
 10
-106.4044798598309
 20
24.01364271176446
 10
-106.3064893568321
 20
24.01364271176446
 10
-106.270277297556
 20
24.06477548065069
 10
-106.1743823998388
 20
24.10953760944511
 10
-106.1275246657267
 20
24.19470300814015
 10
-106.0317135922234
 20
24.33955124526014
 10
-105.9826764286188
 20
24.43544614296509
 10
-105.8400076210034
 20
24.57811495061387
 10
-105.7888748521141
 20
24.67400984831883
 10
-105.6483016497802
 20
24.76982092179
 10
-105.5140990875054
 20
24.85289071524761
 10
-105.3714302798901
 20
24.95088121816568
 10
-105.3714302798901
 20
25.09145442052846
 10
-105.6483016497802
 20
25.23839826295875
 10
-105.9358186945064
 20
25.28316039177747
 10
-106.2234195634436
 20
25.23839826295875
 10
-106.4491581644477
 20
25.18726549407251
 10
-106.7367590333849
 20
25.09145442052846
 10
-107.0136304032758
 20
25.09145442052846
 10
-107.3011474480013
 20
25.14258718941468
 10
-107.5397111533336
 20
25.33429316066371
 10
-107.5780188178921
 20
25.33429316066371
 10
-107.5780188178921
 20
25.37897146522432
 10
-107.6227809467223
 20
25.43010423411056
 10
-107.6227809467223
 20
25.47696196823959
 10
-107.6227809467223
 20
25.51317402756819
 10
-107.6227809467223
 20
25.56003176162433
 10
-107.5780188178921
 20
25.65592665940215
 10
-107.1562992108934
 20
25.7048799987443
 10
-106.7367590333849
 20
25.7048799987443
 10
-106.3064893568321
 20
25.65592665940215
 10
-105.884769749831
 20
25.56003176162433
 10
-105.5631362511101
 20
25.37897146522432
 10
-105.1797243086691
 20
25.14258718941468
 10
-104.8090536463432
 20
24.85289071524761
 10
-104.4235460986192
 20
24.57811495061387
 10
-104.3277350251155
 20
24.48230387709413
 10
-104.2446652317269
 20
24.43544614296509
 10
-104.1487703340099
 20
24.43544614296509
 10
-104.0061015263945
 20
24.43544614296509
 10
-103.9102066286773
 20
24.43544614296509
 10
-103.767537821062
 20
24.43544614296509
 10
-103.6355146882797
 20
24.43544614296509
 10
-103.4927620564533
 20
24.43544614296509
 10
-103.4416292875671
 20
24.57811495061387
 10
-103.9528731522259
 20
24.85289071524761
 10
-103.767537821062
 20
24.89974844927945
 10
-103.7185844816681
 20
25.04669229170974
 10
-103.6801929928995
 20
25.23839826295875
 10
-103.6801929928995
 20
25.43010423411056
 10
-103.6355146882797
 20
25.65592665940215
 10
-103.6801929928995
 20
25.80069107228836
 10
-103.6801929928995
 20
26.0392547775692
 10
-103.7185844816681
 20
26.22031507394489
 10
-103.767537821062
 20
26.45678317401261
 10
-103.6355146882797
 20
26.65058475054765
 10
-103.4927620564533
 20
26.92536051518137
 10
-103.4927620564533
 20
27.16819925521944
 10
-103.4416292875671
 20
27.44297501985317
 10
-103.5396197905656
 20
27.72621702979183
 10
-103.5886569541703
 20
28.0159135040318
 10
-103.6801929928995
 20
28.29068926864124
 10
-103.6801929928995
 20
28.62933908224765
 10
-103.8633488945681
 20
28.99992592040114
 10
-103.8633488945681
 20
29.46431205087639
 10
-103.8143955551743
 20
29.94563067213159
 10
-103.7185844816681
 20
30.46316135264247
 10
-103.7185844816681
 20
30.92536805374371
 10
-103.7185844816681
 20
31.44298255841551
 10
-103.9570643627896
 20
31.87316841078446
 10
-104.2936185711207
 20
32.29069680722787
 10
-104.4235460986192
 20
32.19480190952291
 10
-104.4235460986192
 20
32.05422870716015
 10
-104.3277350251155
 20
31.92430117967069
 10
-104.2936185711207
 20
31.82849010612665
 10
-104.1487703340099
 20
31.73259520842169
 10
-104.1019125999005
 20
31.58565136606429
 10
-104.0061015263945
 20
31.44298255841551
 10
-103.9570643627896
 20
31.29813432129552
 10
-103.8633488945681
 20
31.16820679380607
 10
-103.9570643627896
 20
30.88060592485209
 10
-104.1019125999005
 20
30.78479485138094
 10
-104.1487703340099
 20
30.73793711727621
 10
-104.1978074976146
 20
30.64204221957125
 10
-104.2446652317269
 20
30.60373455500525
 10
-104.3277350251155
 20
30.50792348146119
 10
-104.4235460986192
 20
30.46316135264247
 10
-104.5194409963355
 20
30.36726645496182
 10
-104.5705737652226
 20
30.36726645496182
 10
-104.7621959122318
 20
30.41202858375624
 10
-104.8090536463432
 20
30.41202858375624
 10
-104.8580908099488
 20
30.46316135264247
 10
-104.9049485440605
 20
30.46316135264247
 10
-104.9049485440605
 20
30.50792348146119
 10
-104.9539018834541
 20
30.50792348146119
 10
-104.9880183374489
 20
30.50792348146119
 10
-104.9880183374489
 20
30.55478121559021
 10
-104.9539018834541
 20
30.68889995370029
 10
-105.0369716768427
 20
30.68889995370029
 10
-105.0838294109528
 20
30.73793711727621
 10
-105.1797243086691
 20
30.73793711727621
 10
-105.230857077556
 20
30.78479485138094
 10
-105.3714302798901
 20
30.78479485138094
 10
-105.4672413533953
 20
30.82947315596586
 10
-105.5631362511101
 20
30.82947315596586
 10
-105.6099939852217
 20
30.92536805374371
 10
-105.5631362511101
 20
31.07231189610109
 10
-105.4672413533953
 20
31.26401786732583
 10
-105.3714302798901
 20
31.44298255841551
 10
-105.230857077556
 20
31.73259520842169
 10
-105.1797243086691
 20
31.92430117967069
 10
-105.0838294109528
 20
32.15012360486509
 10
-105.0369716768427
 20
32.43764064958527
 10
-104.9880183374489
 20
32.71241641419472
 10
-104.9539018834541
 20
32.71241641419472
 10
-104.9049485440605
 20
32.75927414832374
 10
-104.8580908099488
 20
32.81040691720998
 10
-104.8090536463432
 20
32.85508522184351
 10
-104.7621959122318
 20
32.90621799075402
 10
-104.713242572838
 20
33.00211288843468
 10
-104.8090536463432
 20
33.14268609072457
 10
-104.8580908099488
 20
33.27688865306843
 10
-104.9539018834541
 20
33.41955746064432
 10
-104.9539018834541
 20
33.61126343189332
 10
-105.0369716768427
 20
33.75393223946921
 10
-105.0369716768427
 20
33.9328969306318
 10
-104.9880183374489
 20
34.12460290178359
 10
-104.8580908099488
 20
34.31630887303261
 10
-104.8090536463432
 20
34.31630887303261
 10
-104.713242572838
 20
34.36735781768506
 10
-104.6152520698417
 20
34.41211994657667
 10
-104.5194409963355
 20
34.51011044949473
 10
-104.4746788675077
 20
34.51011044949473
 10
-104.3788677940017
 20
34.59318024295234
 10
-104.2936185711207
 20
34.64213358229449
 10
-104.1487703340099
 20
34.73802847999944
 10
-104.1487703340099
 20
34.83383955354348
 10
-104.1487703340099
 20
34.88069728767252
 10
-104.1487703340099
 20
34.97659218537748
 10
-104.1487703340099
 20
35.02772495426372
 10
-104.1487703340099
 20
35.11926099295337
 10
-104.1487703340099
 20
35.15547305228196
 10
-104.1019125999005
 20
35.25346355529725
 10
-104.0061015263945
 20
35.29822568409165
 10
-102.736667670616
 20
33.98402969944512
 10
-102.736667670616
 20
33.9328969306318
 10
-102.6876305070111
 20
33.9328969306318
 10
-102.6407727728997
 20
33.9328969306318
 10
-102.5896400040126
 20
33.9328969306318
 10
-102.5449616993957
 20
33.88603919650275
 10
-102.4938289305073
 20
33.88603919650275
 10
-102.4490668016794
 20
33.88603919650275
 10
-102.365997008291
 20
33.88603919650275
 10
-102.4022090675671
 20
33.70707450534017
 10
-102.5896400040126
 20
33.5644056977643
 10
-102.736667670616
 20
33.51536853418835
 10
-102.9282898176259
 20
33.46851080005933
 10
-103.0582173451259
 20
33.46851080005933
 10
-103.2499233163462
 20
33.46851080005933
 10
-103.3969509829503
 20
33.46851080005933
 10
-103.5396197905656
 20
33.51536853418835
 10
-103.6355146882797
 20
33.65812116599804
 10
-103.7185844816681
 20
33.65812116599804
 10
-103.767537821062
 20
33.65812116599804
 10
-103.8633488945681
 20
33.70707450534017
 10
-103.9102066286773
 20
33.75393223946921
 10
-104.0061015263945
 20
33.75393223946921
 10
-104.0529592605069
 20
33.75393223946921
 10
-104.1487703340099
 20
33.75393223946921
 10
-104.1978074976146
 20
33.75393223946921
 10
-104.2446652317269
 20
33.41955746064432
 10
-104.1978074976146
 20
33.27688865306843
 10
-102.2680065052916
 20
32.10326587076038
 10
-102.1721954317886
 20
32.10326587076038
 10
-102.0316222294548
 20
32.15012360486509
 10
-101.8846783870624
 20
32.19480190952291
 10
-101.7057136959568
 20
32.34182957611411
 10
-101.6099026224537
 20
32.43764064958527
 10
-101.4671499906251
 20
32.56756817707472
 10
-101.3713389171212
 20
32.71241641419472
 10
-101.224311250518
 20
32.95098011954845
 10
-101.1796329459011
 20
32.95098011954845
 10
-101.0965631525125
 20
32.95098011954845
 10
-100.998572649514
 20
33.00211288843468
 10
-100.9027615760078
 20
33.14268609072457
 10
-100.8537244124031
 20
33.1938188596108
 10
-100.8068666782937
 20
33.32374638710025
 10
-100.7621045494629
 20
33.41955746064432
 10
-100.6151607070728
 20
33.5644056977643
 10
-100.7110556047878
 20
33.70707450534017
 10
-100.7110556047878
 20
33.88603919650275
 10
-100.7110556047878
 20
34.07984077298917
 10
-100.6662934759599
 20
34.2715467442139
 10
-100.6662934759599
 20
34.41211994657667
 10
-100.6151607070728
 20
34.59318024295234
 10
-100.5683029729614
 20
34.78488621412847
 10
-100.5193496335675
 20
35.02772495426372
 10
-100.5193496335675
 20
34.97659218537748
 10
-100.5193496335675
 20
34.93183005655878
 10
-100.5193496335675
 20
34.88069728767252
 10
-100.4724918994552
 20
34.88069728767252
 10
-100.4724918994552
 20
34.78488621412847
 10
-100.4362798401791
 20
34.78488621412847
 10
-100.3894221060668
 20
34.68899131642351
 10
-100.3403849424619
 20
34.68899131642351
 10
-100.3894221060668
 20
34.59318024295234
 10
-100.4362798401791
 20
34.54632250884762
 10
-100.4362798401791
 20
34.46325271539001
 10
-100.4362798401791
 20
34.41211994657667
 10
-100.4362798401791
 20
34.31630887303261
 10
-100.4362798401791
 20
34.2715467442139
 10
-100.4362798401791
 20
34.22041397532766
 10
-100.3894221060668
 20
34.17573567066984
 10
-100.3403849424619
 20
34.17573567066984
 10
-100.3403849424619
 20
34.22041397532766
 10
-100.2935272083518
 20
34.31630887303261
 10
-100.2935272083518
 20
34.36735781768506
 10
-100.2935272083518
 20
34.41211994657667
 10
-100.2445738689582
 20
34.46325271539001
 10
-100.1018212371318
 20
34.51011044949473
 10
-100.1018212371318
 20
34.36735781768506
 10
-100.0507722924542
 20
34.22041397532766
 10
-100.0060101636266
 20
34.07984077298917
 10
-99.95487739473947
 20
33.9328969306318
 10
-99.95487739473947
 20
33.75393223946921
 10
-99.91011526590932
 20
33.61126343189332
 10
-99.82494986723942
 20
33.46851080005933
 10
-99.68010163013085
 20
33.32374638710025
 10
-99.53743282251322
 20
33.32374638710025
 10
-99.58429055662463
 20
33.51536853418835
 10
-99.58429055662463
 20
33.80296940304513
 10
-99.63324389601849
 20
34.07984077298917
 10
-99.63324389601849
 20
34.36735781768506
 10
-99.77599652784553
 20
34.59318024295234
 10
-99.85906632123421
 20
34.83383955354348
 10
-100.0507722924542
 20
35.02772495426372
 10
-100.2935272083518
 20
35.2066058211682
 10
-100.2935272083518
 20
35.39403675756279
 10
-100.2445738689582
 20
35.39403675756279
 10
-100.1977161348466
 20
35.34927462874409
 10
-100.1465833659597
 20
35.34927462874409
 10
-100.1018212371318
 20
35.29822568409165
 10
-100.0507722924542
 20
35.29822568409165
 10
-100.0060101636266
 20
35.25346355529725
 10
-99.91011526590932
 20
35.25346355529725
 10
-99.85906632123421
 20
35.25346355529725
 10
-99.82494986723942
 20
35.29822568409165
 10
-99.77599652784553
 20
35.34927462874409
 10
-99.77599652784553
 20
35.39403675756279
 10
-99.77599652784553
 20
35.48993165526776
 10
-99.77599652784553
 20
35.54098059999311
 10
-99.7291387937355
 20
35.63687549769806
 10
-99.82494986723942
 20
35.63687549769806
 10
-99.91011526590932
 20
35.63687549769806
 10
-99.91011526590932
 20
35.68373323182708
 10
-99.95487739473947
 20
35.68373323182708
 10
-100.0060101636266
 20
35.73268657116921
 10
-100.0060101636266
 20
35.77954430527395
 10
-100.0060101636266
 20
35.81575636462684
 10
-99.95487739473947
 20
35.91165126233179
 10
-99.68010163013085
 20
35.86261409873156
 10
-98.45962111374388
 20
35.07240325889724
 10
-98.36381004024064
 20
35.2066058211682
 10
-98.50647884785621
 20
35.25346355529725
 10
-98.54487033662781
 20
35.34927462874409
 10
-98.68544353896096
 20
35.39403675756279
 10
-98.73657630784805
 20
35.48993165526776
 10
-98.83238738135105
 20
35.54098059999311
 10
-98.92819845485725
 20
35.58574272881183
 10
-99.07095108668341
 20
35.63687549769806
 10
-99.16676216018961
 20
35.68373323182708
 10
-98.87714951018189
 20
35.77954430527395
 10
-98.83238738135105
 20
35.91165126233179
 10
-98.92819845485725
 20
35.91165126233179
 10
-98.97296058368489
 20
36.00746233577865
 10
-99.02409335257198
 20
36.00746233577865
 10
-99.07095108668341
 20
36.10545283879391
 10
-99.16676216018961
 20
36.10545283879391
 10
-99.20297421946592
 20
36.15021496761264
 10
-99.29886911718291
 20
36.20126391233796
 10
-99.34572685129229
 20
36.24602604113238
 10
-99.11571321551448
 20
36.39296988348978
 10
-99.29886911718291
 20
36.39296988348978
 10
-99.44153792479824
 20
36.4377320123814
 10
-99.63324389601849
 20
36.4377320123814
 10
-99.77599652784553
 20
36.47603967694741
 10
-100.0060101636266
 20
36.4377320123814
 10
-100.1977161348466
 20
36.4377320123814
 10
-100.3894221060668
 20
36.39296988348978
 10
-100.5193496335675
 20
36.39296988348978
 10
-100.6662934759599
 20
36.20126391233796
 10
-100.8068666782937
 20
36.10545283879391
 10
-100.998572649514
 20
36.00746233577865
 10
-101.128500177014
 20
36.00746233577865
 10
-101.3713389171212
 20
35.95850899643651
 10
-101.5630448883414
 20
35.91165126233179
 10
-101.7057136959568
 20
35.86261409873156
 10
-101.8399162582344
 20
35.86261409873156
 10
-101.8846783870624
 20
35.73268657116921
 10
-101.8846783870624
 20
35.68373323182708
 10
-101.9357273317375
 20
35.63687549769806
 10
-101.9804894605661
 20
35.63687549769806
 10
-102.0763005340716
 20
35.58574272881183
 10
-102.0763005340716
 20
35.54098059999311
 10
-102.1274333029585
 20
35.48993165526776
 10
-102.1274333029585
 20
35.44516952644904
 10
-102.0763005340716
 20
35.34927462874409
 10
-102.0316222294548
 20
35.25346355529725
 10
-101.9357273317375
 20
35.25346355529725
 10
-101.8846783870624
 20
35.25346355529725
 10
-101.7887834893451
 20
35.29822568409165
 10
-101.7547508595614
 20
35.29822568409165
 10
-101.6099026224537
 20
35.29822568409165
 10
-101.5630448883414
 20
35.29822568409165
 10
-101.4181966512335
 20
35.29822568409165
 10
-101.4181966512335
 20
35.2066058211682
 10
-101.4181966512335
 20
35.15547305228196
 10
-101.3713389171212
 20
35.11926099295337
 10
-101.320206148235
 20
35.11926099295337
 10
-101.320206148235
 20
35.07240325889724
 10
-101.2754440194042
 20
35.02772495426372
 10
-101.224311250518
 20
34.97659218537748
 10
-101.1796329459011
 20
34.93183005655878
 10
-101.2754440194042
 20
34.73802847999944
 10
-101.3713389171212
 20
34.64213358229449
 10
-101.4671499906251
 20
34.64213358229449
 10
-101.5630448883414
 20
34.64213358229449
 10
-101.6099026224537
 20
34.64213358229449
 10
-101.7547508595614
 20
34.59318024295234
 10
-101.7887834893451
 20
34.59318024295234
 10
-101.8846783870624
 20
34.54632250884762
 10
-101.7887834893451
 20
34.31630887303261
 10
-101.7547508595614
 20
34.22041397532766
 10
-101.6588559618474
 20
34.22041397532766
 10
-101.5630448883414
 20
34.22041397532766
 10
-101.4671499906251
 20
34.22041397532766
 10
-101.3713389171212
 20
34.22041397532766
 10
-101.2754440194042
 20
34.2715467442139
 10
-101.1796329459011
 20
34.2715467442139
 10
-101.0454303836257
 20
34.31630887303261
 10
-100.9027615760078
 20
34.17573567066984
 10
-100.9027615760078
 20
33.88603919650275
 10
-101.8399162582344
 20
33.1938188596108
 10
-101.8399162582344
 20
33.09792396190585
 10
-101.7547508595614
 20
33.09792396190585
 10
-101.7057136959568
 20
33.14268609072457
 10
-101.6099026224537
 20
33.1938188596108
 10
-101.5630448883414
 20
33.1938188596108
 10
-101.4671499906251
 20
33.1938188596108
 10
-101.4181966512335
 20
33.1938188596108
 10
-101.320206148235
 20
33.1938188596108
 10
-101.3713389171212
 20
33.09792396190585
 10
-101.4181966512335
 20
33.0467911930196
 10
-101.4671499906251
 20
33.00211288843468
 10
-101.5630448883414
 20
32.95098011954845
 10
-101.6099026224537
 20
32.95098011954845
 10
-101.7057136959568
 20
32.90621799075402
 10
-101.7547508595614
 20
32.85508522184351
 10
-101.7547508595614
 20
32.81040691720998
 10
-101.7547508595614
 20
32.75927414832374
 10
-101.7547508595614
 20
32.71241641419472
 10
-101.7887834893451
 20
32.66337925061878
 10
-101.7887834893451
 20
32.61652151648974
 10
-101.8399162582344
 20
32.56756817707472
 10
-101.9804894605661
 20
32.56756817707472
 10
-102.0316222294548
 20
32.61652151648974
 10
-101.9804894605661
 20
32.66337925061878
 10
-101.9804894605661
 20
32.71241641419472
 10
-101.9357273317375
 20
32.75927414832374
 10
-101.9804894605661
 20
32.81040691720998
 10
-101.9804894605661
 20
32.90621799075402
 10
-102.2680065052916
 20
32.85508522184351
 10
-102.2680065052916
 20
32.95098011954845
 10
-102.219053165898
 20
33.09792396190585
 10
-102.1721954317886
 20
33.22785148939529
 10
-102.0316222294548
 20
33.37269972653958
 10
-101.9357273317375
 20
33.46851080005933
 10
-101.7887834893451
 20
33.61126343189332
 10
-101.6588559618474
 20
33.70707450534017
 10
-101.5140077247365
 20
33.80296940304513
 10
-101.4671499906251
 20
33.80296940304513
 10
-101.4181966512335
 20
33.80296940304513
 10
-101.3713389171212
 20
33.84982713717417
 10
-101.320206148235
 20
33.84982713717417
 10
-101.2754440194042
 20
33.84982713717417
 10
-101.224311250518
 20
33.88603919650275
 10
-101.128500177014
 20
33.9328969306318
 10
-101.128500177014
 20
34.07984077298917
 10
-101.2754440194042
 20
34.02870800407864
 10
-101.3713389171212
 20
34.02870800407864
 10
-101.4671499906251
 20
34.02870800407864
 10
-101.5630448883414
 20
34.02870800407864
 10
-101.7057136959568
 20
34.02870800407864
 10
-101.7887834893451
 20
34.02870800407864
 10
-101.8846783870624
 20
34.02870800407864
 10
-101.9357273317375
 20
34.17573567066984
 10
-101.9804894605661
 20
34.17573567066984
 10
-102.0316222294548
 20
34.2715467442139
 10
-102.0763005340716
 20
34.31630887303261
 10
-102.0763005340716
 20
34.41211994657667
 10
-102.0763005340716
 20
34.46325271539001
 10
-102.0763005340716
 20
34.54632250884762
 10
-102.0763005340716
 20
34.64213358229449
 10
-102.0316222294548
 20
34.73802847999944
 10
-101.9357273317375
 20
34.78488621412847
 10
-101.8846783870624
 20
34.78488621412847
 10
-101.7887834893451
 20
34.83383955354348
 10
-101.7547508595614
 20
34.83383955354348
 10
-101.6588559618474
 20
34.83383955354348
 10
-101.5630448883414
 20
34.83383955354348
 10
-101.4671499906251
 20
34.93183005655878
 10
-101.5140077247365
 20
35.11926099295337
 10
-101.6099026224537
 20
35.11926099295337
 10
-101.6588559618474
 20
35.11926099295337
 10
-101.7057136959568
 20
35.11926099295337
 10
-101.7547508595614
 20
35.11926099295337
 10
-101.8399162582344
 20
35.07240325889724
 10
-101.8846783870624
 20
35.07240325889724
 10
-101.9357273317375
 20
35.07240325889724
 10
-101.9804894605661
 20
35.07240325889724
 10
-102.0763005340716
 20
35.07240325889724
 10
-102.1274333029585
 20
35.07240325889724
 10
-102.219053165898
 20
35.07240325889724
 10
-102.219053165898
 20
35.11926099295337
 10
-102.2680065052916
 20
35.15547305228196
 10
-102.2680065052916
 20
35.2066058211682
 10
-102.3148642394039
 20
35.25346355529725
 10
-102.3148642394039
 20
35.34927462874409
 10
-102.3148642394039
 20
35.44516952644904
 10
-102.3148642394039
 20
35.48993165526776
 10
-102.3148642394039
 20
35.58574272881183
 10
-102.3148642394039
 20
35.63687549769806
 10
-102.3148642394039
 20
35.73268657116921
 10
-102.3148642394039
 20
35.77954430527395
 10
-102.3148642394039
 20
35.91165126233179
 10
-100.1018212371318
 20
36.71460338222825
 10
-99.7291387937355
 20
36.6187923087814
 10
-99.7291387937355
 20
36.57193457465236
 10
-99.63324389601849
 20
36.57193457465236
 10
-99.53743282251322
 20
36.57193457465236
 10
-99.48839565891056
 20
36.57193457465236
 10
-99.39258458540464
 20
36.6187923087814
 10
-99.34572685129229
 20
36.6187923087814
 10
-99.24983195357825
 20
36.71460338222825
 10
-99.24983195357825
 20
36.75936551104697
 10
-99.20297421946592
 20
36.81049827993322
 10
-99.11571321551448
 20
36.81049827993322
 10
-99.11571321551448
 20
36.85517658459103
 10
-99.02409335257198
 20
36.90630935347729
 10
-98.97296058368489
 20
36.75936551104697
 10
-98.87714951018189
 20
36.6187923087814
 10
-98.83238738135105
 20
36.47603967694741
 10
-98.73657630784805
 20
36.39296988348978
 10
-98.64068141013081
 20
36.24602604113238
 10
-98.54487033662781
 20
36.10545283879391
 10
-98.41066777435008
 20
36.00746233577865
 10
-98.21896180312979
 20
36.00746233577865
 10
-98.26791514252365
 20
35.95850899643651
 10
-98.31477287663597
 20
35.91165126233179
 10
-98.36381004024064
 20
35.86261409873156
 10
-98.41066777435008
 20
35.81575636462684
 10
-98.45962111374388
 20
35.77954430527395
 10
-98.50647884785621
 20
35.73268657116921
 10
-98.50647884785621
 20
35.68373323182708
 10
-98.50647884785621
 20
35.54098059999311
 10
-98.41066777435008
 20
35.48993165526776
 10
-98.31477287663597
 20
35.44516952644904
 10
-98.21896180312979
 20
35.39403675756279
 10
-98.12306690541504
 20
35.29822568409165
 10
-98.02516022662757
 20
35.25346355529725
 10
-97.92926532891121
 20
35.15547305228196
 10
-97.84619553552261
 20
35.11926099295337
 10
-98.12306690541504
 20
35.02772495426372
 10
-98.17210406901997
 20
34.93183005655878
 10
-98.21896180312979
 20
34.93183005655878
 10
-98.21896180312979
 20
34.83383955354348
 10
-98.26791514252365
 20
34.73802847999944
 10
-98.26791514252365
 20
34.64213358229449
 10
-98.17210406901997
 20
34.64213358229449
 10
-98.17210406901997
 20
34.54632250884762
 10
-98.07620917130343
 20
34.51011044949473
 10
-98.02516022662757
 20
34.46325271539001
 10
-97.92926532891121
 20
34.46325271539001
 10
-97.88458702429444
 20
34.41211994657667
 10
-97.84619553552261
 20
34.36735781768506
 10
-97.80151723090581
 20
34.2715467442139
 10
-97.70352672790659
 20
34.22041397532766
 10
-97.75038446201893
 20
34.07984077298917
 10
-97.80151723090581
 20
34.07984077298917
 10
-97.84619553552261
 20
34.02870800407864
 10
-97.88458702429444
 20
34.02870800407864
 10
-97.98039809779744
 20
33.98402969944512
 10
-98.02516022662757
 20
33.98402969944512
 10
-98.12306690541504
 20
33.9328969306318
 10
-98.12306690541504
 20
33.88603919650275
 10
-98.07620917130343
 20
33.5644056977643
 10
-98.21896180312979
 20
33.46851080005933
 10
-98.31477287663597
 20
33.41955746064432
 10
-98.41066777435008
 20
33.32374638710025
 10
-98.45962111374388
 20
33.22785148939529
 10
-98.50647884785621
 20
33.09792396190585
 10
-98.50647884785621
 20
33.00211288843468
 10
-98.50647884785621
 20
32.85508522184351
 10
-98.45962111374388
 20
32.75927414832374
 10
-98.36381004024064
 20
32.71241641419472
 10
-98.31477287663597
 20
32.75927414832374
 10
-98.31477287663597
 20
32.81040691720998
 10
-98.26791514252365
 20
32.90621799075402
 10
-98.26791514252365
 20
32.95098011954845
 10
-98.26791514252365
 20
33.0467911930196
 10
-98.26791514252365
 20
33.14268609072457
 10
-98.17210406901997
 20
33.22785148939529
 10
-98.07620917130343
 20
33.22785148939529
 10
-97.98039809779744
 20
33.27688865306843
 10
-97.88458702429444
 20
33.27688865306843
 10
-97.75038446201893
 20
33.32374638710025
 10
-97.65876459907872
 20
33.32374638710025
 10
-97.51182075668637
 20
33.32374638710025
 10
-97.37124755435251
 20
33.32374638710025
 10
-97.23704499207769
 20
33.41955746064432
 10
-97.19018725796535
 20
33.37269972653958
 10
-97.14115009436071
 20
33.32374638710025
 10
-97.14115009436071
 20
33.27688865306843
 10
-97.09429236024901
 20
33.22785148939529
 10
-97.09429236024901
 20
33.14268609072457
 10
-97.04533902085518
 20
33.09792396190585
 10
-97.04533902085518
 20
33.00211288843468
 10
-96.94961177156256
 20
32.95098011954845
 10
-95.02618141929861
 20
32.71878705428652
 10
-95.06884794284429
 20
32.75927414832374
 10
-95.11570567695661
 20
32.75927414832374
 10
-95.11570567695661
 20
32.81040691720998
 10
-95.16465901634822
 20
32.81040691720998
 10
-95.21151675046054
 20
32.85508522184351
 10
-95.26047008985415
 20
32.90621799075402
 10
-95.26047008985415
 20
32.95098011954845
 10
-95.39039761735422
 20
32.95098011954845
 10
-95.58210358857444
 20
32.95098011954845
 10
-95.77598898928773
 20
33.00211288843468
 10
-95.95486985618231
 20
33.0467911930196
 10
-96.10181369857471
 20
33.09792396190585
 10
-96.3382817986228
 20
33.09792396190585
 10
-96.52998776984285
 20
33.14268609072457
 10
-96.6599152973438
 20
33.1938188596108
 10
-96.80685913973617
 20
33.37269972653958
 10
-95.06884794284429
 20
33.22785148939529
 10
-95.01981077923961
 20
33.5644056977643
 10
-95.21151675046054
 20
33.5644056977643
 10
-95.39039761735422
 20
33.61126343189332
 10
-95.58210358857444
 20
33.61126343189332
 10
-95.77598898928773
 20
33.65812116599804
 10
-96.00390701978724
 20
33.65812116599804
 10
-96.19770859628877
 20
33.75393223946921
 10
-96.43409287212877
 20
33.80296940304513
 10
-96.57684550395517
 20
33.9328969306318
 10
-96.57684550395517
 20
34.07984077298917
 10
-95.11570567695661
 20
33.9328969306318
 10
-94.97295304512793
 20
34.12460290178359
 10
-95.01981077923961
 20
34.2715467442139
 10
-95.21151675046054
 20
34.31630887303261
 10
-95.34571931273511
 20
34.36735781768506
 10
-95.53742528395536
 20
34.36735781768506
 10
-95.68009409157369
 20
34.41211994657667
 10
-95.87180006279393
 20
34.41211994657667
 10
-96.00390701978724
 20
34.46325271539001
 10
-96.14657582740257
 20
34.46325271539001
 10
-96.28924463501787
 20
34.59318024295234
 10
-96.3382817986228
 20
34.68899131642351
 10
-96.24238690090876
 20
34.88069728767252
 10
-96.14657582740257
 20
34.93183005655878
 10
-96.05076475389887
 20
34.93183005655878
 10
-95.95486985618231
 20
34.97659218537748
 10
-95.92083722639861
 20
34.97659218537748
 10
-95.87180006279393
 20
35.02772495426372
 10
-95.82494232868151
 20
35.07240325889724
 10
-95.72913125517855
 20
35.2066058211682
 10
-95.82494232868151
 20
35.34927462874409
 10
-95.95486985618231
 20
35.34927462874409
 10
-96.05076475389887
 20
35.39403675756279
 10
-96.14657582740257
 20
35.39403675756279
 10
-96.19770859628877
 20
35.44516952644904
 10
-96.3382817986228
 20
35.44516952644904
 10
-96.38513953273514
 20
35.44516952644904
 10
-96.48095060623813
 20
35.44516952644904
 10
-96.52998776984285
 20
35.54098059999311
 10
-96.57684550395517
 20
35.58574272881183
 10
-96.61515316851591
 20
35.68373323182708
 10
-96.6599152973438
 20
35.77954430527395
 10
-96.6599152973438
 20
35.86261409873156
 10
-96.71104806623
 20
35.95850899643651
 10
-96.71104806623
 20
36.05432006990767
 10
-96.71104806623
 20
36.15021496761264
 10
-96.6599152973438
 20
36.29715881004293
 10
-96.61515316851591
 20
36.29715881004293
 10
-96.52998776984285
 20
36.39296988348978
 10
-96.43409287212877
 20
36.4377320123814
 10
-96.3382817986228
 20
36.52289741107644
 10
-96.24238690090876
 20
36.57193457465236
 10
-96.14657582740257
 20
36.6187923087814
 10
-96.00390701978724
 20
36.6187923087814
 10
-95.87180006279393
 20
36.6187923087814
 10
-95.72913125517855
 20
36.4377320123814
 10
-95.63323635746131
 20
36.24602604113238
 10
-95.63323635746131
 20
36.05432006990767
 10
-95.58210358857444
 20
35.86261409873156
 10
-95.63323635746131
 20
35.63687549769806
 10
-95.63323635746131
 20
35.48993165526776
 10
-95.63323635746131
 20
35.25346355529725
 10
-95.44153038624132
 20
35.11926099295337
 10
-95.44153038624132
 20
35.07240325889724
 10
-95.34571931273511
 20
35.07240325889724
 10
-95.30732782396581
 20
35.07240325889724
 10
-95.21151675046054
 20
35.07240325889724
 10
-95.16465901634822
 20
35.07240325889724
 10
-95.06884794284429
 20
35.07240325889724
 10
-94.97295304512793
 20
35.07240325889724
 10
-94.87714197162405
 20
35.07240325889724
 10
-94.68543600040403
 20
35.29822568409165
 10
-94.73438933979537
 20
35.58574272881183
 10
-94.83028423751262
 20
35.58574272881183
 10
-94.87714197162405
 20
35.58574272881183
 10
-94.92399970573414
 20
35.58574272881183
 10
-94.97295304512793
 20
35.63687549769806
 10
-95.06884794284429
 20
35.63687549769806
 10
-95.11570567695661
 20
35.63687549769806
 10
-95.16465901634822
 20
35.63687549769806
 10
-95.21151675046054
 20
35.73268657116921
 10
-94.92399970573414
 20
36.6187923087814
 10
-94.87714197162405
 20
36.6187923087814
 10
-94.78124707390772
 20
36.6187923087814
 10
-94.73438933979537
 20
36.6187923087814
 10
-94.60236620701541
 20
36.66774564812352
 10
-94.55550847290304
 20
36.66774564812352
 10
-94.45961357518669
 20
36.66774564812352
 10
-94.36380250168303
 20
36.66774564812352
 10
-94.21685865929068
 20
36.66774564812352
 10
-94.21685865929068
 20
36.52289741107644
 10
-94.21685865929068
 20
36.4377320123814
 10
-94.17209653046279
 20
36.29715881004293
 10
-94.12096376157364
 20
36.20126391233796
 10
-94.12096376157364
 20
36.05432006990767
 10
-94.07620163274577
 20
35.91165126233179
 10
-94.07620163274577
 20
35.77954430527395
 10
-94.02515268807041
 20
35.68373323182708
 10
-94.12096376157364
 20
35.63687549769806
 10
-94.17209653046279
 20
35.63687549769806
 10
-94.26790760396581
 20
35.58574272881183
 10
-94.31266973279685
 20
35.58574272881183
 10
-94.40848080629983
 20
35.54098059999311
 10
-94.45961357518669
 20
35.54098059999311
 10
-94.50647130929835
 20
35.54098059999311
 10
-94.55550847290304
 20
35.44516952644904
 10
-94.55550847290304
 20
35.34927462874409
 10
-94.55550847290304
 20
35.25346355529725
 10
-94.55550847290304
 20
35.15547305228196
 10
-94.50647130929835
 20
35.15547305228196
 10
-94.45961357518669
 20
35.11926099295337
 10
-94.36380250168303
 20
35.11926099295337
 10
-94.31266973279685
 20
35.11926099295337
 10
-94.21685865929068
 20
35.11926099295337
 10
-94.17209653046279
 20
35.11926099295337
 10
-94.02515268807041
 20
35.11926099295337
 10
-93.99103623407585
 20
35.11926099295337
 10
-93.84618799696474
 20
35.11926099295337
 10
-92.99847374818822
 20
36.39296988348978
 10
-92.85152990579581
 20
36.34192093883735
 10
-93.51181321812941
 20
35.07240325889724
 10
-93.51181321812941
 20
34.97659218537748
 10
-93.4606804492423
 20
34.93183005655878
 10
-93.37761065585393
 20
34.93183005655878
 10
-93.33284852702375
 20
34.88069728767252
 10
-93.23494184823607
 20
34.88069728767252
 10
-93.1859046846314
 20
34.83383955354348
 10
-93.09428482169121
 20
34.83383955354348
 10
-92.94734097930108
 20
34.59318024295234
 10
-93.09428482169121
 20
34.51011044949473
 10
-93.23494184823607
 20
34.46325271539001
 10
-93.37761065585393
 20
34.41211994657667
 10
-93.51181321812941
 20
34.41211994657667
 10
-93.70351918934943
 20
34.36735781768506
 10
-93.84618799696474
 20
34.36735781768506
 10
-93.99103623407585
 20
34.36735781768506
 10
-94.12096376157364
 20
34.36735781768506
 10
-94.26790760396581
 20
34.02870800407864
 10
-94.12096376157364
 20
33.88603919650275
 10
-93.99103623407585
 20
33.88603919650275
 10
-93.79933026285561
 20
33.88603919650275
 10
-93.60762429163242
 20
33.9328969306318
 10
-93.4606804492423
 20
33.9328969306318
 10
-93.23494184823607
 20
34.02870800407864
 10
-93.04323587701608
 20
34.07984077298917
 10
-92.80676777696792
 20
34.17573567066984
 10
-92.72160237829508
 20
34.02870800407864
 10
-92.75563500808109
 20
33.88603919650275
 10
-92.94734097930108
 20
33.80296940304513
 10
-93.13904695052199
 20
33.75393223946921
 10
-93.33284852702375
 20
33.70707450534017
 10
-93.4606804492423
 20
33.70707450534017
 10
-93.65448202574476
 20
33.65812116599804
 10
-93.84618799696474
 20
33.65812116599804
 10
-94.02515268807041
 20
33.61126343189332
 10
-94.17209653046279
 20
33.61126343189332
 10
-94.31266973279685
 20
33.37269972653958
 10
-94.26790760396581
 20
33.27688865306843
 10
-94.12096376157364
 20
33.1938188596108
 10
-93.89522516056969
 20
33.1938188596108
 10
-93.70351918934943
 20
33.1938188596108
 10
-93.4606804492423
 20
33.22785148939529
 10
-93.28179958234839
 20
33.22785148939529
 10
-93.04323587701608
 20
33.32374638710025
 10
-92.85152990579581
 20
33.37269972653958
 10
-92.62570748058008
 20
33.46851080005933
 10
-92.52989640707481
 20
33.32374638710025
 10
-92.62570748058008
 20
33.1938188596108
 10
-92.85152990579581
 20
33.0467911930196
 10
-93.04323587701608
 20
33.0467911930196
 10
-93.28179958234839
 20
33.00211288843468
 10
-93.4606804492423
 20
33.00211288843468
 10
-93.70351918934943
 20
32.95098011954845
 10
-93.89522516056969
 20
32.95098011954845
 10
-94.12096376157364
 20
32.90621799075402
 10
-94.26790760396581
 20
32.85508522184351
 10
-94.21685865929068
 20
32.56756817707472
 10
-92.43400150936007
 20
32.90621799075402
 10
-92.43400150936007
 20
32.95098011954845
 10
-92.38504816996622
 20
33.00211288843468
 10
-92.33819043585484
 20
33.09792396190585
 10
-92.33819043585484
 20
33.1938188596108
 10
-92.28705766696773
 20
33.22785148939529
 10
-92.24229553813984
 20
33.32374638710025
 10
-92.14648446463391
 20
33.32374638710025
 10
-92.01228190235909
 20
33.32374638710025
 10
-91.91647082885287
 20
33.32374638710025
 10
-91.77371819702647
 20
33.37269972653958
 10
-91.63314499469263
 20
33.32374638710025
 10
-91.48620115230029
 20
33.32374638710025
 10
-91.35627362480247
 20
33.27688865306843
 10
-91.21142538769165
 20
33.27688865306843
 10
-91.21142538769165
 20
33.1938188596108
 10
-91.16456765357927
 20
33.14268609072457
 10
-91.11343488469305
 20
33.09792396190585
 10
-91.06875658007627
 20
33.0467911930196
 10
-91.06875658007627
 20
32.95098011954845
 10
-91.06875658007627
 20
32.90621799075402
 10
-91.06875658007627
 20
32.81040691720998
 10
-91.06875658007627
 20
32.75927414832374
 10
-91.0176238111892
 20
32.75927414832374
 10
-90.97286168235903
 20
32.81040691720998
 10
-90.97286168235903
 20
32.85508522184351
 10
-90.92172891347289
 20
32.90621799075402
 10
-90.87705060885605
 20
32.95098011954845
 10
-90.82591783996916
 20
33.0467911930196
 10
-90.92172891347289
 20
33.0467911930196
 10
-91.0176238111892
 20
33.09792396190585
 10
-91.0176238111892
 20
33.1938188596108
 10
-91.06875658007627
 20
33.22785148939529
 10
-91.06875658007627
 20
33.32374638710025
 10
-91.06875658007627
 20
33.37269972653958
 10
-91.0176238111892
 20
33.46851080005933
 10
-91.11343488469305
 20
33.46851080005933
 10
-91.16456765357927
 20
33.46851080005933
 10
-91.26037872708549
 20
33.46851080005933
 10
-91.35627362480247
 20
33.46851080005933
 10
-91.40313135891188
 20
33.46851080005933
 10
-91.43934341819115
 20
33.51536853418835
 10
-91.43934341819115
 20
33.61126343189332
 10
-91.40313135891188
 20
33.65812116599804
 10
-91.35627362480247
 20
33.75393223946921
 10
-91.35627362480247
 20
33.80296940304513
 10
-91.35627362480247
 20
33.88603919650275
 10
-91.35627362480247
 20
33.9328969306318
 10
-91.35627362480247
 20
34.02870800407864
 10
-91.40313135891188
 20
34.02870800407864
 10
-91.43934341819115
 20
34.02870800407864
 10
-91.48620115230029
 20
34.02870800407864
 10
-91.48620115230029
 20
34.07984077298917
 10
-91.53515449169413
 20
34.07984077298917
 10
-91.58201222580649
 20
34.07984077298917
 10
-91.58201222580649
 20
34.12460290178359
 10
-91.58201222580649
 20
34.22041397532766
 10
-91.58201222580649
 20
34.2715467442139
 10
-91.48620115230029
 20
34.36735781768506
 10
-91.40313135891188
 20
34.41211994657667
 10
-91.30723646119781
 20
34.51011044949473
 10
-91.26037872708549
 20
34.59318024295234
 10
-91.21142538769165
 20
34.68899131642351
 10
-91.21142538769165
 20
34.83383955354348
 10
-91.16456765357927
 20
34.97659218537748
 10
-91.21142538769165
 20
34.97659218537748
 10
-91.26037872708549
 20
34.97659218537748
 10
-91.30723646119781
 20
34.97659218537748
 10
-91.30723646119781
 20
35.02772495426372
 10
-91.40313135891188
 20
35.02772495426372
 10
-91.43934341819115
 20
35.07240325889724
 10
-91.43934341819115
 20
35.11926099295337
 10
-91.40313135891188
 20
35.25346355529725
 10
-91.35627362480247
 20
35.25346355529725
 10
-91.30723646119781
 20
35.25346355529725
 10
-91.26037872708549
 20
35.25346355529725
 10
-91.16456765357927
 20
35.29822568409165
 10
-91.06875658007627
 20
35.34927462874409
 10
-91.0176238111892
 20
35.39403675756279
 10
-90.92172891347289
 20
35.48993165526776
 10
-90.97286168235903
 20
35.48993165526776
 10
-90.97286168235903
 20
35.54098059999311
 10
-90.97286168235903
 20
35.58574272881183
 10
-90.97286168235903
 20
35.68373323182708
 10
-90.92172891347289
 20
35.77954430527395
 10
-90.92172891347289
 20
35.81575636462684
 10
-90.82591783996916
 20
35.91165126233179
 10
-90.74284804657828
 20
35.91165126233179
 10
-90.64695314886419
 20
36.00746233577865
 10
-90.60009541475189
 20
36.10545283879391
 10
-90.55114207535824
 20
36.24602604113238
 10
-90.55114207535824
 20
36.34192093883735
 10
-90.55114207535824
 20
36.47603967694741
 10
-90.55114207535824
 20
36.6187923087814
 10
-90.50428434124821
 20
36.75936551104697
 10
-90.35943610413802
 20
36.85517658459103
 10
-90.08256473424717
 20
36.71460338222825
 10
-89.74810613119826
 20
36.66774564812352
 10
-89.42647263247723
 20
36.57193457465236
 10
-89.09000224835947
 20
36.52289741107644
 10
-88.81304705425533
 20
36.4377320123814
 10
-88.52980504430616
 20
36.34192093883735
 10
-88.20389651081111
 20
36.24602604113238
 10
-87.8183889630864
 20
36.20126391233796
 10
-87.77362683425847
 20
36.15021496761264
 10
-87.67781576075256
 20
36.15021496761264
 10
-87.62668299186547
 20
36.15021496761264
 10
-87.5436131984768
 20
36.15021496761264
 10
-87.49675546436536
 20
36.10545283879391
 10
-87.35190722725677
 20
36.10545283879391
 10
-87.30504949314514
 20
36.05432006990767
 10
-87.1644762908113
 20
36.05432006990767
 10
-87.1644762908113
 20
35.91165126233179
 10
-87.1644762908113
 20
35.86261409873156
 10
-87.1644762908113
 20
35.73268657116921
 10
-87.11334352192421
 20
35.68373323182708
 10
-87.11334352192421
 20
35.54098059999311
 10
-87.11334352192421
 20
35.48993165526776
 10
-87.11334352192421
 20
35.34927462874409
 10
-87.0686652173074
 20
35.29822568409165
 10
-87.30504949314514
 20
35.07240325889724
 10
-87.58192086303756
 20
35.11926099295337
 10
-87.72249406537158
 20
35.07240325889724
 10
-87.77362683425847
 20
34.97659218537748
 10
-87.77362683425847
 20
34.88069728767252
 10
-87.72249406537158
 20
34.88069728767252
 10
-87.62668299186547
 20
34.88069728767252
 10
-87.5436131984768
 20
34.88069728767252
 10
-87.49675546436536
 20
34.88069728767252
 10
-87.40094439086147
 20
34.88069728767252
 10
-87.40094439086147
 20
34.78488621412847
 10
-87.35190722725677
 20
34.68899131642351
 10
-87.35190722725677
 20
34.59318024295234
 10
-87.35190722725677
 20
34.51011044949473
 10
-87.40094439086147
 20
34.36735781768506
 10
-87.4478021249738
 20
34.2715467442139
 10
-87.4478021249738
 20
34.17573567066984
 10
-87.40094439086147
 20
34.07984077298917
 10
-87.5436131984768
 20
33.98402969944512
 10
-87.62668299186547
 20
33.98402969944512
 10
-87.72249406537158
 20
34.02870800407864
 10
-87.8183889630864
 20
34.07984077298917
 10
-87.96533280547873
 20
34.07984077298917
 10
-88.06122770319506
 20
34.07984077298917
 10
-88.15703877669873
 20
33.98402969944512
 10
-88.15703877669873
 20
33.9328969306318
 10
-88.06122770319506
 20
33.80296940304513
 10
-87.9163794660849
 20
33.75393223946921
 10
-87.77362683425847
 20
33.61126343189332
 10
-87.58192086303756
 20
33.5644056977643
 10
-87.49675546436536
 20
33.41955746064432
 10
-87.35190722725677
 20
33.32374638710025
 10
-87.2560961537515
 20
33.14268609072457
 10
-87.20923841964149
 20
33.00211288843468
 10
-87.35190722725677
 20
32.90621799075402
 10
-87.40094439086147
 20
32.85508522184351
 10
-87.40094439086147
 20
32.75927414832374
 10
-87.40094439086147
 20
32.71241641419472
 10
-87.40094439086147
 20
32.56756817707472
 10
-87.35190722725677
 20
32.48449838369
 10
-87.35190722725677
 20
32.38868731021884
 10
-87.30504949314514
 20
32.34182957611411
 10
-87.49675546436536
 20
32.05422870716015
 10
-87.5436131984768
 20
31.82849010612665
 10
-87.58192086303756
 20
31.53879363195955
 10
-87.5436131984768
 20
31.29813432129552
 10
-87.5436131984768
 20
31.02117912721488
 10
-87.4478021249738
 20
30.73793711727621
 10
-87.40094439086147
 20
30.46316135264247
 10
-87.2560961537515
 20
30.1734648784025
 10
-87.2560961537515
 20
30.0287004655163
 10
-87.20923841964149
 20
29.89877293802685
 10
-87.1644762908113
 20
29.75182909566945
 10
-87.01753244842118
 20
29.65601802212541
 10
-86.93446265503281
 20
29.51536099562602
 10
-86.83856775731555
 20
29.46431205087639
 10
-86.69589894970021
 20
29.36841715319573
 10
-86.54895510730783
 20
29.33438452338695
 10
-86.35724913608781
 20
29.33438452338695
 10
-86.22732160858687
 20
29.51536099562602
 10
-86.45306020959083
 20
29.8029618645557
 10
-86.64686178609555
 20
30.07765380493136
 10
-86.93446265503281
 20
30.36726645496182
 10
-87.11334352192421
 20
30.73793711727621
 10
-87.30504949314514
 20
31.07231189610109
 10
-87.35190722725677
 20
31.44298255841551
 10
-87.30504949314514
 20
31.82849010612665
 10
-87.01753244842118
 20
32.24593467840917
 10
-86.88760492092047
 20
32.43764064958527
 10
-86.60000405198321
 20
32.61652151648974
 10
-86.22732160858687
 20
32.75927414832374
 10
-85.84390966614661
 20
32.90621799075402
 10
-85.56913390153727
 20
33.00211288843468
 10
-85.27943742731848
 20
33.1938188596108
 10
-85.18362635381322
 20
33.41955746064432
 10
-85.18362635381322
 20
33.84982713717417
 10
-85.27943742731848
 20
33.80296940304513
 10
-85.37533232503326
 20
33.80296940304513
 10
-85.47323900382094
 20
33.75393223946921
 10
-85.52227616742561
 20
33.75393223946921
 10
-85.61389603036579
 20
33.70707450534017
 10
-85.70115703431952
 20
33.65812116599804
 10
-85.79705193203428
 20
33.61126343189332
 10
-85.79705193203428
 20
33.5644056977643
 10
-85.98657847376193
 20
33.41955746064432
 10
-86.13142671087279
 20
33.41955746064432
 10
-86.27417934269919
 20
33.41955746064432
 10
-86.40829808076295
 20
33.51536853418835
 10
-86.60000405198321
 20
33.5644056977643
 10
-86.74275668381026
 20
33.65812116599804
 10
-86.88760492092047
 20
33.75393223946921
 10
-86.93446265503281
 20
33.88603919650275
 10
-85.84390966614661
 20
34.73802847999944
 10
-85.84390966614661
 20
34.78488621412847
 10
-85.79705193203428
 20
34.88069728767252
 10
-85.79705193203428
 20
34.93183005655878
 10
-85.70115703431952
 20
35.02772495426372
 10
-85.70115703431952
 20
35.07240325889724
 10
-85.61389603036579
 20
35.15547305228196
 10
-85.56913390153727
 20
35.2066058211682
 10
-85.42638126970834
 20
35.29822568409165
 10
-85.42638126970834
 20
35.2066058211682
 10
-85.37533232503326
 20
35.15547305228196
 10
-85.37533232503326
 20
35.11926099295337
 10
-85.33057019620537
 20
35.07240325889724
 10
-85.33057019620537
 20
34.97659218537748
 10
-85.33057019620537
 20
34.93183005655878
 10
-85.27943742731848
 20
34.83383955354348
 10
-85.2347591226994
 20
34.78488621412847
 10
-85.18362635381322
 20
34.68899131642351
 10
-85.08773145609826
 20
34.64213358229449
 10
-84.99192038259229
 20
34.54632250884762
 10
-84.86199285509222
 20
34.51011044949473
 10
-84.76609795737726
 20
34.41211994657667
 10
-84.62124972026641
 20
34.31630887303261
 10
-84.52334304147894
 20
34.17573567066984
 10
-84.42744814376487
 20
34.07984077298917
 10
-84.62124972026641
 20
32.85508522184351
 10
-83.7224027026034
 20
31.16820679380607
 10
-83.81829760031747
 20
30.97650082255706
 10
-83.96524144270982
 20
30.92536805374371
 10
-84.06113634042709
 20
30.88060592485209
 10
-84.20170954276091
 20
30.82947315596586
 10
-84.29970004575716
 20
30.82947315596586
 10
-84.42744814376487
 20
30.73793711727621
 10
-84.52334304147894
 20
30.68889995370029
 10
-84.62124972026641
 20
30.55478121559021
 10
-84.62124972026641
 20
30.46316135264247
 10
-84.90885058920367
 20
30.41202858375624
 10
-84.99192038259229
 20
30.50792348146119
 10
-85.04305315147917
 20
30.60373455500525
 10
-85.08773145609826
 20
30.64204221957125
 10
-85.13886422498442
 20
30.73793711727621
 10
-85.27943742731848
 20
30.78479485138094
 10
-85.33057019620537
 20
30.88060592485209
 10
-85.42638126970834
 20
30.92536805374371
 10
-85.47323900382094
 20
31.07231189610109
 10
-84.99192038259229
 20
32.34182957611411
 10
-85.27943742731848
 20
32.34182957611411
 10
-85.61389603036579
 20
31.82849010612665
 10
-85.74801476842957
 20
31.34708766071053
 10
-85.74801476842957
 20
30.82947315596586
 10
-85.61389603036579
 20
30.36726645496182
 10
-85.56913390153727
 20
29.84764016914062
 10
-85.52227616742561
 20
29.36841715319573
 10
-85.61389603036579
 20
28.85507768328114
 10
-85.84390966614661
 20
28.43763311099863
 10
-85.89076740025824
 20
28.14793663683156
 10
-85.89076740025824
 20
27.92001860632685
 10
-85.89076740025824
 20
27.68145490097312
 10
-85.89076740025824
 20
27.44297501985317
 10
-85.89076740025824
 20
27.16819925521944
 10
-85.84390966614661
 20
26.92536051518137
 10
-85.74801476842957
 20
26.69953808988977
 10
-85.56913390153727
 20
26.50791594289885
 10
-85.61389603036579
 20
26.2650772028365
 10
-85.65220369492569
 20
26.12232457102682
 10
-85.65220369492569
 20
25.89868157527931
 10
-85.65220369492569
 20
25.75173773284902
 10
-85.65220369492569
 20
25.51317402756819
 10
-85.65220369492569
 20
25.37897146522432
 10
-85.65220369492569
 20
25.14258718941468
 10
-85.56913390153727
 20
24.9955595228235
 10
-85.56913390153727
 20
24.89974844927945
 10
-85.52227616742561
 20
24.89974844927945
 10
-85.42638126970834
 20
24.89974844927945
 10
-85.37533232503326
 20
24.89974844927945
 10
-85.27943742731848
 20
24.89974844927945
 10
-85.2347591226994
 20
24.89974844927945
 10
-85.13886422498442
 20
24.89974844927945
 10
-85.13886422498442
 20
24.95088121816568
 10
-85.08773145609826
 20
24.9955595228235
 10
-84.99192038259229
 20
25.04669229170974
 10
-84.90885058920367
 20
25.09145442052846
 10
-84.90885058920367
 20
25.14258718941468
 10
-84.81295569148731
 20
25.28316039177747
 10
-84.86199285509222
 20
25.43010423411056
 10
-84.99192038259229
 20
25.43010423411056
 10
-85.13886422498442
 20
25.51317402756819
 10
-85.2347591226994
 20
25.60906892527313
 10
-85.27943742731848
 20
25.75173773284902
 10
-85.37533232503326
 20
25.84754880639308
 10
-85.42638126970834
 20
25.99457647298428
 10
-85.42638126970834
 20
26.12232457102682
 10
-85.37533232503326
 20
26.31620997172273
 10
-85.33057019620537
 20
26.2650772028365
 10
-85.27943742731848
 20
26.2650772028365
 10
-85.2347591226994
 20
26.22031507394489
 10
-85.18362635381322
 20
26.17345733991306
 10
-85.18362635381322
 20
26.08611251167393
 10
-85.13886422498442
 20
26.0392547775692
 10
-85.08773145609826
 20
26.0392547775692
 10
-84.95780392859751
 20
26.0392547775692
 10
-84.95780392859751
 20
26.08611251167393
 10
-84.95780392859751
 20
26.22031507394489
 10
-84.95780392859751
 20
26.31620997172273
 10
-84.90885058920367
 20
26.45678317401261
 10
-84.90885058920367
 20
26.55259424753237
 10
-84.81295569148731
 20
26.65058475054765
 10
-84.76609795737726
 20
26.7463958240188
 10
-84.62124972026641
 20
26.82946561747642
 10
-84.62124972026641
 20
26.7826078833474
 10
-84.57439198615725
 20
26.7463958240188
 10
-84.52334304147894
 20
26.69953808988977
 10
-84.47858091265107
 20
26.69953808988977
 10
-84.47858091265107
 20
26.60372701644293
 10
-84.47858091265107
 20
26.55259424753237
 10
-84.42744814376487
 20
26.50791594289885
 10
-84.34437835037625
 20
26.45678317401261
 10
-84.34437835037625
 20
26.36088827630767
 10
-84.34437835037625
 20
26.31620997172273
 10
-84.3827698391458
 20
26.2650772028365
 10
-84.3827698391458
 20
26.22031507394489
 10
-84.42744814376487
 20
26.12232457102682
 10
-84.47858091265107
 20
26.08611251167393
 10
-84.47858091265107
 20
26.0392547775692
 10
-84.3827698391458
 20
25.99457647298428
 10
-84.34437835037625
 20
25.99457647298428
 10
-84.29970004575716
 20
25.99457647298428
 10
-84.24856727687027
 20
26.0392547775692
 10
-84.20170954276091
 20
26.12232457102682
 10
-84.20170954276091
 20
26.17345733991306
 10
-84.15267237915625
 20
26.2650772028365
 10
-84.10581464504389
 20
26.31620997172273
 10
-83.96524144270982
 20
26.4120210451939
 10
-83.91410867382365
 20
26.36088827630767
 10
-83.86943036920454
 20
26.2650772028365
 10
-83.86943036920454
 20
26.12232457102682
 10
-83.86943036920454
 20
26.0392547775692
 10
-83.96524144270982
 20
25.84754880639308
 10
-83.96524144270982
 20
25.7048799987443
 10
-84.06113634042709
 20
25.56003176162433
 10
-84.06113634042709
 20
25.51317402756819
 10
-84.15267237915625
 20
25.47696196823959
 10
-84.20170954276091
 20
25.43010423411056
 10
-84.24856727687027
 20
25.43010423411056
 10
-84.29970004575716
 20
25.43010423411056
 10
-84.3827698391458
 20
25.37897146522432
 10
-84.42744814376487
 20
25.33429316066371
 10
-84.47858091265107
 20
25.33429316066371
 10
-84.52334304147894
 20
25.33429316066371
 10
-84.670286883872
 20
25.14258718941468
 10
-84.76609795737726
 20
24.9955595228235
 10
-84.90885058920367
 20
24.89974844927945
 10
-84.99192038259229
 20
24.81667865589472
 10
-85.18362635381322
 20
24.72086758244785
 10
-85.37533232503326
 20
24.67400984831883
 10
-85.56913390153727
 20
24.57811495061387
 10
-85.70115703431952
 20
24.57811495061387
 10
-85.65220369492569
 20
24.43544614296509
 10
-85.52227616742561
 20
24.43544614296509
 10
-85.37533232503326
 20
24.38640897938916
 10
-85.2347591226994
 20
24.43544614296509
 10
-85.08773145609826
 20
24.43544614296509
 10
-84.95780392859751
 20
24.48230387709413
 10
-84.81295569148731
 20
24.53125721650915
 10
-84.670286883872
 20
24.67400984831883
 10
-84.52334304147894
 20
24.81667865589472
 10
-84.34437835037625
 20
24.9955595228235
 10
-84.20170954276091
 20
25.14258718941468
 10
-83.96524144270982
 20
25.37897146522432
 10
-83.77353547148983
 20
25.51317402756819
 10
-83.54352183570879
 20
25.65592665940215
 10
-83.25382536149026
 20
25.7048799987443
 10
-82.93219186276903
 20
25.75173773284902
 10
-82.93219186276903
 20
25.7048799987443
 10
-82.83638078926538
 20
25.7048799987443
 10
-82.74048589154904
 20
25.7048799987443
 10
-82.69580758693221
 20
25.65592665940215
 10
-82.59991268921499
 20
25.65592665940215
 10
-82.54886374453917
 20
25.60906892527313
 10
-82.45296884682284
 20
25.60906892527313
 10
-82.78734362566067
 20
25.60906892527313
 10
-82.54886374453917
 20
25.37897146522432
 10
-82.45296884682284
 20
25.37897146522432
 10
-82.41893621703917
 20
25.37897146522432
 10
-82.32304131932414
 20
25.37897146522432
 10
-82.27408797993053
 20
25.33429316066371
 10
-82.1781930822142
 20
25.28316039177747
 10
-82.13133534810413
 20
25.28316039177747
 10
-82.03552427459795
 20
25.33429316066371
 10
-82.13133534810413
 20
25.23839826295875
 10
-82.1781930822142
 20
25.18726549407251
 10
-82.27408797993053
 20
25.18726549407251
 10
-82.32304131932414
 20
25.18726549407251
 10
-82.41893621703917
 20
25.18726549407251
 10
-82.45296884682284
 20
25.18726549407251
 10
-82.54886374453917
 20
25.18726549407251
 10
-82.59991268921499
 20
25.18726549407251
 10
-82.74048589154904
 20
25.23839826295875
 10
-82.93219186276903
 20
25.23839826295875
 10
-83.06211939026935
 20
25.28316039177747
 10
-83.25382536149026
 20
25.28316039177747
 10
-83.40085302809347
 20
25.28316039177747
 10
-83.59247517510265
 20
25.23839826295875
 10
-83.7224027026034
 20
25.23839826295875
 10
-83.86943036920454
 20
25.14258718941468
 10
-83.96524144270982
 20
25.09145442052846
 10
-83.86943036920454
 20
24.95088121816568
 10
-83.7224027026034
 20
24.81667865589472
 10
-83.59247517510265
 20
24.6249726847429
 10
-83.44771076220515
 20
24.48230387709413
 10
-83.30495813037645
 20
24.2905979058451
 10
-83.11325215915621
 20
24.19470300814015
 10
-82.93219186276903
 20
24.10953760944511
 10
-82.64467481804516
 20
24.16067037835566
 10
-82.69580758693221
 20
24.16067037835566
 10
-82.69580758693221
 20
24.19470300814015
 10
-82.74048589154904
 20
24.24374017181327
 10
-82.78734362566067
 20
24.2905979058451
 10
-82.83638078926538
 20
24.2905979058451
 10
-82.88323852337544
 20
24.33955124526014
 10
-82.93219186276903
 20
24.33955124526014
 10
-82.93219186276903
 20
24.38640897938916
 10
-82.97904959688072
 20
24.53125721650915
 10
-82.93219186276903
 20
24.6249726847429
 10
-82.88323852337544
 20
24.6249726847429
 10
-82.78734362566067
 20
24.67400984831883
 10
-82.74048589154904
 20
24.67400984831883
 10
-82.64467481804516
 20
24.72086758244785
 10
-82.59991268921499
 20
24.72086758244785
 10
-82.50200601042751
 20
24.76982092179
 10
-82.45296884682284
 20
24.67400984831883
 10
-82.36989905343419
 20
24.67400984831883
 10
-82.27408797993053
 20
24.67400984831883
 10
-82.13133534810413
 20
24.72086758244785
 10
-82.03552427459795
 20
24.72086758244785
 10
-81.88849660799474
 20
24.76982092179
 10
-81.79268553449153
 20
24.76982092179
 10
-81.66275800699077
 20
24.81667865589472
 10
-81.79268553449153
 20
24.6249726847429
 10
-81.88849660799474
 20
24.43544614296509
 10
-82.03552427459795
 20
24.19470300814015
 10
-82.13133534810413
 20
24.01364271176446
 10
-82.32304131932414
 20
23.77725843593052
 10
-82.45296884682284
 20
23.63031459350024
 10
-82.69580758693221
 20
23.50038706601079
 10
-82.93219186276903
 20
23.50038706601079
 10
-84.670286883872
 20
23.96896440717954
 10
-84.670286883872
 20
23.67926793293957
 10
-84.71714461798342
 20
23.58345685946841
 10
-84.76609795737726
 20
23.54724480013981
 10
-84.81295569148731
 20
23.50038706601079
 10
-84.86199285509222
 20
23.50038706601079
 10
-84.95780392859751
 20
23.45134990243486
 10
-84.99192038259229
 20
23.45134990243486
 10
-85.04305315147917
 20
23.40449216830584
 10
-85.04305315147917
 20
23.35553882896369
 10
-84.95780392859751
 20
23.35553882896369
 10
-84.90885058920367
 20
23.35553882896369
 10
-84.81295569148731
 20
23.35553882896369
 10
-84.76609795737726
 20
23.35553882896369
 10
-84.670286883872
 20
23.35553882896369
 10
-84.62124972026641
 20
23.35553882896369
 10
-84.47858091265107
 20
23.35553882896369
 10
-84.3827698391458
 20
23.21278619715402
 10
-84.47858091265107
 20
23.07011738948093
 10
-84.57439198615725
 20
22.97422249177598
 10
-84.71714461798342
 20
22.89115269841555
 10
-84.81295569148731
 20
22.7953416248715
 10
-84.95780392859751
 20
22.69944672716654
 10
-85.08773145609826
 20
22.6483977825141
 10
-85.2347591226994
 20
22.60363565362249
 10
-85.33057019620537
 20
22.60363565362249
 10
-85.65220369492569
 20
22.74420885598527
 10
-85.93972073964961
 20
22.92526915236094
 10
-86.22732160858687
 20
23.021080225905
 10
-86.50419297847999
 20
23.11697512360996
 10
-86.83856775731555
 20
23.16165342824348
 10
-87.11334352192421
 20
23.21278619715402
 10
-87.4478021249738
 20
23.25754832594844
 10
-87.72249406537158
 20
23.30868109485897
 10
-88.15703877669873
 20
23.50038706601079
 10
-88.43391014659209
 20
23.82202056474924
 10
-88.76836874963856
 20
24.19470300814015
 10
-88.99201174536097
 20
24.6249726847429
 10
-89.33066155897334
 20
24.95088121816568
 10
-89.65229505769457
 20
25.23839826295875
 10
-90.08256473424717
 20
25.37897146522432
 10
-90.55114207535824
 20
25.37897146522432
 10
-90.69599031246912
 20
25.43010423411056
 10
-90.82591783996916
 20
25.51317402756819
 10
-90.97286168235903
 20
25.60906892527313
 10
-91.11343488469305
 20
25.7048799987443
 10
-91.30723646119781
 20
25.7048799987443
 10
-91.48620115230029
 20
25.80069107228836
 10
-91.67790712352053
 20
25.84754880639308
 10
-91.8205759311388
 20
25.94344370409803
 10
-91.72903989240968
 20
26.08611251167393
 10
-91.53515449169413
 20
26.2650772028365
 10
-91.30723646119781
 20
26.36088827630767
 10
-91.0176238111892
 20
26.50791594289885
 10
-90.79180138597214
 20
26.55259424753237
 10
-90.50428434124821
 20
26.65058475054765
 10
-90.21676729652268
 20
26.7463958240188
 10
-89.9398121024185
 20
26.82946561747642
 10
-89.89513379780168
 20
27.11706648633319
 10
-89.89513379780168
 20
27.40458353112626
 10
-89.9398121024185
 20
27.72621702979183
 10
-89.9398121024185
 20
28.09898329741653
 10
-89.99094487130696
 20
28.3865003421124
 10
-89.9398121024185
 20
28.71240887563238
 10
-89.79923890008672
 20
28.95097258098611
 10
-89.47333036658896
 20
29.23848962568198
 10
-89.42647263247723
 20
29.23848962568198
 10
-89.33066155897334
 20
29.28534735981101
 10
-89.23485048546808
 20
29.33438452338695
 10
-89.09000224835947
 20
29.36841715319573
 10
-88.99201174536097
 20
29.36841715319573
 10
-88.89611684764391
 20
29.46431205087639
 10
-88.86417982314467
 20
29.51536099562602
 10
-88.76836874963856
 20
29.65601802212541
 10
-90.26572063591627
 20
30.55478121559021
 10
-90.45524717764328
 20
30.50792348146119
 10
-90.60009541475189
 20
30.46316135264247
 10
-90.74284804657828
 20
30.41202858375624
 10
-90.87705060885605
 20
30.36726645496182
 10
-91.06875658007627
 20
30.26935977618035
 10
-91.21142538769165
 20
30.26935977618035
 10
-91.40313135891188
 20
30.26935977618035
 10
-91.53515449169413
 20
30.31621751021218
 10
-91.58201222580649
 20
30.31621751021218
 10
-91.58201222580649
 20
30.36726645496182
 10
-91.58201222580649
 20
30.46316135264247
 10
-91.63314499469263
 20
30.46316135264247
 10
-91.63314499469263
 20
30.50792348146119
 10
-91.67790712352053
 20
30.55478121559021
 10
-91.86961309474373
 20
30.60373455500525
 10
-91.86961309474373
 20
30.60373455500525
 10
-91.86171475025092
 20
29.02318471028559
 10
-92.22977444565373
 20
27.51638071857285
  0
LWPOLYLINE
  5
2CAAB4
330
2D7C26
100
AcDbEntity
  8
0
 62
     8
100
AcDbPolyline
 90
       26
 70
     0
 43
0.0
 10
-98.07620917130343
 20
23.07011738948093
 10
-98.17210406901997
 20
23.11697512360996
 10
-97.92926532891121
 20
23.21278619715402
 10
-97.70352672790659
 20
23.35553882896369
 10
-97.46705862785621
 20
23.50038706601079
 10
-97.19018725796535
 20
23.67926793293957
 10
-96.99848128674513
 20
23.82202056474924
 10
-96.75572637084975
 20
24.06477548065069
 10
-96.57684550395517
 20
24.24374017181327
 10
-96.3382817986228
 20
24.53125721650915
 10
-96.24238690090876
 20
24.57811495061387
 10
-96.10181369857471
 20
24.72086758244785
 10
-95.95486985618231
 20
24.81667865589472
 10
-95.82494232868151
 20
24.89974844927945
 10
-95.68009409157369
 20
24.9955595228235
 10
-95.53742528395536
 20
25.09145442052846
 10
-95.39039761735422
 20
25.14258718941468
 10
-95.16465901634822
 20
25.18726549407251
 10
-95.44153038624132
 20
24.81667865589472
 10
-95.72913125517855
 20
24.43544614296509
 10
-96.05076475389887
 20
24.01364271176446
 10
-96.3382817986228
 20
23.67926793293957
 10
-96.71104806623
 20
23.35553882896369
 10
-97.09429236024901
 20
23.11697512360996
 10
-97.56295352557344
 20
23.021080225905
 10
-98.07620917130343
 20
23.07011738948093
  0
LWPOLYLINE
  5
2CAAB5
330
2D7C26
100
AcDbEntity
  8
0
 62
     8
100
AcDbPolyline
 90
       19
 70
     0
 43
0.0
 10
-98.02516022662757
 20
23.87306950940169
 10
-98.07620917130343
 20
23.91783163829331
 10
-98.07620917130343
 20
24.01364271176446
 10
-98.07620917130343
 20
24.06477548065069
 10
-98.02516022662757
 20
24.16067037835566
 10
-98.02516022662757
 20
24.19470300814015
 10
-97.92926532891121
 20
24.2905979058451
 10
-97.88458702429444
 20
24.33955124526014
 10
-97.75038446201893
 20
24.43544614296509
 10
-97.65876459907872
 20
24.2905979058451
 10
-97.70352672790659
 20
24.19470300814015
 10
-97.75038446201893
 20
24.16067037835566
 10
-97.80151723090581
 20
24.10953760944511
 10
-97.80151723090581
 20
24.06477548065069
 10
-97.84619553552261
 20
24.01364271176446
 10
-97.88458702429444
 20
23.96896440717954
 10
-97.92926532891121
 20
23.91783163829331
 10
-97.98039809779744
 20
23.91783163829331
 10
-98.02516022662757
 20
23.87306950940169
  0
LWPOLYLINE
  5
2CAAB6
330
2D7C26
100
AcDbEntity
  8
0
 62
     8
100
AcDbPolyline
 90
       17
 70
     0
 43
0.0
 10
-98.21896180312979
 20
24.48230387709413
 10
-98.26791514252365
 20
24.57811495061387
 10
-98.26791514252365
 20
24.6249726847429
 10
-98.26791514252365
 20
24.67400984831883
 10
-98.21896180312979
 20
24.67400984831883
 10
-98.12306690541504
 20
24.72086758244785
 10
-98.07620917130343
 20
24.72086758244785
 10
-97.98039809779744
 20
24.72086758244785
 10
-97.92926532891121
 20
24.72086758244785
 10
-97.84619553552261
 20
24.76982092179
 10
-97.84619553552261
 20
24.57811495061387
 10
-97.92926532891121
 20
24.53125721650915
 10
-97.92926532891121
 20
24.48230387709413
 10
-98.02516022662757
 20
24.48230387709413
 10
-98.12306690541504
 20
24.43544614296509
 10
-98.21896180312979
 20
24.43544614296509
 10
-98.21896180312979
 20
24.48230387709413
  0
LWPOLYLINE
  5
2CAAB7
330
2D7C26
100
AcDbEntity
  8
0
 62
     8
100
AcDbPolyline
 90
       16
 70
     0
 43
0.0
 10
-97.70352672790659
 20
25.18726549407251
 10
-97.92926532891121
 20
25.33429316066371
 10
-97.84619553552261
 20
25.37897146522432
 10
-97.80151723090581
 20
25.37897146522432
 10
-97.65876459907872
 20
25.43010423411056
 10
-97.60763183019024
 20
25.37897146522432
 10
-97.51182075668637
 20
25.37897146522432
 10
-97.41592585897002
 20
25.37897146522432
 10
-97.27325705135402
 20
25.37897146522432
 10
-97.32011478546631
 20
25.28316039177747
 10
-97.41592585897002
 20
25.23839826295875
 10
-97.41592585897002
 20
25.18726549407251
 10
-97.51182075668637
 20
25.18726549407251
 10
-97.60763183019024
 20
25.14258718941468
 10
-97.70352672790659
 20
25.14258718941468
 10
-97.70352672790659
 20
25.18726549407251
  0
LWPOLYLINE
  5
2CAAB8
330
2D7C26
100
AcDbEntity
  8
0
 62
     8
100
AcDbPolyline
 90
        4
 70
     0
 43
0.0
 10
-97.88458702429444
 20
26.87850278105235
 10
-97.84619553552261
 20
26.87850278105235
 10
-97.88458702429444
 20
26.87850278105235
 10
-97.88458702429444
 20
26.87850278105235
  0
LWPOLYLINE
  5
2CAAB9
330
2D7C26
100
AcDbEntity
  8
0
 62
     8
100
AcDbPolyline
 90
       40
 70
     0
 43
0.0
 10
-97.88458702429444
 20
26.87850278105235
 10
-97.88458702429444
 20
26.92536051518137
 10
-97.92926532891121
 20
26.9743138545235
 10
-97.98039809779744
 20
27.07230435753877
 10
-98.02516022662757
 20
27.07230435753877
 10
-98.07620917130343
 20
27.16819925521944
 10
-98.07620917130343
 20
27.21287755987724
 10
-98.07620917130343
 20
27.35990522646844
 10
-97.84619553552261
 20
27.35990522646844
 10
-97.84619553552261
 20
27.26401032876348
 10
-97.84619553552261
 20
27.16819925521944
 10
-97.80151723090581
 20
27.16819925521944
 10
-97.80151723090581
 20
27.07230435753877
 10
-97.75038446201893
 20
27.02117158862824
 10
-97.70352672790659
 20
26.9743138545235
 10
-97.60763183019024
 20
26.9743138545235
 10
-97.70352672790659
 20
26.87850278105235
 10
-97.75038446201893
 20
26.82946561747642
 10
-97.84619553552261
 20
26.7826078833474
 10
-97.88458702429444
 20
26.7826078833474
 10
-97.98039809779744
 20
26.7463958240188
 10
-98.02516022662757
 20
26.7463958240188
 10
-98.12306690541504
 20
26.7463958240188
 10
-98.17210406901997
 20
26.7463958240188
 10
-98.26791514252365
 20
26.7463958240188
 10
-98.36381004024064
 20
26.7463958240188
 10
-98.36381004024064
 20
26.7826078833474
 10
-98.41066777435008
 20
26.7826078833474
 10
-98.45962111374388
 20
26.82946561747642
 10
-98.45962111374388
 20
26.87850278105235
 10
-98.45962111374388
 20
26.92536051518137
 10
-98.41066777435008
 20
27.02117158862824
 10
-98.41066777435008
 20
26.9743138545235
 10
-98.31477287663597
 20
26.9743138545235
 10
-98.26791514252365
 20
26.9743138545235
 10
-98.17210406901997
 20
26.9743138545235
 10
-98.12306690541504
 20
26.92536051518137
 10
-98.02516022662757
 20
26.92536051518137
 10
-97.92926532891121
 20
26.87850278105235
 10
-97.88458702429444
 20
26.87850278105235
  0
LWPOLYLINE
  5
2CAABA
330
2D7C26
100
AcDbEntity
  8
0
 62
     8
100
AcDbPolyline
 90
       19
 70
     0
 43
0.0
 10
-98.58954864124465
 20
23.35553882896369
 10
-98.58954864124465
 20
23.40449216830584
 10
-98.58954864124465
 20
23.50038706601079
 10
-98.58954864124465
 20
23.54724480013981
 10
-98.54487033662781
 20
23.67926793293957
 10
-98.54487033662781
 20
23.77725843593052
 10
-98.50647884785621
 20
23.87306950940169
 10
-98.45962111374388
 20
23.96896440717954
 10
-98.36381004024064
 20
24.06477548065069
 10
-98.21896180312979
 20
24.06477548065069
 10
-98.26791514252365
 20
23.91783163829331
 10
-98.26791514252365
 20
23.82202056474924
 10
-98.31477287663597
 20
23.7261256670443
 10
-98.31477287663597
 20
23.67926793293957
 10
-98.41066777435008
 20
23.54724480013981
 10
-98.45962111374388
 20
23.50038706601079
 10
-98.54487033662781
 20
23.40449216830584
 10
-98.54487033662781
 20
23.35553882896369
 10
-98.58954864124465
 20
23.35553882896369
  0
LWPOLYLINE
  5
2CAABB
330
2D7C26
100
AcDbEntity
  8
0
 62
     8
100
AcDbPolyline
 90
       10
 70
     1
 43
0.0
 10
-98.78125461246487
 20
24.10953760944511
 10
-98.78125461246487
 20
24.33955124526014
 10
-98.41066777435008
 20
24.43544614296509
 10
-98.45962111374388
 20
24.24374017181327
 10
-98.50647884785621
 20
24.19470300814015
 10
-98.54487033662781
 20
24.19470300814015
 10
-98.58954864124465
 20
24.19470300814015
 10
-98.64068141013081
 20
24.16067037835566
 10
-98.68544353896096
 20
24.16067037835566
 10
-98.73657630784805
 20
24.10953760944511
  0
LWPOLYLINE
  5
2CAABC
330
2D7C26
100
AcDbEntity
  8
0
 62
     8
100
AcDbPolyline
 90
        3
 70
     0
 43
0.0
 10
-97.88458702429444
 20
26.87850278105235
 10
-97.88458702429444
 20
26.87850278105235
 10
-97.88458702429444
 20
26.87850278105235
  0
LWPOLYLINE
  5
2CAABD
330
2D7C26
100
AcDbEntity
  8
0
 62
     8
100
AcDbPolyline
 90
       19
 70
     1
 43
0.0
 10
-102.4938289305073
 20
23.54724480013981
 10
-102.6407727728997
 20
23.67926793293957
 10
-101.2754440194042
 20
24.24374017181327
 10
-101.2754440194042
 20
24.19470300814015
 10
-101.2754440194042
 20
24.16067037835566
 10
-101.2754440194042
 20
24.10953760944511
 10
-101.2754440194042
 20
24.06477548065069
 10
-101.320206148235
 20
24.01364271176446
 10
-101.320206148235
 20
23.96896440717954
 10
-101.320206148235
 20
23.91783163829331
 10
-101.4671499906251
 20
23.77725843593052
 10
-101.6099026224537
 20
23.7261256670443
 10
-101.7547508595614
 20
23.63031459350024
 10
-101.8399162582344
 20
23.58345685946841
 10
-102.0316222294548
 20
23.54724480013981
 10
-102.1721954317886
 20
23.50038706601079
 10
-102.3148642394039
 20
23.50038706601079
 10
-102.4490668016794
 20
23.54724480013981
 10
-102.4938289305073
 20
23.54724480013981
  0
LWPOLYLINE
  5
2CAABE
330
2D7C26
100
AcDbEntity
  8
0
 62
     8
100
AcDbPolyline
 90
       33
 70
     1
 43
0.0
 10
-101.5140077247365
 20
25.14258718941468
 10
-102.2680065052916
 20
25.60906892527313
 10
-102.2680065052916
 20
25.99457647298428
 10
-102.1721954317886
 20
26.12232457102682
 10
-102.0763005340716
 20
26.12232457102682
 10
-101.9357273317375
 20
26.22031507394489
 10
-101.7887834893451
 20
26.2650772028365
 10
-101.6588559618474
 20
26.36088827630767
 10
-101.5140077247365
 20
26.4120210451939
 10
-101.3713389171212
 20
26.55259424753237
 10
-101.2754440194042
 20
26.69953808988977
 10
-101.128500177014
 20
26.87850278105235
 10
-101.128500177014
 20
26.9743138545235
 10
-101.128500177014
 20
27.02117158862824
 10
-101.0965631525125
 20
27.11706648633319
 10
-101.0965631525125
 20
27.16819925521944
 10
-101.0454303836257
 20
27.26401032876348
 10
-100.998572649514
 20
27.30877245758219
 10
-100.9027615760078
 20
27.40458353112626
 10
-100.9027615760078
 20
27.30877245758219
 10
-100.94961931012
 20
27.21287755987724
 10
-100.998572649514
 20
27.11706648633319
 10
-100.998572649514
 20
27.02117158862824
 10
-100.94961931012
 20
27.02117158862824
 10
-100.9027615760078
 20
26.82946561747642
 10
-100.8068666782937
 20
26.69953808988977
 10
-100.7110556047878
 20
26.55259424753237
 10
-100.6151607070728
 20
26.4120210451939
 10
-100.6151607070728
 20
26.22031507394489
 10
-100.5683029729614
 20
26.08611251167393
 10
-100.5193496335675
 20
25.89868157527931
 10
-100.4724918994552
 20
25.75173773284902
 10
-101.5140077247365
 20
25.14258718941468
  0
LWPOLYLINE
  5
2CAABF
330
2D7C26
100
AcDbEntity
  8
0
 62
     8
100
AcDbPolyline
 90
       36
 70
     0
 43
0.0
 10
-99.44153792479824
 20
23.63031459350024
 10
-99.53743282251322
 20
23.67926793293957
 10
-99.53743282251322
 20
23.7261256670443
 10
-99.48839565891056
 20
23.77725843593052
 10
-99.44153792479824
 20
23.82202056474924
 10
-99.34572685129229
 20
23.87306950940169
 10
-99.34572685129229
 20
23.91783163829331
 10
-99.24983195357825
 20
24.06477548065069
 10
-99.34572685129229
 20
24.01364271176446
 10
-99.39258458540464
 20
24.01364271176446
 10
-99.48839565891056
 20
24.01364271176446
 10
-99.53743282251322
 20
24.01364271176446
 10
-99.63324389601849
 20
24.01364271176446
 10
-99.68010163013085
 20
24.01364271176446
 10
-99.77599652784553
 20
24.01364271176446
 10
-99.82494986723942
 20
24.01364271176446
 10
-99.85906632123421
 20
24.10953760944511
 10
-99.85906632123421
 20
24.16067037835566
 10
-99.77599652784553
 20
24.19470300814015
 10
-99.7291387937355
 20
24.24374017181327
 10
-99.63324389601849
 20
24.2905979058451
 10
-99.58429055662463
 20
24.2905979058451
 10
-99.48839565891056
 20
24.2905979058451
 10
-99.39258458540464
 20
24.2905979058451
 10
-99.24983195357825
 20
24.33955124526014
 10
-99.16676216018961
 20
24.10953760944511
 10
-98.97296058368489
 20
24.01364271176446
 10
-98.97296058368489
 20
23.87306950940169
 10
-99.02409335257198
 20
23.82202056474924
 10
-99.02409335257198
 20
23.77725843593052
 10
-99.07095108668341
 20
23.7261256670443
 10
-99.11571321551448
 20
23.67926793293957
 10
-99.16676216018961
 20
23.67926793293957
 10
-99.20297421946592
 20
23.63031459350024
 10
-99.39258458540464
 20
23.63031459350024
 10
-99.44153792479824
 20
23.63031459350024
  0
LWPOLYLINE
  5
2CAAC0
330
2D7C26
100
AcDbEntity
  8
0
 62
     8
100
AcDbPolyline
 90
       35
 70
     0
 43
0.0
 10
-99.34572685129229
 20
24.48230387709413
 10
-99.29886911718291
 20
24.53125721650915
 10
-99.20297421946592
 20
24.6249726847429
 10
-99.11571321551448
 20
24.67400984831883
 10
-98.97296058368489
 20
24.76982092179
 10
-98.87714951018189
 20
24.81667865589472
 10
-98.73657630784805
 20
24.95088121816568
 10
-98.58954864124465
 20
24.9955595228235
 10
-98.45962111374388
 20
25.14258718941468
 10
-98.36381004024064
 20
25.14258718941468
 10
-98.26791514252365
 20
25.14258718941468
 10
-98.21896180312979
 20
25.09145442052846
 10
-98.12306690541504
 20
25.09145442052846
 10
-98.07620917130343
 20
25.09145442052846
 10
-97.98039809779744
 20
25.09145442052846
 10
-97.98039809779744
 20
24.95088121816568
 10
-98.07620917130343
 20
24.89974844927945
 10
-98.17210406901997
 20
24.89974844927945
 10
-98.26791514252365
 20
24.89974844927945
 10
-98.31477287663597
 20
24.89974844927945
 10
-98.41066777435008
 20
24.89974844927945
 10
-98.50647884785621
 20
24.89974844927945
 10
-98.58954864124465
 20
24.89974844927945
 10
-98.64068141013081
 20
24.89974844927945
 10
-98.58954864124465
 20
24.72086758244785
 10
-98.68544353896096
 20
24.57811495061387
 10
-98.78125461246487
 20
24.48230387709413
 10
-98.83238738135105
 20
24.48230387709413
 10
-98.92819845485725
 20
24.48230387709413
 10
-98.97296058368489
 20
24.48230387709413
 10
-99.07095108668341
 20
24.48230387709413
 10
-99.11571321551448
 20
24.48230387709413
 10
-99.20297421946592
 20
24.48230387709413
 10
-99.24983195357825
 20
24.48230387709413
 10
-99.34572685129229
 20
24.48230387709413
  0
LWPOLYLINE
  5
2CAAC1
330
2D7C26
100
AcDbEntity
  8
0
 62
     8
100
AcDbPolyline
 90
       26
 70
     0
 43
0.0
 10
-93.79933026285561
 20
24.38640897938916
 10
-93.75037692346174
 20
24.24374017181327
 10
-93.70351918934943
 20
24.10953760944511
 10
-93.65448202574476
 20
23.96896440717954
 10
-93.60762429163242
 20
23.87306950940169
 10
-93.65448202574476
 20
23.7261256670443
 10
-93.65448202574476
 20
23.58345685946841
 10
-93.70351918934943
 20
23.45134990243486
 10
-93.70351918934943
 20
23.35553882896369
 10
-93.79933026285561
 20
23.25754832594844
 10
-93.89522516056969
 20
23.25754832594844
 10
-93.99103623407585
 20
23.25754832594844
 10
-94.02515268807041
 20
23.25754832594844
 10
-94.12096376157364
 20
23.25754832594844
 10
-94.21685865929068
 20
23.30868109485897
 10
-94.31266973279685
 20
23.35553882896369
 10
-94.36380250168303
 20
23.40449216830584
 10
-94.40848080629983
 20
23.40449216830584
 10
-94.45961357518669
 20
23.45134990243486
 10
-94.50647130929835
 20
23.50038706601079
 10
-94.50647130929835
 20
23.58345685946841
 10
-94.55550847290304
 20
23.63031459350024
 10
-94.55550847290304
 20
23.67926793293957
 10
-94.60236620701541
 20
23.7261256670443
 10
-94.64704451163219
 20
23.82202056474924
 10
-95.53742528395536
 20
23.021080225905
  0
LWPOLYLINE
  5
2CAAC2
330
2D7C26
100
AcDbEntity
  8
0
 62
     8
100
AcDbPolyline
 90
       33
 70
     0
 43
0.0
 10
-95.53742528395536
 20
23.021080225905
 10
-95.63323635746131
 20
23.07011738948093
 10
-95.72913125517855
 20
23.21278619715402
 10
-95.77598898928773
 20
23.40449216830584
 10
-95.77598898928773
 20
23.58345685946841
 10
-95.72913125517855
 20
23.77725843593052
 10
-95.72913125517855
 20
23.96896440717954
 10
-95.63323635746131
 20
24.16067037835566
 10
-95.58210358857444
 20
24.33955124526014
 10
-95.44153038624132
 20
24.53125721650915
 10
-95.39039761735422
 20
24.53125721650915
 10
-95.30732782396581
 20
24.6249726847429
 10
-95.26047008985415
 20
24.67400984831883
 10
-95.16465901634822
 20
24.76982092179
 10
-95.11570567695661
 20
24.81667865589472
 10
-95.06884794284429
 20
24.89974844927945
 10
-95.01981077923961
 20
24.9955595228235
 10
-94.97295304512793
 20
25.14258718941468
 10
-94.87714197162405
 20
25.14258718941468
 10
-94.83028423751262
 20
25.14258718941468
 10
-94.73438933979537
 20
25.14258718941468
 10
-94.68543600040403
 20
25.09145442052846
 10
-94.60236620701541
 20
25.04669229170974
 10
-94.55550847290304
 20
25.04669229170974
 10
-94.45961357518669
 20
25.14258718941468
 10
-94.40848080629983
 20
25.04669229170974
 10
-94.36380250168303
 20
24.9955595228235
 10
-94.31266973279685
 20
24.95088121816568
 10
-94.26790760396581
 20
24.89974844927945
 10
-94.26790760396581
 20
24.81667865589472
 10
-94.26790760396581
 20
24.76982092179
 10
-94.21685865929068
 20
24.67400984831883
 10
-94.07620163274577
 20
24.6249726847429
  0
LINE
  5
2CAAC3
330
2D7C26
100
AcDbEntity
  8
0
 62
     8
100
AcDbLine
 10
-94.07620163274577
 20
24.6249726847429
 30
0.0
 11
-93.79933026285561
 21
24.38640897938916
 31
0.0
  0
LWPOLYLINE
  5
2CAAC4
330
2D7C26
100
AcDbEntity
  8
0
 62
     8
100
AcDbPolyline
 90
       66
 70
     0
 43
0.0
 10
-91.77371819702647
 20
23.07011738948093
 10
-92.09535169574749
 20
23.07011738948093
 10
-92.38504816996622
 20
23.16165342824348
 10
-92.62570748058008
 20
23.30868109485897
 10
-92.85152990579581
 20
23.50038706601079
 10
-93.09428482169121
 20
23.63031459350024
 10
-93.28179958234839
 20
23.87306950940169
 10
-93.41591832041215
 20
24.10953760944511
 10
-93.55649152274621
 20
24.38640897938916
 10
-93.60762429163242
 20
24.48230387709413
 10
-93.65448202574476
 20
24.57811495061387
 10
-93.70351918934943
 20
24.67400984831883
 10
-93.75037692346174
 20
24.76982092179
 10
-93.84618799696474
 20
24.85289071524761
 10
-93.94208289468201
 20
24.95088121816568
 10
-94.02515268807041
 20
25.04669229170974
 10
-94.07620163274577
 20
25.18726549407251
 10
-93.84618799696474
 20
25.23839826295875
 10
-93.89522516056969
 20
25.56003176162433
 10
-93.89522516056969
 20
25.60906892527313
 10
-93.89522516056969
 20
25.65592665940215
 10
-93.84618799696474
 20
25.7048799987443
 10
-93.75037692346174
 20
25.75173773284902
 10
-93.70351918934943
 20
25.80069107228836
 10
-93.60762429163242
 20
25.84754880639308
 10
-93.4606804492423
 20
25.75173773284902
 10
-93.51181321812941
 20
25.65592665940215
 10
-93.55649152274621
 20
25.60906892527313
 10
-93.60762429163242
 20
25.60906892527313
 10
-93.65448202574476
 20
25.60906892527313
 10
-93.75037692346174
 20
25.56003176162433
 10
-93.79933026285561
 20
25.51317402756819
 10
-93.79933026285561
 20
25.47696196823959
 10
-93.75037692346174
 20
25.43010423411056
 10
-93.65448202574476
 20
25.43010423411056
 10
-93.55649152274621
 20
25.47696196823959
 10
-93.41591832041215
 20
25.51317402756819
 10
-93.33284852702375
 20
25.47696196823959
 10
-93.23494184823607
 20
25.47696196823959
 10
-93.13904695052199
 20
25.43010423411056
 10
-93.04323587701608
 20
25.43010423411056
 10
-93.13904695052199
 20
25.33429316066371
 10
-93.23494184823607
 20
25.28316039177747
 10
-93.33284852702375
 20
25.28316039177747
 10
-93.41591832041215
 20
25.28316039177747
 10
-93.51181321812941
 20
25.23839826295875
 10
-93.60762429163242
 20
25.23839826295875
 10
-93.70351918934943
 20
25.18726549407251
 10
-93.70351918934943
 20
25.14258718941468
 10
-93.41591832041215
 20
24.85289071524761
 10
-93.09428482169121
 20
24.57811495061387
 10
-92.80676777696792
 20
24.24374017181327
 10
-92.48085924347014
 20
23.96896440717954
 10
-92.1912465934624
 20
23.67926793293957
 10
-91.86961309474373
 20
23.40449216830584
 10
-91.53515449169413
 20
23.21278619715402
 10
-91.11343488469305
 20
23.16165342824348
 10
-91.21142538769165
 20
23.07011738948093
 10
-91.26037872708549
 20
23.07011738948093
 10
-91.35627362480247
 20
23.07011738948093
 10
-91.40313135891188
 20
23.07011738948093
 10
-91.48620115230029
 20
23.07011738948093
 10
-91.53515449169413
 20
23.07011738948093
 10
-91.63314499469263
 20
23.07011738948093
 10
-91.67790712352053
 20
23.07011738948093
 10
-91.77371819702647
 20
23.07011738948093
  0
LWPOLYLINE
  5
2CAAC5
330
2D7C26
100
AcDbEntity
  8
0
 62
     8
100
AcDbPolyline
 90
       18
 70
     0
 43
0.0
 10
-91.30723646119781
 20
23.91783163829331
 10
-91.40313135891188
 20
23.91783163829331
 10
-91.43934341819115
 20
23.91783163829331
 10
-91.43934341819115
 20
23.96896440717954
 10
-91.43934341819115
 20
24.01364271176446
 10
-91.48620115230029
 20
24.01364271176446
 10
-91.53515449169413
 20
24.06477548065069
 10
-91.58201222580649
 20
24.10953760944511
 10
-91.58201222580649
 20
24.16067037835566
 10
-91.58201222580649
 20
24.43544614296509
 10
-91.53515449169413
 20
24.33955124526014
 10
-91.48620115230029
 20
24.2905979058451
 10
-91.43934341819115
 20
24.24374017181327
 10
-91.35627362480247
 20
24.19470300814015
 10
-91.35627362480247
 20
24.10953760944511
 10
-91.30723646119781
 20
24.06477548065069
 10
-91.30723646119781
 20
23.96896440717954
 10
-91.30723646119781
 20
23.91783163829331
  0
LWPOLYLINE
  5
2CAAC6
330
2D7C26
100
AcDbEntity
  8
0
 62
     8
100
AcDbPolyline
 90
       33
 70
     0
 43
0.0
 10
-91.58201222580649
 20
26.7463958240188
 10
-91.72903989240968
 20
26.92536051518137
 10
-91.67790712352053
 20
27.02117158862824
 10
-91.67790712352053
 20
27.07230435753877
 10
-91.63314499469263
 20
27.16819925521944
 10
-91.63314499469263
 20
27.21287755987724
 10
-91.58201222580649
 20
27.26401032876348
 10
-91.53515449169413
 20
27.30877245758219
 10
-91.43934341819115
 20
27.40458353112626
 10
-91.30723646119781
 20
27.35990522646844
 10
-91.30723646119781
 20
27.21287755987724
 10
-91.30723646119781
 20
27.16819925521944
 10
-91.35627362480247
 20
27.11706648633319
 10
-91.40313135891188
 20
27.11706648633319
 10
-91.48620115230029
 20
27.07230435753877
 10
-91.48620115230029
 20
27.02117158862824
 10
-91.53515449169413
 20
26.9743138545235
 10
-91.43934341819115
 20
26.92536051518137
 10
-91.35627362480247
 20
26.92536051518137
 10
-91.30723646119781
 20
26.92536051518137
 10
-91.21142538769165
 20
26.9743138545235
 10
-91.16456765357927
 20
26.9743138545235
 10
-91.06875658007627
 20
26.9743138545235
 10
-91.0176238111892
 20
26.92536051518137
 10
-90.92172891347289
 20
26.92536051518137
 10
-91.0176238111892
 20
26.82946561747642
 10
-91.11343488469305
 20
26.7826078833474
 10
-91.21142538769165
 20
26.7463958240188
 10
-91.26037872708549
 20
26.7463958240188
 10
-91.35627362480247
 20
26.7463958240188
 10
-91.43934341819115
 20
26.7463958240188
 10
-91.53515449169413
 20
26.7463958240188
 10
-91.58201222580649
 20
26.7463958240188
  0
LWPOLYLINE
  5
2CAAC7
330
2D7C26
100
AcDbEntity
  8
0
 62
     8
100
AcDbPolyline
 90
       59
 70
     0
 43
0.0
 10
-92.57675414118649
 20
25.14258718941468
 10
-92.75563500808109
 20
25.23839826295875
 10
-92.85152990579581
 20
25.23839826295875
 10
-92.80676777696792
 20
25.28316039177747
 10
-92.80676777696792
 20
25.33429316066371
 10
-92.72160237829508
 20
25.37897146522432
 10
-92.67256521469017
 20
25.43010423411056
 10
-92.62570748058008
 20
25.47696196823959
 10
-92.57675414118649
 20
25.56003176162433
 10
-92.67256521469017
 20
25.56003176162433
 10
-92.72160237829508
 20
25.60906892527313
 10
-92.80676777696792
 20
25.65592665940215
 10
-92.90266267468199
 20
25.7048799987443
 10
-93.04323587701608
 20
25.7048799987443
 10
-93.13904695052199
 20
25.7048799987443
 10
-93.23494184823607
 20
25.75173773284902
 10
-93.23494184823607
 20
25.89868157527931
 10
-93.1859046846314
 20
25.99457647298428
 10
-93.13904695052199
 20
26.0392547775692
 10
-93.09428482169121
 20
26.12232457102682
 10
-93.04323587701608
 20
26.17345733991306
 10
-92.94734097930108
 20
26.22031507394489
 10
-92.90266267468199
 20
26.2650772028365
 10
-92.75563500808109
 20
26.31620997172273
 10
-92.72160237829508
 20
26.22031507394489
 10
-92.75563500808109
 20
26.17345733991306
 10
-92.80676777696792
 20
26.12232457102682
 10
-92.85152990579581
 20
26.08611251167393
 10
-92.90266267468199
 20
26.08611251167393
 10
-92.99847374818822
 20
26.0392547775692
 10
-93.09428482169121
 20
25.99457647298428
 10
-93.09428482169121
 20
25.89868157527931
 10
-92.99847374818822
 20
25.89868157527931
 10
-92.94734097930108
 20
25.89868157527931
 10
-92.80676777696792
 20
25.89868157527931
 10
-92.72160237829508
 20
25.89868157527931
 10
-92.62570748058008
 20
25.89868157527931
 10
-92.52989640707481
 20
25.89868157527931
 10
-92.38504816996622
 20
25.94344370409803
 10
-92.33819043585484
 20
25.75173773284902
 10
-92.1912465934624
 20
25.65592665940215
 10
-92.06341467124524
 20
25.56003176162433
 10
-91.91647082885287
 20
25.51317402756819
 10
-91.77371819702647
 20
25.47696196823959
 10
-91.63314499469263
 20
25.43010423411056
 10
-91.48620115230029
 20
25.37897146522432
 10
-91.30723646119781
 20
25.33429316066371
 10
-91.40313135891188
 20
25.28316039177747
 10
-91.48620115230029
 20
25.23839826295875
 10
-91.58201222580649
 20
25.18726549407251
 10
-91.63314499469263
 20
25.18726549407251
 10
-91.72903989240968
 20
25.18726549407251
 10
-91.8205759311388
 20
25.18726549407251
 10
-91.91647082885287
 20
25.18726549407251
 10
-91.96542416824671
 20
25.28316039177747
 10
-92.14648446463391
 20
25.51317402756819
 10
-92.52989640707481
 20
25.43010423411056
 10
-92.33819043585484
 20
25.28316039177747
 10
-92.57675414118649
 20
25.14258718941468
  0
LWPOLYLINE
  5
2CAAC8
330
2D7C26
100
AcDbEntity
  8
0
 62
     8
100
AcDbPolyline
 90
       18
 70
     0
 43
0.0
 10
-92.14648446463391
 20
23.35553882896369
 10
-92.33819043585484
 20
23.35553882896369
 10
-92.48085924347014
 20
23.45134990243486
 10
-92.62570748058008
 20
23.58345685946841
 10
-92.75563500808109
 20
23.7261256670443
 10
-92.90266267468199
 20
23.82202056474924
 10
-92.99847374818822
 20
23.96896440717954
 10
-93.09428482169121
 20
24.16067037835566
 10
-93.09428482169121
 20
24.38640897938916
 10
-92.99847374818822
 20
24.24374017181327
 10
-92.90266267468199
 20
24.10953760944511
 10
-92.80676777696792
 20
23.96896440717954
 10
-92.67256521469017
 20
23.87306950940169
 10
-92.57675414118649
 20
23.7261256670443
 10
-92.48085924347014
 20
23.58345685946841
 10
-92.33819043585484
 20
23.45134990243486
 10
-92.09535169574749
 20
23.40449216830584
 10
-92.14648446463391
 20
23.35553882896369
  0
LWPOLYLINE
  5
2CAAC9
330
2D7C26
100
AcDbEntity
  8
0
 62
     8
100
AcDbPolyline
 90
       19
 70
     0
 43
0.0
 10
-92.57675414118649
 20
24.67400984831883
 10
-92.67256521469017
 20
24.67400984831883
 10
-92.72160237829508
 20
24.67400984831883
 10
-92.75563500808109
 20
24.67400984831883
 10
-92.75563500808109
 20
24.72086758244785
 10
-92.80676777696792
 20
24.72086758244785
 10
-92.85152990579581
 20
24.81667865589472
 10
-92.85152990579581
 20
24.85289071524761
 10
-92.85152990579581
 20
24.95088121816568
 10
-92.80676777696792
 20
25.04669229170974
 10
-92.80676777696792
 20
24.9955595228235
 10
-92.75563500808109
 20
24.9955595228235
 10
-92.72160237829508
 20
24.95088121816568
 10
-92.67256521469017
 20
24.95088121816568
 10
-92.67256521469017
 20
24.85289071524761
 10
-92.62570748058008
 20
24.85289071524761
 10
-92.62570748058008
 20
24.81667865589472
 10
-92.52989640707481
 20
24.81667865589472
 10
-92.57675414118649
 20
24.67400984831883
  0
LWPOLYLINE
  5
2CAACA
330
2D7C26
100
AcDbEntity
  8
0
 62
     8
100
AcDbPolyline
 90
       19
 70
     0
 43
0.0
 10
-91.86961309474373
 20
24.76982092179
 10
-91.96542416824671
 20
24.76982092179
 10
-92.01228190235909
 20
24.76982092179
 10
-92.01228190235909
 20
24.81667865589472
 10
-92.06341467124524
 20
24.81667865589472
 10
-92.09535169574749
 20
24.85289071524761
 10
-92.14648446463391
 20
24.89974844927945
 10
-92.14648446463391
 20
24.95088121816568
 10
-91.96542416824671
 20
25.14258718941468
 10
-91.96542416824671
 20
25.09145442052846
 10
-91.91647082885287
 20
25.09145442052846
 10
-91.86961309474373
 20
25.04669229170974
 10
-91.8205759311388
 20
25.04669229170974
 10
-91.77371819702647
 20
24.9955595228235
 10
-91.72903989240968
 20
24.95088121816568
 10
-91.72903989240968
 20
24.89974844927945
 10
-91.67790712352053
 20
24.89974844927945
 10
-91.77371819702647
 20
24.76982092179
 10
-91.86961309474373
 20
24.76982092179
  0
LWPOLYLINE
  5
2CAACB
330
2D7C26
100
AcDbEntity
  8
0
 62
     8
100
AcDbPolyline
 90
       20
 70
     0
 43
0.0
 10
-92.33819043585484
 20
26.17345733991306
 10
-92.38504816996622
 20
26.2650772028365
 10
-92.33819043585484
 20
26.31620997172273
 10
-92.24229553813984
 20
26.36088827630767
 10
-92.1912465934624
 20
26.36088827630767
 10
-92.06341467124524
 20
26.4120210451939
 10
-91.96542416824671
 20
26.4120210451939
 10
-91.86961309474373
 20
26.4120210451939
 10
-91.77371819702647
 20
26.4120210451939
 10
-91.63314499469263
 20
26.45678317401261
 10
-91.67790712352053
 20
26.2650772028365
 10
-91.77371819702647
 20
26.17345733991306
 10
-91.8205759311388
 20
26.17345733991306
 10
-91.91647082885287
 20
26.17345733991306
 10
-91.96542416824671
 20
26.17345733991306
 10
-92.06341467124524
 20
26.17345733991306
 10
-92.09535169574749
 20
26.17345733991306
 10
-92.1912465934624
 20
26.17345733991306
 10
-92.24229553813984
 20
26.17345733991306
 10
-92.33819043585484
 20
26.17345733991306
  0
LWPOLYLINE
  5
2CAACC
330
2D7C26
100
AcDbEntity
  8
0
 62
     8
100
AcDbPolyline
 90
       16
 70
     0
 43
0.0
 10
-92.28705766696773
 20
26.50791594289885
 10
-92.38504816996622
 20
26.50791594289885
 10
-92.38504816996622
 20
26.55259424753237
 10
-92.33819043585484
 20
26.60372701644293
 10
-92.28705766696773
 20
26.65058475054765
 10
-92.24229553813984
 20
26.69953808988977
 10
-92.1912465934624
 20
26.7463958240188
 10
-92.14648446463391
 20
26.82946561747642
 10
-91.96542416824671
 20
26.7826078833474
 10
-92.01228190235909
 20
26.65058475054765
 10
-92.06341467124524
 20
26.60372701644293
 10
-92.09535169574749
 20
26.60372701644293
 10
-92.14648446463391
 20
26.60372701644293
 10
-92.1912465934624
 20
26.55259424753237
 10
-92.24229553813984
 20
26.55259424753237
 10
-92.28705766696773
 20
26.50791594289885
  0
LWPOLYLINE
  5
2CAACD
330
2D7C26
100
AcDbEntity
  8
0
 62
     8
100
AcDbPolyline
 90
       17
 70
     0
 43
0.0
 10
-92.62570748058008
 20
26.55259424753237
 10
-92.75563500808109
 20
26.55259424753237
 10
-92.75563500808109
 20
26.65058475054765
 10
-92.75563500808109
 20
26.7463958240188
 10
-92.72160237829508
 20
26.82946561747642
 10
-92.67256521469017
 20
26.92536051518137
 10
-92.57675414118649
 20
27.02117158862824
 10
-92.48085924347014
 20
27.07230435753877
 10
-92.33819043585484
 20
27.16819925521944
 10
-92.38504816996622
 20
27.07230435753877
 10
-92.38504816996622
 20
26.9743138545235
 10
-92.38504816996622
 20
26.87850278105235
 10
-92.38504816996622
 20
26.7826078833474
 10
-92.48085924347014
 20
26.69953808988977
 10
-92.52989640707481
 20
26.65058475054765
 10
-92.57675414118649
 20
26.55259424753237
 10
-92.62570748058008
 20
26.55259424753237
  0
LWPOLYLINE
  5
2CAACE
330
2D7C26
100
AcDbEntity
  8
0
 62
     8
100
AcDbPolyline
 90
       11
 70
     0
 43
0.0
 10
-97.19018725796535
 20
23.35553882896369
 10
-96.14657582740257
 20
24.48230387709413
 10
-96.24238690090876
 20
24.24374017181327
 10
-96.3382817986228
 20
24.06477548065069
 10
-96.43409287212877
 20
23.91783163829331
 10
-96.48095060623813
 20
23.77725843593052
 10
-96.6599152973438
 20
23.63031459350024
 10
-96.80685913973617
 20
23.50038706601079
 10
-96.94961177156256
 20
23.40449216830584
 10
-97.09429236024901
 20
23.35553882896369
 10
-97.19018725796535
 20
23.35553882896369
  0
LWPOLYLINE
  5
2CAACF
330
2D7C26
100
AcDbEntity
  8
0
 62
     8
100
AcDbPolyline
 90
       19
 70
     0
 43
0.0
 10
-97.51182075668637
 20
24.16067037835566
 10
-97.56295352557344
 20
24.19470300814015
 10
-97.56295352557344
 20
24.2905979058451
 10
-97.51182075668637
 20
24.38640897938916
 10
-97.46705862785621
 20
24.48230387709413
 10
-97.41592585897002
 20
24.53125721650915
 10
-97.32011478546631
 20
24.6249726847429
 10
-97.23704499207769
 20
24.67400984831883
 10
-97.09429236024901
 20
24.76982092179
 10
-97.04533902085518
 20
24.6249726847429
 10
-97.09429236024901
 20
24.53125721650915
 10
-97.14115009436071
 20
24.48230387709413
 10
-97.19018725796535
 20
24.38640897938916
 10
-97.23704499207769
 20
24.38640897938916
 10
-97.32011478546631
 20
24.2905979058451
 10
-97.37124755435251
 20
24.24374017181327
 10
-97.41592585897002
 20
24.19470300814015
 10
-97.46705862785621
 20
24.16067037835566
 10
-97.51182075668637
 20
24.16067037835566
  0
LWPOLYLINE
  5
2CAAD0
330
2D7C26
100
AcDbEntity
  8
0
 62
     8
100
AcDbPolyline
 90
       19
 70
     0
 43
0.0
 10
-96.90275403745093
 20
24.48230387709413
 10
-96.90275403745093
 20
24.53125721650915
 10
-96.90275403745093
 20
24.6249726847429
 10
-96.90275403745093
 20
24.72086758244785
 10
-96.80685913973617
 20
24.81667865589472
 10
-96.80685913973617
 20
24.85289071524761
 10
-96.71104806623
 20
24.95088121816568
 10
-96.61515316851591
 20
24.9955595228235
 10
-96.48095060623813
 20
25.09145442052846
 10
-96.38513953273514
 20
24.9955595228235
 10
-96.48095060623813
 20
24.85289071524761
 10
-96.52998776984285
 20
24.81667865589472
 10
-96.57684550395517
 20
24.72086758244785
 10
-96.61515316851591
 20
24.72086758244785
 10
-96.71104806623
 20
24.6249726847429
 10
-96.75572637084975
 20
24.57811495061387
 10
-96.85162126856385
 20
24.53125721650915
 10
-96.85162126856385
 20
24.48230387709413
 10
-96.90275403745093
 20
24.48230387709413
  0
LWPOLYLINE
  5
2CAAD1
330
2D7C26
100
AcDbEntity
  8
0
 62
     8
100
AcDbPolyline
 90
       11
 70
     0
 43
0.0
 10
-97.56295352557344
 20
24.76982092179
 10
-97.65876459907872
 20
24.81667865589472
 10
-97.60763183019024
 20
24.95088121816568
 10
-97.56295352557344
 20
24.9955595228235
 10
-97.51182075668637
 20
25.04669229170974
 10
-97.41592585897002
 20
25.04669229170974
 10
-97.37124755435251
 20
25.04669229170974
 10
-97.27325705135402
 20
25.09145442052846
 10
-97.27325705135402
 20
24.85289071524761
 10
-97.46705862785621
 20
24.76982092179
 10
-97.56295352557344
 20
24.76982092179
  0
LWPOLYLINE
  5
2CAAD2
330
2D7C26
100
AcDbEntity
  8
0
 62
     8
100
AcDbPolyline
 90
       17
 70
     0
 43
0.0
 10
-96.85162126856385
 20
25.09145442052846
 10
-96.94961177156256
 20
25.14258718941468
 10
-96.94961177156256
 20
25.28316039177747
 10
-96.90275403745093
 20
25.28316039177747
 10
-96.85162126856385
 20
25.28316039177747
 10
-96.80685913973617
 20
25.33429316066371
 10
-96.75572637084975
 20
25.37897146522432
 10
-96.6599152973438
 20
25.43010423411056
 10
-96.6599152973438
 20
25.37897146522432
 10
-96.61515316851591
 20
25.33429316066371
 10
-96.61515316851591
 20
25.28316039177747
 10
-96.61515316851591
 20
25.23839826295875
 10
-96.71104806623
 20
25.14258718941468
 10
-96.71104806623
 20
25.09145442052846
 10
-96.80685913973617
 20
25.09145442052846
 10
-96.80685913973617
 20
25.14258718941468
 10
-96.85162126856385
 20
25.09145442052846
  0
LWPOLYLINE
  5
2CAAD3
330
2D7C26
100
AcDbEntity
  8
0
 62
     8
100
AcDbPolyline
 90
       18
 70
     0
 43
0.0
 10
-95.77598898928773
 20
25.23839826295875
 10
-95.87180006279393
 20
25.23839826295875
 10
-95.92083722639861
 20
25.23839826295875
 10
-96.00390701978724
 20
25.23839826295875
 10
-96.05076475389887
 20
25.28316039177747
 10
-96.14657582740257
 20
25.28316039177747
 10
-96.19770859628877
 20
25.33429316066371
 10
-96.28924463501787
 20
25.37897146522432
 10
-96.3382817986228
 20
25.47696196823959
 10
-96.24238690090876
 20
25.47696196823959
 10
-96.14657582740257
 20
25.47696196823959
 10
-96.05076475389887
 20
25.51317402756819
 10
-95.95486985618231
 20
25.47696196823959
 10
-95.82494232868151
 20
25.43010423411056
 10
-95.72913125517855
 20
25.43010423411056
 10
-95.58210358857444
 20
25.43010423411056
 10
-95.68009409157369
 20
25.23839826295875
 10
-95.77598898928773
 20
25.23839826295875
  0
LWPOLYLINE
  5
2CAAD4
330
2D7C26
100
AcDbEntity
  8
0
 62
     8
100
AcDbPolyline
 90
       27
 70
     0
 43
0.0
 10
-96.94961177156256
 20
25.47696196823959
 10
-97.23704499207769
 20
25.56003176162433
 10
-97.19018725796535
 20
25.60906892527313
 10
-97.14115009436071
 20
25.60906892527313
 10
-97.04533902085518
 20
25.65592665940215
 10
-96.99848128674513
 20
25.7048799987443
 10
-96.99848128674513
 20
25.80069107228836
 10
-96.99848128674513
 20
25.94344370409803
 10
-96.90275403745093
 20
25.89868157527931
 10
-96.80685913973617
 20
25.89868157527931
 10
-96.71104806623
 20
25.89868157527931
 10
-96.57684550395517
 20
25.89868157527931
 10
-96.48095060623813
 20
25.89868157527931
 10
-96.38513953273514
 20
25.89868157527931
 10
-96.24238690090876
 20
25.89868157527931
 10
-96.10181369857471
 20
25.94344370409803
 10
-96.14657582740257
 20
25.75173773284902
 10
-96.24238690090876
 20
25.7048799987443
 10
-96.28924463501787
 20
25.7048799987443
 10
-96.38513953273514
 20
25.7048799987443
 10
-96.43409287212877
 20
25.7048799987443
 10
-96.52998776984285
 20
25.7048799987443
 10
-96.57684550395517
 20
25.7048799987443
 10
-96.6599152973438
 20
25.7048799987443
 10
-96.71104806623
 20
25.7048799987443
 10
-96.90275403745093
 20
25.47696196823959
 10
-96.94961177156256
 20
25.47696196823959
  0
LWPOLYLINE
  5
2CAAD5
330
2D7C26
100
AcDbEntity
  8
0
 62
     8
100
AcDbPolyline
 90
       16
 70
     1
 43
0.0
 10
-94.68543600040403
 20
25.47696196823959
 10
-94.87714197162405
 20
25.60906892527313
 10
-94.92399970573414
 20
25.60906892527313
 10
-94.92399970573414
 20
25.7048799987443
 10
-94.87714197162405
 20
25.80069107228836
 10
-94.78124707390772
 20
25.89868157527931
 10
-94.73438933979537
 20
25.89868157527931
 10
-94.64704451163219
 20
25.99457647298428
 10
-94.45961357518669
 20
25.89868157527931
 10
-94.45961357518669
 20
25.80069107228836
 10
-94.45961357518669
 20
25.75173773284902
 10
-94.45961357518669
 20
25.65592665940215
 10
-94.45961357518669
 20
25.60906892527313
 10
-94.50647130929835
 20
25.51317402756819
 10
-94.55550847290304
 20
25.51317402756819
 10
-94.60236620701541
 20
25.47696196823959
  0
LWPOLYLINE
  5
2CAAD6
330
2D7C26
100
AcDbEntity
  8
0
 62
     8
100
AcDbPolyline
 90
       23
 70
     0
 43
0.0
 10
-94.07620163274577
 20
25.60906892527313
 10
-94.12096376157364
 20
25.60906892527313
 10
-94.12096376157364
 20
25.7048799987443
 10
-94.12096376157364
 20
25.80069107228836
 10
-94.12096376157364
 20
25.84754880639308
 10
-94.12096376157364
 20
25.94344370409803
 10
-94.07620163274577
 20
25.99457647298428
 10
-94.02515268807041
 20
26.08611251167393
 10
-93.99103623407585
 20
26.08611251167393
 10
-93.99103623407585
 20
26.12232457102682
 10
-93.94208289468201
 20
26.17345733991306
 10
-93.94208289468201
 20
26.22031507394489
 10
-93.89522516056969
 20
26.22031507394489
 10
-93.79933026285561
 20
26.2650772028365
 10
-93.79933026285561
 20
26.22031507394489
 10
-93.79933026285561
 20
26.17345733991306
 10
-93.79933026285561
 20
26.12232457102682
 10
-93.75037692346174
 20
26.08611251167393
 10
-93.79933026285561
 20
25.99457647298428
 10
-93.84618799696474
 20
25.94344370409803
 10
-93.84618799696474
 20
25.84754880639308
 10
-93.84618799696474
 20
25.80069107228836
 10
-94.07620163274577
 20
25.60906892527313
  0
LWPOLYLINE
  5
2CAAD7
330
2D7C26
100
AcDbEntity
  8
0
 62
     8
100
AcDbPolyline
 90
       10
 70
     0
 43
0.0
 10
-95.82494232868151
 20
25.65592665940215
 10
-95.92083722639861
 20
25.65592665940215
 10
-95.87180006279393
 20
25.7048799987443
 10
-95.87180006279393
 20
25.75173773284902
 10
-95.77598898928773
 20
25.80069107228836
 10
-95.72913125517855
 20
25.80069107228836
 10
-95.68009409157369
 20
25.75173773284902
 10
-95.63323635746131
 20
25.7048799987443
 10
-95.72913125517855
 20
25.65592665940215
 10
-95.82494232868151
 20
25.65592665940215
  0
LWPOLYLINE
  5
2CAAD8
330
2D7C26
100
AcDbEntity
  8
0
 62
     8
100
AcDbPolyline
 90
       19
 70
     0
 43
0.0
 10
-95.26047008985415
 20
25.65592665940215
 10
-95.39039761735422
 20
25.65592665940215
 10
-95.44153038624132
 20
25.7048799987443
 10
-95.48629251506918
 20
25.75173773284902
 10
-95.48629251506918
 20
25.89868157527931
 10
-95.53742528395536
 20
25.94344370409803
 10
-95.58210358857444
 20
26.0392547775692
 10
-95.63323635746131
 20
26.12232457102682
 10
-95.63323635746131
 20
26.2650772028365
 10
-95.44153038624132
 20
26.22031507394489
 10
-95.44153038624132
 20
26.12232457102682
 10
-95.39039761735422
 20
26.08611251167393
 10
-95.39039761735422
 20
25.99457647298428
 10
-95.30732782396581
 20
25.94344370409803
 10
-95.26047008985415
 20
25.84754880639308
 10
-95.21151675046054
 20
25.80069107228836
 10
-95.21151675046054
 20
25.7048799987443
 10
-95.21151675046054
 20
25.65592665940215
 10
-95.26047008985415
 20
25.65592665940215
  0
LWPOLYLINE
  5
2CAAD9
330
2D7C26
100
AcDbEntity
  8
0
 62
     8
100
AcDbPolyline
 90
       17
 70
     0
 43
0.0
 10
-96.24238690090876
 20
26.0392547775692
 10
-96.3382817986228
 20
26.0392547775692
 10
-96.43409287212877
 20
26.0392547775692
 10
-96.43409287212877
 20
26.08611251167393
 10
-96.52998776984285
 20
26.08611251167393
 10
-96.61515316851591
 20
26.12232457102682
 10
-96.61515316851591
 20
26.17345733991306
 10
-96.52998776984285
 20
26.31620997172273
 10
-96.52998776984285
 20
26.2650772028365
 10
-96.48095060623813
 20
26.2650772028365
 10
-96.43409287212877
 20
26.2650772028365
 10
-96.38513953273514
 20
26.2650772028365
 10
-96.38513953273514
 20
26.22031507394489
 10
-96.3382817986228
 20
26.17345733991306
 10
-96.28924463501787
 20
26.12232457102682
 10
-96.24238690090876
 20
26.08611251167393
 10
-96.24238690090876
 20
26.0392547775692
  0
LWPOLYLINE
  5
2CAADA
330
2D7C26
100
AcDbEntity
  8
0
 62
     8
100
AcDbPolyline
 90
       26
 70
     0
 43
0.0
 10
-95.95486985618231
 20
26.12232457102682
 10
-96.05076475389887
 20
26.12232457102682
 10
-96.10181369857471
 20
26.12232457102682
 10
-96.10181369857471
 20
26.17345733991306
 10
-96.10181369857471
 20
26.22031507394489
 10
-96.14657582740257
 20
26.22031507394489
 10
-96.19770859628877
 20
26.2650772028365
 10
-96.24238690090876
 20
26.31620997172273
 10
-96.24238690090876
 20
26.36088827630767
 10
-96.28924463501787
 20
26.36088827630767
 10
-96.28924463501787
 20
26.4120210451939
 10
-96.28924463501787
 20
26.45678317401261
 10
-96.28924463501787
 20
26.50791594289885
 10
-96.3382817986228
 20
26.55259424753237
 10
-96.3382817986228
 20
26.60372701644293
 10
-96.38513953273514
 20
26.65058475054765
 10
-96.38513953273514
 20
26.7463958240188
 10
-96.28924463501787
 20
26.7826078833474
 10
-96.24238690090876
 20
26.69953808988977
 10
-96.19770859628877
 20
26.65058475054765
 10
-96.14657582740257
 20
26.55259424753237
 10
-96.05076475389887
 20
26.50791594289885
 10
-96.00390701978724
 20
26.36088827630767
 10
-95.95486985618231
 20
26.2650772028365
 10
-95.95486985618231
 20
26.17345733991306
 10
-95.95486985618231
 20
26.12232457102682
  0
LWPOLYLINE
  5
2CAADB
330
2D7C26
100
AcDbEntity
  8
0
 62
     8
100
AcDbPolyline
 90
       25
 70
     0
 43
0.0
 10
-97.51182075668637
 20
26.17345733991306
 10
-97.60763183019024
 20
26.17345733991306
 10
-97.65876459907872
 20
26.17345733991306
 10
-97.65876459907872
 20
26.22031507394489
 10
-97.70352672790659
 20
26.22031507394489
 10
-97.75038446201893
 20
26.2650772028365
 10
-97.80151723090581
 20
26.31620997172273
 10
-97.80151723090581
 20
26.36088827630767
 10
-97.70352672790659
 20
26.4120210451939
 10
-97.60763183019024
 20
26.4120210451939
 10
-97.51182075668637
 20
26.4120210451939
 10
-97.41592585897002
 20
26.36088827630767
 10
-97.27325705135402
 20
26.36088827630767
 10
-97.19018725796535
 20
26.36088827630767
 10
-97.04533902085518
 20
26.36088827630767
 10
-96.99848128674513
 20
26.2650772028365
 10
-97.04533902085518
 20
26.17345733991306
 10
-97.09429236024901
 20
26.12232457102682
 10
-97.14115009436071
 20
26.12232457102682
 10
-97.19018725796535
 20
26.12232457102682
 10
-97.27325705135402
 20
26.12232457102682
 10
-97.32011478546631
 20
26.12232457102682
 10
-97.41592585897002
 20
26.12232457102682
 10
-97.46705862785621
 20
26.17345733991306
 10
-97.51182075668637
 20
26.17345733991306
  0
LWPOLYLINE
  5
2CAADC
330
2D7C26
100
AcDbEntity
  8
0
 62
     8
100
AcDbPolyline
 90
       16
 70
     0
 43
0.0
 10
-97.09429236024901
 20
26.55259424753237
 10
-97.14115009436071
 20
26.55259424753237
 10
-97.19018725796535
 20
26.55259424753237
 10
-97.27325705135402
 20
26.55259424753237
 10
-97.37124755435251
 20
26.55259424753237
 10
-97.37124755435251
 20
26.60372701644293
 10
-97.41592585897002
 20
26.65058475054765
 10
-97.32011478546631
 20
26.7826078833474
 10
-97.32011478546631
 20
26.7463958240188
 10
-97.27325705135402
 20
26.7463958240188
 10
-97.19018725796535
 20
26.7463958240188
 10
-97.19018725796535
 20
26.69953808988977
 10
-97.14115009436071
 20
26.65058475054765
 10
-97.09429236024901
 20
26.60372701644293
 10
-97.04533902085518
 20
26.60372701644293
 10
-97.09429236024901
 20
26.55259424753237
  0
LWPOLYLINE
  5
2CAADD
330
2D7C26
100
AcDbEntity
  8
0
 62
     8
100
AcDbPolyline
 90
       18
 70
     0
 43
0.0
 10
-96.75572637084975
 20
26.60372701644293
 10
-96.85162126856385
 20
26.60372701644293
 10
-96.90275403745093
 20
26.69953808988977
 10
-96.99848128674513
 20
26.7463958240188
 10
-96.99848128674513
 20
26.82946561747642
 10
-97.04533902085518
 20
26.92536051518137
 10
-97.09429236024901
 20
27.02117158862824
 10
-97.09429236024901
 20
27.11706648633319
 10
-97.04533902085518
 20
27.26401032876348
 10
-96.99848128674513
 20
27.21287755987724
 10
-96.94961177156256
 20
27.16819925521944
 10
-96.90275403745093
 20
27.11706648633319
 10
-96.80685913973617
 20
27.07230435753877
 10
-96.75572637084975
 20
26.9743138545235
 10
-96.71104806623
 20
26.87850278105235
 10
-96.6599152973438
 20
26.7826078833474
 10
-96.57684550395517
 20
26.7463958240188
 10
-96.75572637084975
 20
26.60372701644293
  0
LWPOLYLINE
  5
2CAADE
330
2D7C26
100
AcDbEntity
  8
0
 62
     8
100
AcDbPolyline
 90
       17
 70
     0
 43
0.0
 10
-93.37761065585393
 20
26.12232457102682
 10
-93.41591832041215
 20
26.4120210451939
 10
-93.41591832041215
 20
26.45678317401261
 10
-93.41591832041215
 20
26.50791594289885
 10
-93.37761065585393
 20
26.50791594289885
 10
-93.33284852702375
 20
26.55259424753237
 10
-93.28179958234839
 20
26.55259424753237
 10
-93.23494184823607
 20
26.60372701644293
 10
-93.1859046846314
 20
26.65058475054765
 10
-93.09428482169121
 20
26.7463958240188
 10
-92.99847374818822
 20
26.69953808988977
 10
-93.09428482169121
 20
26.31620997172273
 10
-93.1859046846314
 20
26.2650772028365
 10
-93.23494184823607
 20
26.22031507394489
 10
-93.28179958234839
 20
26.17345733991306
 10
-93.33284852702375
 20
26.12232457102682
 10
-93.37761065585393
 20
26.12232457102682
  0
LWPOLYLINE
  5
2CAADF
330
2D7C26
100
AcDbEntity
  8
0
 62
     8
100
AcDbPolyline
 90
       20
 70
     0
 43
0.0
 10
-90.82591783996916
 20
23.58345685946841
 10
-90.87705060885605
 20
23.58345685946841
 10
-90.92172891347289
 20
23.63031459350024
 10
-90.97286168235903
 20
23.67926793293957
 10
-90.97286168235903
 20
23.7261256670443
 10
-91.0176238111892
 20
23.7261256670443
 10
-91.06875658007627
 20
23.82202056474924
 10
-91.11343488469305
 20
23.87306950940169
 10
-91.11343488469305
 20
23.96896440717954
 10
-91.06875658007627
 20
24.10953760944511
 10
-91.06875658007627
 20
24.06477548065069
 10
-91.0176238111892
 20
24.06477548065069
 10
-90.97286168235903
 20
24.01364271176446
 10
-90.92172891347289
 20
24.01364271176446
 10
-90.87705060885605
 20
23.96896440717954
 10
-90.82591783996916
 20
23.91783163829331
 10
-90.79180138597214
 20
23.87306950940169
 10
-90.74284804657828
 20
23.82202056474924
 10
-90.79180138597214
 20
23.63031459350024
 10
-90.82591783996916
 20
23.58345685946841
  0
LWPOLYLINE
  5
2CAAE0
330
2D7C26
100
AcDbEntity
  8
0
 62
     8
100
AcDbPolyline
 90
       19
 70
     0
 43
0.0
 10
-89.84400102891461
 20
24.06477548065069
 10
-89.89513379780168
 20
24.06477548065069
 10
-89.9398121024185
 20
24.06477548065069
 10
-89.99094487130696
 20
24.06477548065069
 10
-90.037802605417
 20
24.06477548065069
 10
-90.08256473424717
 20
24.10953760944511
 10
-90.13369750313406
 20
24.16067037835566
 10
-90.13369750313406
 20
24.19470300814015
 10
-90.037802605417
 20
24.33955124526014
 10
-89.99094487130696
 20
24.2905979058451
 10
-89.89513379780168
 20
24.2905979058451
 10
-89.84400102891461
 20
24.2905979058451
 10
-89.74810613119826
 20
24.2905979058451
 10
-89.70342782658077
 20
24.24374017181327
 10
-89.60753292886442
 20
24.19470300814015
 10
-89.55640015997731
 20
24.16067037835566
 10
-89.47333036658896
 20
24.10953760944511
 10
-89.74810613119826
 20
24.06477548065069
 10
-89.84400102891461
 20
24.06477548065069
  0
LWPOLYLINE
  5
2CAAE1
330
2D7C26
100
AcDbEntity
  8
0
 62
     8
100
AcDbPolyline
 90
       19
 70
     0
 43
0.0
 10
-90.69599031246912
 20
24.10953760944511
 10
-90.74284804657828
 20
24.10953760944511
 10
-90.79180138597214
 20
24.16067037835566
 10
-90.82591783996916
 20
24.16067037835566
 10
-90.82591783996916
 20
24.19470300814015
 10
-90.87705060885605
 20
24.19470300814015
 10
-90.92172891347289
 20
24.2905979058451
 10
-90.92172891347289
 20
24.33955124526014
 10
-90.87705060885605
 20
24.43544614296509
 10
-90.60009541475189
 20
24.43544614296509
 10
-90.60009541475189
 20
24.38640897938916
 10
-90.60009541475189
 20
24.33955124526014
 10
-90.55114207535824
 20
24.2905979058451
 10
-90.50428434124821
 20
24.24374017181327
 10
-90.50428434124821
 20
24.16067037835566
 10
-90.50428434124821
 20
24.10953760944511
 10
-90.55114207535824
 20
24.10953760944511
 10
-90.60009541475189
 20
24.10953760944511
 10
-90.69599031246912
 20
24.10953760944511
  0
LWPOLYLINE
  5
2CAAE2
330
2D7C26
100
AcDbEntity
  8
0
 62
     8
100
AcDbPolyline
 90
       12
 70
     0
 43
0.0
 10
-91.30723646119781
 20
24.48230387709413
 10
-91.48620115230029
 20
24.6249726847429
 10
-91.35627362480247
 20
24.81667865589472
 10
-91.11343488469305
 20
24.72086758244785
 10
-91.11343488469305
 20
24.6249726847429
 10
-91.11343488469305
 20
24.57811495061387
 10
-91.11343488469305
 20
24.53125721650915
 10
-91.11343488469305
 20
24.48230387709413
 10
-91.16456765357927
 20
24.43544614296509
 10
-91.21142538769165
 20
24.38640897938916
 10
-91.26037872708549
 20
24.38640897938916
 10
-91.30723646119781
 20
24.48230387709413
  0
LWPOLYLINE
  5
2CAAE3
330
2D7C26
100
AcDbEntity
  8
0
 62
     8
100
AcDbPolyline
 90
       17
 70
     0
 43
0.0
 10
-90.16990956241034
 20
24.48230387709413
 10
-90.26572063591627
 20
24.48230387709413
 10
-90.31257837002796
 20
24.48230387709413
 10
-90.40838944353186
 20
24.48230387709413
 10
-90.45524717764328
 20
24.53125721650915
 10
-90.55114207535824
 20
24.53125721650915
 10
-90.60009541475189
 20
24.53125721650915
 10
-90.69599031246912
 20
24.57811495061387
 10
-90.74284804657828
 20
24.67400984831883
 10
-90.64695314886419
 20
24.72086758244785
 10
-90.60009541475189
 20
24.72086758244785
 10
-90.45524717764328
 20
24.76982092179
 10
-90.35943610413802
 20
24.72086758244785
 10
-90.26572063591627
 20
24.67400984831883
 10
-90.16990956241034
 20
24.6249726847429
 10
-90.08256473424717
 20
24.57811495061387
 10
-90.16990956241034
 20
24.48230387709413
  0
LWPOLYLINE
  5
2CAAE4
330
2D7C26
100
AcDbEntity
  8
0
 62
     8
100
AcDbPolyline
 90
       18
 70
     0
 43
0.0
 10
-91.16456765357927
 20
24.89974844927945
 10
-91.35627362480247
 20
24.9955595228235
 10
-91.35627362480247
 20
25.04669229170974
 10
-91.30723646119781
 20
25.09145442052846
 10
-91.21142538769165
 20
25.09145442052846
 10
-91.06875658007627
 20
25.14258718941468
 10
-90.97286168235903
 20
25.09145442052846
 10
-90.82591783996916
 20
25.09145442052846
 10
-90.74284804657828
 20
25.04669229170974
 10
-90.64695314886419
 20
24.9955595228235
 10
-90.74284804657828
 20
24.89974844927945
 10
-90.79180138597214
 20
24.89974844927945
 10
-90.82591783996916
 20
24.89974844927945
 10
-90.87705060885605
 20
24.89974844927945
 10
-90.97286168235903
 20
24.89974844927945
 10
-91.0176238111892
 20
24.89974844927945
 10
-91.11343488469305
 20
24.89974844927945
 10
-91.16456765357927
 20
24.89974844927945
  0
LWPOLYLINE
  5
2CAAE5
330
2D7C26
100
AcDbEntity
  8
0
 62
     8
100
AcDbPolyline
 90
       27
 70
     0
 43
0.0
 10
-87.9163794660849
 20
25.18726549407251
 10
-88.81304705425533
 20
25.75173773284902
 10
-88.38286120191607
 20
27.44297501985317
 10
-88.33809907308589
 20
27.26401032876348
 10
-88.24010857008737
 20
27.07230435753877
 10
-88.10808543730514
 20
26.82946561747642
 10
-87.96533280547873
 20
26.69953808988977
 10
-87.8183889630864
 20
26.50791594289885
 10
-87.62668299186547
 20
26.36088827630767
 10
-87.4478021249738
 20
26.2650772028365
 10
-87.1644762908113
 20
26.2650772028365
 10
-87.1644762908113
 20
26.17345733991306
 10
-87.1644762908113
 20
26.12232457102682
 10
-87.1644762908113
 20
26.0392547775692
 10
-87.11334352192421
 20
25.99457647298428
 10
-87.11334352192421
 20
25.89868157527931
 10
-87.11334352192421
 20
25.80069107228836
 10
-87.11334352192421
 20
25.7048799987443
 10
-87.0686652173074
 20
25.65592665940215
 10
-87.1644762908113
 20
25.56003176162433
 10
-87.20923841964149
 20
25.47696196823959
 10
-87.35190722725677
 20
25.37897146522432
 10
-87.4478021249738
 20
25.33429316066371
 10
-87.58192086303756
 20
25.23839826295875
 10
-87.67781576075256
 20
25.18726549407251
 10
-87.8183889630864
 20
25.18726549407251
 10
-87.9163794660849
 20
25.18726549407251
  0
LWPOLYLINE
  5
2CAAE6
330
2D7C26
100
AcDbEntity
  8
0
 62
     8
100
AcDbPolyline
 90
       13
 70
     0
 43
0.0
 10
-90.87705060885605
 20
26.2650772028365
 10
-90.92172891347289
 20
26.22031507394489
 10
-91.0176238111892
 20
26.12232457102682
 10
-91.06875658007627
 20
26.08611251167393
 10
-91.11343488469305
 20
25.99457647298428
 10
-91.16456765357927
 20
25.94344370409803
 10
-91.21142538769165
 20
26.0392547775692
 10
-91.21142538769165
 20
26.08611251167393
 10
-91.11343488469305
 20
26.12232457102682
 10
-91.06875658007627
 20
26.17345733991306
 10
-90.92172891347289
 20
26.2650772028365
 10
-90.87705060885605
 20
26.2650772028365
 10
-90.87705060885605
 20
26.2650772028365
  0
LWPOLYLINE
  5
2CAAE7
330
2D7C26
100
AcDbEntity
  8
0
 62
     8
100
AcDbPolyline
 90
       18
 70
     0
 43
0.0
 10
-87.35190722725677
 20
23.54724480013981
 10
-87.49675546436536
 20
23.54724480013981
 10
-87.58192086303756
 20
23.58345685946841
 10
-87.72249406537158
 20
23.63031459350024
 10
-87.8183889630864
 20
23.7261256670443
 10
-87.96533280547873
 20
23.82202056474924
 10
-88.01219053959014
 20
23.96896440717954
 10
-88.06122770319506
 20
24.10953760944511
 10
-88.01219053959014
 20
24.24374017181327
 10
-86.60000405198321
 20
23.67926793293957
 10
-86.69589894970021
 20
23.58345685946841
 10
-86.79171002320414
 20
23.54724480013981
 10
-86.88760492092047
 20
23.54724480013981
 10
-86.93446265503281
 20
23.54724480013981
 10
-87.0686652173074
 20
23.54724480013981
 10
-87.1644762908113
 20
23.54724480013981
 10
-87.2560961537515
 20
23.54724480013981
 10
-87.35190722725677
 20
23.54724480013981
  0
LWPOLYLINE
  5
2CAAE8
330
2D7C26
100
AcDbEntity
  8
0
 62
     8
100
AcDbPolyline
 90
       19
 70
     0
 43
0.0
 10
-97.92926532891121
 20
27.68145490097312
 10
-98.02516022662757
 20
27.68145490097312
 10
-98.07620917130343
 20
27.77734979867806
 10
-98.07620917130343
 20
27.82211192756968
 10
-98.07620917130343
 20
27.92001860632685
 10
-98.07620917130343
 20
27.96905576990278
 10
-98.07620917130343
 20
28.06486684344683
 10
-98.07620917130343
 20
28.14793663683156
 10
-98.07620917130343
 20
28.24592713984682
 10
-97.92926532891121
 20
28.29068926864124
 10
-97.92926532891121
 20
28.19479437096058
 10
-97.88458702429444
 20
28.09898329741653
 10
-97.88458702429444
 20
28.0159135040318
 10
-97.84619553552261
 20
27.96905576990278
 10
-97.88458702429444
 20
27.87316087222212
 10
-97.88458702429444
 20
27.82211192756968
 10
-97.88458702429444
 20
27.72621702979183
 10
-97.88458702429444
 20
27.68145490097312
 10
-97.92926532891121
 20
27.68145490097312
  0
LWPOLYLINE
  5
2CAAE9
330
2D7C26
100
AcDbEntity
  8
0
 62
     8
100
AcDbPolyline
 90
       19
 70
     0
 43
0.0
 10
-97.70352672790659
 20
32.00737097305542
 10
-97.80151723090581
 20
32.00737097305542
 10
-97.84619553552261
 20
32.00737097305542
 10
-97.92926532891121
 20
32.00737097305542
 10
-97.98039809779744
 20
32.05422870716015
 10
-98.07620917130343
 20
32.05422870716015
 10
-98.12306690541504
 20
32.05422870716015
 10
-98.21896180312979
 20
32.05422870716015
 10
-98.26791514252365
 20
32.15012360486509
 10
-98.26791514252365
 20
32.29069680722787
 10
-98.21896180312979
 20
32.29069680722787
 10
-98.12306690541504
 20
32.29069680722787
 10
-98.07620917130343
 20
32.24593467840917
 10
-97.98039809779744
 20
32.19480190952291
 10
-97.92926532891121
 20
32.15012360486509
 10
-97.84619553552261
 20
32.10326587076038
 10
-97.80151723090581
 20
32.10326587076038
 10
-97.65876459907872
 20
32.15012360486509
 10
-97.70352672790659
 20
32.00737097305542
  0
LWPOLYLINE
  5
2CAAEA
330
2D7C26
100
AcDbEntity
  8
0
 62
     8
100
AcDbPolyline
 90
       35
 70
     0
 43
0.0
 10
-97.88458702429444
 20
32.38868731021884
 10
-97.98039809779744
 20
32.38868731021884
 10
-98.02516022662757
 20
32.48449838369
 10
-98.07620917130343
 20
32.56756817707472
 10
-98.07620917130343
 20
32.71241641419472
 10
-98.07620917130343
 20
32.81040691720998
 10
-98.07620917130343
 20
32.90621799075402
 10
-98.07620917130343
 20
33.00211288843468
 10
-97.98039809779744
 20
33.09792396190585
 10
-97.92926532891121
 20
33.09792396190585
 10
-97.84619553552261
 20
33.09792396190585
 10
-97.80151723090581
 20
33.09792396190585
 10
-97.70352672790659
 20
33.14268609072457
 10
-97.65876459907872
 20
33.14268609072457
 10
-97.51182075668637
 20
33.14268609072457
 10
-97.46705862785621
 20
33.14268609072457
 10
-97.32011478546631
 20
33.1938188596108
 10
-97.32011478546631
 20
33.14268609072457
 10
-97.27325705135402
 20
33.09792396190585
 10
-97.27325705135402
 20
33.0467911930196
 10
-97.23704499207769
 20
33.0467911930196
 10
-97.23704499207769
 20
32.95098011954845
 10
-97.19018725796535
 20
32.95098011954845
 10
-97.14115009436071
 20
32.85508522184351
 10
-97.09429236024901
 20
32.85508522184351
 10
-97.14115009436071
 20
32.66337925061878
 10
-97.23704499207769
 20
32.53345172310503
 10
-97.32011478546631
 20
32.53345172310503
 10
-97.41592585897002
 20
32.48449838369
 10
-97.46705862785621
 20
32.48449838369
 10
-97.60763183019024
 20
32.43764064958527
 10
-97.70352672790659
 20
32.43764064958527
 10
-97.80151723090581
 20
32.38868731021884
 10
-97.84619553552261
 20
32.38868731021884
 10
-97.88458702429444
 20
32.38868731021884
  0
LWPOLYLINE
  5
2CAAEB
330
2D7C26
100
AcDbEntity
  8
0
 62
     8
100
AcDbPolyline
 90
      123
 70
     0
 43
0.0
 10
-101.2285862852948
 20
32.08407012634832
 10
-101.0454303836257
 20
32.81040691720998
 10
-101.0454303836257
 20
32.71241641419472
 10
-101.0454303836257
 20
32.66337925061878
 10
-101.0454303836257
 20
32.61652151648974
 10
-100.998572649514
 20
32.56756817707472
 10
-100.998572649514
 20
32.53345172310503
 10
-100.94961931012
 20
32.48449838369
 10
-100.9027615760078
 20
32.43764064958527
 10
-100.8537244124031
 20
32.38868731021884
 10
-100.8068666782937
 20
32.38868731021884
 10
-100.7110556047878
 20
32.43764064958527
 10
-100.6662934759599
 20
32.43764064958527
 10
-100.5683029729614
 20
32.53345172310503
 10
-100.5193496335675
 20
32.56756817707472
 10
-100.4362798401791
 20
32.61652151648974
 10
-100.3894221060668
 20
32.56756817707472
 10
-100.2445738689582
 20
32.56756817707472
 10
-100.1977161348466
 20
32.34182957611411
 10
-100.3403849424619
 20
32.29069680722787
 10
-100.4362798401791
 20
32.29069680722787
 10
-100.5193496335675
 20
32.29069680722787
 10
-100.5683029729614
 20
32.29069680722787
 10
-100.6662934759599
 20
32.24593467840917
 10
-100.7110556047878
 20
32.19480190952291
 10
-100.8068666782937
 20
32.10326587076038
 10
-100.8068666782937
 20
32.05422870716015
 10
-100.1018212371318
 20
31.34708766071053
 10
-100.0060101636266
 20
31.34708766071053
 10
-99.91011526590932
 20
31.34708766071053
 10
-99.82494986723942
 20
31.34708766071053
 10
-99.77599652784553
 20
31.34708766071053
 10
-99.68010163013085
 20
31.34708766071053
 10
-99.63324389601849
 20
31.34708766071053
 10
-99.53743282251322
 20
31.48984029254453
 10
-99.63324389601849
 20
31.48984029254453
 10
-99.7291387937355
 20
31.53879363195955
 10
-99.85906632123421
 20
31.58565136606429
 10
-99.95487739473947
 20
31.63678413490192
 10
-100.1018212371318
 20
31.63678413490192
 10
-100.1977161348466
 20
31.73259520842169
 10
-100.3403849424619
 20
31.7773573372404
 10
-100.3403849424619
 20
31.95841763361608
 10
-100.0507722924542
 20
31.95841763361608
 10
-99.77599652784553
 20
31.95841763361608
 10
-99.48839565891056
 20
31.87316841078446
 10
-99.16676216018961
 20
31.82849010612665
 10
-98.83238738135105
 20
31.73259520842169
 10
-98.50647884785621
 20
31.73259520842169
 10
-98.17210406901997
 20
31.73259520842169
 10
-97.80151723090581
 20
31.82849010612665
 10
-97.80151723090581
 20
31.73259520842169
 10
-97.80151723090581
 20
31.68146243953545
 10
-97.84619553552261
 20
31.68146243953545
 10
-97.88458702429444
 20
31.68146243953545
 10
-97.98039809779744
 20
31.63678413490192
 10
-98.02516022662757
 20
31.58565136606429
 10
-98.02516022662757
 20
31.53879363195955
 10
-98.02516022662757
 20
31.48984029254453
 10
-97.98039809779744
 20
31.48984029254453
 10
-97.92926532891121
 20
31.44298255841551
 10
-97.84619553552261
 20
31.44298255841551
 10
-97.80151723090581
 20
31.39394539483956
 10
-97.75038446201893
 20
31.39394539483956
 10
-97.70352672790659
 20
31.34708766071053
 10
-97.65876459907872
 20
31.29813432129552
 10
-97.75038446201893
 20
31.21506452791078
 10
-97.84619553552261
 20
31.21506452791078
 10
-97.92926532891121
 20
31.21506452791078
 10
-97.98039809779744
 20
31.26401786732583
 10
-98.07620917130343
 20
31.26401786732583
 10
-98.12306690541504
 20
31.29813432129552
 10
-98.21896180312979
 20
31.29813432129552
 10
-98.26791514252365
 20
31.29813432129552
 10
-98.26791514252365
 20
31.21506452791078
 10
-98.26791514252365
 20
31.16820679380607
 10
-98.21896180312979
 20
31.11707402489553
 10
-98.12306690541504
 20
31.11707402489553
 10
-98.07620917130343
 20
31.07231189610109
 10
-97.98039809779744
 20
31.02117912721488
 10
-97.92926532891121
 20
30.97650082255706
 10
-97.84619553552261
 20
30.92536805374371
 10
-97.92926532891121
 20
30.82947315596586
 10
-97.98039809779744
 20
30.82947315596586
 10
-98.07620917130343
 20
30.82947315596586
 10
-98.12306690541504
 20
30.88060592485209
 10
-98.26791514252365
 20
30.88060592485209
 10
-98.31477287663597
 20
30.92536805374371
 10
-98.41066777435008
 20
30.88060592485209
 10
-98.41066777435008
 20
30.82947315596586
 10
-98.41066777435008
 20
30.78479485138094
 10
-98.36381004024064
 20
30.73793711727621
 10
-98.26791514252365
 20
30.73793711727621
 10
-98.26791514252365
 20
30.68889995370029
 10
-98.17210406901997
 20
30.64204221957125
 10
-98.12306690541504
 20
30.64204221957125
 10
-98.02516022662757
 20
30.64204221957125
 10
-98.07620917130343
 20
30.50792348146119
 10
-98.21896180312979
 20
30.46316135264247
 10
-98.31477287663597
 20
30.46316135264247
 10
-98.41066777435008
 20
30.50792348146119
 10
-98.45962111374388
 20
30.60373455500525
 10
-98.58954864124465
 20
30.64204221957125
 10
-98.64068141013081
 20
30.73793711727621
 10
-98.73657630784805
 20
30.78479485138094
 10
-98.73657630784805
 20
30.92536805374371
 10
-100.8068666782937
 20
31.29813432129552
 10
-100.8537244124031
 20
31.29813432129552
 10
-100.8537244124031
 20
31.39394539483956
 10
-100.8537244124031
 20
31.48984029254453
 10
-100.8537244124031
 20
31.53879363195955
 10
-100.8537244124031
 20
31.63678413490192
 10
-100.8068666782937
 20
31.68146243953545
 10
-100.7621045494629
 20
31.7773573372404
 10
-100.8068666782937
 20
31.7773573372404
 10
-100.8537244124031
 20
31.82849010612665
 10
-100.9027615760078
 20
31.87316841078446
 10
-100.9027615760078
 20
31.92430117967069
 10
-100.998572649514
 20
31.92430117967069
 10
-100.998572649514
 20
32.00737097305542
 10
-101.0965631525125
 20
32.05422870716015
 10
-101.0965631525125
 20
32.15012360486509
 10
-101.2285862852948
 20
32.08407012634832
  0
POLYLINE
  5
2CAAEC
330
2D7C26
100
AcDbEntity
  8
0
 62
     8
100
AcDb3dPolyline
 66
     1
 10
0.0
 20
0.0
 30
0.0
 70
     8
  0
VERTEX
  5
2D44C2
330
2CAAEC
100
AcDbEntity
  8
0
 62
     8
100
AcDbVertex
100
AcDb3dPolylineVertex
 10
-100.666
 20
35.8626
 30
0.0
 70
    32
  0
VERTEX
  5
2D44C3
330
2CAAEC
100
AcDbEntity
  8
0
 62
     8
100
AcDbVertex
100
AcDb3dPolylineVertex
 10
-100.669
 20
35.86650000000001
 30
0.0
 70
    32
  0
VERTEX
  5
2D44C4
330
2CAAEC
100
AcDbEntity
  8
0
 62
     8
100
AcDbVertex
100
AcDb3dPolylineVertex
 10
-100.672
 20
35.8701
 30
0.0
 70
    32
  0
VERTEX
  5
2D44C5
330
2CAAEC
100
AcDbEntity
  8
0
 62
     8
100
AcDbVertex
100
AcDb3dPolylineVertex
 10
-100.676
 20
35.8734
 30
0.0
 70
    32
  0
VERTEX
  5
2D44C6
330
2CAAEC
100
AcDbEntity
  8
0
 62
     8
100
AcDbVertex
100
AcDb3dPolylineVertex
 10
-100.68
 20
35.8765
 30
0.0
 70
    32
  0
VERTEX
  5
2D44C7
330
2CAAEC
100
AcDbEntity
  8
0
 62
     8
100
AcDbVertex
100
AcDb3dPolylineVertex
 10
-100.684
 20
35.8793
 30
0.0
 70
    32
  0
VERTEX
  5
2D44C8
330
2CAAEC
100
AcDbEntity
  8
0
 62
     8
100
AcDbVertex
100
AcDb3dPolylineVertex
 10
-100.688
 20
35.8818
 30
0.0
 70
    32
  0
VERTEX
  5
2D44C9
330
2CAAEC
100
AcDbEntity
  8
0
 62
     8
100
AcDbVertex
100
AcDb3dPolylineVertex
 10
-100.693
 20
35.8841
 30
0.0
 70
    32
  0
VERTEX
  5
2D44CA
330
2CAAEC
100
AcDbEntity
  8
0
 62
     8
100
AcDbVertex
100
AcDb3dPolylineVertex
 10
-100.698
 20
35.886
 30
0.0
 70
    32
  0
VERTEX
  5
2D44CB
330
2CAAEC
100
AcDbEntity
  8
0
 62
     8
100
AcDbVertex
100
AcDb3dPolylineVertex
 10
-100.704
 20
35.8877
 30
0.0
 70
    32
  0
VERTEX
  5
2D44CC
330
2CAAEC
100
AcDbEntity
  8
0
 62
     8
100
AcDbVertex
100
AcDb3dPolylineVertex
 10
-100.709
 20
35.88900000000001
 30
0.0
 70
    32
  0
VERTEX
  5
2D44CD
330
2CAAEC
100
AcDbEntity
  8
0
 62
     8
100
AcDbVertex
100
AcDb3dPolylineVertex
 10
-100.715
 20
35.8901
 30
0.0
 70
    32
  0
VERTEX
  5
2D44CE
330
2CAAEC
100
AcDbEntity
  8
0
 62
     8
100
AcDbVertex
100
AcDb3dPolylineVertex
 10
-100.721
 20
35.8908
 30
0.0
 70
    32
  0
VERTEX
  5
2D44CF
330
2CAAEC
100
AcDbEntity
  8
0
 62
     8
100
AcDbVertex
100
AcDb3dPolylineVertex
 10
-100.728
 20
35.8913
 30
0.0
 70
    32
  0
VERTEX
  5
2D44D0
330
2CAAEC
100
AcDbEntity
  8
0
 62
     8
100
AcDbVertex
100
AcDb3dPolylineVertex
 10
-100.734
 20
35.89139999999999
 30
0.0
 70
    32
  0
VERTEX
  5
2D44D1
330
2CAAEC
100
AcDbEntity
  8
0
 62
     8
100
AcDbVertex
100
AcDb3dPolylineVertex
 10
-100.741
 20
35.8912
 30
0.0
 70
    32
  0
VERTEX
  5
2D44D2
330
2CAAEC
100
AcDbEntity
  8
0
 62
     8
100
AcDbVertex
100
AcDb3dPolylineVertex
 10
-100.748
 20
35.8907
 30
0.0
 70
    32
  0
VERTEX
  5
2D44D3
330
2CAAEC
100
AcDbEntity
  8
0
 62
     8
100
AcDbVertex
100
AcDb3dPolylineVertex
 10
-100.755
 20
35.89
 30
0.0
 70
    32
  0
VERTEX
  5
2D44D4
330
2CAAEC
100
AcDbEntity
  8
0
 62
     8
100
AcDbVertex
100
AcDb3dPolylineVertex
 10
-100.762
 20
35.8889
 30
0.0
 70
    32
  0
VERTEX
  5
2D44D5
330
2CAAEC
100
AcDbEntity
  8
0
 62
     8
100
AcDbVertex
100
AcDb3dPolylineVertex
 10
-100.77
 20
35.8875
 30
0.0
 70
    32
  0
VERTEX
  5
2D44D6
330
2CAAEC
100
AcDbEntity
  8
0
 62
     8
100
AcDbVertex
100
AcDb3dPolylineVertex
 10
-100.777
 20
35.8858
 30
0.0
 70
    32
  0
VERTEX
  5
2D44D7
330
2CAAEC
100
AcDbEntity
  8
0
 62
     8
100
AcDbVertex
100
AcDb3dPolylineVertex
 10
-100.785
 20
35.8838
 30
0.0
 70
    32
  0
VERTEX
  5
2D44D8
330
2CAAEC
100
AcDbEntity
  8
0
 62
     8
100
AcDbVertex
100
AcDb3dPolylineVertex
 10
-100.792
 20
35.88150000000001
 30
0.0
 70
    32
  0
VERTEX
  5
2D44D9
330
2CAAEC
100
AcDbEntity
  8
0
 62
     8
100
AcDbVertex
100
AcDb3dPolylineVertex
 10
-100.8
 20
35.8789
 30
0.0
 70
    32
  0
VERTEX
  5
2D44DA
330
2CAAEC
100
AcDbEntity
  8
0
 62
     8
100
AcDbVertex
100
AcDb3dPolylineVertex
 10
-100.808
 20
35.8761
 30
0.0
 70
    32
  0
VERTEX
  5
2D44DB
330
2CAAEC
100
AcDbEntity
  8
0
 62
     8
100
AcDbVertex
100
AcDb3dPolylineVertex
 10
-100.815
 20
35.87300000000001
 30
0.0
 70
    32
  0
VERTEX
  5
2D44DC
330
2CAAEC
100
AcDbEntity
  8
0
 62
     8
100
AcDbVertex
100
AcDb3dPolylineVertex
 10
-100.823
 20
35.8696
 30
0.0
 70
    32
  0
VERTEX
  5
2D44DD
330
2CAAEC
100
AcDbEntity
  8
0
 62
     8
100
AcDbVertex
100
AcDb3dPolylineVertex
 10
-100.831
 20
35.86590000000001
 30
0.0
 70
    32
  0
VERTEX
  5
2D44DE
330
2CAAEC
100
AcDbEntity
  8
0
 62
     8
100
AcDbVertex
100
AcDb3dPolylineVertex
 10
-100.838
 20
35.8621
 30
0.0
 70
    32
  0
VERTEX
  5
2D44DF
330
2CAAEC
100
AcDbEntity
  8
0
 62
     8
100
AcDbVertex
100
AcDb3dPolylineVertex
 10
-100.846
 20
35.8579
 30
0.0
 70
    32
  0
VERTEX
  5
2D44E0
330
2CAAEC
100
AcDbEntity
  8
0
 62
     8
100
AcDbVertex
100
AcDb3dPolylineVertex
 10
-100.854
 20
35.8536
 30
0.0
 70
    32
  0
VERTEX
  5
2D44E1
330
2CAAEC
100
AcDbEntity
  8
0
 62
     8
100
AcDbVertex
100
AcDb3dPolylineVertex
 10
-100.861
 20
35.84900000000001
 30
0.0
 70
    32
  0
VERTEX
  5
2D44E2
330
2CAAEC
100
AcDbEntity
  8
0
 62
     8
100
AcDbVertex
100
AcDb3dPolylineVertex
 10
-100.868
 20
35.8443
 30
0.0
 70
    32
  0
VERTEX
  5
2D44E3
330
2CAAEC
100
AcDbEntity
  8
0
 62
     8
100
AcDbVertex
100
AcDb3dPolylineVertex
 10
-100.875
 20
35.8393
 30
0.0
 70
    32
  0
VERTEX
  5
2D44E4
330
2CAAEC
100
AcDbEntity
  8
0
 62
     8
100
AcDbVertex
100
AcDb3dPolylineVertex
 10
-100.883
 20
35.8341
 30
0.0
 70
    32
  0
VERTEX
  5
2D44E5
330
2CAAEC
100
AcDbEntity
  8
0
 62
     8
100
AcDbVertex
100
AcDb3dPolylineVertex
 10
-100.889
 20
35.8288
 30
0.0
 70
    32
  0
VERTEX
  5
2D44E6
330
2CAAEC
100
AcDbEntity
  8
0
 62
     8
100
AcDbVertex
100
AcDb3dPolylineVertex
 10
-100.896
 20
35.82330000000001
 30
0.0
 70
    32
  0
VERTEX
  5
2D44E7
330
2CAAEC
100
AcDbEntity
  8
0
 62
     8
100
AcDbVertex
100
AcDb3dPolylineVertex
 10
-100.903
 20
35.81770000000001
 30
0.0
 70
    32
  0
VERTEX
  5
2D44E8
330
2CAAEC
100
AcDbEntity
  8
0
 62
     8
100
AcDbVertex
100
AcDb3dPolylineVertex
 10
-100.909
 20
35.81199999999999
 30
0.0
 70
    32
  0
VERTEX
  5
2D44E9
330
2CAAEC
100
AcDbEntity
  8
0
 62
     8
100
AcDbVertex
100
AcDb3dPolylineVertex
 10
-100.915
 20
35.8061
 30
0.0
 70
    32
  0
VERTEX
  5
2D44EA
330
2CAAEC
100
AcDbEntity
  8
0
 62
     8
100
AcDbVertex
100
AcDb3dPolylineVertex
 10
-100.921
 20
35.8001
 30
0.0
 70
    32
  0
VERTEX
  5
2D44EB
330
2CAAEC
100
AcDbEntity
  8
0
 62
     8
100
AcDbVertex
100
AcDb3dPolylineVertex
 10
-100.926
 20
35.7941
 30
0.0
 70
    32
  0
VERTEX
  5
2D44EC
330
2CAAEC
100
AcDbEntity
  8
0
 62
     8
100
AcDbVertex
100
AcDb3dPolylineVertex
 10
-100.931
 20
35.7879
 30
0.0
 70
    32
  0
VERTEX
  5
2D44ED
330
2CAAEC
100
AcDbEntity
  8
0
 62
     8
100
AcDbVertex
100
AcDb3dPolylineVertex
 10
-100.936
 20
35.7817
 30
0.0
 70
    32
  0
VERTEX
  5
2D44EE
330
2CAAEC
100
AcDbEntity
  8
0
 62
     8
100
AcDbVertex
100
AcDb3dPolylineVertex
 10
-100.941
 20
35.7755
 30
0.0
 70
    32
  0
VERTEX
  5
2D44EF
330
2CAAEC
100
AcDbEntity
  8
0
 62
     8
100
AcDbVertex
100
AcDb3dPolylineVertex
 10
-100.946
 20
35.7692
 30
0.0
 70
    32
  0
VERTEX
  5
2D44F0
330
2CAAEC
100
AcDbEntity
  8
0
 62
     8
100
AcDbVertex
100
AcDb3dPolylineVertex
 10
-100.95
 20
35.7629
 30
0.0
 70
    32
  0
VERTEX
  5
2D44F1
330
2CAAEC
100
AcDbEntity
  8
0
 62
     8
100
AcDbVertex
100
AcDb3dPolylineVertex
 10
-100.953
 20
35.7566
 30
0.0
 70
    32
  0
VERTEX
  5
2D44F2
330
2CAAEC
100
AcDbEntity
  8
0
 62
     8
100
AcDbVertex
100
AcDb3dPolylineVertex
 10
-100.957
 20
35.7504
 30
0.0
 70
    32
  0
VERTEX
  5
2D44F3
330
2CAAEC
100
AcDbEntity
  8
0
 62
     8
100
AcDbVertex
100
AcDb3dPolylineVertex
 10
-100.96
 20
35.7441
 30
0.0
 70
    32
  0
VERTEX
  5
2D44F4
330
2CAAEC
100
AcDbEntity
  8
0
 62
     8
100
AcDbVertex
100
AcDb3dPolylineVertex
 10
-100.963
 20
35.738
 30
0.0
 70
    32
  0
VERTEX
  5
2D44F5
330
2CAAEC
100
AcDbEntity
  8
0
 62
     8
100
AcDbVertex
100
AcDb3dPolylineVertex
 10
-100.965
 20
35.7318
 30
0.0
 70
    32
  0
VERTEX
  5
2D44F6
330
2CAAEC
100
AcDbEntity
  8
0
 62
     8
100
AcDbVertex
100
AcDb3dPolylineVertex
 10
-100.967
 20
35.7258
 30
0.0
 70
    32
  0
VERTEX
  5
2D44F7
330
2CAAEC
100
AcDbEntity
  8
0
 62
     8
100
AcDbVertex
100
AcDb3dPolylineVertex
 10
-100.969
 20
35.7198
 30
0.0
 70
    32
  0
VERTEX
  5
2D44F8
330
2CAAEC
100
AcDbEntity
  8
0
 62
     8
100
AcDbVertex
100
AcDb3dPolylineVertex
 10
-100.97
 20
35.714
 30
0.0
 70
    32
  0
VERTEX
  5
2D44F9
330
2CAAEC
100
AcDbEntity
  8
0
 62
     8
100
AcDbVertex
100
AcDb3dPolylineVertex
 10
-100.971
 20
35.7082
 30
0.0
 70
    32
  0
VERTEX
  5
2D44FA
330
2CAAEC
100
AcDbEntity
  8
0
 62
     8
100
AcDbVertex
100
AcDb3dPolylineVertex
 10
-100.971
 20
35.7026
 30
0.0
 70
    32
  0
VERTEX
  5
2D44FB
330
2CAAEC
100
AcDbEntity
  8
0
 62
     8
100
AcDbVertex
100
AcDb3dPolylineVertex
 10
-100.971
 20
35.6972
 30
0.0
 70
    32
  0
VERTEX
  5
2D44FC
330
2CAAEC
100
AcDbEntity
  8
0
 62
     8
100
AcDbVertex
100
AcDb3dPolylineVertex
 10
-100.971
 20
35.6919
 30
0.0
 70
    32
  0
VERTEX
  5
2D44FD
330
2CAAEC
100
AcDbEntity
  8
0
 62
     8
100
AcDbVertex
100
AcDb3dPolylineVertex
 10
-100.97
 20
35.6867
 30
0.0
 70
    32
  0
VERTEX
  5
2D44FE
330
2CAAEC
100
AcDbEntity
  8
0
 62
     8
100
AcDbVertex
100
AcDb3dPolylineVertex
 10
-100.969
 20
35.6818
 30
0.0
 70
    32
  0
VERTEX
  5
2D44FF
330
2CAAEC
100
AcDbEntity
  8
0
 62
     8
100
AcDbVertex
100
AcDb3dPolylineVertex
 10
-100.968
 20
35.6771
 30
0.0
 70
    32
  0
VERTEX
  5
2D4500
330
2CAAEC
100
AcDbEntity
  8
0
 62
     8
100
AcDbVertex
100
AcDb3dPolylineVertex
 10
-100.966
 20
35.6725
 30
0.0
 70
    32
  0
VERTEX
  5
2D4501
330
2CAAEC
100
AcDbEntity
  8
0
 62
     8
100
AcDbVertex
100
AcDb3dPolylineVertex
 10
-100.964
 20
35.6682
 30
0.0
 70
    32
  0
VERTEX
  5
2D4502
330
2CAAEC
100
AcDbEntity
  8
0
 62
     8
100
AcDbVertex
100
AcDb3dPolylineVertex
 10
-100.962
 20
35.66409999999999
 30
0.0
 70
    32
  0
VERTEX
  5
2D4503
330
2CAAEC
100
AcDbEntity
  8
0
 62
     8
100
AcDbVertex
100
AcDb3dPolylineVertex
 10
-100.959
 20
35.6603
 30
0.0
 70
    32
  0
VERTEX
  5
2D4504
330
2CAAEC
100
AcDbEntity
  8
0
 62
     8
100
AcDbVertex
100
AcDb3dPolylineVertex
 10
-100.956
 20
35.6567
 30
0.0
 70
    32
  0
VERTEX
  5
2D4505
330
2CAAEC
100
AcDbEntity
  8
0
 62
     8
100
AcDbVertex
100
AcDb3dPolylineVertex
 10
-100.952
 20
35.6533
 30
0.0
 70
    32
  0
VERTEX
  5
2D4506
330
2CAAEC
100
AcDbEntity
  8
0
 62
     8
100
AcDbVertex
100
AcDb3dPolylineVertex
 10
-100.948
 20
35.6502
 30
0.0
 70
    32
  0
VERTEX
  5
2D4507
330
2CAAEC
100
AcDbEntity
  8
0
 62
     8
100
AcDbVertex
100
AcDb3dPolylineVertex
 10
-100.944
 20
35.64739999999999
 30
0.0
 70
    32
  0
VERTEX
  5
2D4508
330
2CAAEC
100
AcDbEntity
  8
0
 62
     8
100
AcDbVertex
100
AcDb3dPolylineVertex
 10
-100.939
 20
35.6449
 30
0.0
 70
    32
  0
VERTEX
  5
2D4509
330
2CAAEC
100
AcDbEntity
  8
0
 62
     8
100
AcDbVertex
100
AcDb3dPolylineVertex
 10
-100.935
 20
35.6427
 30
0.0
 70
    32
  0
VERTEX
  5
2D450A
330
2CAAEC
100
AcDbEntity
  8
0
 62
     8
100
AcDbVertex
100
AcDb3dPolylineVertex
 10
-100.93
 20
35.6407
 30
0.0
 70
    32
  0
VERTEX
  5
2D450B
330
2CAAEC
100
AcDbEntity
  8
0
 62
     8
100
AcDbVertex
100
AcDb3dPolylineVertex
 10
-100.924
 20
35.6391
 30
0.0
 70
    32
  0
VERTEX
  5
2D450C
330
2CAAEC
100
AcDbEntity
  8
0
 62
     8
100
AcDbVertex
100
AcDb3dPolylineVertex
 10
-100.919
 20
35.6377
 30
0.0
 70
    32
  0
VERTEX
  5
2D450D
330
2CAAEC
100
AcDbEntity
  8
0
 62
     8
100
AcDbVertex
100
AcDb3dPolylineVertex
 10
-100.913
 20
35.63669999999999
 30
0.0
 70
    32
  0
VERTEX
  5
2D450E
330
2CAAEC
100
AcDbEntity
  8
0
 62
     8
100
AcDbVertex
100
AcDb3dPolylineVertex
 10
-100.906
 20
35.6359
 30
0.0
 70
    32
  0
VERTEX
  5
2D450F
330
2CAAEC
100
AcDbEntity
  8
0
 62
     8
100
AcDbVertex
100
AcDb3dPolylineVertex
 10
-100.9
 20
35.6355
 30
0.0
 70
    32
  0
VERTEX
  5
2D4510
330
2CAAEC
100
AcDbEntity
  8
0
 62
     8
100
AcDbVertex
100
AcDb3dPolylineVertex
 10
-100.894
 20
35.6353
 30
0.0
 70
    32
  0
VERTEX
  5
2D4511
330
2CAAEC
100
AcDbEntity
  8
0
 62
     8
100
AcDbVertex
100
AcDb3dPolylineVertex
 10
-100.887
 20
35.6355
 30
0.0
 70
    32
  0
VERTEX
  5
2D4512
330
2CAAEC
100
AcDbEntity
  8
0
 62
     8
100
AcDbVertex
100
AcDb3dPolylineVertex
 10
-100.88
 20
35.636
 30
0.0
 70
    32
  0
VERTEX
  5
2D4513
330
2CAAEC
100
AcDbEntity
  8
0
 62
     8
100
AcDbVertex
100
AcDb3dPolylineVertex
 10
-100.873
 20
35.6368
 30
0.0
 70
    32
  0
VERTEX
  5
2D4514
330
2CAAEC
100
AcDbEntity
  8
0
 62
     8
100
AcDbVertex
100
AcDb3dPolylineVertex
 10
-100.866
 20
35.6379
 30
0.0
 70
    32
  0
VERTEX
  5
2D4515
330
2CAAEC
100
AcDbEntity
  8
0
 62
     8
100
AcDbVertex
100
AcDb3dPolylineVertex
 10
-100.858
 20
35.6393
 30
0.0
 70
    32
  0
VERTEX
  5
2D4516
330
2CAAEC
100
AcDbEntity
  8
0
 62
     8
100
AcDbVertex
100
AcDb3dPolylineVertex
 10
-100.851
 20
35.641
 30
0.0
 70
    32
  0
VERTEX
  5
2D4517
330
2CAAEC
100
AcDbEntity
  8
0
 62
     8
100
AcDbVertex
100
AcDb3dPolylineVertex
 10
-100.843
 20
35.643
 30
0.0
 70
    32
  0
VERTEX
  5
2D4518
330
2CAAEC
100
AcDbEntity
  8
0
 62
     8
100
AcDbVertex
100
AcDb3dPolylineVertex
 10
-100.836
 20
35.6452
 30
0.0
 70
    32
  0
VERTEX
  5
2D4519
330
2CAAEC
100
AcDbEntity
  8
0
 62
     8
100
AcDbVertex
100
AcDb3dPolylineVertex
 10
-100.828
 20
35.6478
 30
0.0
 70
    32
  0
VERTEX
  5
2D451A
330
2CAAEC
100
AcDbEntity
  8
0
 62
     8
100
AcDbVertex
100
AcDb3dPolylineVertex
 10
-100.82
 20
35.6507
 30
0.0
 70
    32
  0
VERTEX
  5
2D451B
330
2CAAEC
100
AcDbEntity
  8
0
 62
     8
100
AcDbVertex
100
AcDb3dPolylineVertex
 10
-100.812
 20
35.6538
 30
0.0
 70
    32
  0
VERTEX
  5
2D451C
330
2CAAEC
100
AcDbEntity
  8
0
 62
     8
100
AcDbVertex
100
AcDb3dPolylineVertex
 10
-100.805
 20
35.65720000000001
 30
0.0
 70
    32
  0
VERTEX
  5
2D451D
330
2CAAEC
100
AcDbEntity
  8
0
 62
     8
100
AcDbVertex
100
AcDb3dPolylineVertex
 10
-100.797
 20
35.6608
 30
0.0
 70
    32
  0
VERTEX
  5
2D451E
330
2CAAEC
100
AcDbEntity
  8
0
 62
     8
100
AcDbVertex
100
AcDb3dPolylineVertex
 10
-100.789
 20
35.66470000000001
 30
0.0
 70
    32
  0
VERTEX
  5
2D451F
330
2CAAEC
100
AcDbEntity
  8
0
 62
     8
100
AcDbVertex
100
AcDb3dPolylineVertex
 10
-100.782
 20
35.66879999999999
 30
0.0
 70
    32
  0
VERTEX
  5
2D4520
330
2CAAEC
100
AcDbEntity
  8
0
 62
     8
100
AcDbVertex
100
AcDb3dPolylineVertex
 10
-100.774
 20
35.6731
 30
0.0
 70
    32
  0
VERTEX
  5
2D4521
330
2CAAEC
100
AcDbEntity
  8
0
 62
     8
100
AcDbVertex
100
AcDb3dPolylineVertex
 10
-100.767
 20
35.6777
 30
0.0
 70
    32
  0
VERTEX
  5
2D4522
330
2CAAEC
100
AcDbEntity
  8
0
 62
     8
100
AcDbVertex
100
AcDb3dPolylineVertex
 10
-100.76
 20
35.68249999999999
 30
0.0
 70
    32
  0
VERTEX
  5
2D4523
330
2CAAEC
100
AcDbEntity
  8
0
 62
     8
100
AcDbVertex
100
AcDb3dPolylineVertex
 10
-100.752
 20
35.6874
 30
0.0
 70
    32
  0
VERTEX
  5
2D4524
330
2CAAEC
100
AcDbEntity
  8
0
 62
     8
100
AcDbVertex
100
AcDb3dPolylineVertex
 10
-100.745
 20
35.6926
 30
0.0
 70
    32
  0
VERTEX
  5
2D4525
330
2CAAEC
100
AcDbEntity
  8
0
 62
     8
100
AcDbVertex
100
AcDb3dPolylineVertex
 10
-100.738
 20
35.6979
 30
0.0
 70
    32
  0
VERTEX
  5
2D4526
330
2CAAEC
100
AcDbEntity
  8
0
 62
     8
100
AcDbVertex
100
AcDb3dPolylineVertex
 10
-100.732
 20
35.7034
 30
0.0
 70
    32
  0
VERTEX
  5
2D4527
330
2CAAEC
100
AcDbEntity
  8
0
 62
     8
100
AcDbVertex
100
AcDb3dPolylineVertex
 10
-100.725
 20
35.709
 30
0.0
 70
    32
  0
VERTEX
  5
2D4528
330
2CAAEC
100
AcDbEntity
  8
0
 62
     8
100
AcDbVertex
100
AcDb3dPolylineVertex
 10
-100.719
 20
35.7148
 30
0.0
 70
    32
  0
VERTEX
  5
2D4529
330
2CAAEC
100
AcDbEntity
  8
0
 62
     8
100
AcDbVertex
100
AcDb3dPolylineVertex
 10
-100.713
 20
35.72059999999999
 30
0.0
 70
    32
  0
VERTEX
  5
2D452A
330
2CAAEC
100
AcDbEntity
  8
0
 62
     8
100
AcDbVertex
100
AcDb3dPolylineVertex
 10
-100.707
 20
35.72659999999999
 30
0.0
 70
    32
  0
VERTEX
  5
2D452B
330
2CAAEC
100
AcDbEntity
  8
0
 62
     8
100
AcDbVertex
100
AcDb3dPolylineVertex
 10
-100.702
 20
35.7327
 30
0.0
 70
    32
  0
VERTEX
  5
2D452C
330
2CAAEC
100
AcDbEntity
  8
0
 62
     8
100
AcDbVertex
100
AcDb3dPolylineVertex
 10
-100.696
 20
35.73879999999999
 30
0.0
 70
    32
  0
VERTEX
  5
2D452D
330
2CAAEC
100
AcDbEntity
  8
0
 62
     8
100
AcDbVertex
100
AcDb3dPolylineVertex
 10
-100.691
 20
35.74499999999999
 30
0.0
 70
    32
  0
VERTEX
  5
2D452E
330
2CAAEC
100
AcDbEntity
  8
0
 62
     8
100
AcDbVertex
100
AcDb3dPolylineVertex
 10
-100.687
 20
35.75119999999999
 30
0.0
 70
    32
  0
VERTEX
  5
2D452F
330
2CAAEC
100
AcDbEntity
  8
0
 62
     8
100
AcDbVertex
100
AcDb3dPolylineVertex
 10
-100.682
 20
35.7575
 30
0.0
 70
    32
  0
VERTEX
  5
2D4530
330
2CAAEC
100
AcDbEntity
  8
0
 62
     8
100
AcDbVertex
100
AcDb3dPolylineVertex
 10
-100.678
 20
35.7638
 30
0.0
 70
    32
  0
VERTEX
  5
2D4531
330
2CAAEC
100
AcDbEntity
  8
0
 62
     8
100
AcDbVertex
100
AcDb3dPolylineVertex
 10
-100.674
 20
35.7701
 30
0.0
 70
    32
  0
VERTEX
  5
2D4532
330
2CAAEC
100
AcDbEntity
  8
0
 62
     8
100
AcDbVertex
100
AcDb3dPolylineVertex
 10
-100.671
 20
35.7763
 30
0.0
 70
    32
  0
VERTEX
  5
2D4533
330
2CAAEC
100
AcDbEntity
  8
0
 62
     8
100
AcDbVertex
100
AcDb3dPolylineVertex
 10
-100.668
 20
35.7826
 30
0.0
 70
    32
  0
VERTEX
  5
2D4534
330
2CAAEC
100
AcDbEntity
  8
0
 62
     8
100
AcDbVertex
100
AcDb3dPolylineVertex
 10
-100.665
 20
35.7888
 30
0.0
 70
    32
  0
VERTEX
  5
2D4535
330
2CAAEC
100
AcDbEntity
  8
0
 62
     8
100
AcDbVertex
100
AcDb3dPolylineVertex
 10
-100.663
 20
35.7949
 30
0.0
 70
    32
  0
VERTEX
  5
2D4536
330
2CAAEC
100
AcDbEntity
  8
0
 62
     8
100
AcDbVertex
100
AcDb3dPolylineVertex
 10
-100.661
 20
35.8009
 30
0.0
 70
    32
  0
VERTEX
  5
2D4537
330
2CAAEC
100
AcDbEntity
  8
0
 62
     8
100
AcDbVertex
100
AcDb3dPolylineVertex
 10
-100.659
 20
35.8069
 30
0.0
 70
    32
  0
VERTEX
  5
2D4538
330
2CAAEC
100
AcDbEntity
  8
0
 62
     8
100
AcDbVertex
100
AcDb3dPolylineVertex
 10
-100.658
 20
35.8128
 30
0.0
 70
    32
  0
VERTEX
  5
2D4539
330
2CAAEC
100
AcDbEntity
  8
0
 62
     8
100
AcDbVertex
100
AcDb3dPolylineVertex
 10
-100.657
 20
35.8185
 30
0.0
 70
    32
  0
VERTEX
  5
2D453A
330
2CAAEC
100
AcDbEntity
  8
0
 62
     8
100
AcDbVertex
100
AcDb3dPolylineVertex
 10
-100.657
 20
35.8241
 30
0.0
 70
    32
  0
VERTEX
  5
2D453B
330
2CAAEC
100
AcDbEntity
  8
0
 62
     8
100
AcDbVertex
100
AcDb3dPolylineVertex
 10
-100.657
 20
35.8296
 30
0.0
 70
    32
  0
VERTEX
  5
2D453C
330
2CAAEC
100
AcDbEntity
  8
0
 62
     8
100
AcDbVertex
100
AcDb3dPolylineVertex
 10
-100.657
 20
35.83489999999999
 30
0.0
 70
    32
  0
VERTEX
  5
2D453D
330
2CAAEC
100
AcDbEntity
  8
0
 62
     8
100
AcDbVertex
100
AcDb3dPolylineVertex
 10
-100.658
 20
35.84
 30
0.0
 70
    32
  0
VERTEX
  5
2D453E
330
2CAAEC
100
AcDbEntity
  8
0
 62
     8
100
AcDbVertex
100
AcDb3dPolylineVertex
 10
-100.659
 20
35.84490000000001
 30
0.0
 70
    32
  0
VERTEX
  5
2D453F
330
2CAAEC
100
AcDbEntity
  8
0
 62
     8
100
AcDbVertex
100
AcDb3dPolylineVertex
 10
-100.66
 20
35.8497
 30
0.0
 70
    32
  0
VERTEX
  5
2D4540
330
2CAAEC
100
AcDbEntity
  8
0
 62
     8
100
AcDbVertex
100
AcDb3dPolylineVertex
 10
-100.662
 20
35.8542
 30
0.0
 70
    32
  0
VERTEX
  5
2D4541
330
2CAAEC
100
AcDbEntity
  8
0
 62
     8
100
AcDbVertex
100
AcDb3dPolylineVertex
 10
-100.664
 20
35.8585
 30
0.0
 70
    32
  0
VERTEX
  5
2D4542
330
2CAAEC
100
AcDbEntity
  8
0
 62
     8
100
AcDbVertex
100
AcDb3dPolylineVertex
 10
-100.666
 20
35.8626
 30
0.0
 70
    32
  0
SEQEND
  5
2D4543
330
2CAAEC
100
AcDbEntity
  8
0
 62
     8
  0
LWPOLYLINE
  5
2CAAED
330
2D7C26
100
AcDbEntity
  8
0
 62
     8
100
AcDbPolyline
 90
        9
 70
     0
 43
0.0
 10
-98.54487033662781
 20
28.3865003421124
 10
-98.64068141013081
 20
28.48239523989025
 10
-98.64068141013081
 20
28.53344418454269
 10
-98.58954864124465
 20
28.57820631336141
 10
-98.54487033662781
 20
28.53344418454269
 10
-98.45962111374388
 20
28.53344418454269
 10
-98.45962111374388
 20
28.43763311099863
 10
-98.50647884785621
 20
28.3865003421124
 10
-98.54487033662781
 20
28.3865003421124
  0
LWPOLYLINE
  5
2CAAEE
330
2D7C26
100
AcDbEntity
  8
0
 62
     8
100
AcDbPolyline
 90
       18
 70
     0
 43
0.0
 10
-98.21896180312979
 20
28.53344418454269
 10
-98.31477287663597
 20
28.62933908224765
 10
-98.31477287663597
 20
28.7592666097371
 10
-98.31477287663597
 20
28.90411484685709
 10
-98.26791514252365
 20
29.04678365445727
 10
-98.26791514252365
 20
29.18953628633984
 10
-98.17210406901997
 20
29.33438452338695
 10
-98.17210406901997
 20
29.46431205087639
 10
-98.07620917130343
 20
29.61125589330669
 10
-98.02516022662757
 20
29.46431205087639
 10
-97.98039809779744
 20
29.36841715319573
 10
-97.98039809779744
 20
29.23848962568198
 10
-97.92926532891121
 20
29.09364138856199
 10
-98.02516022662757
 20
28.90411484685709
 10
-98.07620917130343
 20
28.7592666097371
 10
-98.12306690541504
 20
28.62933908224765
 10
-98.17210406901997
 20
28.53344418454269
 10
-98.21896180312979
 20
28.53344418454269
  0
LWPOLYLINE
  5
2CAAEF
330
2D7C26
100
AcDbEntity
  8
0
 62
     8
100
AcDbPolyline
 90
       32
 70
     0
 43
0.0
 10
-98.58954864124465
 20
28.80821994917643
 10
-98.73657630784805
 20
28.80821994917643
 10
-98.78125461246487
 20
28.95097258098611
 10
-98.78125461246487
 20
29.09364138856199
 10
-98.78125461246487
 20
29.23848962568198
 10
-98.83238738135105
 20
29.33438452338695
 10
-98.83238738135105
 20
29.46431205087639
 10
-98.78125461246487
 20
29.61125589330669
 10
-98.68544353896096
 20
29.75182909566945
 10
-98.68544353896096
 20
29.65601802212541
 10
-98.68544353896096
 20
29.61125589330669
 10
-98.68544353896096
 20
29.56012312442044
 10
-98.68544353896096
 20
29.51536099562602
 10
-98.68544353896096
 20
29.41745431677166
 10
-98.64068141013081
 20
29.36841715319573
 10
-98.54487033662781
 20
29.36841715319573
 10
-98.54487033662781
 20
29.46431205087639
 10
-98.54487033662781
 20
29.51536099562602
 10
-98.50647884785621
 20
29.61125589330669
 10
-98.50647884785621
 20
29.65601802212541
 10
-98.50647884785621
 20
29.70706696677785
 10
-98.45962111374388
 20
29.75182909566945
 10
-98.31477287663597
 20
29.84764016914062
 10
-98.31477287663597
 20
29.70706696677785
 10
-98.31477287663597
 20
29.56012312442044
 10
-98.31477287663597
 20
29.41745431677166
 10
-98.31477287663597
 20
29.33438452338695
 10
-98.36381004024064
 20
29.18953628633984
 10
-98.41066777435008
 20
29.04678365445727
 10
-98.45962111374388
 20
28.90411484685709
 10
-98.50647884785621
 20
28.80821994917643
 10
-98.58954864124465
 20
28.80821994917643
  0
LWPOLYLINE
  5
2CAAF0
330
2D7C26
100
AcDbEntity
  8
0
 62
     8
100
AcDbPolyline
 90
        8
 70
     0
 43
0.0
 10
-98.50647884785621
 20
32.38868731021884
 10
-98.64068141013081
 20
32.38868731021884
 10
-98.64068141013081
 20
32.43764064958527
 10
-98.58954864124465
 20
32.48449838369
 10
-98.54487033662781
 20
32.53345172310503
 10
-98.50647884785621
 20
32.48449838369
 10
-98.45962111374388
 20
32.43764064958527
 10
-98.50647884785621
 20
32.38868731021884
  0
LWPOLYLINE
  5
2CAAF1
330
2D7C26
100
AcDbEntity
  8
0
 62
     8
100
AcDbPolyline
 90
       17
 70
     0
 43
0.0
 10
-98.73657630784805
 20
32.85508522184351
 10
-98.78125461246487
 20
32.85508522184351
 10
-98.83238738135105
 20
32.85508522184351
 10
-98.87714951018189
 20
32.90621799075402
 10
-98.87714951018189
 20
32.95098011954845
 10
-98.92819845485725
 20
32.95098011954845
 10
-98.92819845485725
 20
33.0467911930196
 10
-98.92819845485725
 20
33.09792396190585
 10
-98.87714951018189
 20
33.1938188596108
 10
-98.87714951018189
 20
33.14268609072457
 10
-98.83238738135105
 20
33.09792396190585
 10
-98.78125461246487
 20
33.0467911930196
 10
-98.73657630784805
 20
33.0467911930196
 10
-98.73657630784805
 20
32.95098011954845
 10
-98.73657630784805
 20
32.90621799075402
 10
-98.73657630784805
 20
32.85508522184351
 10
-98.73657630784805
 20
32.85508522184351
  0
LWPOLYLINE
  5
2CAAF2
330
2D7C26
100
AcDbEntity
  8
0
 62
     8
100
AcDbPolyline
 90
       26
 70
     1
 43
0.0
 10
-104.6663848387278
 20
33.70707450534017
 10
-104.6663848387278
 20
33.98402969944512
 10
-103.8143955551743
 20
34.68899131642351
 10
-103.767537821062
 20
34.68899131642351
 10
-103.7185844816681
 20
34.68899131642351
 10
-103.7185844816681
 20
34.64213358229449
 10
-103.6801929928995
 20
34.59318024295234
 10
-103.6801929928995
 20
34.51011044949473
 10
-103.6355146882797
 20
34.51011044949473
 10
-103.6355146882797
 20
34.41211994657667
 10
-103.5886569541703
 20
34.41211994657667
 10
-103.5396197905656
 20
34.31630887303261
 10
-103.4416292875671
 20
34.22041397532766
 10
-103.3458182140609
 20
34.12460290178359
 10
-103.2499233163462
 20
34.07984077298917
 10
-103.2052450117271
 20
33.98402969944512
 10
-103.109350114013
 20
33.88603919650275
 10
-103.0241847153422
 20
33.80296940304513
 10
-102.9282898176259
 20
33.75393223946921
 10
-104.4746788675077
 20
34.02870800407864
 10
-104.5194409963355
 20
33.98402969944512
 10
-104.5194409963355
 20
33.9328969306318
 10
-104.5194409963355
 20
33.88603919650275
 10
-104.5705737652226
 20
33.84982713717417
 10
-104.5705737652226
 20
33.80296940304513
 10
-104.6152520698417
 20
33.75393223946921
  0
LWPOLYLINE
  5
2CAAF3
330
2D7C26
100
AcDbEntity
  8
0
 62
     8
100
AcDbPolyline
 90
       42
 70
     0
 43
0.0
 10
-102.9282898176259
 20
29.33438452338695
 10
-103.0241847153422
 20
29.33438452338695
 10
-103.0582173451259
 20
29.36841715319573
 10
-103.0582173451259
 20
29.46431205087639
 10
-103.0582173451259
 20
29.51536099562602
 10
-103.0582173451259
 20
29.61125589330669
 10
-103.0241847153422
 20
29.70706696677785
 10
-102.9751475517375
 20
29.8029618645557
 10
-102.8324787441199
 20
29.94563067213159
 10
-102.6407727728997
 20
30.07765380493136
 10
-102.4938289305073
 20
30.26935977618035
 10
-102.3148642394039
 20
30.50792348146119
 10
-102.219053165898
 20
30.68889995370029
 10
-102.0763005340716
 20
30.92536805374371
 10
-102.0316222294548
 20
31.16820679380607
 10
-101.9804894605661
 20
31.44298255841551
 10
-102.0316222294548
 20
31.44298255841551
 10
-102.0316222294548
 20
31.48984029254453
 10
-102.0763005340716
 20
31.53879363195955
 10
-102.0763005340716
 20
31.63678413490192
 10
-102.1274333029585
 20
31.63678413490192
 10
-102.1274333029585
 20
31.73259520842169
 10
-102.1274333029585
 20
31.7773573372404
 10
-102.0763005340716
 20
31.87316841078446
 10
-101.8846783870624
 20
32.00737097305542
 10
-101.8846783870624
 20
31.68146243953545
 10
-101.8846783870624
 20
31.39394539483956
 10
-101.9357273317375
 20
31.07231189610109
 10
-101.9357273317375
 20
30.73793711727621
 10
-102.0316222294548
 20
30.41202858375624
 10
-102.1274333029585
 20
30.07765380493136
 10
-102.2680065052916
 20
29.8029618645557
 10
-102.4022090675671
 20
29.51536099562602
 10
-102.4490668016794
 20
29.41745431677166
 10
-102.4938289305073
 20
29.41745431677166
 10
-102.5449616993957
 20
29.33438452338695
 10
-102.5896400040126
 20
29.33438452338695
 10
-102.6876305070111
 20
29.28534735981101
 10
-102.736667670616
 20
29.28534735981101
 10
-102.8324787441199
 20
29.28534735981101
 10
-102.879336478232
 20
29.33438452338695
 10
-102.9282898176259
 20
29.33438452338695
  0
LWPOLYLINE
  5
2CAAF4
330
2D7C26
100
AcDbEntity
  8
0
 62
     8
100
AcDbPolyline
 90
       10
 70
     0
 43
0.0
 10
-102.9006278279005
 20
32.25448474794788
 10
-102.5896400040126
 20
32.10326587076038
 10
-102.365997008291
 20
31.7773573372404
 10
-102.2680065052916
 20
31.29813432129552
 10
-102.365997008291
 20
31.44298255841551
 10
-102.4490668016794
 20
31.63678413490192
 10
-102.5449616993957
 20
31.7773573372404
 10
-102.6407727728997
 20
31.95841763361608
 10
-102.7835254047261
 20
32.10326587076038
 10
-102.9006278279005
 20
32.25448474794788
  0
LWPOLYLINE
  5
2CAAF5
330
2D7C26
100
AcDbEntity
  8
0
 62
     8
100
AcDbPolyline
 90
       26
 70
     0
 43
0.0
 10
-103.0241847153422
 20
30.73793711727621
 10
-103.2052450117271
 20
32.05422870716015
 10
-103.1541122428409
 20
31.95841763361608
 10
-103.109350114013
 20
31.92430117967069
 10
-103.0582173451259
 20
31.87316841078446
 10
-102.9751475517375
 20
31.82849010612665
 10
-102.9282898176259
 20
31.73259520842169
 10
-102.8324787441199
 20
31.68146243953545
 10
-102.7835254047261
 20
31.58565136606429
 10
-102.6407727728997
 20
31.53879363195955
 10
-102.6407727728997
 20
31.44298255841551
 10
-102.6407727728997
 20
31.39394539483956
 10
-102.6407727728997
 20
31.34708766071053
 10
-102.6407727728997
 20
31.29813432129552
 10
-102.6407727728997
 20
31.21506452791078
 10
-102.6407727728997
 20
31.16820679380607
 10
-102.6407727728997
 20
31.11707402489553
 10
-102.6407727728997
 20
31.07231189610109
 10
-102.6876305070111
 20
30.97650082255706
 10
-102.736667670616
 20
30.97650082255706
 10
-102.7835254047261
 20
30.88060592485209
 10
-102.8324787441199
 20
30.88060592485209
 10
-102.879336478232
 20
30.82947315596586
 10
-102.9282898176259
 20
30.78479485138094
 10
-102.9751475517375
 20
30.73793711727621
 10
-103.0241847153422
 20
30.73793711727621
  0
LWPOLYLINE
  5
2CAAF6
330
2D7C26
100
AcDbEntity
  8
0
 62
     8
100
AcDbPolyline
 90
       19
 70
     0
 43
0.0
 10
-99.95487739473947
 20
32.56756817707472
 10
-100.0507722924542
 20
32.56756817707472
 10
-100.0507722924542
 20
32.66337925061878
 10
-100.1018212371318
 20
32.71241641419472
 10
-100.1018212371318
 20
32.81040691720998
 10
-100.1018212371318
 20
32.85508522184351
 10
-100.1018212371318
 20
32.95098011954845
 10
-100.1018212371318
 20
33.0467911930196
 10
-100.0507722924542
 20
33.14268609072457
 10
-100.0507722924542
 20
33.09792396190585
 10
-100.0060101636266
 20
33.09792396190585
 10
-100.0060101636266
 20
33.0467911930196
 10
-99.95487739473947
 20
33.0467911930196
 10
-99.95487739473947
 20
32.95098011954845
 10
-99.91011526590932
 20
32.95098011954845
 10
-99.85906632123421
 20
32.85508522184351
 10
-99.82494986723942
 20
32.85508522184351
 10
-99.91011526590932
 20
32.56756817707472
 10
-99.95487739473947
 20
32.56756817707472
  0
LWPOLYLINE
  5
2CAAF7
330
2D7C26
100
AcDbEntity
  8
0
 62
     8
100
AcDbPolyline
 90
       13
 70
     0
 43
0.0
 10
-99.20297421946592
 20
32.61652151648974
 10
-99.58429055662463
 20
32.66337925061878
 10
-99.58429055662463
 20
32.95098011954845
 10
-99.34572685129229
 20
33.0467911930196
 10
-99.34572685129229
 20
32.95098011954845
 10
-99.34572685129229
 20
32.90621799075402
 10
-99.29886911718291
 20
32.85508522184351
 10
-99.20297421946592
 20
32.81040691720998
 10
-99.20297421946592
 20
32.75927414832374
 10
-99.16676216018961
 20
32.71241641419472
 10
-99.16676216018961
 20
32.66337925061878
 10
-99.16676216018961
 20
32.61652151648974
 10
-99.20297421946592
 20
32.61652151648974
  0
LWPOLYLINE
  5
2CAAF8
330
2D7C26
100
AcDbEntity
  8
0
 62
     8
100
AcDbPolyline
 90
       15
 70
     0
 43
0.0
 10
-100.7110556047878
 20
32.85508522184351
 10
-100.7110556047878
 20
32.90621799075402
 10
-100.7110556047878
 20
33.00211288843468
 10
-100.7110556047878
 20
33.0467911930196
 10
-100.7110556047878
 20
33.09792396190585
 10
-100.6662934759599
 20
33.14268609072457
 10
-100.5683029729614
 20
33.1938188596108
 10
-100.5683029729614
 20
33.09792396190585
 10
-100.5683029729614
 20
33.0467911930196
 10
-100.5683029729614
 20
33.00211288843468
 10
-100.5683029729614
 20
32.95098011954845
 10
-100.6151607070728
 20
32.90621799075402
 10
-100.6151607070728
 20
32.85508522184351
 10
-100.6662934759599
 20
32.85508522184351
 10
-100.7110556047878
 20
32.85508522184351
  0
LWPOLYLINE
  5
2CAAF9
330
2D7C26
100
AcDbEntity
  8
0
 62
     8
100
AcDbPolyline
 90
       18
 70
     0
 43
0.0
 10
-99.16676216018961
 20
33.1938188596108
 10
-99.24983195357825
 20
33.22785148939529
 10
-99.34572685129229
 20
33.32374638710025
 10
-99.44153792479824
 20
33.46851080005933
 10
-99.44153792479824
 20
33.61126343189332
 10
-99.48839565891056
 20
33.70707450534017
 10
-99.48839565891056
 20
33.84982713717417
 10
-99.48839565891056
 20
33.9328969306318
 10
-99.34572685129229
 20
34.07984077298917
 10
-99.34572685129229
 20
33.98402969944512
 10
-99.24983195357825
 20
33.88603919650275
 10
-99.24983195357825
 20
33.75393223946921
 10
-99.16676216018961
 20
33.65812116599804
 10
-99.16676216018961
 20
33.51536853418835
 10
-99.11571321551448
 20
33.41955746064432
 10
-99.11571321551448
 20
33.27688865306843
 10
-99.11571321551448
 20
33.1938188596108
 10
-99.16676216018961
 20
33.1938188596108
  0
LWPOLYLINE
  5
2CAAFA
330
2D7C26
100
AcDbEntity
  8
0
 62
     8
100
AcDbPolyline
 90
       10
 70
     0
 43
0.0
 10
-100.2935272083518
 20
33.51536853418835
 10
-100.3894221060668
 20
33.51536853418835
 10
-100.4362798401791
 20
33.51536853418835
 10
-100.4362798401791
 20
33.5644056977643
 10
-100.4362798401791
 20
33.61126343189332
 10
-100.4362798401791
 20
33.65812116599804
 10
-100.3894221060668
 20
33.70707450534017
 10
-100.3403849424619
 20
33.75393223946921
 10
-100.2445738689582
 20
33.80296940304513
 10
-100.2935272083518
 20
33.51536853418835
  0
LWPOLYLINE
  5
2CAAFB
330
2D7C26
100
AcDbEntity
  8
0
 62
     8
100
AcDbPolyline
 90
       16
 70
     0
 43
0.0
 10
-99.48839565891056
 20
34.68899131642351
 10
-99.53743282251322
 20
34.68899131642351
 10
-99.53743282251322
 20
34.73802847999944
 10
-99.58429055662463
 20
34.78488621412847
 10
-99.58429055662463
 20
34.83383955354348
 10
-99.63324389601849
 20
34.88069728767252
 10
-99.63324389601849
 20
34.93183005655878
 10
-99.63324389601849
 20
34.97659218537748
 10
-99.58429055662463
 20
35.07240325889724
 10
-99.58429055662463
 20
35.02772495426372
 10
-99.53743282251322
 20
34.97659218537748
 10
-99.53743282251322
 20
34.93183005655878
 10
-99.48839565891056
 20
34.88069728767252
 10
-99.48839565891056
 20
34.78488621412847
 10
-99.48839565891056
 20
34.68899131642351
 10
-99.48839565891056
 20
34.68899131642351
  0
LWPOLYLINE
  5
2CAAFC
330
2D7C26
100
AcDbEntity
  8
0
 62
     8
100
AcDbPolyline
 90
       13
 70
     0
 43
0.0
 10
-102.4490668016794
 20
34.78488621412847
 10
-103.2499233163462
 20
35.39403675756279
 10
-103.2052450117271
 20
35.54098059999311
 10
-103.109350114013
 20
35.48993165526776
 10
-102.9751475517375
 20
35.44516952644904
 10
-102.879336478232
 20
35.34927462874409
 10
-102.736667670616
 20
35.29822568409165
 10
-102.6407727728997
 20
35.15547305228196
 10
-102.4938289305073
 20
35.07240325889724
 10
-102.365997008291
 20
34.97659218537748
 10
-102.1721954317886
 20
34.97659218537748
 10
-102.365997008291
 20
34.78488621412847
 10
-102.4490668016794
 20
34.78488621412847
  0
LWPOLYLINE
  5
2CAAFD
330
2D7C26
100
AcDbEntity
  8
0
 62
     8
100
AcDbPolyline
 90
       27
 70
     0
 43
0.0
 10
-98.68544353896096
 20
27.87316087222212
 10
-98.78125461246487
 20
27.87316087222212
 10
-98.87714951018189
 20
27.87316087222212
 10
-98.87714951018189
 20
27.92001860632685
 10
-98.97296058368489
 20
27.92001860632685
 10
-99.07095108668341
 20
27.96905576990278
 10
-99.07095108668341
 20
28.0159135040318
 10
-99.29886911718291
 20
29.65601802212541
 10
-99.24983195357825
 20
29.51536099562602
 10
-99.16676216018961
 20
29.36841715319573
 10
-99.11571321551448
 20
29.23848962568198
 10
-99.02409335257198
 20
29.14267855223513
 10
-98.97296058368489
 20
28.95097258098611
 10
-98.92819845485725
 20
28.80821994917643
 10
-98.87714951018189
 20
28.67410121106636
 10
-98.83238738135105
 20
28.53344418454269
 10
-99.07095108668341
 20
28.53344418454269
 10
-99.07095108668341
 20
28.43763311099863
 10
-99.02409335257198
 20
28.3865003421124
 10
-98.97296058368489
 20
28.29068926864124
 10
-98.87714951018189
 20
28.29068926864124
 10
-98.83238738135105
 20
28.19479437096058
 10
-98.78125461246487
 20
28.14793663683156
 10
-98.73657630784805
 20
28.09898329741653
 10
-98.64068141013081
 20
28.06486684344683
 10
-98.64068141013081
 20
27.87316087222212
 10
-98.68544353896096
 20
27.87316087222212
  0
LWPOLYLINE
  5
2CAAFE
330
2D7C26
100
AcDbEntity
  8
0
 62
     8
100
AcDbPolyline
 90
       19
 70
     0
 43
0.0
 10
-98.78125461246487
 20
31.95841763361608
 10
-98.87714951018189
 20
31.95841763361608
 10
-98.92819845485725
 20
31.95841763361608
 10
-98.97296058368489
 20
31.95841763361608
 10
-99.02409335257198
 20
32.00737097305542
 10
-99.11571321551448
 20
32.00737097305542
 10
-99.16676216018961
 20
32.00737097305542
 10
-99.20297421946592
 20
32.00737097305542
 10
-99.24983195357825
 20
32.10326587076038
 10
-99.20297421946592
 20
32.19480190952291
 10
-99.20297421946592
 20
32.15012360486509
 10
-99.11571321551448
 20
32.15012360486509
 10
-99.07095108668341
 20
32.15012360486509
 10
-98.97296058368489
 20
32.19480190952291
 10
-98.92819845485725
 20
32.15012360486509
 10
-98.83238738135105
 20
32.15012360486509
 10
-98.78125461246487
 20
32.10326587076038
 10
-98.68544353896096
 20
32.05422870716015
 10
-98.78125461246487
 20
31.95841763361608
  0
LWPOLYLINE
  5
2CAAFF
330
2D7C26
100
AcDbEntity
  8
0
 62
     8
100
AcDbPolyline
 90
       19
 70
     0
 43
0.0
 10
-98.73657630784805
 20
33.41955746064432
 10
-98.83238738135105
 20
33.46851080005933
 10
-98.97296058368489
 20
33.51536853418835
 10
-99.02409335257198
 20
33.61126343189332
 10
-99.02409335257198
 20
33.70707450534017
 10
-99.02409335257198
 20
33.84982713717417
 10
-99.07095108668341
 20
33.9328969306318
 10
-99.11571321551448
 20
34.07984077298917
 10
-99.16676216018961
 20
34.17573567066984
 10
-99.20297421946592
 20
34.31630887303261
 10
-99.02409335257198
 20
34.31630887303261
 10
-99.02409335257198
 20
34.17573567066984
 10
-98.92819845485725
 20
34.07984077298917
 10
-98.92819845485725
 20
33.9328969306318
 10
-98.83238738135105
 20
33.84982713717417
 10
-98.78125461246487
 20
33.70707450534017
 10
-98.73657630784805
 20
33.5644056977643
 10
-98.73657630784805
 20
33.46851080005933
 10
-98.73657630784805
 20
33.41955746064432
  0
LWPOLYLINE
  5
2CAB00
330
2D7C26
100
AcDbEntity
  8
0
 62
     8
100
AcDbPolyline
 90
       51
 70
     0
 43
0.0
 10
-98.45962111374388
 20
33.80296940304513
 10
-98.50647884785621
 20
33.80296940304513
 10
-98.54487033662781
 20
33.84982713717417
 10
-98.58954864124465
 20
33.88603919650275
 10
-98.58954864124465
 20
33.9328969306318
 10
-98.64068141013081
 20
33.9328969306318
 10
-98.68544353896096
 20
34.02870800407864
 10
-98.73657630784805
 20
34.07984077298917
 10
-98.73657630784805
 20
34.17573567066984
 10
-98.73657630784805
 20
34.22041397532766
 10
-98.68544353896096
 20
34.22041397532766
 10
-98.64068141013081
 20
34.31630887303261
 10
-98.64068141013081
 20
34.36735781768506
 10
-98.64068141013081
 20
34.46325271539001
 10
-98.68544353896096
 20
34.54632250884762
 10
-98.68544353896096
 20
34.64213358229449
 10
-98.92819845485725
 20
34.54632250884762
 10
-99.07095108668341
 20
34.54632250884762
 10
-99.11571321551448
 20
34.59318024295234
 10
-99.20297421946592
 20
34.64213358229449
 10
-99.20297421946592
 20
34.78488621412847
 10
-99.24983195357825
 20
34.88069728767252
 10
-99.29886911718291
 20
34.97659218537748
 10
-99.34572685129229
 20
35.07240325889724
 10
-99.34572685129229
 20
35.2066058211682
 10
-99.20297421946592
 20
35.02772495426372
 10
-99.16676216018961
 20
34.97659218537748
 10
-99.07095108668341
 20
34.93183005655878
 10
-99.02409335257198
 20
34.93183005655878
 10
-98.92819845485725
 20
34.93183005655878
 10
-98.87714951018189
 20
34.88069728767252
 10
-98.78125461246487
 20
34.88069728767252
 10
-98.73657630784805
 20
34.83383955354348
 10
-98.58954864124465
 20
34.83383955354348
 10
-98.54487033662781
 20
34.73802847999944
 10
-98.50647884785621
 20
34.68899131642351
 10
-98.45962111374388
 20
34.59318024295234
 10
-98.41066777435008
 20
34.54632250884762
 10
-98.41066777435008
 20
34.46325271539001
 10
-98.36381004024064
 20
34.36735781768506
 10
-98.31477287663597
 20
34.2715467442139
 10
-98.21896180312979
 20
34.22041397532766
 10
-98.31477287663597
 20
34.17573567066984
 10
-98.31477287663597
 20
34.12460290178359
 10
-98.41066777435008
 20
34.07984077298917
 10
-98.41066777435008
 20
34.02870800407864
 10
-98.45962111374388
 20
33.9328969306318
 10
-98.45962111374388
 20
33.88603919650275
 10
-98.45962111374388
 20
33.84982713717417
 10
-98.41066777435008
 20
33.80296940304513
 10
-98.45962111374388
 20
33.80296940304513
  0
POLYLINE
  5
2CAB01
330
2D7C26
100
AcDbEntity
  8
0
 62
     8
100
AcDb3dPolyline
 66
     1
 10
0.0
 20
0.0
 30
0.0
 70
     8
  0
VERTEX
  5
2D4544
330
2CAB01
100
AcDbEntity
  8
0
 62
     8
100
AcDbVertex
100
AcDb3dPolylineVertex
 10
-88.28700000000003
 20
35.8626
 30
0.0
 70
    32
  0
VERTEX
  5
2D4545
330
2CAB01
100
AcDbEntity
  8
0
 62
     8
100
AcDbVertex
100
AcDb3dPolylineVertex
 10
-88.292
 20
35.8648
 30
0.0
 70
    32
  0
VERTEX
  5
2D4546
330
2CAB01
100
AcDbEntity
  8
0
 62
     8
100
AcDbVertex
100
AcDb3dPolylineVertex
 10
-88.2972
 20
35.8666
 30
0.0
 70
    32
  0
VERTEX
  5
2D4547
330
2CAB01
100
AcDbEntity
  8
0
 62
     8
100
AcDbVertex
100
AcDb3dPolylineVertex
 10
-88.3026
 20
35.868
 30
0.0
 70
    32
  0
VERTEX
  5
2D4548
330
2CAB01
100
AcDbEntity
  8
0
 62
     8
100
AcDbVertex
100
AcDb3dPolylineVertex
 10
-88.30820000000001
 20
35.869
 30
0.0
 70
    32
  0
VERTEX
  5
2D4549
330
2CAB01
100
AcDbEntity
  8
0
 62
     8
100
AcDbVertex
100
AcDb3dPolylineVertex
 10
-88.3139
 20
35.8695
 30
0.0
 70
    32
  0
VERTEX
  5
2D454A
330
2CAB01
100
AcDbEntity
  8
0
 62
     8
100
AcDbVertex
100
AcDb3dPolylineVertex
 10
-88.31979999999999
 20
35.8695
 30
0.0
 70
    32
  0
VERTEX
  5
2D454B
330
2CAB01
100
AcDbEntity
  8
0
 62
     8
100
AcDbVertex
100
AcDb3dPolylineVertex
 10
-88.3258
 20
35.8692
 30
0.0
 70
    32
  0
VERTEX
  5
2D454C
330
2CAB01
100
AcDbEntity
  8
0
 62
     8
100
AcDbVertex
100
AcDb3dPolylineVertex
 10
-88.3319
 20
35.8684
 30
0.0
 70
    32
  0
VERTEX
  5
2D454D
330
2CAB01
100
AcDbEntity
  8
0
 62
     8
100
AcDbVertex
100
AcDb3dPolylineVertex
 10
-88.33820000000001
 20
35.8671
 30
0.0
 70
    32
  0
VERTEX
  5
2D454E
330
2CAB01
100
AcDbEntity
  8
0
 62
     8
100
AcDbVertex
100
AcDb3dPolylineVertex
 10
-88.34439999999998
 20
35.86549999999999
 30
0.0
 70
    32
  0
VERTEX
  5
2D454F
330
2CAB01
100
AcDbEntity
  8
0
 62
     8
100
AcDbVertex
100
AcDb3dPolylineVertex
 10
-88.35080000000003
 20
35.8634
 30
0.0
 70
    32
  0
VERTEX
  5
2D4550
330
2CAB01
100
AcDbEntity
  8
0
 62
     8
100
AcDbVertex
100
AcDb3dPolylineVertex
 10
-88.3572
 20
35.8609
 30
0.0
 70
    32
  0
VERTEX
  5
2D4551
330
2CAB01
100
AcDbEntity
  8
0
 62
     8
100
AcDbVertex
100
AcDb3dPolylineVertex
 10
-88.3637
 20
35.85800000000001
 30
0.0
 70
    32
  0
VERTEX
  5
2D4552
330
2CAB01
100
AcDbEntity
  8
0
 62
     8
100
AcDbVertex
100
AcDb3dPolylineVertex
 10
-88.3702
 20
35.8547
 30
0.0
 70
    32
  0
VERTEX
  5
2D4553
330
2CAB01
100
AcDbEntity
  8
0
 62
     8
100
AcDbVertex
100
AcDb3dPolylineVertex
 10
-88.37659999999997
 20
35.8509
 30
0.0
 70
    32
  0
VERTEX
  5
2D4554
330
2CAB01
100
AcDbEntity
  8
0
 62
     8
100
AcDbVertex
100
AcDb3dPolylineVertex
 10
-88.38309999999998
 20
35.8468
 30
0.0
 70
    32
  0
VERTEX
  5
2D4555
330
2CAB01
100
AcDbEntity
  8
0
 62
     8
100
AcDbVertex
100
AcDb3dPolylineVertex
 10
-88.3896
 20
35.8423
 30
0.0
 70
    32
  0
VERTEX
  5
2D4556
330
2CAB01
100
AcDbEntity
  8
0
 62
     8
100
AcDbVertex
100
AcDb3dPolylineVertex
 10
-88.396
 20
35.8375
 30
0.0
 70
    32
  0
VERTEX
  5
2D4557
330
2CAB01
100
AcDbEntity
  8
0
 62
     8
100
AcDbVertex
100
AcDb3dPolylineVertex
 10
-88.4023
 20
35.8322
 30
0.0
 70
    32
  0
VERTEX
  5
2D4558
330
2CAB01
100
AcDbEntity
  8
0
 62
     8
100
AcDbVertex
100
AcDb3dPolylineVertex
 10
-88.40860000000001
 20
35.8267
 30
0.0
 70
    32
  0
VERTEX
  5
2D4559
330
2CAB01
100
AcDbEntity
  8
0
 62
     8
100
AcDbVertex
100
AcDb3dPolylineVertex
 10
-88.4148
 20
35.8208
 30
0.0
 70
    32
  0
VERTEX
  5
2D455A
330
2CAB01
100
AcDbEntity
  8
0
 62
     8
100
AcDbVertex
100
AcDb3dPolylineVertex
 10
-88.4209
 20
35.8146
 30
0.0
 70
    32
  0
VERTEX
  5
2D455B
330
2CAB01
100
AcDbEntity
  8
0
 62
     8
100
AcDbVertex
100
AcDb3dPolylineVertex
 10
-88.42690000000002
 20
35.808
 30
0.0
 70
    32
  0
VERTEX
  5
2D455C
330
2CAB01
100
AcDbEntity
  8
0
 62
     8
100
AcDbVertex
100
AcDb3dPolylineVertex
 10
-88.4327
 20
35.8012
 30
0.0
 70
    32
  0
VERTEX
  5
2D455D
330
2CAB01
100
AcDbEntity
  8
0
 62
     8
100
AcDbVertex
100
AcDb3dPolylineVertex
 10
-88.4384
 20
35.7941
 30
0.0
 70
    32
  0
VERTEX
  5
2D455E
330
2CAB01
100
AcDbEntity
  8
0
 62
     8
100
AcDbVertex
100
AcDb3dPolylineVertex
 10
-88.444
 20
35.7868
 30
0.0
 70
    32
  0
VERTEX
  5
2D455F
330
2CAB01
100
AcDbEntity
  8
0
 62
     8
100
AcDbVertex
100
AcDb3dPolylineVertex
 10
-88.44929999999997
 20
35.7793
 30
0.0
 70
    32
  0
VERTEX
  5
2D4560
330
2CAB01
100
AcDbEntity
  8
0
 62
     8
100
AcDbVertex
100
AcDb3dPolylineVertex
 10
-88.45449999999997
 20
35.7715
 30
0.0
 70
    32
  0
VERTEX
  5
2D4561
330
2CAB01
100
AcDbEntity
  8
0
 62
     8
100
AcDbVertex
100
AcDb3dPolylineVertex
 10
-88.4595
 20
35.7635
 30
0.0
 70
    32
  0
VERTEX
  5
2D4562
330
2CAB01
100
AcDbEntity
  8
0
 62
     8
100
AcDbVertex
100
AcDb3dPolylineVertex
 10
-88.46429999999998
 20
35.7553
 30
0.0
 70
    32
  0
VERTEX
  5
2D4563
330
2CAB01
100
AcDbEntity
  8
0
 62
     8
100
AcDbVertex
100
AcDb3dPolylineVertex
 10
-88.4688
 20
35.747
 30
0.0
 70
    32
  0
VERTEX
  5
2D4564
330
2CAB01
100
AcDbEntity
  8
0
 62
     8
100
AcDbVertex
100
AcDb3dPolylineVertex
 10
-88.47320000000001
 20
35.7385
 30
0.0
 70
    32
  0
VERTEX
  5
2D4565
330
2CAB01
100
AcDbEntity
  8
0
 62
     8
100
AcDbVertex
100
AcDb3dPolylineVertex
 10
-88.4773
 20
35.73
 30
0.0
 70
    32
  0
VERTEX
  5
2D4566
330
2CAB01
100
AcDbEntity
  8
0
 62
     8
100
AcDbVertex
100
AcDb3dPolylineVertex
 10
-88.4811
 20
35.7213
 30
0.0
 70
    32
  0
VERTEX
  5
2D4567
330
2CAB01
100
AcDbEntity
  8
0
 62
     8
100
AcDbVertex
100
AcDb3dPolylineVertex
 10
-88.4847
 20
35.7125
 30
0.0
 70
    32
  0
VERTEX
  5
2D4568
330
2CAB01
100
AcDbEntity
  8
0
 62
     8
100
AcDbVertex
100
AcDb3dPolylineVertex
 10
-88.488
 20
35.7037
 30
0.0
 70
    32
  0
VERTEX
  5
2D4569
330
2CAB01
100
AcDbEntity
  8
0
 62
     8
100
AcDbVertex
100
AcDb3dPolylineVertex
 10
-88.49099999999998
 20
35.69489999999999
 30
0.0
 70
    32
  0
VERTEX
  5
2D456A
330
2CAB01
100
AcDbEntity
  8
0
 62
     8
100
AcDbVertex
100
AcDb3dPolylineVertex
 10
-88.4937
 20
35.686
 30
0.0
 70
    32
  0
VERTEX
  5
2D456B
330
2CAB01
100
AcDbEntity
  8
0
 62
     8
100
AcDbVertex
100
AcDb3dPolylineVertex
 10
-88.49619999999999
 20
35.6771
 30
0.0
 70
    32
  0
VERTEX
  5
2D456C
330
2CAB01
100
AcDbEntity
  8
0
 62
     8
100
AcDbVertex
100
AcDb3dPolylineVertex
 10
-88.4983
 20
35.6683
 30
0.0
 70
    32
  0
VERTEX
  5
2D456D
330
2CAB01
100
AcDbEntity
  8
0
 62
     8
100
AcDbVertex
100
AcDb3dPolylineVertex
 10
-88.5002
 20
35.6595
 30
0.0
 70
    32
  0
VERTEX
  5
2D456E
330
2CAB01
100
AcDbEntity
  8
0
 62
     8
100
AcDbVertex
100
AcDb3dPolylineVertex
 10
-88.5017
 20
35.6508
 30
0.0
 70
    32
  0
VERTEX
  5
2D456F
330
2CAB01
100
AcDbEntity
  8
0
 62
     8
100
AcDbVertex
100
AcDb3dPolylineVertex
 10
-88.50299999999998
 20
35.64220000000001
 30
0.0
 70
    32
  0
VERTEX
  5
2D4570
330
2CAB01
100
AcDbEntity
  8
0
 62
     8
100
AcDbVertex
100
AcDb3dPolylineVertex
 10
-88.5039
 20
35.63369999999999
 30
0.0
 70
    32
  0
VERTEX
  5
2D4571
330
2CAB01
100
AcDbEntity
  8
0
 62
     8
100
AcDbVertex
100
AcDb3dPolylineVertex
 10
-88.5045
 20
35.62530000000001
 30
0.0
 70
    32
  0
VERTEX
  5
2D4572
330
2CAB01
100
AcDbEntity
  8
0
 62
     8
100
AcDbVertex
100
AcDb3dPolylineVertex
 10
-88.50480000000002
 20
35.6171
 30
0.0
 70
    32
  0
VERTEX
  5
2D4573
330
2CAB01
100
AcDbEntity
  8
0
 62
     8
100
AcDbVertex
100
AcDb3dPolylineVertex
 10
-88.50469999999999
 20
35.6091
 30
0.0
 70
    32
  0
VERTEX
  5
2D4574
330
2CAB01
100
AcDbEntity
  8
0
 62
     8
100
AcDbVertex
100
AcDb3dPolylineVertex
 10
-88.5044
 20
35.6012
 30
0.0
 70
    32
  0
VERTEX
  5
2D4575
330
2CAB01
100
AcDbEntity
  8
0
 62
     8
100
AcDbVertex
100
AcDb3dPolylineVertex
 10
-88.50369999999998
 20
35.5936
 30
0.0
 70
    32
  0
VERTEX
  5
2D4576
330
2CAB01
100
AcDbEntity
  8
0
 62
     8
100
AcDbVertex
100
AcDb3dPolylineVertex
 10
-88.5027
 20
35.5862
 30
0.0
 70
    32
  0
VERTEX
  5
2D4577
330
2CAB01
100
AcDbEntity
  8
0
 62
     8
100
AcDbVertex
100
AcDb3dPolylineVertex
 10
-88.50140000000001
 20
35.579
 30
0.0
 70
    32
  0
VERTEX
  5
2D4578
330
2CAB01
100
AcDbEntity
  8
0
 62
     8
100
AcDbVertex
100
AcDb3dPolylineVertex
 10
-88.4998
 20
35.5721
 30
0.0
 70
    32
  0
VERTEX
  5
2D4579
330
2CAB01
100
AcDbEntity
  8
0
 62
     8
100
AcDbVertex
100
AcDb3dPolylineVertex
 10
-88.4979
 20
35.5655
 30
0.0
 70
    32
  0
VERTEX
  5
2D457A
330
2CAB01
100
AcDbEntity
  8
0
 62
     8
100
AcDbVertex
100
AcDb3dPolylineVertex
 10
-88.49569999999998
 20
35.55919999999999
 30
0.0
 70
    32
  0
VERTEX
  5
2D457B
330
2CAB01
100
AcDbEntity
  8
0
 62
     8
100
AcDbVertex
100
AcDb3dPolylineVertex
 10
-88.4932
 20
35.5531
 30
0.0
 70
    32
  0
VERTEX
  5
2D457C
330
2CAB01
100
AcDbEntity
  8
0
 62
     8
100
AcDbVertex
100
AcDb3dPolylineVertex
 10
-88.4904
 20
35.5475
 30
0.0
 70
    32
  0
VERTEX
  5
2D457D
330
2CAB01
100
AcDbEntity
  8
0
 62
     8
100
AcDbVertex
100
AcDb3dPolylineVertex
 10
-88.48730000000001
 20
35.5421
 30
0.0
 70
    32
  0
VERTEX
  5
2D457E
330
2CAB01
100
AcDbEntity
  8
0
 62
     8
100
AcDbVertex
100
AcDb3dPolylineVertex
 10
-88.4839
 20
35.53710000000001
 30
0.0
 70
    32
  0
VERTEX
  5
2D457F
330
2CAB01
100
AcDbEntity
  8
0
 62
     8
100
AcDbVertex
100
AcDb3dPolylineVertex
 10
-88.48029999999999
 20
35.5325
 30
0.0
 70
    32
  0
VERTEX
  5
2D4580
330
2CAB01
100
AcDbEntity
  8
0
 62
     8
100
AcDbVertex
100
AcDb3dPolylineVertex
 10
-88.4764
 20
35.5283
 30
0.0
 70
    32
  0
VERTEX
  5
2D4581
330
2CAB01
100
AcDbEntity
  8
0
 62
     8
100
AcDbVertex
100
AcDb3dPolylineVertex
 10
-88.47230000000001
 20
35.5244
 30
0.0
 70
    32
  0
VERTEX
  5
2D4582
330
2CAB01
100
AcDbEntity
  8
0
 62
     8
100
AcDbVertex
100
AcDb3dPolylineVertex
 10
-88.4679
 20
35.521
 30
0.0
 70
    32
  0
VERTEX
  5
2D4583
330
2CAB01
100
AcDbEntity
  8
0
 62
     8
100
AcDbVertex
100
AcDb3dPolylineVertex
 10
-88.4633
 20
35.51789999999999
 30
0.0
 70
    32
  0
VERTEX
  5
2D4584
330
2CAB01
100
AcDbEntity
  8
0
 62
     8
100
AcDbVertex
100
AcDb3dPolylineVertex
 10
-88.4584
 20
35.5153
 30
0.0
 70
    32
  0
VERTEX
  5
2D4585
330
2CAB01
100
AcDbEntity
  8
0
 62
     8
100
AcDbVertex
100
AcDb3dPolylineVertex
 10
-88.4534
 20
35.51300000000001
 30
0.0
 70
    32
  0
VERTEX
  5
2D4586
330
2CAB01
100
AcDbEntity
  8
0
 62
     8
100
AcDbVertex
100
AcDb3dPolylineVertex
 10
-88.4482
 20
35.5112
 30
0.0
 70
    32
  0
VERTEX
  5
2D4587
330
2CAB01
100
AcDbEntity
  8
0
 62
     8
100
AcDbVertex
100
AcDb3dPolylineVertex
 10
-88.44280000000003
 20
35.5099
 30
0.0
 70
    32
  0
VERTEX
  5
2D4588
330
2CAB01
100
AcDbEntity
  8
0
 62
     8
100
AcDbVertex
100
AcDb3dPolylineVertex
 10
-88.43720000000002
 20
35.50889999999999
 30
0.0
 70
    32
  0
VERTEX
  5
2D4589
330
2CAB01
100
AcDbEntity
  8
0
 62
     8
100
AcDbVertex
100
AcDb3dPolylineVertex
 10
-88.43149999999999
 20
35.5084
 30
0.0
 70
    32
  0
VERTEX
  5
2D458A
330
2CAB01
100
AcDbEntity
  8
0
 62
     8
100
AcDbVertex
100
AcDb3dPolylineVertex
 10
-88.4256
 20
35.5083
 30
0.0
 70
    32
  0
VERTEX
  5
2D458B
330
2CAB01
100
AcDbEntity
  8
0
 62
     8
100
AcDbVertex
100
AcDb3dPolylineVertex
 10
-88.4196
 20
35.50869999999999
 30
0.0
 70
    32
  0
VERTEX
  5
2D458C
330
2CAB01
100
AcDbEntity
  8
0
 62
     8
100
AcDbVertex
100
AcDb3dPolylineVertex
 10
-88.4135
 20
35.5095
 30
0.0
 70
    32
  0
VERTEX
  5
2D458D
330
2CAB01
100
AcDbEntity
  8
0
 62
     8
100
AcDbVertex
100
AcDb3dPolylineVertex
 10
-88.4073
 20
35.5107
 30
0.0
 70
    32
  0
VERTEX
  5
2D458E
330
2CAB01
100
AcDbEntity
  8
0
 62
     8
100
AcDbVertex
100
AcDb3dPolylineVertex
 10
-88.40099999999997
 20
35.5124
 30
0.0
 70
    32
  0
VERTEX
  5
2D458F
330
2CAB01
100
AcDbEntity
  8
0
 62
     8
100
AcDbVertex
100
AcDb3dPolylineVertex
 10
-88.3946
 20
35.5145
 30
0.0
 70
    32
  0
VERTEX
  5
2D4590
330
2CAB01
100
AcDbEntity
  8
0
 62
     8
100
AcDbVertex
100
AcDb3dPolylineVertex
 10
-88.3882
 20
35.51700000000001
 30
0.0
 70
    32
  0
VERTEX
  5
2D4591
330
2CAB01
100
AcDbEntity
  8
0
 62
     8
100
AcDbVertex
100
AcDb3dPolylineVertex
 10
-88.38169999999998
 20
35.5199
 30
0.0
 70
    32
  0
VERTEX
  5
2D4592
330
2CAB01
100
AcDbEntity
  8
0
 62
     8
100
AcDbVertex
100
AcDb3dPolylineVertex
 10
-88.37529999999999
 20
35.5232
 30
0.0
 70
    32
  0
VERTEX
  5
2D4593
330
2CAB01
100
AcDbEntity
  8
0
 62
     8
100
AcDbVertex
100
AcDb3dPolylineVertex
 10
-88.36879999999998
 20
35.52689999999999
 30
0.0
 70
    32
  0
VERTEX
  5
2D4594
330
2CAB01
100
AcDbEntity
  8
0
 62
     8
100
AcDbVertex
100
AcDb3dPolylineVertex
 10
-88.3623
 20
35.5311
 30
0.0
 70
    32
  0
VERTEX
  5
2D4595
330
2CAB01
100
AcDbEntity
  8
0
 62
     8
100
AcDbVertex
100
AcDb3dPolylineVertex
 10
-88.3558
 20
35.5356
 30
0.0
 70
    32
  0
VERTEX
  5
2D4596
330
2CAB01
100
AcDbEntity
  8
0
 62
     8
100
AcDbVertex
100
AcDb3dPolylineVertex
 10
-88.34940000000001
 20
35.5404
 30
0.0
 70
    32
  0
VERTEX
  5
2D4597
330
2CAB01
100
AcDbEntity
  8
0
 62
     8
100
AcDbVertex
100
AcDb3dPolylineVertex
 10
-88.3431
 20
35.5456
 30
0.0
 70
    32
  0
VERTEX
  5
2D4598
330
2CAB01
100
AcDbEntity
  8
0
 62
     8
100
AcDbVertex
100
AcDb3dPolylineVertex
 10
-88.33679999999999
 20
35.5512
 30
0.0
 70
    32
  0
VERTEX
  5
2D4599
330
2CAB01
100
AcDbEntity
  8
0
 62
     8
100
AcDbVertex
100
AcDb3dPolylineVertex
 10
-88.33060000000001
 20
35.5571
 30
0.0
 70
    32
  0
VERTEX
  5
2D459A
330
2CAB01
100
AcDbEntity
  8
0
 62
     8
100
AcDbVertex
100
AcDb3dPolylineVertex
 10
-88.32449999999999
 20
35.5633
 30
0.0
 70
    32
  0
VERTEX
  5
2D459B
330
2CAB01
100
AcDbEntity
  8
0
 62
     8
100
AcDbVertex
100
AcDb3dPolylineVertex
 10
-88.31850000000001
 20
35.5698
 30
0.0
 70
    32
  0
VERTEX
  5
2D459C
330
2CAB01
100
AcDbEntity
  8
0
 62
     8
100
AcDbVertex
100
AcDb3dPolylineVertex
 10
-88.31270000000001
 20
35.5767
 30
0.0
 70
    32
  0
VERTEX
  5
2D459D
330
2CAB01
100
AcDbEntity
  8
0
 62
     8
100
AcDbVertex
100
AcDb3dPolylineVertex
 10
-88.307
 20
35.5837
 30
0.0
 70
    32
  0
VERTEX
  5
2D459E
330
2CAB01
100
AcDbEntity
  8
0
 62
     8
100
AcDbVertex
100
AcDb3dPolylineVertex
 10
-88.30150000000001
 20
35.59109999999999
 30
0.0
 70
    32
  0
VERTEX
  5
2D459F
330
2CAB01
100
AcDbEntity
  8
0
 62
     8
100
AcDbVertex
100
AcDb3dPolylineVertex
 10
-88.2961
 20
35.59859999999999
 30
0.0
 70
    32
  0
VERTEX
  5
2D45A0
330
2CAB01
100
AcDbEntity
  8
0
 62
     8
100
AcDbVertex
100
AcDb3dPolylineVertex
 10
-88.29089999999998
 20
35.6064
 30
0.0
 70
    32
  0
VERTEX
  5
2D45A1
330
2CAB01
100
AcDbEntity
  8
0
 62
     8
100
AcDbVertex
100
AcDb3dPolylineVertex
 10
-88.2859
 20
35.61440000000001
 30
0.0
 70
    32
  0
VERTEX
  5
2D45A2
330
2CAB01
100
AcDbEntity
  8
0
 62
     8
100
AcDbVertex
100
AcDb3dPolylineVertex
 10
-88.2811
 20
35.6226
 30
0.0
 70
    32
  0
VERTEX
  5
2D45A3
330
2CAB01
100
AcDbEntity
  8
0
 62
     8
100
AcDbVertex
100
AcDb3dPolylineVertex
 10
-88.27659999999999
 20
35.6309
 30
0.0
 70
    32
  0
VERTEX
  5
2D45A4
330
2CAB01
100
AcDbEntity
  8
0
 62
     8
100
AcDbVertex
100
AcDb3dPolylineVertex
 10
-88.2722
 20
35.6393
 30
0.0
 70
    32
  0
VERTEX
  5
2D45A5
330
2CAB01
100
AcDbEntity
  8
0
 62
     8
100
AcDbVertex
100
AcDb3dPolylineVertex
 10
-88.26819999999997
 20
35.6479
 30
0.0
 70
    32
  0
VERTEX
  5
2D45A6
330
2CAB01
100
AcDbEntity
  8
0
 62
     8
100
AcDbVertex
100
AcDb3dPolylineVertex
 10
-88.2643
 20
35.65659999999999
 30
0.0
 70
    32
  0
VERTEX
  5
2D45A7
330
2CAB01
100
AcDbEntity
  8
0
 62
     8
100
AcDbVertex
100
AcDb3dPolylineVertex
 10
-88.26069999999999
 20
35.6654
 30
0.0
 70
    32
  0
VERTEX
  5
2D45A8
330
2CAB01
100
AcDbEntity
  8
0
 62
     8
100
AcDbVertex
100
AcDb3dPolylineVertex
 10
-88.25740000000001
 20
35.6742
 30
0.0
 70
    32
  0
VERTEX
  5
2D45A9
330
2CAB01
100
AcDbEntity
  8
0
 62
     8
100
AcDbVertex
100
AcDb3dPolylineVertex
 10
-88.2544
 20
35.683
 30
0.0
 70
    32
  0
VERTEX
  5
2D45AA
330
2CAB01
100
AcDbEntity
  8
0
 62
     8
100
AcDbVertex
100
AcDb3dPolylineVertex
 10
-88.25169999999998
 20
35.6919
 30
0.0
 70
    32
  0
VERTEX
  5
2D45AB
330
2CAB01
100
AcDbEntity
  8
0
 62
     8
100
AcDbVertex
100
AcDb3dPolylineVertex
 10
-88.2492
 20
35.70069999999999
 30
0.0
 70
    32
  0
VERTEX
  5
2D45AC
330
2CAB01
100
AcDbEntity
  8
0
 62
     8
100
AcDbVertex
100
AcDb3dPolylineVertex
 10
-88.24710000000001
 20
35.7096
 30
0.0
 70
    32
  0
VERTEX
  5
2D45AD
330
2CAB01
100
AcDbEntity
  8
0
 62
     8
100
AcDbVertex
100
AcDb3dPolylineVertex
 10
-88.24519999999997
 20
35.7184
 30
0.0
 70
    32
  0
VERTEX
  5
2D45AE
330
2CAB01
100
AcDbEntity
  8
0
 62
     8
100
AcDbVertex
100
AcDb3dPolylineVertex
 10
-88.2437
 20
35.7271
 30
0.0
 70
    32
  0
VERTEX
  5
2D45AF
330
2CAB01
100
AcDbEntity
  8
0
 62
     8
100
AcDbVertex
100
AcDb3dPolylineVertex
 10
-88.24250000000002
 20
35.7357
 30
0.0
 70
    32
  0
VERTEX
  5
2D45B0
330
2CAB01
100
AcDbEntity
  8
0
 62
     8
100
AcDbVertex
100
AcDb3dPolylineVertex
 10
-88.24150000000001
 20
35.7442
 30
0.0
 70
    32
  0
VERTEX
  5
2D45B1
330
2CAB01
100
AcDbEntity
  8
0
 62
     8
100
AcDbVertex
100
AcDb3dPolylineVertex
 10
-88.24089999999998
 20
35.7526
 30
0.0
 70
    32
  0
VERTEX
  5
2D45B2
330
2CAB01
100
AcDbEntity
  8
0
 62
     8
100
AcDbVertex
100
AcDb3dPolylineVertex
 10
-88.2407
 20
35.76080000000001
 30
0.0
 70
    32
  0
VERTEX
  5
2D45B3
330
2CAB01
100
AcDbEntity
  8
0
 62
     8
100
AcDbVertex
100
AcDb3dPolylineVertex
 10
-88.2407
 20
35.7688
 30
0.0
 70
    32
  0
VERTEX
  5
2D45B4
330
2CAB01
100
AcDbEntity
  8
0
 62
     8
100
AcDbVertex
100
AcDb3dPolylineVertex
 10
-88.24099999999999
 20
35.7767
 30
0.0
 70
    32
  0
VERTEX
  5
2D45B5
330
2CAB01
100
AcDbEntity
  8
0
 62
     8
100
AcDbVertex
100
AcDb3dPolylineVertex
 10
-88.2417
 20
35.7843
 30
0.0
 70
    32
  0
VERTEX
  5
2D45B6
330
2CAB01
100
AcDbEntity
  8
0
 62
     8
100
AcDbVertex
100
AcDb3dPolylineVertex
 10
-88.2427
 20
35.7917
 30
0.0
 70
    32
  0
VERTEX
  5
2D45B7
330
2CAB01
100
AcDbEntity
  8
0
 62
     8
100
AcDbVertex
100
AcDb3dPolylineVertex
 10
-88.244
 20
35.79890000000001
 30
0.0
 70
    32
  0
VERTEX
  5
2D45B8
330
2CAB01
100
AcDbEntity
  8
0
 62
     8
100
AcDbVertex
100
AcDb3dPolylineVertex
 10
-88.24559999999998
 20
35.8058
 30
0.0
 70
    32
  0
VERTEX
  5
2D45B9
330
2CAB01
100
AcDbEntity
  8
0
 62
     8
100
AcDbVertex
100
AcDb3dPolylineVertex
 10
-88.24749999999998
 20
35.8124
 30
0.0
 70
    32
  0
VERTEX
  5
2D45BA
330
2CAB01
100
AcDbEntity
  8
0
 62
     8
100
AcDbVertex
100
AcDb3dPolylineVertex
 10
-88.2497
 20
35.8187
 30
0.0
 70
    32
  0
VERTEX
  5
2D45BB
330
2CAB01
100
AcDbEntity
  8
0
 62
     8
100
AcDbVertex
100
AcDb3dPolylineVertex
 10
-88.25219999999999
 20
35.8247
 30
0.0
 70
    32
  0
VERTEX
  5
2D45BC
330
2CAB01
100
AcDbEntity
  8
0
 62
     8
100
AcDbVertex
100
AcDb3dPolylineVertex
 10
-88.25499999999998
 20
35.83039999999999
 30
0.0
 70
    32
  0
VERTEX
  5
2D45BD
330
2CAB01
100
AcDbEntity
  8
0
 62
     8
100
AcDbVertex
100
AcDb3dPolylineVertex
 10
-88.2581
 20
35.8358
 30
0.0
 70
    32
  0
VERTEX
  5
2D45BE
330
2CAB01
100
AcDbEntity
  8
0
 62
     8
100
AcDbVertex
100
AcDb3dPolylineVertex
 10
-88.2615
 20
35.8407
 30
0.0
 70
    32
  0
VERTEX
  5
2D45BF
330
2CAB01
100
AcDbEntity
  8
0
 62
     8
100
AcDbVertex
100
AcDb3dPolylineVertex
 10
-88.2651
 20
35.8454
 30
0.0
 70
    32
  0
VERTEX
  5
2D45C0
330
2CAB01
100
AcDbEntity
  8
0
 62
     8
100
AcDbVertex
100
AcDb3dPolylineVertex
 10
-88.269
 20
35.84960000000001
 30
0.0
 70
    32
  0
VERTEX
  5
2D45C1
330
2CAB01
100
AcDbEntity
  8
0
 62
     8
100
AcDbVertex
100
AcDb3dPolylineVertex
 10
-88.2732
 20
35.8535
 30
0.0
 70
    32
  0
VERTEX
  5
2D45C2
330
2CAB01
100
AcDbEntity
  8
0
 62
     8
100
AcDbVertex
100
AcDb3dPolylineVertex
 10
-88.27749999999996
 20
35.8569
 30
0.0
 70
    32
  0
VERTEX
  5
2D45C3
330
2CAB01
100
AcDbEntity
  8
0
 62
     8
100
AcDbVertex
100
AcDb3dPolylineVertex
 10
-88.2821
 20
35.86
 30
0.0
 70
    32
  0
VERTEX
  5
2D45C4
330
2CAB01
100
AcDbEntity
  8
0
 62
     8
100
AcDbVertex
100
AcDb3dPolylineVertex
 10
-88.28700000000003
 20
35.8626
 30
0.0
 70
    32
  0
SEQEND
  5
2D45C5
330
2CAB01
100
AcDbEntity
  8
0
 62
     8
  0
LWPOLYLINE
  5
2CAB02
330
2D7C26
100
AcDbEntity
  8
0
 62
     8
100
AcDbPolyline
 90
       25
 70
     0
 43
0.0
 10
-91.63314499469263
 20
32.43764064958527
 10
-91.77371819702647
 20
32.38868731021884
 10
-91.86961309474373
 20
32.43764064958527
 10
-91.91647082885287
 20
32.48449838369
 10
-91.91647082885287
 20
32.56756817707472
 10
-91.96542416824671
 20
32.61652151648974
 10
-92.01228190235909
 20
32.66337925061878
 10
-92.06341467124524
 20
32.71241641419472
 10
-92.09535169574749
 20
32.75927414832374
 10
-92.14648446463391
 20
33.0467911930196
 10
-92.06341467124524
 20
33.09792396190585
 10
-91.91647082885287
 20
33.09792396190585
 10
-91.77371819702647
 20
33.09792396190585
 10
-91.67790712352053
 20
33.0467911930196
 10
-91.58201222580649
 20
33.0467911930196
 10
-91.48620115230029
 20
33.00211288843468
 10
-91.35627362480247
 20
32.95098011954845
 10
-91.35627362480247
 20
32.85508522184351
 10
-91.35627362480247
 20
32.81040691720998
 10
-91.35627362480247
 20
32.75927414832374
 10
-91.35627362480247
 20
32.71241641419472
 10
-91.40313135891188
 20
32.61652151648974
 10
-91.40313135891188
 20
32.56756817707472
 10
-91.43934341819115
 20
32.53345172310503
 10
-91.63314499469263
 20
32.43764064958527
  0
LWPOLYLINE
  5
2CAB03
330
2D7C26
100
AcDbEntity
  8
0
 62
     8
100
AcDbPolyline
 90
       18
 70
     0
 43
0.0
 10
-92.99847374818822
 20
35.39403675756279
 10
-93.04323587701608
 20
35.44516952644904
 10
-93.04323587701608
 20
35.54098059999311
 10
-93.04323587701608
 20
35.63687549769806
 10
-92.94734097930108
 20
35.77954430527395
 10
-92.94734097930108
 20
35.81575636462684
 10
-92.85152990579581
 20
35.91165126233179
 10
-92.75563500808109
 20
35.95850899643651
 10
-92.67256521469017
 20
36.05432006990767
 10
-92.57675414118649
 20
35.77954430527395
 10
-92.62570748058008
 20
35.68373323182708
 10
-92.67256521469017
 20
35.68373323182708
 10
-92.72160237829508
 20
35.58574272881183
 10
-92.80676777696792
 20
35.54098059999311
 10
-92.85152990579581
 20
35.48993165526776
 10
-92.90266267468199
 20
35.44516952644904
 10
-92.94734097930108
 20
35.44516952644904
 10
-92.99847374818822
 20
35.39403675756279
  0
LWPOLYLINE
  5
2CAB04
330
2D7C26
100
AcDbEntity
  8
0
 62
     8
100
AcDbPolyline
 90
       15
 70
     1
 43
0.0
 10
-95.06884794284429
 20
34.59318024295234
 10
-95.21151675046054
 20
34.78488621412847
 10
-95.21151675046054
 20
34.83383955354348
 10
-95.16465901634822
 20
34.83383955354348
 10
-95.11570567695661
 20
34.88069728767252
 10
-95.06884794284429
 20
34.88069728767252
 10
-95.01981077923961
 20
34.88069728767252
 10
-94.97295304512793
 20
34.88069728767252
 10
-94.87714197162405
 20
34.93183005655878
 10
-94.87714197162405
 20
34.83383955354348
 10
-94.87714197162405
 20
34.73802847999944
 10
-94.83028423751262
 20
34.73802847999944
 10
-94.87714197162405
 20
34.68899131642351
 10
-94.92399970573414
 20
34.64213358229449
 10
-94.97295304512793
 20
34.59318024295234
  0
LWPOLYLINE
  5
2CAB05
330
2D7C26
100
AcDbEntity
  8
0
 62
     8
100
AcDbPolyline
 90
       18
 70
     0
 43
0.0
 10
-94.45961357518669
 20
34.59318024295234
 10
-94.50647130929835
 20
34.83383955354348
 10
-94.45961357518669
 20
34.83383955354348
 10
-94.40848080629983
 20
34.83383955354348
 10
-94.36380250168303
 20
34.83383955354348
 10
-94.31266973279685
 20
34.83383955354348
 10
-94.21685865929068
 20
34.83383955354348
 10
-94.17209653046279
 20
34.83383955354348
 10
-94.07620163274577
 20
34.88069728767252
 10
-94.02515268807041
 20
34.73802847999944
 10
-94.07620163274577
 20
34.68899131642351
 10
-94.12096376157364
 20
34.64213358229449
 10
-94.17209653046279
 20
34.59318024295234
 10
-94.21685865929068
 20
34.59318024295234
 10
-94.31266973279685
 20
34.54632250884762
 10
-94.40848080629983
 20
34.54632250884762
 10
-94.40848080629983
 20
34.59318024295234
 10
-94.45961357518669
 20
34.59318024295234
  0
LWPOLYLINE
  5
2CAB06
330
2D7C26
100
AcDbEntity
  8
0
 62
     8
100
AcDbPolyline
 90
        8
 70
     0
 43
0.0
 10
-95.77598898928773
 20
34.68899131642351
 10
-95.77598898928773
 20
34.73802847999944
 10
-95.72913125517855
 20
34.78488621412847
 10
-95.72913125517855
 20
34.73802847999944
 10
-95.63323635746131
 20
34.73802847999944
 10
-95.53742528395536
 20
34.73802847999944
 10
-95.68009409157369
 20
34.68899131642351
 10
-95.77598898928773
 20
34.68899131642351
  0
LWPOLYLINE
  5
2CAB07
330
2D7C26
100
AcDbEntity
  8
0
 62
     8
100
AcDbPolyline
 90
        3
 70
     0
 43
0.0
 10
-93.70351918934943
 20
34.68899131642351
 10
-93.4606804492423
 20
34.73802847999944
 10
-93.70351918934943
 20
34.68899131642351
  0
LWPOLYLINE
  5
2CAB08
330
2D7C26
100
AcDbEntity
  8
0
 62
     8
100
AcDbPolyline
 90
       23
 70
     0
 43
0.0
 10
-96.43409287212877
 20
36.10545283879391
 10
-96.38513953273514
 20
36.10545283879391
 10
-96.3382817986228
 20
36.10545283879391
 10
-96.28924463501787
 20
36.10545283879391
 10
-96.28924463501787
 20
36.05432006990767
 10
-96.24238690090876
 20
36.05432006990767
 10
-96.19770859628877
 20
36.00746233577865
 10
-96.10181369857471
 20
36.00746233577865
 10
-95.92083722639861
 20
36.20126391233796
 10
-95.77598898928773
 20
35.95850899643651
 10
-95.82494232868151
 20
35.86261409873156
 10
-95.87180006279393
 20
35.77954430527395
 10
-95.92083722639861
 20
35.73268657116921
 10
-95.92083722639861
 20
35.68373323182708
 10
-95.95486985618231
 20
35.68373323182708
 10
-96.28924463501787
 20
35.68373323182708
 10
-96.38513953273514
 20
35.68373323182708
 10
-96.43409287212877
 20
35.73268657116921
 10
-96.43409287212877
 20
35.81575636462684
 10
-96.43409287212877
 20
35.86261409873156
 10
-96.43409287212877
 20
35.95850899643651
 10
-96.43409287212877
 20
36.05432006990767
 10
-96.43409287212877
 20
36.10545283879391
  0
LWPOLYLINE
  5
2CAB09
330
2D7C26
100
AcDbEntity
  8
0
 62
     8
100
AcDbPolyline
 90
       19
 70
     0
 43
0.0
 10
-93.79933026285561
 20
35.81575636462684
 10
-93.84618799696474
 20
35.81575636462684
 10
-93.84618799696474
 20
35.91165126233179
 10
-93.79933026285561
 20
36.00746233577865
 10
-93.70351918934943
 20
36.15021496761264
 10
-93.70351918934943
 20
36.24602604113238
 10
-93.60762429163242
 20
36.34192093883735
 10
-93.51181321812941
 20
36.4377320123814
 10
-93.41591832041215
 20
36.52289741107644
 10
-93.28179958234839
 20
36.4377320123814
 10
-93.37761065585393
 20
36.29715881004293
 10
-93.41591832041215
 20
36.20126391233796
 10
-93.4606804492423
 20
36.10545283879391
 10
-93.4606804492423
 20
36.05432006990767
 10
-93.55649152274621
 20
35.95850899643651
 10
-93.60762429163242
 20
35.91165126233179
 10
-93.70351918934943
 20
35.81575636462684
 10
-93.75037692346174
 20
35.81575636462684
 10
-93.79933026285561
 20
35.81575636462684
  0
LWPOLYLINE
  5
2CAB0A
330
2D7C26
100
AcDbEntity
  8
0
 62
     8
100
AcDbPolyline
 90
       17
 70
     0
 43
0.0
 10
-94.87714197162405
 20
35.86261409873156
 10
-94.92399970573414
 20
35.86261409873156
 10
-94.92399970573414
 20
35.95850899643651
 10
-94.92399970573414
 20
36.05432006990767
 10
-94.92399970573414
 20
36.10545283879391
 10
-94.92399970573414
 20
36.20126391233796
 10
-94.87714197162405
 20
36.24602604113238
 10
-94.83028423751262
 20
36.34192093883735
 10
-94.73438933979537
 20
36.39296988348978
 10
-94.78124707390772
 20
36.29715881004293
 10
-94.78124707390772
 20
36.24602604113238
 10
-94.78124707390772
 20
36.15021496761264
 10
-94.73438933979537
 20
36.10545283879391
 10
-94.78124707390772
 20
36.00746233577865
 10
-94.78124707390772
 20
35.95850899643651
 10
-94.83028423751262
 20
35.86261409873156
 10
-94.87714197162405
 20
35.86261409873156
  0
LWPOLYLINE
  5
2CAB0B
330
2D7C26
100
AcDbEntity
  8
0
 62
     8
100
AcDbPolyline
 90
       18
 70
     0
 43
0.0
 10
-94.40848080629983
 20
35.86261409873156
 10
-94.45961357518669
 20
35.91165126233179
 10
-94.50647130929835
 20
36.00746233577865
 10
-94.50647130929835
 20
36.05432006990767
 10
-94.50647130929835
 20
36.15021496761264
 10
-94.50647130929835
 20
36.20126391233796
 10
-94.50647130929835
 20
36.29715881004293
 10
-94.50647130929835
 20
36.34192093883735
 10
-94.40848080629983
 20
36.4377320123814
 10
-94.40848080629983
 20
36.39296988348978
 10
-94.36380250168303
 20
36.34192093883735
 10
-94.36380250168303
 20
36.29715881004293
 10
-94.31266973279685
 20
36.24602604113238
 10
-94.31266973279685
 20
36.15021496761264
 10
-94.31266973279685
 20
36.10545283879391
 10
-94.31266973279685
 20
36.00746233577865
 10
-94.26790760396581
 20
35.95850899643651
 10
-94.40848080629983
 20
35.86261409873156
  0
LWPOLYLINE
  5
2CAB0C
330
2D7C26
100
AcDbEntity
  8
0
 62
     8
100
AcDbPolyline
 90
       16
 70
     0
 43
0.0
 10
-91.43934341819115
 20
27.68145490097312
 10
-91.48620115230029
 20
27.68145490097312
 10
-91.48620115230029
 20
27.77734979867806
 10
-91.48620115230029
 20
27.87316087222212
 10
-91.48620115230029
 20
27.96905576990278
 10
-91.48620115230029
 20
28.0159135040318
 10
-91.48620115230029
 20
28.09898329741653
 10
-91.43934341819115
 20
28.19479437096058
 10
-91.35627362480247
 20
28.29068926864124
 10
-91.35627362480247
 20
28.19479437096058
 10
-91.35627362480247
 20
28.09898329741653
 10
-91.35627362480247
 20
28.0159135040318
 10
-91.30723646119781
 20
27.96905576990278
 10
-91.35627362480247
 20
27.82211192756968
 10
-91.40313135891188
 20
27.77734979867806
 10
-91.43934341819115
 20
27.68145490097312
  0
LWPOLYLINE
  5
2CAB0D
330
2D7C26
100
AcDbEntity
  8
0
 62
     8
100
AcDbPolyline
 90
       28
 70
     0
 43
0.0
 10
-90.74284804657828
 20
27.92001860632685
 10
-90.74284804657828
 20
27.96905576990278
 10
-90.69599031246912
 20
28.06486684344683
 10
-90.64695314886419
 20
28.09898329741653
 10
-90.55114207535824
 20
28.19479437096058
 10
-90.50428434124821
 20
28.19479437096058
 10
-90.45524717764328
 20
28.29068926864124
 10
-90.40838944353186
 20
28.34182203755176
 10
-90.31257837002796
 20
28.48239523989025
 10
-90.50428434124821
 20
28.62933908224765
 10
-90.50428434124821
 20
28.80821994917643
 10
-90.50428434124821
 20
28.85507768328114
 10
-90.45524717764328
 20
28.95097258098611
 10
-90.40838944353186
 20
29.04678365445727
 10
-90.31257837002796
 20
29.18953628633984
 10
-90.31257837002796
 20
29.28534735981101
 10
-90.26572063591627
 20
29.36841715319573
 10
-90.21676729652268
 20
29.51536099562602
 10
-90.13369750313406
 20
29.65601802212541
 10
-90.31257837002796
 20
28.06486684344683
 10
-90.40838944353186
 20
28.0159135040318
 10
-90.45524717764328
 20
27.96905576990278
 10
-90.50428434124821
 20
27.92001860632685
 10
-90.55114207535824
 20
27.92001860632685
 10
-90.60009541475189
 20
27.87316087222212
 10
-90.64695314886419
 20
27.87316087222212
 10
-90.69599031246912
 20
27.87316087222212
 10
-90.74284804657828
 20
27.92001860632685
  0
LWPOLYLINE
  5
2CAB0E
330
2D7C26
100
AcDbEntity
  8
0
 62
     8
100
AcDbPolyline
 90
        3
 70
     0
 43
0.0
 10
-90.87705060885605
 20
28.3865003421124
 10
-90.79180138597214
 20
28.48239523989025
 10
-90.87705060885605
 20
28.3865003421124
  0
LWPOLYLINE
  5
2CAB0F
330
2D7C26
100
AcDbEntity
  8
0
 62
     8
100
AcDbPolyline
 90
       19
 70
     0
 43
0.0
 10
-91.16456765357927
 20
28.53344418454269
 10
-91.26037872708549
 20
28.57820631336141
 10
-91.30723646119781
 20
28.62933908224765
 10
-91.35627362480247
 20
28.71240887563238
 10
-91.40313135891188
 20
28.80821994917643
 10
-91.40313135891188
 20
28.90411484685709
 10
-91.40313135891188
 20
28.99992592040114
 10
-91.40313135891188
 20
29.09364138856199
 10
-91.40313135891188
 20
29.18953628633984
 10
-91.40313135891188
 20
29.33438452338695
 10
-91.35627362480247
 20
29.23848962568198
 10
-91.30723646119781
 20
29.18953628633984
 10
-91.26037872708549
 20
29.09364138856199
 10
-91.16456765357927
 20
29.04678365445727
 10
-91.16456765357927
 20
28.90411484685709
 10
-91.11343488469305
 20
28.80821994917643
 10
-91.11343488469305
 20
28.67410121106636
 10
-91.06875658007627
 20
28.62933908224765
 10
-91.16456765357927
 20
28.53344418454269
  0
LWPOLYLINE
  5
2CAB10
330
2D7C26
100
AcDbEntity
  8
0
 62
     8
100
AcDbPolyline
 90
       26
 70
     0
 43
0.0
 10
-90.87705060885605
 20
28.80821994917643
 10
-91.0176238111892
 20
28.90411484685709
 10
-91.0176238111892
 20
29.04678365445727
 10
-91.0176238111892
 20
29.18953628633984
 10
-91.0176238111892
 20
29.33438452338695
 10
-91.0176238111892
 20
29.46431205087639
 10
-91.0176238111892
 20
29.61125589330669
 10
-91.0176238111892
 20
29.75182909566945
 10
-91.0176238111892
 20
29.89877293802685
 10
-90.97286168235903
 20
29.84764016914062
 10
-90.92172891347289
 20
29.84764016914062
 10
-90.92172891347289
 20
29.75182909566945
 10
-90.87705060885605
 20
29.70706696677785
 10
-90.87705060885605
 20
29.61125589330669
 10
-90.87705060885605
 20
29.51536099562602
 10
-90.87705060885605
 20
29.46431205087639
 10
-90.74284804657828
 20
29.46431205087639
 10
-90.69599031246912
 20
29.51536099562602
 10
-90.69599031246912
 20
29.56012312442044
 10
-90.64695314886419
 20
29.70706696677785
 10
-90.64695314886419
 20
29.75182909566945
 10
-90.64695314886419
 20
29.84764016914062
 10
-90.60009541475189
 20
29.89877293802685
 10
-90.45524717764328
 20
29.99466783573181
 10
-90.82591783996916
 20
28.80821994917643
 10
-90.87705060885605
 20
28.80821994917643
  0
LWPOLYLINE
  5
2CAB11
330
2D7C26
100
AcDbEntity
  8
0
 62
     8
100
AcDbPolyline
 90
       20
 70
     0
 43
0.0
 10
-90.69599031246912
 20
31.95841763361608
 10
-90.79180138597214
 20
32.00737097305542
 10
-90.74284804657828
 20
32.00737097305542
 10
-90.64695314886419
 20
32.05422870716015
 10
-90.55114207535824
 20
32.10326587076038
 10
-90.40838944353186
 20
32.15012360486509
 10
-90.31257837002796
 20
32.15012360486509
 10
-90.16990956241034
 20
32.19480190952291
 10
-90.037802605417
 20
32.19480190952291
 10
-89.89513379780168
 20
32.24593467840917
 10
-90.037802605417
 20
32.05422870716015
 10
-90.13369750313406
 20
32.00737097305542
 10
-90.16990956241034
 20
32.00737097305542
 10
-90.26572063591627
 20
32.00737097305542
 10
-90.31257837002796
 20
32.00737097305542
 10
-90.40838944353186
 20
31.95841763361608
 10
-90.45524717764328
 20
31.95841763361608
 10
-90.55114207535824
 20
31.95841763361608
 10
-90.60009541475189
 20
31.95841763361608
 10
-90.69599031246912
 20
31.95841763361608
  0
LWPOLYLINE
  5
2CAB12
330
2D7C26
100
AcDbEntity
  8
0
 62
     8
100
AcDbPolyline
 90
       15
 70
     0
 43
0.0
 10
-91.43934341819115
 20
32.10326587076038
 10
-91.43934341819115
 20
32.15012360486509
 10
-91.40313135891188
 20
32.19480190952291
 10
-91.35627362480247
 20
32.19480190952291
 10
-91.30723646119781
 20
32.24593467840917
 10
-91.26037872708549
 20
32.29069680722787
 10
-91.16456765357927
 20
32.34182957611411
 10
-91.16456765357927
 20
32.24593467840917
 10
-91.11343488469305
 20
32.19480190952291
 10
-91.16456765357927
 20
32.15012360486509
 10
-91.26037872708549
 20
32.10326587076038
 10
-91.30723646119781
 20
32.05422870716015
 10
-91.35627362480247
 20
32.05422870716015
 10
-91.40313135891188
 20
32.10326587076038
 10
-91.43934341819115
 20
32.10326587076038
  0
LWPOLYLINE
  5
2CAB13
330
2D7C26
100
AcDbEntity
  8
0
 62
     8
100
AcDbPolyline
 90
        3
 70
     0
 43
0.0
 10
-90.82591783996916
 20
32.34182957611411
 10
-90.79180138597214
 20
32.53345172310503
 10
-90.82591783996916
 20
32.34182957611411
  0
LWPOLYLINE
  5
2CAB14
330
2D7C26
100
AcDbEntity
  8
0
 62
     8
100
AcDbPolyline
 90
       20
 70
     0
 43
0.0
 10
-90.40838944353186
 20
32.56756817707472
 10
-90.40838944353186
 20
32.75927414832374
 10
-90.40838944353186
 20
32.81040691720998
 10
-90.35943610413802
 20
32.85508522184351
 10
-90.31257837002796
 20
32.90621799075402
 10
-90.21676729652268
 20
32.95098011954845
 10
-90.16990956241034
 20
32.95098011954845
 10
-90.08256473424717
 20
33.00211288843468
 10
-90.037802605417
 20
33.00211288843468
 10
-89.89513379780168
 20
33.0467911930196
 10
-89.74810613119826
 20
32.90621799075402
 10
-89.79923890008672
 20
32.75927414832374
 10
-89.89513379780168
 20
32.71241641419472
 10
-89.99094487130696
 20
32.66337925061878
 10
-90.08256473424717
 20
32.61652151648974
 10
-90.13369750313406
 20
32.61652151648974
 10
-90.21676729652268
 20
32.56756817707472
 10
-90.26572063591627
 20
32.56756817707472
 10
-90.35943610413802
 20
32.56756817707472
 10
-90.40838944353186
 20
32.56756817707472
  0
LWPOLYLINE
  5
2CAB15
330
2D7C26
100
AcDbEntity
  8
0
 62
     8
100
AcDbPolyline
 90
       16
 70
     0
 43
0.0
 10
-90.69599031246912
 20
32.85508522184351
 10
-90.74284804657828
 20
32.85508522184351
 10
-90.74284804657828
 20
32.90621799075402
 10
-90.74284804657828
 20
32.95098011954845
 10
-90.74284804657828
 20
33.00211288843468
 10
-90.74284804657828
 20
33.0467911930196
 10
-90.69599031246912
 20
33.09792396190585
 10
-90.69599031246912
 20
33.14268609072457
 10
-90.60009541475189
 20
33.1938188596108
 10
-90.60009541475189
 20
33.14268609072457
 10
-90.55114207535824
 20
33.09792396190585
 10
-90.55114207535824
 20
33.0467911930196
 10
-90.55114207535824
 20
33.00211288843468
 10
-90.60009541475189
 20
32.90621799075402
 10
-90.64695314886419
 20
32.85508522184351
 10
-90.69599031246912
 20
32.85508522184351
  0
LWPOLYLINE
  5
2CAB16
330
2D7C26
100
AcDbEntity
  8
0
 62
     8
100
AcDbPolyline
 90
        9
 70
     0
 43
0.0
 10
-88.71723598075233
 20
32.85508522184351
 10
-88.76836874963856
 20
32.85508522184351
 10
-88.81304705425533
 20
32.85508522184351
 10
-88.81304705425533
 20
32.90621799075402
 10
-88.86417982314467
 20
32.90621799075402
 10
-88.86417982314467
 20
33.00211288843468
 10
-88.89611684764391
 20
33.00211288843468
 10
-88.89611684764391
 20
33.09792396190585
 10
-88.71723598075233
 20
32.85508522184351
  0
LWPOLYLINE
  5
2CAB17
330
2D7C26
100
AcDbEntity
  8
0
 62
     8
100
AcDbPolyline
 90
        8
 70
     1
 43
0.0
 10
-88.99201174536097
 20
33.61126343189332
 10
-89.18581332186247
 20
33.80296940304513
 10
-89.18581332186247
 20
33.84982713717417
 10
-89.13895558775335
 20
33.84982713717417
 10
-89.04314451424715
 20
33.84982713717417
 10
-89.04314451424715
 20
33.75393223946921
 10
-88.99201174536097
 20
33.75393223946921
 10
-88.99201174536097
 20
33.65812116599804
  0
LWPOLYLINE
  5
2CAB18
330
2D7C26
100
AcDbEntity
  8
0
 62
     8
100
AcDbPolyline
 90
       49
 70
     0
 43
0.0
 10
-89.84400102891461
 20
34.07984077298917
 10
-90.037802605417
 20
34.17573567066984
 10
-90.13369750313406
 20
34.36735781768506
 10
-90.13369750313406
 20
34.59318024295234
 10
-90.08256473424717
 20
34.78488621412847
 10
-89.9398121024185
 20
35.02772495426372
 10
-89.79923890008672
 20
35.2066058211682
 10
-89.65229505769457
 20
35.44516952644904
 10
-89.55640015997731
 20
35.63687549769806
 10
-89.42647263247723
 20
35.91165126233179
 10
-89.37751929308571
 20
35.91165126233179
 10
-89.33066155897334
 20
35.95850899643651
 10
-89.28170821957976
 20
35.95850899643651
 10
-89.23485048546808
 20
35.95850899643651
 10
-89.13895558775335
 20
35.95850899643651
 10
-89.23485048546808
 20
35.86261409873156
 10
-89.23485048546808
 20
35.81575636462684
 10
-89.33066155897334
 20
35.73268657116921
 10
-89.33066155897334
 20
35.68373323182708
 10
-89.37751929308571
 20
35.58574272881183
 10
-89.42647263247723
 20
35.48993165526776
 10
-89.42647263247723
 20
35.39403675756279
 10
-89.33066155897334
 20
35.34927462874409
 10
-89.09000224835947
 20
35.2066058211682
 10
-89.13895558775335
 20
35.15547305228196
 10
-89.13895558775335
 20
35.11926099295337
 10
-89.18581332186247
 20
35.07240325889724
 10
-89.23485048546808
 20
35.07240325889724
 10
-89.33066155897334
 20
35.02772495426372
 10
-89.42647263247723
 20
35.02772495426372
 10
-89.42647263247723
 20
35.07240325889724
 10
-89.47333036658896
 20
35.15547305228196
 10
-89.55640015997731
 20
35.2066058211682
 10
-89.65229505769457
 20
35.15547305228196
 10
-89.70342782658077
 20
35.11926099295337
 10
-89.79923890008672
 20
35.07240325889724
 10
-89.79923890008672
 20
35.02772495426372
 10
-89.89513379780168
 20
34.93183005655878
 10
-89.89513379780168
 20
34.83383955354348
 10
-89.89513379780168
 20
34.73802847999944
 10
-89.89513379780168
 20
34.68899131642351
 10
-89.89513379780168
 20
34.59318024295234
 10
-89.89513379780168
 20
34.54632250884762
 10
-89.84400102891461
 20
34.54632250884762
 10
-89.84400102891461
 20
34.51011044949473
 10
-89.79923890008672
 20
34.46325271539001
 10
-89.74810613119826
 20
34.41211994657667
 10
-89.70342782658077
 20
34.41211994657667
 10
-89.84400102891461
 20
34.07984077298917
  0
LWPOLYLINE
  5
2CAB19
330
2D7C26
100
AcDbEntity
  8
0
 62
     8
100
AcDbPolyline
 90
       16
 70
     1
 43
0.0
 10
-95.77598898928773
 20
30.97650082255706
 10
-95.86512425927029
 20
30.6845563534977
 10
-96.17509570596849
 20
30.6845563534977
 10
-96.26626444751993
 20
30.77565967040354
 10
-96.40605601243784
 20
30.59952615073231
 10
-96.41821361375718
 20
29.15400169824049
 10
-96.11431907224094
 20
28.99001440697161
 10
-95.98668131768681
 20
28.98394129280689
 10
-95.90767017745495
 20
29.03860372315694
 10
-95.90767017745495
 20
28.91713043270576
 10
-96.24195303583661
 20
28.64989139482858
 10
-96.3939022020741
 20
28.64989139482858
 10
-96.9044456383763
 20
28.92927666118101
 10
-96.9044456383763
 20
30.83639741629133
 10
-96.33919868256977
 20
31.11578488377377
 10
-96.02922723587155
 20
31.11578488377377
  0
LWPOLYLINE
  5
2CAB1A
330
2D7C26
100
AcDbEntity
  8
0
 62
     8
100
AcDbPolyline
 90
       17
 70
     1
 43
0.0
 10
-93.62371673252846
 20
31.03394854119136
 10
-94.07430617292222
 20
31.15674923886022
 10
-94.07430617292222
 20
28.94239582054085
 10
-93.80888985198387
 20
28.70800750999388
 10
-93.64840723998213
 20
28.70800750999388
 10
-93.15460846381053
 20
29.01641341345515
 10
-92.91388265032583
 20
28.71417527590805
 10
-92.71636238166548
 20
28.71417527590805
 10
-92.50790520005919
 20
28.88071375938201
 10
-92.71776882696872
 20
31.09506937887998
 10
-92.92622600857205
 20
31.1629192059773
 10
-93.16078014293223
 20
30.99021075538626
 42
-0.1028323751625086
 10
-93.10522744890585
 20
29.28164275460586
 10
-93.27805721011264
 20
29.12127203697318
 10
-93.48174915789767
 20
29.13977533461853
 10
-93.62371673252846
 20
29.22612845933691
 10
-93.62371673252846
 20
31.03394854119136
  0
LWPOLYLINE
  5
2CAB1B
330
2D7C26
100
AcDbEntity
  8
0
 62
     8
100
AcDbPolyline
 90
       16
 70
     1
 43
0.0
 10
-94.37166283066336
 20
30.97650082255706
 10
-94.46079810064588
 20
30.6845563534977
 10
-94.77076954734185
 20
30.6845563534977
 10
-94.86193828889303
 20
30.77565967040354
 10
-95.00172985381027
 20
30.59952615073231
 10
-95.01388745513054
 20
29.15400169824049
 10
-94.70999291361433
 20
28.99001440697161
 10
-94.58235515905949
 20
28.98394129280689
 10
-94.50334401882832
 20
29.03860372315694
 10
-94.50334401882832
 20
28.91713043270576
 10
-94.83762687720993
 20
28.64989139482858
 10
-94.98957604344742
 20
28.64989139482858
 10
-95.50011947974963
 20
28.92927666118101
 10
-95.50011947974963
 20
30.83639741629133
 10
-94.93487252394244
 20
31.11578488377377
 10
-94.62490107724422
 20
31.11578488377377
  0
LWPOLYLINE
  5
2CAB1C
330
2D7C26
100
AcDbEntity
  8
0
 62
     8
100
AcDbPolyline
 90
        2
 70
     0
 43
0.0
 10
-97.18761122322916
 20
32.0310415630298
 10
-94.69071692571381
 20
32.0310415630298
  0
LWPOLYLINE
  5
2CAB1D
330
2D7C26
100
AcDbEntity
  8
0
 62
     8
100
AcDbPolyline
 90
        2
 70
     0
 43
0.0
 10
-92.19382262820159
 20
32.0310415630298
 10
-94.69071692571381
 20
32.0310415630298
  0
LWPOLYLINE
  5
2CAB1E
330
2D7C26
100
AcDbEntity
  8
0
 62
     8
100
AcDbPolyline
 90
       34
 70
     0
 43
0.0
 10
-86.79171002320414
 20
30.73793711727621
 10
-86.83856775731555
 20
30.73793711727621
 10
-86.88760492092047
 20
30.73793711727621
 10
-86.93446265503281
 20
30.78479485138094
 10
-86.93446265503281
 20
30.88060592485209
 10
-86.97067471430887
 20
30.92536805374371
 10
-86.97067471430887
 20
30.97650082255706
 10
-87.01753244842118
 20
31.02117912721488
 10
-87.01753244842118
 20
31.11707402489553
 10
-87.0686652173074
 20
31.21506452791078
 10
-87.0686652173074
 20
31.34708766071053
 10
-87.0686652173074
 20
31.48984029254453
 10
-87.01753244842118
 20
31.63678413490192
 10
-87.01753244842118
 20
31.7773573372404
 10
-86.93446265503281
 20
31.92430117967069
 10
-86.88760492092047
 20
32.05422870716015
 10
-86.74275668381026
 20
32.19480190952291
 10
-86.54895510730783
 20
32.29069680722787
 10
-86.64686178609555
 20
32.15012360486509
 10
-86.74275668381026
 20
32.05422870716015
 10
-86.83856775731555
 20
31.92430117967069
 10
-86.88760492092047
 20
31.82849010612665
 10
-86.97067471430887
 20
31.68146243953545
 10
-87.01753244842118
 20
31.53879363195955
 10
-87.01753244842118
 20
31.39394539483956
 10
-86.97067471430887
 20
31.26401786732583
 10
-86.97067471430887
 20
31.16820679380607
 10
-86.97067471430887
 20
31.11707402489553
 10
-86.93446265503281
 20
31.02117912721488
 10
-86.88760492092047
 20
30.97650082255706
 10
-86.88760492092047
 20
30.88060592485209
 10
-86.79171002320414
 20
30.82947315596586
 10
-86.79171002320414
 20
30.73793711727621
 10
-86.79171002320414
 20
30.73793711727621
  0
TEXT
  5
2CAB1F
330
2D7C26
100
AcDbEntity
  8
0
 62
     2
100
AcDbText
 10
-79.78956916259448
 20
22.0031117326667
 30
0.0
 40
2.178784266335549
  1
CALCHINES  1401   -   SANTA  FE   -   ARGENTINA 
 41
0.8
  7
TEXTO-ROTULO
100
AcDbText
  0
TEXT
  5
2CAB20
330
2D7C26
100
AcDbEntity
  8
0
 62
     1
100
AcDbText
 10
-79.5653543527619
 20
26.75023305491871
 30
0.0
 40
2.649066496556366
  1
Filial  de CIA. CERVECERIAS UNIDAS  S.A.
 41
0.85
 51
10.0
  7
TIMES
100
AcDbText
  0
TEXT
  5
2CAB21
330
2D7C26
100
AcDbEntity
  8
0
 62
     1
100
AcDbText
 10
-80.51722189697533
 20
31.5024918912562
 30
0.0
 40
4.751999999999998
  1
Cía. Industrial Cervecera S.A.
 41
0.85
 51
10.0
  7
TIMESBD
100
AcDbText
  0
LWPOLYLINE
  5
2CAB22
330
2D7C26
100
AcDbEntity
  8
0
 62
     8
100
AcDbPolyline
 90
       10
 70
     0
 43
0.0
 10
-83.15801428798636
 20
23.7261256670443
 10
-84.3827698391458
 20
24.24374017181327
 10
-82.88323852337544
 20
23.87306950940169
 10
-82.93219186276903
 20
23.82202056474924
 10
-82.93219186276903
 20
23.77725843593052
 10
-82.97904959688072
 20
23.7261256670443
 10
-83.03018236576781
 20
23.7261256670443
 10
-83.06211939026935
 20
23.7261256670443
 10
-83.11325215915621
 20
23.7261256670443
 10
-83.15801428798636
 20
23.7261256670443
  0
LWPOLYLINE
  5
2CAB23
330
2D7C26
100
AcDbEntity
  8
0
 62
     8
100
AcDbPolyline
 90
       18
 70
     0
 43
0.0
 10
-83.49666410159647
 20
24.24374017181327
 10
-83.59247517510265
 20
24.24374017181327
 10
-83.63933290921499
 20
24.33955124526014
 10
-83.7224027026034
 20
24.38640897938916
 10
-83.77353547148983
 20
24.48230387709413
 10
-83.86943036920454
 20
24.53125721650915
 10
-83.96524144270982
 20
24.57811495061387
 10
-84.06113634042709
 20
24.6249726847429
 10
-84.10581464504389
 20
24.72086758244785
 10
-84.06113634042709
 20
24.67400984831883
 10
-83.96524144270982
 20
24.67400984831883
 10
-83.86943036920454
 20
24.6249726847429
 10
-83.77353547148983
 20
24.57811495061387
 10
-83.7224027026034
 20
24.48230387709413
 10
-83.63933290921499
 20
24.38640897938916
 10
-83.59247517510265
 20
24.2905979058451
 10
-83.44771076220515
 20
24.24374017181327
 10
-83.49666410159647
 20
24.24374017181327
  0
LWPOLYLINE
  5
2CAB24
330
2D7C26
100
AcDbEntity
  8
0
 62
     8
100
AcDbPolyline
 90
        7
 70
     0
 43
0.0
 10
-84.34437835037625
 20
25.65592665940215
 10
-84.29970004575716
 20
25.7048799987443
 10
-84.20170954276091
 20
25.75173773284902
 10
-84.15267237915625
 20
25.75173773284902
 10
-84.20170954276091
 20
25.7048799987443
 10
-84.24856727687027
 20
25.65592665940215
 10
-84.34437835037625
 20
25.65592665940215
  0
LWPOLYLINE
  5
2CAB25
330
2D7C26
100
AcDbEntity
  8
0
 62
     8
100
AcDbPolyline
 90
       66
 70
     0
 43
0.0
 10
-85.80551817737502
 20
31.86252273593543
 10
-85.61389603036579
 20
32.48449838369
 10
-85.89076740025824
 20
32.56756817707472
 10
-85.74801476842957
 20
32.56756817707472
 10
-85.61389603036579
 20
32.61652151648974
 10
-85.47323900382094
 20
32.66337925061878
 10
-85.33057019620537
 20
32.81040691720998
 10
-85.2347591226994
 20
32.90621799075402
 10
-85.08773145609826
 20
33.00211288843468
 10
-84.99192038259229
 20
33.14268609072457
 10
-84.90885058920367
 20
33.32374638710025
 10
-84.90885058920367
 20
33.22785148939529
 10
-84.90885058920367
 20
33.1938188596108
 10
-84.95780392859751
 20
33.09792396190585
 10
-84.95780392859751
 20
33.0467911930196
 10
-84.99192038259229
 20
32.95098011954845
 10
-85.04305315147917
 20
32.90621799075402
 10
-85.04305315147917
 20
32.85508522184351
 10
-84.95780392859751
 20
32.81040691720998
 10
-84.81295569148731
 20
32.61652151648974
 10
-84.670286883872
 20
32.48449838369
 10
-84.62124972026641
 20
32.24593467840917
 10
-84.52334304147894
 20
32.05422870716015
 10
-84.47858091265107
 20
31.7773573372404
 10
-84.42744814376487
 20
31.53879363195955
 10
-84.34437835037625
 20
31.29813432129552
 10
-84.20170954276091
 20
31.16820679380607
 10
-84.34437835037625
 20
31.11707402489553
 10
-84.3827698391458
 20
31.11707402489553
 10
-84.47858091265107
 20
31.07231189610109
 10
-84.52334304147894
 20
31.07231189610109
 10
-84.62124972026641
 20
30.97650082255706
 10
-84.62124972026641
 20
30.92536805374371
 10
-84.71714461798342
 20
30.82947315596586
 10
-84.71714461798342
 20
30.78479485138094
 10
-84.86199285509222
 20
30.78479485138094
 10
-84.90885058920367
 20
30.88060592485209
 10
-84.99192038259229
 20
30.97650082255706
 10
-84.99192038259229
 20
31.11707402489553
 10
-85.04305315147917
 20
31.21506452791078
 10
-85.04305315147917
 20
31.34708766071053
 10
-85.04305315147917
 20
31.44298255841551
 10
-85.04305315147917
 20
31.58565136606429
 10
-85.04305315147917
 20
31.63678413490192
 10
-84.95780392859751
 20
31.73259520842169
 10
-84.95780392859751
 20
31.82849010612665
 10
-84.86199285509222
 20
31.95841763361608
 10
-84.81295569148731
 20
32.05422870716015
 10
-84.76609795737726
 20
32.15012360486509
 10
-84.76609795737726
 20
32.29069680722787
 10
-84.71714461798342
 20
32.43764064958527
 10
-84.81295569148731
 20
32.43764064958527
 10
-84.86199285509222
 20
32.53345172310503
 10
-84.95780392859751
 20
32.53345172310503
 10
-84.99192038259229
 20
32.61652151648974
 10
-85.08773145609826
 20
32.61652151648974
 10
-85.18362635381322
 20
32.61652151648974
 10
-85.27943742731848
 20
32.61652151648974
 10
-85.33057019620537
 20
32.61652151648974
 10
-85.42638126970834
 20
32.48449838369
 10
-85.52227616742561
 20
32.38868731021884
 10
-85.61389603036579
 20
32.24593467840917
 10
-85.65220369492569
 20
32.15012360486509
 10
-85.74801476842957
 20
32.00737097305542
 10
-85.79705193203428
 20
31.87316841078446
 10
-85.80551817737502
 20
31.86252273593543
  0
LINE
  5
2CAB26
330
2D7C26
100
AcDbEntity
  8
0
 62
     3
100
AcDbLine
 10
0.0
 20
20.0
 30
0.0
 11
-110.0
 21
20.00000000000003
 31
0.0
  0
LINE
  5
2CAB27
330
2D7C26
100
AcDbEntity
  8
0
 62
     6
100
AcDbLine
 10
0.0
 20
0.0
 30
0.0
 11
0.0
 21
40.00000000000009
 31
0.0
  0
LINE
  5
2CAB28
330
2D7C26
100
AcDbEntity
  8
0
 62
     2
100
AcDbLine
 10
-12.13445079394273
 20
0.0
 30
0.0
 11
-12.13445079394273
 21
20.00000000000003
 31
0.0
  0
TEXT
  5
2CAB29
330
2D7C26
100
AcDbEntity
  8
0
 62
     1
100
AcDbText
 10
-10.62082614222572
 20
16.5000000000002
 30
0.0
 40
2.0
  1
REVISION
 41
0.7
  7
TEXTO-ROTULO
100
AcDbText
  0
LINE
  5
2CAB2A
330
2D7C26
100
AcDbEntity
  8
0
 62
     1
100
AcDbLine
 10
0.0
 20
15.20000000000003
 30
0.0
 11
-12.13445079394273
 21
15.20000000000003
 31
0.0
  0
LINE
  5
2CAB2B
330
2D7C26
100
AcDbEntity
  8
0
 62
     2
100
AcDbLine
 10
-175.0
 20
10.00000000000006
 30
0.0
 11
-110.0
 21
10.00000000000003
 31
0.0
  0
LINE
  5
2CAB2C
330
2D7C26
100
AcDbEntity
  8
0
 62
     5
100
AcDbLine
 10
-110.0
 20
0.0
 30
0.0
 11
-110.0
 21
40.00000000000009
 31
0.0
  0
TEXT
  5
2CAB2D
330
2D7C26
100
AcDbEntity
  8
0
 62
     1
100
AcDbText
 10
-135.847619047619
 20
36.50000000000031
 30
0.0
 40
2.0
  1
FECHA
 41
0.8
  7
TEXTO-ROTULO
 72
     1
 11
-132.0
 21
36.50000000000031
 31
0.0
100
AcDbText
  0
LINE
  5
2CAB2E
330
2D7C26
100
AcDbEntity
  8
0
 62
     2
100
AcDbLine
 10
-163.0
 20
0.0
 30
0.0
 11
-163.0
 21
10.00000000000006
 31
0.0
  0
LINE
  5
2CAB2F
330
2D7C26
100
AcDbEntity
  8
0
 62
     1
100
AcDbLine
 10
-138.0
 20
20.00000000000005
 30
0.0
 11
-138.0
 21
40.00000000000009
 31
0.0
  0
TEXT
  5
2CAB30
330
2D7C26
100
AcDbEntity
  8
0
 62
     1
100
AcDbText
 10
-162.3030701531158
 20
36.50000000000029
 30
0.0
 40
2.0
  1
INTERVINO
 41
0.8
  7
TEXTO-ROTULO
100
AcDbText
  0
LINE
  5
2CAB31
330
2D7C26
100
AcDbEntity
  8
0
 62
     1
100
AcDbLine
 10
-126.0
 20
20.00000000000005
 30
0.0
 11
-126.0
 21
40.00000000000009
 31
0.0
  0
TEXT
  5
2CAB32
330
2D7C26
100
AcDbEntity
  8
0
 62
     1
100
AcDbText
 10
-121.5047619047619
 20
36.50000000000031
 30
0.0
 40
2.0
  1
FIRMA
 41
0.8
  7
TEXTO-ROTULO
 72
     1
 11
-118.0
 21
36.50000000000031
 31
0.0
100
AcDbText
  0
LWPOLYLINE
  5
2CAB33
330
2D7C26
100
AcDbEntity
  8
0
 62
     8
100
AcDbPolyline
 90
        7
 70
     0
 43
0.0
 10
-97.18761122322916
 20
32.0310415630298
 42
-0.0175866873278781
 10
-97.15943113922048
 20
30.94355477047388
 42
-0.0306811945415815
 10
-97.23669358174745
 20
29.85109256978919
 42
0.1017381170041379
 10
-97.14453078000952
 20
28.55208101773289
 42
0.123089021834726
 10
-96.92714382512193
 20
28.17113056384709
 42
0.0741552009455708
 10
-95.70023689797677
 20
27.22038243024231
 42
-0.0013164042831328
 10
-94.69071692571381
 20
26.65058475054765
 42
1.138601092842149
  0
LWPOLYLINE
  5
2CAB34
330
2D7C26
100
AcDbEntity
  8
0
 62
     8
100
AcDbPolyline
 90
        7
 70
     0
 43
0.0
 10
-92.1938226281984
 20
32.0310415630298
 42
0.0175866873278781
 10
-92.22200271220708
 20
30.94355477047388
 42
0.0306811945415815
 10
-92.14474026968014
 20
29.85109256978919
 42
-0.1017381170041379
 10
-92.23690307141804
 20
28.55208101773289
 42
-0.123089021834726
 10
-92.4542900263057
 20
28.17113056384709
 42
-0.0741552009455708
 10
-93.68119695345081
 20
27.22038243024231
 42
0.0013164042831328
 10
-94.69071692571381
 20
26.65058475054765
 42
-1.138601092842149
  0
ATTDEF
  5
2CAB35
330
2D7C26
100
AcDbEntity
  8
0
 62
     2
100
AcDbText
 10
-169.5714285714286
 20
1.257891090061699
 30
0.0
 40
3.0
  1
.
 41
0.8
  7
TEXTO-ROTULO
 72
     1
 11
-169.0
 21
1.257891090061699
 31
0.0
100
AcDbAttributeDefinition
280
     0
  3
escala:
  2
ESC
 70
     0
280
     0
  0
TEXT
  5
2CAB36
330
2D7C26
100
AcDbEntity
  8
0
 62
     1
100
AcDbText
 10
-161.5792105409282
 20
7.13918293338127
 30
0.0
 40
2.0
  1
SECCION:
 41
0.7
  7
TEXTO-ROTULO
100
AcDbText
  0
TEXT
  5
2CAB37
330
2D7C26
100
AcDbEntity
  8
0
 62
     1
100
AcDbText
 10
-172.7905468275974
 20
7.139182933381285
 30
0.0
 40
2.0
  1
ESCALA
 41
0.7
  7
TEXTO-ROTULO
100
AcDbText
  0
LINE
  5
2CAB38
330
2D7C26
100
AcDbEntity
  8
0
 62
     2
100
AcDbLine
 10
-175.0
 20
20.00000000000005
 30
0.0
 11
-110.0
 21
20.00000000000005
 31
0.0
  0
LINE
  5
2CAB39
330
2D7C26
100
AcDbEntity
  8
0
 62
     2
100
AcDbLine
 10
-163.0
 20
20.00000000000005
 30
0.0
 11
-163.0
 21
40.00000000000009
 31
0.0
  0
ATTDEF
  5
2CAB3A
330
2D7C26
100
AcDbEntity
  8
0
 62
     4
100
AcDbText
 10
-173.5060005247724
 20
11.25789109006167
 30
0.0
 40
4.0
  1
.
 41
0.8
  7
TEXTO-ROTULO
100
AcDbAttributeDefinition
280
     0
  3
NUMERO DE PLANO:
  2
N_PLANO
 70
     0
280
     0
  0
TEXT
  5
2CAB3B
330
2D7C26
100
AcDbEntity
  8
0
 62
     1
100
AcDbText
 10
-173.5792105409282
 20
17.13918293338126
 30
0.0
 40
2.0
  1
PLANO Nº:
 41
0.7
  7
TEXTO-ROTULO
100
AcDbText
  0
ATTDEF
  5
2CAB3C
330
2D7C26
100
AcDbEntity
  8
0
 62
     4
100
AcDbText
 10
-161.5060005247724
 20
1.257891090061608
 30
0.0
 40
4.0
  1
.
 41
0.8
  7
TEXTO-ROTULO
100
AcDbAttributeDefinition
280
     0
  3
Seccion
  2
SECCION
 70
     0
280
     0
  0
ENDBLK
  5
2CAB3D
330
2D7C26
100
AcDbEntity
  8
0
100
AcDbBlockEnd
  0
BLOCK
  5
2D7C29
330
2D7C28
100
AcDbEntity
  8
0
 62
     6
100
AcDbBlockBegin
  2
_OBLIQUE
 70
     0
 10
0.0
 20
0.0
 30
0.0
  3
_OBLIQUE
  1

  0
LINE
  5
2CAECE
330
2D7C28
100
AcDbEntity
  8
0
  6
ByBlock
 62
     0
100
AcDbLine
 10
-0.5
 20
-0.5
 30
0.0
 11
0.5
 21
0.5
 31
0.0
  0
ENDBLK
  5
2CAECF
330
2D7C28
100
AcDbEntity
  8
0
 62
     6
100
AcDbBlockEnd
  0
BLOCK
  5
2D7C2B
330
2D7C2A
100
AcDbEntity
  8
0
 62
     1
100
AcDbBlockBegin
  2
E-RAYO
 70
     0
 10
0.0
 20
0.0
 30
0.0
  3
E-RAYO
  1

  0
LWPOLYLINE
  5
2CAED2
330
2D7C2A
100
AcDbEntity
  8
0
100
AcDbPolyline
 90
        4
 70
     1
 43
0.0
 10
0.0
 20
0.0
 10
41.78681651218176
 20
0.0
 10
41.78681651218176
 20
85.15064384875584
 10
0.0
 20
85.15064384875584
  0
INSERT
  5
2CAED3
330
2D7C2A
100
AcDbEntity
  8
0
  6
Continuous
100
AcDbBlockReference
  2
*U7
 10
0.0
 20
0.0
 30
0.0
1001
ACAD
1002
{
1000
R14_HATCH_DATA
1000
2CAED3
1011
1.0
1021
0.0
1031
0.0
1011
0.0
1021
1.0
1031
0.0
1011
0.0
1021
0.0
1031
1.0
1040
0.0
1010
0.0
1020
0.0
1030
1.0
1000
SOLID
1070
     1
1070
     1
1071
        1
1071
        7
1070
     0
1070
     1
1071
       11
1040
11.3193331102093
1040
42.43893828127875
1040
23.34726894098913
1040
43.13822758743845
1040
15.28557138839642
1040
17.49738702524337
1040
13.20900813044955
1040
24.86119284048618
1040
12.37024028982705
1040
8.75310179673761
1040
22.41610886814214
1040
21.3727156209152
1040
15.9812775505934
1040
17.23379100652891
1040
29.58024158221269
1040
47.70769715919596
1040
17.49486433315087
1040
47.00506828005383
1040
30.76059965403328
1040
76.49468553518092
1040
22.90552573740933
1040
79.47089348563896
1071
       11
1005
2CAEDE
1005
2CAEDD
1005
2CAED7
1005
2CAED4
1005
2CAED5
1005
2CAED8
1005
2CAED9
1005
2CAED6
1005
2CAEDA
1005
2CAEDC
1005
2CAEDB
1070
     0
1070
     1
1040
0.4132331494815685
1071
        1
1040
18.1365568452029
1040
59.93402176404195
1040
0.0
1002
}
  0
LINE
  5
2CAED4
330
2D7C2A
100
AcDbEntity
  8
0
100
AcDbLine
 10
23.34726894098912
 20
43.13822758743845
 30
0.0
 11
15.28557138839642
 21
17.49738702524337
 31
0.0
  0
LINE
  5
2CAED5
330
2D7C2A
100
AcDbEntity
  8
0
100
AcDbLine
 10
13.20900813044955
 20
24.86119284048618
 30
0.0
 11
15.28557138839642
 21
17.49738702524337
 31
0.0
  0
LINE
  5
2CAED6
330
2D7C2A
100
AcDbEntity
  8
0
100
AcDbLine
 10
15.9812775505934
 20
17.23379100652891
 30
0.0
 11
22.41610886814215
 21
21.3727156209152
 31
0.0
  0
LINE
  5
2CAED7
330
2D7C2A
100
AcDbEntity
  8
0
100
AcDbLine
 10
11.3193331102093
 20
42.43893828127875
 30
0.0
 11
23.34726894098912
 21
43.13822758743845
 31
0.0
  0
LINE
  5
2CAED8
330
2D7C2A
100
AcDbEntity
  8
0
100
AcDbLine
 10
12.37024028982705
 20
8.75310179673761
 30
0.0
 11
13.20900813044955
 21
24.86119284048618
 31
0.0
  0
LINE
  5
2CAED9
330
2D7C2A
100
AcDbEntity
  8
0
100
AcDbLine
 10
12.37024028982705
 20
8.75310179673761
 30
0.0
 11
22.41610886814215
 21
21.3727156209152
 31
0.0
  0
LINE
  5
2CAEDA
330
2D7C2A
100
AcDbEntity
  8
0
100
AcDbLine
 10
29.58024158221269
 20
47.70769715919596
 30
0.0
 11
15.9812775505934
 21
17.23379100652891
 31
0.0
  0
LINE
  5
2CAEDB
330
2D7C2A
100
AcDbEntity
  8
0
100
AcDbLine
 10
30.76059965403329
 20
76.49468553518094
 30
0.0
 11
17.49486433315087
 21
47.00506828005381
 31
0.0
  0
LINE
  5
2CAEDC
330
2D7C2A
100
AcDbEntity
  8
0
100
AcDbLine
 10
17.49486433315087
 20
47.00506828005381
 30
0.0
 11
29.58024158221269
 21
47.70769715919596
 31
0.0
  0
LINE
  5
2CAEDD
330
2D7C2A
100
AcDbEntity
  8
0
100
AcDbLine
 10
22.90552573740933
 20
79.47089348563896
 30
0.0
 11
11.3193331102093
 21
42.43893828127875
 31
0.0
  0
LINE
  5
2CAEDE
330
2D7C2A
100
AcDbEntity
  8
0
100
AcDbLine
 10
22.90552573740933
 20
79.47089348563896
 30
0.0
 11
30.76059965403329
 21
76.49468553518094
 31
0.0
  0
ENDBLK
  5
2CAEDF
330
2D7C2A
100
AcDbEntity
  8
0
 62
     1
100
AcDbBlockEnd
  0
BLOCK
  5
2D7C2D
330
2D7C2C
100
AcDbEntity
  8
0
 62
     0
100
AcDbBlockBegin
  2
*U7
 70
     1
 10
0.0
 20
0.0
 30
0.0
  3
*U7
  1

  0
SOLID
  5
2D3CA8
330
2D7C2C
100
AcDbEntity
  8
0
  6
Continuous
100
AcDbTrace
 10
-22.90552573740933
 20
79.47089348563896
 30
0.0
 11
-30.76059965403328
 21
76.49468553518092
 31
0.0
 12
-21.9743591699862
 22
76.49468553518092
 32
0.0
 13
-21.9743591699862
 23
76.49468553518092
 33
0.0
210
0.0
220
0.0
230
-1.0
  0
SOLID
  5
2D3CA9
330
2D7C2C
100
AcDbEntity
  8
0
  6
Continuous
100
AcDbTrace
 10
-29.58024158221269
 20
47.70769715919596
 30
0.0
 11
-29.26669382738394
 21
47.00506828005383
 31
0.0
 12
-17.49486433315087
 22
47.00506828005383
 32
0.0
 13
-17.49486433315087
 23
47.00506828005383
 33
0.0
210
0.0
220
0.0
230
-1.0
  0
SOLID
  5
2D3CAA
330
2D7C2C
100
AcDbEntity
  8
0
  6
Continuous
100
AcDbTrace
 10
-21.9743591699862
 20
76.49468553518092
 30
0.0
 11
-17.49486433315087
 21
47.00506828005383
 31
0.0
 12
-12.7479387950751
 22
47.00506828005383
 32
0.0
 13
-12.7479387950751
 23
47.00506828005383
 33
0.0
210
0.0
220
0.0
230
-1.0
  0
SOLID
  5
2D3CAB
330
2D7C2C
100
AcDbEntity
  8
0
  6
Continuous
100
AcDbTrace
 10
-21.9743591699862
 20
76.49468553518092
 30
0.0
 11
-30.76059965403328
 21
76.49468553518092
 31
0.0
 12
-17.49486433315087
 22
47.00506828005383
 32
0.0
 13
-17.49486433315087
 23
47.00506828005383
 33
0.0
210
0.0
220
0.0
230
-1.0
  0
SOLID
  5
2D3CAC
330
2D7C2C
100
AcDbEntity
  8
0
  6
Continuous
100
AcDbTrace
 10
-11.53811984611336
 20
43.13822758743845
 30
0.0
 11
-23.34726894098913
 21
43.13822758743845
 31
0.0
 12
-11.3193331102093
 22
42.43893828127875
 32
0.0
 13
-11.3193331102093
 23
42.43893828127875
 33
0.0
210
0.0
220
0.0
230
-1.0
  0
SOLID
  5
2D3CAD
330
2D7C2C
100
AcDbEntity
  8
0
  6
Continuous
100
AcDbTrace
 10
-12.7479387950751
 20
47.00506828005383
 30
0.0
 11
-27.54111827328728
 21
43.13822758743845
 31
0.0
 12
-11.53811984611336
 22
43.13822758743845
 32
0.0
 13
-11.53811984611336
 23
43.13822758743845
 33
0.0
210
0.0
220
0.0
230
-1.0
  0
SOLID
  5
2D3CAE
330
2D7C2C
100
AcDbEntity
  8
0
  6
Continuous
100
AcDbTrace
 10
-12.7479387950751
 20
47.00506828005383
 30
0.0
 11
-29.26669382738394
 21
47.00506828005383
 31
0.0
 12
-27.54111827328728
 22
43.13822758743845
 32
0.0
 13
-27.54111827328728
 23
43.13822758743845
 33
0.0
210
0.0
220
0.0
230
-1.0
  0
SOLID
  5
2D3CAF
330
2D7C2C
100
AcDbEntity
  8
0
  6
Continuous
100
AcDbTrace
 10
-23.34726894098913
 20
43.13822758743845
 30
0.0
 11
-27.22906080108398
 21
42.43893828127875
 31
0.0
 12
-23.12740645737251
 22
42.43893828127875
 32
0.0
 13
-23.12740645737251
 23
42.43893828127875
 33
0.0
210
0.0
220
0.0
230
-1.0
  0
SOLID
  5
2D3CB0
330
2D7C2C
100
AcDbEntity
  8
0
  6
Continuous
100
AcDbTrace
 10
-23.34726894098913
 20
43.13822758743845
 30
0.0
 11
-27.54111827328728
 21
43.13822758743845
 31
0.0
 12
-27.22906080108398
 22
42.43893828127875
 32
0.0
 13
-27.22906080108398
 23
42.43893828127875
 33
0.0
210
0.0
220
0.0
230
-1.0
  0
SOLID
  5
2D3CB1
330
2D7C2C
100
AcDbEntity
  8
0
  6
Continuous
100
AcDbTrace
 10
-13.20900813044955
 20
24.86119284048618
 30
0.0
 11
-14.19274450293114
 21
21.3727156209152
 31
0.0
 12
-13.02735888991735
 22
21.3727156209152
 32
0.0
 13
-13.02735888991735
 23
21.3727156209152
 33
0.0
210
0.0
220
0.0
230
-1.0
  0
SOLID
  5
2D3CB2
330
2D7C2C
100
AcDbEntity
  8
0
  6
Continuous
100
AcDbTrace
 10
-22.41610886814214
 20
21.3727156209152
 30
0.0
 11
-19.33114586433623
 21
17.49738702524337
 31
0.0
 12
-16.39109316079061
 22
17.49738702524337
 32
0.0
 13
-16.39109316079061
 23
17.49738702524337
 33
0.0
210
0.0
220
0.0
230
-1.0
  0
SOLID
  5
2D3CB3
330
2D7C2C
100
AcDbEntity
  8
0
  6
Continuous
100
AcDbTrace
 10
-23.12740645737251
 20
42.43893828127875
 30
0.0
 11
-16.09890713045158
 21
17.49738702524337
 31
0.0
 12
-15.28557138839642
 22
17.49738702524337
 32
0.0
 13
-15.28557138839642
 23
17.49738702524337
 33
0.0
210
0.0
220
0.0
230
-1.0
  0
SOLID
  5
2D3CB4
330
2D7C2C
100
AcDbEntity
  8
0
  6
Continuous
100
AcDbTrace
 10
-23.12740645737251
 20
42.43893828127875
 30
0.0
 11
-27.22906080108398
 21
42.43893828127875
 31
0.0
 12
-16.09890713045158
 22
17.49738702524337
 32
0.0
 13
-16.09890713045158
 23
17.49738702524337
 33
0.0
210
0.0
220
0.0
230
-1.0
  0
SOLID
  5
2D3CB5
330
2D7C2C
100
AcDbEntity
  8
0
  6
Continuous
100
AcDbTrace
 10
-13.02735888991735
 20
21.3727156209152
 30
0.0
 11
-15.28557138839642
 21
17.49738702524337
 31
0.0
 12
-12.82556582896022
 22
17.49738702524337
 32
0.0
 13
-12.82556582896022
 23
17.49738702524337
 33
0.0
210
0.0
220
0.0
230
-1.0
  0
SOLID
  5
2D3CB6
330
2D7C2C
100
AcDbEntity
  8
0
  6
Continuous
100
AcDbTrace
 10
-13.02735888991735
 20
21.3727156209152
 30
0.0
 11
-14.19274450293114
 21
21.3727156209152
 31
0.0
 12
-15.28557138839642
 22
17.49738702524337
 32
0.0
 13
-15.28557138839642
 23
17.49738702524337
 33
0.0
210
0.0
220
0.0
230
-1.0
  0
SOLID
  5
2D3CB7
330
2D7C2C
100
AcDbEntity
  8
0
  6
Continuous
100
AcDbTrace
 10
-12.81184006450971
 20
17.23379100652891
 30
0.0
 11
-19.12130973157761
 21
17.23379100652891
 31
0.0
 12
-12.37024028982705
 22
8.75310179673761
 32
0.0
 13
-12.37024028982705
 23
8.75310179673761
 33
0.0
210
0.0
220
0.0
230
-1.0
  0
SOLID
  5
2D3CB8
330
2D7C2C
100
AcDbEntity
  8
0
  6
Continuous
100
AcDbTrace
 10
-16.39109316079061
 20
17.49738702524337
 30
0.0
 11
-19.12130973157761
 21
17.23379100652891
 31
0.0
 12
-15.9812775505934
 22
17.23379100652891
 32
0.0
 13
-15.9812775505934
 23
17.23379100652891
 33
0.0
210
0.0
220
0.0
230
-1.0
  0
SOLID
  5
2D3CB9
330
2D7C2C
100
AcDbEntity
  8
0
  6
Continuous
100
AcDbTrace
 10
-16.39109316079061
 20
17.49738702524337
 30
0.0
 11
-19.33114586433623
 21
17.49738702524337
 31
0.0
 12
-19.12130973157761
 22
17.23379100652891
 32
0.0
 13
-19.12130973157761
 23
17.23379100652891
 33
0.0
210
0.0
220
0.0
230
-1.0
  0
SOLID
  5
2D3CBA
330
2D7C2C
100
AcDbEntity
  8
0
  6
Continuous
100
AcDbTrace
 10
-12.82556582896022
 20
17.49738702524337
 30
0.0
 11
-15.9812775505934
 21
17.23379100652891
 31
0.0
 12
-12.81184006450971
 22
17.23379100652891
 32
0.0
 13
-12.81184006450971
 23
17.23379100652891
 33
0.0
210
0.0
220
0.0
230
-1.0
  0
SOLID
  5
2D3CBB
330
2D7C2C
100
AcDbEntity
  8
0
  6
Continuous
100
AcDbTrace
 10
-12.82556582896022
 20
17.49738702524337
 30
0.0
 11
-16.09890713045158
 21
17.49738702524337
 31
0.0
 12
-15.9812775505934
 22
17.23379100652891
 32
0.0
 13
-15.9812775505934
 23
17.23379100652891
 33
0.0
210
0.0
220
0.0
230
-1.0
  0
LINE
  5
2D3CBC
330
2D7C2C
100
AcDbEntity
  8
0
  6
Continuous
100
AcDbLine
 10
22.90552573740933
 20
79.47089348563896
 30
0.0
 11
30.76059965403328
 21
76.49468553518092
 31
0.0
  0
LINE
  5
2D3CBD
330
2D7C2C
100
AcDbEntity
  8
0
  6
Continuous
100
AcDbLine
 10
21.9743591699862
 20
76.49468553518092
 30
0.0
 11
22.90552573740933
 21
79.47089348563896
 31
0.0
  0
LINE
  5
2D3CBE
330
2D7C2C
100
AcDbEntity
  8
0
  6
Continuous
100
AcDbLine
 10
29.58024158221269
 20
47.70769715919596
 30
0.0
 11
29.26669382738394
 21
47.00506828005383
 31
0.0
  0
LINE
  5
2D3CBF
330
2D7C2C
100
AcDbEntity
  8
0
  6
Continuous
100
AcDbLine
 10
17.49486433315087
 20
47.00506828005383
 30
0.0
 11
29.58024158221269
 21
47.70769715919596
 31
0.0
  0
LINE
  5
2D3CC0
330
2D7C2C
100
AcDbEntity
  8
0
  6
Continuous
100
AcDbLine
 10
12.7479387950751
 20
47.00506828005383
 30
0.0
 11
21.9743591699862
 21
76.49468553518092
 31
0.0
  0
LINE
  5
2D3CC1
330
2D7C2C
100
AcDbEntity
  8
0
  6
Continuous
100
AcDbLine
 10
30.76059965403328
 20
76.49468553518092
 30
0.0
 11
17.49486433315087
 21
47.00506828005383
 31
0.0
  0
LINE
  5
2D3CC2
330
2D7C2C
100
AcDbEntity
  8
0
  6
Continuous
100
AcDbLine
 10
11.3193331102093
 20
42.43893828127875
 30
0.0
 11
11.53811984611336
 21
43.13822758743845
 31
0.0
  0
LINE
  5
2D3CC3
330
2D7C2C
100
AcDbEntity
  8
0
  6
Continuous
100
AcDbLine
 10
11.53811984611336
 20
43.13822758743845
 30
0.0
 11
12.7479387950751
 21
47.00506828005383
 31
0.0
  0
LINE
  5
2D3CC4
330
2D7C2C
100
AcDbEntity
  8
0
  6
Continuous
100
AcDbLine
 10
29.26669382738394
 20
47.00506828005383
 30
0.0
 11
27.54111827328728
 21
43.13822758743845
 31
0.0
  0
LINE
  5
2D3CC5
330
2D7C2C
100
AcDbEntity
  8
0
  6
Continuous
100
AcDbLine
 10
27.54111827328728
 20
43.13822758743845
 30
0.0
 11
27.22906080108398
 21
42.43893828127875
 31
0.0
  0
LINE
  5
2D3CC6
330
2D7C2C
100
AcDbEntity
  8
0
  6
Continuous
100
AcDbLine
 10
13.20900813044955
 20
24.86119284048618
 30
0.0
 11
14.19274450293114
 21
21.3727156209152
 31
0.0
  0
LINE
  5
2D3CC7
330
2D7C2C
100
AcDbEntity
  8
0
  6
Continuous
100
AcDbLine
 10
13.02735888991735
 20
21.3727156209152
 30
0.0
 11
13.20900813044955
 21
24.86119284048618
 31
0.0
  0
LINE
  5
2D3CC8
330
2D7C2C
100
AcDbEntity
  8
0
  6
Continuous
100
AcDbLine
 10
22.41610886814214
 20
21.3727156209152
 30
0.0
 11
19.33114586433623
 21
17.49738702524337
 31
0.0
  0
LINE
  5
2D3CC9
330
2D7C2C
100
AcDbEntity
  8
0
  6
Continuous
100
AcDbLine
 10
16.39109316079061
 20
17.49738702524337
 30
0.0
 11
22.41610886814214
 21
21.3727156209152
 31
0.0
  0
LINE
  5
2D3CCA
330
2D7C2C
100
AcDbEntity
  8
0
  6
Continuous
100
AcDbLine
 10
15.28557138839642
 20
17.49738702524337
 30
0.0
 11
23.12740645737251
 21
42.43893828127875
 31
0.0
  0
LINE
  5
2D3CCB
330
2D7C2C
100
AcDbEntity
  8
0
  6
Continuous
100
AcDbLine
 10
27.22906080108398
 20
42.43893828127875
 30
0.0
 11
16.09890713045158
 21
17.49738702524337
 31
0.0
  0
LINE
  5
2D3CCC
330
2D7C2C
100
AcDbEntity
  8
0
  6
Continuous
100
AcDbLine
 10
12.82556582896022
 20
17.49738702524337
 30
0.0
 11
13.02735888991735
 21
21.3727156209152
 31
0.0
  0
LINE
  5
2D3CCD
330
2D7C2C
100
AcDbEntity
  8
0
  6
Continuous
100
AcDbLine
 10
14.19274450293114
 20
21.3727156209152
 30
0.0
 11
15.28557138839642
 21
17.49738702524337
 31
0.0
  0
LINE
  5
2D3CCE
330
2D7C2C
100
AcDbEntity
  8
0
  6
Continuous
100
AcDbLine
 10
19.12130973157761
 20
17.23379100652891
 30
0.0
 11
12.37024028982705
 21
8.75310179673761
 31
0.0
  0
LINE
  5
2D3CCF
330
2D7C2C
100
AcDbEntity
  8
0
  6
Continuous
100
AcDbLine
 10
12.37024028982705
 20
8.75310179673761
 30
0.0
 11
12.81184006450971
 21
17.23379100652891
 31
0.0
  0
LINE
  5
2D3CD0
330
2D7C2C
100
AcDbEntity
  8
0
  6
Continuous
100
AcDbLine
 10
15.9812775505934
 20
17.23379100652891
 30
0.0
 11
16.39109316079061
 21
17.49738702524337
 31
0.0
  0
LINE
  5
2D3CD1
330
2D7C2C
100
AcDbEntity
  8
0
  6
Continuous
100
AcDbLine
 10
19.33114586433623
 20
17.49738702524337
 30
0.0
 11
19.12130973157761
 21
17.23379100652891
 31
0.0
  0
LINE
  5
2D3CD2
330
2D7C2C
100
AcDbEntity
  8
0
  6
Continuous
100
AcDbLine
 10
12.81184006450971
 20
17.23379100652891
 30
0.0
 11
12.82556582896022
 21
17.49738702524337
 31
0.0
  0
LINE
  5
2D3CD3
330
2D7C2C
100
AcDbEntity
  8
0
  6
Continuous
100
AcDbLine
 10
16.09890713045158
 20
17.49738702524337
 30
0.0
 11
15.9812775505934
 21
17.23379100652891
 31
0.0
  0
ENDBLK
  5
2D3CD5
330
2D7C2C
100
AcDbEntity
  8
0
 62
     0
100
AcDbBlockEnd
  0
BLOCK
  5
2D7C2F
330
2D7C2E
100
AcDbEntity
  8
0
 62
     1
100
AcDbBlockBegin
  2
E-BORNE
 70
     0
 10
0.0
 20
0.0
 30
0.0
  3
E-BORNE
  1

  0
CIRCLE
  5
2CAEE2
330
2D7C2E
100
AcDbEntity
  8
0
100
AcDbCircle
 10
3.5
 20
10.5
 30
0.0
 40
2.639774002273043
  0
CIRCLE
  5
2CAEE3
330
2D7C2E
100
AcDbEntity
  8
0
100
AcDbCircle
 10
3.5
 20
30.5
 30
0.0
 40
2.639774002273043
  0
LINE
  5
2CAEE4
330
2D7C2E
100
AcDbEntity
  8
0
100
AcDbLine
 10
0.0
 20
4.5
 30
0.0
 11
7.0
 21
4.5
 31
0.0
  0
LINE
  5
2CAEE5
330
2D7C2E
100
AcDbEntity
  8
0
100
AcDbLine
 10
0.0
 20
36.5
 30
0.0
 11
7.0
 21
36.5
 31
0.0
  0
LINE
  5
2CAEE6
330
2D7C2E
100
AcDbEntity
  8
0
100
AcDbLine
 10
0.0
 20
16.5
 30
0.0
 11
7.0
 21
16.5
 31
0.0
  0
LINE
  5
2CAEE7
330
2D7C2E
100
AcDbEntity
  8
0
100
AcDbLine
 10
0.0
 20
24.5
 30
0.0
 11
7.0
 21
24.5
 31
0.0
  0
LWPOLYLINE
  5
2CAEE8
330
2D7C2E
100
AcDbEntity
  8
0
100
AcDbPolyline
 90
        4
 70
     1
 43
0.0
 10
0.0
 20
0.0
 10
7.0
 20
0.0
 10
7.0
 20
41.0
 10
0.0
 20
41.0
  0
ENDBLK
  5
2CAEE9
330
2D7C2E
100
AcDbEntity
  8
0
 62
     1
100
AcDbBlockEnd
  0
BLOCK
  5
2D7C31
330
2D7C30
100
AcDbEntity
  8
0
100
AcDbBlockBegin
  2
D
 70
     2
 10
0.0
 20
0.0
 30
0.0
  3
D
  1

  0
LWPOLYLINE
  5
2CAEEE
330
2D7C30
100
AcDbEntity
  8
0
100
AcDbPolyline
 90
        4
 70
     1
 43
0.0
 10
68.66328980145045
 20
-64.20116092736134
 10
68.66328980145045
 20
-67.1293944241479
 10
57.78287816699593
 20
-67.1293944241479
 10
57.78287816699593
 20
-64.20116092736134
  0
LWPOLYLINE
  5
2CAEEF
330
2D7C30
100
AcDbEntity
  8
0
100
AcDbPolyline
 90
        4
 70
     1
 43
0.0
 10
14.66328980145044
 20
-64.20116092736134
 10
14.66328980145044
 20
-67.1293944241479
 10
3.782878166995942
 20
-67.1293944241479
 10
3.782878166995942
 20
-64.20116092736134
  0
LWPOLYLINE
  5
2CAEF0
330
2D7C30
100
AcDbEntity
  8
0
100
AcDbPolyline
 90
        4
 70
     1
 43
0.0
 10
50.32496668305247
 20
-64.20116092736134
 10
50.32496668305247
 20
-67.1293944241479
 10
39.44455504859798
 20
-67.1293944241479
 10
39.44455504859798
 20
-64.20116092736134
  0
LWPOLYLINE
  5
2CAEF1
330
2D7C30
100
AcDbEntity
  8
0
100
AcDbPolyline
 90
        4
 70
     1
 43
0.0
 10
32.66328980145046
 20
-64.20116092736134
 10
32.66328980145046
 20
-67.1293944241479
 10
21.78287816699594
 20
-67.1293944241479
 10
21.78287816699594
 20
-64.20116092736134
  0
LINE
  5
2CAEF2
330
2D7C30
100
AcDbEntity
  8
0
100
AcDbLine
 10
31.61574281076901
 20
-39.65213650255464
 30
0.0
 11
61.60462724498938
 21
-39.65213650255464
 31
0.0
  0
LINE
  5
2CAEF3
330
2D7C30
100
AcDbEntity
  8
0
100
AcDbLine
 10
21.78287816699594
 20
-65.66527767572551
 30
0.0
 11
32.66328980145046
 21
-65.66527767572551
 31
0.0
  0
LINE
  5
2CAEF4
330
2D7C30
100
AcDbEntity
  8
0
100
AcDbLine
 10
39.44455504859798
 20
-65.66527767572551
 30
0.0
 11
50.32496668305247
 21
-65.66527767572551
 31
0.0
  0
LINE
  5
2CAEF5
330
2D7C30
100
AcDbEntity
  8
0
100
AcDbLine
 10
3.782878166995942
 20
-65.66527767572551
 30
0.0
 11
14.66328980145044
 21
-65.66527767572551
 31
0.0
  0
LINE
  5
2CAEF6
330
2D7C30
100
AcDbEntity
  8
0
100
AcDbLine
 10
57.78287816699593
 20
-65.66527767572551
 30
0.0
 11
68.66328980145045
 21
-65.66527767572551
 31
0.0
  0
LWPOLYLINE
  5
2CAEF7
330
2D7C30
100
AcDbEntity
  8
0
100
AcDbPolyline
 90
        4
 70
     1
 43
0.6364563228368838
 10
30.97427014366258
 20
-23.40284242632333
 10
30.97427014366258
 20
-27.09356935531832
 10
70.42488676402719
 20
-27.09356935531832
 10
70.42488676402719
 20
-23.40284242632333
  0
LINE
  5
2CAEF8
330
2D7C30
100
AcDbEntity
  8
0
100
AcDbLine
 10
3.894777937093747
 20
-28.72505562490552
 30
0.0
 11
17.91375346749555
 21
-28.72505562490552
 31
0.0
  0
LINE
  5
2CAEF9
330
2D7C30
100
AcDbEntity
  8
0
100
AcDbLine
 10
3.894777937093747
 20
-32.58674258110114
 30
0.0
 11
17.91375346749555
 21
-32.58674258110114
 31
0.0
  0
LINE
  5
2CAEFA
330
2D7C30
100
AcDbEntity
  8
0
100
AcDbLine
 10
3.894777937093747
 20
-31.02581183385337
 30
0.0
 11
17.91375346749555
 21
-31.02581183385337
 31
0.0
  0
SOLID
  5
2CAEFB
330
2D7C30
100
AcDbEntity
  8
0
100
AcDbTrace
 10
17.91375346749555
 20
-37.71890905784676
 30
0.0
 11
17.91375346749555
 21
-39.18303503625793
 31
0.0
 12
3.894777937093747
 22
-37.71890905784676
 32
0.0
 13
3.894777937093747
 23
-39.18303503625793
 33
0.0
  0
LINE
  5
2CAEFC
330
2D7C30
100
AcDbEntity
  8
0
100
AcDbLine
 10
3.894777937093747
 20
-39.18303503625793
 30
0.0
 11
17.91375346749555
 21
-39.18303503625793
 31
0.0
  0
LINE
  5
2CAEFD
330
2D7C30
100
AcDbEntity
  8
0
100
AcDbLine
 10
3.894777937093747
 20
-37.71890905784676
 30
0.0
 11
17.91375346749555
 21
-37.71890905784676
 31
0.0
  0
LWPOLYLINE
  5
2CAEFE
330
2D7C30
100
AcDbEntity
  8
0
100
AcDbPolyline
 90
        3
 70
     0
 43
0.0
 10
17.91375346749555
 20
-28.72505562490552
 10
17.91375346749555
 20
-19.88786622550106
 10
3.894777937093747
 20
-19.88786622550106
  0
LWPOLYLINE
  5
2CAEFF
330
2D7C30
100
AcDbEntity
  8
0
100
AcDbPolyline
 90
        3
 70
     0
 43
0.0
 10
19.79689681634772
 20
-54.66079583042301
 10
19.79689681634772
 20
-18.00472287659068
 10
2.011634588241575
 20
-18.00472287659068
  0
LWPOLYLINE
  5
2CAF00
330
2D7C30
100
AcDbEntity
  8
0
100
AcDbPolyline
 90
        2
 70
     0
 43
0.0
 10
2.011634588241575
 20
-18.00472287659068
 10
2.011634588241575
 20
-54.66079583042301
  0
LWPOLYLINE
  5
2CAF01
330
2D7C30
100
AcDbEntity
  8
0
100
AcDbPolyline
 90
        2
 70
     0
 43
0.0
 10
3.894777937093747
 20
-31.02581183385337
 10
3.894777937093747
 20
-54.66079583042301
  0
TEXT
  5
2CAF02
330
2D7C30
100
AcDbEntity
  8
0
100
AcDbText
 10
6.001259964657945
 20
-44.83506837364982
 30
0.0
 40
5.0
  1
OFF
 41
0.75
100
AcDbText
  0
LWPOLYLINE
  5
2CAF03
330
2D7C30
100
AcDbEntity
  8
0
100
AcDbPolyline
 90
        2
 70
     0
 43
0.0
 10
3.894777937093747
 20
-19.88786622550106
 10
3.894777937093747
 20
-28.72505562490552
  0
TEXT
  5
2CAF04
330
2D7C30
100
AcDbEntity
  8
0
100
AcDbText
 10
8.922259989310989
 20
-26.73073501506588
 30
0.0
 40
5.0
  1
T
100
AcDbText
  0
LWPOLYLINE
  5
2CAF05
330
2D7C30
100
AcDbEntity
  8
0
100
AcDbPolyline
 90
        2
 70
     0
 43
0.0
 10
17.91375346749555
 20
-54.66079583042301
 10
17.91375346749555
 20
-31.02581183385337
  0
TEXT
  5
2CAF06
330
2D7C30
100
AcDbEntity
  8
0
100
AcDbText
 10
31.65462039085105
 20
-25.91261137329275
 30
0.0
 40
1.556647485353376
  1
MULTI 9
  7
STYLE1
100
AcDbText
  0
TEXT
  5
2CAF07
330
2D7C30
100
AcDbEntity
  8
0
100
AcDbText
 10
30.6113413576968
 20
-22.65520858997479
 30
0.0
 40
3.735953964848107
  1
MERLIN GERIN
 41
0.5
  7
STYLE1
100
AcDbText
  0
LWPOLYLINE
  5
2CAF08
330
2D7C30
100
AcDbEntity
  8
0
100
AcDbPolyline
 90
        2
 70
     0
 43
0.608038265582163
 10
28.02725751057733
 20
-25.34276148607024
 10
29.87262907240074
 20
-25.34276148607024
  0
LWPOLYLINE
  5
2CAF09
330
2D7C30
100
AcDbEntity
  8
0
100
AcDbPolyline
 90
        2
 70
     0
 43
0.608038265582163
 10
28.02725745900534
 20
-23.49738992436323
 42
71545538.61153501
 10
28.02725756214933
 20
-23.49738992436323
  0
LWPOLYLINE
  5
2CAF0A
330
2D7C30
100
AcDbEntity
  8
0
100
AcDbPolyline
 90
        3
 70
     0
 43
0.4940310907855075
 10
29.92428381333593
 20
-19.04195403214544
 10
28.02416423347313
 20
-22.12354924279498
 10
26.12404465349391
 20
-19.04195403214544
  0
LWPOLYLINE
  5
2CAF0B
330
2D7C30
100
AcDbEntity
  8
0
100
AcDbPolyline
 90
        4
 70
     1
 43
0.608038265582163
 10
26.12404465349391
 20
-22.84219319204567
 10
26.12404465349391
 20
-19.04195403214544
 10
29.92428381333593
 20
-19.04195403214544
 10
29.92428381333593
 20
-22.84219319204567
  0
LWPOLYLINE
  5
2CAF0C
330
2D7C30
100
AcDbEntity
  8
0
100
AcDbPolyline
 90
        4
 70
     1
 43
0.0
 10
21.08638947736472
 20
-29.82243459793972
 10
21.08638947736472
 20
-33.69628274586285
 10
25.16028556681704
 20
-33.69628274586285
 10
25.16028556681704
 20
-29.82243459793972
  0
LINE
  5
2CAF0D
330
2D7C30
100
AcDbEntity
  8
0
100
AcDbLine
 10
3.894777937093747
 20
-50.8277574175154
 30
0.0
 11
17.91375346749555
 21
-50.8277574175154
 31
0.0
  0
LINE
  5
2CAF0E
330
2D7C30
100
AcDbEntity
  8
0
100
AcDbLine
 10
3.894777937093747
 20
-54.24622298608301
 30
0.0
 11
17.91375346749555
 21
-54.24622298608301
 31
0.0
  0
LINE
  5
2CAF0F
330
2D7C30
100
AcDbEntity
  8
0
100
AcDbLine
 10
3.894777937093747
 20
-58.46636087202933
 30
0.0
 11
17.91375346749555
 21
-58.46636087202933
 31
0.0
  0
LINE
  5
2CAF10
330
2D7C30
100
AcDbEntity
  8
0
100
AcDbLine
 10
2.011634588241575
 20
-54.66079583042301
 30
0.0
 11
3.894777937093747
 21
-54.66079583042301
 31
0.0
  0
LINE
  5
2CAF11
330
2D7C30
100
AcDbEntity
  8
0
100
AcDbLine
 10
3.894777937093747
 20
-54.66079583042301
 30
0.0
 11
3.894777937093747
 21
-58.46636087202933
 31
0.0
  0
LWPOLYLINE
  5
2CAF12
330
2D7C30
100
AcDbEntity
  8
0
100
AcDbPolyline
 90
        4
 70
     1
 43
0.0
 10
2.011634588241575
 20
-42.22380130784585
 10
2.011634588241575
 20
-49.05053120187949
 10
0.9521832267055287
 20
-49.05053120187949
 10
0.9521832267055287
 20
-42.22380130784585
  0
SOLID
  5
2CAF13
330
2D7C30
100
AcDbEntity
  8
0
100
AcDbTrace
 10
0.9521832267055287
 20
-42.22380130784585
 30
0.0
 11
2.011634588241575
 21
-42.22380130784585
 31
0.0
 12
0.9521832267055287
 22
-49.05053120187949
 32
0.0
 13
2.011634588241575
 23
-49.05053120187949
 33
0.0
  0
LINE
  5
2CAF14
330
2D7C30
100
AcDbEntity
  8
0
100
AcDbLine
 10
17.91375346749555
 20
-54.66079583042301
 30
0.0
 11
19.79689681634772
 21
-54.66079583042301
 31
0.0
  0
LINE
  5
2CAF15
330
2D7C30
100
AcDbEntity
  8
0
100
AcDbLine
 10
17.91375346749555
 20
-54.66079583042301
 30
0.0
 11
17.91375346749555
 21
-58.46636087202933
 31
0.0
  0
SOLID
  5
2CAF16
330
2D7C30
100
AcDbEntity
  8
0
100
AcDbTrace
 10
20.85634817788378
 20
-42.22380130784585
 30
0.0
 11
19.79689681634772
 21
-42.22380130784585
 31
0.0
 12
20.85634817788378
 22
-49.05053120187949
 32
0.0
 13
19.79689681634772
 23
-49.05053120187949
 33
0.0
  0
LWPOLYLINE
  5
2CAF17
330
2D7C30
100
AcDbEntity
  8
0
100
AcDbPolyline
 90
        4
 70
     1
 43
0.0
 10
19.79689681634772
 20
-42.22380130784585
 10
19.79689681634772
 20
-49.05053120187949
 10
20.85634817788378
 20
-49.05053120187949
 10
20.85634817788378
 20
-42.22380130784585
  0
LINE
  5
2CAF18
330
2D7C30
100
AcDbEntity
  8
0
100
AcDbLine
 10
72.0
 20
-81.0
 30
0.0
 11
0.0
 21
-81.0
 31
0.0
  0
LINE
  5
2CAF19
330
2D7C30
100
AcDbEntity
  8
0
100
AcDbLine
 10
72.0
 20
0.0
 30
0.0
 11
72.0
 21
-81.0
 31
0.0
  0
LINE
  5
2CAF1A
330
2D7C30
100
AcDbEntity
  8
0
100
AcDbLine
 10
0.0
 20
-81.0
 30
0.0
 11
0.0
 21
0.0
 31
0.0
  0
LINE
  5
2CAF1B
330
2D7C30
100
AcDbEntity
  8
0
100
AcDbLine
 10
0.0
 20
0.0
 30
0.0
 11
72.0
 21
0.0
 31
0.0
  0
LINE
  5
2CAF1C
330
2D7C30
100
AcDbEntity
  8
0
100
AcDbLine
 10
72.0
 20
-16.84124908479862
 30
0.0
 11
0.0
 21
-16.84124908479862
 31
0.0
  0
CIRCLE
  5
2CAF1D
330
2D7C30
100
AcDbEntity
  8
0
100
AcDbCircle
 10
9.223083984223192
 20
-9.137927501287775
 30
0.0
 40
3.297356018523212
  0
CIRCLE
  5
2CAF1E
330
2D7C30
100
AcDbEntity
  8
0
100
AcDbCircle
 10
27.22308398422319
 20
-9.137927501287775
 30
0.0
 40
3.297356018523212
  0
CIRCLE
  5
2CAF1F
330
2D7C30
100
AcDbEntity
  8
0
100
AcDbCircle
 10
44.77691601577681
 20
-9.137927501287775
 30
0.0
 40
3.297356018523212
  0
CIRCLE
  5
2CAF20
330
2D7C30
100
AcDbEntity
  8
0
100
AcDbCircle
 10
63.22308398422318
 20
-9.137927501287775
 30
0.0
 40
3.297356018523212
  0
CIRCLE
  5
2CAF21
330
2D7C30
100
AcDbEntity
  8
0
100
AcDbCircle
 10
9.223083984223192
 20
-71.86207249871221
 30
0.0
 40
3.297356018523212
  0
CIRCLE
  5
2CAF22
330
2D7C30
100
AcDbEntity
  8
0
100
AcDbCircle
 10
27.22308398422319
 20
-71.86207249871221
 30
0.0
 40
3.297356018523212
  0
CIRCLE
  5
2CAF23
330
2D7C30
100
AcDbEntity
  8
0
100
AcDbCircle
 10
44.77691601577681
 20
-71.86207249871221
 30
0.0
 40
3.297356018523212
  0
CIRCLE
  5
2CAF24
330
2D7C30
100
AcDbEntity
  8
0
100
AcDbCircle
 10
63.22308398422318
 20
-71.86207249871221
 30
0.0
 40
3.297356018523212
  0
LWPOLYLINE
  5
2CAF25
330
2D7C30
100
AcDbEntity
  8
0
100
AcDbPolyline
 90
        5
 70
     0
 43
0.0
 10
66.07875647209585
 20
0.0
 10
66.07875647209585
 20
-5.410264986741821
 42
-0.7522011098751459
 10
63.16916155919898
 20
-13.13622331322404
 42
-0.7346783615832138
 10
60.25956664641853
 20
-5.410264986741821
 10
60.25956664641853
 20
0.0
  0
LWPOLYLINE
  5
2CAF26
330
2D7C30
100
AcDbEntity
  8
0
100
AcDbPolyline
 90
        5
 70
     0
 43
0.0
 10
12.07875647209585
 20
0.0
 10
12.07875647209585
 20
-5.410264986741821
 42
-0.7522011098751459
 10
9.169161559198984
 20
-13.13622331322404
 42
-0.7346783615832138
 10
6.259566646418534
 20
-5.410264986741821
 10
6.259566646418534
 20
0.0
  0
LWPOLYLINE
  5
2CAF27
330
2D7C30
100
AcDbEntity
  8
0
100
AcDbPolyline
 90
        5
 70
     0
 43
0.0
 10
41.92124352790413
 20
0.0
 10
41.92124352790413
 20
-5.410264986741821
 42
0.7522011098751459
 10
44.83083844080101
 20
-13.13622331322404
 42
0.7346783615832138
 10
47.74043335358146
 20
-5.410264986741821
 10
47.74043335358146
 20
0.0
  0
LWPOLYLINE
  5
2CAF28
330
2D7C30
100
AcDbEntity
  8
0
100
AcDbPolyline
 90
        5
 70
     0
 43
0.0
 10
30.07875647209585
 20
0.0
 10
30.07875647209585
 20
-5.410264986741821
 42
-0.7522011098751459
 10
27.16916155919899
 20
-13.13622331322404
 42
-0.7346783615832138
 10
24.25956664641854
 20
-5.410264986741821
 10
24.25956664641854
 20
0.0
  0
LWPOLYLINE
  5
2CAF29
330
2D7C30
100
AcDbEntity
  8
0
100
AcDbPolyline
 90
        5
 70
     0
 43
0.0
 10
66.07875647209585
 20
-81.0
 10
66.07875647209585
 20
-75.58973501325819
 42
0.7522011098751459
 10
63.16916155919898
 20
-67.86377668677596
 42
0.7346783615832138
 10
60.25956664641853
 20
-75.58973501325819
 10
60.25956664641853
 20
-81.0
  0
LWPOLYLINE
  5
2CAF2A
330
2D7C30
100
AcDbEntity
  8
0
100
AcDbPolyline
 90
        5
 70
     0
 43
0.0
 10
12.07875647209585
 20
-81.0
 10
12.07875647209585
 20
-75.58973501325819
 42
0.7522011098751459
 10
9.169161559198984
 20
-67.86377668677596
 42
0.7346783615832138
 10
6.259566646418534
 20
-75.58973501325819
 10
6.259566646418534
 20
-81.0
  0
LWPOLYLINE
  5
2CAF2B
330
2D7C30
100
AcDbEntity
  8
0
100
AcDbPolyline
 90
        5
 70
     0
 43
0.0
 10
41.92124352790413
 20
-81.0
 10
41.92124352790413
 20
-75.58973501325819
 42
-0.7522011098751459
 10
44.83083844080101
 20
-67.86377668677596
 42
-0.7346783615832138
 10
47.74043335358146
 20
-75.58973501325819
 10
47.74043335358146
 20
-81.0
  0
LWPOLYLINE
  5
2CAF2C
330
2D7C30
100
AcDbEntity
  8
0
100
AcDbPolyline
 90
        4
 70
     1
 43
0.0
 10
28.69701370585244
 20
-80.9194332222105
 10
28.69701370585244
 20
-85.16235936142036
 10
43.47115089208818
 20
-85.16235936142036
 10
43.47115089208818
 20
-80.9194332222105
  0
LWPOLYLINE
  5
2CAF2D
330
2D7C30
100
AcDbEntity
  8
0
100
AcDbPolyline
 90
        5
 70
     0
 43
0.0
 10
30.07875647209585
 20
-81.0
 10
30.07875647209585
 20
-75.58973501325819
 42
0.7522011098751459
 10
27.16916155919899
 20
-67.86377668677596
 42
0.7346783615832138
 10
24.25956664641854
 20
-75.58973501325819
 10
24.25956664641854
 20
-81.0
  0
POLYLINE
  5
2CAF2E
330
2D7C30
100
AcDbEntity
  8
0
100
AcDb2dPolyline
 66
     1
 10
0.0
 20
0.0
 30
0.0
 70
     3
 40
0.0214860603461034
 41
0.0214860603461034
  0
VERTEX
  5
2CAF2F
330
2CAF2E
100
AcDbEntity
  8
0
100
AcDbVertex
100
AcDb2dVertex
 10
63.8278954034904
 20
-9.720517064502928
 30
0.0
 42
0.4482412192183617
  0
VERTEX
  5
2CAF30
330
2CAF2E
100
AcDbEntity
  8
0
100
AcDbVertex
100
AcDb2dVertex
 10
63.88539881713223
 20
-10.72152307623764
 30
0.0
 42
-0.5227007244310328
 70
     1
  0
VERTEX
  5
2CAF31
330
2CAF2E
100
AcDbEntity
  8
0
100
AcDbVertex
100
AcDb2dVertex
 10
63.8278954034904
 20
-11.63129588734591
 30
0.0
 42
-0.1369436295274963
  0
VERTEX
  5
2CAF32
330
2CAF2E
100
AcDbEntity
  8
0
100
AcDbVertex
100
AcDb2dVertex
 10
63.24949264258613
 20
-11.79274069872917
 30
0.0
 42
-0.136943629525837
 70
     1
  0
VERTEX
  5
2CAF33
330
2CAF2E
100
AcDbEntity
  8
0
100
AcDbVertex
100
AcDb2dVertex
 10
62.67108988179826
 20
-11.63129588734591
 30
0.0
 42
-0.5227007244362643
  0
VERTEX
  5
2CAF34
330
2CAF2E
100
AcDbEntity
  8
0
100
AcDbVertex
100
AcDb2dVertex
 10
62.61358646815644
 20
-10.72152307623764
 30
0.0
 42
0.4482412192129932
 70
     1
  0
VERTEX
  5
2CAF35
330
2CAF2E
100
AcDbEntity
  8
0
100
AcDbVertex
100
AcDb2dVertex
 10
62.67108988179826
 20
-9.720517064502928
 30
0.0
 41
0.0214860603461035
 42
0.4482412192145901
  0
VERTEX
  5
2CAF36
330
2CAF2E
100
AcDbEntity
  8
0
100
AcDbVertex
100
AcDb2dVertex
 10
61.67008387006355
 20
-9.778020478086546
 30
0.0
 40
0.0214860603461035
 42
-0.5227007244357083
 70
     1
  0
VERTEX
  5
2CAF37
330
2CAF2E
100
AcDbEntity
  8
0
100
AcDbVertex
100
AcDb2dVertex
 10
60.76031105883885
 20
-9.720517064502928
 30
0.0
 42
-0.1369436295309702
  0
VERTEX
  5
2CAF38
330
2CAF2E
100
AcDbEntity
  8
0
100
AcDbVertex
100
AcDb2dVertex
 10
60.59886624745558
 20
-9.142114303598646
 30
0.0
 42
-0.1369436295297257
 70
     1
  0
VERTEX
  5
2CAF39
330
2CAF2E
100
AcDbEntity
  8
0
100
AcDbVertex
100
AcDb2dVertex
 10
60.76031105883885
 20
-8.563711542752571
 30
0.0
 42
-0.5227007244411001
  0
VERTEX
  5
2CAF3A
330
2CAF2E
100
AcDbEntity
  8
0
100
AcDbVertex
100
AcDb2dVertex
 10
61.67008387006355
 20
-8.50620812916895
 30
0.0
 42
0.4482412192107756
 70
     1
  0
VERTEX
  5
2CAF3B
330
2CAF2E
100
AcDbEntity
  8
0
100
AcDbVertex
100
AcDb2dVertex
 10
62.67108988179826
 20
-8.563711542752571
 30
0.0
 42
0.4482412192127074
  0
VERTEX
  5
2CAF3C
330
2CAF2E
100
AcDbEntity
  8
0
100
AcDbVertex
100
AcDb2dVertex
 10
62.61358646815644
 20
-7.562705531017853
 30
0.0
 42
-0.5227007244359154
 70
     1
  0
VERTEX
  5
2CAF3D
330
2CAF2E
100
AcDbEntity
  8
0
100
AcDbVertex
100
AcDb2dVertex
 10
62.67108988179826
 20
-6.652932719851378
 30
0.0
 42
-0.1369436295245658
  0
VERTEX
  5
2CAF3E
330
2CAF2E
100
AcDbEntity
  8
0
100
AcDbVertex
100
AcDb2dVertex
 10
63.24949264258613
 20
-6.491487908468116
 30
0.0
 42
-0.136943629526225
 70
     1
  0
VERTEX
  5
2CAF3F
330
2CAF2E
100
AcDbEntity
  8
0
100
AcDbVertex
100
AcDb2dVertex
 10
63.8278954034904
 20
-6.652932719851378
 30
0.0
 42
-0.5227007244359154
  0
VERTEX
  5
2CAF40
330
2CAF2E
100
AcDbEntity
  8
0
100
AcDbVertex
100
AcDb2dVertex
 10
63.88539881713223
 20
-7.562705531017853
 30
0.0
 42
0.4482412192138507
 70
     1
  0
VERTEX
  5
2CAF41
330
2CAF2E
100
AcDbEntity
  8
0
100
AcDbVertex
100
AcDb2dVertex
 10
63.8278954034904
 20
-8.563711542752571
 30
0.0
 42
0.4482412192128951
  0
VERTEX
  5
2CAF42
330
2CAF2E
100
AcDbEntity
  8
0
100
AcDbVertex
100
AcDb2dVertex
 10
64.82890141522513
 20
-8.50620812916895
 30
0.0
 42
-0.5227007244359021
 70
     1
  0
VERTEX
  5
2CAF43
330
2CAF2E
100
AcDbEntity
  8
0
100
AcDbVertex
100
AcDb2dVertex
 10
65.73867422633338
 20
-8.563711542752571
 30
0.0
 42
-0.1369436295312775
  0
VERTEX
  5
2CAF44
330
2CAF2E
100
AcDbEntity
  8
0
100
AcDbVertex
100
AcDb2dVertex
 10
65.90011903771665
 20
-9.14211430365685
 30
0.0
 42
-0.136943629519248
 70
     1
  0
VERTEX
  5
2CAF45
330
2CAF2E
100
AcDbEntity
  8
0
100
AcDbVertex
100
AcDb2dVertex
 10
65.73867422633338
 20
-9.720517064502928
 30
0.0
 41
0.0214860603461035
 42
-0.5227007244305108
  0
VERTEX
  5
2CAF46
330
2CAF2E
100
AcDbEntity
  8
0
100
AcDbVertex
100
AcDb2dVertex
 10
64.82890141522513
 20
-9.778020478086546
 30
0.0
 40
0.0214860603461035
 42
0.4482412192167093
 70
     1
  0
SEQEND
  5
2CAF47
330
2CAF2E
100
AcDbEntity
  8
0
  0
POLYLINE
  5
2CAF48
330
2D7C30
100
AcDbEntity
  8
0
100
AcDb2dPolyline
 66
     1
 10
0.0
 20
0.0
 30
0.0
 70
     3
 40
0.0214860603461034
 41
0.0214860603461034
  0
VERTEX
  5
2CAF49
330
2CAF48
100
AcDbEntity
  8
0
100
AcDbVertex
100
AcDb2dVertex
 10
9.8278954034904
 20
-9.720517064502928
 30
0.0
 41
0.0214860603461035
 42
0.4482412192140731
  0
VERTEX
  5
2CAF4A
330
2CAF48
100
AcDbEntity
  8
0
100
AcDbVertex
100
AcDb2dVertex
 10
9.885398817132223
 20
-10.72152307623764
 30
0.0
 40
0.0214860603461035
 42
-0.5227007244355947
 70
     1
  0
VERTEX
  5
2CAF4B
330
2CAF48
100
AcDbEntity
  8
0
100
AcDbVertex
100
AcDb2dVertex
 10
9.8278954034904
 20
-11.63129588734591
 30
0.0
 41
0.0214860603461035
 42
-0.1369436295261756
  0
VERTEX
  5
2CAF4C
330
2CAF48
100
AcDbEntity
  8
0
100
AcDbVertex
100
AcDb2dVertex
 10
9.249492642586119
 20
-11.79274069872917
 30
0.0
 40
0.0214860603461035
 42
-0.1369436295261581
 70
     1
  0
VERTEX
  5
2CAF4D
330
2CAF48
100
AcDbEntity
  8
0
100
AcDbVertex
100
AcDb2dVertex
 10
8.671089881798252
 20
-11.63129588734591
 30
0.0
 42
-0.5227007244352544
  0
VERTEX
  5
2CAF4E
330
2CAF48
100
AcDbEntity
  8
0
100
AcDbVertex
100
AcDb2dVertex
 10
8.613586468156427
 20
-10.72152307623764
 30
0.0
 42
0.4482412192142792
 70
     1
  0
VERTEX
  5
2CAF4F
330
2CAF48
100
AcDbEntity
  8
0
100
AcDbVertex
100
AcDb2dVertex
 10
8.671089881798252
 20
-9.720517064502928
 30
0.0
 42
0.4482412192138824
  0
VERTEX
  5
2CAF50
330
2CAF48
100
AcDbEntity
  8
0
100
AcDbVertex
100
AcDb2dVertex
 10
7.670083870063534
 20
-9.778020478086546
 30
0.0
 42
-0.522700724435877
 70
     1
  0
VERTEX
  5
2CAF51
330
2CAF48
100
AcDbEntity
  8
0
100
AcDbVertex
100
AcDb2dVertex
 10
6.760311058838849
 20
-9.720517064502928
 30
0.0
 42
-0.1369436295260004
  0
VERTEX
  5
2CAF52
330
2CAF48
100
AcDbEntity
  8
0
100
AcDbVertex
100
AcDb2dVertex
 10
6.598866247455586
 20
-9.142114303598646
 30
0.0
 42
-0.1369436295262582
 70
     1
  0
VERTEX
  5
2CAF53
330
2CAF48
100
AcDbEntity
  8
0
100
AcDbVertex
100
AcDb2dVertex
 10
6.760311058838849
 20
-8.563711542752571
 30
0.0
 42
-0.5227007244358011
  0
VERTEX
  5
2CAF54
330
2CAF48
100
AcDbEntity
  8
0
100
AcDbVertex
100
AcDb2dVertex
 10
7.670083870063534
 20
-8.50620812916895
 30
0.0
 42
0.4482412192139957
 70
     1
  0
VERTEX
  5
2CAF55
330
2CAF48
100
AcDbEntity
  8
0
100
AcDbVertex
100
AcDb2dVertex
 10
8.671089881798252
 20
-8.563711542752571
 30
0.0
 42
0.4482412192140118
  0
VERTEX
  5
2CAF56
330
2CAF48
100
AcDbEntity
  8
0
100
AcDbVertex
100
AcDb2dVertex
 10
8.613586468156427
 20
-7.562705531017853
 30
0.0
 42
-0.5227007244358805
 70
     1
  0
VERTEX
  5
2CAF57
330
2CAF48
100
AcDbEntity
  8
0
100
AcDbVertex
100
AcDb2dVertex
 10
8.671089881798252
 20
-6.652932719851378
 30
0.0
 42
-0.1369436295258127
  0
VERTEX
  5
2CAF58
330
2CAF48
100
AcDbEntity
  8
0
100
AcDbVertex
100
AcDb2dVertex
 10
9.249492642586119
 20
-6.491487908526322
 30
0.0
 42
-0.1369436295256074
 70
     1
  0
VERTEX
  5
2CAF59
330
2CAF48
100
AcDbEntity
  8
0
100
AcDbVertex
100
AcDb2dVertex
 10
9.8278954034904
 20
-6.652932719851378
 30
0.0
 42
-0.5227007244353051
  0
VERTEX
  5
2CAF5A
330
2CAF48
100
AcDbEntity
  8
0
100
AcDbVertex
100
AcDb2dVertex
 10
9.885398817132223
 20
-7.562705531017853
 30
0.0
 42
0.4482412192144852
 70
     1
  0
VERTEX
  5
2CAF5B
330
2CAF48
100
AcDbEntity
  8
0
100
AcDbVertex
100
AcDb2dVertex
 10
9.8278954034904
 20
-8.563711542752571
 30
0.0
 42
0.4482412192143392
  0
VERTEX
  5
2CAF5C
330
2CAF48
100
AcDbEntity
  8
0
100
AcDbVertex
100
AcDb2dVertex
 10
10.82890141522512
 20
-8.50620812916895
 30
0.0
 42
-0.5227007244354749
 70
     1
  0
VERTEX
  5
2CAF5D
330
2CAF48
100
AcDbEntity
  8
0
100
AcDbVertex
100
AcDb2dVertex
 10
11.73867422633338
 20
-8.563711542752571
 30
0.0
 42
-0.136943629525807
  0
VERTEX
  5
2CAF5E
330
2CAF48
100
AcDbEntity
  8
0
100
AcDbVertex
100
AcDb2dVertex
 10
11.90011903771664
 20
-9.142114303598646
 30
0.0
 42
-0.1369436295259948
 70
     1
  0
VERTEX
  5
2CAF5F
330
2CAF48
100
AcDbEntity
  8
0
100
AcDbVertex
100
AcDb2dVertex
 10
11.73867422633338
 20
-9.720517064502928
 30
0.0
 42
-0.5227007244355511
  0
VERTEX
  5
2CAF60
330
2CAF48
100
AcDbEntity
  8
0
100
AcDbVertex
100
AcDb2dVertex
 10
10.82890141522512
 20
-9.778020478086546
 30
0.0
 42
0.4482412192142257
 70
     1
  0
SEQEND
  5
2CAF61
330
2CAF48
100
AcDbEntity
  8
0
  0
POLYLINE
  5
2CAF62
330
2D7C30
100
AcDbEntity
  8
0
100
AcDb2dPolyline
 66
     1
 10
0.0
 20
0.0
 30
0.0
 70
     3
 40
0.0214860603461034
 41
0.0214860603461034
  0
VERTEX
  5
2CAF63
330
2CAF62
100
AcDbEntity
  8
0
100
AcDbVertex
100
AcDb2dVertex
 10
27.8278954034904
 20
-9.720517064502928
 30
0.0
 41
0.0214860603461035
 42
0.4482412192140731
  0
VERTEX
  5
2CAF64
330
2CAF62
100
AcDbEntity
  8
0
100
AcDbVertex
100
AcDb2dVertex
 10
27.88539881713223
 20
-10.72152307623764
 30
0.0
 40
0.0214860603461035
 42
-0.5227007244355947
 70
     1
  0
VERTEX
  5
2CAF65
330
2CAF62
100
AcDbEntity
  8
0
100
AcDbVertex
100
AcDb2dVertex
 10
27.8278954034904
 20
-11.63129588734591
 30
0.0
 41
0.0214860603461035
 42
-0.1369436295261756
  0
VERTEX
  5
2CAF66
330
2CAF62
100
AcDbEntity
  8
0
100
AcDbVertex
100
AcDb2dVertex
 10
27.24949264258612
 20
-11.79274069872917
 30
0.0
 40
0.0214860603461035
 42
-0.1369436295261581
 70
     1
  0
VERTEX
  5
2CAF67
330
2CAF62
100
AcDbEntity
  8
0
100
AcDbVertex
100
AcDb2dVertex
 10
26.67108988179825
 20
-11.63129588734591
 30
0.0
 42
-0.5227007244352544
  0
VERTEX
  5
2CAF68
330
2CAF62
100
AcDbEntity
  8
0
100
AcDbVertex
100
AcDb2dVertex
 10
26.61358646815643
 20
-10.72152307623764
 30
0.0
 42
0.4482412192142792
 70
     1
  0
VERTEX
  5
2CAF69
330
2CAF62
100
AcDbEntity
  8
0
100
AcDbVertex
100
AcDb2dVertex
 10
26.67108988179825
 20
-9.720517064502928
 30
0.0
 42
0.4482412192138824
  0
VERTEX
  5
2CAF6A
330
2CAF62
100
AcDbEntity
  8
0
100
AcDbVertex
100
AcDb2dVertex
 10
25.67008387006354
 20
-9.778020478086546
 30
0.0
 42
-0.522700724435877
 70
     1
  0
VERTEX
  5
2CAF6B
330
2CAF62
100
AcDbEntity
  8
0
100
AcDbVertex
100
AcDb2dVertex
 10
24.76031105883885
 20
-9.720517064502928
 30
0.0
 42
-0.1369436295260004
  0
VERTEX
  5
2CAF6C
330
2CAF62
100
AcDbEntity
  8
0
100
AcDbVertex
100
AcDb2dVertex
 10
24.59886624745559
 20
-9.142114303598646
 30
0.0
 42
-0.1369436295262582
 70
     1
  0
VERTEX
  5
2CAF6D
330
2CAF62
100
AcDbEntity
  8
0
100
AcDbVertex
100
AcDb2dVertex
 10
24.76031105883885
 20
-8.563711542752571
 30
0.0
 42
-0.5227007244358011
  0
VERTEX
  5
2CAF6E
330
2CAF62
100
AcDbEntity
  8
0
100
AcDbVertex
100
AcDb2dVertex
 10
25.67008387006354
 20
-8.50620812916895
 30
0.0
 42
0.4482412192139957
 70
     1
  0
VERTEX
  5
2CAF6F
330
2CAF62
100
AcDbEntity
  8
0
100
AcDbVertex
100
AcDb2dVertex
 10
26.67108988179825
 20
-8.563711542752571
 30
0.0
 42
0.4482412192140118
  0
VERTEX
  5
2CAF70
330
2CAF62
100
AcDbEntity
  8
0
100
AcDbVertex
100
AcDb2dVertex
 10
26.61358646815643
 20
-7.562705531017853
 30
0.0
 42
-0.5227007244358805
 70
     1
  0
VERTEX
  5
2CAF71
330
2CAF62
100
AcDbEntity
  8
0
100
AcDbVertex
100
AcDb2dVertex
 10
26.67108988179825
 20
-6.652932719851378
 30
0.0
 42
-0.1369436295258127
  0
VERTEX
  5
2CAF72
330
2CAF62
100
AcDbEntity
  8
0
100
AcDbVertex
100
AcDb2dVertex
 10
27.24949264258612
 20
-6.491487908526322
 30
0.0
 42
-0.1369436295256074
 70
     1
  0
VERTEX
  5
2CAF73
330
2CAF62
100
AcDbEntity
  8
0
100
AcDbVertex
100
AcDb2dVertex
 10
27.8278954034904
 20
-6.652932719851378
 30
0.0
 42
-0.5227007244353051
  0
VERTEX
  5
2CAF74
330
2CAF62
100
AcDbEntity
  8
0
100
AcDbVertex
100
AcDb2dVertex
 10
27.88539881713223
 20
-7.562705531017853
 30
0.0
 42
0.4482412192144852
 70
     1
  0
VERTEX
  5
2CAF75
330
2CAF62
100
AcDbEntity
  8
0
100
AcDbVertex
100
AcDb2dVertex
 10
27.8278954034904
 20
-8.563711542752571
 30
0.0
 42
0.4482412192143392
  0
VERTEX
  5
2CAF76
330
2CAF62
100
AcDbEntity
  8
0
100
AcDbVertex
100
AcDb2dVertex
 10
28.82890141522512
 20
-8.50620812916895
 30
0.0
 42
-0.5227007244354749
 70
     1
  0
VERTEX
  5
2CAF77
330
2CAF62
100
AcDbEntity
  8
0
100
AcDbVertex
100
AcDb2dVertex
 10
29.7386742263334
 20
-8.563711542752571
 30
0.0
 42
-0.136943629525807
  0
VERTEX
  5
2CAF78
330
2CAF62
100
AcDbEntity
  8
0
100
AcDbVertex
100
AcDb2dVertex
 10
29.90011903771664
 20
-9.142114303598646
 30
0.0
 42
-0.1369436295259948
 70
     1
  0
VERTEX
  5
2CAF79
330
2CAF62
100
AcDbEntity
  8
0
100
AcDbVertex
100
AcDb2dVertex
 10
29.7386742263334
 20
-9.720517064502928
 30
0.0
 42
-0.5227007244355511
  0
VERTEX
  5
2CAF7A
330
2CAF62
100
AcDbEntity
  8
0
100
AcDbVertex
100
AcDb2dVertex
 10
28.82890141522512
 20
-9.778020478086546
 30
0.0
 42
0.4482412192142257
 70
     1
  0
SEQEND
  5
2CAF7B
330
2CAF62
100
AcDbEntity
  8
0
  0
POLYLINE
  5
2CAF7C
330
2D7C30
100
AcDbEntity
  8
0
100
AcDb2dPolyline
 66
     1
 10
0.0
 20
0.0
 30
0.0
 70
     3
 40
0.0214860603461034
 41
0.0214860603461034
  0
VERTEX
  5
2CAF7D
330
2CAF7C
100
AcDbEntity
  8
0
100
AcDbVertex
100
AcDb2dVertex
 10
44.17210459650958
 20
-9.720517064502928
 30
0.0
 41
0.0214860603461035
 42
-0.4482412192140731
  0
VERTEX
  5
2CAF7E
330
2CAF7C
100
AcDbEntity
  8
0
100
AcDbVertex
100
AcDb2dVertex
 10
44.11460118286777
 20
-10.72152307623764
 30
0.0
 40
0.0214860603461035
 42
0.5227007244355947
 70
     1
  0
VERTEX
  5
2CAF7F
330
2CAF7C
100
AcDbEntity
  8
0
100
AcDbVertex
100
AcDb2dVertex
 10
44.17210459650958
 20
-11.63129588734591
 30
0.0
 41
0.0214860603461035
 42
0.1369436295261756
  0
VERTEX
  5
2CAF80
330
2CAF7C
100
AcDbEntity
  8
0
100
AcDbVertex
100
AcDb2dVertex
 10
44.75050735741388
 20
-11.79274069872917
 30
0.0
 40
0.0214860603461035
 42
0.1369436295261581
 70
     1
  0
VERTEX
  5
2CAF81
330
2CAF7C
100
AcDbEntity
  8
0
100
AcDbVertex
100
AcDb2dVertex
 10
45.32891011820175
 20
-11.63129588734591
 30
0.0
 42
0.5227007244352544
  0
VERTEX
  5
2CAF82
330
2CAF7C
100
AcDbEntity
  8
0
100
AcDbVertex
100
AcDb2dVertex
 10
45.38641353184355
 20
-10.72152307623764
 30
0.0
 42
-0.4482412192142792
 70
     1
  0
VERTEX
  5
2CAF83
330
2CAF7C
100
AcDbEntity
  8
0
100
AcDbVertex
100
AcDb2dVertex
 10
45.32891011820175
 20
-9.720517064502928
 30
0.0
 42
-0.4482412192138824
  0
VERTEX
  5
2CAF84
330
2CAF7C
100
AcDbEntity
  8
0
100
AcDbVertex
100
AcDb2dVertex
 10
46.32991612993644
 20
-9.778020478086546
 30
0.0
 42
0.522700724435877
 70
     1
  0
VERTEX
  5
2CAF85
330
2CAF7C
100
AcDbEntity
  8
0
100
AcDbVertex
100
AcDb2dVertex
 10
47.23968894116112
 20
-9.720517064502928
 30
0.0
 42
0.1369436295260004
  0
VERTEX
  5
2CAF86
330
2CAF7C
100
AcDbEntity
  8
0
100
AcDbVertex
100
AcDb2dVertex
 10
47.4011337525444
 20
-9.142114303598646
 30
0.0
 42
0.1369436295262582
 70
     1
  0
VERTEX
  5
2CAF87
330
2CAF7C
100
AcDbEntity
  8
0
100
AcDbVertex
100
AcDb2dVertex
 10
47.23968894116112
 20
-8.563711542752571
 30
0.0
 42
0.5227007244358011
  0
VERTEX
  5
2CAF88
330
2CAF7C
100
AcDbEntity
  8
0
100
AcDbVertex
100
AcDb2dVertex
 10
46.32991612993644
 20
-8.50620812916895
 30
0.0
 42
-0.4482412192139957
 70
     1
  0
VERTEX
  5
2CAF89
330
2CAF7C
100
AcDbEntity
  8
0
100
AcDbVertex
100
AcDb2dVertex
 10
45.32891011820175
 20
-8.563711542752571
 30
0.0
 42
-0.4482412192140118
  0
VERTEX
  5
2CAF8A
330
2CAF7C
100
AcDbEntity
  8
0
100
AcDbVertex
100
AcDb2dVertex
 10
45.38641353184355
 20
-7.562705531017853
 30
0.0
 42
0.5227007244358805
 70
     1
  0
VERTEX
  5
2CAF8B
330
2CAF7C
100
AcDbEntity
  8
0
100
AcDbVertex
100
AcDb2dVertex
 10
45.32891011820175
 20
-6.652932719851378
 30
0.0
 42
0.1369436295258127
  0
VERTEX
  5
2CAF8C
330
2CAF7C
100
AcDbEntity
  8
0
100
AcDbVertex
100
AcDb2dVertex
 10
44.75050735741388
 20
-6.491487908526322
 30
0.0
 42
0.1369436295256074
 70
     1
  0
VERTEX
  5
2CAF8D
330
2CAF7C
100
AcDbEntity
  8
0
100
AcDbVertex
100
AcDb2dVertex
 10
44.17210459650958
 20
-6.652932719851378
 30
0.0
 42
0.5227007244353051
  0
VERTEX
  5
2CAF8E
330
2CAF7C
100
AcDbEntity
  8
0
100
AcDbVertex
100
AcDb2dVertex
 10
44.11460118286777
 20
-7.562705531017853
 30
0.0
 42
-0.4482412192144852
 70
     1
  0
VERTEX
  5
2CAF8F
330
2CAF7C
100
AcDbEntity
  8
0
100
AcDbVertex
100
AcDb2dVertex
 10
44.17210459650958
 20
-8.563711542752571
 30
0.0
 42
-0.4482412192143392
  0
VERTEX
  5
2CAF90
330
2CAF7C
100
AcDbEntity
  8
0
100
AcDbVertex
100
AcDb2dVertex
 10
43.17109858477489
 20
-8.50620812916895
 30
0.0
 42
0.5227007244354749
 70
     1
  0
VERTEX
  5
2CAF91
330
2CAF7C
100
AcDbEntity
  8
0
100
AcDbVertex
100
AcDb2dVertex
 10
42.26132577366661
 20
-8.563711542752571
 30
0.0
 42
0.136943629525807
  0
VERTEX
  5
2CAF92
330
2CAF7C
100
AcDbEntity
  8
0
100
AcDbVertex
100
AcDb2dVertex
 10
42.09988096228335
 20
-9.142114303598646
 30
0.0
 42
0.1369436295259948
 70
     1
  0
VERTEX
  5
2CAF93
330
2CAF7C
100
AcDbEntity
  8
0
100
AcDbVertex
100
AcDb2dVertex
 10
42.26132577366661
 20
-9.720517064502928
 30
0.0
 42
0.5227007244355511
  0
VERTEX
  5
2CAF94
330
2CAF7C
100
AcDbEntity
  8
0
100
AcDbVertex
100
AcDb2dVertex
 10
43.17109858477489
 20
-9.778020478086546
 30
0.0
 42
-0.4482412192142257
 70
     1
  0
SEQEND
  5
2CAF95
330
2CAF7C
100
AcDbEntity
  8
0
  0
POLYLINE
  5
2CAF96
330
2D7C30
100
AcDbEntity
  8
0
100
AcDb2dPolyline
 66
     1
 10
0.0
 20
0.0
 30
0.0
 70
     3
 40
0.0214860603461034
 41
0.0214860603461034
  0
VERTEX
  5
2CAF97
330
2CAF96
100
AcDbEntity
  8
0
100
AcDbVertex
100
AcDb2dVertex
 10
63.8278954034904
 20
-71.27948293549707
 30
0.0
 41
0.0214860603461035
 42
-0.4482412192140731
  0
VERTEX
  5
2CAF98
330
2CAF96
100
AcDbEntity
  8
0
100
AcDbVertex
100
AcDb2dVertex
 10
63.88539881713223
 20
-70.27847692376235
 30
0.0
 40
0.0214860603461035
 42
0.5227007244355947
 70
     1
  0
VERTEX
  5
2CAF99
330
2CAF96
100
AcDbEntity
  8
0
100
AcDbVertex
100
AcDb2dVertex
 10
63.8278954034904
 20
-69.36870411265409
 30
0.0
 41
0.0214860603461035
 42
0.1369436295261756
  0
VERTEX
  5
2CAF9A
330
2CAF96
100
AcDbEntity
  8
0
100
AcDbVertex
100
AcDb2dVertex
 10
63.24949264258613
 20
-69.20725930127082
 30
0.0
 40
0.0214860603461035
 42
0.1369436295261581
 70
     1
  0
VERTEX
  5
2CAF9B
330
2CAF96
100
AcDbEntity
  8
0
100
AcDbVertex
100
AcDb2dVertex
 10
62.67108988179826
 20
-69.36870411265409
 30
0.0
 42
0.5227007244352544
  0
VERTEX
  5
2CAF9C
330
2CAF96
100
AcDbEntity
  8
0
100
AcDbVertex
100
AcDb2dVertex
 10
62.61358646815644
 20
-70.27847692376235
 30
0.0
 42
-0.4482412192142792
 70
     1
  0
VERTEX
  5
2CAF9D
330
2CAF96
100
AcDbEntity
  8
0
100
AcDbVertex
100
AcDb2dVertex
 10
62.67108988179826
 20
-71.27948293549707
 30
0.0
 42
-0.4482412192138824
  0
VERTEX
  5
2CAF9E
330
2CAF96
100
AcDbEntity
  8
0
100
AcDbVertex
100
AcDb2dVertex
 10
61.67008387006355
 20
-71.22197952191346
 30
0.0
 42
0.522700724435877
 70
     1
  0
VERTEX
  5
2CAF9F
330
2CAF96
100
AcDbEntity
  8
0
100
AcDbVertex
100
AcDb2dVertex
 10
60.76031105883885
 20
-71.27948293549707
 30
0.0
 42
0.1369436295260004
  0
VERTEX
  5
2CAFA0
330
2CAF96
100
AcDbEntity
  8
0
100
AcDbVertex
100
AcDb2dVertex
 10
60.59886624745558
 20
-71.85788569640135
 30
0.0
 42
0.1369436295262582
 70
     1
  0
VERTEX
  5
2CAFA1
330
2CAF96
100
AcDbEntity
  8
0
100
AcDbVertex
100
AcDb2dVertex
 10
60.76031105883885
 20
-72.43628845724741
 30
0.0
 42
0.5227007244358011
  0
VERTEX
  5
2CAFA2
330
2CAF96
100
AcDbEntity
  8
0
100
AcDbVertex
100
AcDb2dVertex
 10
61.67008387006355
 20
-72.49379187083104
 30
0.0
 42
-0.4482412192139957
 70
     1
  0
VERTEX
  5
2CAFA3
330
2CAF96
100
AcDbEntity
  8
0
100
AcDbVertex
100
AcDb2dVertex
 10
62.67108988179826
 20
-72.43628845724741
 30
0.0
 42
-0.4482412192140118
  0
VERTEX
  5
2CAFA4
330
2CAF96
100
AcDbEntity
  8
0
100
AcDbVertex
100
AcDb2dVertex
 10
62.61358646815644
 20
-73.43729446898215
 30
0.0
 42
0.5227007244358805
 70
     1
  0
VERTEX
  5
2CAFA5
330
2CAF96
100
AcDbEntity
  8
0
100
AcDbVertex
100
AcDb2dVertex
 10
62.67108988179826
 20
-74.34706728014862
 30
0.0
 42
0.1369436295258127
  0
VERTEX
  5
2CAFA6
330
2CAF96
100
AcDbEntity
  8
0
100
AcDbVertex
100
AcDb2dVertex
 10
63.24949264258613
 20
-74.50851209147367
 30
0.0
 42
0.1369436295256074
 70
     1
  0
VERTEX
  5
2CAFA7
330
2CAF96
100
AcDbEntity
  8
0
100
AcDbVertex
100
AcDb2dVertex
 10
63.8278954034904
 20
-74.34706728014862
 30
0.0
 42
0.5227007244353051
  0
VERTEX
  5
2CAFA8
330
2CAF96
100
AcDbEntity
  8
0
100
AcDbVertex
100
AcDb2dVertex
 10
63.88539881713223
 20
-73.43729446898215
 30
0.0
 42
-0.4482412192144852
 70
     1
  0
VERTEX
  5
2CAFA9
330
2CAF96
100
AcDbEntity
  8
0
100
AcDbVertex
100
AcDb2dVertex
 10
63.8278954034904
 20
-72.43628845724741
 30
0.0
 42
-0.4482412192143392
  0
VERTEX
  5
2CAFAA
330
2CAF96
100
AcDbEntity
  8
0
100
AcDbVertex
100
AcDb2dVertex
 10
64.82890141522513
 20
-72.49379187083104
 30
0.0
 42
0.5227007244354749
 70
     1
  0
VERTEX
  5
2CAFAB
330
2CAF96
100
AcDbEntity
  8
0
100
AcDbVertex
100
AcDb2dVertex
 10
65.73867422633338
 20
-72.43628845724741
 30
0.0
 42
0.136943629525807
  0
VERTEX
  5
2CAFAC
330
2CAF96
100
AcDbEntity
  8
0
100
AcDbVertex
100
AcDb2dVertex
 10
65.90011903771665
 20
-71.85788569640135
 30
0.0
 42
0.1369436295259948
 70
     1
  0
VERTEX
  5
2CAFAD
330
2CAF96
100
AcDbEntity
  8
0
100
AcDbVertex
100
AcDb2dVertex
 10
65.73867422633338
 20
-71.27948293549707
 30
0.0
 42
0.5227007244355511
  0
VERTEX
  5
2CAFAE
330
2CAF96
100
AcDbEntity
  8
0
100
AcDbVertex
100
AcDb2dVertex
 10
64.82890141522513
 20
-71.22197952191346
 30
0.0
 42
-0.4482412192142257
 70
     1
  0
SEQEND
  5
2CAFAF
330
2CAF96
100
AcDbEntity
  8
0
  0
POLYLINE
  5
2CAFB0
330
2D7C30
100
AcDbEntity
  8
0
100
AcDb2dPolyline
 66
     1
 10
0.0
 20
0.0
 30
0.0
 70
     3
 40
0.0214860603461034
 41
0.0214860603461034
  0
VERTEX
  5
2CAFB1
330
2CAFB0
100
AcDbEntity
  8
0
100
AcDbVertex
100
AcDb2dVertex
 10
9.8278954034904
 20
-71.27948293549707
 30
0.0
 41
0.0214860603461035
 42
-0.4482412192140731
  0
VERTEX
  5
2CAFB2
330
2CAFB0
100
AcDbEntity
  8
0
100
AcDbVertex
100
AcDb2dVertex
 10
9.885398817132223
 20
-70.27847692376235
 30
0.0
 40
0.0214860603461035
 42
0.5227007244355947
 70
     1
  0
VERTEX
  5
2CAFB3
330
2CAFB0
100
AcDbEntity
  8
0
100
AcDbVertex
100
AcDb2dVertex
 10
9.8278954034904
 20
-69.36870411265409
 30
0.0
 41
0.0214860603461035
 42
0.1369436295261756
  0
VERTEX
  5
2CAFB4
330
2CAFB0
100
AcDbEntity
  8
0
100
AcDbVertex
100
AcDb2dVertex
 10
9.249492642586119
 20
-69.20725930127082
 30
0.0
 40
0.0214860603461035
 42
0.1369436295261581
 70
     1
  0
VERTEX
  5
2CAFB5
330
2CAFB0
100
AcDbEntity
  8
0
100
AcDbVertex
100
AcDb2dVertex
 10
8.671089881798252
 20
-69.36870411265409
 30
0.0
 42
0.5227007244352544
  0
VERTEX
  5
2CAFB6
330
2CAFB0
100
AcDbEntity
  8
0
100
AcDbVertex
100
AcDb2dVertex
 10
8.613586468156427
 20
-70.27847692376235
 30
0.0
 42
-0.4482412192142792
 70
     1
  0
VERTEX
  5
2CAFB7
330
2CAFB0
100
AcDbEntity
  8
0
100
AcDbVertex
100
AcDb2dVertex
 10
8.671089881798252
 20
-71.27948293549707
 30
0.0
 42
-0.4482412192138824
  0
VERTEX
  5
2CAFB8
330
2CAFB0
100
AcDbEntity
  8
0
100
AcDbVertex
100
AcDb2dVertex
 10
7.670083870063534
 20
-71.22197952191346
 30
0.0
 42
0.522700724435877
 70
     1
  0
VERTEX
  5
2CAFB9
330
2CAFB0
100
AcDbEntity
  8
0
100
AcDbVertex
100
AcDb2dVertex
 10
6.760311058838849
 20
-71.27948293549707
 30
0.0
 42
0.1369436295260004
  0
VERTEX
  5
2CAFBA
330
2CAFB0
100
AcDbEntity
  8
0
100
AcDbVertex
100
AcDb2dVertex
 10
6.598866247455586
 20
-71.85788569640135
 30
0.0
 42
0.1369436295262582
 70
     1
  0
VERTEX
  5
2CAFBB
330
2CAFB0
100
AcDbEntity
  8
0
100
AcDbVertex
100
AcDb2dVertex
 10
6.760311058838849
 20
-72.43628845724741
 30
0.0
 42
0.5227007244358011
  0
VERTEX
  5
2CAFBC
330
2CAFB0
100
AcDbEntity
  8
0
100
AcDbVertex
100
AcDb2dVertex
 10
7.670083870063534
 20
-72.49379187083104
 30
0.0
 42
-0.4482412192139957
 70
     1
  0
VERTEX
  5
2CAFBD
330
2CAFB0
100
AcDbEntity
  8
0
100
AcDbVertex
100
AcDb2dVertex
 10
8.671089881798252
 20
-72.43628845724741
 30
0.0
 42
-0.4482412192140118
  0
VERTEX
  5
2CAFBE
330
2CAFB0
100
AcDbEntity
  8
0
100
AcDbVertex
100
AcDb2dVertex
 10
8.613586468156427
 20
-73.43729446898215
 30
0.0
 42
0.5227007244358805
 70
     1
  0
VERTEX
  5
2CAFBF
330
2CAFB0
100
AcDbEntity
  8
0
100
AcDbVertex
100
AcDb2dVertex
 10
8.671089881798252
 20
-74.34706728014862
 30
0.0
 42
0.1369436295258127
  0
VERTEX
  5
2CAFC0
330
2CAFB0
100
AcDbEntity
  8
0
100
AcDbVertex
100
AcDb2dVertex
 10
9.249492642586119
 20
-74.50851209147367
 30
0.0
 42
0.1369436295256074
 70
     1
  0
VERTEX
  5
2CAFC1
330
2CAFB0
100
AcDbEntity
  8
0
100
AcDbVertex
100
AcDb2dVertex
 10
9.8278954034904
 20
-74.34706728014862
 30
0.0
 42
0.5227007244353051
  0
VERTEX
  5
2CAFC2
330
2CAFB0
100
AcDbEntity
  8
0
100
AcDbVertex
100
AcDb2dVertex
 10
9.885398817132223
 20
-73.43729446898215
 30
0.0
 42
-0.4482412192144852
 70
     1
  0
VERTEX
  5
2CAFC3
330
2CAFB0
100
AcDbEntity
  8
0
100
AcDbVertex
100
AcDb2dVertex
 10
9.8278954034904
 20
-72.43628845724741
 30
0.0
 42
-0.4482412192143392
  0
VERTEX
  5
2CAFC4
330
2CAFB0
100
AcDbEntity
  8
0
100
AcDbVertex
100
AcDb2dVertex
 10
10.82890141522512
 20
-72.49379187083104
 30
0.0
 42
0.5227007244354749
 70
     1
  0
VERTEX
  5
2CAFC5
330
2CAFB0
100
AcDbEntity
  8
0
100
AcDbVertex
100
AcDb2dVertex
 10
11.73867422633338
 20
-72.43628845724741
 30
0.0
 42
0.136943629525807
  0
VERTEX
  5
2CAFC6
330
2CAFB0
100
AcDbEntity
  8
0
100
AcDbVertex
100
AcDb2dVertex
 10
11.90011903771664
 20
-71.85788569640135
 30
0.0
 42
0.1369436295259948
 70
     1
  0
VERTEX
  5
2CAFC7
330
2CAFB0
100
AcDbEntity
  8
0
100
AcDbVertex
100
AcDb2dVertex
 10
11.73867422633338
 20
-71.27948293549707
 30
0.0
 42
0.5227007244355511
  0
VERTEX
  5
2CAFC8
330
2CAFB0
100
AcDbEntity
  8
0
100
AcDbVertex
100
AcDb2dVertex
 10
10.82890141522512
 20
-71.22197952191346
 30
0.0
 42
-0.4482412192142257
 70
     1
  0
SEQEND
  5
2CAFC9
330
2CAFB0
100
AcDbEntity
  8
0
  0
POLYLINE
  5
2CAFCA
330
2D7C30
100
AcDbEntity
  8
0
100
AcDb2dPolyline
 66
     1
 10
0.0
 20
0.0
 30
0.0
 70
     3
 40
0.0214860603461034
 41
0.0214860603461034
  0
VERTEX
  5
2CAFCB
330
2CAFCA
100
AcDbEntity
  8
0
100
AcDbVertex
100
AcDb2dVertex
 10
27.8278954034904
 20
-71.27948293549707
 30
0.0
 41
0.0214860603461035
 42
-0.4482412192140731
  0
VERTEX
  5
2CAFCC
330
2CAFCA
100
AcDbEntity
  8
0
100
AcDbVertex
100
AcDb2dVertex
 10
27.88539881713223
 20
-70.27847692376235
 30
0.0
 40
0.0214860603461035
 42
0.5227007244355947
 70
     1
  0
VERTEX
  5
2CAFCD
330
2CAFCA
100
AcDbEntity
  8
0
100
AcDbVertex
100
AcDb2dVertex
 10
27.8278954034904
 20
-69.36870411265409
 30
0.0
 41
0.0214860603461035
 42
0.1369436295261756
  0
VERTEX
  5
2CAFCE
330
2CAFCA
100
AcDbEntity
  8
0
100
AcDbVertex
100
AcDb2dVertex
 10
27.24949264258612
 20
-69.20725930127082
 30
0.0
 40
0.0214860603461035
 42
0.1369436295261581
 70
     1
  0
VERTEX
  5
2CAFCF
330
2CAFCA
100
AcDbEntity
  8
0
100
AcDbVertex
100
AcDb2dVertex
 10
26.67108988179825
 20
-69.36870411265409
 30
0.0
 42
0.5227007244352544
  0
VERTEX
  5
2CAFD0
330
2CAFCA
100
AcDbEntity
  8
0
100
AcDbVertex
100
AcDb2dVertex
 10
26.61358646815643
 20
-70.27847692376235
 30
0.0
 42
-0.4482412192142792
 70
     1
  0
VERTEX
  5
2CAFD1
330
2CAFCA
100
AcDbEntity
  8
0
100
AcDbVertex
100
AcDb2dVertex
 10
26.67108988179825
 20
-71.27948293549707
 30
0.0
 42
-0.4482412192138824
  0
VERTEX
  5
2CAFD2
330
2CAFCA
100
AcDbEntity
  8
0
100
AcDbVertex
100
AcDb2dVertex
 10
25.67008387006354
 20
-71.22197952191346
 30
0.0
 42
0.522700724435877
 70
     1
  0
VERTEX
  5
2CAFD3
330
2CAFCA
100
AcDbEntity
  8
0
100
AcDbVertex
100
AcDb2dVertex
 10
24.76031105883885
 20
-71.27948293549707
 30
0.0
 42
0.1369436295260004
  0
VERTEX
  5
2CAFD4
330
2CAFCA
100
AcDbEntity
  8
0
100
AcDbVertex
100
AcDb2dVertex
 10
24.59886624745559
 20
-71.85788569640135
 30
0.0
 42
0.1369436295262582
 70
     1
  0
VERTEX
  5
2CAFD5
330
2CAFCA
100
AcDbEntity
  8
0
100
AcDbVertex
100
AcDb2dVertex
 10
24.76031105883885
 20
-72.43628845724741
 30
0.0
 42
0.5227007244358011
  0
VERTEX
  5
2CAFD6
330
2CAFCA
100
AcDbEntity
  8
0
100
AcDbVertex
100
AcDb2dVertex
 10
25.67008387006354
 20
-72.49379187083104
 30
0.0
 42
-0.4482412192139957
 70
     1
  0
VERTEX
  5
2CAFD7
330
2CAFCA
100
AcDbEntity
  8
0
100
AcDbVertex
100
AcDb2dVertex
 10
26.67108988179825
 20
-72.43628845724741
 30
0.0
 42
-0.4482412192140118
  0
VERTEX
  5
2CAFD8
330
2CAFCA
100
AcDbEntity
  8
0
100
AcDbVertex
100
AcDb2dVertex
 10
26.61358646815643
 20
-73.43729446898215
 30
0.0
 42
0.5227007244358805
 70
     1
  0
VERTEX
  5
2CAFD9
330
2CAFCA
100
AcDbEntity
  8
0
100
AcDbVertex
100
AcDb2dVertex
 10
26.67108988179825
 20
-74.34706728014862
 30
0.0
 42
0.1369436295258127
  0
VERTEX
  5
2CAFDA
330
2CAFCA
100
AcDbEntity
  8
0
100
AcDbVertex
100
AcDb2dVertex
 10
27.24949264258612
 20
-74.50851209147367
 30
0.0
 42
0.1369436295256074
 70
     1
  0
VERTEX
  5
2CAFDB
330
2CAFCA
100
AcDbEntity
  8
0
100
AcDbVertex
100
AcDb2dVertex
 10
27.8278954034904
 20
-74.34706728014862
 30
0.0
 42
0.5227007244353051
  0
VERTEX
  5
2CAFDC
330
2CAFCA
100
AcDbEntity
  8
0
100
AcDbVertex
100
AcDb2dVertex
 10
27.88539881713223
 20
-73.43729446898215
 30
0.0
 42
-0.4482412192144852
 70
     1
  0
VERTEX
  5
2CAFDD
330
2CAFCA
100
AcDbEntity
  8
0
100
AcDbVertex
100
AcDb2dVertex
 10
27.8278954034904
 20
-72.43628845724741
 30
0.0
 42
-0.4482412192143392
  0
VERTEX
  5
2CAFDE
330
2CAFCA
100
AcDbEntity
  8
0
100
AcDbVertex
100
AcDb2dVertex
 10
28.82890141522512
 20
-72.49379187083104
 30
0.0
 42
0.5227007244354749
 70
     1
  0
VERTEX
  5
2CAFDF
330
2CAFCA
100
AcDbEntity
  8
0
100
AcDbVertex
100
AcDb2dVertex
 10
29.7386742263334
 20
-72.43628845724741
 30
0.0
 42
0.136943629525807
  0
VERTEX
  5
2CAFE0
330
2CAFCA
100
AcDbEntity
  8
0
100
AcDbVertex
100
AcDb2dVertex
 10
29.90011903771664
 20
-71.85788569640135
 30
0.0
 42
0.1369436295259948
 70
     1
  0
VERTEX
  5
2CAFE1
330
2CAFCA
100
AcDbEntity
  8
0
100
AcDbVertex
100
AcDb2dVertex
 10
29.7386742263334
 20
-71.27948293549707
 30
0.0
 42
0.5227007244355511
  0
VERTEX
  5
2CAFE2
330
2CAFCA
100
AcDbEntity
  8
0
100
AcDbVertex
100
AcDb2dVertex
 10
28.82890141522512
 20
-71.22197952191346
 30
0.0
 42
-0.4482412192142257
 70
     1
  0
SEQEND
  5
2CAFE3
330
2CAFCA
100
AcDbEntity
  8
0
  0
POLYLINE
  5
2CAFE4
330
2D7C30
100
AcDbEntity
  8
0
100
AcDb2dPolyline
 66
     1
 10
0.0
 20
0.0
 30
0.0
 70
     3
 40
0.0214860603461034
 41
0.0214860603461034
  0
VERTEX
  5
2CAFE5
330
2CAFE4
100
AcDbEntity
  8
0
100
AcDbVertex
100
AcDb2dVertex
 10
44.17210459650958
 20
-71.27948293549707
 30
0.0
 41
0.0214860603461035
 42
0.4482412192140731
  0
VERTEX
  5
2CAFE6
330
2CAFE4
100
AcDbEntity
  8
0
100
AcDbVertex
100
AcDb2dVertex
 10
44.11460118286777
 20
-70.27847692376235
 30
0.0
 40
0.0214860603461035
 42
-0.5227007244355947
 70
     1
  0
VERTEX
  5
2CAFE7
330
2CAFE4
100
AcDbEntity
  8
0
100
AcDbVertex
100
AcDb2dVertex
 10
44.17210459650958
 20
-69.36870411265409
 30
0.0
 41
0.0214860603461035
 42
-0.1369436295261756
  0
VERTEX
  5
2CAFE8
330
2CAFE4
100
AcDbEntity
  8
0
100
AcDbVertex
100
AcDb2dVertex
 10
44.75050735741388
 20
-69.20725930127082
 30
0.0
 40
0.0214860603461035
 42
-0.1369436295261581
 70
     1
  0
VERTEX
  5
2CAFE9
330
2CAFE4
100
AcDbEntity
  8
0
100
AcDbVertex
100
AcDb2dVertex
 10
45.32891011820175
 20
-69.36870411265409
 30
0.0
 42
-0.5227007244352544
  0
VERTEX
  5
2CAFEA
330
2CAFE4
100
AcDbEntity
  8
0
100
AcDbVertex
100
AcDb2dVertex
 10
45.38641353184355
 20
-70.27847692376235
 30
0.0
 42
0.4482412192142792
 70
     1
  0
VERTEX
  5
2CAFEB
330
2CAFE4
100
AcDbEntity
  8
0
100
AcDbVertex
100
AcDb2dVertex
 10
45.32891011820175
 20
-71.27948293549707
 30
0.0
 42
0.4482412192138824
  0
VERTEX
  5
2CAFEC
330
2CAFE4
100
AcDbEntity
  8
0
100
AcDbVertex
100
AcDb2dVertex
 10
46.32991612993644
 20
-71.22197952191346
 30
0.0
 42
-0.522700724435877
 70
     1
  0
VERTEX
  5
2CAFED
330
2CAFE4
100
AcDbEntity
  8
0
100
AcDbVertex
100
AcDb2dVertex
 10
47.23968894116112
 20
-71.27948293549707
 30
0.0
 42
-0.1369436295260004
  0
VERTEX
  5
2CAFEE
330
2CAFE4
100
AcDbEntity
  8
0
100
AcDbVertex
100
AcDb2dVertex
 10
47.4011337525444
 20
-71.85788569640135
 30
0.0
 42
-0.1369436295262582
 70
     1
  0
VERTEX
  5
2CAFEF
330
2CAFE4
100
AcDbEntity
  8
0
100
AcDbVertex
100
AcDb2dVertex
 10
47.23968894116112
 20
-72.43628845724741
 30
0.0
 42
-0.5227007244358011
  0
VERTEX
  5
2CAFF0
330
2CAFE4
100
AcDbEntity
  8
0
100
AcDbVertex
100
AcDb2dVertex
 10
46.32991612993644
 20
-72.49379187083104
 30
0.0
 42
0.4482412192139957
 70
     1
  0
VERTEX
  5
2CAFF1
330
2CAFE4
100
AcDbEntity
  8
0
100
AcDbVertex
100
AcDb2dVertex
 10
45.32891011820175
 20
-72.43628845724741
 30
0.0
 42
0.4482412192140118
  0
VERTEX
  5
2CAFF2
330
2CAFE4
100
AcDbEntity
  8
0
100
AcDbVertex
100
AcDb2dVertex
 10
45.38641353184355
 20
-73.43729446898215
 30
0.0
 42
-0.5227007244358805
 70
     1
  0
VERTEX
  5
2CAFF3
330
2CAFE4
100
AcDbEntity
  8
0
100
AcDbVertex
100
AcDb2dVertex
 10
45.32891011820175
 20
-74.34706728014862
 30
0.0
 42
-0.1369436295258127
  0
VERTEX
  5
2CAFF4
330
2CAFE4
100
AcDbEntity
  8
0
100
AcDbVertex
100
AcDb2dVertex
 10
44.75050735741388
 20
-74.50851209147367
 30
0.0
 42
-0.1369436295256074
 70
     1
  0
VERTEX
  5
2CAFF5
330
2CAFE4
100
AcDbEntity
  8
0
100
AcDbVertex
100
AcDb2dVertex
 10
44.17210459650958
 20
-74.34706728014862
 30
0.0
 42
-0.5227007244353051
  0
VERTEX
  5
2CAFF6
330
2CAFE4
100
AcDbEntity
  8
0
100
AcDbVertex
100
AcDb2dVertex
 10
44.11460118286777
 20
-73.43729446898215
 30
0.0
 42
0.4482412192144852
 70
     1
  0
VERTEX
  5
2CAFF7
330
2CAFE4
100
AcDbEntity
  8
0
100
AcDbVertex
100
AcDb2dVertex
 10
44.17210459650958
 20
-72.43628845724741
 30
0.0
 42
0.4482412192143392
  0
VERTEX
  5
2CAFF8
330
2CAFE4
100
AcDbEntity
  8
0
100
AcDbVertex
100
AcDb2dVertex
 10
43.17109858477489
 20
-72.49379187083104
 30
0.0
 42
-0.5227007244354749
 70
     1
  0
VERTEX
  5
2CAFF9
330
2CAFE4
100
AcDbEntity
  8
0
100
AcDbVertex
100
AcDb2dVertex
 10
42.26132577366661
 20
-72.43628845724741
 30
0.0
 42
-0.136943629525807
  0
VERTEX
  5
2CAFFA
330
2CAFE4
100
AcDbEntity
  8
0
100
AcDbVertex
100
AcDb2dVertex
 10
42.09988096228335
 20
-71.85788569640135
 30
0.0
 42
-0.1369436295259948
 70
     1
  0
VERTEX
  5
2CAFFB
330
2CAFE4
100
AcDbEntity
  8
0
100
AcDbVertex
100
AcDb2dVertex
 10
42.26132577366661
 20
-71.27948293549707
 30
0.0
 42
-0.5227007244355511
  0
VERTEX
  5
2CAFFC
330
2CAFE4
100
AcDbEntity
  8
0
100
AcDbVertex
100
AcDb2dVertex
 10
43.17109858477489
 20
-71.22197952191346
 30
0.0
 42
0.4482412192142257
 70
     1
  0
SEQEND
  5
2CAFFD
330
2CAFE4
100
AcDbEntity
  8
0
  0
LINE
  5
2CAFFE
330
2D7C30
100
AcDbEntity
  8
0
100
AcDbLine
 10
72.0
 20
-63.44102554849815
 30
0.0
 11
0.0
 21
-63.44102554849815
 31
0.0
  0
ATTDEF
  5
2CAFFF
330
2D7C30
100
AcDbEntity
  8
0
 62
     7
100
AcDbText
 10
31.0567228847067
 20
-38.18550958134439
 30
0.0
 40
6.0
  1
ID
  7
ROMAND
100
AcDbAttributeDefinition
280
     0
  3
Interruptor Diferencial ID
  2
ID
 70
     0
280
     0
  0
ATTDEF
  5
2CB000
330
2D7C30
100
AcDbEntity
  8
0
 62
     7
100
AcDbText
 10
31.3905956010567
 20
-45.9071125012706
 30
0.0
 40
5.0
  1
25A 
 41
0.75
  7
ROMAND
100
AcDbAttributeDefinition
280
     0
  3
Corriente Nominal In (A) :  
  2
25A
 70
     0
280
     0
  0
ENDBLK
  5
2CB001
330
2D7C30
100
AcDbEntity
  8
0
100
AcDbBlockEnd
  0
BLOCK
  5
2D7C33
330
2D7C32
100
AcDbEntity
  8
0
100
AcDbBlockBegin
  2
TADA
 70
     2
 10
0.0
 20
0.0
 30
0.0
  3
TADA
  1

  0
POLYLINE
  5
2CB006
330
2D7C32
100
AcDbEntity
  8
0
100
AcDb2dPolyline
 66
     1
 10
0.0
 20
0.0
 30
0.0
 70
     3
 40
0.0214860603461034
 41
0.0214860603461034
  0
VERTEX
  5
2CB007
330
2CB006
100
AcDbEntity
  8
0
100
AcDbVertex
100
AcDb2dVertex
 10
9.8278954034904
 20
-71.27948293549707
 30
0.0
 41
0.0214860603461035
 42
-0.4482412192140731
  0
VERTEX
  5
2CB008
330
2CB006
100
AcDbEntity
  8
0
100
AcDbVertex
100
AcDb2dVertex
 10
9.885398817132223
 20
-70.27847692376235
 30
0.0
 40
0.0214860603461035
 42
0.5227007244355947
 70
     1
  0
VERTEX
  5
2CB009
330
2CB006
100
AcDbEntity
  8
0
100
AcDbVertex
100
AcDb2dVertex
 10
9.8278954034904
 20
-69.36870411259588
 30
0.0
 41
0.0214860603461035
 42
0.1369436295261756
  0
VERTEX
  5
2CB00A
330
2CB006
100
AcDbEntity
  8
0
100
AcDbVertex
100
AcDb2dVertex
 10
9.249492642586119
 20
-69.2072593012126
 30
0.0
 40
0.0214860603461035
 42
0.1369436295261581
 70
     1
  0
VERTEX
  5
2CB00B
330
2CB006
100
AcDbEntity
  8
0
100
AcDbVertex
100
AcDb2dVertex
 10
8.671089881798252
 20
-69.36870411259588
 30
0.0
 42
0.5227007244352544
  0
VERTEX
  5
2CB00C
330
2CB006
100
AcDbEntity
  8
0
100
AcDbVertex
100
AcDb2dVertex
 10
8.613586468156427
 20
-70.27847692376235
 30
0.0
 42
-0.4482412192142792
 70
     1
  0
VERTEX
  5
2CB00D
330
2CB006
100
AcDbEntity
  8
0
100
AcDbVertex
100
AcDb2dVertex
 10
8.671089881798252
 20
-71.27948293549707
 30
0.0
 42
-0.4482412192138824
  0
VERTEX
  5
2CB00E
330
2CB006
100
AcDbEntity
  8
0
100
AcDbVertex
100
AcDb2dVertex
 10
7.670083870063534
 20
-71.22197952191346
 30
0.0
 42
0.522700724435877
 70
     1
  0
VERTEX
  5
2CB00F
330
2CB006
100
AcDbEntity
  8
0
100
AcDbVertex
100
AcDb2dVertex
 10
6.760311058838849
 20
-71.27948293549707
 30
0.0
 42
0.1369436295260004
  0
VERTEX
  5
2CB010
330
2CB006
100
AcDbEntity
  8
0
100
AcDbVertex
100
AcDb2dVertex
 10
6.598866247572002
 20
-71.85788569634316
 30
0.0
 42
0.1369436295262582
 70
     1
  0
VERTEX
  5
2CB011
330
2CB006
100
AcDbEntity
  8
0
100
AcDbVertex
100
AcDb2dVertex
 10
6.760311058838849
 20
-72.43628845724741
 30
0.0
 42
0.5227007244358011
  0
VERTEX
  5
2CB012
330
2CB006
100
AcDbEntity
  8
0
100
AcDbVertex
100
AcDb2dVertex
 10
7.670083870063534
 20
-72.49379187083104
 30
0.0
 42
-0.4482412192139957
 70
     1
  0
VERTEX
  5
2CB013
330
2CB006
100
AcDbEntity
  8
0
100
AcDbVertex
100
AcDb2dVertex
 10
8.671089881798252
 20
-72.43628845724741
 30
0.0
 42
-0.4482412192140118
  0
VERTEX
  5
2CB014
330
2CB006
100
AcDbEntity
  8
0
100
AcDbVertex
100
AcDb2dVertex
 10
8.613586468156427
 20
-73.43729446898215
 30
0.0
 42
0.5227007244358805
 70
     1
  0
VERTEX
  5
2CB015
330
2CB006
100
AcDbEntity
  8
0
100
AcDbVertex
100
AcDb2dVertex
 10
8.671089881798252
 20
-74.34706728009041
 30
0.0
 42
0.1369436295258127
  0
VERTEX
  5
2CB016
330
2CB006
100
AcDbEntity
  8
0
100
AcDbVertex
100
AcDb2dVertex
 10
9.249492642586119
 20
-74.50851209147367
 30
0.0
 42
0.1369436295256074
 70
     1
  0
VERTEX
  5
2CB017
330
2CB006
100
AcDbEntity
  8
0
100
AcDbVertex
100
AcDb2dVertex
 10
9.8278954034904
 20
-74.34706728009041
 30
0.0
 42
0.5227007244353051
  0
VERTEX
  5
2CB018
330
2CB006
100
AcDbEntity
  8
0
100
AcDbVertex
100
AcDb2dVertex
 10
9.885398817132223
 20
-73.43729446898215
 30
0.0
 42
-0.4482412192144852
 70
     1
  0
VERTEX
  5
2CB019
330
2CB006
100
AcDbEntity
  8
0
100
AcDbVertex
100
AcDb2dVertex
 10
9.8278954034904
 20
-72.43628845724741
 30
0.0
 42
-0.4482412192143392
  0
VERTEX
  5
2CB01A
330
2CB006
100
AcDbEntity
  8
0
100
AcDbVertex
100
AcDb2dVertex
 10
10.82890141522512
 20
-72.49379187083104
 30
0.0
 42
0.5227007244354749
 70
     1
  0
VERTEX
  5
2CB01B
330
2CB006
100
AcDbEntity
  8
0
100
AcDbVertex
100
AcDb2dVertex
 10
11.73867422633338
 20
-72.43628845724741
 30
0.0
 42
0.136943629525807
  0
VERTEX
  5
2CB01C
330
2CB006
100
AcDbEntity
  8
0
100
AcDbVertex
100
AcDb2dVertex
 10
11.90011903771664
 20
-71.85788569634316
 30
0.0
 42
0.1369436295259948
 70
     1
  0
VERTEX
  5
2CB01D
330
2CB006
100
AcDbEntity
  8
0
100
AcDbVertex
100
AcDb2dVertex
 10
11.73867422633338
 20
-71.27948293549707
 30
0.0
 42
0.5227007244355511
  0
VERTEX
  5
2CB01E
330
2CB006
100
AcDbEntity
  8
0
100
AcDbVertex
100
AcDb2dVertex
 10
10.82890141522512
 20
-71.22197952191346
 30
0.0
 42
-0.4482412192142257
 70
     1
  0
SEQEND
  5
2CB01F
330
2CB006
100
AcDbEntity
  8
0
  0
LINE
  5
2CB020
330
2D7C32
100
AcDbEntity
  8
0
100
AcDbLine
 10
54.0
 20
-81.0
 30
0.0
 11
0.0
 21
-81.0
 31
0.0
  0
LINE
  5
2CB021
330
2D7C32
100
AcDbEntity
  8
0
100
AcDbLine
 10
52.5477513212245
 20
-22.28102550754556
 30
0.0
 11
6.517367877298965
 21
-22.28102550754556
 31
0.0
  0
LINE
  5
2CB022
330
2D7C32
100
AcDbEntity
  8
0
100
AcDbLine
 10
6.517367877298965
 20
-25.97175243654056
 30
0.0
 11
52.5477513212245
 21
-25.97175243654056
 31
0.0
  0
POLYLINE
  5
2CB023
330
2D7C32
100
AcDbEntity
  8
0
100
AcDb2dPolyline
 66
     1
 10
0.0
 20
0.0
 30
0.0
 70
     3
 40
0.0214860603461034
 41
0.0214860603461034
  0
VERTEX
  5
2CB024
330
2CB023
100
AcDbEntity
  8
0
100
AcDbVertex
100
AcDb2dVertex
 10
9.8278954034904
 20
-9.720517064502928
 30
0.0
 41
0.0214860603461035
 42
0.4482412192140731
  0
VERTEX
  5
2CB025
330
2CB023
100
AcDbEntity
  8
0
100
AcDbVertex
100
AcDb2dVertex
 10
9.885398817132223
 20
-10.72152307623764
 30
0.0
 40
0.0214860603461035
 42
-0.5227007244355947
 70
     1
  0
VERTEX
  5
2CB026
330
2CB023
100
AcDbEntity
  8
0
100
AcDbVertex
100
AcDb2dVertex
 10
9.8278954034904
 20
-11.63129588740412
 30
0.0
 41
0.0214860603461035
 42
-0.1369436295261756
  0
VERTEX
  5
2CB027
330
2CB023
100
AcDbEntity
  8
0
100
AcDbVertex
100
AcDb2dVertex
 10
9.249492642586119
 20
-11.79274069872917
 30
0.0
 40
0.0214860603461035
 42
-0.1369436295261581
 70
     1
  0
VERTEX
  5
2CB028
330
2CB023
100
AcDbEntity
  8
0
100
AcDbVertex
100
AcDb2dVertex
 10
8.671089881798252
 20
-11.63129588740412
 30
0.0
 42
-0.5227007244352544
  0
VERTEX
  5
2CB029
330
2CB023
100
AcDbEntity
  8
0
100
AcDbVertex
100
AcDb2dVertex
 10
8.613586468156427
 20
-10.72152307623764
 30
0.0
 42
0.4482412192142792
 70
     1
  0
VERTEX
  5
2CB02A
330
2CB023
100
AcDbEntity
  8
0
100
AcDbVertex
100
AcDb2dVertex
 10
8.671089881798252
 20
-9.720517064502928
 30
0.0
 42
0.4482412192138824
  0
VERTEX
  5
2CB02B
330
2CB023
100
AcDbEntity
  8
0
100
AcDbVertex
100
AcDb2dVertex
 10
7.670083870063534
 20
-9.778020478086546
 30
0.0
 42
-0.522700724435877
 70
     1
  0
VERTEX
  5
2CB02C
330
2CB023
100
AcDbEntity
  8
0
100
AcDbVertex
100
AcDb2dVertex
 10
6.760311058838849
 20
-9.720517064502928
 30
0.0
 42
-0.1369436295260004
  0
VERTEX
  5
2CB02D
330
2CB023
100
AcDbEntity
  8
0
100
AcDbVertex
100
AcDb2dVertex
 10
6.598866247572002
 20
-9.14211430365685
 30
0.0
 42
-0.1369436295262582
 70
     1
  0
VERTEX
  5
2CB02E
330
2CB023
100
AcDbEntity
  8
0
100
AcDbVertex
100
AcDb2dVertex
 10
6.760311058838849
 20
-8.563711542752571
 30
0.0
 42
-0.5227007244358011
  0
VERTEX
  5
2CB02F
330
2CB023
100
AcDbEntity
  8
0
100
AcDbVertex
100
AcDb2dVertex
 10
7.670083870063534
 20
-8.50620812916895
 30
0.0
 42
0.4482412192139957
 70
     1
  0
VERTEX
  5
2CB030
330
2CB023
100
AcDbEntity
  8
0
100
AcDbVertex
100
AcDb2dVertex
 10
8.671089881798252
 20
-8.563711542752571
 30
0.0
 42
0.4482412192140118
  0
VERTEX
  5
2CB031
330
2CB023
100
AcDbEntity
  8
0
100
AcDbVertex
100
AcDb2dVertex
 10
8.613586468156427
 20
-7.562705531017853
 30
0.0
 42
-0.5227007244358805
 70
     1
  0
VERTEX
  5
2CB032
330
2CB023
100
AcDbEntity
  8
0
100
AcDbVertex
100
AcDb2dVertex
 10
8.671089881798252
 20
-6.652932719909586
 30
0.0
 42
-0.1369436295258127
  0
VERTEX
  5
2CB033
330
2CB023
100
AcDbEntity
  8
0
100
AcDbVertex
100
AcDb2dVertex
 10
9.249492642586119
 20
-6.491487908526322
 30
0.0
 42
-0.1369436295256074
 70
     1
  0
VERTEX
  5
2CB034
330
2CB023
100
AcDbEntity
  8
0
100
AcDbVertex
100
AcDb2dVertex
 10
9.8278954034904
 20
-6.652932719909586
 30
0.0
 42
-0.5227007244353051
  0
VERTEX
  5
2CB035
330
2CB023
100
AcDbEntity
  8
0
100
AcDbVertex
100
AcDb2dVertex
 10
9.885398817132223
 20
-7.562705531017853
 30
0.0
 42
0.4482412192144852
 70
     1
  0
VERTEX
  5
2CB036
330
2CB023
100
AcDbEntity
  8
0
100
AcDbVertex
100
AcDb2dVertex
 10
9.8278954034904
 20
-8.563711542752571
 30
0.0
 42
0.4482412192143392
  0
VERTEX
  5
2CB037
330
2CB023
100
AcDbEntity
  8
0
100
AcDbVertex
100
AcDb2dVertex
 10
10.82890141522512
 20
-8.50620812916895
 30
0.0
 42
-0.5227007244354749
 70
     1
  0
VERTEX
  5
2CB038
330
2CB023
100
AcDbEntity
  8
0
100
AcDbVertex
100
AcDb2dVertex
 10
11.73867422633338
 20
-8.563711542752571
 30
0.0
 42
-0.136943629525807
  0
VERTEX
  5
2CB039
330
2CB023
100
AcDbEntity
  8
0
100
AcDbVertex
100
AcDb2dVertex
 10
11.90011903771664
 20
-9.14211430365685
 30
0.0
 42
-0.1369436295259948
 70
     1
  0
VERTEX
  5
2CB03A
330
2CB023
100
AcDbEntity
  8
0
100
AcDbVertex
100
AcDb2dVertex
 10
11.73867422633338
 20
-9.720517064502928
 30
0.0
 42
-0.5227007244355511
  0
VERTEX
  5
2CB03B
330
2CB023
100
AcDbEntity
  8
0
100
AcDbVertex
100
AcDb2dVertex
 10
10.82890141522512
 20
-9.778020478086546
 30
0.0
 42
0.4482412192142257
 70
     1
  0
SEQEND
  5
2CB03C
330
2CB023
100
AcDbEntity
  8
0
  0
LINE
  5
2CB03D
330
2D7C32
100
AcDbEntity
  8
0
100
AcDbLine
 10
0.0
 20
0.0
 30
0.0
 11
54.0
 21
0.0
 31
0.0
  0
TEXT
  5
2CB03E
330
2D7C32
100
AcDbEntity
  8
0
100
AcDbText
 10
6.154439091333188
 20
-21.53339167119702
 30
0.0
 40
3.735953964848107
  1
MERLIN GERIN
 41
0.5
  7
STYLE1
100
AcDbText
  0
TEXT
  5
2CB03F
330
2D7C32
100
AcDbEntity
  8
0
100
AcDbText
 10
7.197718124371021
 20
-24.79079445451498
 30
0.0
 40
1.556647485353376
  1
MULTI 9
  7
STYLE1
100
AcDbText
  0
ATTDEF
  5
2CB040
330
2D7C32
100
AcDbEntity
  8
0
 62
     7
100
AcDbText
 10
0.767705804166326
 20
-39.8172492279482
 30
0.0
 40
5.0
  1
C63
 41
0.75
  7
ROMAND
100
AcDbAttributeDefinition
280
     0
  3
Corriente Nominal In (A) :  
  2
C63
 70
     0
280
     0
  0
ATTDEF
  5
2CB041
330
2D7C32
100
AcDbEntity
  8
0
 62
     7
100
AcDbText
 10
0.767705804166326
 20
-33.37772278661578
 30
0.0
 40
6.0
  1
C60N
 41
0.72
  7
ROMAND
100
AcDbAttributeDefinition
280
     0
  3
Interruptor Termomagnetico C60N 3P 
  2
C60N
 70
     0
280
     0
  0
LINE
  5
2CB042
330
2D7C32
100
AcDbEntity
  8
0
100
AcDbLine
 10
1.832362909335643
 20
-49.7764617879875
 30
0.0
 11
52.16763709066435
 21
-49.77646178804572
 31
0.0
  0
LINE
  5
2CB043
330
2D7C32
100
AcDbEntity
  8
0
100
AcDbLine
 10
52.16763709066435
 20
-60.92123349319443
 30
0.0
 11
1.832362909335643
 21
-60.92123349319443
 31
0.0
  0
LINE
  5
2CB044
330
2D7C32
100
AcDbEntity
  8
0
100
AcDbLine
 10
1.407176196575163
 20
-52.20545498904539
 30
0.0
 11
52.59282380342483
 21
-52.2054549891036
 31
0.0
  0
LINE
  5
2CB045
330
2D7C32
100
AcDbEntity
  8
0
100
AcDbLine
 10
1.22910981986206
 20
-56.30139972426697
 30
0.0
 11
52.77089018025435
 21
-56.30139972432516
 31
0.0
  0
TEXT
  5
2CB046
330
2D7C32
100
AcDbEntity
  8
0
100
AcDbText
 10
4.143967235693708
 20
-47.07870221120539
 30
0.0
 40
5.0
  1
OFF
 41
0.75
100
AcDbText
  0
LWPOLYLINE
  5
2CB047
330
2D7C32
100
AcDbEntity
  8
0
100
AcDbPolyline
 90
        4
 70
     0
 43
0.0
 10
14.64512264297809
 20
-49.77646178804572
 10
14.64512264297809
 20
-41.15506624820409
 10
3.354877357021904
 20
-41.15506624820409
 10
3.354877357021904
 20
-49.77646178804572
  0
CIRCLE
  5
2CB048
330
2D7C32
100
AcDbEntity
  8
0
100
AcDbCircle
 10
9.223083984223192
 20
-9.137927501287775
 30
0.0
 40
3.297356018523212
  0
LINE
  5
2CB049
330
2D7C32
100
AcDbEntity
  8
0
100
AcDbLine
 10
54.0
 20
-16.84124908479862
 30
0.0
 11
0.0
 21
-16.84124908479862
 31
0.0
  0
LINE
  5
2CB04A
330
2D7C32
100
AcDbEntity
  8
0
100
AcDbLine
 10
54.0
 20
-40.49999999999999
 30
0.0
 11
0.0
 21
-40.49999999999999
 31
0.0
  0
LINE
  5
2CB04B
330
2D7C32
100
AcDbEntity
  8
0
100
AcDbLine
 10
54.0
 20
-63.44102554849815
 30
0.0
 11
0.0
 21
-63.44102554849815
 31
0.0
  0
CIRCLE
  5
2CB04C
330
2D7C32
100
AcDbEntity
  8
0
100
AcDbCircle
 10
9.223083984223192
 20
-71.86207249871221
 30
0.0
 40
3.297356018523212
  0
LWPOLYLINE
  5
2CB04D
330
2D7C32
100
AcDbEntity
  8
0
100
AcDbPolyline
 90
        5
 70
     0
 43
0.0
 10
12.07875647209585
 20
-81.0
 10
12.07875647209585
 20
-75.58973501325819
 42
0.7522011098751459
 10
9.169161559198984
 20
-67.86377668677596
 42
0.7346783615832138
 10
6.259566646418534
 20
-75.58973501325819
 10
6.259566646418534
 20
-81.0
  0
LWPOLYLINE
  5
2CB04E
330
2D7C32
100
AcDbEntity
  8
0
100
AcDbPolyline
 90
        5
 70
     0
 43
0.0
 10
12.07875647209585
 20
0.0
 10
12.07875647209585
 20
-5.410264986741821
 42
-0.7522011098751459
 10
9.169161559198984
 20
-13.13622331322404
 42
-0.7346783615832138
 10
6.259566646418534
 20
-5.410264986741821
 10
6.259566646418534
 20
0.0
  0
LINE
  5
2CB04F
330
2D7C32
100
AcDbEntity
  8
0
100
AcDbLine
 10
0.0
 20
-81.0
 30
0.0
 11
0.0
 21
0.0
 31
0.0
  0
LINE
  5
2CB050
330
2D7C32
100
AcDbEntity
  8
0
100
AcDbLine
 10
6.517367877298965
 20
-22.28102550754556
 30
0.0
 11
6.517367877298965
 21
-25.97175243654056
 31
0.0
  0
LWPOLYLINE
  5
2CB051
330
2D7C32
100
AcDbEntity
  8
0
100
AcDbPolyline
 90
        4
 70
     1
 43
0.608038265582163
 10
1.667142387130295
 20
-21.7203762732679
 10
1.667142387130295
 20
-17.92013711336766
 10
5.467381546972317
 20
-17.92013711336766
 10
5.467381546972317
 20
-21.7203762732679
  0
LWPOLYLINE
  5
2CB052
330
2D7C32
100
AcDbEntity
  8
0
100
AcDbPolyline
 90
        2
 70
     0
 43
0.608038265582163
 10
3.570355244213713
 20
-24.22094456735067
 10
5.415726805920709
 20
-24.22094456735067
  0
LWPOLYLINE
  5
2CB053
330
2D7C32
100
AcDbEntity
  8
0
100
AcDbPolyline
 90
        3
 70
     0
 43
0.4940310907855075
 10
5.467381546972317
 20
-17.92013711336766
 10
3.5672619669931
 20
-21.00173232401721
 10
1.667142387130295
 20
-17.92013711336766
  0
LWPOLYLINE
  5
2CB054
330
2D7C32
100
AcDbEntity
  8
0
100
AcDbPolyline
 90
        2
 70
     0
 43
0.608038265582163
 10
3.570355192641727
 20
-22.37557300558547
 42
71545538.61153501
 10
3.570355295785701
 20
-22.37557300558547
  0
LWPOLYLINE
  5
2CB055
330
2D7C32
100
AcDbEntity
  8
0
100
AcDbPolyline
 90
        2
 70
     0
 43
0.0
 10
3.354877357021904
 20
-60.92123349319443
 10
3.354877357021904
 20
-63.44102554849815
  0
LINE
  5
2CB056
330
2D7C32
100
AcDbEntity
  8
0
100
AcDbLine
 10
54.0
 20
0.0
 30
0.0
 11
54.0
 21
-81.0
 31
0.0
  0
POLYLINE
  5
2CB057
330
2D7C32
100
AcDbEntity
  8
0
100
AcDb2dPolyline
 66
     1
 10
0.0
 20
0.0
 30
0.0
 70
     3
 40
0.0214860603461034
 41
0.0214860603461034
  0
VERTEX
  5
2CB058
330
2CB057
100
AcDbEntity
  8
0
100
AcDbVertex
100
AcDb2dVertex
 10
26.1721045965096
 20
-71.27948293549707
 30
0.0
 41
0.0214860603461035
 42
0.4482412192140731
  0
VERTEX
  5
2CB059
330
2CB057
100
AcDbEntity
  8
0
100
AcDbVertex
100
AcDb2dVertex
 10
26.11460118286777
 20
-70.27847692376235
 30
0.0
 40
0.0214860603461035
 42
-0.5227007244355947
 70
     1
  0
VERTEX
  5
2CB05A
330
2CB057
100
AcDbEntity
  8
0
100
AcDbVertex
100
AcDb2dVertex
 10
26.1721045965096
 20
-69.36870411259588
 30
0.0
 41
0.0214860603461035
 42
-0.1369436295261756
  0
VERTEX
  5
2CB05B
330
2CB057
100
AcDbEntity
  8
0
100
AcDbVertex
100
AcDb2dVertex
 10
26.75050735741388
 20
-69.2072593012126
 30
0.0
 40
0.0214860603461035
 42
-0.1369436295261581
 70
     1
  0
VERTEX
  5
2CB05C
330
2CB057
100
AcDbEntity
  8
0
100
AcDbVertex
100
AcDb2dVertex
 10
27.32891011820175
 20
-69.36870411259588
 30
0.0
 42
-0.5227007244352544
  0
VERTEX
  5
2CB05D
330
2CB057
100
AcDbEntity
  8
0
100
AcDbVertex
100
AcDb2dVertex
 10
27.38641353184358
 20
-70.27847692376235
 30
0.0
 42
0.4482412192142792
 70
     1
  0
VERTEX
  5
2CB05E
330
2CB057
100
AcDbEntity
  8
0
100
AcDbVertex
100
AcDb2dVertex
 10
27.32891011820175
 20
-71.27948293549707
 30
0.0
 42
0.4482412192138824
  0
VERTEX
  5
2CB05F
330
2CB057
100
AcDbEntity
  8
0
100
AcDbVertex
100
AcDb2dVertex
 10
28.32991612993648
 20
-71.22197952191346
 30
0.0
 42
-0.522700724435877
 70
     1
  0
VERTEX
  5
2CB060
330
2CB057
100
AcDbEntity
  8
0
100
AcDbVertex
100
AcDb2dVertex
 10
29.23968894116115
 20
-71.27948293549707
 30
0.0
 42
-0.1369436295260004
  0
VERTEX
  5
2CB061
330
2CB057
100
AcDbEntity
  8
0
100
AcDbVertex
100
AcDb2dVertex
 10
29.401133752428
 20
-71.85788569634316
 30
0.0
 42
-0.1369436295262582
 70
     1
  0
VERTEX
  5
2CB062
330
2CB057
100
AcDbEntity
  8
0
100
AcDbVertex
100
AcDb2dVertex
 10
29.23968894116115
 20
-72.43628845724741
 30
0.0
 42
-0.5227007244358011
  0
VERTEX
  5
2CB063
330
2CB057
100
AcDbEntity
  8
0
100
AcDbVertex
100
AcDb2dVertex
 10
28.32991612993648
 20
-72.49379187083104
 30
0.0
 42
0.4482412192139957
 70
     1
  0
VERTEX
  5
2CB064
330
2CB057
100
AcDbEntity
  8
0
100
AcDbVertex
100
AcDb2dVertex
 10
27.32891011820175
 20
-72.43628845724741
 30
0.0
 42
0.4482412192140118
  0
VERTEX
  5
2CB065
330
2CB057
100
AcDbEntity
  8
0
100
AcDbVertex
100
AcDb2dVertex
 10
27.38641353184358
 20
-73.43729446898215
 30
0.0
 42
-0.5227007244358805
 70
     1
  0
VERTEX
  5
2CB066
330
2CB057
100
AcDbEntity
  8
0
100
AcDbVertex
100
AcDb2dVertex
 10
27.32891011820175
 20
-74.34706728009041
 30
0.0
 42
-0.1369436295258127
  0
VERTEX
  5
2CB067
330
2CB057
100
AcDbEntity
  8
0
100
AcDbVertex
100
AcDb2dVertex
 10
26.75050735741388
 20
-74.50851209147367
 30
0.0
 42
-0.1369436295256074
 70
     1
  0
VERTEX
  5
2CB068
330
2CB057
100
AcDbEntity
  8
0
100
AcDbVertex
100
AcDb2dVertex
 10
26.1721045965096
 20
-74.34706728009041
 30
0.0
 42
-0.5227007244353051
  0
VERTEX
  5
2CB069
330
2CB057
100
AcDbEntity
  8
0
100
AcDbVertex
100
AcDb2dVertex
 10
26.11460118286777
 20
-73.43729446898215
 30
0.0
 42
0.4482412192144852
 70
     1
  0
VERTEX
  5
2CB06A
330
2CB057
100
AcDbEntity
  8
0
100
AcDbVertex
100
AcDb2dVertex
 10
26.1721045965096
 20
-72.43628845724741
 30
0.0
 42
0.4482412192143392
  0
VERTEX
  5
2CB06B
330
2CB057
100
AcDbEntity
  8
0
100
AcDbVertex
100
AcDb2dVertex
 10
25.17109858477488
 20
-72.49379187083104
 30
0.0
 42
-0.5227007244354749
 70
     1
  0
VERTEX
  5
2CB06C
330
2CB057
100
AcDbEntity
  8
0
100
AcDbVertex
100
AcDb2dVertex
 10
24.26132577366661
 20
-72.43628845724741
 30
0.0
 42
-0.136943629525807
  0
VERTEX
  5
2CB06D
330
2CB057
100
AcDbEntity
  8
0
100
AcDbVertex
100
AcDb2dVertex
 10
24.09988096228336
 20
-71.85788569634316
 30
0.0
 42
-0.1369436295259948
 70
     1
  0
VERTEX
  5
2CB06E
330
2CB057
100
AcDbEntity
  8
0
100
AcDbVertex
100
AcDb2dVertex
 10
24.26132577366661
 20
-71.27948293549707
 30
0.0
 42
-0.5227007244355511
  0
VERTEX
  5
2CB06F
330
2CB057
100
AcDbEntity
  8
0
100
AcDbVertex
100
AcDb2dVertex
 10
25.17109858477488
 20
-71.22197952191346
 30
0.0
 42
0.4482412192142257
 70
     1
  0
SEQEND
  5
2CB070
330
2CB057
100
AcDbEntity
  8
0
  0
POLYLINE
  5
2CB071
330
2D7C32
100
AcDbEntity
  8
0
100
AcDb2dPolyline
 66
     1
 10
0.0
 20
0.0
 30
0.0
 70
     3
 40
0.0214860603461034
 41
0.0214860603461034
  0
VERTEX
  5
2CB072
330
2CB071
100
AcDbEntity
  8
0
100
AcDbVertex
100
AcDb2dVertex
 10
45.8278954034904
 20
-71.27948293549707
 30
0.0
 41
0.0214860603461035
 42
-0.4482412192140731
  0
VERTEX
  5
2CB073
330
2CB071
100
AcDbEntity
  8
0
100
AcDbVertex
100
AcDb2dVertex
 10
45.88539881713223
 20
-70.27847692376235
 30
0.0
 40
0.0214860603461035
 42
0.5227007244355947
 70
     1
  0
VERTEX
  5
2CB074
330
2CB071
100
AcDbEntity
  8
0
100
AcDbVertex
100
AcDb2dVertex
 10
45.8278954034904
 20
-69.36870411259588
 30
0.0
 41
0.0214860603461035
 42
0.1369436295261756
  0
VERTEX
  5
2CB075
330
2CB071
100
AcDbEntity
  8
0
100
AcDbVertex
100
AcDb2dVertex
 10
45.24949264258609
 20
-69.2072593012126
 30
0.0
 40
0.0214860603461035
 42
0.1369436295261581
 70
     1
  0
VERTEX
  5
2CB076
330
2CB071
100
AcDbEntity
  8
0
100
AcDbVertex
100
AcDb2dVertex
 10
44.67108988179826
 20
-69.36870411259588
 30
0.0
 42
0.5227007244352544
  0
VERTEX
  5
2CB077
330
2CB071
100
AcDbEntity
  8
0
100
AcDbVertex
100
AcDb2dVertex
 10
44.61358646815642
 20
-70.27847692376235
 30
0.0
 42
-0.4482412192142792
 70
     1
  0
VERTEX
  5
2CB078
330
2CB071
100
AcDbEntity
  8
0
100
AcDbVertex
100
AcDb2dVertex
 10
44.67108988179826
 20
-71.27948293549707
 30
0.0
 42
-0.4482412192138824
  0
VERTEX
  5
2CB079
330
2CB071
100
AcDbEntity
  8
0
100
AcDbVertex
100
AcDb2dVertex
 10
43.67008387006353
 20
-71.22197952191346
 30
0.0
 42
0.522700724435877
 70
     1
  0
VERTEX
  5
2CB07A
330
2CB071
100
AcDbEntity
  8
0
100
AcDbVertex
100
AcDb2dVertex
 10
42.76031105883884
 20
-71.27948293549707
 30
0.0
 42
0.1369436295260004
  0
VERTEX
  5
2CB07B
330
2CB071
100
AcDbEntity
  8
0
100
AcDbVertex
100
AcDb2dVertex
 10
42.59886624757199
 20
-71.85788569634316
 30
0.0
 42
0.1369436295262582
 70
     1
  0
VERTEX
  5
2CB07C
330
2CB071
100
AcDbEntity
  8
0
100
AcDbVertex
100
AcDb2dVertex
 10
42.76031105883884
 20
-72.43628845724741
 30
0.0
 42
0.5227007244358011
  0
VERTEX
  5
2CB07D
330
2CB071
100
AcDbEntity
  8
0
100
AcDbVertex
100
AcDb2dVertex
 10
43.67008387006353
 20
-72.49379187083104
 30
0.0
 42
-0.4482412192139957
 70
     1
  0
VERTEX
  5
2CB07E
330
2CB071
100
AcDbEntity
  8
0
100
AcDbVertex
100
AcDb2dVertex
 10
44.67108988179826
 20
-72.43628845724741
 30
0.0
 42
-0.4482412192140118
  0
VERTEX
  5
2CB07F
330
2CB071
100
AcDbEntity
  8
0
100
AcDbVertex
100
AcDb2dVertex
 10
44.61358646815642
 20
-73.43729446898215
 30
0.0
 42
0.5227007244358805
 70
     1
  0
VERTEX
  5
2CB080
330
2CB071
100
AcDbEntity
  8
0
100
AcDbVertex
100
AcDb2dVertex
 10
44.67108988179826
 20
-74.34706728009041
 30
0.0
 42
0.1369436295258127
  0
VERTEX
  5
2CB081
330
2CB071
100
AcDbEntity
  8
0
100
AcDbVertex
100
AcDb2dVertex
 10
45.24949264258609
 20
-74.50851209147367
 30
0.0
 42
0.1369436295256074
 70
     1
  0
VERTEX
  5
2CB082
330
2CB071
100
AcDbEntity
  8
0
100
AcDbVertex
100
AcDb2dVertex
 10
45.8278954034904
 20
-74.34706728009041
 30
0.0
 42
0.5227007244353051
  0
VERTEX
  5
2CB083
330
2CB071
100
AcDbEntity
  8
0
100
AcDbVertex
100
AcDb2dVertex
 10
45.88539881713223
 20
-73.43729446898215
 30
0.0
 42
-0.4482412192144852
 70
     1
  0
VERTEX
  5
2CB084
330
2CB071
100
AcDbEntity
  8
0
100
AcDbVertex
100
AcDb2dVertex
 10
45.8278954034904
 20
-72.43628845724741
 30
0.0
 42
-0.4482412192143392
  0
VERTEX
  5
2CB085
330
2CB071
100
AcDbEntity
  8
0
100
AcDbVertex
100
AcDb2dVertex
 10
46.82890141522511
 20
-72.49379187083104
 30
0.0
 42
0.5227007244354749
 70
     1
  0
VERTEX
  5
2CB086
330
2CB071
100
AcDbEntity
  8
0
100
AcDbVertex
100
AcDb2dVertex
 10
47.73867422633337
 20
-72.43628845724741
 30
0.0
 42
0.136943629525807
  0
VERTEX
  5
2CB087
330
2CB071
100
AcDbEntity
  8
0
100
AcDbVertex
100
AcDb2dVertex
 10
47.90011903771665
 20
-71.85788569634316
 30
0.0
 42
0.1369436295259948
 70
     1
  0
VERTEX
  5
2CB088
330
2CB071
100
AcDbEntity
  8
0
100
AcDbVertex
100
AcDb2dVertex
 10
47.73867422633337
 20
-71.27948293549707
 30
0.0
 42
0.5227007244355511
  0
VERTEX
  5
2CB089
330
2CB071
100
AcDbEntity
  8
0
100
AcDbVertex
100
AcDb2dVertex
 10
46.82890141522511
 20
-71.22197952191346
 30
0.0
 42
-0.4482412192142257
 70
     1
  0
SEQEND
  5
2CB08A
330
2CB071
100
AcDbEntity
  8
0
  0
LINE
  5
2CB08B
330
2D7C32
100
AcDbEntity
  8
0
100
AcDbLine
 10
21.6295272402931
 20
-81.0
 30
0.0
 11
21.6295272402931
 21
-84.63158179912715
 31
0.0
  0
LINE
  5
2CB08C
330
2D7C32
100
AcDbEntity
  8
0
100
AcDbLine
 10
21.6295272402931
 20
-84.63158179912715
 30
0.0
 11
32.37047275959048
 21
-84.63158179912715
 31
0.0
  0
LINE
  5
2CB08D
330
2D7C32
100
AcDbEntity
  8
0
100
AcDbLine
 10
32.37047275959048
 20
-84.63158179912715
 30
0.0
 11
32.37047275959048
 21
-81.0
 31
0.0
  0
LINE
  5
2CB08E
330
2D7C32
100
AcDbEntity
  8
0
100
AcDbLine
 10
32.37047275959048
 20
-81.0
 30
0.0
 11
21.6295272402931
 21
-81.0
 31
0.0
  0
LINE
  5
2CB08F
330
2D7C32
100
AcDbEntity
  8
0
100
AcDbLine
 10
52.5477513212245
 20
-25.97175243654056
 30
0.0
 11
52.5477513212245
 21
-22.28102550754556
 31
0.0
  0
POLYLINE
  5
2CB090
330
2D7C32
100
AcDbEntity
  8
0
100
AcDb2dPolyline
 66
     1
 10
0.0
 20
0.0
 30
0.0
 70
     3
 40
0.0214860603461034
 41
0.0214860603461034
  0
VERTEX
  5
2CB091
330
2CB090
100
AcDbEntity
  8
0
100
AcDbVertex
100
AcDb2dVertex
 10
45.8278954034904
 20
-9.720517064502928
 30
0.0
 41
0.0214860603461035
 42
0.4482412192140731
  0
VERTEX
  5
2CB092
330
2CB090
100
AcDbEntity
  8
0
100
AcDbVertex
100
AcDb2dVertex
 10
45.88539881713223
 20
-10.72152307623764
 30
0.0
 40
0.0214860603461035
 42
-0.5227007244355947
 70
     1
  0
VERTEX
  5
2CB093
330
2CB090
100
AcDbEntity
  8
0
100
AcDbVertex
100
AcDb2dVertex
 10
45.8278954034904
 20
-11.63129588740412
 30
0.0
 41
0.0214860603461035
 42
-0.1369436295261756
  0
VERTEX
  5
2CB094
330
2CB090
100
AcDbEntity
  8
0
100
AcDbVertex
100
AcDb2dVertex
 10
45.24949264258609
 20
-11.79274069872917
 30
0.0
 40
0.0214860603461035
 42
-0.1369436295261581
 70
     1
  0
VERTEX
  5
2CB095
330
2CB090
100
AcDbEntity
  8
0
100
AcDbVertex
100
AcDb2dVertex
 10
44.67108988179826
 20
-11.63129588740412
 30
0.0
 42
-0.5227007244352544
  0
VERTEX
  5
2CB096
330
2CB090
100
AcDbEntity
  8
0
100
AcDbVertex
100
AcDb2dVertex
 10
44.61358646815642
 20
-10.72152307623764
 30
0.0
 42
0.4482412192142792
 70
     1
  0
VERTEX
  5
2CB097
330
2CB090
100
AcDbEntity
  8
0
100
AcDbVertex
100
AcDb2dVertex
 10
44.67108988179826
 20
-9.720517064502928
 30
0.0
 42
0.4482412192138824
  0
VERTEX
  5
2CB098
330
2CB090
100
AcDbEntity
  8
0
100
AcDbVertex
100
AcDb2dVertex
 10
43.67008387006353
 20
-9.778020478086546
 30
0.0
 42
-0.522700724435877
 70
     1
  0
VERTEX
  5
2CB099
330
2CB090
100
AcDbEntity
  8
0
100
AcDbVertex
100
AcDb2dVertex
 10
42.76031105883884
 20
-9.720517064502928
 30
0.0
 42
-0.1369436295260004
  0
VERTEX
  5
2CB09A
330
2CB090
100
AcDbEntity
  8
0
100
AcDbVertex
100
AcDb2dVertex
 10
42.59886624757199
 20
-9.14211430365685
 30
0.0
 42
-0.1369436295262582
 70
     1
  0
VERTEX
  5
2CB09B
330
2CB090
100
AcDbEntity
  8
0
100
AcDbVertex
100
AcDb2dVertex
 10
42.76031105883884
 20
-8.563711542752571
 30
0.0
 42
-0.5227007244358011
  0
VERTEX
  5
2CB09C
330
2CB090
100
AcDbEntity
  8
0
100
AcDbVertex
100
AcDb2dVertex
 10
43.67008387006353
 20
-8.50620812916895
 30
0.0
 42
0.4482412192139957
 70
     1
  0
VERTEX
  5
2CB09D
330
2CB090
100
AcDbEntity
  8
0
100
AcDbVertex
100
AcDb2dVertex
 10
44.67108988179826
 20
-8.563711542752571
 30
0.0
 42
0.4482412192140118
  0
VERTEX
  5
2CB09E
330
2CB090
100
AcDbEntity
  8
0
100
AcDbVertex
100
AcDb2dVertex
 10
44.61358646815642
 20
-7.562705531017853
 30
0.0
 42
-0.5227007244358805
 70
     1
  0
VERTEX
  5
2CB09F
330
2CB090
100
AcDbEntity
  8
0
100
AcDbVertex
100
AcDb2dVertex
 10
44.67108988179826
 20
-6.652932719909586
 30
0.0
 42
-0.1369436295258127
  0
VERTEX
  5
2CB0A0
330
2CB090
100
AcDbEntity
  8
0
100
AcDbVertex
100
AcDb2dVertex
 10
45.24949264258609
 20
-6.491487908526322
 30
0.0
 42
-0.1369436295256074
 70
     1
  0
VERTEX
  5
2CB0A1
330
2CB090
100
AcDbEntity
  8
0
100
AcDbVertex
100
AcDb2dVertex
 10
45.8278954034904
 20
-6.652932719909586
 30
0.0
 42
-0.5227007244353051
  0
VERTEX
  5
2CB0A2
330
2CB090
100
AcDbEntity
  8
0
100
AcDbVertex
100
AcDb2dVertex
 10
45.88539881713223
 20
-7.562705531017853
 30
0.0
 42
0.4482412192144852
 70
     1
  0
VERTEX
  5
2CB0A3
330
2CB090
100
AcDbEntity
  8
0
100
AcDbVertex
100
AcDb2dVertex
 10
45.8278954034904
 20
-8.563711542752571
 30
0.0
 42
0.4482412192143392
  0
VERTEX
  5
2CB0A4
330
2CB090
100
AcDbEntity
  8
0
100
AcDbVertex
100
AcDb2dVertex
 10
46.82890141522511
 20
-8.50620812916895
 30
0.0
 42
-0.5227007244354749
 70
     1
  0
VERTEX
  5
2CB0A5
330
2CB090
100
AcDbEntity
  8
0
100
AcDbVertex
100
AcDb2dVertex
 10
47.73867422633337
 20
-8.563711542752571
 30
0.0
 42
-0.136943629525807
  0
VERTEX
  5
2CB0A6
330
2CB090
100
AcDbEntity
  8
0
100
AcDbVertex
100
AcDb2dVertex
 10
47.90011903771665
 20
-9.14211430365685
 30
0.0
 42
-0.1369436295259948
 70
     1
  0
VERTEX
  5
2CB0A7
330
2CB090
100
AcDbEntity
  8
0
100
AcDbVertex
100
AcDb2dVertex
 10
47.73867422633337
 20
-9.720517064502928
 30
0.0
 42
-0.5227007244355511
  0
VERTEX
  5
2CB0A8
330
2CB090
100
AcDbEntity
  8
0
100
AcDbVertex
100
AcDb2dVertex
 10
46.82890141522511
 20
-9.778020478086546
 30
0.0
 42
0.4482412192142257
 70
     1
  0
SEQEND
  5
2CB0A9
330
2CB090
100
AcDbEntity
  8
0
  0
POLYLINE
  5
2CB0AA
330
2D7C32
100
AcDbEntity
  8
0
100
AcDb2dPolyline
 66
     1
 10
0.0
 20
0.0
 30
0.0
 70
     3
 40
0.0214860603461034
 41
0.0214860603461034
  0
VERTEX
  5
2CB0AB
330
2CB0AA
100
AcDbEntity
  8
0
100
AcDbVertex
100
AcDb2dVertex
 10
26.1721045965096
 20
-9.720517064502928
 30
0.0
 41
0.0214860603461035
 42
-0.4482412192140731
  0
VERTEX
  5
2CB0AC
330
2CB0AA
100
AcDbEntity
  8
0
100
AcDbVertex
100
AcDb2dVertex
 10
26.11460118286777
 20
-10.72152307623764
 30
0.0
 40
0.0214860603461035
 42
0.5227007244355947
 70
     1
  0
VERTEX
  5
2CB0AD
330
2CB0AA
100
AcDbEntity
  8
0
100
AcDbVertex
100
AcDb2dVertex
 10
26.1721045965096
 20
-11.63129588740412
 30
0.0
 41
0.0214860603461035
 42
0.1369436295261756
  0
VERTEX
  5
2CB0AE
330
2CB0AA
100
AcDbEntity
  8
0
100
AcDbVertex
100
AcDb2dVertex
 10
26.75050735741388
 20
-11.79274069872917
 30
0.0
 40
0.0214860603461035
 42
0.1369436295261581
 70
     1
  0
VERTEX
  5
2CB0AF
330
2CB0AA
100
AcDbEntity
  8
0
100
AcDbVertex
100
AcDb2dVertex
 10
27.32891011820175
 20
-11.63129588740412
 30
0.0
 42
0.5227007244352544
  0
VERTEX
  5
2CB0B0
330
2CB0AA
100
AcDbEntity
  8
0
100
AcDbVertex
100
AcDb2dVertex
 10
27.38641353184358
 20
-10.72152307623764
 30
0.0
 42
-0.4482412192142792
 70
     1
  0
VERTEX
  5
2CB0B1
330
2CB0AA
100
AcDbEntity
  8
0
100
AcDbVertex
100
AcDb2dVertex
 10
27.32891011820175
 20
-9.720517064502928
 30
0.0
 42
-0.4482412192138824
  0
VERTEX
  5
2CB0B2
330
2CB0AA
100
AcDbEntity
  8
0
100
AcDbVertex
100
AcDb2dVertex
 10
28.32991612993648
 20
-9.778020478086546
 30
0.0
 42
0.522700724435877
 70
     1
  0
VERTEX
  5
2CB0B3
330
2CB0AA
100
AcDbEntity
  8
0
100
AcDbVertex
100
AcDb2dVertex
 10
29.23968894116115
 20
-9.720517064502928
 30
0.0
 42
0.1369436295260004
  0
VERTEX
  5
2CB0B4
330
2CB0AA
100
AcDbEntity
  8
0
100
AcDbVertex
100
AcDb2dVertex
 10
29.401133752428
 20
-9.14211430365685
 30
0.0
 42
0.1369436295262582
 70
     1
  0
VERTEX
  5
2CB0B5
330
2CB0AA
100
AcDbEntity
  8
0
100
AcDbVertex
100
AcDb2dVertex
 10
29.23968894116115
 20
-8.563711542752571
 30
0.0
 42
0.5227007244358011
  0
VERTEX
  5
2CB0B6
330
2CB0AA
100
AcDbEntity
  8
0
100
AcDbVertex
100
AcDb2dVertex
 10
28.32991612993648
 20
-8.50620812916895
 30
0.0
 42
-0.4482412192139957
 70
     1
  0
VERTEX
  5
2CB0B7
330
2CB0AA
100
AcDbEntity
  8
0
100
AcDbVertex
100
AcDb2dVertex
 10
27.32891011820175
 20
-8.563711542752571
 30
0.0
 42
-0.4482412192140118
  0
VERTEX
  5
2CB0B8
330
2CB0AA
100
AcDbEntity
  8
0
100
AcDbVertex
100
AcDb2dVertex
 10
27.38641353184358
 20
-7.562705531017853
 30
0.0
 42
0.5227007244358805
 70
     1
  0
VERTEX
  5
2CB0B9
330
2CB0AA
100
AcDbEntity
  8
0
100
AcDbVertex
100
AcDb2dVertex
 10
27.32891011820175
 20
-6.652932719909586
 30
0.0
 42
0.1369436295258127
  0
VERTEX
  5
2CB0BA
330
2CB0AA
100
AcDbEntity
  8
0
100
AcDbVertex
100
AcDb2dVertex
 10
26.75050735741388
 20
-6.491487908526322
 30
0.0
 42
0.1369436295256074
 70
     1
  0
VERTEX
  5
2CB0BB
330
2CB0AA
100
AcDbEntity
  8
0
100
AcDbVertex
100
AcDb2dVertex
 10
26.1721045965096
 20
-6.652932719909586
 30
0.0
 42
0.5227007244353051
  0
VERTEX
  5
2CB0BC
330
2CB0AA
100
AcDbEntity
  8
0
100
AcDbVertex
100
AcDb2dVertex
 10
26.11460118286777
 20
-7.562705531017853
 30
0.0
 42
-0.4482412192144852
 70
     1
  0
VERTEX
  5
2CB0BD
330
2CB0AA
100
AcDbEntity
  8
0
100
AcDbVertex
100
AcDb2dVertex
 10
26.1721045965096
 20
-8.563711542752571
 30
0.0
 42
-0.4482412192143392
  0
VERTEX
  5
2CB0BE
330
2CB0AA
100
AcDbEntity
  8
0
100
AcDbVertex
100
AcDb2dVertex
 10
25.17109858477488
 20
-8.50620812916895
 30
0.0
 42
0.5227007244354749
 70
     1
  0
VERTEX
  5
2CB0BF
330
2CB0AA
100
AcDbEntity
  8
0
100
AcDbVertex
100
AcDb2dVertex
 10
24.26132577366661
 20
-8.563711542752571
 30
0.0
 42
0.136943629525807
  0
VERTEX
  5
2CB0C0
330
2CB0AA
100
AcDbEntity
  8
0
100
AcDbVertex
100
AcDb2dVertex
 10
24.09988096228336
 20
-9.14211430365685
 30
0.0
 42
0.1369436295259948
 70
     1
  0
VERTEX
  5
2CB0C1
330
2CB0AA
100
AcDbEntity
  8
0
100
AcDbVertex
100
AcDb2dVertex
 10
24.26132577366661
 20
-9.720517064502928
 30
0.0
 42
0.5227007244355511
  0
VERTEX
  5
2CB0C2
330
2CB0AA
100
AcDbEntity
  8
0
100
AcDbVertex
100
AcDb2dVertex
 10
25.17109858477488
 20
-9.778020478086546
 30
0.0
 42
-0.4482412192142257
 70
     1
  0
SEQEND
  5
2CB0C3
330
2CB0AA
100
AcDbEntity
  8
0
  0
ARC
  5
2CB0C4
330
2D7C32
100
AcDbEntity
  8
0
100
AcDbCircle
 10
27.48461859917734
 20
-55.3488476406201
 30
0.0
 40
25.30420688225275
100
AcDbArc
 50
347.2782924408512
 51
12.72170755914884
  0
TEXT
  5
2CB0C5
330
2D7C32
100
AcDbEntity
  8
0
100
AcDbText
 10
40.14396723569372
 20
-47.07870221120539
 30
0.0
 40
5.0
  1
OFF
 41
0.75
100
AcDbText
  0
TEXT
  5
2CB0C6
330
2D7C32
100
AcDbEntity
  8
0
100
AcDbText
 10
22.14396723569371
 20
-47.07870221120539
 30
0.0
 40
5.0
  1
OFF
 41
0.75
100
AcDbText
  0
LWPOLYLINE
  5
2CB0C7
330
2D7C32
100
AcDbEntity
  8
0
100
AcDbPolyline
 90
        2
 70
     0
 43
0.0
 10
21.35487735702191
 20
-60.92123349319443
 10
21.35487735702191
 20
-63.44102554849815
  0
LWPOLYLINE
  5
2CB0C8
330
2D7C32
100
AcDbEntity
  8
0
100
AcDbPolyline
 90
        2
 70
     0
 43
0.0
 10
32.6451226429781
 20
-63.44102554849815
 10
32.6451226429781
 20
-60.92123349319443
  0
LWPOLYLINE
  5
2CB0C9
330
2D7C32
100
AcDbEntity
  8
0
100
AcDbPolyline
 90
        2
 70
     0
 43
0.0
 10
14.64512264297809
 20
-63.44102554849815
 10
14.64512264297809
 20
-60.92123349319443
  0
LWPOLYLINE
  5
2CB0CA
330
2D7C32
100
AcDbEntity
  8
0
100
AcDbPolyline
 90
        2
 70
     0
 43
0.0
 10
50.64512264297809
 20
-63.44102554849815
 10
50.64512264297809
 20
-60.92123349319443
  0
LWPOLYLINE
  5
2CB0CB
330
2D7C32
100
AcDbEntity
  8
0
100
AcDbPolyline
 90
        2
 70
     0
 43
0.0
 10
39.35487735702191
 20
-60.92123349319443
 10
39.35487735702191
 20
-63.44102554849815
  0
LWPOLYLINE
  5
2CB0CC
330
2D7C32
100
AcDbEntity
  8
0
100
AcDbPolyline
 90
        4
 70
     0
 43
0.0
 10
50.64512264297809
 20
-49.77646178804572
 10
50.64512264297809
 20
-41.15506624820409
 10
39.35487735702191
 20
-41.15506624820409
 10
39.35487735702191
 20
-49.77646178804572
  0
LWPOLYLINE
  5
2CB0CD
330
2D7C32
100
AcDbEntity
  8
0
100
AcDbPolyline
 90
        4
 70
     0
 43
0.0
 10
32.6451226429781
 20
-49.77646178804572
 10
32.6451226429781
 20
-41.15506624820409
 10
21.35487735702191
 20
-41.15506624820409
 10
21.35487735702191
 20
-49.77646178804572
  0
CIRCLE
  5
2CB0CE
330
2D7C32
100
AcDbEntity
  8
0
100
AcDbCircle
 10
26.77691601577681
 20
-9.137927501287775
 30
0.0
 40
3.297356018523212
  0
LINE
  5
2CB0CF
330
2D7C32
100
AcDbEntity
  8
0
100
AcDbLine
 10
36.0
 20
0.0
 30
0.0
 11
36.0
 21
-49.77646178804572
 31
0.0
  0
LINE
  5
2CB0D0
330
2D7C32
100
AcDbEntity
  8
0
100
AcDbLine
 10
18.0
 20
0.0
 30
0.0
 11
18.0
 21
-49.77646178804572
 31
0.0
  0
LINE
  5
2CB0D1
330
2D7C32
100
AcDbEntity
  8
0
100
AcDbLine
 10
36.0
 20
-81.0
 30
0.0
 11
36.0
 21
-60.92123349319443
 31
0.0
  0
LINE
  5
2CB0D2
330
2D7C32
100
AcDbEntity
  8
0
100
AcDbLine
 10
18.0
 20
-81.0
 30
0.0
 11
18.0
 21
-60.92123349319443
 31
0.0
  0
CIRCLE
  5
2CB0D3
330
2D7C32
100
AcDbEntity
  8
0
100
AcDbCircle
 10
26.77691601577681
 20
-71.86207249871221
 30
0.0
 40
3.297356018523212
  0
CIRCLE
  5
2CB0D4
330
2D7C32
100
AcDbEntity
  8
0
100
AcDbCircle
 10
45.22308398422317
 20
-71.86207249871221
 30
0.0
 40
3.297356018523212
  0
LWPOLYLINE
  5
2CB0D5
330
2D7C32
100
AcDbEntity
  8
0
100
AcDbPolyline
 90
        5
 70
     0
 43
0.0
 10
48.07875647209584
 20
-81.0
 10
48.07875647209584
 20
-75.58973501325819
 42
0.7522011098751459
 10
45.16916155919898
 20
-67.86377668677596
 42
0.7346783615832138
 10
42.25956664641852
 20
-75.58973501325819
 10
42.25956664641852
 20
-81.0
  0
LWPOLYLINE
  5
2CB0D6
330
2D7C32
100
AcDbEntity
  8
0
100
AcDbPolyline
 90
        5
 70
     0
 43
0.0
 10
23.92124352790415
 20
-81.0
 10
23.92124352790415
 20
-75.58973501325819
 42
-0.7522011098751459
 10
26.83083844080102
 20
-67.86377668677596
 42
-0.7346783615832138
 10
29.74043335358146
 20
-75.58973501325819
 10
29.74043335358146
 20
-81.0
  0
LWPOLYLINE
  5
2CB0D7
330
2D7C32
100
AcDbEntity
  8
0
100
AcDbPolyline
 90
        5
 70
     0
 43
0.0
 10
48.07875647209584
 20
0.0
 10
48.07875647209584
 20
-5.410264986741821
 42
-0.7522011098751459
 10
45.16916155919898
 20
-13.13622331322404
 42
-0.7346783615832138
 10
42.25956664641852
 20
-5.410264986741821
 10
42.25956664641852
 20
0.0
  0
LWPOLYLINE
  5
2CB0D8
330
2D7C32
100
AcDbEntity
  8
0
100
AcDbPolyline
 90
        5
 70
     0
 43
0.0
 10
23.92124352790415
 20
0.0
 10
23.92124352790415
 20
-5.410264986741821
 42
0.7522011098751459
 10
26.83083844080102
 20
-13.13622331322404
 42
0.7346783615832138
 10
29.74043335358146
 20
-5.410264986741821
 10
29.74043335358146
 20
0.0
  0
CIRCLE
  5
2CB0D9
330
2D7C32
100
AcDbEntity
  8
0
100
AcDbCircle
 10
45.22308398422317
 20
-9.137927501287775
 30
0.0
 40
3.297356018523212
  0
ARC
  5
2CB0DA
330
2D7C32
100
AcDbEntity
  8
0
100
AcDbCircle
 10
26.51538140082266
 20
-55.3488476406201
 30
0.0
 40
25.30420688225275
100
AcDbArc
 50
167.2782924408511
 51
192.7217075591488
  0
ENDBLK
  5
2CB0DB
330
2D7C32
100
AcDbEntity
  8
0
100
AcDbBlockEnd
  0
BLOCK
  5
2D7C35
330
2D7C34
100
AcDbEntity
  8
0
100
AcDbBlockBegin
  2
DSD
 70
     2
 10
0.0
 20
0.0
 30
0.0
  3
DSD
  1

  0
ARC
  5
2CB0E0
330
2D7C34
100
AcDbEntity
  8
0
100
AcDbCircle
 10
9.453958319034429
 20
-55.3488476406201
 30
0.0
 40
25.30420688225315
100
AcDbArc
 50
347.2782924408512
 51
12.72170755914884
  0
ARC
  5
2CB0E1
330
2D7C34
100
AcDbEntity
  8
0
100
AcDbCircle
 10
7.697229430545121
 20
-10.1953922304674
 30
0.0
 40
0.6715749001822965
100
AcDbArc
 50
308.4244432985431
 51
45.0
  0
ARC
  5
2CB0E2
330
2D7C34
100
AcDbEntity
  8
0
100
AcDbCircle
 10
8.459598998073486
 20
-11.15642072138143
 30
0.0
 40
0.5551211166869808
100
AcDbArc
 50
128.424443298543
 51
238.8088480489134
  0
ARC
  5
2CB0E3
330
2D7C34
100
AcDbEntity
  8
0
100
AcDbCircle
 10
8.750507357297465
 20
-10.67590647592442
 30
0.0
 40
1.116834222820136
100
AcDbArc
 50
238.8088480489134
 51
270.0
  0
ARC
  5
2CB0E4
330
2D7C34
100
AcDbEntity
  8
0
100
AcDbCircle
 10
8.750507357413878
 20
-10.67590647592442
 30
0.0
 40
1.116834222841134
100
AcDbArc
 50
270.0
 51
301.1911519510866
  0
ARC
  5
2CB0E5
330
2D7C34
100
AcDbEntity
  8
0
100
AcDbCircle
 10
9.041415716754272
 20
-11.15642072138143
 30
0.0
 40
0.5551211166865082
100
AcDbArc
 50
301.1911519510866
 51
51.57555670145688
  0
ARC
  5
2CB0E6
330
2D7C34
100
AcDbEntity
  8
0
100
AcDbCircle
 10
9.803785284282639
 20
-10.1953922304674
 30
0.0
 40
0.6715749001839183
100
AcDbArc
 50
135.0
 51
231.5755567014569
  0
ARC
  5
2CB0E7
330
2D7C34
100
AcDbEntity
  8
0
100
AcDbCircle
 10
9.803785284282639
 20
-10.1953922304674
 30
0.0
 40
0.6715749001822965
100
AcDbArc
 50
38.42444330322857
 51
135.0
  0
ARC
  5
2CB0E8
330
2D7C34
100
AcDbEntity
  8
0
100
AcDbCircle
 10
10.76481377508025
 20
-9.433022662939036
 30
0.0
 40
0.5551211166812804
100
AcDbArc
 50
218.4244433032286
 51
328.8088480460605
  0
ARC
  5
2CB0E9
330
2D7C34
100
AcDbEntity
  8
0
100
AcDbCircle
 10
10.28429952962324
 20
-9.142114303598646
 30
0.0
 40
1.116834222820791
100
AcDbArc
 50
328.8088480460605
 51
0.0
  0
ARC
  5
2CB0EA
330
2D7C34
100
AcDbEntity
  8
0
100
AcDbCircle
 10
10.28429952962324
 20
-9.14211430365685
 30
0.0
 40
1.116834222819304
100
AcDbArc
 50
0.0
 51
31.19115195393953
  0
ARC
  5
2CB0EB
330
2D7C34
100
AcDbEntity
  8
0
100
AcDbCircle
 10
10.76481377508025
 20
-8.851205944316461
 30
0.0
 40
0.5551211166865082
100
AcDbArc
 50
31.19115195393953
 51
141.5755566967714
  0
ARC
  5
2CB0EC
330
2D7C34
100
AcDbEntity
  8
0
100
AcDbCircle
 10
9.803785284282639
 20
-8.088836376788094
 30
0.0
 40
0.6715749001810682
100
AcDbArc
 50
225.0
 51
321.5755566967714
  0
ARC
  5
2CB0ED
330
2D7C34
100
AcDbEntity
  8
0
100
AcDbCircle
 10
9.803785284282639
 20
-8.088836376788094
 30
0.0
 40
0.6715749001822965
100
AcDbArc
 50
128.424443298543
 51
225.0
  0
ARC
  5
2CB0EE
330
2D7C34
100
AcDbEntity
  8
0
100
AcDbCircle
 10
9.041415716754272
 20
-7.127807885874061
 30
0.0
 40
0.5551211166869808
100
AcDbArc
 50
308.4244432985431
 51
58.8088480489134
  0
ARC
  5
2CB0EF
330
2D7C34
100
AcDbEntity
  8
0
100
AcDbCircle
 10
8.750507357297465
 20
-7.608322131331076
 30
0.0
 40
1.116834222849456
100
AcDbArc
 50
58.8088480489134
 51
90.0
  0
ARC
  5
2CB0F0
330
2D7C34
100
AcDbEntity
  8
0
100
AcDbCircle
 10
8.750507357413878
 20
-7.608322131331076
 30
0.0
 40
1.116834222822942
100
AcDbArc
 50
90.0
 51
121.1911519510865
  0
ARC
  5
2CB0F1
330
2D7C34
100
AcDbEntity
  8
0
100
AcDbCircle
 10
8.459598998073486
 20
-7.127807885874061
 30
0.0
 40
0.5551211166865082
100
AcDbArc
 50
121.1911519510865
 51
231.5755567014569
  0
ARC
  5
2CB0F2
330
2D7C34
100
AcDbEntity
  8
0
100
AcDbCircle
 10
7.697229430545121
 20
-8.088836376788094
 30
0.0
 40
0.6715749001839183
100
AcDbArc
 50
315.0
 51
51.57555670145688
  0
ARC
  5
2CB0F3
330
2D7C34
100
AcDbEntity
  8
0
100
AcDbCircle
 10
7.697229430545121
 20
-8.088836376788094
 30
0.0
 40
0.6715749001822965
100
AcDbArc
 50
218.4244433032286
 51
315.0
  0
ARC
  5
2CB0F4
330
2D7C34
100
AcDbEntity
  8
0
100
AcDbCircle
 10
6.736200939631086
 20
-8.851205944316461
 30
0.0
 40
0.5551211166858023
100
AcDbArc
 50
38.42444330322857
 51
148.8088480460604
  0
ARC
  5
2CB0F5
330
2D7C34
100
AcDbEntity
  8
0
100
AcDbCircle
 10
7.216715185088102
 20
-9.14211430365685
 30
0.0
 40
1.116834222820791
100
AcDbArc
 50
148.8088480460604
 51
180.0
  0
ARC
  5
2CB0F6
330
2D7C34
100
AcDbEntity
  8
0
100
AcDbCircle
 10
7.216715185088102
 20
-9.142114303598646
 30
0.0
 40
1.116834222819304
100
AcDbArc
 50
180.0
 51
211.1911519539396
  0
ARC
  5
2CB0F7
330
2D7C34
100
AcDbEntity
  8
0
100
AcDbCircle
 10
6.736200939631086
 20
-9.433022662939036
 30
0.0
 40
0.5551211167027247
100
AcDbArc
 50
211.1911519539396
 51
321.5755566967714
  0
ARC
  5
2CB0F8
330
2D7C34
100
AcDbEntity
  8
0
100
AcDbCircle
 10
7.697229430545121
 20
-10.1953922304674
 30
0.0
 40
0.6715749001810682
100
AcDbArc
 50
45.0
 51
141.5755566967714
  0
ARC
  5
2CB0F9
330
2D7C34
100
AcDbEntity
  8
0
100
AcDbCircle
 10
8.49095585476607
 20
-8.853367353091016
 30
0.0
 40
4.296321141114352
100
AcDbArc
 50
126.7353164038315
 51
274.5374186518664
  0
ARC
  5
2CB0FA
330
2D7C34
100
AcDbEntity
  8
0
100
AcDbCircle
 10
9.075632045511156
 20
-8.817556854977738
 30
0.0
 40
4.325598673770397
100
AcDbArc
 50
266.7557929499417
 51
51.97147199682965
  0
LINE
  5
2CB0FB
330
2D7C34
100
AcDbEntity
  8
0
100
AcDbLine
 10
5.921243527904152
 20
0.0
 30
0.0
 11
5.921243527904152
 21
-5.410264986741821
 31
0.0
  0
LINE
  5
2CB0FC
330
2D7C34
100
AcDbEntity
  8
0
100
AcDbLine
 10
11.74043335358146
 20
-5.410264986741821
 30
0.0
 11
11.74043335358146
 21
0.0
 31
0.0
  0
CIRCLE
  5
2CB0FD
330
2D7C34
100
AcDbEntity
  8
0
100
AcDbCircle
 10
8.776916015776803
 20
-9.137927501287775
 30
0.0
 40
3.297356018523212
  0
CIRCLE
  5
2CB0FE
330
2D7C34
100
AcDbEntity
  8
0
100
AcDbCircle
 10
27.22308398422319
 20
-9.137927501287775
 30
0.0
 40
3.297356018523212
  0
ARC
  5
2CB0FF
330
2D7C34
100
AcDbEntity
  8
0
100
AcDbCircle
 10
28.30277056945488
 20
-10.1953922304674
 30
0.0
 40
0.6715749001822965
100
AcDbArc
 50
135.0
 51
231.5755567014569
  0
ARC
  5
2CB100
330
2D7C34
100
AcDbEntity
  8
0
100
AcDbCircle
 10
27.54040100192651
 20
-11.15642072138143
 30
0.0
 40
0.5551211166869808
100
AcDbArc
 50
301.1911519510866
 51
51.57555670145688
  0
ARC
  5
2CB101
330
2D7C34
100
AcDbEntity
  8
0
100
AcDbCircle
 10
27.24949264270254
 20
-10.67590647592442
 30
0.0
 40
1.116834222820136
100
AcDbArc
 50
270.0
 51
301.1911519510866
  0
ARC
  5
2CB102
330
2D7C34
100
AcDbEntity
  8
0
100
AcDbCircle
 10
27.24949264258612
 20
-10.67590647592442
 30
0.0
 40
1.116834222841134
100
AcDbArc
 50
238.8088480489134
 51
270.0
  0
ARC
  5
2CB103
330
2D7C34
100
AcDbEntity
  8
0
100
AcDbCircle
 10
26.95858428324573
 20
-11.15642072138143
 30
0.0
 40
0.5551211166865082
100
AcDbArc
 50
128.424443298543
 51
238.8088480489134
  0
ARC
  5
2CB104
330
2D7C34
100
AcDbEntity
  8
0
100
AcDbCircle
 10
26.19621471571736
 20
-10.1953922304674
 30
0.0
 40
0.6715749001839183
100
AcDbArc
 50
308.4244432985431
 51
45.0
  0
ARC
  5
2CB105
330
2D7C34
100
AcDbEntity
  8
0
100
AcDbCircle
 10
26.19621471571736
 20
-10.1953922304674
 30
0.0
 40
0.6715749001822965
100
AcDbArc
 50
45.0
 51
141.5755566967714
  0
ARC
  5
2CB106
330
2D7C34
100
AcDbEntity
  8
0
100
AcDbCircle
 10
25.23518622491975
 20
-9.433022662939036
 30
0.0
 40
0.5551211166812804
100
AcDbArc
 50
211.1911519539396
 51
321.5755566967714
  0
ARC
  5
2CB107
330
2D7C34
100
AcDbEntity
  8
0
100
AcDbCircle
 10
25.71570047037676
 20
-9.142114303598646
 30
0.0
 40
1.116834222820791
100
AcDbArc
 50
180.0
 51
211.1911519539396
  0
ARC
  5
2CB108
330
2D7C34
100
AcDbEntity
  8
0
100
AcDbCircle
 10
25.71570047037676
 20
-9.14211430365685
 30
0.0
 40
1.116834222819304
100
AcDbArc
 50
148.8088480460604
 51
180.0
  0
ARC
  5
2CB109
330
2D7C34
100
AcDbEntity
  8
0
100
AcDbCircle
 10
25.23518622491975
 20
-8.851205944316461
 30
0.0
 40
0.5551211166865082
100
AcDbArc
 50
38.42444330322857
 51
148.8088480460604
  0
ARC
  5
2CB10A
330
2D7C34
100
AcDbEntity
  8
0
100
AcDbCircle
 10
26.19621471571736
 20
-8.088836376788094
 30
0.0
 40
0.6715749001810682
100
AcDbArc
 50
218.4244433032286
 51
315.0
  0
ARC
  5
2CB10B
330
2D7C34
100
AcDbEntity
  8
0
100
AcDbCircle
 10
26.19621471571736
 20
-8.088836376788094
 30
0.0
 40
0.6715749001822965
100
AcDbArc
 50
315.0
 51
51.57555670145688
  0
ARC
  5
2CB10C
330
2D7C34
100
AcDbEntity
  8
0
100
AcDbCircle
 10
26.95858428324573
 20
-7.127807885874061
 30
0.0
 40
0.5551211166869808
100
AcDbArc
 50
121.1911519510865
 51
231.5755567014569
  0
ARC
  5
2CB10D
330
2D7C34
100
AcDbEntity
  8
0
100
AcDbCircle
 10
27.24949264270254
 20
-7.608322131331076
 30
0.0
 40
1.116834222849456
100
AcDbArc
 50
90.0
 51
121.1911519510865
  0
ARC
  5
2CB10E
330
2D7C34
100
AcDbEntity
  8
0
100
AcDbCircle
 10
27.24949264258612
 20
-7.608322131331076
 30
0.0
 40
1.116834222822942
100
AcDbArc
 50
58.8088480489134
 51
90.0
  0
ARC
  5
2CB10F
330
2D7C34
100
AcDbEntity
  8
0
100
AcDbCircle
 10
27.54040100192651
 20
-7.127807885874061
 30
0.0
 40
0.5551211166865082
100
AcDbArc
 50
308.4244432985431
 51
58.8088480489134
  0
ARC
  5
2CB110
330
2D7C34
100
AcDbEntity
  8
0
100
AcDbCircle
 10
28.30277056945488
 20
-8.088836376788094
 30
0.0
 40
0.6715749001839183
100
AcDbArc
 50
128.424443298543
 51
225.0
  0
ARC
  5
2CB111
330
2D7C34
100
AcDbEntity
  8
0
100
AcDbCircle
 10
28.30277056945488
 20
-8.088836376788094
 30
0.0
 40
0.6715749001822965
100
AcDbArc
 50
225.0
 51
321.5755566967714
  0
ARC
  5
2CB112
330
2D7C34
100
AcDbEntity
  8
0
100
AcDbCircle
 10
29.26379906036892
 20
-8.851205944316461
 30
0.0
 40
0.5551211166858023
100
AcDbArc
 50
31.19115195393953
 51
141.5755566967714
  0
ARC
  5
2CB113
330
2D7C34
100
AcDbEntity
  8
0
100
AcDbCircle
 10
28.7832848149119
 20
-9.14211430365685
 30
0.0
 40
1.116834222820791
100
AcDbArc
 50
0.0
 51
31.19115195393953
  0
ARC
  5
2CB114
330
2D7C34
100
AcDbEntity
  8
0
100
AcDbCircle
 10
28.7832848149119
 20
-9.142114303598646
 30
0.0
 40
1.116834222819304
100
AcDbArc
 50
328.8088480460605
 51
0.0
  0
ARC
  5
2CB115
330
2D7C34
100
AcDbEntity
  8
0
100
AcDbCircle
 10
29.26379906036892
 20
-9.433022662939036
 30
0.0
 40
0.5551211167027247
100
AcDbArc
 50
218.4244433032286
 51
328.8088480460605
  0
ARC
  5
2CB116
330
2D7C34
100
AcDbEntity
  8
0
100
AcDbCircle
 10
28.30277056945488
 20
-10.1953922304674
 30
0.0
 40
0.6715749001810682
100
AcDbArc
 50
38.42444330322857
 51
135.0
  0
ARC
  5
2CB117
330
2D7C34
100
AcDbEntity
  8
0
100
AcDbCircle
 10
27.50904414523394
 20
-8.853367353091016
 30
0.0
 40
4.296321141114352
100
AcDbArc
 50
265.4625813481336
 51
53.26468359616848
  0
ARC
  5
2CB118
330
2D7C34
100
AcDbEntity
  8
0
100
AcDbCircle
 10
26.92436795448884
 20
-8.817556854977738
 30
0.0
 40
4.325598673770397
100
AcDbArc
 50
128.0285280031702
 51
273.2442070500583
  0
LINE
  5
2CB119
330
2D7C34
100
AcDbEntity
  8
0
100
AcDbLine
 10
24.25956664641854
 20
-5.410264986741821
 30
0.0
 11
24.25956664641854
 21
0.0
 31
0.0
  0
LINE
  5
2CB11A
330
2D7C34
100
AcDbEntity
  8
0
100
AcDbLine
 10
30.07875647209585
 20
0.0
 30
0.0
 11
30.07875647209585
 21
-5.410264986741821
 31
0.0
  0
LINE
  5
2CB11B
330
2D7C34
100
AcDbEntity
  8
0
100
AcDbLine
 10
14.64512264297809
 20
-41.15506624820409
 30
0.0
 11
3.354877357021904
 21
-41.15506624820409
 31
0.0
  0
LINE
  5
2CB11C
330
2D7C34
100
AcDbEntity
  8
0
100
AcDbLine
 10
14.64512264297809
 20
-49.77646178804572
 30
0.0
 11
14.64512264297809
 21
-41.15506624820409
 31
0.0
  0
LINE
  5
2CB11D
330
2D7C34
100
AcDbEntity
  8
0
100
AcDbLine
 10
3.354877357021904
 20
-41.15506624820409
 30
0.0
 11
3.354877357021904
 21
-49.77646178804572
 31
0.0
  0
LINE
  5
2CB11E
330
2D7C34
100
AcDbEntity
  8
0
100
AcDbLine
 10
32.6451226429781
 20
-41.15506624820409
 30
0.0
 11
21.35487735702191
 21
-41.15506624820409
 31
0.0
  0
LINE
  5
2CB11F
330
2D7C34
100
AcDbEntity
  8
0
100
AcDbLine
 10
14.44020581722725
 20
-63.44062238041079
 30
0.0
 11
3.559794182772746
 21
-63.44062238041079
 31
0.0
  0
LINE
  5
2CB120
330
2D7C34
100
AcDbEntity
  8
0
100
AcDbLine
 10
3.354877357021904
 20
-60.92123349319443
 30
0.0
 11
3.354877357021904
 21
-63.44102554849815
 31
0.0
  0
LINE
  5
2CB121
330
2D7C34
100
AcDbEntity
  8
0
100
AcDbLine
 10
14.64512264297809
 20
-63.44102554849815
 30
0.0
 11
14.64512264297809
 21
-60.92123349319443
 31
0.0
  0
LINE
  5
2CB122
330
2D7C34
100
AcDbEntity
  8
0
100
AcDbLine
 10
32.6451226429781
 20
-49.77646178804572
 30
0.0
 11
32.6451226429781
 21
-41.15506624820409
 31
0.0
  0
LINE
  5
2CB123
330
2D7C34
100
AcDbEntity
  8
0
100
AcDbLine
 10
21.35487735702191
 20
-41.15506624820409
 30
0.0
 11
21.35487735702191
 21
-49.77646178804572
 31
0.0
  0
LINE
  5
2CB124
330
2D7C34
100
AcDbEntity
  8
0
100
AcDbLine
 10
36.0
 20
-63.44102554849815
 30
0.0
 11
0.0
 21
-63.44102554849815
 31
0.0
  0
LINE
  5
2CB125
330
2D7C34
100
AcDbEntity
  8
0
100
AcDbLine
 10
1.437836476718072
 20
-52.2054549891036
 30
0.0
 11
34.56216352328193
 21
-52.2054549891036
 31
0.0
  0
LINE
  5
2CB126
330
2D7C34
100
AcDbEntity
  8
0
100
AcDbLine
 10
1.259770100004969
 20
-56.30139972426697
 30
0.0
 11
34.74022989999503
 21
-56.30139972432516
 31
0.0
  0
LINE
  5
2CB127
330
2D7C34
100
AcDbEntity
  8
0
100
AcDbLine
 10
1.86302318947855
 20
-49.77646178804572
 30
0.0
 11
34.13697681052145
 21
-49.77646178804572
 31
0.0
  0
LINE
  5
2CB128
330
2D7C34
100
AcDbEntity
  8
0
100
AcDbLine
 10
34.13697681052145
 20
-60.92123349319443
 30
0.0
 11
1.86302318947855
 21
-60.92123349313624
 31
0.0
  0
LINE
  5
2CB129
330
2D7C34
100
AcDbEntity
  8
0
100
AcDbLine
 10
21.35487735702191
 20
-60.92123349319443
 30
0.0
 11
21.35487735702191
 21
-63.44102554849815
 31
0.0
  0
LINE
  5
2CB12A
330
2D7C34
100
AcDbEntity
  8
0
100
AcDbLine
 10
32.6451226429781
 20
-63.44102554849815
 30
0.0
 11
32.6451226429781
 21
-60.92123349319443
 31
0.0
  0
CIRCLE
  5
2CB12B
330
2D7C34
100
AcDbEntity
  8
0
100
AcDbCircle
 10
27.22308398422319
 20
-71.86207249871221
 30
0.0
 40
3.297356018523212
  0
ARC
  5
2CB12C
330
2D7C34
100
AcDbEntity
  8
0
100
AcDbCircle
 10
28.30277056945488
 20
-70.80460776953259
 30
0.0
 40
0.6715749001822965
100
AcDbArc
 50
128.424443298543
 51
225.0
  0
ARC
  5
2CB12D
330
2D7C34
100
AcDbEntity
  8
0
100
AcDbCircle
 10
27.54040100192651
 20
-69.84357927861856
 30
0.0
 40
0.5551211166869808
100
AcDbArc
 50
308.4244432985431
 51
58.8088480489134
  0
ARC
  5
2CB12E
330
2D7C34
100
AcDbEntity
  8
0
100
AcDbCircle
 10
27.24949264270254
 20
-70.32409352407556
 30
0.0
 40
1.116834222820136
100
AcDbArc
 50
58.8088480489134
 51
90.0
  0
ARC
  5
2CB12F
330
2D7C34
100
AcDbEntity
  8
0
100
AcDbCircle
 10
27.24949264258612
 20
-70.32409352407556
 30
0.0
 40
1.116834222841134
100
AcDbArc
 50
90.0
 51
121.1911519510865
  0
ARC
  5
2CB130
330
2D7C34
100
AcDbEntity
  8
0
100
AcDbCircle
 10
26.95858428324573
 20
-69.84357927861856
 30
0.0
 40
0.5551211166865082
100
AcDbArc
 50
121.1911519510865
 51
231.5755567014569
  0
ARC
  5
2CB131
330
2D7C34
100
AcDbEntity
  8
0
100
AcDbCircle
 10
26.19621471571736
 20
-70.80460776953259
 30
0.0
 40
0.6715749001839183
100
AcDbArc
 50
315.0
 51
51.57555670145688
  0
ARC
  5
2CB132
330
2D7C34
100
AcDbEntity
  8
0
100
AcDbCircle
 10
26.19621471571736
 20
-70.80460776953259
 30
0.0
 40
0.6715749001822965
100
AcDbArc
 50
218.4244433032286
 51
315.0
  0
ARC
  5
2CB133
330
2D7C34
100
AcDbEntity
  8
0
100
AcDbCircle
 10
25.23518622491975
 20
-71.56697733706096
 30
0.0
 40
0.5551211166812804
100
AcDbArc
 50
38.42444330322857
 51
148.8088480460604
  0
ARC
  5
2CB134
330
2D7C34
100
AcDbEntity
  8
0
100
AcDbCircle
 10
25.71570047037676
 20
-71.85788569640135
 30
0.0
 40
1.116834222820791
100
AcDbArc
 50
148.8088480460604
 51
180.0
  0
ARC
  5
2CB135
330
2D7C34
100
AcDbEntity
  8
0
100
AcDbCircle
 10
25.71570047037676
 20
-71.85788569634316
 30
0.0
 40
1.116834222819304
100
AcDbArc
 50
180.0
 51
211.1911519539396
  0
ARC
  5
2CB136
330
2D7C34
100
AcDbEntity
  8
0
100
AcDbCircle
 10
25.23518622491975
 20
-72.14879405568352
 30
0.0
 40
0.5551211166865082
100
AcDbArc
 50
211.1911519539396
 51
321.5755566967714
  0
ARC
  5
2CB137
330
2D7C34
100
AcDbEntity
  8
0
100
AcDbCircle
 10
26.19621471571736
 20
-72.9111636232119
 30
0.0
 40
0.6715749001810682
100
AcDbArc
 50
45.0
 51
141.5755566967714
  0
ARC
  5
2CB138
330
2D7C34
100
AcDbEntity
  8
0
100
AcDbCircle
 10
26.19621471571736
 20
-72.9111636232119
 30
0.0
 40
0.6715749001822965
100
AcDbArc
 50
308.4244432985431
 51
45.0
  0
ARC
  5
2CB139
330
2D7C34
100
AcDbEntity
  8
0
100
AcDbCircle
 10
26.95858428324573
 20
-73.87219211412594
 30
0.0
 40
0.5551211166869808
100
AcDbArc
 50
128.424443298543
 51
238.8088480489134
  0
ARC
  5
2CB13A
330
2D7C34
100
AcDbEntity
  8
0
100
AcDbCircle
 10
27.24949264270254
 20
-73.39167786866892
 30
0.0
 40
1.116834222849456
100
AcDbArc
 50
238.8088480489134
 51
270.0
  0
ARC
  5
2CB13B
330
2D7C34
100
AcDbEntity
  8
0
100
AcDbCircle
 10
27.24949264258612
 20
-73.39167786866892
 30
0.0
 40
1.116834222822942
100
AcDbArc
 50
270.0
 51
301.1911519510866
  0
ARC
  5
2CB13C
330
2D7C34
100
AcDbEntity
  8
0
100
AcDbCircle
 10
27.54040100192651
 20
-73.87219211412594
 30
0.0
 40
0.5551211166865082
100
AcDbArc
 50
301.1911519510866
 51
51.57555670145688
  0
ARC
  5
2CB13D
330
2D7C34
100
AcDbEntity
  8
0
100
AcDbCircle
 10
28.30277056945488
 20
-72.9111636232119
 30
0.0
 40
0.6715749001839183
100
AcDbArc
 50
135.0
 51
231.5755567014569
  0
ARC
  5
2CB13E
330
2D7C34
100
AcDbEntity
  8
0
100
AcDbCircle
 10
28.30277056945488
 20
-72.9111636232119
 30
0.0
 40
0.6715749001822965
100
AcDbArc
 50
38.42444330322857
 51
135.0
  0
ARC
  5
2CB13F
330
2D7C34
100
AcDbEntity
  8
0
100
AcDbCircle
 10
29.26379906036892
 20
-72.14879405568352
 30
0.0
 40
0.5551211166858023
100
AcDbArc
 50
218.4244433032286
 51
328.8088480460605
  0
ARC
  5
2CB140
330
2D7C34
100
AcDbEntity
  8
0
100
AcDbCircle
 10
28.7832848149119
 20
-71.85788569634316
 30
0.0
 40
1.116834222820791
100
AcDbArc
 50
328.8088480460605
 51
0.0
  0
ARC
  5
2CB141
330
2D7C34
100
AcDbEntity
  8
0
100
AcDbCircle
 10
28.7832848149119
 20
-71.85788569640135
 30
0.0
 40
1.116834222819304
100
AcDbArc
 50
0.0
 51
31.19115195393953
  0
ARC
  5
2CB142
330
2D7C34
100
AcDbEntity
  8
0
100
AcDbCircle
 10
29.26379906036892
 20
-71.56697733706096
 30
0.0
 40
0.5551211167027247
100
AcDbArc
 50
31.19115195393953
 51
141.5755566967714
  0
ARC
  5
2CB143
330
2D7C34
100
AcDbEntity
  8
0
100
AcDbCircle
 10
28.30277056945488
 20
-70.80460776953259
 30
0.0
 40
0.6715749001810682
100
AcDbArc
 50
225.0
 51
321.5755566967714
  0
ARC
  5
2CB144
330
2D7C34
100
AcDbEntity
  8
0
100
AcDbCircle
 10
27.50904414523394
 20
-72.14663264690898
 30
0.0
 40
4.296321141114352
100
AcDbArc
 50
306.7353164038316
 51
94.53741865186644
  0
ARC
  5
2CB145
330
2D7C34
100
AcDbEntity
  8
0
100
AcDbCircle
 10
26.92436795448884
 20
-72.18244314502226
 30
0.0
 40
4.325598673770397
100
AcDbArc
 50
86.7557929499417
 51
231.9714719968296
  0
LINE
  5
2CB146
330
2D7C34
100
AcDbEntity
  8
0
100
AcDbLine
 10
30.07875647209585
 20
-81.0
 30
0.0
 11
30.07875647209585
 21
-75.58973501325819
 31
0.0
  0
LINE
  5
2CB147
330
2D7C34
100
AcDbEntity
  8
0
100
AcDbLine
 10
24.25956664641854
 20
-75.58973501325819
 30
0.0
 11
24.25956664641854
 21
-81.0
 31
0.0
  0
CIRCLE
  5
2CB148
330
2D7C34
100
AcDbEntity
  8
0
100
AcDbCircle
 10
8.776916015776803
 20
-71.86207249871221
 30
0.0
 40
3.297356018523212
  0
ARC
  5
2CB149
330
2D7C34
100
AcDbEntity
  8
0
100
AcDbCircle
 10
7.697229430545121
 20
-70.80460776953259
 30
0.0
 40
0.6715749001822965
100
AcDbArc
 50
315.0
 51
51.57555670145688
  0
ARC
  5
2CB14A
330
2D7C34
100
AcDbEntity
  8
0
100
AcDbCircle
 10
8.459598998073486
 20
-69.84357927861856
 30
0.0
 40
0.5551211166869808
100
AcDbArc
 50
121.1911519510865
 51
231.5755567014569
  0
ARC
  5
2CB14B
330
2D7C34
100
AcDbEntity
  8
0
100
AcDbCircle
 10
8.750507357297465
 20
-70.32409352407556
 30
0.0
 40
1.116834222820136
100
AcDbArc
 50
90.0
 51
121.1911519510865
  0
ARC
  5
2CB14C
330
2D7C34
100
AcDbEntity
  8
0
100
AcDbCircle
 10
8.750507357413878
 20
-70.32409352407556
 30
0.0
 40
1.116834222841134
100
AcDbArc
 50
58.8088480489134
 51
90.0
  0
ARC
  5
2CB14D
330
2D7C34
100
AcDbEntity
  8
0
100
AcDbCircle
 10
9.041415716754272
 20
-69.84357927861856
 30
0.0
 40
0.5551211166865082
100
AcDbArc
 50
308.4244432985431
 51
58.8088480489134
  0
ARC
  5
2CB14E
330
2D7C34
100
AcDbEntity
  8
0
100
AcDbCircle
 10
9.803785284282639
 20
-70.80460776953259
 30
0.0
 40
0.6715749001839183
100
AcDbArc
 50
128.424443298543
 51
225.0
  0
ARC
  5
2CB14F
330
2D7C34
100
AcDbEntity
  8
0
100
AcDbCircle
 10
9.803785284282639
 20
-70.80460776953259
 30
0.0
 40
0.6715749001822965
100
AcDbArc
 50
225.0
 51
321.5755566967714
  0
ARC
  5
2CB150
330
2D7C34
100
AcDbEntity
  8
0
100
AcDbCircle
 10
10.76481377508025
 20
-71.56697733706096
 30
0.0
 40
0.5551211166812804
100
AcDbArc
 50
31.19115195393953
 51
141.5755566967714
  0
ARC
  5
2CB151
330
2D7C34
100
AcDbEntity
  8
0
100
AcDbCircle
 10
10.28429952962324
 20
-71.85788569640135
 30
0.0
 40
1.116834222820791
100
AcDbArc
 50
0.0
 51
31.19115195393953
  0
ARC
  5
2CB152
330
2D7C34
100
AcDbEntity
  8
0
100
AcDbCircle
 10
10.28429952962324
 20
-71.85788569634316
 30
0.0
 40
1.116834222819304
100
AcDbArc
 50
328.8088480460605
 51
0.0
  0
ARC
  5
2CB153
330
2D7C34
100
AcDbEntity
  8
0
100
AcDbCircle
 10
10.76481377508025
 20
-72.14879405568352
 30
0.0
 40
0.5551211166865082
100
AcDbArc
 50
218.4244433032286
 51
328.8088480460605
  0
ARC
  5
2CB154
330
2D7C34
100
AcDbEntity
  8
0
100
AcDbCircle
 10
9.803785284282639
 20
-72.9111636232119
 30
0.0
 40
0.6715749001810682
100
AcDbArc
 50
38.42444330322857
 51
135.0
  0
ARC
  5
2CB155
330
2D7C34
100
AcDbEntity
  8
0
100
AcDbCircle
 10
9.803785284282639
 20
-72.9111636232119
 30
0.0
 40
0.6715749001822965
100
AcDbArc
 50
135.0
 51
231.5755567014569
  0
ARC
  5
2CB156
330
2D7C34
100
AcDbEntity
  8
0
100
AcDbCircle
 10
9.041415716754272
 20
-73.87219211412594
 30
0.0
 40
0.5551211166869808
100
AcDbArc
 50
301.1911519510866
 51
51.57555670145688
  0
ARC
  5
2CB157
330
2D7C34
100
AcDbEntity
  8
0
100
AcDbCircle
 10
8.750507357297465
 20
-73.39167786866892
 30
0.0
 40
1.116834222849456
100
AcDbArc
 50
270.0
 51
301.1911519510866
  0
ARC
  5
2CB158
330
2D7C34
100
AcDbEntity
  8
0
100
AcDbCircle
 10
8.750507357413878
 20
-73.39167786866892
 30
0.0
 40
1.116834222822942
100
AcDbArc
 50
238.8088480489134
 51
270.0
  0
ARC
  5
2CB159
330
2D7C34
100
AcDbEntity
  8
0
100
AcDbCircle
 10
8.459598998073486
 20
-73.87219211412594
 30
0.0
 40
0.5551211166865082
100
AcDbArc
 50
128.424443298543
 51
238.8088480489134
  0
ARC
  5
2CB15A
330
2D7C34
100
AcDbEntity
  8
0
100
AcDbCircle
 10
7.697229430545121
 20
-72.9111636232119
 30
0.0
 40
0.6715749001839183
100
AcDbArc
 50
308.4244432985431
 51
45.0
  0
ARC
  5
2CB15B
330
2D7C34
100
AcDbEntity
  8
0
100
AcDbCircle
 10
7.697229430545121
 20
-72.9111636232119
 30
0.0
 40
0.6715749001822965
100
AcDbArc
 50
45.0
 51
141.5755566967714
  0
ARC
  5
2CB15C
330
2D7C34
100
AcDbEntity
  8
0
100
AcDbCircle
 10
6.736200939631086
 20
-72.14879405568352
 30
0.0
 40
0.5551211166858023
100
AcDbArc
 50
211.1911519539396
 51
321.5755566967714
  0
ARC
  5
2CB15D
330
2D7C34
100
AcDbEntity
  8
0
100
AcDbCircle
 10
7.216715185088102
 20
-71.85788569634316
 30
0.0
 40
1.116834222820791
100
AcDbArc
 50
180.0
 51
211.1911519539396
  0
ARC
  5
2CB15E
330
2D7C34
100
AcDbEntity
  8
0
100
AcDbCircle
 10
7.216715185088102
 20
-71.85788569640135
 30
0.0
 40
1.116834222819304
100
AcDbArc
 50
148.8088480460604
 51
180.0
  0
ARC
  5
2CB15F
330
2D7C34
100
AcDbEntity
  8
0
100
AcDbCircle
 10
6.736200939631086
 20
-71.56697733706096
 30
0.0
 40
0.5551211167027247
100
AcDbArc
 50
38.42444330322857
 51
148.8088480460604
  0
ARC
  5
2CB160
330
2D7C34
100
AcDbEntity
  8
0
100
AcDbCircle
 10
7.697229430545121
 20
-70.80460776953259
 30
0.0
 40
0.6715749001810682
100
AcDbArc
 50
218.4244433032286
 51
315.0
  0
ARC
  5
2CB161
330
2D7C34
100
AcDbEntity
  8
0
100
AcDbCircle
 10
8.49095585476607
 20
-72.14663264690898
 30
0.0
 40
4.296321141114352
100
AcDbArc
 50
85.46258134813355
 51
233.2646835961686
  0
ARC
  5
2CB162
330
2D7C34
100
AcDbEntity
  8
0
100
AcDbCircle
 10
9.075632045511156
 20
-72.18244314502226
 30
0.0
 40
4.325598673770397
100
AcDbArc
 50
308.0285280031703
 51
93.24420705005831
  0
LINE
  5
2CB163
330
2D7C34
100
AcDbEntity
  8
0
100
AcDbLine
 10
5.921243527904152
 20
-81.09287567657885
 30
0.0
 11
5.921243527904152
 21
-75.58973501325819
 31
0.0
  0
LINE
  5
2CB164
330
2D7C34
100
AcDbEntity
  8
0
100
AcDbLine
 10
11.74043335358146
 20
-75.58973501325819
 30
0.0
 11
11.74043335358146
 21
-81.0
 31
0.0
  0
ATTDEF
  5
2CB165
330
2D7C34
100
AcDbEntity
  8
0
 62
     7
100
AcDbText
 10
0.7677058041736018
 20
-31.77336101264518
 30
0.0
 40
6.0
  1
C60N
 41
0.72
  7
ROMAND
100
AcDbAttributeDefinition
280
     0
  3
Interruptor Termomagnetico C60N 2P 
  2
C60N
 70
     0
280
     0
  0
ATTDEF
  5
2CB166
330
2D7C34
100
AcDbEntity
  8
0
 62
     7
100
AcDbText
 10
0.7677058041736018
 20
-39.33594065914441
 30
0.0
 40
5.0
  1
C25
 41
0.75
  7
ROMAND
100
AcDbAttributeDefinition
280
     0
  3
Corriente Nominal In (A) :  
  2
C25
 70
     0
280
     0
  0
TEXT
  5
2CB167
330
2D7C34
100
AcDbEntity
  8
0
100
AcDbText
 10
4.053874203353188
 20
-20.15878100035479
 30
0.0
 40
2.641468430524985
  1
MERLIN GERIN
 41
0.5
  7
STYLE1
100
AcDbText
  0
TEXT
  5
2CB168
330
2D7C34
100
AcDbEntity
  8
0
100
AcDbText
 10
5.089073734940027
 20
-22.71677274926333
 30
0.0
 40
1.100611846052077
  1
MULTI 9
  7
STYLE1
100
AcDbText
  0
TEXT
  5
2CB169
330
2D7C34
100
AcDbEntity
  8
0
100
AcDbText
 10
4.143967235693708
 20
-47.07870221120539
 30
0.0
 40
5.0
  1
OFF
 41
0.75
100
AcDbText
  0
TEXT
  5
2CB16A
330
2D7C34
100
AcDbEntity
  8
0
100
AcDbText
 10
22.14396723569371
 20
-47.07870221120539
 30
0.0
 40
5.0
  1
OFF
 41
0.75
100
AcDbText
  0
LINE
  5
2CB16B
330
2D7C34
100
AcDbEntity
  8
0
100
AcDbLine
 10
2.524383531534111
 20
-22.05898806860205
 30
0.0
 11
3.829134812927803
 21
-22.05898806860205
 31
0.0
  0
LINE
  5
2CB16C
330
2D7C34
100
AcDbEntity
  8
0
100
AcDbLine
 10
1.178736147703602
 20
-20.29098657035502
 30
0.0
 11
1.178736147703602
 21
-17.60406594345113
 31
0.0
  0
LINE
  5
2CB16D
330
2D7C34
100
AcDbEntity
  8
0
100
AcDbLine
 10
1.178736147703602
 20
-17.60406594345113
 30
0.0
 11
3.865656774607486
 21
-17.60406594345113
 31
0.0
  0
LINE
  5
2CB16E
330
2D7C34
100
AcDbEntity
  8
0
100
AcDbLine
 10
3.865656774607486
 20
-17.60406594345113
 30
0.0
 11
3.865656774607486
 21
-20.29098657035502
 31
0.0
  0
LINE
  5
2CB16F
330
2D7C34
100
AcDbEntity
  8
0
100
AcDbLine
 10
3.865656774607486
 20
-20.29098657035502
 30
0.0
 11
1.178736147703602
 21
-20.29098657035502
 31
0.0
  0
LINE
  5
2CB170
330
2D7C34
100
AcDbEntity
  8
0
100
AcDbLine
 10
3.865656774607486
 20
-17.60406594345113
 30
0.0
 11
2.522196461213752
 21
-19.78287664114032
 31
0.0
  0
LINE
  5
2CB171
330
2D7C34
100
AcDbEntity
  8
0
100
AcDbLine
 10
2.522196461213752
 20
-19.78287664114032
 30
0.0
 11
1.178736147703602
 21
-17.60406594345113
 31
0.0
  0
LINE
  5
2CB172
330
2D7C34
100
AcDbEntity
  8
0
100
AcDbLine
 10
4.608038980164565
 20
-21.12969831196824
 30
0.0
 11
4.608038980164565
 21
-23.29687904851744
 31
0.0
  0
LINE
  5
2CB173
330
2D7C34
100
AcDbEntity
  8
0
100
AcDbLine
 10
4.608038980164565
 20
-23.29687904851744
 30
0.0
 11
34.42907314922194
 21
-23.29687904851744
 31
0.0
  0
LINE
  5
2CB174
330
2D7C34
100
AcDbEntity
  8
0
100
AcDbLine
 10
34.42907314922194
 20
-23.29687904851744
 30
0.0
 11
34.42907314922194
 21
-21.12969831196824
 31
0.0
  0
LINE
  5
2CB175
330
2D7C34
100
AcDbEntity
  8
0
100
AcDbLine
 10
34.42907314922194
 20
-21.12969831196824
 30
0.0
 11
4.608038980164565
 21
-21.12969831196824
 31
0.0
  0
LINE
  5
2CB176
330
2D7C34
100
AcDbEntity
  8
0
100
AcDbLine
 10
36.0
 20
0.0
 30
0.0
 11
36.0
 21
-81.0
 31
0.0
  0
LINE
  5
2CB177
330
2D7C34
100
AcDbEntity
  8
0
100
AcDbLine
 10
36.0
 20
-16.84124908479862
 30
0.0
 11
0.0
 21
-16.84124908479862
 31
0.0
  0
LINE
  5
2CB178
330
2D7C34
100
AcDbEntity
  8
0
100
AcDbLine
 10
18.0
 20
0.0
 30
0.0
 11
18.0
 21
-21.12969831196824
 31
0.0
  0
LINE
  5
2CB179
330
2D7C34
100
AcDbEntity
  8
0
100
AcDbLine
 10
36.0
 20
-81.0
 30
0.0
 11
0.0
 21
-81.0
 31
0.0
  0
LINE
  5
2CB17A
330
2D7C34
100
AcDbEntity
  8
0
100
AcDbLine
 10
0.0
 20
-81.0
 30
0.0
 11
0.0
 21
0.0
 31
0.0
  0
LINE
  5
2CB17B
330
2D7C34
100
AcDbEntity
  8
0
100
AcDbLine
 10
0.0
 20
0.0
 30
0.0
 11
36.0
 21
0.0
 31
0.0
  0
LINE
  5
2CB17C
330
2D7C34
100
AcDbEntity
  8
0
100
AcDbLine
 10
12.6295272402931
 20
-81.0
 30
0.0
 11
12.6295272402931
 21
-84.63158179912715
 31
0.0
  0
LINE
  5
2CB17D
330
2D7C34
100
AcDbEntity
  8
0
100
AcDbLine
 10
12.6295272402931
 20
-84.63158179912715
 30
0.0
 11
23.37047275970689
 21
-84.63158179912715
 31
0.0
  0
LINE
  5
2CB17E
330
2D7C34
100
AcDbEntity
  8
0
100
AcDbLine
 10
23.37047275970689
 20
-84.63158179912715
 30
0.0
 11
23.37047275970689
 21
-81.0
 31
0.0
  0
LINE
  5
2CB17F
330
2D7C34
100
AcDbEntity
  8
0
100
AcDbLine
 10
23.37047275970689
 20
-81.0
 30
0.0
 11
12.6295272402931
 21
-81.0
 31
0.0
  0
LINE
  5
2CB180
330
2D7C34
100
AcDbEntity
  8
0
100
AcDbLine
 10
18.0
 20
-60.92123349319443
 30
0.0
 11
18.0
 21
-81.0
 31
0.0
  0
LINE
  5
2CB181
330
2D7C34
100
AcDbEntity
  8
0
100
AcDbLine
 10
18.0
 20
-23.29687904851744
 30
0.0
 11
18.0
 21
-49.77646178804572
 31
0.0
  0
LINE
  5
2CB182
330
2D7C34
100
AcDbEntity
  8
0
100
AcDbLine
 10
36.0
 20
-40.49999999999999
 30
0.0
 11
0.0
 21
-40.49999999999999
 31
0.0
  0
ARC
  5
2CB183
330
2D7C34
100
AcDbEntity
  8
0
100
AcDbCircle
 10
26.54604168096557
 20
-55.3488476406201
 30
0.0
 40
25.30420688225315
100
AcDbArc
 50
167.2782924408511
 51
192.7217075591488
  0
ENDBLK
  5
2CB184
330
2D7C34
100
AcDbEntity
  8
0
100
AcDbBlockEnd
  0
BLOCK
  5
2D7C37
330
2D7C36
100
AcDbEntity
  8
0
100
AcDbBlockBegin
  2
D22
 70
     2
 10
0.0
 20
0.0
 30
0.0
  3
D22
  1

  0
LINE
  5
2CB189
330
2D7C36
100
AcDbEntity
  8
0
100
AcDbLine
 10
36.08408229902853
 20
-16.84124908479862
 30
0.0
 11
0.0
 21
-16.84124908479862
 31
0.0
  0
CIRCLE
  5
2CB18A
330
2D7C36
100
AcDbEntity
  8
0
100
AcDbCircle
 10
27.22308398422319
 20
-71.86207249871221
 30
0.0
 40
3.297356018523212
  0
CIRCLE
  5
2CB18B
330
2D7C36
100
AcDbEntity
  8
0
100
AcDbCircle
 10
9.223083984223192
 20
-71.86207249871221
 30
0.0
 40
3.297356018523212
  0
ARC
  5
2CB18C
330
2D7C36
100
AcDbEntity
  8
0
100
AcDbCircle
 10
9.509044145233927
 20
-72.14663264690898
 30
0.0
 40
4.296321141114352
100
AcDbArc
 50
306.7353164038316
 51
94.53741865186644
  0
ARC
  5
2CB18D
330
2D7C36
100
AcDbEntity
  8
0
100
AcDbCircle
 10
8.92436795448884
 20
-72.18244314502226
 30
0.0
 40
4.325598673770397
100
AcDbArc
 50
86.7557929499417
 51
231.9714719968296
  0
ARC
  5
2CB18E
330
2D7C36
100
AcDbEntity
  8
0
100
AcDbCircle
 10
27.50904414523394
 20
-72.14663264690898
 30
0.0
 40
4.296321141114352
100
AcDbArc
 50
306.7353164038316
 51
94.53741865186644
  0
ARC
  5
2CB18F
330
2D7C36
100
AcDbEntity
  8
0
100
AcDbCircle
 10
26.92436795448884
 20
-72.18244314502226
 30
0.0
 40
4.325598673770397
100
AcDbArc
 50
86.7557929499417
 51
231.9714719968296
  0
LINE
  5
2CB190
330
2D7C36
100
AcDbEntity
  8
0
100
AcDbLine
 10
6.259566646418534
 20
-75.58973501325819
 30
0.0
 11
6.259566646418534
 21
-81.0
 31
0.0
  0
LINE
  5
2CB191
330
2D7C36
100
AcDbEntity
  8
0
100
AcDbLine
 10
12.07875647209585
 20
-81.0
 30
0.0
 11
12.07875647209585
 21
-75.58973501325819
 31
0.0
  0
LINE
  5
2CB192
330
2D7C36
100
AcDbEntity
  8
0
100
AcDbLine
 10
24.25956664641854
 20
-75.58973501325819
 30
0.0
 11
24.25956664641854
 21
-81.0
 31
0.0
  0
LINE
  5
2CB193
330
2D7C36
100
AcDbEntity
  8
0
100
AcDbLine
 10
30.07875647209585
 20
-81.0
 30
0.0
 11
30.07875647209585
 21
-75.58973501325819
 31
0.0
  0
ARC
  5
2CB194
330
2D7C36
100
AcDbEntity
  8
0
100
AcDbCircle
 10
25.23518622491975
 20
-72.14879405568352
 30
0.0
 40
0.5551211166865082
100
AcDbArc
 50
211.1911519539396
 51
321.5755566967714
  0
ARC
  5
2CB195
330
2D7C36
100
AcDbEntity
  8
0
100
AcDbCircle
 10
28.30277056945488
 20
-70.80460776953259
 30
0.0
 40
0.6715749001822965
100
AcDbArc
 50
128.424443298543
 51
225.0
  0
ARC
  5
2CB196
330
2D7C36
100
AcDbEntity
  8
0
100
AcDbCircle
 10
27.54040100192651
 20
-69.84357927861856
 30
0.0
 40
0.5551211166869808
100
AcDbArc
 50
308.4244432985431
 51
58.8088480489134
  0
ARC
  5
2CB197
330
2D7C36
100
AcDbEntity
  8
0
100
AcDbCircle
 10
27.24949264258612
 20
-70.32409352407556
 30
0.0
 40
1.11683422282456
100
AcDbArc
 50
58.8088480489134
 51
90.0
  0
ARC
  5
2CB198
330
2D7C36
100
AcDbEntity
  8
0
100
AcDbCircle
 10
27.24949264270254
 20
-70.32409352407556
 30
0.0
 40
1.116834222848408
100
AcDbArc
 50
90.0
 51
121.1911519510865
  0
ARC
  5
2CB199
330
2D7C36
100
AcDbEntity
  8
0
100
AcDbCircle
 10
26.95858428324573
 20
-69.84357927861856
 30
0.0
 40
0.5551211166865082
100
AcDbArc
 50
121.1911519510865
 51
231.5755567014569
  0
ARC
  5
2CB19A
330
2D7C36
100
AcDbEntity
  8
0
100
AcDbCircle
 10
26.19621471571736
 20
-70.80460776953259
 30
0.0
 40
0.6715749001867685
100
AcDbArc
 50
315.0
 51
51.57555670145688
  0
ARC
  5
2CB19B
330
2D7C36
100
AcDbEntity
  8
0
100
AcDbCircle
 10
26.19621471571736
 20
-70.80460776953259
 30
0.0
 40
0.6715749001822965
100
AcDbArc
 50
218.4244433032286
 51
315.0
  0
ARC
  5
2CB19C
330
2D7C36
100
AcDbEntity
  8
0
100
AcDbCircle
 10
25.23518622491975
 20
-71.56697733706096
 30
0.0
 40
0.5551211166812804
100
AcDbArc
 50
38.42444330322857
 51
148.8088480460604
  0
ARC
  5
2CB19D
330
2D7C36
100
AcDbEntity
  8
0
100
AcDbCircle
 10
25.71570047037676
 20
-71.85788569634316
 30
0.0
 40
1.116834222817024
100
AcDbArc
 50
148.8088480460604
 51
180.0
  0
ARC
  5
2CB19E
330
2D7C36
100
AcDbEntity
  8
0
100
AcDbCircle
 10
25.71570047037676
 20
-71.85788569634316
 30
0.0
 40
1.116834222819304
100
AcDbArc
 50
180.0
 51
211.1911519539396
  0
ARC
  5
2CB19F
330
2D7C36
100
AcDbEntity
  8
0
100
AcDbCircle
 10
26.19621471583378
 20
-72.9111636232119
 30
0.0
 40
0.6715749001879469
100
AcDbArc
 50
45.0
 51
141.5755566993841
  0
ARC
  5
2CB1A0
330
2D7C36
100
AcDbEntity
  8
0
100
AcDbCircle
 10
26.19621471571736
 20
-72.9111636232119
 30
0.0
 40
0.6715749001822965
100
AcDbArc
 50
308.4244432985431
 51
45.0
  0
ARC
  5
2CB1A1
330
2D7C36
100
AcDbEntity
  8
0
100
AcDbCircle
 10
26.95858428324573
 20
-73.87219211412594
 30
0.0
 40
0.5551211166869808
100
AcDbArc
 50
128.424443298543
 51
238.8088480489134
  0
ARC
  5
2CB1A2
330
2D7C36
100
AcDbEntity
  8
0
100
AcDbCircle
 10
27.24949264270254
 20
-73.39167786866892
 30
0.0
 40
1.116834222849456
100
AcDbArc
 50
238.8088480489134
 51
270.0
  0
ARC
  5
2CB1A3
330
2D7C36
100
AcDbEntity
  8
0
100
AcDbCircle
 10
27.24949264258612
 20
-73.39167786866892
 30
0.0
 40
1.116834222819304
100
AcDbArc
 50
270.0
 51
301.1911519510866
  0
ARC
  5
2CB1A4
330
2D7C36
100
AcDbEntity
  8
0
100
AcDbCircle
 10
27.54040100192651
 20
-73.87219211412594
 30
0.0
 40
0.5551211166865082
100
AcDbArc
 50
301.1911519510866
 51
51.57555670145688
  0
ARC
  5
2CB1A5
330
2D7C36
100
AcDbEntity
  8
0
100
AcDbCircle
 10
28.30277056945488
 20
-72.9111636232119
 30
0.0
 40
0.6715749001867685
100
AcDbArc
 50
135.0
 51
231.5755567014569
  0
ARC
  5
2CB1A6
330
2D7C36
100
AcDbEntity
  8
0
100
AcDbCircle
 10
28.30277056945488
 20
-72.9111636232119
 30
0.0
 40
0.6715749001822965
100
AcDbArc
 50
38.42444330322857
 51
135.0
  0
ARC
  5
2CB1A7
330
2D7C36
100
AcDbEntity
  8
0
100
AcDbCircle
 10
29.26379906036892
 20
-72.14879405568352
 30
0.0
 40
0.5551211166858023
100
AcDbArc
 50
218.4244433032286
 51
328.8088480489134
  0
ARC
  5
2CB1A8
330
2D7C36
100
AcDbEntity
  8
0
100
AcDbCircle
 10
28.7832848149119
 20
-71.85788569634316
 30
0.0
 40
1.116834222817024
100
AcDbArc
 50
328.8088480460605
 51
0.0
  0
ARC
  5
2CB1A9
330
2D7C36
100
AcDbEntity
  8
0
100
AcDbCircle
 10
28.7832848149119
 20
-71.85788569634316
 30
0.0
 40
1.116834222819304
100
AcDbArc
 50
0.0
 51
31.19115195393953
  0
ARC
  5
2CB1AA
330
2D7C36
100
AcDbEntity
  8
0
100
AcDbCircle
 10
29.26379906036892
 20
-71.56697733706096
 30
0.0
 40
0.5551211166989565
100
AcDbArc
 50
31.19115195108658
 51
141.5755566967714
  0
ARC
  5
2CB1AB
330
2D7C36
100
AcDbEntity
  8
0
100
AcDbCircle
 10
28.30277056945488
 20
-70.80460776953259
 30
0.0
 40
0.6715749001765463
100
AcDbArc
 50
225.0
 51
321.5755566967714
  0
ARC
  5
2CB1AC
330
2D7C36
100
AcDbEntity
  8
0
100
AcDbCircle
 10
10.30277056945488
 20
-70.80460776953259
 30
0.0
 40
0.6715749001822965
100
AcDbArc
 50
128.424443298543
 51
225.0
  0
ARC
  5
2CB1AD
330
2D7C36
100
AcDbEntity
  8
0
100
AcDbCircle
 10
9.540401001926511
 20
-69.84357927861856
 30
0.0
 40
0.5551211166869808
100
AcDbArc
 50
308.4244432985431
 51
58.8088480489134
  0
ARC
  5
2CB1AE
330
2D7C36
100
AcDbEntity
  8
0
100
AcDbCircle
 10
9.249492642586119
 20
-70.32409352407556
 30
0.0
 40
1.11683422282456
100
AcDbArc
 50
58.8088480489134
 51
90.0
  0
ARC
  5
2CB1AF
330
2D7C36
100
AcDbEntity
  8
0
100
AcDbCircle
 10
9.249492642702533
 20
-70.32409352407556
 30
0.0
 40
1.116834222848408
100
AcDbArc
 50
90.0
 51
121.1911519510865
  0
ARC
  5
2CB1B0
330
2D7C36
100
AcDbEntity
  8
0
100
AcDbCircle
 10
8.958584283245727
 20
-69.84357927861856
 30
0.0
 40
0.5551211166865082
100
AcDbArc
 50
121.1911519510865
 51
231.5755567014569
  0
ARC
  5
2CB1B1
330
2D7C36
100
AcDbEntity
  8
0
100
AcDbCircle
 10
8.19621471571736
 20
-70.80460776953259
 30
0.0
 40
0.6715749001867685
100
AcDbArc
 50
315.0
 51
51.57555670145688
  0
ARC
  5
2CB1B2
330
2D7C36
100
AcDbEntity
  8
0
100
AcDbCircle
 10
8.19621471571736
 20
-70.80460776953259
 30
0.0
 40
0.6715749001822965
100
AcDbArc
 50
218.4244433032286
 51
315.0
  0
ARC
  5
2CB1B3
330
2D7C36
100
AcDbEntity
  8
0
100
AcDbCircle
 10
7.235186224919742
 20
-71.56697733706096
 30
0.0
 40
0.5551211166812804
100
AcDbArc
 50
38.42444330322857
 51
148.8088480460604
  0
ARC
  5
2CB1B4
330
2D7C36
100
AcDbEntity
  8
0
100
AcDbCircle
 10
7.715700470376757
 20
-71.85788569634316
 30
0.0
 40
1.116834222817024
100
AcDbArc
 50
148.8088480460604
 51
180.0
  0
ARC
  5
2CB1B5
330
2D7C36
100
AcDbEntity
  8
0
100
AcDbCircle
 10
7.715700470376757
 20
-71.85788569634316
 30
0.0
 40
1.116834222819304
100
AcDbArc
 50
180.0
 51
211.1911519539396
  0
ARC
  5
2CB1B6
330
2D7C36
100
AcDbEntity
  8
0
100
AcDbCircle
 10
7.235186224919742
 20
-72.14879405568352
 30
0.0
 40
0.5551211166865082
100
AcDbArc
 50
211.1911519539396
 51
321.5755566967714
  0
ARC
  5
2CB1B7
330
2D7C36
100
AcDbEntity
  8
0
100
AcDbCircle
 10
8.196214715833772
 20
-72.9111636232119
 30
0.0
 40
0.6715749001879469
100
AcDbArc
 50
45.0
 51
141.5755566993841
  0
ARC
  5
2CB1B8
330
2D7C36
100
AcDbEntity
  8
0
100
AcDbCircle
 10
8.19621471571736
 20
-72.9111636232119
 30
0.0
 40
0.6715749001822965
100
AcDbArc
 50
308.4244432985431
 51
45.0
  0
ARC
  5
2CB1B9
330
2D7C36
100
AcDbEntity
  8
0
100
AcDbCircle
 10
8.958584283245727
 20
-73.87219211412594
 30
0.0
 40
0.5551211166869808
100
AcDbArc
 50
128.424443298543
 51
238.8088480489134
  0
ARC
  5
2CB1BA
330
2D7C36
100
AcDbEntity
  8
0
100
AcDbCircle
 10
9.249492642702533
 20
-73.39167786866892
 30
0.0
 40
1.116834222849456
100
AcDbArc
 50
238.8088480489134
 51
270.0
  0
ARC
  5
2CB1BB
330
2D7C36
100
AcDbEntity
  8
0
100
AcDbCircle
 10
9.249492642586119
 20
-73.39167786866892
 30
0.0
 40
1.116834222819304
100
AcDbArc
 50
270.0
 51
301.1911519510866
  0
ARC
  5
2CB1BC
330
2D7C36
100
AcDbEntity
  8
0
100
AcDbCircle
 10
9.540401001926511
 20
-73.87219211412594
 30
0.0
 40
0.5551211166865082
100
AcDbArc
 50
301.1911519510866
 51
51.57555670145688
  0
ARC
  5
2CB1BD
330
2D7C36
100
AcDbEntity
  8
0
100
AcDbCircle
 10
10.30277056945488
 20
-72.9111636232119
 30
0.0
 40
0.6715749001867685
100
AcDbArc
 50
135.0
 51
231.5755567014569
  0
ARC
  5
2CB1BE
330
2D7C36
100
AcDbEntity
  8
0
100
AcDbCircle
 10
10.30277056945488
 20
-72.9111636232119
 30
0.0
 40
0.6715749001822965
100
AcDbArc
 50
38.42444330322857
 51
135.0
  0
ARC
  5
2CB1BF
330
2D7C36
100
AcDbEntity
  8
0
100
AcDbCircle
 10
11.26379906036891
 20
-72.14879405568352
 30
0.0
 40
0.5551211166858023
100
AcDbArc
 50
218.4244433032286
 51
328.8088480489134
  0
ARC
  5
2CB1C0
330
2D7C36
100
AcDbEntity
  8
0
100
AcDbCircle
 10
10.78328481491189
 20
-71.85788569634316
 30
0.0
 40
1.116834222817024
100
AcDbArc
 50
328.8088480460605
 51
0.0
  0
ARC
  5
2CB1C1
330
2D7C36
100
AcDbEntity
  8
0
100
AcDbCircle
 10
10.78328481491189
 20
-71.85788569634316
 30
0.0
 40
1.116834222819304
100
AcDbArc
 50
0.0
 51
31.19115195393953
  0
ARC
  5
2CB1C2
330
2D7C36
100
AcDbEntity
  8
0
100
AcDbCircle
 10
11.26379906036891
 20
-71.56697733706096
 30
0.0
 40
0.5551211166989565
100
AcDbArc
 50
31.19115195108658
 51
141.5755566967714
  0
ARC
  5
2CB1C3
330
2D7C36
100
AcDbEntity
  8
0
100
AcDbCircle
 10
10.30277056945488
 20
-70.80460776953259
 30
0.0
 40
0.6715749001765463
100
AcDbArc
 50
225.0
 51
321.5755566967714
  0
LINE
  5
2CB1C4
330
2D7C36
100
AcDbEntity
  8
0
100
AcDbLine
 10
21.78287816699594
 20
-65.66527767572551
 30
0.0
 11
32.66328980145046
 21
-65.66527767572551
 31
0.0
  0
LINE
  5
2CB1C5
330
2D7C36
100
AcDbEntity
  8
0
100
AcDbLine
 10
3.782878166995942
 20
-65.66527767572551
 30
0.0
 11
14.66328980145044
 21
-65.66527767572551
 31
0.0
  0
LINE
  5
2CB1C6
330
2D7C36
100
AcDbEntity
  8
0
100
AcDbLine
 10
14.66328980145044
 20
-64.20116092736134
 30
0.0
 11
14.66328980145044
 21
-67.1293944241479
 31
0.0
  0
LINE
  5
2CB1C7
330
2D7C36
100
AcDbEntity
  8
0
100
AcDbLine
 10
14.66328980145044
 20
-67.1293944241479
 30
0.0
 11
3.782878166995942
 21
-67.1293944241479
 31
0.0
  0
LINE
  5
2CB1C8
330
2D7C36
100
AcDbEntity
  8
0
100
AcDbLine
 10
3.782878166995942
 20
-67.1293944241479
 30
0.0
 11
3.782878166995942
 21
-64.20116092736134
 31
0.0
  0
LINE
  5
2CB1C9
330
2D7C36
100
AcDbEntity
  8
0
100
AcDbLine
 10
3.782878166995942
 20
-64.20116092736134
 30
0.0
 11
14.66328980145044
 21
-64.20116092736134
 31
0.0
  0
LINE
  5
2CB1CA
330
2D7C36
100
AcDbEntity
  8
0
100
AcDbLine
 10
32.66328980145046
 20
-64.20116092736134
 30
0.0
 11
32.66328980145046
 21
-67.1293944241479
 31
0.0
  0
LINE
  5
2CB1CB
330
2D7C36
100
AcDbEntity
  8
0
100
AcDbLine
 10
32.66328980145046
 20
-67.1293944241479
 30
0.0
 11
21.78287816699594
 21
-67.1293944241479
 31
0.0
  0
LINE
  5
2CB1CC
330
2D7C36
100
AcDbEntity
  8
0
100
AcDbLine
 10
21.78287816699594
 20
-67.1293944241479
 30
0.0
 11
21.78287816699594
 21
-64.20116092736134
 31
0.0
  0
LINE
  5
2CB1CD
330
2D7C36
100
AcDbEntity
  8
0
100
AcDbLine
 10
21.78287816699594
 20
-64.20116092736134
 30
0.0
 11
32.66328980145046
 21
-64.20116092736134
 31
0.0
  0
ATTDEF
  5
2CB1CE
330
2D7C36
100
AcDbEntity
  8
0
 62
     1
100
AcDbText
 10
23.42862147392589
 20
-38.18550958134439
 30
0.0
 40
6.0
  1
ID
  7
ROMAND
100
AcDbAttributeDefinition
280
     0
  3
Interruptor Diferencial ID 2P
  2
ID
 70
     0
280
     0
  0
TEXT
  5
2CB1CF
330
2D7C36
100
AcDbEntity
  8
0
100
AcDbText
 10
24.20648390054704
 20
-26.41801464033779
 30
0.0
 40
3.0
  1
MERLIN GERIN
 41
0.35
  7
STYLE1
100
AcDbText
  0
SOLID
  5
2CB1D0
330
2D7C36
100
AcDbEntity
  8
0
100
AcDbTrace
 10
17.91375346749555
 20
-37.71890905784676
 30
0.0
 11
17.91375346749555
 21
-39.18303503631615
 31
0.0
 12
3.894777937093747
 22
-37.71890905784676
 32
0.0
 13
3.894777937093747
 23
-39.18303503631615
 33
0.0
  0
LINE
  5
2CB1D1
330
2D7C36
100
AcDbEntity
  8
0
100
AcDbLine
 10
3.894777937093747
 20
-39.18303503631615
 30
0.0
 11
17.91375346749555
 21
-39.18303503631615
 31
0.0
  0
LINE
  5
2CB1D2
330
2D7C36
100
AcDbEntity
  8
0
100
AcDbLine
 10
3.894777937093747
 20
-37.71890905784676
 30
0.0
 11
17.91375346749555
 21
-37.71890905784676
 31
0.0
  0
LINE
  5
2CB1D3
330
2D7C36
100
AcDbEntity
  8
0
100
AcDbLine
 10
3.894777937093747
 20
-32.58674258110114
 30
0.0
 11
17.91375346749555
 21
-32.58674258110114
 31
0.0
  0
LINE
  5
2CB1D4
330
2D7C36
100
AcDbEntity
  8
0
100
AcDbLine
 10
3.894777937093747
 20
-31.02581183385337
 30
0.0
 11
17.91375346749555
 21
-31.02581183385337
 31
0.0
  0
LINE
  5
2CB1D5
330
2D7C36
100
AcDbEntity
  8
0
100
AcDbLine
 10
3.894777937093747
 20
-28.72505562496371
 30
0.0
 11
17.91375346749555
 21
-28.72505562496371
 31
0.0
  0
TEXT
  5
2CB1D6
330
2D7C36
100
AcDbEntity
  8
0
100
AcDbText
 10
8.922259989310989
 20
-26.73073501506588
 30
0.0
 40
5.0
  1
T
100
AcDbText
  0
ARC
  5
2CB1D7
330
2D7C36
100
AcDbEntity
  8
0
100
AcDbCircle
 10
22.33378817816265
 20
-28.36278396070702
 30
0.0
 40
1.39009343622543
100
AcDbArc
 50
90.00000160082555
 51
89.99999839917441
  0
LINE
  5
2CB1D8
330
2D7C36
100
AcDbEntity
  8
0
100
AcDbLine
 10
22.33378817816265
 20
-28.36278391233646
 30
0.0
 11
23.72388156608213
 21
-28.36278391233646
 31
0.0
  0
LINE
  5
2CB1D9
330
2D7C36
100
AcDbEntity
  8
0
100
AcDbLine
 10
22.33145805436652
 20
-25.93779495818309
 30
0.0
 11
20.90012372646016
 21
-23.61647104966687
 31
0.0
  0
LINE
  5
2CB1DA
330
2D7C36
100
AcDbEntity
  8
0
100
AcDbLine
 10
23.76279238238931
 20
-26.47913970565423
 30
0.0
 11
20.90012372646016
 21
-26.47913970565423
 31
0.0
  0
LINE
  5
2CB1DB
330
2D7C36
100
AcDbEntity
  8
0
100
AcDbLine
 10
20.90012372646016
 20
-23.61647104966687
 30
0.0
 11
23.76279238238931
 21
-23.61647104966687
 31
0.0
  0
LINE
  5
2CB1DC
330
2D7C36
100
AcDbEntity
  8
0
100
AcDbLine
 10
20.90012372646016
 20
-26.47913970565423
 30
0.0
 11
20.90012372646016
 21
-23.61647104966687
 31
0.0
  0
LINE
  5
2CB1DD
330
2D7C36
100
AcDbEntity
  8
0
100
AcDbLine
 10
23.76279238238931
 20
-23.61647104966687
 30
0.0
 11
22.33145805436652
 21
-25.93779495818309
 31
0.0
  0
LINE
  5
2CB1DE
330
2D7C36
100
AcDbEntity
  8
0
100
AcDbLine
 10
23.76279238238931
 20
-23.61647104966687
 30
0.0
 11
23.76279238238931
 21
-26.47913970565423
 31
0.0
  0
TEXT
  5
2CB1DF
330
2D7C36
100
AcDbEntity
  8
0
100
AcDbText
 10
25.54565244086552
 20
-29.18148745328654
 30
0.0
 40
1.431334327991343
  1
MULTI 9
 41
0.7
  7
STYLE1
100
AcDbText
  0
LINE
  5
2CB1E0
330
2D7C36
100
AcDbEntity
  8
0
100
AcDbLine
 10
23.9876413999591
 20
-39.65213650255464
 30
0.0
 11
34.18763821118047
 21
-39.65213650255464
 31
0.0
  0
ATTDEF
  5
2CB1E1
330
2D7C36
100
AcDbEntity
  8
0
 62
     1
100
AcDbText
 10
23.7624941902759
 20
-45.9071125012706
 30
0.0
 40
5.0
  1
25A 
 41
0.75
  7
ROMAND
100
AcDbAttributeDefinition
280
     0
  3
Corriente Nominal In (A) :  
  2
25A
 70
     0
280
     0
  0
LINE
  5
2CB1E2
330
2D7C36
100
AcDbEntity
  8
0
100
AcDbLine
 10
36.08408229902853
 20
-40.49999999999999
 30
0.0
 11
0.0
 21
-40.49999999999999
 31
0.0
  0
SOLID
  5
2CB1E3
330
2D7C36
100
AcDbEntity
  8
0
100
AcDbTrace
 10
0.9521832267055287
 20
-42.22380130784585
 30
0.0
 11
2.011634588241575
 21
-42.22380130784585
 31
0.0
 12
0.9521832267055287
 22
-49.05053120187949
 32
0.0
 13
2.011634588241575
 23
-49.05053120187949
 33
0.0
  0
LINE
  5
2CB1E4
330
2D7C36
100
AcDbEntity
  8
0
100
AcDbLine
 10
3.894777937093747
 20
-53.60518474673154
 30
0.0
 11
17.91375346749555
 21
-53.60518474673154
 31
0.0
  0
LINE
  5
2CB1E5
330
2D7C36
100
AcDbEntity
  8
0
100
AcDbLine
 10
3.894777937093747
 20
-50.18671917822211
 30
0.0
 11
17.91375346749555
 21
-50.18671917822211
 31
0.0
  0
TEXT
  5
2CB1E6
330
2D7C36
100
AcDbEntity
  8
0
100
AcDbText
 10
6.038817065767942
 20
-44.83506837364982
 30
0.0
 40
5.0
  1
OFF
 41
0.75
100
AcDbText
  0
LINE
  5
2CB1E7
330
2D7C36
100
AcDbEntity
  8
0
100
AcDbLine
 10
3.894777937093747
 20
-58.41174485365627
 30
0.0
 11
17.91375346749555
 21
-58.41174485365627
 31
0.0
  0
LINE
  5
2CB1E8
330
2D7C36
100
AcDbEntity
  8
0
100
AcDbLine
 10
2.011634588241575
 20
-54.66079583042301
 30
0.0
 11
3.894777937093747
 21
-54.66079583042301
 31
0.0
  0
LINE
  5
2CB1E9
330
2D7C36
100
AcDbEntity
  8
0
100
AcDbLine
 10
3.894777937093747
 20
-54.66079583042301
 30
0.0
 11
3.894777937093747
 21
-58.41174485365627
 31
0.0
  0
LINE
  5
2CB1EA
330
2D7C36
100
AcDbEntity
  8
0
100
AcDbLine
 10
17.91375346749555
 20
-54.66079583042301
 30
0.0
 11
19.79689681634772
 21
-54.66079583042301
 31
0.0
  0
LINE
  5
2CB1EB
330
2D7C36
100
AcDbEntity
  8
0
100
AcDbLine
 10
17.91375346749555
 20
-54.66079583042301
 30
0.0
 11
17.91375346749555
 21
-58.41174485365627
 31
0.0
  0
SOLID
  5
2CB1EC
330
2D7C36
100
AcDbEntity
  8
0
100
AcDbTrace
 10
20.85634817788378
 20
-42.22380130784585
 30
0.0
 11
19.79689681634772
 21
-42.22380130784585
 31
0.0
 12
20.85634817788378
 22
-49.05053120187949
 32
0.0
 13
19.79689681634772
 23
-49.05053120187949
 33
0.0
  0
LINE
  5
2CB1ED
330
2D7C36
100
AcDbEntity
  8
0
100
AcDbLine
 10
19.79689681634772
 20
-42.22380130784585
 30
0.0
 11
19.79689681634772
 21
-49.05053120187949
 31
0.0
  0
LINE
  5
2CB1EE
330
2D7C36
100
AcDbEntity
  8
0
100
AcDbLine
 10
19.79689681634772
 20
-49.05053120187949
 30
0.0
 11
20.85634817788378
 21
-49.05053120187949
 31
0.0
  0
LINE
  5
2CB1EF
330
2D7C36
100
AcDbEntity
  8
0
100
AcDbLine
 10
20.85634817788378
 20
-49.05053120187949
 30
0.0
 11
20.85634817788378
 21
-42.22380130784585
 31
0.0
  0
LINE
  5
2CB1F0
330
2D7C36
100
AcDbEntity
  8
0
100
AcDbLine
 10
20.85634817788378
 20
-42.22380130784585
 30
0.0
 11
19.79689681634772
 21
-42.22380130784585
 31
0.0
  0
LINE
  5
2CB1F1
330
2D7C36
100
AcDbEntity
  8
0
100
AcDbLine
 10
2.011634588241575
 20
-42.22380130784585
 30
0.0
 11
2.011634588241575
 21
-49.05053120187949
 31
0.0
  0
LINE
  5
2CB1F2
330
2D7C36
100
AcDbEntity
  8
0
100
AcDbLine
 10
2.011634588241575
 20
-49.05053120187949
 30
0.0
 11
0.9521832267055287
 21
-49.05053120187949
 31
0.0
  0
LINE
  5
2CB1F3
330
2D7C36
100
AcDbEntity
  8
0
100
AcDbLine
 10
0.9521832267055287
 20
-49.05053120187949
 30
0.0
 11
0.9521832267055287
 21
-42.22380130784585
 31
0.0
  0
LINE
  5
2CB1F4
330
2D7C36
100
AcDbEntity
  8
0
100
AcDbLine
 10
0.9521832267055287
 20
-42.22380130784585
 30
0.0
 11
2.011634588241575
 21
-42.22380130784585
 31
0.0
  0
LINE
  5
2CB1F5
330
2D7C36
100
AcDbEntity
  8
0
100
AcDbLine
 10
17.91375346749555
 20
-54.66079583042301
 30
0.0
 11
17.91375346749555
 21
-31.02581183385337
 31
0.0
  0
LINE
  5
2CB1F6
330
2D7C36
100
AcDbEntity
  8
0
100
AcDbLine
 10
3.894777937093747
 20
-19.88786622550106
 30
0.0
 11
3.894777937093747
 21
-28.72505562496371
 31
0.0
  0
LINE
  5
2CB1F7
330
2D7C36
100
AcDbEntity
  8
0
100
AcDbLine
 10
3.894777937093747
 20
-31.02581183385337
 30
0.0
 11
3.894777937093747
 21
-54.66079583042301
 31
0.0
  0
LINE
  5
2CB1F8
330
2D7C36
100
AcDbEntity
  8
0
100
AcDbLine
 10
2.011634588241575
 20
-18.00472287659068
 30
0.0
 11
2.011634588241575
 21
-54.66079583042301
 31
0.0
  0
LINE
  5
2CB1F9
330
2D7C36
100
AcDbEntity
  8
0
100
AcDbLine
 10
17.91375346749555
 20
-28.72505562496371
 30
0.0
 11
17.91375346749555
 21
-19.88786622550106
 31
0.0
  0
LINE
  5
2CB1FA
330
2D7C36
100
AcDbEntity
  8
0
100
AcDbLine
 10
17.91375346749555
 20
-19.88786622550106
 30
0.0
 11
3.894777937093747
 21
-19.88786622550106
 31
0.0
  0
LINE
  5
2CB1FB
330
2D7C36
100
AcDbEntity
  8
0
100
AcDbLine
 10
19.79689681634772
 20
-54.66079583042301
 30
0.0
 11
19.79689681634772
 21
-18.00472287659068
 31
0.0
  0
LINE
  5
2CB1FC
330
2D7C36
100
AcDbEntity
  8
0
100
AcDbLine
 10
19.79689681634772
 20
-18.00472287659068
 30
0.0
 11
2.011634588241575
 21
-18.00472287659068
 31
0.0
  0
LINE
  5
2CB1FD
330
2D7C36
100
AcDbEntity
  8
0
100
AcDbLine
 10
24.35670365742408
 20
-27.08814116421854
 30
0.0
 11
24.35670365742408
 21
-29.82791848474881
 31
0.0
  0
LINE
  5
2CB1FE
330
2D7C36
100
AcDbEntity
  8
0
100
AcDbLine
 10
24.35670365742408
 20
-29.82791848474881
 30
0.0
 11
34.29514258471318
 21
-29.82791848474881
 31
0.0
  0
LINE
  5
2CB1FF
330
2D7C36
100
AcDbEntity
  8
0
100
AcDbLine
 10
34.29514258471318
 20
-29.82791848474881
 30
0.0
 11
34.29514258471318
 21
-27.08814116421854
 31
0.0
  0
LINE
  5
2CB200
330
2D7C36
100
AcDbEntity
  8
0
100
AcDbLine
 10
34.29514258471318
 20
-27.08814116421854
 30
0.0
 11
24.35670365742408
 21
-27.08814116421854
 31
0.0
  0
CIRCLE
  5
2CB201
330
2D7C36
100
AcDbEntity
  8
0
100
AcDbCircle
 10
27.22308398422319
 20
-9.137927501287775
 30
0.0
 40
3.297356018523212
  0
CIRCLE
  5
2CB202
330
2D7C36
100
AcDbEntity
  8
0
100
AcDbCircle
 10
9.223083984223192
 20
-9.137927501287775
 30
0.0
 40
3.297356018523212
  0
ARC
  5
2CB203
330
2D7C36
100
AcDbEntity
  8
0
100
AcDbCircle
 10
9.509044145233927
 20
-8.853367353091016
 30
0.0
 40
4.296321141114352
100
AcDbArc
 50
265.4625813481336
 51
53.26468359616848
  0
ARC
  5
2CB204
330
2D7C36
100
AcDbEntity
  8
0
100
AcDbCircle
 10
8.92436795448884
 20
-8.817556854977738
 30
0.0
 40
4.325598673770397
100
AcDbArc
 50
128.0285280031702
 51
273.2442070500583
  0
ARC
  5
2CB205
330
2D7C36
100
AcDbEntity
  8
0
100
AcDbCircle
 10
27.50904414523394
 20
-8.853367353091016
 30
0.0
 40
4.296321141114352
100
AcDbArc
 50
265.4625813481336
 51
53.26468359616848
  0
ARC
  5
2CB206
330
2D7C36
100
AcDbEntity
  8
0
100
AcDbCircle
 10
26.92436795448884
 20
-8.817556854977738
 30
0.0
 40
4.325598673770397
100
AcDbArc
 50
128.0285280031702
 51
273.2442070500583
  0
ARC
  5
2CB207
330
2D7C36
100
AcDbEntity
  8
0
100
AcDbCircle
 10
28.30277056945488
 20
-10.1953922304674
 30
0.0
 40
0.6715749001822965
100
AcDbArc
 50
135.0
 51
231.5755567014569
  0
ARC
  5
2CB208
330
2D7C36
100
AcDbEntity
  8
0
100
AcDbCircle
 10
27.54040100192651
 20
-11.15642072138143
 30
0.0
 40
0.5551211166869808
100
AcDbArc
 50
301.1911519510866
 51
51.57555670145688
  0
ARC
  5
2CB209
330
2D7C36
100
AcDbEntity
  8
0
100
AcDbCircle
 10
27.24949264258612
 20
-10.67590647592442
 30
0.0
 40
1.11683422282456
100
AcDbArc
 50
270.0
 51
301.1911519510866
  0
ARC
  5
2CB20A
330
2D7C36
100
AcDbEntity
  8
0
100
AcDbCircle
 10
27.24949264270254
 20
-10.67590647592442
 30
0.0
 40
1.116834222848408
100
AcDbArc
 50
238.8088480489134
 51
270.0
  0
ARC
  5
2CB20B
330
2D7C36
100
AcDbEntity
  8
0
100
AcDbCircle
 10
26.95858428324573
 20
-11.15642072138143
 30
0.0
 40
0.5551211166865082
100
AcDbArc
 50
128.424443298543
 51
238.8088480489134
  0
ARC
  5
2CB20C
330
2D7C36
100
AcDbEntity
  8
0
100
AcDbCircle
 10
26.19621471571736
 20
-10.1953922304674
 30
0.0
 40
0.6715749001867685
100
AcDbArc
 50
308.4244432985431
 51
45.0
  0
ARC
  5
2CB20D
330
2D7C36
100
AcDbEntity
  8
0
100
AcDbCircle
 10
26.19621471571736
 20
-10.1953922304674
 30
0.0
 40
0.6715749001822965
100
AcDbArc
 50
45.0
 51
141.5755566967714
  0
ARC
  5
2CB20E
330
2D7C36
100
AcDbEntity
  8
0
100
AcDbCircle
 10
25.23518622491975
 20
-9.433022662939036
 30
0.0
 40
0.5551211166812804
100
AcDbArc
 50
211.1911519539396
 51
321.5755566967714
  0
ARC
  5
2CB20F
330
2D7C36
100
AcDbEntity
  8
0
100
AcDbCircle
 10
25.71570047037676
 20
-9.14211430365685
 30
0.0
 40
1.116834222817024
100
AcDbArc
 50
180.0
 51
211.1911519539396
  0
ARC
  5
2CB210
330
2D7C36
100
AcDbEntity
  8
0
100
AcDbCircle
 10
25.71570047037676
 20
-9.14211430365685
 30
0.0
 40
1.116834222819304
100
AcDbArc
 50
148.8088480460604
 51
180.0
  0
ARC
  5
2CB211
330
2D7C36
100
AcDbEntity
  8
0
100
AcDbCircle
 10
25.23518622491975
 20
-8.851205944316461
 30
0.0
 40
0.5551211166865082
100
AcDbArc
 50
38.42444330322857
 51
148.8088480460604
  0
ARC
  5
2CB212
330
2D7C36
100
AcDbEntity
  8
0
100
AcDbCircle
 10
26.19621471583378
 20
-8.088836376788094
 30
0.0
 40
0.6715749001879469
100
AcDbArc
 50
218.4244433006158
 51
315.0
  0
ARC
  5
2CB213
330
2D7C36
100
AcDbEntity
  8
0
100
AcDbCircle
 10
26.19621471571736
 20
-8.088836376788094
 30
0.0
 40
0.6715749001822965
100
AcDbArc
 50
315.0
 51
51.57555670145688
  0
ARC
  5
2CB214
330
2D7C36
100
AcDbEntity
  8
0
100
AcDbCircle
 10
26.95858428324573
 20
-7.127807885874061
 30
0.0
 40
0.5551211166869808
100
AcDbArc
 50
121.1911519510865
 51
231.5755567014569
  0
ARC
  5
2CB215
330
2D7C36
100
AcDbEntity
  8
0
100
AcDbCircle
 10
27.24949264270254
 20
-7.608322131331076
 30
0.0
 40
1.116834222849456
100
AcDbArc
 50
90.0
 51
121.1911519510865
  0
ARC
  5
2CB216
330
2D7C36
100
AcDbEntity
  8
0
100
AcDbCircle
 10
27.24949264258612
 20
-7.608322131331076
 30
0.0
 40
1.116834222819304
100
AcDbArc
 50
58.8088480489134
 51
90.0
  0
ARC
  5
2CB217
330
2D7C36
100
AcDbEntity
  8
0
100
AcDbCircle
 10
27.54040100192651
 20
-7.127807885874061
 30
0.0
 40
0.5551211166865082
100
AcDbArc
 50
308.4244432985431
 51
58.8088480489134
  0
ARC
  5
2CB218
330
2D7C36
100
AcDbEntity
  8
0
100
AcDbCircle
 10
28.30277056945488
 20
-8.088836376788094
 30
0.0
 40
0.6715749001867685
100
AcDbArc
 50
128.424443298543
 51
225.0
  0
ARC
  5
2CB219
330
2D7C36
100
AcDbEntity
  8
0
100
AcDbCircle
 10
28.30277056945488
 20
-8.088836376788094
 30
0.0
 40
0.6715749001822965
100
AcDbArc
 50
225.0
 51
321.5755566967714
  0
ARC
  5
2CB21A
330
2D7C36
100
AcDbEntity
  8
0
100
AcDbCircle
 10
29.26379906036892
 20
-8.851205944316461
 30
0.0
 40
0.5551211166858023
100
AcDbArc
 50
31.19115195108658
 51
141.5755566967714
  0
ARC
  5
2CB21B
330
2D7C36
100
AcDbEntity
  8
0
100
AcDbCircle
 10
28.7832848149119
 20
-9.14211430365685
 30
0.0
 40
1.116834222817024
100
AcDbArc
 50
0.0
 51
31.19115195393953
  0
ARC
  5
2CB21C
330
2D7C36
100
AcDbEntity
  8
0
100
AcDbCircle
 10
28.7832848149119
 20
-9.14211430365685
 30
0.0
 40
1.116834222819304
100
AcDbArc
 50
328.8088480460605
 51
0.0
  0
ARC
  5
2CB21D
330
2D7C36
100
AcDbEntity
  8
0
100
AcDbCircle
 10
29.26379906036892
 20
-9.433022662939036
 30
0.0
 40
0.5551211166989565
100
AcDbArc
 50
218.4244433032286
 51
328.8088480489134
  0
ARC
  5
2CB21E
330
2D7C36
100
AcDbEntity
  8
0
100
AcDbCircle
 10
28.30277056945488
 20
-10.1953922304674
 30
0.0
 40
0.6715749001765463
100
AcDbArc
 50
38.42444330322857
 51
135.0
  0
ARC
  5
2CB21F
330
2D7C36
100
AcDbEntity
  8
0
100
AcDbCircle
 10
10.30277056945488
 20
-10.1953922304674
 30
0.0
 40
0.6715749001822965
100
AcDbArc
 50
135.0
 51
231.5755567014569
  0
ARC
  5
2CB220
330
2D7C36
100
AcDbEntity
  8
0
100
AcDbCircle
 10
9.540401001926511
 20
-11.15642072138143
 30
0.0
 40
0.5551211166869808
100
AcDbArc
 50
301.1911519510866
 51
51.57555670145688
  0
ARC
  5
2CB221
330
2D7C36
100
AcDbEntity
  8
0
100
AcDbCircle
 10
9.249492642586119
 20
-10.67590647592442
 30
0.0
 40
1.11683422282456
100
AcDbArc
 50
270.0
 51
301.1911519510866
  0
ARC
  5
2CB222
330
2D7C36
100
AcDbEntity
  8
0
100
AcDbCircle
 10
9.249492642702533
 20
-10.67590647592442
 30
0.0
 40
1.116834222848408
100
AcDbArc
 50
238.8088480489134
 51
270.0
  0
ARC
  5
2CB223
330
2D7C36
100
AcDbEntity
  8
0
100
AcDbCircle
 10
8.958584283245727
 20
-11.15642072138143
 30
0.0
 40
0.5551211166865082
100
AcDbArc
 50
128.424443298543
 51
238.8088480489134
  0
ARC
  5
2CB224
330
2D7C36
100
AcDbEntity
  8
0
100
AcDbCircle
 10
8.19621471571736
 20
-10.1953922304674
 30
0.0
 40
0.6715749001867685
100
AcDbArc
 50
308.4244432985431
 51
45.0
  0
ARC
  5
2CB225
330
2D7C36
100
AcDbEntity
  8
0
100
AcDbCircle
 10
7.235186224919742
 20
-9.433022662939036
 30
0.0
 40
0.5551211166812804
100
AcDbArc
 50
211.1911519539396
 51
321.5755566967714
  0
ARC
  5
2CB226
330
2D7C36
100
AcDbEntity
  8
0
100
AcDbCircle
 10
7.715700470376757
 20
-9.14211430365685
 30
0.0
 40
1.116834222817024
100
AcDbArc
 50
180.0
 51
211.1911519539396
  0
ARC
  5
2CB227
330
2D7C36
100
AcDbEntity
  8
0
100
AcDbCircle
 10
7.715700470376757
 20
-9.14211430365685
 30
0.0
 40
1.116834222819304
100
AcDbArc
 50
148.8088480460604
 51
180.0
  0
ARC
  5
2CB228
330
2D7C36
100
AcDbEntity
  8
0
100
AcDbCircle
 10
7.235186224919742
 20
-8.851205944316461
 30
0.0
 40
0.5551211166865082
100
AcDbArc
 50
38.42444330322857
 51
148.8088480460604
  0
ARC
  5
2CB229
330
2D7C36
100
AcDbEntity
  8
0
100
AcDbCircle
 10
8.196214715833772
 20
-8.088836376788094
 30
0.0
 40
0.6715749001879469
100
AcDbArc
 50
218.4244433006158
 51
315.0
  0
ARC
  5
2CB22A
330
2D7C36
100
AcDbEntity
  8
0
100
AcDbCircle
 10
8.19621471571736
 20
-8.088836376788094
 30
0.0
 40
0.6715749001822965
100
AcDbArc
 50
315.0
 51
51.57555670145688
  0
ARC
  5
2CB22B
330
2D7C36
100
AcDbEntity
  8
0
100
AcDbCircle
 10
8.958584283245727
 20
-7.127807885874061
 30
0.0
 40
0.5551211166869808
100
AcDbArc
 50
121.1911519510865
 51
231.5755567014569
  0
ARC
  5
2CB22C
330
2D7C36
100
AcDbEntity
  8
0
100
AcDbCircle
 10
9.249492642702533
 20
-7.608322131331076
 30
0.0
 40
1.116834222849456
100
AcDbArc
 50
90.0
 51
121.1911519510865
  0
ARC
  5
2CB22D
330
2D7C36
100
AcDbEntity
  8
0
100
AcDbCircle
 10
9.249492642586119
 20
-7.608322131331076
 30
0.0
 40
1.116834222819304
100
AcDbArc
 50
58.8088480489134
 51
90.0
  0
ARC
  5
2CB22E
330
2D7C36
100
AcDbEntity
  8
0
100
AcDbCircle
 10
9.540401001926511
 20
-7.127807885874061
 30
0.0
 40
0.5551211166865082
100
AcDbArc
 50
308.4244432985431
 51
58.8088480489134
  0
ARC
  5
2CB22F
330
2D7C36
100
AcDbEntity
  8
0
100
AcDbCircle
 10
10.30277056945488
 20
-8.088836376788094
 30
0.0
 40
0.6715749001867685
100
AcDbArc
 50
128.424443298543
 51
225.0
  0
ARC
  5
2CB230
330
2D7C36
100
AcDbEntity
  8
0
100
AcDbCircle
 10
10.30277056945488
 20
-8.088836376788094
 30
0.0
 40
0.6715749001822965
100
AcDbArc
 50
225.0
 51
321.5755566967714
  0
ARC
  5
2CB231
330
2D7C36
100
AcDbEntity
  8
0
100
AcDbCircle
 10
11.26379906036891
 20
-8.851205944316461
 30
0.0
 40
0.5551211166858023
100
AcDbArc
 50
31.19115195108658
 51
141.5755566967714
  0
ARC
  5
2CB232
330
2D7C36
100
AcDbEntity
  8
0
100
AcDbCircle
 10
10.78328481491189
 20
-9.14211430365685
 30
0.0
 40
1.116834222817024
100
AcDbArc
 50
0.0
 51
31.19115195393953
  0
ARC
  5
2CB233
330
2D7C36
100
AcDbEntity
  8
0
100
AcDbCircle
 10
10.78328481491189
 20
-9.14211430365685
 30
0.0
 40
1.116834222819304
100
AcDbArc
 50
328.8088480460605
 51
0.0
  0
ARC
  5
2CB234
330
2D7C36
100
AcDbEntity
  8
0
100
AcDbCircle
 10
11.26379906036891
 20
-9.433022662939036
 30
0.0
 40
0.5551211166989565
100
AcDbArc
 50
218.4244433032286
 51
328.8088480489134
  0
ARC
  5
2CB235
330
2D7C36
100
AcDbEntity
  8
0
100
AcDbCircle
 10
10.30277056945488
 20
-10.1953922304674
 30
0.0
 40
0.6715749001765463
100
AcDbArc
 50
38.42444330322857
 51
135.0
  0
LINE
  5
2CB236
330
2D7C36
100
AcDbEntity
  8
0
100
AcDbLine
 10
6.259566646418534
 20
-5.410264986741821
 30
0.0
 11
6.259566646418534
 21
0.0
 31
0.0
  0
LINE
  5
2CB237
330
2D7C36
100
AcDbEntity
  8
0
100
AcDbLine
 10
12.07875647209585
 20
0.0
 30
0.0
 11
12.07875647209585
 21
-5.410264986741821
 31
0.0
  0
LINE
  5
2CB238
330
2D7C36
100
AcDbEntity
  8
0
100
AcDbLine
 10
24.25956664641854
 20
-5.410264986741821
 30
0.0
 11
24.25956664641854
 21
0.0
 31
0.0
  0
LINE
  5
2CB239
330
2D7C36
100
AcDbEntity
  8
0
100
AcDbLine
 10
30.07875647209585
 20
0.0
 30
0.0
 11
30.07875647209585
 21
-5.410264986741821
 31
0.0
  0
LINE
  5
2CB23A
330
2D7C36
100
AcDbEntity
  8
0
100
AcDbLine
 10
36.08408229902853
 20
-63.44102554849815
 30
0.0
 11
0.0
 21
-63.44102554849815
 31
0.0
  0
LINE
  5
2CB23B
330
2D7C36
100
AcDbEntity
  8
0
100
AcDbLine
 10
0.0
 20
0.0
 30
0.0
 11
36.08408229902853
 21
0.0
 31
0.0
  0
LINE
  5
2CB23C
330
2D7C36
100
AcDbEntity
  8
0
100
AcDbLine
 10
36.08408229902853
 20
0.0
 30
0.0
 11
36.08408229902853
 21
-81.0
 31
0.0
  0
LINE
  5
2CB23D
330
2D7C36
100
AcDbEntity
  8
0
100
AcDbLine
 10
36.08408229902853
 20
-81.0
 30
0.0
 11
0.0
 21
-81.0
 31
0.0
  0
LINE
  5
2CB23E
330
2D7C36
100
AcDbEntity
  8
0
100
AcDbLine
 10
0.0
 20
-81.0
 30
0.0
 11
0.0
 21
0.0
 31
0.0
  0
ARC
  5
2CB23F
330
2D7C36
100
AcDbEntity
  8
0
100
AcDbCircle
 10
8.19621471571736
 20
-10.1953922304674
 30
0.0
 40
0.6715749001822965
100
AcDbArc
 50
45.0
 51
141.5755566967714
  0
LWPOLYLINE
  5
2CB240
330
2D7C36
100
AcDbEntity
  8
0
100
AcDbPolyline
 90
        4
 70
     1
 43
0.0
 10
12.79204114945605
 20
-84.50000000000001
 10
23.29204114945605
 20
-84.50000000000001
 10
23.29204114945605
 20
-81.0
 10
12.79204114945605
 20
-81.0
  0
ENDBLK
  5
2CB241
330
2D7C36
100
AcDbEntity
  8
0
100
AcDbBlockEnd
  0
BLOCK
  5
2D7C39
330
2D7C38
100
AcDbEntity
  8
0
100
AcDbBlockBegin
  2
TAC
 70
     2
 10
0.0
 20
0.0
 30
0.0
  3
TAC
  1

  0
LINE
  5
2CB246
330
2D7C38
100
AcDbEntity
  8
0
100
AcDbLine
 10
4.0
 20
-33.0
 30
0.0
 11
6.5
 21
-33.0
 31
0.0
  0
LINE
  5
2CB247
330
2D7C38
100
AcDbEntity
  8
0
100
AcDbLine
 10
41.0
 20
-41.0
 30
0.0
 11
4.0
 21
-41.0
 31
0.0
  0
LINE
  5
2CB248
330
2D7C38
100
AcDbEntity
  8
0
100
AcDbLine
 10
43.56480072077829
 20
-43.95536600315245
 30
0.0
 11
1.435199279221706
 21
-43.95536600315245
 31
0.0
  0
LINE
  5
2CB249
330
2D7C38
100
AcDbEntity
  8
0
100
AcDbLine
 10
1.435199279221706
 20
-51.332091307675
 30
0.0
 11
43.56480072077829
 21
-51.332091307675
 31
0.0
  0
LINE
  5
2CB24A
330
2D7C38
100
AcDbEntity
  8
0
100
AcDbLine
 10
0.0
 20
-57.0
 30
0.0
 11
45.0
 21
-57.0
 31
0.0
  0
LINE
  5
2CB24B
330
2D7C38
100
AcDbEntity
  8
0
100
AcDbLine
 10
0.0
 20
-67.0
 30
0.0
 11
45.0
 21
-67.0
 31
0.0
  0
LINE
  5
2CB24C
330
2D7C38
100
AcDbEntity
  8
0
100
AcDbLine
 10
0.0
 20
-4.0
 30
0.0
 11
45.0
 21
-4.0
 31
0.0
  0
LINE
  5
2CB24D
330
2D7C38
100
AcDbEntity
  8
0
100
AcDbLine
 10
45.0
 20
0.0
 30
0.0
 11
0.0
 21
0.0
 31
0.0
  0
LINE
  5
2CB24E
330
2D7C38
100
AcDbEntity
  8
0
100
AcDbLine
 10
0.0
 20
-17.0
 30
0.0
 11
14.0
 21
-17.0
 31
0.0
  0
LINE
  5
2CB24F
330
2D7C38
100
AcDbEntity
  8
0
100
AcDbLine
 10
0.0
 20
-14.0
 30
0.0
 11
45.0
 21
-14.0
 31
0.0
  0
CIRCLE
  5
2CB250
330
2D7C38
100
AcDbEntity
  8
0
100
AcDbCircle
 10
6.0
 20
-9.0
 30
0.0
 40
3.0
  0
LWPOLYLINE
  5
2CB251
330
2D7C38
100
AcDbEntity
  8
0
100
AcDbPolyline
 90
       96
 70
     1
 43
0.0
 10
5.751722815097307
 20
-10.93288286292227
 10
5.787418871070257
 20
-11.0957331204554
 10
5.831845005508512
 20
-11.22357818245655
 10
5.88374469510745
 20
-11.31489608384436
 10
5.94062675500754
 20
-11.36968682473525
 10
6.0
 20
-11.38795040501281
 10
6.059373244992456
 20
-11.36968682473525
 10
6.116255304892548
 20
-11.31489608384436
 10
6.168154994491486
 20
-11.22357818245655
 10
6.212581128929738
 20
-11.0957331204554
 10
6.248315653530879
 20
-10.93288286292227
 10
6.27923303679563
 20
-10.74263723497279
 10
6.310480877989902
 20
-10.53412802674575
 10
6.347206775913946
 20
-10.31648702837992
 10
6.394558329833668
 20
-10.0988460300141
 10
6.457683138782155
 20
-9.890336821787061
 10
6.541728801792485
 20
-9.700091193837581
 10
6.651842918130568
 20
-9.537240936304442
 10
6.79101448471192
 20
-9.408527020306793
 10
6.953598090563898
 20
-9.311127140885215
 10
7.131789722596295
 20
-9.23982817394426
 10
7.317785367718896
 20
-9.189416995504872
 10
7.503781012725085
 20
-9.154680481529792
 10
7.68197264475748
 20
-9.130405507981775
 10
7.844556250609454
 20
-9.111378950823564
 10
7.983727817190811
 20
-9.092387686076106
 10
8.09298400033731
 20
-9.069303186668543
 10
8.171024131122976
 20
-9.042335313512012
 10
8.217848209664223
 20
-9.012778524542229
 10
8.23345623584464
 20
-8.981927277636712
 10
8.217848209664223
 20
-8.951076030789408
 10
8.171024131122976
 20
-8.921519241819622
 10
8.09298400033731
 20
-8.894551368663087
 10
7.983727817190811
 20
-8.871466869255527
 10
7.844556250609454
 20
-8.852487370604649
 10
7.68197264475748
 20
-8.833543176122475
 10
7.503781012725085
 20
-8.80949175840942
 10
7.317785367718896
 20
-8.775190589949486
 10
7.131789722596295
 20
-8.725497143284881
 10
6.953598090563898
 20
-8.655268891016021
 10
6.79101448471192
 20
-8.55936330568511
 10
6.651842918130568
 20
-8.43263785977615
 10
6.541728801792485
 20
-8.272305546677669
 10
6.457683138782155
 20
-8.085001442523205
 10
6.394558329833668
 20
-7.87971614440903
 10
6.347206775913946
 20
-7.665440249256787
 10
6.310480877989902
 20
-7.451164354162757
 10
6.27923303679563
 20
-7.245879056048579
 10
6.248315653530879
 20
-7.058574951894112
 10
6.212581128929738
 20
-6.898242638737428
 10
6.168154994491486
 20
-6.772374280786607
 10
6.116255304892548
 20
-6.682468310813416
 10
6.059373244992456
 20
-6.628524728817864
 10
6.0
 20
-6.610543534799941
 10
5.94062675500754
 20
-6.628524728817864
 10
5.88374469510745
 20
-6.682468310813416
 10
5.831845005508512
 20
-6.772374280786607
 10
5.787418871070257
 20
-6.898242638737428
 10
5.751722815097307
 20
-7.058574951894112
 10
5.721074712579137
 20
-7.245879056048579
 10
5.690557776484636
 20
-7.451164354162757
 10
5.6552552197827
 20
-7.665440249256787
 10
5.610250255558637
 20
-7.87971614440903
 10
5.550626096664927
 20
-8.085001442523205
 10
5.471465956186873
 20
-8.272305546677669
 10
5.36785304720979
 20
-8.43263785977615
 10
5.236913778702725
 20
-8.55936330568511
 10
5.083947343402542
 20
-8.655268891016021
 10
4.916296130395494
 20
-8.725497143284881
 10
4.741302528418597
 20
-8.775190589949486
 10
4.566308926558122
 20
-8.80949175840942
 10
4.398657713434658
 20
-8.833543176122475
 10
4.245691278250887
 20
-8.852487370604649
 10
4.114752009627409
 20
-8.871466869255527
 10
4.011958565213714
 20
-8.894551368663087
 10
3.938534676213747
 20
-8.921519241819622
 10
3.894480342860331
 20
-8.951076030789408
 10
3.87979556515347
 20
-8.981927277636712
 10
3.894480342860331
 20
-9.012778524542229
 10
3.938534676213747
 20
-9.042335313512012
 10
4.011958565213714
 20
-9.069303186668543
 10
4.114752009627409
 20
-9.092387686076106
 10
4.245691278250887
 20
-9.111378950823564
 10
4.398657713434658
 20
-9.130405507981775
 10
4.566308926558122
 20
-9.154680481529792
 10
4.741302528418597
 20
-9.189416995504872
 10
4.916296130395494
 20
-9.23982817394426
 10
5.083947343402542
 20
-9.311127140885215
 10
5.236913778702725
 20
-9.408527020306793
 10
5.36785304720979
 20
-9.537240936304442
 10
5.471465956186873
 20
-9.700091193837581
 10
5.550626096664927
 20
-9.890336821787061
 10
5.610250255558637
 20
-10.0988460300141
 10
5.6552552197827
 20
-10.31648702837992
 10
5.690557776484636
 20
-10.53412802674575
 10
5.721074712579137
 20
-10.74263723497279
  0
LINE
  5
2CB252
330
2D7C38
100
AcDbEntity
  8
0
 62
     7
100
AcDbLine
 10
4.878669232479293
 20
-46.26903654710623
 30
0.0
 11
4.269890438066792
 21
-46.26903654710623
 31
0.0
  0
LINE
  5
2CB253
330
2D7C38
100
AcDbEntity
  8
0
 62
     7
100
AcDbLine
 10
3.22907507990021
 20
-46.67670935741622
 30
0.0
 11
4.878669232479293
 21
-46.67670935741622
 31
0.0
  0
LINE
  5
2CB254
330
2D7C38
100
AcDbEntity
  8
0
 62
     7
100
AcDbLine
 10
4.888488245313054
 20
-48.94289056776322
 30
0.0
 11
3.435274349059909
 21
-48.94289056776322
 31
0.0
  0
LINE
  5
2CB255
330
2D7C38
100
AcDbEntity
  8
0
 62
     7
100
AcDbLine
 10
4.112786233075892
 20
-45.74145996902371
 30
0.0
 11
6.204235962242816
 21
-45.74145996902371
 31
0.0
  0
LINE
  5
2CB256
330
2D7C38
100
AcDbEntity
  8
0
 62
     7
100
AcDbLine
 10
4.888488245313054
 20
-48.37934285937809
 30
0.0
 11
3.818215848761608
 21
-48.37934285937809
 31
0.0
  0
LINE
  5
2CB257
330
2D7C38
100
AcDbEntity
  8
0
 62
     7
100
AcDbLine
 10
3.837853874312711
 20
-48.07958344003417
 30
0.0
 11
4.888488245313054
 21
-48.07958344003417
 31
0.0
  0
LINE
  5
2CB258
330
2D7C38
100
AcDbEntity
  8
0
 62
     7
100
AcDbLine
 10
4.888488245313054
 20
-47.54001648520352
 30
0.0
 11
3.837853874312711
 21
-47.54001648520352
 31
0.0
  0
LINE
  5
2CB259
330
2D7C38
100
AcDbEntity
  8
0
 62
     7
100
AcDbLine
 10
3.837853874312711
 20
-47.20428593549877
 30
0.0
 11
4.888488245313054
 21
-47.20428593549877
 31
0.0
  0
CIRCLE
  5
2CB25A
330
2D7C38
100
AcDbEntity
  8
0
 62
     7
100
AcDbCircle
 10
5.153221139800733
 20
-47.64372865541372
 30
0.0
 40
2.736337708446599
1001
ACAD
1000
ASC_BOUNDS
1002
{
1070
    19
1002
}
  0
ARC
  5
2CB25B
330
2D7C38
100
AcDbEntity
  8
0
 62
     7
100
AcDbCircle
 10
5.153221139800733
 20
-47.64372865541372
 30
0.0
 40
2.692003569528765
100
AcDbArc
 50
0.0
 51
180.0
  0
CIRCLE
  5
2CB25C
330
2D7C38
100
AcDbEntity
  8
0
100
AcDbCircle
 10
6.0
 20
-62.0
 30
0.0
 40
3.0
  0
LWPOLYLINE
  5
2CB25D
330
2D7C38
100
AcDbEntity
  8
0
100
AcDbPolyline
 90
       96
 70
     1
 43
0.0
 10
5.751722815097307
 20
-63.93288286292228
 10
5.787418871070257
 20
-64.09573312045541
 10
5.831845005508512
 20
-64.22357818245655
 10
5.88374469510745
 20
-64.31489608384436
 10
5.94062675500754
 20
-64.36968682473525
 10
6.0
 20
-64.38795040501282
 10
6.059373244992456
 20
-64.36968682473525
 10
6.116255304892548
 20
-64.31489608384436
 10
6.168154994491486
 20
-64.22357818245655
 10
6.212581128929738
 20
-64.09573312045541
 10
6.248315653530879
 20
-63.93288286292228
 10
6.27923303679563
 20
-63.74263723497278
 10
6.310480877989902
 20
-63.53412802674574
 10
6.347206775913946
 20
-63.31648702837991
 10
6.394558329833668
 20
-63.0988460300141
 10
6.457683138782155
 20
-62.89033682178706
 10
6.541728801792485
 20
-62.70009119383757
 10
6.651842918130568
 20
-62.53724093630443
 10
6.79101448471192
 20
-62.40852702030679
 10
6.953598090563898
 20
-62.31112714088522
 10
7.131789722596295
 20
-62.23982817394425
 10
7.317785367718896
 20
-62.18941699550486
 10
7.503781012725085
 20
-62.15468048152978
 10
7.68197264475748
 20
-62.13040550798177
 10
7.844556250609454
 20
-62.11137895082356
 10
7.983727817190811
 20
-62.09238768607611
 10
8.09298400033731
 20
-62.06930318666854
 10
8.171024131122976
 20
-62.04233531351201
 10
8.217848209664223
 20
-62.01277852454222
 10
8.23345623584464
 20
-61.98192727763672
 10
8.217848209664223
 20
-61.9510760307894
 10
8.171024131122976
 20
-61.92151924181962
 10
8.09298400033731
 20
-61.89455136866309
 10
7.983727817190811
 20
-61.87146686925554
 10
7.844556250609454
 20
-61.85248737060465
 10
7.68197264475748
 20
-61.83354317612248
 10
7.503781012725085
 20
-61.80949175840942
 10
7.317785367718896
 20
-61.77519058994949
 10
7.131789722596295
 20
-61.72549714328486
 10
6.953598090563898
 20
-61.65526889101602
 10
6.79101448471192
 20
-61.55936330568511
 10
6.651842918130568
 20
-61.43263785977614
 10
6.541728801792485
 20
-61.27230554667768
 10
6.457683138782155
 20
-61.08500144252321
 10
6.394558329833668
 20
-60.87971614440903
 10
6.347206775913946
 20
-60.66544024925679
 10
6.310480877989902
 20
-60.45116435416275
 10
6.27923303679563
 20
-60.24587905604858
 10
6.248315653530879
 20
-60.05857495189411
 10
6.212581128929738
 20
-59.89824263873742
 10
6.168154994491486
 20
-59.77237428078661
 10
6.116255304892548
 20
-59.68246831081341
 10
6.059373244992456
 20
-59.62852472881785
 10
6.0
 20
-59.61054353479994
 10
5.94062675500754
 20
-59.62852472881785
 10
5.88374469510745
 20
-59.68246831081341
 10
5.831845005508512
 20
-59.77237428078661
 10
5.787418871070257
 20
-59.89824263873742
 10
5.751722815097307
 20
-60.05857495189411
 10
5.721074712579137
 20
-60.24587905604858
 10
5.690557776484636
 20
-60.45116435416275
 10
5.6552552197827
 20
-60.66544024925679
 10
5.610250255558637
 20
-60.87971614440903
 10
5.550626096664927
 20
-61.08500144252321
 10
5.471465956186873
 20
-61.27230554667768
 10
5.36785304720979
 20
-61.43263785977614
 10
5.236913778702725
 20
-61.55936330568511
 10
5.083947343402542
 20
-61.65526889101602
 10
4.916296130395494
 20
-61.72549714328486
 10
4.741302528418597
 20
-61.77519058994949
 10
4.566308926558122
 20
-61.80949175840942
 10
4.398657713434658
 20
-61.83354317612248
 10
4.245691278250887
 20
-61.85248737060465
 10
4.114752009627409
 20
-61.87146686925554
 10
4.011958565213714
 20
-61.89455136866309
 10
3.938534676213747
 20
-61.92151924181962
 10
3.894480342860331
 20
-61.9510760307894
 10
3.87979556515347
 20
-61.98192727763672
 10
3.894480342860331
 20
-62.01277852454222
 10
3.938534676213747
 20
-62.04233531351201
 10
4.011958565213714
 20
-62.06930318666854
 10
4.114752009627409
 20
-62.09238768607611
 10
4.245691278250887
 20
-62.11137895082356
 10
4.398657713434658
 20
-62.13040550798177
 10
4.566308926558122
 20
-62.15468048152978
 10
4.741302528418597
 20
-62.18941699550486
 10
4.916296130395494
 20
-62.23982817394425
 10
5.083947343402542
 20
-62.31112714088522
 10
5.236913778702725
 20
-62.40852702030679
 10
5.36785304720979
 20
-62.53724093630443
 10
5.471465956186873
 20
-62.70009119383757
 10
5.550626096664927
 20
-62.89033682178706
 10
5.610250255558637
 20
-63.0988460300141
 10
5.6552552197827
 20
-63.31648702837991
 10
5.690557776484636
 20
-63.53412802674574
 10
5.721074712579137
 20
-63.74263723497278
  0
ATTDEF
  5
2CB25E
330
2D7C38
100
AcDbEntity
  8
0
 62
     1
100
AcDbText
 10
0.3068192727441783
 20
-28.92578237704947
 30
0.0
 40
7.5
  1
LC1-D09
 41
0.85
  7
ROMAND
100
AcDbAttributeDefinition
280
     0
  3
Contactor LC1-D09 Y LC1-D12
  2
LC1-D09
 70
     0
280
     0
  0
LINE
  5
2CB25F
330
2D7C38
100
AcDbEntity
  8
0
100
AcDbLine
 10
4.0
 20
-41.0
 30
0.0
 11
4.0
 21
-33.0
 31
0.0
  0
LINE
  5
2CB260
330
2D7C38
100
AcDbEntity
  8
0
100
AcDbLine
 10
1.435199279221706
 20
-43.95536600315245
 30
0.0
 11
1.435199279221706
 21
-51.332091307675
 31
0.0
  0
LINE
  5
2CB261
330
2D7C38
100
AcDbEntity
  8
0
100
AcDbLine
 10
2.0
 20
-71.0
 30
0.0
 11
3.0
 21
-71.0
 31
0.0
  0
LINE
  5
2CB262
330
2D7C38
100
AcDbEntity
  8
0
100
AcDbLine
 10
45.0
 20
-71.0
 30
0.0
 11
0.0
 21
-71.0
 31
0.0
  0
LINE
  5
2CB263
330
2D7C38
100
AcDbEntity
  8
0
100
AcDbLine
 10
0.0
 20
-71.0
 30
0.0
 11
0.0
 21
0.0
 31
0.0
  0
LINE
  5
2CB264
330
2D7C38
100
AcDbEntity
  8
0
 62
     7
100
AcDbLine
 10
4.19133833562955
 20
-46.36495956126601
 30
0.0
 11
3.435274349059909
 21
-46.36495956126601
 31
0.0
  0
LINE
  5
2CB265
330
2D7C38
100
AcDbEntity
  8
0
 62
     7
100
AcDbLine
 10
4.269890438066792
 20
-46.26903654710623
 30
0.0
 11
4.19133833562955
 21
-46.36495956126601
 31
0.0
  0
LINE
  5
2CB266
330
2D7C38
100
AcDbEntity
  8
0
 62
     7
100
AcDbLine
 10
3.032694823690689
 20
-47.20428593549877
 30
0.0
 11
3.22907507990021
 21
-46.67670935741622
 31
0.0
  0
LINE
  5
2CB267
330
2D7C38
100
AcDbEntity
  8
0
 62
     7
100
AcDbLine
 10
3.307627182453868
 20
-47.20428593549877
 30
0.0
 11
3.032694823690689
 21
-47.20428593549877
 31
0.0
  0
LINE
  5
2CB268
330
2D7C38
100
AcDbEntity
  8
0
 62
     7
100
AcDbLine
 10
3.307627182453868
 20
-48.39133323618444
 30
0.0
 11
3.307627182453868
 21
-47.20428593549877
 31
0.0
  0
LINE
  5
2CB269
330
2D7C38
100
AcDbEntity
  8
0
 62
     7
100
AcDbLine
 10
3.13088495179545
 20
-48.39133323618444
 30
0.0
 11
3.307627182453868
 21
-48.39133323618444
 31
0.0
  0
LINE
  5
2CB26A
330
2D7C38
100
AcDbEntity
  8
0
 62
     7
100
AcDbLine
 10
3.435274349059909
 20
-48.94289056776322
 30
0.0
 11
3.13088495179545
 21
-48.39133323618444
 31
0.0
  0
LINE
  5
2CB26B
330
2D7C38
100
AcDbEntity
  8
0
 62
     7
100
AcDbLine
 10
3.435274349059909
 20
-46.34097880776971
 30
0.0
 11
4.112786233075892
 21
-45.74145996902371
 31
0.0
  0
LINE
  5
2CB26C
330
2D7C38
100
AcDbEntity
  8
0
 62
     7
100
AcDbLine
 10
3.818215848761608
 20
-48.37934285937809
 30
0.0
 11
3.818215848761608
 21
-48.07958344003417
 31
0.0
  0
LINE
  5
2CB26D
330
2D7C38
100
AcDbEntity
  8
0
 62
     7
100
AcDbLine
 10
3.837853874312711
 20
-47.54001648520352
 30
0.0
 11
3.837853874312711
 21
-47.20428593549877
 31
0.0
  0
TEXT
  5
2CB26E
330
2D7C38
100
AcDbEntity
  8
0
 62
     7
100
AcDbText
 10
9.233398762647992
 20
-49.17564198968467
 30
0.0
 40
3.258665056133887
  1
Telemecanique
 41
0.7
  7
1
100
AcDbText
  0
LINE
  5
2CB26F
330
2D7C38
100
AcDbEntity
  8
0
100
AcDbLine
 10
22.5
 20
-33.0
 30
0.0
 11
22.5
 21
-41.0
 31
0.0
  0
LINE
  5
2CB270
330
2D7C38
100
AcDbEntity
  8
0
100
AcDbLine
 10
31.94536389096175
 20
-33.0
 30
0.0
 11
31.94536389096175
 21
-41.0
 31
0.0
  0
LINE
  5
2CB271
330
2D7C38
100
AcDbEntity
  8
0
100
AcDbLine
 10
41.0
 20
-33.0
 30
0.0
 11
41.0
 21
-41.0
 31
0.0
  0
LINE
  5
2CB272
330
2D7C38
100
AcDbEntity
  8
0
100
AcDbLine
 10
6.5
 20
-33.0
 30
0.0
 11
41.0
 21
-33.0
 31
0.0
  0
LINE
  5
2CB273
330
2D7C38
100
AcDbEntity
  8
0
100
AcDbLine
 10
13.05463610903826
 20
-33.0
 30
0.0
 11
13.05463610903826
 21
-41.0
 31
0.0
  0
LINE
  5
2CB274
330
2D7C38
100
AcDbEntity
  8
0
100
AcDbLine
 10
8.871243000379761
 20
-43.95536600315245
 30
0.0
 11
8.871243000379761
 21
-51.332091307675
 31
0.0
  0
LINE
  5
2CB275
330
2D7C38
100
AcDbEntity
  8
0
100
AcDbLine
 10
43.56480072077829
 20
-51.332091307675
 30
0.0
 11
43.56480072077829
 21
-43.95536600315245
 31
0.0
  0
LINE
  5
2CB276
330
2D7C38
100
AcDbEntity
  8
0
100
AcDbLine
 10
31.0
 20
-52.0
 30
0.0
 11
31.0
 21
-57.0
 31
0.0
  0
LINE
  5
2CB277
330
2D7C38
100
AcDbEntity
  8
0
100
AcDbLine
 10
14.0
 20
-52.0
 30
0.0
 11
31.0
 21
-52.0
 31
0.0
  0
LINE
  5
2CB278
330
2D7C38
100
AcDbEntity
  8
0
100
AcDbLine
 10
14.0
 20
-57.0
 30
0.0
 11
14.0
 21
-52.0
 31
0.0
  0
LINE
  5
2CB279
330
2D7C38
100
AcDbEntity
  8
0
100
AcDbLine
 10
14.0
 20
-17.0
 30
0.0
 11
14.0
 21
-14.0
 31
0.0
  0
LINE
  5
2CB27A
330
2D7C38
100
AcDbEntity
  8
0
100
AcDbLine
 10
45.0
 20
-17.0
 30
0.0
 11
31.0
 21
-17.0
 31
0.0
  0
LINE
  5
2CB27B
330
2D7C38
100
AcDbEntity
  8
0
100
AcDbLine
 10
31.0
 20
-17.0
 30
0.0
 11
31.0
 21
-14.0
 31
0.0
  0
LWPOLYLINE
  5
2CB27C
330
2D7C38
100
AcDbEntity
  8
0
100
AcDbPolyline
 90
       96
 70
     1
 43
0.0
 10
27.75172281509731
 20
-10.93288286292227
 10
27.78741887107026
 20
-11.0957331204554
 10
27.83184500550851
 20
-11.22357818245655
 10
27.88374469510745
 20
-11.31489608384436
 10
27.94062675500754
 20
-11.36968682473525
 10
28.0
 20
-11.38795040501281
 10
28.05937324499246
 20
-11.36968682473525
 10
28.11625530489255
 20
-11.31489608384436
 10
28.16815499449149
 20
-11.22357818245655
 10
28.21258112892974
 20
-11.0957331204554
 10
28.24831565353088
 20
-10.93288286292227
 10
28.27923303679563
 20
-10.74263723497279
 10
28.3104808779899
 20
-10.53412802674575
 10
28.34720677591395
 20
-10.31648702837992
 10
28.39455832983368
 20
-10.0988460300141
 10
28.45768313878216
 20
-9.890336821787061
 10
28.54172880179249
 20
-9.700091193837581
 10
28.65184291813057
 20
-9.537240936304442
 10
28.79101448471192
 20
-9.408527020306793
 10
28.95359809056391
 20
-9.311127140885215
 10
29.13178972259629
 20
-9.23982817394426
 10
29.3177853677189
 20
-9.189416995504872
 10
29.50378101272509
 20
-9.154680481529792
 10
29.68197264475748
 20
-9.130405507981775
 10
29.84455625060946
 20
-9.111378950823564
 10
29.98372781719081
 20
-9.092387686076106
 10
30.09298400033732
 20
-9.069303186668543
 10
30.17102413112298
 20
-9.042335313512012
 10
30.21784820966423
 20
-9.012778524542229
 10
30.23345623584464
 20
-8.981927277636712
 10
30.21784820966423
 20
-8.951076030789408
 10
30.17102413112298
 20
-8.921519241819622
 10
30.09298400033732
 20
-8.894551368663087
 10
29.98372781719081
 20
-8.871466869255527
 10
29.84455625060946
 20
-8.852487370604649
 10
29.68197264475748
 20
-8.833543176122475
 10
29.50378101272509
 20
-8.80949175840942
 10
29.3177853677189
 20
-8.775190589949486
 10
29.13178972259629
 20
-8.725497143284881
 10
28.95359809056391
 20
-8.655268891016021
 10
28.79101448471192
 20
-8.55936330568511
 10
28.65184291813057
 20
-8.43263785977615
 10
28.54172880179249
 20
-8.272305546677669
 10
28.45768313878216
 20
-8.085001442523205
 10
28.39455832983368
 20
-7.87971614440903
 10
28.34720677591395
 20
-7.665440249256787
 10
28.3104808779899
 20
-7.451164354162757
 10
28.27923303679563
 20
-7.245879056048579
 10
28.24831565353088
 20
-7.058574951894112
 10
28.21258112892974
 20
-6.898242638737428
 10
28.16815499449149
 20
-6.772374280786607
 10
28.11625530489255
 20
-6.682468310813416
 10
28.05937324499246
 20
-6.628524728817864
 10
28.0
 20
-6.610543534799941
 10
27.94062675500754
 20
-6.628524728817864
 10
27.88374469510745
 20
-6.682468310813416
 10
27.83184500550851
 20
-6.772374280786607
 10
27.78741887107026
 20
-6.898242638737428
 10
27.75172281509731
 20
-7.058574951894112
 10
27.72107471257915
 20
-7.245879056048579
 10
27.69055777648464
 20
-7.451164354162757
 10
27.65525521978271
 20
-7.665440249256787
 10
27.61025025555864
 20
-7.87971614440903
 10
27.55062609666493
 20
-8.085001442523205
 10
27.47146595618688
 20
-8.272305546677669
 10
27.36785304720979
 20
-8.43263785977615
 10
27.23691377870273
 20
-8.55936330568511
 10
27.08394734340255
 20
-8.655268891016021
 10
26.9162961303955
 20
-8.725497143284881
 10
26.74130252841861
 20
-8.775190589949486
 10
26.56630892655812
 20
-8.80949175840942
 10
26.39865771343466
 20
-8.833543176122475
 10
26.24569127825089
 20
-8.852487370604649
 10
26.11475200962741
 20
-8.871466869255527
 10
26.01195856521372
 20
-8.894551368663087
 10
25.93853467621376
 20
-8.921519241819622
 10
25.89448034286033
 20
-8.951076030789408
 10
25.87979556515347
 20
-8.981927277636712
 10
25.89448034286033
 20
-9.012778524542229
 10
25.93853467621376
 20
-9.042335313512012
 10
26.01195856521372
 20
-9.069303186668543
 10
26.11475200962741
 20
-9.092387686076106
 10
26.24569127825089
 20
-9.111378950823564
 10
26.39865771343466
 20
-9.130405507981775
 10
26.56630892655812
 20
-9.154680481529792
 10
26.74130252841861
 20
-9.189416995504872
 10
26.9162961303955
 20
-9.23982817394426
 10
27.08394734340255
 20
-9.311127140885215
 10
27.23691377870273
 20
-9.408527020306793
 10
27.36785304720979
 20
-9.537240936304442
 10
27.47146595618688
 20
-9.700091193837581
 10
27.55062609666493
 20
-9.890336821787061
 10
27.61025025555864
 20
-10.0988460300141
 10
27.65525521978271
 20
-10.31648702837992
 10
27.69055777648464
 20
-10.53412802674575
 10
27.72107471257915
 20
-10.74263723497279
  0
CIRCLE
  5
2CB27D
330
2D7C38
100
AcDbEntity
  8
0
100
AcDbCircle
 10
28.0
 20
-9.0
 30
0.0
 40
3.0
  0
CIRCLE
  5
2CB27E
330
2D7C38
100
AcDbEntity
  8
0
100
AcDbCircle
 10
39.0
 20
-9.0
 30
0.0
 40
3.0
  0
LWPOLYLINE
  5
2CB27F
330
2D7C38
100
AcDbEntity
  8
0
100
AcDbPolyline
 90
       96
 70
     1
 43
0.0
 10
38.75172281509731
 20
-10.93288286292227
 10
38.78741887107026
 20
-11.0957331204554
 10
38.83184500550849
 20
-11.22357818245655
 10
38.88374469510745
 20
-11.31489608384436
 10
38.94062675500754
 20
-11.36968682473525
 10
39.0
 20
-11.38795040501281
 10
39.05937324499247
 20
-11.36968682473525
 10
39.11625530489255
 20
-11.31489608384436
 10
39.16815499449151
 20
-11.22357818245655
 10
39.21258112892975
 20
-11.0957331204554
 10
39.24831565353088
 20
-10.93288286292227
 10
39.27923303679564
 20
-10.74263723497279
 10
39.31048087798991
 20
-10.53412802674575
 10
39.34720677591395
 20
-10.31648702837992
 10
39.39455832983367
 20
-10.0988460300141
 10
39.45768313878217
 20
-9.890336821787061
 10
39.54172880179251
 20
-9.700091193837581
 10
39.65184291813057
 20
-9.537240936304442
 10
39.79101448471192
 20
-9.408527020306793
 10
39.9535980905639
 20
-9.311127140885215
 10
40.1317897225963
 20
-9.23982817394426
 10
40.3177853677189
 20
-9.189416995504872
 10
40.50378101272507
 20
-9.154680481529792
 10
40.68197264475747
 20
-9.130405507981775
 10
40.84455625060946
 20
-9.111378950823564
 10
40.9837278171908
 20
-9.092387686076106
 10
41.09298400033732
 20
-9.069303186668543
 10
41.17102413112298
 20
-9.042335313512012
 10
41.2178482096642
 20
-9.012778524542229
 10
41.23345623584464
 20
-8.981927277636712
 10
41.2178482096642
 20
-8.951076030789408
 10
41.17102413112298
 20
-8.921519241819622
 10
41.09298400033732
 20
-8.894551368663087
 10
40.9837278171908
 20
-8.871466869255527
 10
40.84455625060946
 20
-8.852487370604649
 10
40.68197264475747
 20
-8.833543176122475
 10
40.50378101272507
 20
-8.80949175840942
 10
40.3177853677189
 20
-8.775190589949486
 10
40.1317897225963
 20
-8.725497143284881
 10
39.9535980905639
 20
-8.655268891016021
 10
39.79101448471192
 20
-8.55936330568511
 10
39.65184291813057
 20
-8.43263785977615
 10
39.54172880179251
 20
-8.272305546677669
 10
39.45768313878217
 20
-8.085001442523205
 10
39.39455832983367
 20
-7.87971614440903
 10
39.34720677591395
 20
-7.665440249256787
 10
39.31048087798991
 20
-7.451164354162757
 10
39.27923303679564
 20
-7.245879056048579
 10
39.24831565353088
 20
-7.058574951894112
 10
39.21258112892975
 20
-6.898242638737428
 10
39.16815499449151
 20
-6.772374280786607
 10
39.11625530489255
 20
-6.682468310813416
 10
39.05937324499247
 20
-6.628524728817864
 10
39.0
 20
-6.610543534799941
 10
38.94062675500754
 20
-6.628524728817864
 10
38.88374469510745
 20
-6.682468310813416
 10
38.83184500550849
 20
-6.772374280786607
 10
38.78741887107026
 20
-6.898242638737428
 10
38.75172281509731
 20
-7.058574951894112
 10
38.72107471257914
 20
-7.245879056048579
 10
38.69055777648466
 20
-7.451164354162757
 10
38.65525521978272
 20
-7.665440249256787
 10
38.61025025555864
 20
-7.87971614440903
 10
38.55062609666493
 20
-8.085001442523205
 10
38.47146595618688
 20
-8.272305546677669
 10
38.36785304720979
 20
-8.43263785977615
 10
38.23691377870273
 20
-8.55936330568511
 10
38.08394734340256
 20
-8.655268891016021
 10
37.91629613039551
 20
-8.725497143284881
 10
37.7413025284186
 20
-8.775190589949486
 10
37.56630892655812
 20
-8.80949175840942
 10
37.39865771343466
 20
-8.833543176122475
 10
37.24569127825089
 20
-8.852487370604649
 10
37.1147520096274
 20
-8.871466869255527
 10
37.01195856521373
 20
-8.894551368663087
 10
36.93853467621375
 20
-8.921519241819622
 10
36.89448034286035
 20
-8.951076030789408
 10
36.87979556515347
 20
-8.981927277636712
 10
36.89448034286035
 20
-9.012778524542229
 10
36.93853467621375
 20
-9.042335313512012
 10
37.01195856521373
 20
-9.069303186668543
 10
37.1147520096274
 20
-9.092387686076106
 10
37.24569127825089
 20
-9.111378950823564
 10
37.39865771343466
 20
-9.130405507981775
 10
37.56630892655812
 20
-9.154680481529792
 10
37.7413025284186
 20
-9.189416995504872
 10
37.91629613039551
 20
-9.23982817394426
 10
38.08394734340256
 20
-9.311127140885215
 10
38.23691377870273
 20
-9.408527020306793
 10
38.36785304720979
 20
-9.537240936304442
 10
38.47146595618688
 20
-9.700091193837581
 10
38.55062609666493
 20
-9.890336821787061
 10
38.61025025555864
 20
-10.0988460300141
 10
38.65525521978272
 20
-10.31648702837992
 10
38.69055777648466
 20
-10.53412802674575
 10
38.72107471257914
 20
-10.74263723497279
  0
LWPOLYLINE
  5
2CB280
330
2D7C38
100
AcDbEntity
  8
0
100
AcDbPolyline
 90
       96
 70
     1
 43
0.0
 10
38.75172281509731
 20
-63.93288286292228
 10
38.78741887107026
 20
-64.09573312045541
 10
38.83184500550849
 20
-64.22357818245655
 10
38.88374469510745
 20
-64.31489608384436
 10
38.94062675500754
 20
-64.36968682473525
 10
39.0
 20
-64.38795040501282
 10
39.05937324499247
 20
-64.36968682473525
 10
39.11625530489255
 20
-64.31489608384436
 10
39.16815499449151
 20
-64.22357818245655
 10
39.21258112892975
 20
-64.09573312045541
 10
39.24831565353088
 20
-63.93288286292228
 10
39.27923303679564
 20
-63.74263723497278
 10
39.31048087798991
 20
-63.53412802674574
 10
39.34720677591395
 20
-63.31648702837991
 10
39.39455832983367
 20
-63.0988460300141
 10
39.45768313878217
 20
-62.89033682178706
 10
39.54172880179251
 20
-62.70009119383757
 10
39.65184291813057
 20
-62.53724093630443
 10
39.79101448471192
 20
-62.40852702030679
 10
39.9535980905639
 20
-62.31112714088522
 10
40.1317897225963
 20
-62.23982817394425
 10
40.3177853677189
 20
-62.18941699550486
 10
40.50378101272507
 20
-62.15468048152978
 10
40.68197264475747
 20
-62.13040550798177
 10
40.84455625060946
 20
-62.11137895082356
 10
40.9837278171908
 20
-62.09238768607611
 10
41.09298400033732
 20
-62.06930318666854
 10
41.17102413112298
 20
-62.04233531351201
 10
41.2178482096642
 20
-62.01277852454222
 10
41.23345623584464
 20
-61.98192727763672
 10
41.2178482096642
 20
-61.9510760307894
 10
41.17102413112298
 20
-61.92151924181962
 10
41.09298400033732
 20
-61.89455136866309
 10
40.9837278171908
 20
-61.87146686925554
 10
40.84455625060946
 20
-61.85248737060465
 10
40.68197264475747
 20
-61.83354317612248
 10
40.50378101272507
 20
-61.80949175840942
 10
40.3177853677189
 20
-61.77519058994949
 10
40.1317897225963
 20
-61.72549714328486
 10
39.9535980905639
 20
-61.65526889101602
 10
39.79101448471192
 20
-61.55936330568511
 10
39.65184291813057
 20
-61.43263785977614
 10
39.54172880179251
 20
-61.27230554667768
 10
39.45768313878217
 20
-61.08500144252321
 10
39.39455832983367
 20
-60.87971614440903
 10
39.34720677591395
 20
-60.66544024925679
 10
39.31048087798991
 20
-60.45116435416275
 10
39.27923303679564
 20
-60.24587905604858
 10
39.24831565353088
 20
-60.05857495189411
 10
39.21258112892975
 20
-59.89824263873742
 10
39.16815499449151
 20
-59.77237428078661
 10
39.11625530489255
 20
-59.68246831081341
 10
39.05937324499247
 20
-59.62852472881785
 10
39.0
 20
-59.61054353479994
 10
38.94062675500754
 20
-59.62852472881785
 10
38.88374469510745
 20
-59.68246831081341
 10
38.83184500550849
 20
-59.77237428078661
 10
38.78741887107026
 20
-59.89824263873742
 10
38.75172281509731
 20
-60.05857495189411
 10
38.72107471257914
 20
-60.24587905604858
 10
38.69055777648466
 20
-60.45116435416275
 10
38.65525521978272
 20
-60.66544024925679
 10
38.61025025555864
 20
-60.87971614440903
 10
38.55062609666493
 20
-61.08500144252321
 10
38.47146595618688
 20
-61.27230554667768
 10
38.36785304720979
 20
-61.43263785977614
 10
38.23691377870273
 20
-61.55936330568511
 10
38.08394734340256
 20
-61.65526889101602
 10
37.91629613039551
 20
-61.72549714328486
 10
37.7413025284186
 20
-61.77519058994949
 10
37.56630892655812
 20
-61.80949175840942
 10
37.39865771343466
 20
-61.83354317612248
 10
37.24569127825089
 20
-61.85248737060465
 10
37.1147520096274
 20
-61.87146686925554
 10
37.01195856521373
 20
-61.89455136866309
 10
36.93853467621375
 20
-61.92151924181962
 10
36.89448034286035
 20
-61.9510760307894
 10
36.87979556515347
 20
-61.98192727763672
 10
36.89448034286035
 20
-62.01277852454222
 10
36.93853467621375
 20
-62.04233531351201
 10
37.01195856521373
 20
-62.06930318666854
 10
37.1147520096274
 20
-62.09238768607611
 10
37.24569127825089
 20
-62.11137895082356
 10
37.39865771343466
 20
-62.13040550798177
 10
37.56630892655812
 20
-62.15468048152978
 10
37.7413025284186
 20
-62.18941699550486
 10
37.91629613039551
 20
-62.23982817394425
 10
38.08394734340256
 20
-62.31112714088522
 10
38.23691377870273
 20
-62.40852702030679
 10
38.36785304720979
 20
-62.53724093630443
 10
38.47146595618688
 20
-62.70009119383757
 10
38.55062609666493
 20
-62.89033682178706
 10
38.61025025555864
 20
-63.0988460300141
 10
38.65525521978272
 20
-63.31648702837991
 10
38.69055777648466
 20
-63.53412802674574
 10
38.72107471257914
 20
-63.74263723497278
  0
LWPOLYLINE
  5
2CB281
330
2D7C38
100
AcDbEntity
  8
0
100
AcDbPolyline
 90
       96
 70
     1
 43
0.0
 10
27.75172281509731
 20
-63.93288286292228
 10
27.78741887107026
 20
-64.09573312045541
 10
27.83184500550851
 20
-64.22357818245655
 10
27.88374469510745
 20
-64.31489608384436
 10
27.94062675500754
 20
-64.36968682473525
 10
28.0
 20
-64.38795040501282
 10
28.05937324499246
 20
-64.36968682473525
 10
28.11625530489255
 20
-64.31489608384436
 10
28.16815499449149
 20
-64.22357818245655
 10
28.21258112892974
 20
-64.09573312045541
 10
28.24831565353088
 20
-63.93288286292228
 10
28.27923303679563
 20
-63.74263723497278
 10
28.3104808779899
 20
-63.53412802674574
 10
28.34720677591395
 20
-63.31648702837991
 10
28.39455832983368
 20
-63.0988460300141
 10
28.45768313878216
 20
-62.89033682178706
 10
28.54172880179249
 20
-62.70009119383757
 10
28.65184291813057
 20
-62.53724093630443
 10
28.79101448471192
 20
-62.40852702030679
 10
28.95359809056391
 20
-62.31112714088522
 10
29.13178972259629
 20
-62.23982817394425
 10
29.3177853677189
 20
-62.18941699550486
 10
29.50378101272509
 20
-62.15468048152978
 10
29.68197264475748
 20
-62.13040550798177
 10
29.84455625060946
 20
-62.11137895082356
 10
29.98372781719081
 20
-62.09238768607611
 10
30.09298400033732
 20
-62.06930318666854
 10
30.17102413112298
 20
-62.04233531351201
 10
30.21784820966423
 20
-62.01277852454222
 10
30.23345623584464
 20
-61.98192727763672
 10
30.21784820966423
 20
-61.9510760307894
 10
30.17102413112298
 20
-61.92151924181962
 10
30.09298400033732
 20
-61.89455136866309
 10
29.98372781719081
 20
-61.87146686925554
 10
29.84455625060946
 20
-61.85248737060465
 10
29.68197264475748
 20
-61.83354317612248
 10
29.50378101272509
 20
-61.80949175840942
 10
29.3177853677189
 20
-61.77519058994949
 10
29.13178972259629
 20
-61.72549714328486
 10
28.95359809056391
 20
-61.65526889101602
 10
28.79101448471192
 20
-61.55936330568511
 10
28.65184291813057
 20
-61.43263785977614
 10
28.54172880179249
 20
-61.27230554667768
 10
28.45768313878216
 20
-61.08500144252321
 10
28.39455832983368
 20
-60.87971614440903
 10
28.34720677591395
 20
-60.66544024925679
 10
28.3104808779899
 20
-60.45116435416275
 10
28.27923303679563
 20
-60.24587905604858
 10
28.24831565353088
 20
-60.05857495189411
 10
28.21258112892974
 20
-59.89824263873742
 10
28.16815499449149
 20
-59.77237428078661
 10
28.11625530489255
 20
-59.68246831081341
 10
28.05937324499246
 20
-59.62852472881785
 10
28.0
 20
-59.61054353479994
 10
27.94062675500754
 20
-59.62852472881785
 10
27.88374469510745
 20
-59.68246831081341
 10
27.83184500550851
 20
-59.77237428078661
 10
27.78741887107026
 20
-59.89824263873742
 10
27.75172281509731
 20
-60.05857495189411
 10
27.72107471257915
 20
-60.24587905604858
 10
27.69055777648464
 20
-60.45116435416275
 10
27.65525521978271
 20
-60.66544024925679
 10
27.61025025555864
 20
-60.87971614440903
 10
27.55062609666493
 20
-61.08500144252321
 10
27.47146595618688
 20
-61.27230554667768
 10
27.36785304720979
 20
-61.43263785977614
 10
27.23691377870273
 20
-61.55936330568511
 10
27.08394734340255
 20
-61.65526889101602
 10
26.9162961303955
 20
-61.72549714328486
 10
26.74130252841861
 20
-61.77519058994949
 10
26.56630892655812
 20
-61.80949175840942
 10
26.39865771343466
 20
-61.83354317612248
 10
26.24569127825089
 20
-61.85248737060465
 10
26.11475200962741
 20
-61.87146686925554
 10
26.01195856521372
 20
-61.89455136866309
 10
25.93853467621376
 20
-61.92151924181962
 10
25.89448034286033
 20
-61.9510760307894
 10
25.87979556515347
 20
-61.98192727763672
 10
25.89448034286033
 20
-62.01277852454222
 10
25.93853467621376
 20
-62.04233531351201
 10
26.01195856521372
 20
-62.06930318666854
 10
26.11475200962741
 20
-62.09238768607611
 10
26.24569127825089
 20
-62.11137895082356
 10
26.39865771343466
 20
-62.13040550798177
 10
26.56630892655812
 20
-62.15468048152978
 10
26.74130252841861
 20
-62.18941699550486
 10
26.9162961303955
 20
-62.23982817394425
 10
27.08394734340255
 20
-62.31112714088522
 10
27.23691377870273
 20
-62.40852702030679
 10
27.36785304720979
 20
-62.53724093630443
 10
27.47146595618688
 20
-62.70009119383757
 10
27.55062609666493
 20
-62.89033682178706
 10
27.61025025555864
 20
-63.0988460300141
 10
27.65525521978271
 20
-63.31648702837991
 10
27.69055777648464
 20
-63.53412802674574
 10
27.72107471257915
 20
-63.74263723497278
  0
CIRCLE
  5
2CB282
330
2D7C38
100
AcDbEntity
  8
0
100
AcDbCircle
 10
28.0
 20
-62.0
 30
0.0
 40
3.0
  0
CIRCLE
  5
2CB283
330
2D7C38
100
AcDbEntity
  8
0
100
AcDbCircle
 10
39.0
 20
-62.0
 30
0.0
 40
3.0
  0
LWPOLYLINE
  5
2CB284
330
2D7C38
100
AcDbEntity
  8
0
100
AcDbPolyline
 90
       96
 70
     1
 43
0.0
 10
16.75172281509731
 20
-10.93288286292227
 10
16.78741887107026
 20
-11.0957331204554
 10
16.83184500550851
 20
-11.22357818245655
 10
16.88374469510745
 20
-11.31489608384436
 10
16.94062675500754
 20
-11.36968682473525
 10
17.0
 20
-11.38795040501281
 10
17.05937324499245
 20
-11.36968682473525
 10
17.11625530489255
 20
-11.31489608384436
 10
17.16815499449149
 20
-11.22357818245655
 10
17.21258112892974
 20
-11.0957331204554
 10
17.24831565353088
 20
-10.93288286292227
 10
17.27923303679563
 20
-10.74263723497279
 10
17.3104808779899
 20
-10.53412802674575
 10
17.34720677591394
 20
-10.31648702837992
 10
17.39455832983367
 20
-10.0988460300141
 10
17.45768313878216
 20
-9.890336821787061
 10
17.54172880179249
 20
-9.700091193837581
 10
17.65184291813057
 20
-9.537240936304442
 10
17.79101448471192
 20
-9.408527020306793
 10
17.9535980905639
 20
-9.311127140885215
 10
18.13178972259629
 20
-9.23982817394426
 10
18.3177853677189
 20
-9.189416995504872
 10
18.50378101272507
 20
-9.154680481529792
 10
18.68197264475748
 20
-9.130405507981775
 10
18.84455625060946
 20
-9.111378950823564
 10
18.9837278171908
 20
-9.092387686076106
 10
19.09298400033731
 20
-9.069303186668543
 10
19.17102413112298
 20
-9.042335313512012
 10
19.21784820966422
 20
-9.012778524542229
 10
19.23345623584464
 20
-8.981927277636712
 10
19.21784820966422
 20
-8.951076030789408
 10
19.17102413112298
 20
-8.921519241819622
 10
19.09298400033731
 20
-8.894551368663087
 10
18.9837278171908
 20
-8.871466869255527
 10
18.84455625060946
 20
-8.852487370604649
 10
18.68197264475748
 20
-8.833543176122475
 10
18.50378101272507
 20
-8.80949175840942
 10
18.3177853677189
 20
-8.775190589949486
 10
18.13178972259629
 20
-8.725497143284881
 10
17.9535980905639
 20
-8.655268891016021
 10
17.79101448471192
 20
-8.55936330568511
 10
17.65184291813057
 20
-8.43263785977615
 10
17.54172880179249
 20
-8.272305546677669
 10
17.45768313878216
 20
-8.085001442523205
 10
17.39455832983367
 20
-7.87971614440903
 10
17.34720677591394
 20
-7.665440249256787
 10
17.3104808779899
 20
-7.451164354162757
 10
17.27923303679563
 20
-7.245879056048579
 10
17.24831565353088
 20
-7.058574951894112
 10
17.21258112892974
 20
-6.898242638737428
 10
17.16815499449149
 20
-6.772374280786607
 10
17.11625530489255
 20
-6.682468310813416
 10
17.05937324499245
 20
-6.628524728817864
 10
17.0
 20
-6.610543534799941
 10
16.94062675500754
 20
-6.628524728817864
 10
16.88374469510745
 20
-6.682468310813416
 10
16.83184500550851
 20
-6.772374280786607
 10
16.78741887107026
 20
-6.898242638737428
 10
16.75172281509731
 20
-7.058574951894112
 10
16.72107471257914
 20
-7.245879056048579
 10
16.69055777648464
 20
-7.451164354162757
 10
16.6552552197827
 20
-7.665440249256787
 10
16.61025025555864
 20
-7.87971614440903
 10
16.55062609666493
 20
-8.085001442523205
 10
16.47146595618687
 20
-8.272305546677669
 10
16.36785304720979
 20
-8.43263785977615
 10
16.23691377870273
 20
-8.55936330568511
 10
16.08394734340254
 20
-8.655268891016021
 10
15.91629613039549
 20
-8.725497143284881
 10
15.7413025284186
 20
-8.775190589949486
 10
15.56630892655812
 20
-8.80949175840942
 10
15.39865771343466
 20
-8.833543176122475
 10
15.24569127825088
 20
-8.852487370604649
 10
15.11475200962741
 20
-8.871466869255527
 10
15.01195856521372
 20
-8.894551368663087
 10
14.93853467621375
 20
-8.921519241819622
 10
14.89448034286033
 20
-8.951076030789408
 10
14.87979556515347
 20
-8.981927277636712
 10
14.89448034286033
 20
-9.012778524542229
 10
14.93853467621375
 20
-9.042335313512012
 10
15.01195856521372
 20
-9.069303186668543
 10
15.11475200962741
 20
-9.092387686076106
 10
15.24569127825088
 20
-9.111378950823564
 10
15.39865771343466
 20
-9.130405507981775
 10
15.56630892655812
 20
-9.154680481529792
 10
15.7413025284186
 20
-9.189416995504872
 10
15.91629613039549
 20
-9.23982817394426
 10
16.08394734340254
 20
-9.311127140885215
 10
16.23691377870273
 20
-9.408527020306793
 10
16.36785304720979
 20
-9.537240936304442
 10
16.47146595618687
 20
-9.700091193837581
 10
16.55062609666493
 20
-9.890336821787061
 10
16.61025025555864
 20
-10.0988460300141
 10
16.6552552197827
 20
-10.31648702837992
 10
16.69055777648464
 20
-10.53412802674575
 10
16.72107471257914
 20
-10.74263723497279
  0
CIRCLE
  5
2CB285
330
2D7C38
100
AcDbEntity
  8
0
100
AcDbCircle
 10
17.0
 20
-9.0
 30
0.0
 40
3.0
  0
LINE
  5
2CB286
330
2D7C38
100
AcDbEntity
  8
0
 62
     7
100
AcDbLine
 10
4.780479104374535
 20
-49.782216941996
 30
0.0
 11
4.780479104374535
 21
-49.31459224777063
 31
0.0
  0
LINE
  5
2CB287
330
2D7C38
100
AcDbEntity
  8
0
 62
     7
100
AcDbLine
 10
5.516905065393073
 20
-49.33857300132512
 30
0.0
 11
5.516905065393073
 21
-49.782216941996
 31
0.0
  0
LINE
  5
2CB288
330
2D7C38
100
AcDbEntity
  8
0
 62
     7
100
AcDbLine
 10
5.516905065393073
 20
-49.782216941996
 30
0.0
 11
4.780479104374535
 21
-49.782216941996
 31
0.0
  0
LINE
  5
2CB289
330
2D7C38
100
AcDbEntity
  8
0
 62
     7
100
AcDbLine
 10
4.878669232479293
 20
-46.67670935741622
 30
0.0
 11
4.878669232479293
 21
-46.26903654710623
 31
0.0
  0
LINE
  5
2CB28A
330
2D7C38
100
AcDbEntity
  8
0
 62
     7
100
AcDbLine
 10
4.888488245313054
 20
-49.31459224777063
 30
0.0
 11
4.888488245313054
 21
-48.94289056776322
 31
0.0
  0
LINE
  5
2CB28B
330
2D7C38
100
AcDbEntity
  8
0
 62
     7
100
AcDbLine
 10
4.780479104374535
 20
-49.31459224777063
 30
0.0
 11
4.888488245313054
 21
-49.31459224777063
 31
0.0
  0
LINE
  5
2CB28C
330
2D7C38
100
AcDbEntity
  8
0
 62
     7
100
AcDbLine
 10
5.408895924454553
 20
-49.33857300132512
 30
0.0
 11
5.516905065393073
 21
-49.33857300132512
 31
0.0
  0
LINE
  5
2CB28D
330
2D7C38
100
AcDbEntity
  8
0
 62
     7
100
AcDbLine
 10
5.408895924454553
 20
-48.94289056776322
 30
0.0
 11
5.408895924454553
 21
-49.33857300132512
 31
0.0
  0
LINE
  5
2CB28E
330
2D7C38
100
AcDbEntity
  8
0
 62
     7
100
AcDbLine
 10
6.891566859092561
 20
-48.94289056776322
 30
0.0
 11
5.408895924454553
 21
-48.94289056776322
 31
0.0
  0
LINE
  5
2CB28F
330
2D7C38
100
AcDbEntity
  8
0
 62
     7
100
AcDbLine
 10
7.195956256357018
 20
-48.34337172907544
 30
0.0
 11
6.891566859092561
 21
-48.94289056776322
 31
0.0
  0
LINE
  5
2CB290
330
2D7C38
100
AcDbEntity
  8
0
 62
     7
100
AcDbLine
 10
6.61663450032938
 20
-48.34337172907544
 30
0.0
 11
7.195956256357018
 21
-48.34337172907544
 31
0.0
  0
LINE
  5
2CB291
330
2D7C38
100
AcDbEntity
  8
0
 62
     7
100
AcDbLine
 10
6.587177461944516
 20
-48.39133323618444
 30
0.0
 11
6.61663450032938
 21
-48.34337172907544
 31
0.0
  0
LINE
  5
2CB292
330
2D7C38
100
AcDbEntity
  8
0
 62
     7
100
AcDbLine
 10
5.408895924454553
 20
-48.39133323618444
 30
0.0
 11
6.587177461944516
 21
-48.39133323618444
 31
0.0
  0
LINE
  5
2CB293
330
2D7C38
100
AcDbEntity
  8
0
 62
     7
100
AcDbLine
 10
5.408895924454553
 20
-48.06759306322781
 30
0.0
 11
5.408895924454553
 21
-48.39133323618444
 31
0.0
  0
LINE
  5
2CB294
330
2D7C38
100
AcDbEntity
  8
0
 62
     7
100
AcDbLine
 10
5.929303603479636
 20
-48.06759306322781
 30
0.0
 11
5.408895924454553
 21
-48.06759306322781
 31
0.0
  0
LINE
  5
2CB295
330
2D7C38
100
AcDbEntity
  8
0
 62
     7
100
AcDbLine
 10
5.978398667532018
 20
-48.18749683100032
 30
0.0
 11
5.929303603479636
 21
-48.06759306322781
 31
0.0
  0
LINE
  5
2CB296
330
2D7C38
100
AcDbEntity
  8
0
 62
     7
100
AcDbLine
 10
6.488987333839758
 20
-48.18749683100032
 30
0.0
 11
5.978398667532018
 21
-48.18749683100032
 31
0.0
  0
LINE
  5
2CB297
330
2D7C38
100
AcDbEntity
  8
0
 62
     7
100
AcDbLine
 10
6.488987333839758
 20
-47.45608384779186
 30
0.0
 11
6.488987333839758
 21
-48.18749683100032
 31
0.0
  0
LINE
  5
2CB298
330
2D7C38
100
AcDbEntity
  8
0
 62
     7
100
AcDbLine
 10
5.978398667532018
 20
-47.45608384779186
 30
0.0
 11
6.488987333839758
 21
-47.45608384779186
 31
0.0
  0
LINE
  5
2CB299
330
2D7C38
100
AcDbEntity
  8
0
 62
     7
100
AcDbLine
 10
5.899846565094773
 20
-47.54001648520352
 30
0.0
 11
5.978398667532018
 21
-47.45608384779186
 31
0.0
  0
LINE
  5
2CB29A
330
2D7C38
100
AcDbEntity
  8
0
 62
     7
100
AcDbLine
 10
5.408895924454553
 20
-47.54001648520352
 30
0.0
 11
5.899846565094773
 21
-47.54001648520352
 31
0.0
  0
LINE
  5
2CB29B
330
2D7C38
100
AcDbEntity
  8
0
 62
     7
100
AcDbLine
 10
5.408895924454553
 20
-47.20428593549877
 30
0.0
 11
5.408895924454553
 21
-47.54001648520352
 31
0.0
  0
LINE
  5
2CB29C
330
2D7C38
100
AcDbEntity
  8
0
 62
     7
100
AcDbLine
 10
6.685367590049279
 20
-47.20428593549877
 30
0.0
 11
5.408895924454553
 21
-47.20428593549877
 31
0.0
  0
LINE
  5
2CB29D
330
2D7C38
100
AcDbEntity
  8
0
 62
     7
100
AcDbLine
 10
6.734462654101662
 20
-47.30020894971673
 30
0.0
 11
6.685367590049279
 21
-47.20428593549877
 31
0.0
  0
LINE
  5
2CB29E
330
2D7C38
100
AcDbEntity
  8
0
 62
     7
100
AcDbLine
 10
7.274508358794262
 20
-47.30020894971673
 30
0.0
 11
6.734462654101662
 21
-47.30020894971673
 31
0.0
  0
LINE
  5
2CB29F
330
2D7C38
100
AcDbEntity
  8
0
 62
     7
100
AcDbLine
 10
7.068309089750981
 20
-46.67670935741622
 30
0.0
 11
7.274508358794262
 21
-47.30020894971673
 31
0.0
  0
LINE
  5
2CB2A0
330
2D7C38
100
AcDbEntity
  8
0
 62
     7
100
AcDbLine
 10
5.408895924454553
 20
-46.67670935741622
 30
0.0
 11
7.068309089750981
 21
-46.67670935741622
 31
0.0
  0
LINE
  5
2CB2A1
330
2D7C38
100
AcDbEntity
  8
0
 62
     7
100
AcDbLine
 10
5.408895924454553
 20
-46.24505579355171
 30
0.0
 11
5.408895924454553
 21
-46.67670935741622
 31
0.0
  0
LINE
  5
2CB2A2
330
2D7C38
100
AcDbEntity
  8
0
 62
     7
100
AcDbLine
 10
6.027493731584399
 20
-46.24505579355171
 30
0.0
 11
5.408895924454553
 21
-46.24505579355171
 31
0.0
  0
LINE
  5
2CB2A3
330
2D7C38
100
AcDbEntity
  8
0
 62
     7
100
AcDbLine
 10
6.12568385968916
 20
-46.36495956126601
 30
0.0
 11
6.027493731584399
 21
-46.24505579355171
 31
0.0
  0
LINE
  5
2CB2A4
330
2D7C38
100
AcDbEntity
  8
0
 62
     7
100
AcDbLine
 10
6.91120488476008
 20
-46.36495956126601
 30
0.0
 11
6.12568385968916
 21
-46.36495956126601
 31
0.0
  0
LINE
  5
2CB2A5
330
2D7C38
100
AcDbEntity
  8
0
 62
     7
100
AcDbLine
 10
6.204235962242816
 20
-45.74145996902371
 30
0.0
 11
6.91120488476008
 21
-46.36495956126601
 31
0.0
  0
LINE
  5
2CB2A6
330
2D7C38
100
AcDbEntity
  8
0
 62
     7
100
AcDbLine
 10
4.888488245313054
 20
-48.07958344003417
 30
0.0
 11
4.888488245313054
 21
-48.37934285937809
 31
0.0
  0
LINE
  5
2CB2A7
330
2D7C38
100
AcDbEntity
  8
0
 62
     7
100
AcDbLine
 10
4.888488245313054
 20
-47.20428593549877
 30
0.0
 11
4.888488245313054
 21
-47.54001648520352
 31
0.0
  0
CIRCLE
  5
2CB2A8
330
2D7C38
100
AcDbEntity
  8
0
100
AcDbCircle
 10
17.0
 20
-62.0
 30
0.0
 40
3.0
  0
LWPOLYLINE
  5
2CB2A9
330
2D7C38
100
AcDbEntity
  8
0
100
AcDbPolyline
 90
       96
 70
     1
 43
0.0
 10
16.75172281509731
 20
-63.93288286292228
 10
16.78741887107026
 20
-64.09573312045541
 10
16.83184500550851
 20
-64.22357818245655
 10
16.88374469510745
 20
-64.31489608384436
 10
16.94062675500754
 20
-64.36968682473525
 10
17.0
 20
-64.38795040501282
 10
17.05937324499245
 20
-64.36968682473525
 10
17.11625530489255
 20
-64.31489608384436
 10
17.16815499449149
 20
-64.22357818245655
 10
17.21258112892974
 20
-64.09573312045541
 10
17.24831565353088
 20
-63.93288286292228
 10
17.27923303679563
 20
-63.74263723497278
 10
17.3104808779899
 20
-63.53412802674574
 10
17.34720677591394
 20
-63.31648702837991
 10
17.39455832983367
 20
-63.0988460300141
 10
17.45768313878216
 20
-62.89033682178706
 10
17.54172880179249
 20
-62.70009119383757
 10
17.65184291813057
 20
-62.53724093630443
 10
17.79101448471192
 20
-62.40852702030679
 10
17.9535980905639
 20
-62.31112714088522
 10
18.13178972259629
 20
-62.23982817394425
 10
18.3177853677189
 20
-62.18941699550486
 10
18.50378101272507
 20
-62.15468048152978
 10
18.68197264475748
 20
-62.13040550798177
 10
18.84455625060946
 20
-62.11137895082356
 10
18.9837278171908
 20
-62.09238768607611
 10
19.09298400033731
 20
-62.06930318666854
 10
19.17102413112298
 20
-62.04233531351201
 10
19.21784820966422
 20
-62.01277852454222
 10
19.23345623584464
 20
-61.98192727763672
 10
19.21784820966422
 20
-61.9510760307894
 10
19.17102413112298
 20
-61.92151924181962
 10
19.09298400033731
 20
-61.89455136866309
 10
18.9837278171908
 20
-61.87146686925554
 10
18.84455625060946
 20
-61.85248737060465
 10
18.68197264475748
 20
-61.83354317612248
 10
18.50378101272507
 20
-61.80949175840942
 10
18.3177853677189
 20
-61.77519058994949
 10
18.13178972259629
 20
-61.72549714328486
 10
17.9535980905639
 20
-61.65526889101602
 10
17.79101448471192
 20
-61.55936330568511
 10
17.65184291813057
 20
-61.43263785977614
 10
17.54172880179249
 20
-61.27230554667768
 10
17.45768313878216
 20
-61.08500144252321
 10
17.39455832983367
 20
-60.87971614440903
 10
17.34720677591394
 20
-60.66544024925679
 10
17.3104808779899
 20
-60.45116435416275
 10
17.27923303679563
 20
-60.24587905604858
 10
17.24831565353088
 20
-60.05857495189411
 10
17.21258112892974
 20
-59.89824263873742
 10
17.16815499449149
 20
-59.77237428078661
 10
17.11625530489255
 20
-59.68246831081341
 10
17.05937324499245
 20
-59.62852472881785
 10
17.0
 20
-59.61054353479994
 10
16.94062675500754
 20
-59.62852472881785
 10
16.88374469510745
 20
-59.68246831081341
 10
16.83184500550851
 20
-59.77237428078661
 10
16.78741887107026
 20
-59.89824263873742
 10
16.75172281509731
 20
-60.05857495189411
 10
16.72107471257914
 20
-60.24587905604858
 10
16.69055777648464
 20
-60.45116435416275
 10
16.6552552197827
 20
-60.66544024925679
 10
16.61025025555864
 20
-60.87971614440903
 10
16.55062609666493
 20
-61.08500144252321
 10
16.47146595618687
 20
-61.27230554667768
 10
16.36785304720979
 20
-61.43263785977614
 10
16.23691377870273
 20
-61.55936330568511
 10
16.08394734340254
 20
-61.65526889101602
 10
15.91629613039549
 20
-61.72549714328486
 10
15.7413025284186
 20
-61.77519058994949
 10
15.56630892655812
 20
-61.80949175840942
 10
15.39865771343466
 20
-61.83354317612248
 10
15.24569127825088
 20
-61.85248737060465
 10
15.11475200962741
 20
-61.87146686925554
 10
15.01195856521372
 20
-61.89455136866309
 10
14.93853467621375
 20
-61.92151924181962
 10
14.89448034286033
 20
-61.9510760307894
 10
14.87979556515347
 20
-61.98192727763672
 10
14.89448034286033
 20
-62.01277852454222
 10
14.93853467621375
 20
-62.04233531351201
 10
15.01195856521372
 20
-62.06930318666854
 10
15.11475200962741
 20
-62.09238768607611
 10
15.24569127825088
 20
-62.11137895082356
 10
15.39865771343466
 20
-62.13040550798177
 10
15.56630892655812
 20
-62.15468048152978
 10
15.7413025284186
 20
-62.18941699550486
 10
15.91629613039549
 20
-62.23982817394425
 10
16.08394734340254
 20
-62.31112714088522
 10
16.23691377870273
 20
-62.40852702030679
 10
16.36785304720979
 20
-62.53724093630443
 10
16.47146595618687
 20
-62.70009119383757
 10
16.55062609666493
 20
-62.89033682178706
 10
16.61025025555864
 20
-63.0988460300141
 10
16.6552552197827
 20
-63.31648702837991
 10
16.69055777648464
 20
-63.53412802674574
 10
16.72107471257914
 20
-63.74263723497278
  0
LWPOLYLINE
  5
2CB2AA
330
2D7C38
100
AcDbEntity
  8
0
100
AcDbPolyline
 90
        4
 70
     1
 43
0.0
 10
17.25
 20
-74.5
 10
27.75
 20
-74.5
 10
27.75
 20
-71.0
 10
17.25
 20
-71.0
  0
LINE
  5
2CB2AB
330
2D7C38
100
AcDbEntity
  8
0
100
AcDbLine
 10
45.0
 20
0.0
 30
0.0
 11
45.0
 21
-71.0
 31
0.0
  0
ENDBLK
  5
2CB2AC
330
2D7C38
100
AcDbEntity
  8
0
100
AcDbBlockEnd
  0
BLOCK
  5
2D7C3B
330
2D7C3A
100
AcDbEntity
  8
0
 62
     0
100
AcDbBlockBegin
  2
TM_TETRA
 70
     2
 10
0.0
 20
0.0
 30
0.0
  3
TM_TETRA
  1

  0
ARC
  5
2CB2B1
330
2D7C3A
100
AcDbEntity
  8
0
100
AcDbCircle
 10
853113.8810597413
 20
-440154.8976433839
 30
0.0
 40
25.30420688225275
100
AcDbArc
 50
347.2782924408514
 51
12.7217075591487
  0
TEXT
  5
2CB2B2
330
2D7C3A
100
AcDbEntity
  8
0
100
AcDbText
 10
853108.5404083773
 20
-440146.6274979543
 30
0.0
 40
5.0
  1
OFF
 41
0.75
100
AcDbText
  0
TEXT
  5
2CB2B3
330
2D7C3A
100
AcDbEntity
  8
0
100
AcDbText
 10
853090.5404083776
 20
-440146.6274979543
 30
0.0
 40
5.0
  1
OFF
 41
0.75
100
AcDbText
  0
LWPOLYLINE
  5
2CB2B4
330
2D7C3A
100
AcDbEntity
  8
0
100
AcDbPolyline
 90
        2
 70
     0
 43
0.0
 10
853089.7513184987
 20
-440160.4700292366
 10
853089.7513184987
 20
-440162.9898212917
  0
LWPOLYLINE
  5
2CB2B5
330
2D7C3A
100
AcDbEntity
  8
0
100
AcDbPolyline
 90
        2
 70
     0
 43
0.0
 10
853101.0415637847
 20
-440162.9898212917
 10
853101.0415637847
 20
-440160.4700292366
  0
LWPOLYLINE
  5
2CB2B6
330
2D7C3A
100
AcDbEntity
  8
0
100
AcDbPolyline
 90
        2
 70
     0
 43
0.0
 10
853083.0415637847
 20
-440162.9898212917
 10
853083.0415637847
 20
-440160.4700292366
  0
LWPOLYLINE
  5
2CB2B7
330
2D7C3A
100
AcDbEntity
  8
0
100
AcDbPolyline
 90
        2
 70
     0
 43
0.0
 10
853119.0415637849
 20
-440162.9898212917
 10
853119.0415637849
 20
-440160.4700292366
  0
LWPOLYLINE
  5
2CB2B8
330
2D7C3A
100
AcDbEntity
  8
0
100
AcDbPolyline
 90
        2
 70
     0
 43
0.0
 10
853107.7513184987
 20
-440160.4700292366
 10
853107.7513184987
 20
-440162.9898212917
  0
LWPOLYLINE
  5
2CB2B9
330
2D7C3A
100
AcDbEntity
  8
0
100
AcDbPolyline
 90
        4
 70
     0
 43
0.0
 10
853119.0415637849
 20
-440149.3252575312
 10
853119.0415637849
 20
-440140.7038619914
 10
853107.7513184987
 20
-440140.7038619914
 10
853107.7513184987
 20
-440149.3252575312
  0
LWPOLYLINE
  5
2CB2BA
330
2D7C3A
100
AcDbEntity
  8
0
100
AcDbPolyline
 90
        4
 70
     0
 43
0.0
 10
853101.0415637847
 20
-440149.3252575312
 10
853101.0415637847
 20
-440140.7038619914
 10
853089.7513184987
 20
-440140.7038619914
 10
853089.7513184987
 20
-440149.3252575312
  0
CIRCLE
  5
2CB2BB
330
2D7C3A
100
AcDbEntity
  8
0
100
AcDbCircle
 10
853095.1733571574
 20
-440108.6867232447
 30
0.0
 40
3.297356018523212
  0
LINE
  5
2CB2BC
330
2D7C3A
100
AcDbEntity
  8
0
100
AcDbLine
 10
853104.3964411418
 20
-440099.5487957433
 30
0.0
 11
853104.3964411418
 21
-440149.3252575312
 31
0.0
  0
LINE
  5
2CB2BD
330
2D7C3A
100
AcDbEntity
  8
0
100
AcDbLine
 10
853086.3964411421
 20
-440099.5487957433
 30
0.0
 11
853086.3964411421
 21
-440149.3252575312
 31
0.0
  0
LINE
  5
2CB2BE
330
2D7C3A
100
AcDbEntity
  8
0
100
AcDbLine
 10
853104.3964411418
 20
-440180.5487957433
 30
0.0
 11
853104.3964411418
 21
-440160.4700292366
 31
0.0
  0
LINE
  5
2CB2BF
330
2D7C3A
100
AcDbEntity
  8
0
100
AcDbLine
 10
853086.3964411421
 20
-440180.5487957433
 30
0.0
 11
853086.3964411421
 21
-440160.4700292366
 31
0.0
  0
CIRCLE
  5
2CB2C0
330
2D7C3A
100
AcDbEntity
  8
0
100
AcDbCircle
 10
853095.1733571574
 20
-440171.4108682419
 30
0.0
 40
3.297356018523212
  0
CIRCLE
  5
2CB2C1
330
2D7C3A
100
AcDbEntity
  8
0
100
AcDbCircle
 10
853113.619525126
 20
-440171.4108682419
 30
0.0
 40
3.297356018523212
  0
LWPOLYLINE
  5
2CB2C2
330
2D7C3A
100
AcDbEntity
  8
0
100
AcDbPolyline
 90
        5
 70
     0
 43
0.0
 10
853116.4751976138
 20
-440180.5487957433
 10
853116.4751976138
 20
-440175.1385307566
 42
0.7522011098751459
 10
853113.5656027011
 20
-440167.41257243
 42
0.7346783615832138
 10
853110.6560077882
 20
-440175.1385307566
 10
853110.6560077882
 20
-440180.5487957433
  0
LWPOLYLINE
  5
2CB2C3
330
2D7C3A
100
AcDbEntity
  8
0
100
AcDbPolyline
 90
        5
 70
     0
 43
0.0
 10
853092.3176846695
 20
-440180.5487957433
 10
853092.3176846695
 20
-440175.1385307566
 42
-0.7522011098751459
 10
853095.2272795827
 20
-440167.41257243
 42
-0.7346783615832138
 10
853098.1368744956
 20
-440175.1385307566
 10
853098.1368744956
 20
-440180.5487957433
  0
LWPOLYLINE
  5
2CB2C4
330
2D7C3A
100
AcDbEntity
  8
0
100
AcDbPolyline
 90
        5
 70
     0
 43
0.0
 10
853116.4751976138
 20
-440099.5487957433
 10
853116.4751976138
 20
-440104.9590607299
 42
-0.7522011098751459
 10
853113.5656027011
 20
-440112.6850190563
 42
-0.7346783615832138
 10
853110.6560077882
 20
-440104.9590607299
 10
853110.6560077882
 20
-440099.5487957433
  0
LWPOLYLINE
  5
2CB2C5
330
2D7C3A
100
AcDbEntity
  8
0
100
AcDbPolyline
 90
        5
 70
     0
 43
0.0
 10
853092.3176846695
 20
-440099.5487957433
 10
853092.3176846695
 20
-440104.9590607299
 42
0.7522011098751459
 10
853095.2272795827
 20
-440112.6850190563
 42
0.7346783615832138
 10
853098.1368744956
 20
-440104.9590607299
 10
853098.1368744956
 20
-440099.5487957433
  0
CIRCLE
  5
2CB2C6
330
2D7C3A
100
AcDbEntity
  8
0
100
AcDbCircle
 10
853113.619525126
 20
-440108.6867232447
 30
0.0
 40
3.297356018523212
  0
LINE
  5
2CB2C7
330
2D7C3A
100
AcDbEntity
  8
0
100
AcDbLine
 10
853140.3964411417
 20
-440099.5487957433
 30
0.0
 11
853140.3964411417
 21
-440180.5487957433
 31
0.0
  0
POLYLINE
  5
2CB2C8
330
2D7C3A
100
AcDbEntity
  8
0
100
AcDb2dPolyline
 66
     1
 10
0.0
 20
0.0
 30
0.0
 70
     3
 40
0.0214860603461034
 41
0.0214860603461034
  0
VERTEX
  5
2CB2C9
330
2CB2C8
100
AcDbEntity
  8
0
100
AcDbVertex
100
AcDb2dVertex
 10
853132.2243365453
 20
-440170.8282786787
 30
0.0
 41
0.0214860603461035
 42
-0.4482412192140731
  0
VERTEX
  5
2CB2CA
330
2CB2C8
100
AcDbEntity
  8
0
100
AcDbVertex
100
AcDb2dVertex
 10
853132.2818399589
 20
-440169.8272726671
 30
0.0
 40
0.0214860603461035
 42
0.5227007244355947
 70
     1
  0
VERTEX
  5
2CB2CB
330
2CB2C8
100
AcDbEntity
  8
0
100
AcDbVertex
100
AcDb2dVertex
 10
853132.2243365453
 20
-440168.9174998559
 30
0.0
 41
0.0214860603461035
 42
0.1369436295261756
  0
VERTEX
  5
2CB2CC
330
2CB2C8
100
AcDbEntity
  8
0
100
AcDbVertex
100
AcDb2dVertex
 10
853131.6459337842
 20
-440168.7560550445
 30
0.0
 40
0.0214860603461035
 42
0.1369436295261581
 70
     1
  0
VERTEX
  5
2CB2CD
330
2CB2C8
100
AcDbEntity
  8
0
100
AcDbVertex
100
AcDb2dVertex
 10
853131.0675310235
 20
-440168.9174998559
 30
0.0
 42
0.5227007244352544
  0
VERTEX
  5
2CB2CE
330
2CB2C8
100
AcDbEntity
  8
0
100
AcDbVertex
100
AcDb2dVertex
 10
853131.0100276099
 20
-440169.8272726671
 30
0.0
 42
-0.4482412192142792
 70
     1
  0
VERTEX
  5
2CB2CF
330
2CB2C8
100
AcDbEntity
  8
0
100
AcDbVertex
100
AcDb2dVertex
 10
853131.0675310235
 20
-440170.8282786787
 30
0.0
 42
-0.4482412192138824
  0
VERTEX
  5
2CB2D0
330
2CB2C8
100
AcDbEntity
  8
0
100
AcDbVertex
100
AcDb2dVertex
 10
853130.0665250119
 20
-440170.7707752652
 30
0.0
 42
0.522700724435877
 70
     1
  0
VERTEX
  5
2CB2D1
330
2CB2C8
100
AcDbEntity
  8
0
100
AcDbVertex
100
AcDb2dVertex
 10
853129.1567522005
 20
-440170.8282786787
 30
0.0
 42
0.1369436295260004
  0
VERTEX
  5
2CB2D2
330
2CB2C8
100
AcDbEntity
  8
0
100
AcDbVertex
100
AcDb2dVertex
 10
853128.9953073892
 20
-440171.4066814396
 30
0.0
 42
0.1369436295262582
 70
     1
  0
VERTEX
  5
2CB2D3
330
2CB2C8
100
AcDbEntity
  8
0
100
AcDbVertex
100
AcDb2dVertex
 10
853129.1567522005
 20
-440171.9850842004
 30
0.0
 42
0.5227007244358011
  0
VERTEX
  5
2CB2D4
330
2CB2C8
100
AcDbEntity
  8
0
100
AcDbVertex
100
AcDb2dVertex
 10
853130.0665250119
 20
-440172.042587614
 30
0.0
 42
-0.4482412192139957
 70
     1
  0
VERTEX
  5
2CB2D5
330
2CB2C8
100
AcDbEntity
  8
0
100
AcDbVertex
100
AcDb2dVertex
 10
853131.0675310235
 20
-440171.9850842004
 30
0.0
 42
-0.4482412192140118
  0
VERTEX
  5
2CB2D6
330
2CB2C8
100
AcDbEntity
  8
0
100
AcDbVertex
100
AcDb2dVertex
 10
853131.0100276099
 20
-440172.9860902121
 30
0.0
 42
0.5227007244358805
 70
     1
  0
VERTEX
  5
2CB2D7
330
2CB2C8
100
AcDbEntity
  8
0
100
AcDbVertex
100
AcDb2dVertex
 10
853131.0675310235
 20
-440173.8958630233
 30
0.0
 42
0.1369436295258127
  0
VERTEX
  5
2CB2D8
330
2CB2C8
100
AcDbEntity
  8
0
100
AcDbVertex
100
AcDb2dVertex
 10
853131.6459337842
 20
-440174.0573078346
 30
0.0
 42
0.1369436295256074
 70
     1
  0
VERTEX
  5
2CB2D9
330
2CB2C8
100
AcDbEntity
  8
0
100
AcDbVertex
100
AcDb2dVertex
 10
853132.2243365453
 20
-440173.8958630233
 30
0.0
 42
0.5227007244353051
  0
VERTEX
  5
2CB2DA
330
2CB2C8
100
AcDbEntity
  8
0
100
AcDbVertex
100
AcDb2dVertex
 10
853132.2818399589
 20
-440172.9860902121
 30
0.0
 42
-0.4482412192144852
 70
     1
  0
VERTEX
  5
2CB2DB
330
2CB2C8
100
AcDbEntity
  8
0
100
AcDbVertex
100
AcDb2dVertex
 10
853132.2243365453
 20
-440171.9850842004
 30
0.0
 42
-0.4482412192143392
  0
VERTEX
  5
2CB2DC
330
2CB2C8
100
AcDbEntity
  8
0
100
AcDbVertex
100
AcDb2dVertex
 10
853133.2253425572
 20
-440172.042587614
 30
0.0
 42
0.5227007244354749
 70
     1
  0
VERTEX
  5
2CB2DD
330
2CB2C8
100
AcDbEntity
  8
0
100
AcDbVertex
100
AcDb2dVertex
 10
853134.1351153685
 20
-440171.9850842004
 30
0.0
 42
0.136943629525807
  0
VERTEX
  5
2CB2DE
330
2CB2C8
100
AcDbEntity
  8
0
100
AcDbVertex
100
AcDb2dVertex
 10
853134.2965601799
 20
-440171.4066814396
 30
0.0
 42
0.1369436295259948
 70
     1
  0
VERTEX
  5
2CB2DF
330
2CB2C8
100
AcDbEntity
  8
0
100
AcDbVertex
100
AcDb2dVertex
 10
853134.1351153685
 20
-440170.8282786787
 30
0.0
 42
0.5227007244355511
  0
VERTEX
  5
2CB2E0
330
2CB2C8
100
AcDbEntity
  8
0
100
AcDbVertex
100
AcDb2dVertex
 10
853133.2253425572
 20
-440170.7707752652
 30
0.0
 42
-0.4482412192142257
 70
     1
  0
SEQEND
  5
2CB2E1
330
2CB2C8
100
AcDbEntity
  8
0
  0
LINE
  5
2CB2E2
330
2D7C3A
100
AcDbEntity
  8
0
100
AcDbLine
 10
853138.9441924629
 20
-440125.5205481797
 30
0.0
 11
853138.9441924629
 21
-440121.8298212508
 31
0.0
  0
POLYLINE
  5
2CB2E3
330
2D7C3A
100
AcDbEntity
  8
0
100
AcDb2dPolyline
 66
     1
 10
0.0
 20
0.0
 30
0.0
 70
     3
 40
0.0214860603461034
 41
0.0214860603461034
  0
VERTEX
  5
2CB2E4
330
2CB2E3
100
AcDbEntity
  8
0
100
AcDbVertex
100
AcDb2dVertex
 10
853132.2243365453
 20
-440109.2693128076
 30
0.0
 41
0.0214860603461035
 42
0.4482412192140731
  0
VERTEX
  5
2CB2E5
330
2CB2E3
100
AcDbEntity
  8
0
100
AcDbVertex
100
AcDb2dVertex
 10
853132.2818399589
 20
-440110.2703188193
 30
0.0
 40
0.0214860603461035
 42
-0.5227007244355947
 70
     1
  0
VERTEX
  5
2CB2E6
330
2CB2E3
100
AcDbEntity
  8
0
100
AcDbVertex
100
AcDb2dVertex
 10
853132.2243365453
 20
-440111.1800916305
 30
0.0
 41
0.0214860603461035
 42
-0.1369436295261756
  0
VERTEX
  5
2CB2E7
330
2CB2E3
100
AcDbEntity
  8
0
100
AcDbVertex
100
AcDb2dVertex
 10
853131.6459337842
 20
-440111.3415364419
 30
0.0
 40
0.0214860603461035
 42
-0.1369436295261581
 70
     1
  0
VERTEX
  5
2CB2E8
330
2CB2E3
100
AcDbEntity
  8
0
100
AcDbVertex
100
AcDb2dVertex
 10
853131.0675310235
 20
-440111.1800916305
 30
0.0
 42
-0.5227007244352544
  0
VERTEX
  5
2CB2E9
330
2CB2E3
100
AcDbEntity
  8
0
100
AcDbVertex
100
AcDb2dVertex
 10
853131.0100276099
 20
-440110.2703188193
 30
0.0
 42
0.4482412192142792
 70
     1
  0
VERTEX
  5
2CB2EA
330
2CB2E3
100
AcDbEntity
  8
0
100
AcDbVertex
100
AcDb2dVertex
 10
853131.0675310235
 20
-440109.2693128076
 30
0.0
 42
0.4482412192138824
  0
VERTEX
  5
2CB2EB
330
2CB2E3
100
AcDbEntity
  8
0
100
AcDbVertex
100
AcDb2dVertex
 10
853130.0665250119
 20
-440109.3268162212
 30
0.0
 42
-0.522700724435877
 70
     1
  0
VERTEX
  5
2CB2EC
330
2CB2E3
100
AcDbEntity
  8
0
100
AcDbVertex
100
AcDb2dVertex
 10
853129.1567522005
 20
-440109.2693128076
 30
0.0
 42
-0.1369436295260004
  0
VERTEX
  5
2CB2ED
330
2CB2E3
100
AcDbEntity
  8
0
100
AcDbVertex
100
AcDb2dVertex
 10
853128.9953073892
 20
-440108.6909100468
 30
0.0
 42
-0.1369436295262582
 70
     1
  0
VERTEX
  5
2CB2EE
330
2CB2E3
100
AcDbEntity
  8
0
100
AcDbVertex
100
AcDb2dVertex
 10
853129.1567522005
 20
-440108.112507286
 30
0.0
 42
-0.5227007244358011
  0
VERTEX
  5
2CB2EF
330
2CB2E3
100
AcDbEntity
  8
0
100
AcDbVertex
100
AcDb2dVertex
 10
853130.0665250119
 20
-440108.0550038724
 30
0.0
 42
0.4482412192139957
 70
     1
  0
VERTEX
  5
2CB2F0
330
2CB2E3
100
AcDbEntity
  8
0
100
AcDbVertex
100
AcDb2dVertex
 10
853131.0675310235
 20
-440108.112507286
 30
0.0
 42
0.4482412192140118
  0
VERTEX
  5
2CB2F1
330
2CB2E3
100
AcDbEntity
  8
0
100
AcDbVertex
100
AcDb2dVertex
 10
853131.0100276099
 20
-440107.1115012743
 30
0.0
 42
-0.5227007244358805
 70
     1
  0
VERTEX
  5
2CB2F2
330
2CB2E3
100
AcDbEntity
  8
0
100
AcDbVertex
100
AcDb2dVertex
 10
853131.0675310235
 20
-440106.2017284631
 30
0.0
 42
-0.1369436295258127
  0
VERTEX
  5
2CB2F3
330
2CB2E3
100
AcDbEntity
  8
0
100
AcDbVertex
100
AcDb2dVertex
 10
853131.6459337842
 20
-440106.0402836518
 30
0.0
 42
-0.1369436295256074
 70
     1
  0
VERTEX
  5
2CB2F4
330
2CB2E3
100
AcDbEntity
  8
0
100
AcDbVertex
100
AcDb2dVertex
 10
853132.2243365453
 20
-440106.2017284631
 30
0.0
 42
-0.5227007244353051
  0
VERTEX
  5
2CB2F5
330
2CB2E3
100
AcDbEntity
  8
0
100
AcDbVertex
100
AcDb2dVertex
 10
853132.2818399589
 20
-440107.1115012743
 30
0.0
 42
0.4482412192144852
 70
     1
  0
VERTEX
  5
2CB2F6
330
2CB2E3
100
AcDbEntity
  8
0
100
AcDbVertex
100
AcDb2dVertex
 10
853132.2243365453
 20
-440108.112507286
 30
0.0
 42
0.4482412192143392
  0
VERTEX
  5
2CB2F7
330
2CB2E3
100
AcDbEntity
  8
0
100
AcDbVertex
100
AcDb2dVertex
 10
853133.2253425572
 20
-440108.0550038724
 30
0.0
 42
-0.5227007244354749
 70
     1
  0
VERTEX
  5
2CB2F8
330
2CB2E3
100
AcDbEntity
  8
0
100
AcDbVertex
100
AcDb2dVertex
 10
853134.1351153685
 20
-440108.112507286
 30
0.0
 42
-0.136943629525807
  0
VERTEX
  5
2CB2F9
330
2CB2E3
100
AcDbEntity
  8
0
100
AcDbVertex
100
AcDb2dVertex
 10
853134.2965601799
 20
-440108.6909100468
 30
0.0
 42
-0.1369436295259948
 70
     1
  0
VERTEX
  5
2CB2FA
330
2CB2E3
100
AcDbEntity
  8
0
100
AcDbVertex
100
AcDb2dVertex
 10
853134.1351153685
 20
-440109.2693128076
 30
0.0
 42
-0.5227007244355511
  0
VERTEX
  5
2CB2FB
330
2CB2E3
100
AcDbEntity
  8
0
100
AcDbVertex
100
AcDb2dVertex
 10
853133.2253425572
 20
-440109.3268162212
 30
0.0
 42
0.4482412192142257
 70
     1
  0
SEQEND
  5
2CB2FC
330
2CB2E3
100
AcDbEntity
  8
0
  0
ARC
  5
2CB2FD
330
2D7C3A
100
AcDbEntity
  8
0
100
AcDbCircle
 10
853113.8810597413
 20
-440154.8976433839
 30
0.0
 40
25.30420688225275
100
AcDbArc
 50
347.2782924408514
 51
12.7217075591487
  0
TEXT
  5
2CB2FE
330
2D7C3A
100
AcDbEntity
  8
0
100
AcDbText
 10
853126.5404083773
 20
-440146.6274979543
 30
0.0
 40
5.0
  1
OFF
 41
0.75
100
AcDbText
  0
LWPOLYLINE
  5
2CB2FF
330
2D7C3A
100
AcDbEntity
  8
0
100
AcDbPolyline
 90
        2
 70
     0
 43
0.0
 10
853137.0415637852
 20
-440162.9898212917
 10
853137.0415637852
 20
-440160.4700292366
  0
LWPOLYLINE
  5
2CB300
330
2D7C3A
100
AcDbEntity
  8
0
100
AcDbPolyline
 90
        2
 70
     0
 43
0.0
 10
853125.7513184987
 20
-440160.4700292366
 10
853125.7513184987
 20
-440162.9898212917
  0
LWPOLYLINE
  5
2CB301
330
2D7C3A
100
AcDbEntity
  8
0
100
AcDbPolyline
 90
        4
 70
     0
 43
0.0
 10
853137.0415637852
 20
-440149.3252575312
 10
853137.0415637852
 20
-440140.7038619914
 10
853125.7513184987
 20
-440140.7038619914
 10
853125.7513184987
 20
-440149.3252575312
  0
CIRCLE
  5
2CB302
330
2D7C3A
100
AcDbEntity
  8
0
100
AcDbCircle
 10
853131.619525126
 20
-440171.4108682419
 30
0.0
 40
3.297356018523212
  0
LWPOLYLINE
  5
2CB303
330
2D7C3A
100
AcDbEntity
  8
0
100
AcDbPolyline
 90
        5
 70
     0
 43
0.0
 10
853134.4751976142
 20
-440180.5487957433
 10
853134.4751976142
 20
-440175.1385307566
 42
0.7522011098751459
 10
853131.5656027011
 20
-440167.41257243
 42
0.7346783615832138
 10
853128.6560077882
 20
-440175.1385307566
 10
853128.6560077882
 20
-440180.5487957433
  0
LWPOLYLINE
  5
2CB304
330
2D7C3A
100
AcDbEntity
  8
0
100
AcDbPolyline
 90
        5
 70
     0
 43
0.0
 10
853134.4751976142
 20
-440099.5487957433
 10
853134.4751976142
 20
-440104.9590607299
 42
-0.7522011098751459
 10
853131.5656027011
 20
-440112.6850190563
 42
-0.7346783615832138
 10
853128.6560077882
 20
-440104.9590607299
 10
853128.6560077882
 20
-440099.5487957433
  0
CIRCLE
  5
2CB305
330
2D7C3A
100
AcDbEntity
  8
0
100
AcDbCircle
 10
853131.619525126
 20
-440108.6867232447
 30
0.0
 40
3.297356018523212
  0
LINE
  5
2CB306
330
2D7C3A
100
AcDbEntity
  8
0
100
AcDbLine
 10
853122.3964411417
 20
-440099.5487957433
 30
0.0
 11
853122.3964411417
 21
-440149.3252575312
 31
0.0
  0
LINE
  5
2CB307
330
2D7C3A
100
AcDbEntity
  8
0
100
AcDbLine
 10
853122.3964411417
 20
-440180.5487957433
 30
0.0
 11
853122.3964411417
 21
-440160.4700292366
 31
0.0
  0
LINE
  5
2CB308
330
2D7C3A
100
AcDbEntity
  8
0
100
AcDbLine
 10
853070.2288040506
 20
-440149.3252575312
 30
0.0
 11
853138.5640782323
 21
-440149.3252575312
 31
0.0
  0
LINE
  5
2CB309
330
2D7C3A
100
AcDbEntity
  8
0
100
AcDbLine
 10
853138.5640782323
 20
-440160.4700292366
 30
0.0
 11
853070.2288040506
 21
-440160.4700292366
 31
0.0
  0
LINE
  5
2CB30A
330
2D7C3A
100
AcDbEntity
  8
0
100
AcDbLine
 10
853069.8036173381
 20
-440151.7542507322
 30
0.0
 11
853138.9892649452
 21
-440151.7542507322
 31
0.0
  0
LINE
  5
2CB30B
330
2D7C3A
100
AcDbEntity
  8
0
100
AcDbLine
 10
853069.6255509607
 20
-440155.8501954675
 30
0.0
 11
853139.1673313223
 21
-440155.8501954675
 31
0.0
  0
TEXT
  5
2CB30C
330
2D7C3A
100
AcDbEntity
  8
0
100
AcDbText
 10
853072.540408378
 20
-440146.6274979543
 30
0.0
 40
5.0
  1
OFF
 41
0.75
100
AcDbText
  0
LWPOLYLINE
  5
2CB30D
330
2D7C3A
100
AcDbEntity
  8
0
100
AcDbPolyline
 90
        4
 70
     0
 43
0.0
 10
853083.0415637847
 20
-440149.3252575312
 10
853083.0415637847
 20
-440140.7038619914
 10
853071.7513184987
 20
-440140.7038619914
 10
853071.7513184987
 20
-440149.3252575312
  0
CIRCLE
  5
2CB30E
330
2D7C3A
100
AcDbEntity
  8
0
100
AcDbCircle
 10
853077.6195251259
 20
-440108.6867232447
 30
0.0
 40
3.297356018523212
  0
LINE
  5
2CB30F
330
2D7C3A
100
AcDbEntity
  8
0
100
AcDbLine
 10
853140.3964411417
 20
-440116.3900448278
 30
0.0
 11
853068.3964411419
 21
-440116.3900448278
 31
0.0
  0
LINE
  5
2CB310
330
2D7C3A
100
AcDbEntity
  8
0
100
AcDbLine
 10
853140.3964411417
 20
-440140.0487957434
 30
0.0
 11
853068.3964411419
 21
-440140.0487957434
 31
0.0
  0
LINE
  5
2CB311
330
2D7C3A
100
AcDbEntity
  8
0
100
AcDbLine
 10
853140.3964411417
 20
-440162.9898212917
 30
0.0
 11
853068.3964411419
 21
-440162.9898212917
 31
0.0
  0
CIRCLE
  5
2CB312
330
2D7C3A
100
AcDbEntity
  8
0
100
AcDbCircle
 10
853077.6195251259
 20
-440171.4108682419
 30
0.0
 40
3.297356018523212
  0
LWPOLYLINE
  5
2CB313
330
2D7C3A
100
AcDbEntity
  8
0
100
AcDbPolyline
 90
        5
 70
     0
 43
0.0
 10
853080.4751976141
 20
-440180.5487957433
 10
853080.4751976141
 20
-440175.1385307566
 42
0.7522011098751459
 10
853077.5656027008
 20
-440167.41257243
 42
0.7346783615832138
 10
853074.6560077881
 20
-440175.1385307566
 10
853074.6560077881
 20
-440180.5487957433
  0
LWPOLYLINE
  5
2CB314
330
2D7C3A
100
AcDbEntity
  8
0
100
AcDbPolyline
 90
        5
 70
     0
 43
0.0
 10
853080.4751976141
 20
-440099.5487957433
 10
853080.4751976141
 20
-440104.9590607299
 42
-0.7522011098751459
 10
853077.5656027008
 20
-440112.6850190563
 42
-0.7346783615832138
 10
853074.6560077881
 20
-440104.9590607299
 10
853074.6560077881
 20
-440099.5487957433
  0
LINE
  5
2CB315
330
2D7C3A
100
AcDbEntity
  8
0
100
AcDbLine
 10
853068.3964411419
 20
-440180.5487957433
 30
0.0
 11
853068.3964411419
 21
-440099.5487957433
 31
0.0
  0
LINE
  5
2CB316
330
2D7C3A
100
AcDbEntity
  8
0
100
AcDbLine
 10
853074.9138090191
 20
-440121.8298212508
 30
0.0
 11
853074.9138090191
 21
-440125.5205481797
 31
0.0
  0
LWPOLYLINE
  5
2CB317
330
2D7C3A
100
AcDbEntity
  8
0
100
AcDbPolyline
 90
        4
 70
     1
 43
0.608038265582163
 10
853070.0635835289
 20
-440121.2691720163
 10
853070.0635835289
 20
-440117.4689328565
 10
853073.8638226887
 20
-440117.4689328565
 10
853073.8638226887
 20
-440121.2691720163
  0
LWPOLYLINE
  5
2CB318
330
2D7C3A
100
AcDbEntity
  8
0
100
AcDbPolyline
 90
        2
 70
     0
 43
0.608038265582163
 10
853071.9667963859
 20
-440123.7697403105
 10
853073.812167948
 20
-440123.7697403105
  0
LWPOLYLINE
  5
2CB319
330
2D7C3A
100
AcDbEntity
  8
0
100
AcDbPolyline
 90
        3
 70
     0
 43
0.4940310907855075
 10
853073.8638226887
 20
-440117.4689328565
 10
853071.963703109
 20
-440120.5505280673
 10
853070.0635835289
 20
-440117.4689328565
  0
LWPOLYLINE
  5
2CB31A
330
2D7C3A
100
AcDbEntity
  8
0
100
AcDbPolyline
 90
        2
 70
     0
 43
0.608038265582163
 10
853071.9667963344
 20
-440121.9243687488
 42
71545538.61153501
 10
853071.9667964376
 20
-440121.9243687488
  0
LWPOLYLINE
  5
2CB31B
330
2D7C3A
100
AcDbEntity
  8
0
100
AcDbPolyline
 90
        2
 70
     0
 43
0.0
 10
853071.7513184987
 20
-440160.4700292366
 10
853071.7513184987
 20
-440162.9898212917
  0
POLYLINE
  5
2CB31C
330
2D7C3A
100
AcDbEntity
  8
0
100
AcDb2dPolyline
 66
     1
 10
0.0
 20
0.0
 30
0.0
 70
     3
 40
0.0214860603461034
 41
0.0214860603461034
  0
VERTEX
  5
2CB31D
330
2CB31C
100
AcDbEntity
  8
0
100
AcDbVertex
100
AcDb2dVertex
 10
853094.568545738
 20
-440170.8282786787
 30
0.0
 41
0.0214860603461035
 42
0.4482412192140731
  0
VERTEX
  5
2CB31E
330
2CB31C
100
AcDbEntity
  8
0
100
AcDbVertex
100
AcDb2dVertex
 10
853094.5110423244
 20
-440169.8272726671
 30
0.0
 40
0.0214860603461035
 42
-0.5227007244355947
 70
     1
  0
VERTEX
  5
2CB31F
330
2CB31C
100
AcDbEntity
  8
0
100
AcDbVertex
100
AcDb2dVertex
 10
853094.568545738
 20
-440168.9174998559
 30
0.0
 41
0.0214860603461035
 42
-0.1369436295261756
  0
VERTEX
  5
2CB320
330
2CB31C
100
AcDbEntity
  8
0
100
AcDbVertex
100
AcDb2dVertex
 10
853095.1469484994
 20
-440168.7560550445
 30
0.0
 40
0.0214860603461035
 42
-0.1369436295261581
 70
     1
  0
VERTEX
  5
2CB321
330
2CB31C
100
AcDbEntity
  8
0
100
AcDbVertex
100
AcDb2dVertex
 10
853095.7253512601
 20
-440168.9174998559
 30
0.0
 42
-0.5227007244352544
  0
VERTEX
  5
2CB322
330
2CB31C
100
AcDbEntity
  8
0
100
AcDbVertex
100
AcDb2dVertex
 10
853095.7828546737
 20
-440169.8272726671
 30
0.0
 42
0.4482412192142792
 70
     1
  0
VERTEX
  5
2CB323
330
2CB31C
100
AcDbEntity
  8
0
100
AcDbVertex
100
AcDb2dVertex
 10
853095.7253512601
 20
-440170.8282786787
 30
0.0
 42
0.4482412192138824
  0
VERTEX
  5
2CB324
330
2CB31C
100
AcDbEntity
  8
0
100
AcDbVertex
100
AcDb2dVertex
 10
853096.7263572717
 20
-440170.7707752652
 30
0.0
 42
-0.522700724435877
 70
     1
  0
VERTEX
  5
2CB325
330
2CB31C
100
AcDbEntity
  8
0
100
AcDbVertex
100
AcDb2dVertex
 10
853097.6361300828
 20
-440170.8282786787
 30
0.0
 42
-0.1369436295260004
  0
VERTEX
  5
2CB326
330
2CB31C
100
AcDbEntity
  8
0
100
AcDbVertex
100
AcDb2dVertex
 10
853097.7975748944
 20
-440171.4066814396
 30
0.0
 42
-0.1369436295262582
 70
     1
  0
VERTEX
  5
2CB327
330
2CB31C
100
AcDbEntity
  8
0
100
AcDbVertex
100
AcDb2dVertex
 10
853097.6361300828
 20
-440171.9850842004
 30
0.0
 42
-0.5227007244358011
  0
VERTEX
  5
2CB328
330
2CB31C
100
AcDbEntity
  8
0
100
AcDbVertex
100
AcDb2dVertex
 10
853096.7263572717
 20
-440172.042587614
 30
0.0
 42
0.4482412192139957
 70
     1
  0
VERTEX
  5
2CB329
330
2CB31C
100
AcDbEntity
  8
0
100
AcDbVertex
100
AcDb2dVertex
 10
853095.7253512601
 20
-440171.9850842004
 30
0.0
 42
0.4482412192140118
  0
VERTEX
  5
2CB32A
330
2CB31C
100
AcDbEntity
  8
0
100
AcDbVertex
100
AcDb2dVertex
 10
853095.7828546737
 20
-440172.9860902121
 30
0.0
 42
-0.5227007244358805
 70
     1
  0
VERTEX
  5
2CB32B
330
2CB31C
100
AcDbEntity
  8
0
100
AcDbVertex
100
AcDb2dVertex
 10
853095.7253512601
 20
-440173.8958630233
 30
0.0
 42
-0.1369436295258127
  0
VERTEX
  5
2CB32C
330
2CB31C
100
AcDbEntity
  8
0
100
AcDbVertex
100
AcDb2dVertex
 10
853095.1469484994
 20
-440174.0573078346
 30
0.0
 42
-0.1369436295256074
 70
     1
  0
VERTEX
  5
2CB32D
330
2CB31C
100
AcDbEntity
  8
0
100
AcDbVertex
100
AcDb2dVertex
 10
853094.568545738
 20
-440173.8958630233
 30
0.0
 42
-0.5227007244353051
  0
VERTEX
  5
2CB32E
330
2CB31C
100
AcDbEntity
  8
0
100
AcDbVertex
100
AcDb2dVertex
 10
853094.5110423244
 20
-440172.9860902121
 30
0.0
 42
0.4482412192144852
 70
     1
  0
VERTEX
  5
2CB32F
330
2CB31C
100
AcDbEntity
  8
0
100
AcDbVertex
100
AcDb2dVertex
 10
853094.568545738
 20
-440171.9850842004
 30
0.0
 42
0.4482412192143392
  0
VERTEX
  5
2CB330
330
2CB31C
100
AcDbEntity
  8
0
100
AcDbVertex
100
AcDb2dVertex
 10
853093.5675397264
 20
-440172.042587614
 30
0.0
 42
-0.5227007244354749
 70
     1
  0
VERTEX
  5
2CB331
330
2CB31C
100
AcDbEntity
  8
0
100
AcDbVertex
100
AcDb2dVertex
 10
853092.6577669157
 20
-440171.9850842004
 30
0.0
 42
-0.136943629525807
  0
VERTEX
  5
2CB332
330
2CB31C
100
AcDbEntity
  8
0
100
AcDbVertex
100
AcDb2dVertex
 10
853092.4963221044
 20
-440171.4066814396
 30
0.0
 42
-0.1369436295259948
 70
     1
  0
VERTEX
  5
2CB333
330
2CB31C
100
AcDbEntity
  8
0
100
AcDbVertex
100
AcDb2dVertex
 10
853092.6577669157
 20
-440170.8282786787
 30
0.0
 42
-0.5227007244355511
  0
VERTEX
  5
2CB334
330
2CB31C
100
AcDbEntity
  8
0
100
AcDbVertex
100
AcDb2dVertex
 10
853093.5675397264
 20
-440170.7707752652
 30
0.0
 42
0.4482412192142257
 70
     1
  0
SEQEND
  5
2CB335
330
2CB31C
100
AcDbEntity
  8
0
  0
POLYLINE
  5
2CB336
330
2D7C3A
100
AcDbEntity
  8
0
100
AcDb2dPolyline
 66
     1
 10
0.0
 20
0.0
 30
0.0
 70
     3
 40
0.0214860603461034
 41
0.0214860603461034
  0
VERTEX
  5
2CB337
330
2CB336
100
AcDbEntity
  8
0
100
AcDbVertex
100
AcDb2dVertex
 10
853114.2243365454
 20
-440170.8282786787
 30
0.0
 41
0.0214860603461035
 42
-0.4482412192140731
  0
VERTEX
  5
2CB338
330
2CB336
100
AcDbEntity
  8
0
100
AcDbVertex
100
AcDb2dVertex
 10
853114.2818399592
 20
-440169.8272726671
 30
0.0
 40
0.0214860603461035
 42
0.5227007244355947
 70
     1
  0
VERTEX
  5
2CB339
330
2CB336
100
AcDbEntity
  8
0
100
AcDbVertex
100
AcDb2dVertex
 10
853114.2243365454
 20
-440168.9174998559
 30
0.0
 41
0.0214860603461035
 42
0.1369436295261756
  0
VERTEX
  5
2CB33A
330
2CB336
100
AcDbEntity
  8
0
100
AcDbVertex
100
AcDb2dVertex
 10
853113.6459337842
 20
-440168.7560550445
 30
0.0
 40
0.0214860603461035
 42
0.1369436295261581
 70
     1
  0
VERTEX
  5
2CB33B
330
2CB336
100
AcDbEntity
  8
0
100
AcDbVertex
100
AcDb2dVertex
 10
853113.0675310235
 20
-440168.9174998559
 30
0.0
 42
0.5227007244352544
  0
VERTEX
  5
2CB33C
330
2CB336
100
AcDbEntity
  8
0
100
AcDbVertex
100
AcDb2dVertex
 10
853113.0100276099
 20
-440169.8272726671
 30
0.0
 42
-0.4482412192142792
 70
     1
  0
VERTEX
  5
2CB33D
330
2CB336
100
AcDbEntity
  8
0
100
AcDbVertex
100
AcDb2dVertex
 10
853113.0675310235
 20
-440170.8282786787
 30
0.0
 42
-0.4482412192138824
  0
VERTEX
  5
2CB33E
330
2CB336
100
AcDbEntity
  8
0
100
AcDbVertex
100
AcDb2dVertex
 10
853112.0665250119
 20
-440170.7707752652
 30
0.0
 42
0.522700724435877
 70
     1
  0
VERTEX
  5
2CB33F
330
2CB336
100
AcDbEntity
  8
0
100
AcDbVertex
100
AcDb2dVertex
 10
853111.1567522007
 20
-440170.8282786787
 30
0.0
 42
0.1369436295260004
  0
VERTEX
  5
2CB340
330
2CB336
100
AcDbEntity
  8
0
100
AcDbVertex
100
AcDb2dVertex
 10
853110.9953073892
 20
-440171.4066814396
 30
0.0
 42
0.1369436295262582
 70
     1
  0
VERTEX
  5
2CB341
330
2CB336
100
AcDbEntity
  8
0
100
AcDbVertex
100
AcDb2dVertex
 10
853111.1567522007
 20
-440171.9850842004
 30
0.0
 42
0.5227007244358011
  0
VERTEX
  5
2CB342
330
2CB336
100
AcDbEntity
  8
0
100
AcDbVertex
100
AcDb2dVertex
 10
853112.0665250119
 20
-440172.042587614
 30
0.0
 42
-0.4482412192139957
 70
     1
  0
VERTEX
  5
2CB343
330
2CB336
100
AcDbEntity
  8
0
100
AcDbVertex
100
AcDb2dVertex
 10
853113.0675310235
 20
-440171.9850842004
 30
0.0
 42
-0.4482412192140118
  0
VERTEX
  5
2CB344
330
2CB336
100
AcDbEntity
  8
0
100
AcDbVertex
100
AcDb2dVertex
 10
853113.0100276099
 20
-440172.9860902121
 30
0.0
 42
0.5227007244358805
 70
     1
  0
VERTEX
  5
2CB345
330
2CB336
100
AcDbEntity
  8
0
100
AcDbVertex
100
AcDb2dVertex
 10
853113.0675310235
 20
-440173.8958630233
 30
0.0
 42
0.1369436295258127
  0
VERTEX
  5
2CB346
330
2CB336
100
AcDbEntity
  8
0
100
AcDbVertex
100
AcDb2dVertex
 10
853113.6459337842
 20
-440174.0573078346
 30
0.0
 42
0.1369436295256074
 70
     1
  0
VERTEX
  5
2CB347
330
2CB336
100
AcDbEntity
  8
0
100
AcDbVertex
100
AcDb2dVertex
 10
853114.2243365454
 20
-440173.8958630233
 30
0.0
 42
0.5227007244353051
  0
VERTEX
  5
2CB348
330
2CB336
100
AcDbEntity
  8
0
100
AcDbVertex
100
AcDb2dVertex
 10
853114.2818399592
 20
-440172.9860902121
 30
0.0
 42
-0.4482412192144852
 70
     1
  0
VERTEX
  5
2CB349
330
2CB336
100
AcDbEntity
  8
0
100
AcDbVertex
100
AcDb2dVertex
 10
853114.2243365454
 20
-440171.9850842004
 30
0.0
 42
-0.4482412192143392
  0
VERTEX
  5
2CB34A
330
2CB336
100
AcDbEntity
  8
0
100
AcDbVertex
100
AcDb2dVertex
 10
853115.2253425572
 20
-440172.042587614
 30
0.0
 42
0.5227007244354749
 70
     1
  0
VERTEX
  5
2CB34B
330
2CB336
100
AcDbEntity
  8
0
100
AcDbVertex
100
AcDb2dVertex
 10
853116.1351153684
 20
-440171.9850842004
 30
0.0
 42
0.136943629525807
  0
VERTEX
  5
2CB34C
330
2CB336
100
AcDbEntity
  8
0
100
AcDbVertex
100
AcDb2dVertex
 10
853116.2965601799
 20
-440171.4066814396
 30
0.0
 42
0.1369436295259948
 70
     1
  0
VERTEX
  5
2CB34D
330
2CB336
100
AcDbEntity
  8
0
100
AcDbVertex
100
AcDb2dVertex
 10
853116.1351153684
 20
-440170.8282786787
 30
0.0
 42
0.5227007244355511
  0
VERTEX
  5
2CB34E
330
2CB336
100
AcDbEntity
  8
0
100
AcDbVertex
100
AcDb2dVertex
 10
853115.2253425572
 20
-440170.7707752652
 30
0.0
 42
-0.4482412192142257
 70
     1
  0
SEQEND
  5
2CB34F
330
2CB336
100
AcDbEntity
  8
0
  0
POLYLINE
  5
2CB350
330
2D7C3A
100
AcDbEntity
  8
0
100
AcDb2dPolyline
 66
     1
 10
0.0
 20
0.0
 30
0.0
 70
     3
 40
0.0214860603461034
 41
0.0214860603461034
  0
VERTEX
  5
2CB351
330
2CB350
100
AcDbEntity
  8
0
100
AcDbVertex
100
AcDb2dVertex
 10
853114.2243365454
 20
-440109.2693128076
 30
0.0
 41
0.0214860603461035
 42
0.4482412192140731
  0
VERTEX
  5
2CB352
330
2CB350
100
AcDbEntity
  8
0
100
AcDbVertex
100
AcDb2dVertex
 10
853114.2818399592
 20
-440110.2703188193
 30
0.0
 40
0.0214860603461035
 42
-0.5227007244355947
 70
     1
  0
VERTEX
  5
2CB353
330
2CB350
100
AcDbEntity
  8
0
100
AcDbVertex
100
AcDb2dVertex
 10
853114.2243365454
 20
-440111.1800916305
 30
0.0
 41
0.0214860603461035
 42
-0.1369436295261756
  0
VERTEX
  5
2CB354
330
2CB350
100
AcDbEntity
  8
0
100
AcDbVertex
100
AcDb2dVertex
 10
853113.6459337842
 20
-440111.3415364419
 30
0.0
 40
0.0214860603461035
 42
-0.1369436295261581
 70
     1
  0
VERTEX
  5
2CB355
330
2CB350
100
AcDbEntity
  8
0
100
AcDbVertex
100
AcDb2dVertex
 10
853113.0675310235
 20
-440111.1800916305
 30
0.0
 42
-0.5227007244352544
  0
VERTEX
  5
2CB356
330
2CB350
100
AcDbEntity
  8
0
100
AcDbVertex
100
AcDb2dVertex
 10
853113.0100276099
 20
-440110.2703188193
 30
0.0
 42
0.4482412192142792
 70
     1
  0
VERTEX
  5
2CB357
330
2CB350
100
AcDbEntity
  8
0
100
AcDbVertex
100
AcDb2dVertex
 10
853113.0675310235
 20
-440109.2693128076
 30
0.0
 42
0.4482412192138824
  0
VERTEX
  5
2CB358
330
2CB350
100
AcDbEntity
  8
0
100
AcDbVertex
100
AcDb2dVertex
 10
853112.0665250119
 20
-440109.3268162212
 30
0.0
 42
-0.522700724435877
 70
     1
  0
VERTEX
  5
2CB359
330
2CB350
100
AcDbEntity
  8
0
100
AcDbVertex
100
AcDb2dVertex
 10
853111.1567522007
 20
-440109.2693128076
 30
0.0
 42
-0.1369436295260004
  0
VERTEX
  5
2CB35A
330
2CB350
100
AcDbEntity
  8
0
100
AcDbVertex
100
AcDb2dVertex
 10
853110.9953073892
 20
-440108.6909100468
 30
0.0
 42
-0.1369436295262582
 70
     1
  0
VERTEX
  5
2CB35B
330
2CB350
100
AcDbEntity
  8
0
100
AcDbVertex
100
AcDb2dVertex
 10
853111.1567522007
 20
-440108.112507286
 30
0.0
 42
-0.5227007244358011
  0
VERTEX
  5
2CB35C
330
2CB350
100
AcDbEntity
  8
0
100
AcDbVertex
100
AcDb2dVertex
 10
853112.0665250119
 20
-440108.0550038724
 30
0.0
 42
0.4482412192139957
 70
     1
  0
VERTEX
  5
2CB35D
330
2CB350
100
AcDbEntity
  8
0
100
AcDbVertex
100
AcDb2dVertex
 10
853113.0675310235
 20
-440108.112507286
 30
0.0
 42
0.4482412192140118
  0
VERTEX
  5
2CB35E
330
2CB350
100
AcDbEntity
  8
0
100
AcDbVertex
100
AcDb2dVertex
 10
853113.0100276099
 20
-440107.1115012743
 30
0.0
 42
-0.5227007244358805
 70
     1
  0
VERTEX
  5
2CB35F
330
2CB350
100
AcDbEntity
  8
0
100
AcDbVertex
100
AcDb2dVertex
 10
853113.0675310235
 20
-440106.2017284631
 30
0.0
 42
-0.1369436295258127
  0
VERTEX
  5
2CB360
330
2CB350
100
AcDbEntity
  8
0
100
AcDbVertex
100
AcDb2dVertex
 10
853113.6459337842
 20
-440106.0402836518
 30
0.0
 42
-0.1369436295256074
 70
     1
  0
VERTEX
  5
2CB361
330
2CB350
100
AcDbEntity
  8
0
100
AcDbVertex
100
AcDb2dVertex
 10
853114.2243365454
 20
-440106.2017284631
 30
0.0
 42
-0.5227007244353051
  0
VERTEX
  5
2CB362
330
2CB350
100
AcDbEntity
  8
0
100
AcDbVertex
100
AcDb2dVertex
 10
853114.2818399592
 20
-440107.1115012743
 30
0.0
 42
0.4482412192144852
 70
     1
  0
VERTEX
  5
2CB363
330
2CB350
100
AcDbEntity
  8
0
100
AcDbVertex
100
AcDb2dVertex
 10
853114.2243365454
 20
-440108.112507286
 30
0.0
 42
0.4482412192143392
  0
VERTEX
  5
2CB364
330
2CB350
100
AcDbEntity
  8
0
100
AcDbVertex
100
AcDb2dVertex
 10
853115.2253425572
 20
-440108.0550038724
 30
0.0
 42
-0.5227007244354749
 70
     1
  0
VERTEX
  5
2CB365
330
2CB350
100
AcDbEntity
  8
0
100
AcDbVertex
100
AcDb2dVertex
 10
853116.1351153684
 20
-440108.112507286
 30
0.0
 42
-0.136943629525807
  0
VERTEX
  5
2CB366
330
2CB350
100
AcDbEntity
  8
0
100
AcDbVertex
100
AcDb2dVertex
 10
853116.2965601799
 20
-440108.6909100468
 30
0.0
 42
-0.1369436295259948
 70
     1
  0
VERTEX
  5
2CB367
330
2CB350
100
AcDbEntity
  8
0
100
AcDbVertex
100
AcDb2dVertex
 10
853116.1351153684
 20
-440109.2693128076
 30
0.0
 42
-0.5227007244355511
  0
VERTEX
  5
2CB368
330
2CB350
100
AcDbEntity
  8
0
100
AcDbVertex
100
AcDb2dVertex
 10
853115.2253425572
 20
-440109.3268162212
 30
0.0
 42
0.4482412192142257
 70
     1
  0
SEQEND
  5
2CB369
330
2CB350
100
AcDbEntity
  8
0
  0
POLYLINE
  5
2CB36A
330
2D7C3A
100
AcDbEntity
  8
0
100
AcDb2dPolyline
 66
     1
 10
0.0
 20
0.0
 30
0.0
 70
     3
 40
0.0214860603461034
 41
0.0214860603461034
  0
VERTEX
  5
2CB36B
330
2CB36A
100
AcDbEntity
  8
0
100
AcDbVertex
100
AcDb2dVertex
 10
853094.568545738
 20
-440109.2693128076
 30
0.0
 41
0.0214860603461035
 42
-0.4482412192140731
  0
VERTEX
  5
2CB36C
330
2CB36A
100
AcDbEntity
  8
0
100
AcDbVertex
100
AcDb2dVertex
 10
853094.5110423244
 20
-440110.2703188193
 30
0.0
 40
0.0214860603461035
 42
0.5227007244355947
 70
     1
  0
VERTEX
  5
2CB36D
330
2CB36A
100
AcDbEntity
  8
0
100
AcDbVertex
100
AcDb2dVertex
 10
853094.568545738
 20
-440111.1800916305
 30
0.0
 41
0.0214860603461035
 42
0.1369436295261756
  0
VERTEX
  5
2CB36E
330
2CB36A
100
AcDbEntity
  8
0
100
AcDbVertex
100
AcDb2dVertex
 10
853095.1469484994
 20
-440111.3415364419
 30
0.0
 40
0.0214860603461035
 42
0.1369436295261581
 70
     1
  0
VERTEX
  5
2CB36F
330
2CB36A
100
AcDbEntity
  8
0
100
AcDbVertex
100
AcDb2dVertex
 10
853095.7253512601
 20
-440111.1800916305
 30
0.0
 42
0.5227007244352544
  0
VERTEX
  5
2CB370
330
2CB36A
100
AcDbEntity
  8
0
100
AcDbVertex
100
AcDb2dVertex
 10
853095.7828546737
 20
-440110.2703188193
 30
0.0
 42
-0.4482412192142792
 70
     1
  0
VERTEX
  5
2CB371
330
2CB36A
100
AcDbEntity
  8
0
100
AcDbVertex
100
AcDb2dVertex
 10
853095.7253512601
 20
-440109.2693128076
 30
0.0
 42
-0.4482412192138824
  0
VERTEX
  5
2CB372
330
2CB36A
100
AcDbEntity
  8
0
100
AcDbVertex
100
AcDb2dVertex
 10
853096.7263572717
 20
-440109.3268162212
 30
0.0
 42
0.522700724435877
 70
     1
  0
VERTEX
  5
2CB373
330
2CB36A
100
AcDbEntity
  8
0
100
AcDbVertex
100
AcDb2dVertex
 10
853097.6361300828
 20
-440109.2693128076
 30
0.0
 42
0.1369436295260004
  0
VERTEX
  5
2CB374
330
2CB36A
100
AcDbEntity
  8
0
100
AcDbVertex
100
AcDb2dVertex
 10
853097.7975748944
 20
-440108.6909100468
 30
0.0
 42
0.1369436295262582
 70
     1
  0
VERTEX
  5
2CB375
330
2CB36A
100
AcDbEntity
  8
0
100
AcDbVertex
100
AcDb2dVertex
 10
853097.6361300828
 20
-440108.112507286
 30
0.0
 42
0.5227007244358011
  0
VERTEX
  5
2CB376
330
2CB36A
100
AcDbEntity
  8
0
100
AcDbVertex
100
AcDb2dVertex
 10
853096.7263572717
 20
-440108.0550038724
 30
0.0
 42
-0.4482412192139957
 70
     1
  0
VERTEX
  5
2CB377
330
2CB36A
100
AcDbEntity
  8
0
100
AcDbVertex
100
AcDb2dVertex
 10
853095.7253512601
 20
-440108.112507286
 30
0.0
 42
-0.4482412192140118
  0
VERTEX
  5
2CB378
330
2CB36A
100
AcDbEntity
  8
0
100
AcDbVertex
100
AcDb2dVertex
 10
853095.7828546737
 20
-440107.1115012743
 30
0.0
 42
0.5227007244358805
 70
     1
  0
VERTEX
  5
2CB379
330
2CB36A
100
AcDbEntity
  8
0
100
AcDbVertex
100
AcDb2dVertex
 10
853095.7253512601
 20
-440106.2017284631
 30
0.0
 42
0.1369436295258127
  0
VERTEX
  5
2CB37A
330
2CB36A
100
AcDbEntity
  8
0
100
AcDbVertex
100
AcDb2dVertex
 10
853095.1469484994
 20
-440106.0402836518
 30
0.0
 42
0.1369436295256074
 70
     1
  0
VERTEX
  5
2CB37B
330
2CB36A
100
AcDbEntity
  8
0
100
AcDbVertex
100
AcDb2dVertex
 10
853094.568545738
 20
-440106.2017284631
 30
0.0
 42
0.5227007244353051
  0
VERTEX
  5
2CB37C
330
2CB36A
100
AcDbEntity
  8
0
100
AcDbVertex
100
AcDb2dVertex
 10
853094.5110423244
 20
-440107.1115012743
 30
0.0
 42
-0.4482412192144852
 70
     1
  0
VERTEX
  5
2CB37D
330
2CB36A
100
AcDbEntity
  8
0
100
AcDbVertex
100
AcDb2dVertex
 10
853094.568545738
 20
-440108.112507286
 30
0.0
 42
-0.4482412192143392
  0
VERTEX
  5
2CB37E
330
2CB36A
100
AcDbEntity
  8
0
100
AcDbVertex
100
AcDb2dVertex
 10
853093.5675397264
 20
-440108.0550038724
 30
0.0
 42
0.5227007244354749
 70
     1
  0
VERTEX
  5
2CB37F
330
2CB36A
100
AcDbEntity
  8
0
100
AcDbVertex
100
AcDb2dVertex
 10
853092.6577669157
 20
-440108.112507286
 30
0.0
 42
0.136943629525807
  0
VERTEX
  5
2CB380
330
2CB36A
100
AcDbEntity
  8
0
100
AcDbVertex
100
AcDb2dVertex
 10
853092.4963221044
 20
-440108.6909100468
 30
0.0
 42
0.1369436295259948
 70
     1
  0
VERTEX
  5
2CB381
330
2CB36A
100
AcDbEntity
  8
0
100
AcDbVertex
100
AcDb2dVertex
 10
853092.6577669157
 20
-440109.2693128076
 30
0.0
 42
0.5227007244355511
  0
VERTEX
  5
2CB382
330
2CB36A
100
AcDbEntity
  8
0
100
AcDbVertex
100
AcDb2dVertex
 10
853093.5675397264
 20
-440109.3268162212
 30
0.0
 42
-0.4482412192142257
 70
     1
  0
SEQEND
  5
2CB383
330
2CB36A
100
AcDbEntity
  8
0
  0
POLYLINE
  5
2CB384
330
2D7C3A
100
AcDbEntity
  8
0
100
AcDb2dPolyline
 66
     1
 10
0.0
 20
0.0
 30
0.0
 70
     3
 40
0.0214860603461034
 41
0.0214860603461034
  0
VERTEX
  5
2CB385
330
2CB384
100
AcDbEntity
  8
0
100
AcDbVertex
100
AcDb2dVertex
 10
853078.2243365457
 20
-440170.8282786787
 30
0.0
 41
0.0214860603461035
 42
-0.4482412192140731
  0
VERTEX
  5
2CB386
330
2CB384
100
AcDbEntity
  8
0
100
AcDbVertex
100
AcDb2dVertex
 10
853078.2818399591
 20
-440169.8272726671
 30
0.0
 40
0.0214860603461035
 42
0.5227007244355947
 70
     1
  0
VERTEX
  5
2CB387
330
2CB384
100
AcDbEntity
  8
0
100
AcDbVertex
100
AcDb2dVertex
 10
853078.2243365457
 20
-440168.9174998559
 30
0.0
 41
0.0214860603461035
 42
0.1369436295261756
  0
VERTEX
  5
2CB388
330
2CB384
100
AcDbEntity
  8
0
100
AcDbVertex
100
AcDb2dVertex
 10
853077.6459337847
 20
-440168.7560550445
 30
0.0
 40
0.0214860603461035
 42
0.1369436295261581
 70
     1
  0
VERTEX
  5
2CB389
330
2CB384
100
AcDbEntity
  8
0
100
AcDbVertex
100
AcDb2dVertex
 10
853077.0675310234
 20
-440168.9174998559
 30
0.0
 42
0.5227007244352544
  0
VERTEX
  5
2CB38A
330
2CB384
100
AcDbEntity
  8
0
100
AcDbVertex
100
AcDb2dVertex
 10
853077.0100276098
 20
-440169.8272726671
 30
0.0
 42
-0.4482412192142792
 70
     1
  0
VERTEX
  5
2CB38B
330
2CB384
100
AcDbEntity
  8
0
100
AcDbVertex
100
AcDb2dVertex
 10
853077.0675310234
 20
-440170.8282786787
 30
0.0
 42
-0.4482412192138824
  0
VERTEX
  5
2CB38C
330
2CB384
100
AcDbEntity
  8
0
100
AcDbVertex
100
AcDb2dVertex
 10
853076.0665250118
 20
-440170.7707752652
 30
0.0
 42
0.522700724435877
 70
     1
  0
VERTEX
  5
2CB38D
330
2CB384
100
AcDbEntity
  8
0
100
AcDbVertex
100
AcDb2dVertex
 10
853075.156752201
 20
-440170.8282786787
 30
0.0
 42
0.1369436295260004
  0
VERTEX
  5
2CB38E
330
2CB384
100
AcDbEntity
  8
0
100
AcDbVertex
100
AcDb2dVertex
 10
853074.9953073897
 20
-440171.4066814396
 30
0.0
 42
0.1369436295262582
 70
     1
  0
VERTEX
  5
2CB38F
330
2CB384
100
AcDbEntity
  8
0
100
AcDbVertex
100
AcDb2dVertex
 10
853075.156752201
 20
-440171.9850842004
 30
0.0
 42
0.5227007244358011
  0
VERTEX
  5
2CB390
330
2CB384
100
AcDbEntity
  8
0
100
AcDbVertex
100
AcDb2dVertex
 10
853076.0665250118
 20
-440172.042587614
 30
0.0
 42
-0.4482412192139957
 70
     1
  0
VERTEX
  5
2CB391
330
2CB384
100
AcDbEntity
  8
0
100
AcDbVertex
100
AcDb2dVertex
 10
853077.0675310234
 20
-440171.9850842004
 30
0.0
 42
-0.4482412192140118
  0
VERTEX
  5
2CB392
330
2CB384
100
AcDbEntity
  8
0
100
AcDbVertex
100
AcDb2dVertex
 10
853077.0100276098
 20
-440172.9860902121
 30
0.0
 42
0.5227007244358805
 70
     1
  0
VERTEX
  5
2CB393
330
2CB384
100
AcDbEntity
  8
0
100
AcDbVertex
100
AcDb2dVertex
 10
853077.0675310234
 20
-440173.8958630233
 30
0.0
 42
0.1369436295258127
  0
VERTEX
  5
2CB394
330
2CB384
100
AcDbEntity
  8
0
100
AcDbVertex
100
AcDb2dVertex
 10
853077.6459337847
 20
-440174.0573078346
 30
0.0
 42
0.1369436295256074
 70
     1
  0
VERTEX
  5
2CB395
330
2CB384
100
AcDbEntity
  8
0
100
AcDbVertex
100
AcDb2dVertex
 10
853078.2243365457
 20
-440173.8958630233
 30
0.0
 42
0.5227007244353051
  0
VERTEX
  5
2CB396
330
2CB384
100
AcDbEntity
  8
0
100
AcDbVertex
100
AcDb2dVertex
 10
853078.2818399591
 20
-440172.9860902121
 30
0.0
 42
-0.4482412192144852
 70
     1
  0
VERTEX
  5
2CB397
330
2CB384
100
AcDbEntity
  8
0
100
AcDbVertex
100
AcDb2dVertex
 10
853078.2243365457
 20
-440171.9850842004
 30
0.0
 42
-0.4482412192143392
  0
VERTEX
  5
2CB398
330
2CB384
100
AcDbEntity
  8
0
100
AcDbVertex
100
AcDb2dVertex
 10
853079.2253425573
 20
-440172.042587614
 30
0.0
 42
0.5227007244354749
 70
     1
  0
VERTEX
  5
2CB399
330
2CB384
100
AcDbEntity
  8
0
100
AcDbVertex
100
AcDb2dVertex
 10
853080.1351153682
 20
-440171.9850842004
 30
0.0
 42
0.136943629525807
  0
VERTEX
  5
2CB39A
330
2CB384
100
AcDbEntity
  8
0
100
AcDbVertex
100
AcDb2dVertex
 10
853080.2965601798
 20
-440171.4066814396
 30
0.0
 42
0.1369436295259948
 70
     1
  0
VERTEX
  5
2CB39B
330
2CB384
100
AcDbEntity
  8
0
100
AcDbVertex
100
AcDb2dVertex
 10
853080.1351153682
 20
-440170.8282786787
 30
0.0
 42
0.5227007244355511
  0
VERTEX
  5
2CB39C
330
2CB384
100
AcDbEntity
  8
0
100
AcDbVertex
100
AcDb2dVertex
 10
853079.2253425573
 20
-440170.7707752652
 30
0.0
 42
-0.4482412192142257
 70
     1
  0
SEQEND
  5
2CB39D
330
2CB384
100
AcDbEntity
  8
0
  0
LINE
  5
2CB39E
330
2D7C3A
100
AcDbEntity
  8
0
100
AcDbLine
 10
853140.3964411417
 20
-440180.5487957433
 30
0.0
 11
853068.3964411419
 21
-440180.5487957433
 31
0.0
  0
LINE
  5
2CB39F
330
2D7C3A
100
AcDbEntity
  8
0
100
AcDbLine
 10
853138.9441924629
 20
-440121.8298212508
 30
0.0
 11
853074.9138090191
 21
-440121.8298212508
 31
0.0
  0
LINE
  5
2CB3A0
330
2D7C3A
100
AcDbEntity
  8
0
100
AcDbLine
 10
853074.9138090191
 20
-440125.5205481797
 30
0.0
 11
853138.9441924629
 21
-440125.5205481797
 31
0.0
  0
POLYLINE
  5
2CB3A1
330
2D7C3A
100
AcDbEntity
  8
0
100
AcDb2dPolyline
 66
     1
 10
0.0
 20
0.0
 30
0.0
 70
     3
 40
0.0214860603461034
 41
0.0214860603461034
  0
VERTEX
  5
2CB3A2
330
2CB3A1
100
AcDbEntity
  8
0
100
AcDbVertex
100
AcDb2dVertex
 10
853078.2243365457
 20
-440109.2693128076
 30
0.0
 41
0.0214860603461035
 42
0.4482412192140731
  0
VERTEX
  5
2CB3A3
330
2CB3A1
100
AcDbEntity
  8
0
100
AcDbVertex
100
AcDb2dVertex
 10
853078.2818399591
 20
-440110.2703188193
 30
0.0
 40
0.0214860603461035
 42
-0.5227007244355947
 70
     1
  0
VERTEX
  5
2CB3A4
330
2CB3A1
100
AcDbEntity
  8
0
100
AcDbVertex
100
AcDb2dVertex
 10
853078.2243365457
 20
-440111.1800916305
 30
0.0
 41
0.0214860603461035
 42
-0.1369436295261756
  0
VERTEX
  5
2CB3A5
330
2CB3A1
100
AcDbEntity
  8
0
100
AcDbVertex
100
AcDb2dVertex
 10
853077.6459337847
 20
-440111.3415364419
 30
0.0
 40
0.0214860603461035
 42
-0.1369436295261581
 70
     1
  0
VERTEX
  5
2CB3A6
330
2CB3A1
100
AcDbEntity
  8
0
100
AcDbVertex
100
AcDb2dVertex
 10
853077.0675310234
 20
-440111.1800916305
 30
0.0
 42
-0.5227007244352544
  0
VERTEX
  5
2CB3A7
330
2CB3A1
100
AcDbEntity
  8
0
100
AcDbVertex
100
AcDb2dVertex
 10
853077.0100276098
 20
-440110.2703188193
 30
0.0
 42
0.4482412192142792
 70
     1
  0
VERTEX
  5
2CB3A8
330
2CB3A1
100
AcDbEntity
  8
0
100
AcDbVertex
100
AcDb2dVertex
 10
853077.0675310234
 20
-440109.2693128076
 30
0.0
 42
0.4482412192138824
  0
VERTEX
  5
2CB3A9
330
2CB3A1
100
AcDbEntity
  8
0
100
AcDbVertex
100
AcDb2dVertex
 10
853076.0665250118
 20
-440109.3268162212
 30
0.0
 42
-0.522700724435877
 70
     1
  0
VERTEX
  5
2CB3AA
330
2CB3A1
100
AcDbEntity
  8
0
100
AcDbVertex
100
AcDb2dVertex
 10
853075.156752201
 20
-440109.2693128076
 30
0.0
 42
-0.1369436295260004
  0
VERTEX
  5
2CB3AB
330
2CB3A1
100
AcDbEntity
  8
0
100
AcDbVertex
100
AcDb2dVertex
 10
853074.9953073897
 20
-440108.6909100468
 30
0.0
 42
-0.1369436295262582
 70
     1
  0
VERTEX
  5
2CB3AC
330
2CB3A1
100
AcDbEntity
  8
0
100
AcDbVertex
100
AcDb2dVertex
 10
853075.156752201
 20
-440108.112507286
 30
0.0
 42
-0.5227007244358011
  0
VERTEX
  5
2CB3AD
330
2CB3A1
100
AcDbEntity
  8
0
100
AcDbVertex
100
AcDb2dVertex
 10
853076.0665250118
 20
-440108.0550038724
 30
0.0
 42
0.4482412192139957
 70
     1
  0
VERTEX
  5
2CB3AE
330
2CB3A1
100
AcDbEntity
  8
0
100
AcDbVertex
100
AcDb2dVertex
 10
853077.0675310234
 20
-440108.112507286
 30
0.0
 42
0.4482412192140118
  0
VERTEX
  5
2CB3AF
330
2CB3A1
100
AcDbEntity
  8
0
100
AcDbVertex
100
AcDb2dVertex
 10
853077.0100276098
 20
-440107.1115012743
 30
0.0
 42
-0.5227007244358805
 70
     1
  0
VERTEX
  5
2CB3B0
330
2CB3A1
100
AcDbEntity
  8
0
100
AcDbVertex
100
AcDb2dVertex
 10
853077.0675310234
 20
-440106.2017284631
 30
0.0
 42
-0.1369436295258127
  0
VERTEX
  5
2CB3B1
330
2CB3A1
100
AcDbEntity
  8
0
100
AcDbVertex
100
AcDb2dVertex
 10
853077.6459337847
 20
-440106.0402836518
 30
0.0
 42
-0.1369436295256074
 70
     1
  0
VERTEX
  5
2CB3B2
330
2CB3A1
100
AcDbEntity
  8
0
100
AcDbVertex
100
AcDb2dVertex
 10
853078.2243365457
 20
-440106.2017284631
 30
0.0
 42
-0.5227007244353051
  0
VERTEX
  5
2CB3B3
330
2CB3A1
100
AcDbEntity
  8
0
100
AcDbVertex
100
AcDb2dVertex
 10
853078.2818399591
 20
-440107.1115012743
 30
0.0
 42
0.4482412192144852
 70
     1
  0
VERTEX
  5
2CB3B4
330
2CB3A1
100
AcDbEntity
  8
0
100
AcDbVertex
100
AcDb2dVertex
 10
853078.2243365457
 20
-440108.112507286
 30
0.0
 42
0.4482412192143392
  0
VERTEX
  5
2CB3B5
330
2CB3A1
100
AcDbEntity
  8
0
100
AcDbVertex
100
AcDb2dVertex
 10
853079.2253425573
 20
-440108.0550038724
 30
0.0
 42
-0.5227007244354749
 70
     1
  0
VERTEX
  5
2CB3B6
330
2CB3A1
100
AcDbEntity
  8
0
100
AcDbVertex
100
AcDb2dVertex
 10
853080.1351153682
 20
-440108.112507286
 30
0.0
 42
-0.136943629525807
  0
VERTEX
  5
2CB3B7
330
2CB3A1
100
AcDbEntity
  8
0
100
AcDbVertex
100
AcDb2dVertex
 10
853080.2965601798
 20
-440108.6909100468
 30
0.0
 42
-0.1369436295259948
 70
     1
  0
VERTEX
  5
2CB3B8
330
2CB3A1
100
AcDbEntity
  8
0
100
AcDbVertex
100
AcDb2dVertex
 10
853080.1351153682
 20
-440109.2693128076
 30
0.0
 42
-0.5227007244355511
  0
VERTEX
  5
2CB3B9
330
2CB3A1
100
AcDbEntity
  8
0
100
AcDbVertex
100
AcDb2dVertex
 10
853079.2253425573
 20
-440109.3268162212
 30
0.0
 42
0.4482412192142257
 70
     1
  0
SEQEND
  5
2CB3BA
330
2CB3A1
100
AcDbEntity
  8
0
  0
LINE
  5
2CB3BB
330
2D7C3A
100
AcDbEntity
  8
0
100
AcDbLine
 10
853068.3964411419
 20
-440099.5487957433
 30
0.0
 11
853140.3964411417
 21
-440099.5487957433
 31
0.0
  0
TEXT
  5
2CB3BC
330
2D7C3A
100
AcDbEntity
  8
0
100
AcDbText
 10
853074.5508802331
 20
-440121.0821874144
 30
0.0
 40
3.735953964848107
  1
MERLIN GERIN
 41
0.5
  7
STYLE1
100
AcDbText
  0
TEXT
  5
2CB3BD
330
2D7C3A
100
AcDbEntity
  8
0
100
AcDbText
 10
853075.5941592664
 20
-440124.3395901977
 30
0.0
 40
1.556647485353376
  1
MULTI 9
  7
STYLE1
100
AcDbText
  0
ATTDEF
  5
2CB3BE
330
2D7C3A
100
AcDbEntity
  8
0
 62
     7
100
AcDbText
 10
853069.2346964828
 20
-440139.2435990858
 30
0.0
 40
5.0
  1
C25
 41
0.75
  7
ROMAND
100
AcDbAttributeDefinition
280
     0
  3
Corriente Nominal In (A) :  
  2
C10
 70
     0
280
     0
  0
ATTDEF
  5
2CB3BF
330
2D7C3A
100
AcDbEntity
  8
0
 62
     7
100
AcDbText
 10
853069.1641469463
 20
-440132.9265185299
 30
0.0
 40
6.0
  1
C60N
 41
0.72
  7
ROMAND
100
AcDbAttributeDefinition
280
     0
  3
Interruptor Termomagnetico C60N 3P 
  2
C60N
 70
     0
280
     0
  0
ARC
  5
2CB3C0
330
2D7C3A
100
AcDbEntity
  8
0
100
AcDbCircle
 10
853094.911822542
 20
-440154.8976433844
 30
0.0
 40
25.30420688225275
100
AcDbArc
 50
167.2782924437376
 51
192.7217075615518
  0
LINE
  5
2CB3C1
330
2D7C3A
100
AcDbEntity
  8
0
100
AcDbLine
 10
853099.0259683823
 20
-440184.1803775424
 30
0.0
 11
853109.7669139015
 21
-440184.1803775424
 31
0.0
  0
LINE
  5
2CB3C2
330
2D7C3A
100
AcDbEntity
  8
0
100
AcDbLine
 10
853109.7669139015
 20
-440180.5487957433
 30
0.0
 11
853099.0259683823
 21
-440180.5487957433
 31
0.0
  0
LINE
  5
2CB3C3
330
2D7C3A
100
AcDbEntity
  8
0
100
AcDbLine
 10
853099.0259683823
 20
-440180.5487957433
 30
0.0
 11
853099.0259683823
 21
-440184.1803775424
 31
0.0
  0
LINE
  5
2CB3C4
330
2D7C3A
100
AcDbEntity
  8
0
100
AcDbLine
 10
853109.7669139015
 20
-440184.1803775424
 30
0.0
 11
853109.7669139015
 21
-440180.5487957433
 31
0.0
  0
ENDBLK
  5
2CB3C5
330
2D7C3A
100
AcDbEntity
  8
0
 62
     0
100
AcDbBlockEnd
  0
BLOCK
  5
2D7C3D
330
2D7C3C
100
AcDbEntity
  8
0
100
AcDbBlockBegin
  2
TM_TETRA_VISTA
 70
     2
 10
0.0
 20
0.0
 30
0.0
  3
TM_TETRA_VISTA
  1

  0
LINE
  5
2CB3CA
330
2D7C3C
100
AcDbEntity
  8
0
100
AcDbLine
 10
852953.5337156358
 20
-439957.3541113634
 30
0.0
 11
852889.5033321919
 21
-439957.3541113634
 31
0.0
  0
LINE
  5
2CB3CB
330
2D7C3C
100
AcDbEntity
  8
0
100
AcDbLine
 10
852889.5033321919
 20
-439961.0448382925
 30
0.0
 11
852953.5337156358
 21
-439961.0448382925
 31
0.0
  0
TEXT
  5
2CB3CC
330
2D7C3C
100
AcDbEntity
  8
0
100
AcDbText
 10
852889.1404034061
 20
-439956.606477527
 30
0.0
 40
3.735953964848107
  1
MERLIN GERIN
 41
0.5
  7
STYLE1
100
AcDbText
  0
TEXT
  5
2CB3CD
330
2D7C3C
100
AcDbEntity
  8
0
100
AcDbText
 10
852890.1836824388
 20
-439959.8638803104
 30
0.0
 40
1.556647485353376
  1
MULTI 9
  7
STYLE1
100
AcDbText
  0
ARC
  5
2CB3CE
330
2D7C3C
100
AcDbEntity
  8
0
100
AcDbCircle
 10
852928.4705829139
 20
-439990.4219334966
 30
0.0
 40
25.30420688225275
100
AcDbArc
 50
347.2782924408509
 51
12.72170755914909
  0
TEXT
  5
2CB3CF
330
2D7C3C
100
AcDbEntity
  8
0
100
AcDbText
 10
852923.1299315505
 20
-439982.151788067
 30
0.0
 40
5.0
  1
OFF
 41
0.75
100
AcDbText
  0
TEXT
  5
2CB3D0
330
2D7C3C
100
AcDbEntity
  8
0
100
AcDbText
 10
852905.1299315502
 20
-439982.151788067
 30
0.0
 40
5.0
  1
OFF
 41
0.75
100
AcDbText
  0
LWPOLYLINE
  5
2CB3D1
330
2D7C3C
100
AcDbEntity
  8
0
100
AcDbPolyline
 90
        2
 70
     0
 43
0.0
 10
852904.3408416717
 20
-439995.9943193493
 10
852904.3408416717
 20
-439998.5141114044
  0
LWPOLYLINE
  5
2CB3D2
330
2D7C3C
100
AcDbEntity
  8
0
100
AcDbPolyline
 90
        2
 70
     0
 43
0.0
 10
852915.6310869575
 20
-439998.5141114044
 10
852915.6310869575
 20
-439995.9943193493
  0
LWPOLYLINE
  5
2CB3D3
330
2D7C3C
100
AcDbEntity
  8
0
100
AcDbPolyline
 90
        2
 70
     0
 43
0.0
 10
852897.6310869579
 20
-439998.5141114044
 10
852897.6310869579
 20
-439995.9943193493
  0
LWPOLYLINE
  5
2CB3D4
330
2D7C3C
100
AcDbEntity
  8
0
100
AcDbPolyline
 90
        2
 70
     0
 43
0.0
 10
852933.6310869579
 20
-439998.5141114044
 10
852933.6310869579
 20
-439995.9943193493
  0
LWPOLYLINE
  5
2CB3D5
330
2D7C3C
100
AcDbEntity
  8
0
100
AcDbPolyline
 90
        2
 70
     0
 43
0.0
 10
852922.3408416719
 20
-439995.9943193493
 10
852922.3408416719
 20
-439998.5141114044
  0
LWPOLYLINE
  5
2CB3D6
330
2D7C3C
100
AcDbEntity
  8
0
100
AcDbPolyline
 90
        4
 70
     0
 43
0.0
 10
852933.6310869579
 20
-439984.849547644
 10
852933.6310869579
 20
-439976.2281521041
 10
852922.3408416719
 20
-439976.2281521041
 10
852922.3408416719
 20
-439984.849547644
  0
LWPOLYLINE
  5
2CB3D7
330
2D7C3C
100
AcDbEntity
  8
0
100
AcDbPolyline
 90
        4
 70
     0
 43
0.0
 10
852915.6310869575
 20
-439984.849547644
 10
852915.6310869575
 20
-439976.2281521041
 10
852904.3408416717
 20
-439976.2281521041
 10
852904.3408416717
 20
-439984.849547644
  0
LINE
  5
2CB3D8
330
2D7C3C
100
AcDbEntity
  8
0
100
AcDbLine
 10
852918.9859643144
 20
-439949.9143349407
 30
0.0
 11
852918.9859643144
 21
-439984.849547644
 31
0.0
  0
LINE
  5
2CB3D9
330
2D7C3C
100
AcDbEntity
  8
0
100
AcDbLine
 10
852900.9859643148
 20
-439949.9143349407
 30
0.0
 11
852900.9859643148
 21
-439984.849547644
 31
0.0
  0
LINE
  5
2CB3DA
330
2D7C3C
100
AcDbEntity
  8
0
100
AcDbLine
 10
852918.9859643144
 20
-440000.5141114045
 30
0.0
 11
852918.9859643144
 21
-439995.9943193493
 31
0.0
  0
LINE
  5
2CB3DB
330
2D7C3C
100
AcDbEntity
  8
0
100
AcDbLine
 10
852900.9859643151
 20
-440000.5141114045
 30
0.0
 11
852900.9859643148
 21
-439995.9943193493
 31
0.0
  0
LINE
  5
2CB3DC
330
2D7C3C
100
AcDbEntity
  8
0
100
AcDbLine
 10
852954.9859643148
 20
-439949.9143349407
 30
0.0
 11
852954.9859643148
 21
-440000.5141114045
 31
0.0
  0
LINE
  5
2CB3DD
330
2D7C3C
100
AcDbEntity
  8
0
100
AcDbLine
 10
852953.5337156358
 20
-439961.0448382925
 30
0.0
 11
852953.5337156358
 21
-439957.3541113634
 31
0.0
  0
TEXT
  5
2CB3DE
330
2D7C3C
100
AcDbEntity
  8
0
100
AcDbText
 10
852941.1299315501
 20
-439982.151788067
 30
0.0
 40
5.0
  1
OFF
 41
0.75
100
AcDbText
  0
LWPOLYLINE
  5
2CB3DF
330
2D7C3C
100
AcDbEntity
  8
0
100
AcDbPolyline
 90
        2
 70
     0
 43
0.0
 10
852951.6310869579
 20
-439998.5141114044
 10
852951.6310869579
 20
-439995.9943193493
  0
LWPOLYLINE
  5
2CB3E0
330
2D7C3C
100
AcDbEntity
  8
0
100
AcDbPolyline
 90
        2
 70
     0
 43
0.0
 10
852940.3408416717
 20
-439995.9943193493
 10
852940.3408416717
 20
-439998.5141114044
  0
LWPOLYLINE
  5
2CB3E1
330
2D7C3C
100
AcDbEntity
  8
0
100
AcDbPolyline
 90
        4
 70
     0
 43
0.0
 10
852951.6310869579
 20
-439984.849547644
 10
852951.6310869579
 20
-439976.2281521041
 10
852940.3408416717
 20
-439976.2281521041
 10
852940.3408416717
 20
-439984.849547644
  0
LINE
  5
2CB3E2
330
2D7C3C
100
AcDbEntity
  8
0
100
AcDbLine
 10
852936.9859643146
 20
-439949.9143349407
 30
0.0
 11
852936.9859643146
 21
-439984.849547644
 31
0.0
  0
LINE
  5
2CB3E3
330
2D7C3C
100
AcDbEntity
  8
0
100
AcDbLine
 10
852936.9859643146
 20
-440000.5141114045
 30
0.0
 11
852936.9859643146
 21
-439995.9943193493
 31
0.0
  0
LINE
  5
2CB3E4
330
2D7C3C
100
AcDbEntity
  8
0
100
AcDbLine
 10
852884.8183272232
 20
-439984.849547644
 30
0.0
 11
852953.1536014053
 21
-439984.849547644
 31
0.0
  0
LINE
  5
2CB3E5
330
2D7C3C
100
AcDbEntity
  8
0
100
AcDbLine
 10
852953.1536014053
 20
-439995.9943193493
 30
0.0
 11
852884.8183272229
 21
-439995.9943193493
 31
0.0
  0
LINE
  5
2CB3E6
330
2D7C3C
100
AcDbEntity
  8
0
100
AcDbLine
 10
852884.3931405107
 20
-439987.2785408451
 30
0.0
 11
852953.5787881178
 21
-439987.2785408451
 31
0.0
  0
LINE
  5
2CB3E7
330
2D7C3C
100
AcDbEntity
  8
0
100
AcDbLine
 10
852884.2150741336
 20
-439991.3744855802
 30
0.0
 11
852953.7568544947
 21
-439991.3744855802
 31
0.0
  0
TEXT
  5
2CB3E8
330
2D7C3C
100
AcDbEntity
  8
0
100
AcDbText
 10
852887.1299315506
 20
-439982.151788067
 30
0.0
 40
5.0
  1
OFF
 41
0.75
100
AcDbText
  0
LWPOLYLINE
  5
2CB3E9
330
2D7C3C
100
AcDbEntity
  8
0
100
AcDbPolyline
 90
        4
 70
     0
 43
0.0
 10
852897.6310869579
 20
-439984.849547644
 10
852897.6310869579
 20
-439976.2281521041
 10
852886.3408416716
 20
-439976.2281521041
 10
852886.3408416716
 20
-439984.849547644
  0
LINE
  5
2CB3EA
330
2D7C3C
100
AcDbEntity
  8
0
100
AcDbLine
 10
852954.9859643148
 20
-439951.9143349407
 30
0.0
 11
852882.9859643144
 21
-439951.9143349407
 31
0.0
  0
LINE
  5
2CB3EB
330
2D7C3C
100
AcDbEntity
  8
0
100
AcDbLine
 10
852954.9859643148
 20
-439975.5730858561
 30
0.0
 11
852882.9859643144
 21
-439975.5730858561
 31
0.0
  0
LINE
  5
2CB3EC
330
2D7C3C
100
AcDbEntity
  8
0
100
AcDbLine
 10
852954.9859643148
 20
-439998.5141114044
 30
0.0
 11
852882.9859643144
 21
-439998.5141114044
 31
0.0
  0
LINE
  5
2CB3ED
330
2D7C3C
100
AcDbEntity
  8
0
100
AcDbLine
 10
852882.9859643144
 20
-440000.5141114045
 30
0.0
 11
852882.9859643144
 21
-439949.9143349407
 31
0.0
  0
LINE
  5
2CB3EE
330
2D7C3C
100
AcDbEntity
  8
0
100
AcDbLine
 10
852889.5033321919
 20
-439957.3541113634
 30
0.0
 11
852889.5033321919
 21
-439961.0448382925
 31
0.0
  0
LWPOLYLINE
  5
2CB3EF
330
2D7C3C
100
AcDbEntity
  8
0
100
AcDbPolyline
 90
        4
 70
     1
 43
0.608038265582163
 10
852884.6531067014
 20
-439956.7934621289
 10
852884.6531067014
 20
-439952.9932229692
 10
852888.4533458613
 20
-439952.9932229692
 10
852888.4533458613
 20
-439956.7934621289
  0
LWPOLYLINE
  5
2CB3F0
330
2D7C3C
100
AcDbEntity
  8
0
100
AcDbPolyline
 90
        2
 70
     0
 43
0.608038265582163
 10
852886.5563195585
 20
-439959.294030423
 10
852888.4016911204
 20
-439959.294030423
  0
LWPOLYLINE
  5
2CB3F1
330
2D7C3C
100
AcDbEntity
  8
0
100
AcDbPolyline
 90
        3
 70
     0
 43
0.4940310907855075
 10
852888.4533458613
 20
-439952.9932229692
 10
852886.5532262818
 20
-439956.0748181797
 10
852884.6531067014
 20
-439952.9932229692
  0
LWPOLYLINE
  5
2CB3F2
330
2D7C3C
100
AcDbEntity
  8
0
100
AcDbPolyline
 90
        2
 70
     0
 43
0.608038265582163
 10
852886.5563195074
 20
-439957.4486588615
 42
71545538.61153501
 10
852886.5563196104
 20
-439957.4486588615
  0
LWPOLYLINE
  5
2CB3F3
330
2D7C3C
100
AcDbEntity
  8
0
100
AcDbPolyline
 90
        2
 70
     0
 43
0.0
 10
852886.3408416716
 20
-439995.9943193493
 10
852886.3408416716
 20
-439998.5141114044
  0
ARC
  5
2CB3F4
330
2D7C3C
100
AcDbEntity
  8
0
100
AcDbCircle
 10
852909.5013457151
 20
-439990.421933497
 30
0.0
 40
25.30420688225275
100
AcDbArc
 50
167.2782924437371
 51
192.7217075615514
  0
ATTDEF
  5
2CB3F5
330
2D7C3C
100
AcDbEntity
  8
0
 62
     7
100
AcDbText
 10
852883.7536701187
 20
-439968.4508086425
 30
0.0
 40
6.0
  1
C60N
 41
0.72
  7
ROMAND
100
AcDbAttributeDefinition
280
     0
  3
Interruptor Termomagnetico C60N 3P 
  2
C60N
 70
     0
280
     0
  0
ATTDEF
  5
2CB3F6
330
2D7C3C
100
AcDbEntity
  8
0
 62
     7
100
AcDbText
 10
852883.8242196547
 20
-439974.7678891983
 30
0.0
 40
5.0
  1
C25
 41
0.75
  7
ROMAND
100
AcDbAttributeDefinition
280
     0
  3
Corriente Nominal In (A) :  
  2
C10
 70
     0
280
     0
  0
LINE
  5
2CB3F7
330
2D7C3C
100
AcDbEntity
  8
0
100
AcDbLine
 10
852954.9859643148
 20
-439949.9143349407
 30
0.0
 11
852882.9859643144
 21
-439949.9143349407
 31
0.0
  0
LINE
  5
2CB3F8
330
2D7C3C
100
AcDbEntity
  8
0
100
AcDbLine
 10
852954.9859643148
 20
-440000.5141114045
 30
0.0
 11
852882.9859643144
 21
-440000.5141114045
 31
0.0
  0
ENDBLK
  5
2CB3F9
330
2D7C3C
100
AcDbEntity
  8
0
100
AcDbBlockEnd
  0
BLOCK
  5
2D7C3F
330
2D7C3E
100
AcDbEntity
  8
0
100
AcDbBlockBegin
  2
ID_TETRA_VISTA
 70
     2
 10
0.0
 20
0.0
 30
0.0
  3
ID_TETRA_VISTA
  1

  0
LINE
  5
2CB3FC
330
2D7C3E
100
AcDbEntity
  8
0
100
AcDbLine
 10
852843.8932698064
 20
-439955.7376981532
 30
0.0
 11
852771.8932698062
 21
-439955.7376981532
 31
0.0
  0
LINE
  5
2CB3FD
330
2D7C3E
100
AcDbEntity
  8
0
100
AcDbLine
 10
852843.8932698064
 20
-439957.7376981532
 30
0.0
 11
852771.8932698062
 21
-439957.7376981532
 31
0.0
  0
LINE
  5
2CB3FE
330
2D7C3E
100
AcDbEntity
  8
0
100
AcDbLine
 10
852803.5090126167
 20
-439931.9488091072
 30
0.0
 11
852833.497897051
 21
-439931.9488091072
 31
0.0
  0
LWPOLYLINE
  5
2CB3FF
330
2D7C3E
100
AcDbEntity
  8
0
100
AcDbPolyline
 90
        4
 70
     1
 43
0.6364563228368838
 10
852802.8675399495
 20
-439915.6995150311
 10
852802.8675399495
 20
-439919.3902419604
 10
852842.3181565704
 20
-439919.3902419604
 10
852842.3181565704
 20
-439915.6995150311
  0
LINE
  5
2CB400
330
2D7C3E
100
AcDbEntity
  8
0
100
AcDbLine
 10
852775.7880477428
 20
-439921.0217282297
 30
0.0
 11
852789.8070232735
 21
-439921.0217282297
 31
0.0
  0
LINE
  5
2CB401
330
2D7C3E
100
AcDbEntity
  8
0
100
AcDbLine
 10
852775.7880477428
 20
-439924.883415186
 30
0.0
 11
852789.8070232735
 21
-439924.883415186
 31
0.0
  0
LINE
  5
2CB402
330
2D7C3E
100
AcDbEntity
  8
0
100
AcDbLine
 10
852775.7880477428
 20
-439923.3224844386
 30
0.0
 11
852789.8070232735
 21
-439923.3224844386
 31
0.0
  0
SOLID
  5
2CB403
330
2D7C3E
100
AcDbEntity
  8
0
100
AcDbTrace
 10
852789.8070232735
 20
-439930.0155816628
 30
0.0
 11
852789.8070232735
 21
-439931.4797076409
 31
0.0
 12
852775.7880477428
 22
-439930.0155816628
 32
0.0
 13
852775.7880477428
 23
-439931.4797076409
 33
0.0
  0
LINE
  5
2CB404
330
2D7C3E
100
AcDbEntity
  8
0
100
AcDbLine
 10
852775.7880477428
 20
-439931.4797076409
 30
0.0
 11
852789.8070232735
 21
-439931.4797076409
 31
0.0
  0
LINE
  5
2CB405
330
2D7C3E
100
AcDbEntity
  8
0
100
AcDbLine
 10
852775.7880477428
 20
-439930.0155816628
 30
0.0
 11
852789.8070232735
 21
-439930.0155816628
 31
0.0
  0
LWPOLYLINE
  5
2CB406
330
2D7C3E
100
AcDbEntity
  8
0
100
AcDbPolyline
 90
        3
 70
     0
 43
0.0
 10
852789.8070232735
 20
-439921.0217282297
 10
852789.8070232735
 20
-439912.1845388303
 10
852775.7880477428
 20
-439912.1845388303
  0
LWPOLYLINE
  5
2CB407
330
2D7C3E
100
AcDbEntity
  8
0
100
AcDbPolyline
 90
        3
 70
     0
 43
0.0
 10
852791.6901666221
 20
-439946.9574684352
 10
852791.6901666221
 20
-439910.3013954813
 10
852773.9049043942
 20
-439910.3013954813
  0
LWPOLYLINE
  5
2CB408
330
2D7C3E
100
AcDbEntity
  8
0
100
AcDbPolyline
 90
        2
 70
     0
 43
0.0
 10
852773.9049043942
 20
-439910.3013954813
 10
852773.9049043942
 20
-439946.9574684352
  0
LWPOLYLINE
  5
2CB409
330
2D7C3E
100
AcDbEntity
  8
0
100
AcDbPolyline
 90
        2
 70
     0
 43
0.0
 10
852775.7880477428
 20
-439923.3224844386
 10
852775.7880477428
 20
-439946.9574684352
  0
TEXT
  5
2CB40A
330
2D7C3E
100
AcDbEntity
  8
0
100
AcDbText
 10
852777.8945297704
 20
-439937.1317409785
 30
0.0
 40
5.0
  1
OFF
 41
0.75
100
AcDbText
  0
LWPOLYLINE
  5
2CB40B
330
2D7C3E
100
AcDbEntity
  8
0
100
AcDbPolyline
 90
        2
 70
     0
 43
0.0
 10
852775.7880477428
 20
-439912.1845388303
 10
852775.7880477428
 20
-439921.0217282297
  0
TEXT
  5
2CB40C
330
2D7C3E
100
AcDbEntity
  8
0
100
AcDbText
 10
852780.8155297952
 20
-439919.0274076199
 30
0.0
 40
5.0
  1
T
100
AcDbText
  0
LWPOLYLINE
  5
2CB40D
330
2D7C3E
100
AcDbEntity
  8
0
100
AcDbPolyline
 90
        2
 70
     0
 43
0.0
 10
852789.8070232735
 20
-439946.9574684352
 10
852789.8070232735
 20
-439923.3224844386
  0
TEXT
  5
2CB40E
330
2D7C3E
100
AcDbEntity
  8
0
100
AcDbText
 10
852803.5478901967
 20
-439918.2092839781
 30
0.0
 40
1.556647485353376
  1
MULTI 9
  7
STYLE1
100
AcDbText
  0
TEXT
  5
2CB40F
330
2D7C3E
100
AcDbEntity
  8
0
100
AcDbText
 10
852802.5046111638
 20
-439914.9518811948
 30
0.0
 40
3.735953964848107
  1
MERLIN GERIN
 41
0.5
  7
STYLE1
100
AcDbText
  0
LWPOLYLINE
  5
2CB410
330
2D7C3E
100
AcDbEntity
  8
0
100
AcDbPolyline
 90
        2
 70
     0
 43
0.608038265582163
 10
852799.9205273166
 20
-439917.6394340909
 10
852801.7658988785
 20
-439917.6394340909
  0
LWPOLYLINE
  5
2CB411
330
2D7C3E
100
AcDbEntity
  8
0
100
AcDbPolyline
 90
        2
 70
     0
 43
0.608038265582163
 10
852799.9205272648
 20
-439915.7940625292
 42
71545538.61153501
 10
852799.920527368
 20
-439915.7940625292
  0
LWPOLYLINE
  5
2CB412
330
2D7C3E
100
AcDbEntity
  8
0
100
AcDbPolyline
 90
        3
 70
     0
 43
0.4940310907855075
 10
852801.8175536194
 20
-439911.3386266368
 10
852799.9174340394
 20
-439914.4202218478
 10
852798.0173144594
 20
-439911.3386266368
  0
LWPOLYLINE
  5
2CB413
330
2D7C3E
100
AcDbEntity
  8
0
100
AcDbPolyline
 90
        4
 70
     1
 43
0.608038265582163
 10
852798.0173144594
 20
-439915.1388657968
 10
852798.0173144594
 20
-439911.3386266368
 10
852801.8175536194
 20
-439911.3386266368
 10
852801.8175536194
 20
-439915.1388657968
  0
LWPOLYLINE
  5
2CB414
330
2D7C3E
100
AcDbEntity
  8
0
100
AcDbPolyline
 90
        4
 70
     1
 43
0.0
 10
852792.9796592834
 20
-439922.1191072028
 10
852792.9796592834
 20
-439925.9929553507
 10
852797.053555373
 20
-439925.9929553507
 10
852797.053555373
 20
-439922.1191072028
  0
LINE
  5
2CB415
330
2D7C3E
100
AcDbEntity
  8
0
100
AcDbLine
 10
852775.7880477428
 20
-439943.1244300223
 30
0.0
 11
852789.8070232735
 21
-439943.1244300223
 31
0.0
  0
LINE
  5
2CB416
330
2D7C3E
100
AcDbEntity
  8
0
100
AcDbLine
 10
852775.7880477428
 20
-439946.5428955909
 30
0.0
 11
852789.8070232735
 21
-439946.5428955909
 31
0.0
  0
LINE
  5
2CB417
330
2D7C3E
100
AcDbEntity
  8
0
100
AcDbLine
 10
852775.7880477428
 20
-439950.7630334769
 30
0.0
 11
852789.8070232735
 21
-439950.7630334769
 31
0.0
  0
LINE
  5
2CB418
330
2D7C3E
100
AcDbEntity
  8
0
100
AcDbLine
 10
852773.9049043942
 20
-439946.9574684352
 30
0.0
 11
852775.7880477428
 21
-439946.9574684352
 31
0.0
  0
LINE
  5
2CB419
330
2D7C3E
100
AcDbEntity
  8
0
100
AcDbLine
 10
852775.7880477428
 20
-439946.9574684352
 30
0.0
 11
852775.7880477428
 21
-439950.7630334769
 31
0.0
  0
LWPOLYLINE
  5
2CB41A
330
2D7C3E
100
AcDbEntity
  8
0
100
AcDbPolyline
 90
        4
 70
     1
 43
0.0
 10
852773.9049043942
 20
-439934.5204739126
 10
852773.9049043942
 20
-439941.3472038067
 10
852772.8454530333
 20
-439941.3472038067
 10
852772.8454530333
 20
-439934.5204739126
  0
SOLID
  5
2CB41B
330
2D7C3E
100
AcDbEntity
  8
0
100
AcDbTrace
 10
852772.8454530333
 20
-439934.5204739126
 30
0.0
 11
852773.9049043942
 21
-439934.5204739126
 31
0.0
 12
852772.8454530333
 22
-439941.3472038067
 32
0.0
 13
852773.9049043942
 23
-439941.3472038067
 33
0.0
  0
LINE
  5
2CB41C
330
2D7C3E
100
AcDbEntity
  8
0
100
AcDbLine
 10
852789.8070232735
 20
-439946.9574684352
 30
0.0
 11
852791.6901666221
 21
-439946.9574684352
 31
0.0
  0
LINE
  5
2CB41D
330
2D7C3E
100
AcDbEntity
  8
0
100
AcDbLine
 10
852789.8070232735
 20
-439946.9574684352
 30
0.0
 11
852789.8070232735
 21
-439950.7630334769
 31
0.0
  0
SOLID
  5
2CB41E
330
2D7C3E
100
AcDbEntity
  8
0
100
AcDbTrace
 10
852792.749617984
 20
-439934.5204739126
 30
0.0
 11
852791.6901666221
 21
-439934.5204739126
 31
0.0
 12
852792.749617984
 22
-439941.3472038067
 32
0.0
 13
852791.6901666221
 23
-439941.3472038067
 33
0.0
  0
LWPOLYLINE
  5
2CB41F
330
2D7C3E
100
AcDbEntity
  8
0
100
AcDbPolyline
 90
        4
 70
     1
 43
0.0
 10
852791.6901666221
 20
-439934.5204739126
 10
852791.6901666221
 20
-439941.3472038067
 10
852792.749617984
 20
-439941.3472038067
 10
852792.749617984
 20
-439934.5204739126
  0
LINE
  5
2CB420
330
2D7C3E
100
AcDbEntity
  8
0
100
AcDbLine
 10
852843.8932698064
 20
-439907.1379216896
 30
0.0
 11
852843.8932698064
 21
-439957.7376981532
 31
0.0
  0
LINE
  5
2CB421
330
2D7C3E
100
AcDbEntity
  8
0
100
AcDbLine
 10
852771.8932698062
 20
-439957.7376981532
 30
0.0
 11
852771.8932698062
 21
-439907.1379216896
 31
0.0
  0
LINE
  5
2CB422
330
2D7C3E
100
AcDbEntity
  8
0
100
AcDbLine
 10
852843.8932698064
 20
-439909.1379216895
 30
0.0
 11
852771.8932698062
 21
-439909.1379216895
 31
0.0
  0
LINE
  5
2CB423
330
2D7C3E
100
AcDbEntity
  8
0
100
AcDbLine
 10
852843.8932698064
 20
-439907.1379216896
 30
0.0
 11
852771.8932698062
 21
-439907.1379216896
 31
0.0
  0
ATTDEF
  5
2CB424
330
2D7C3E
100
AcDbEntity
  8
0
 62
     7
100
AcDbText
 10
852803.2838654068
 20
-439938.2037851061
 30
0.0
 40
5.0
  1
25A 
 41
0.75
  7
ROMAND
100
AcDbAttributeDefinition
280
     0
  3
Corriente Nominal In (A) :  
  2
25A
 70
     0
280
     0
  0
ATTDEF
  5
2CB425
330
2D7C3E
100
AcDbEntity
  8
0
 62
     7
100
AcDbText
 10
852802.9499926905
 20
-439930.4821821861
 30
0.0
 40
6.0
  1
ID
  7
ROMAND
100
AcDbAttributeDefinition
280
     0
  3
Interruptor Diferencial ID
  2
ID
 70
     0
280
     0
  0
ENDBLK
  5
2CB426
330
2D7C3E
100
AcDbEntity
  8
0
100
AcDbBlockEnd
  0
BLOCK
  5
2D7C41
330
2D7C40
100
AcDbEntity
  8
0
100
AcDbBlockBegin
  2
ID_BIP_VISTA
 70
     2
 10
0.0
 20
0.0
 30
0.0
  3
ID_BIP_VISTA
  1

  0
LINE
  5
2CB429
330
2D7C40
100
AcDbEntity
  8
0
100
AcDbLine
 10
852919.7880477429
 20
-439822.5076287488
 30
0.0
 11
852933.8070232734
 21
-439822.5076287488
 31
0.0
  0
LINE
  5
2CB42A
330
2D7C40
100
AcDbEntity
  8
0
100
AcDbLine
 10
852919.7880477429
 20
-439817.375462272
 30
0.0
 11
852933.8070232734
 21
-439817.375462272
 31
0.0
  0
LINE
  5
2CB42B
330
2D7C40
100
AcDbEntity
  8
0
100
AcDbLine
 10
852919.7880477429
 20
-439815.8145315249
 30
0.0
 11
852933.8070232734
 21
-439815.8145315249
 31
0.0
  0
LINE
  5
2CB42C
330
2D7C40
100
AcDbEntity
  8
0
100
AcDbLine
 10
852919.7880477429
 20
-439813.5137753159
 30
0.0
 11
852933.8070232734
 21
-439813.5137753159
 31
0.0
  0
TEXT
  5
2CB42D
330
2D7C40
100
AcDbEntity
  8
0
100
AcDbText
 10
852924.8155297954
 20
-439811.519454706
 30
0.0
 40
5.0
  1
T
100
AcDbText
  0
ARC
  5
2CB42E
330
2D7C40
100
AcDbEntity
  8
0
100
AcDbCircle
 10
852938.2270579842
 20
-439813.1515036516
 30
0.0
 40
1.39009343622543
100
AcDbArc
 50
90.00000160082555
 51
89.99999839917441
  0
LINE
  5
2CB42F
330
2D7C40
100
AcDbEntity
  8
0
100
AcDbLine
 10
852938.2270579842
 20
-439813.1515036034
 30
0.0
 11
852939.6171513724
 21
-439813.1515036034
 31
0.0
  0
LINE
  5
2CB430
330
2D7C40
100
AcDbEntity
  8
0
100
AcDbLine
 10
852938.2247278602
 20
-439810.7265146492
 30
0.0
 11
852936.7933935324
 21
-439808.4051907406
 31
0.0
  0
LINE
  5
2CB431
330
2D7C40
100
AcDbEntity
  8
0
100
AcDbLine
 10
852939.6560621881
 20
-439811.2678593967
 30
0.0
 11
852936.7933935324
 21
-439811.2678593967
 31
0.0
  0
LINE
  5
2CB432
330
2D7C40
100
AcDbEntity
  8
0
100
AcDbLine
 10
852936.7933935324
 20
-439808.4051907406
 30
0.0
 11
852939.6560621881
 21
-439808.4051907406
 31
0.0
  0
LINE
  5
2CB433
330
2D7C40
100
AcDbEntity
  8
0
100
AcDbLine
 10
852936.7933935324
 20
-439811.2678593967
 30
0.0
 11
852936.7933935324
 21
-439808.4051907406
 31
0.0
  0
LINE
  5
2CB434
330
2D7C40
100
AcDbEntity
  8
0
100
AcDbLine
 10
852939.6560621881
 20
-439808.4051907406
 30
0.0
 11
852938.2247278602
 21
-439810.7265146492
 31
0.0
  0
LINE
  5
2CB435
330
2D7C40
100
AcDbEntity
  8
0
100
AcDbLine
 10
852939.6560621881
 20
-439808.4051907406
 30
0.0
 11
852939.6560621881
 21
-439811.2678593967
 31
0.0
  0
TEXT
  5
2CB436
330
2D7C40
100
AcDbEntity
  8
0
100
AcDbText
 10
852941.4389222466
 20
-439813.9702071443
 30
0.0
 40
1.431334327991343
  1
MULTI 9
 41
0.7
  7
STYLE1
100
AcDbText
  0
LINE
  5
2CB437
330
2D7C40
100
AcDbEntity
  8
0
100
AcDbLine
 10
852939.8809112057
 20
-439824.4408561935
 30
0.0
 11
852950.0809080174
 21
-439824.4408561935
 31
0.0
  0
LINE
  5
2CB438
330
2D7C40
100
AcDbEntity
  8
0
100
AcDbLine
 10
852951.977352105
 20
-439825.2887196909
 30
0.0
 11
852915.8932698059
 21
-439825.2887196909
 31
0.0
  0
SOLID
  5
2CB439
330
2D7C40
100
AcDbEntity
  8
0
100
AcDbTrace
 10
852916.845453033
 20
-439827.0125209989
 30
0.0
 11
852917.9049043944
 21
-439827.0125209989
 31
0.0
 12
852916.845453033
 22
-439833.8392508931
 32
0.0
 13
852917.9049043944
 23
-439833.8392508931
 33
0.0
  0
LINE
  5
2CB43A
330
2D7C40
100
AcDbEntity
  8
0
100
AcDbLine
 10
852919.7880477429
 20
-439838.3939044378
 30
0.0
 11
852933.8070232734
 21
-439838.3939044378
 31
0.0
  0
LINE
  5
2CB43B
330
2D7C40
100
AcDbEntity
  8
0
100
AcDbLine
 10
852919.7880477429
 20
-439834.9754388692
 30
0.0
 11
852933.8070232734
 21
-439834.9754388692
 31
0.0
  0
TEXT
  5
2CB43C
330
2D7C40
100
AcDbEntity
  8
0
100
AcDbText
 10
852921.9320868717
 20
-439829.6237880646
 30
0.0
 40
5.0
  1
OFF
 41
0.75
100
AcDbText
  0
LINE
  5
2CB43D
330
2D7C40
100
AcDbEntity
  8
0
100
AcDbLine
 10
852919.7880477429
 20
-439843.2004645446
 30
0.0
 11
852933.8070232734
 21
-439843.2004645446
 31
0.0
  0
LINE
  5
2CB43E
330
2D7C40
100
AcDbEntity
  8
0
100
AcDbLine
 10
852917.9049043944
 20
-439839.4495155215
 30
0.0
 11
852919.7880477429
 21
-439839.4495155215
 31
0.0
  0
LINE
  5
2CB43F
330
2D7C40
100
AcDbEntity
  8
0
100
AcDbLine
 10
852919.7880477429
 20
-439839.4495155215
 30
0.0
 11
852919.7880477429
 21
-439843.2004645446
 31
0.0
  0
LINE
  5
2CB440
330
2D7C40
100
AcDbEntity
  8
0
100
AcDbLine
 10
852933.8070232734
 20
-439839.4495155215
 30
0.0
 11
852935.6901666222
 21
-439839.4495155215
 31
0.0
  0
LINE
  5
2CB441
330
2D7C40
100
AcDbEntity
  8
0
100
AcDbLine
 10
852933.8070232734
 20
-439839.4495155215
 30
0.0
 11
852933.8070232734
 21
-439843.2004645446
 31
0.0
  0
SOLID
  5
2CB442
330
2D7C40
100
AcDbEntity
  8
0
100
AcDbTrace
 10
852936.7496179842
 20
-439827.0125209989
 30
0.0
 11
852935.6901666222
 21
-439827.0125209989
 31
0.0
 12
852936.7496179842
 22
-439833.8392508931
 32
0.0
 13
852935.6901666222
 23
-439833.8392508931
 33
0.0
  0
LINE
  5
2CB443
330
2D7C40
100
AcDbEntity
  8
0
100
AcDbLine
 10
852935.6901666222
 20
-439827.0125209989
 30
0.0
 11
852935.6901666222
 21
-439833.8392508931
 31
0.0
  0
LINE
  5
2CB444
330
2D7C40
100
AcDbEntity
  8
0
100
AcDbLine
 10
852935.6901666222
 20
-439833.8392508931
 30
0.0
 11
852936.7496179842
 21
-439833.8392508931
 31
0.0
  0
LINE
  5
2CB445
330
2D7C40
100
AcDbEntity
  8
0
100
AcDbLine
 10
852936.7496179842
 20
-439833.8392508931
 30
0.0
 11
852936.7496179842
 21
-439827.0125209989
 31
0.0
  0
LINE
  5
2CB446
330
2D7C40
100
AcDbEntity
  8
0
100
AcDbLine
 10
852936.7496179842
 20
-439827.0125209989
 30
0.0
 11
852935.6901666222
 21
-439827.0125209989
 31
0.0
  0
LINE
  5
2CB447
330
2D7C40
100
AcDbEntity
  8
0
100
AcDbLine
 10
852917.9049043944
 20
-439827.0125209989
 30
0.0
 11
852917.9049043944
 21
-439833.8392508931
 31
0.0
  0
LINE
  5
2CB448
330
2D7C40
100
AcDbEntity
  8
0
100
AcDbLine
 10
852917.9049043944
 20
-439833.8392508931
 30
0.0
 11
852916.845453033
 21
-439833.8392508931
 31
0.0
  0
LINE
  5
2CB449
330
2D7C40
100
AcDbEntity
  8
0
100
AcDbLine
 10
852916.845453033
 20
-439833.8392508931
 30
0.0
 11
852916.845453033
 21
-439827.0125209989
 31
0.0
  0
LINE
  5
2CB44A
330
2D7C40
100
AcDbEntity
  8
0
100
AcDbLine
 10
852916.845453033
 20
-439827.0125209989
 30
0.0
 11
852917.9049043944
 21
-439827.0125209989
 31
0.0
  0
LINE
  5
2CB44B
330
2D7C40
100
AcDbEntity
  8
0
100
AcDbLine
 10
852933.8070232734
 20
-439839.4495155215
 30
0.0
 11
852933.8070232734
 21
-439815.8145315249
 31
0.0
  0
LINE
  5
2CB44C
330
2D7C40
100
AcDbEntity
  8
0
100
AcDbLine
 10
852919.7880477429
 20
-439804.6765859167
 30
0.0
 11
852919.7880477429
 21
-439813.5137753159
 31
0.0
  0
LINE
  5
2CB44D
330
2D7C40
100
AcDbEntity
  8
0
100
AcDbLine
 10
852919.7880477429
 20
-439815.8145315249
 30
0.0
 11
852919.7880477429
 21
-439839.4495155215
 31
0.0
  0
LINE
  5
2CB44E
330
2D7C40
100
AcDbEntity
  8
0
100
AcDbLine
 10
852917.9049043944
 20
-439802.7934425678
 30
0.0
 11
852917.9049043944
 21
-439839.4495155215
 31
0.0
  0
LINE
  5
2CB44F
330
2D7C40
100
AcDbEntity
  8
0
100
AcDbLine
 10
852933.8070232734
 20
-439813.5137753159
 30
0.0
 11
852933.8070232734
 21
-439804.6765859167
 31
0.0
  0
LINE
  5
2CB450
330
2D7C40
100
AcDbEntity
  8
0
100
AcDbLine
 10
852933.8070232734
 20
-439804.6765859167
 30
0.0
 11
852919.7880477429
 21
-439804.6765859167
 31
0.0
  0
LINE
  5
2CB451
330
2D7C40
100
AcDbEntity
  8
0
100
AcDbLine
 10
852935.6901666222
 20
-439839.4495155215
 30
0.0
 11
852935.6901666222
 21
-439802.7934425678
 31
0.0
  0
LINE
  5
2CB452
330
2D7C40
100
AcDbEntity
  8
0
100
AcDbLine
 10
852935.6901666222
 20
-439802.7934425678
 30
0.0
 11
852917.9049043944
 21
-439802.7934425678
 31
0.0
  0
LINE
  5
2CB453
330
2D7C40
100
AcDbEntity
  8
0
100
AcDbLine
 10
852940.2499734633
 20
-439811.8768608552
 30
0.0
 11
852940.2499734633
 21
-439814.6166381756
 31
0.0
  0
LINE
  5
2CB454
330
2D7C40
100
AcDbEntity
  8
0
100
AcDbLine
 10
852940.2499734633
 20
-439814.6166381756
 30
0.0
 11
852950.1884123908
 21
-439814.6166381756
 31
0.0
  0
LINE
  5
2CB455
330
2D7C40
100
AcDbEntity
  8
0
100
AcDbLine
 10
852950.1884123908
 20
-439814.6166381756
 30
0.0
 11
852950.1884123908
 21
-439811.8768608552
 31
0.0
  0
LINE
  5
2CB456
330
2D7C40
100
AcDbEntity
  8
0
100
AcDbLine
 10
852950.1884123908
 20
-439811.8768608552
 30
0.0
 11
852940.2499734633
 21
-439811.8768608552
 31
0.0
  0
LINE
  5
2CB457
330
2D7C40
100
AcDbEntity
  8
0
100
AcDbLine
 10
852951.977352105
 20
-439848.2297452396
 30
0.0
 11
852915.8932698059
 21
-439848.2297452396
 31
0.0
  0
LINE
  5
2CB458
330
2D7C40
100
AcDbEntity
  8
0
100
AcDbLine
 10
852951.977352105
 20
-439850.2297452393
 30
0.0
 11
852915.8932698059
 21
-439850.2297452393
 31
0.0
  0
LINE
  5
2CB459
330
2D7C40
100
AcDbEntity
  8
0
100
AcDbLine
 10
852951.977352105
 20
-439799.6299687758
 30
0.0
 11
852951.977352105
 21
-439850.2297452393
 31
0.0
  0
LINE
  5
2CB45A
330
2D7C40
100
AcDbEntity
  8
0
100
AcDbLine
 10
852915.8932698059
 20
-439850.2297452393
 30
0.0
 11
852915.8932698059
 21
-439799.6299687758
 31
0.0
  0
LINE
  5
2CB45B
330
2D7C40
100
AcDbEntity
  8
0
100
AcDbLine
 10
852951.977352105
 20
-439801.6299687758
 30
0.0
 11
852915.8932698059
 21
-439801.6299687758
 31
0.0
  0
LINE
  5
2CB45C
330
2D7C40
100
AcDbEntity
  8
0
100
AcDbLine
 10
852951.977352105
 20
-439799.6299687758
 30
0.0
 11
852915.8932698059
 21
-439799.6299687758
 31
0.0
  0
TEXT
  5
2CB45D
330
2D7C40
100
AcDbEntity
  8
0
100
AcDbText
 10
852940.0997537067
 20
-439811.2067343316
 30
0.0
 40
3.0
  1
MERLIN GERIN
 41
0.35
  7
STYLE1
100
AcDbText
  0
SOLID
  5
2CB45E
330
2D7C40
100
AcDbEntity
  8
0
100
AcDbTrace
 10
852933.8070232734
 20
-439822.5076287488
 30
0.0
 11
852933.8070232734
 21
-439823.9717547274
 31
0.0
 12
852919.7880477429
 22
-439822.5076287488
 32
0.0
 13
852919.7880477429
 23
-439823.9717547274
 33
0.0
  0
LINE
  5
2CB45F
330
2D7C40
100
AcDbEntity
  8
0
100
AcDbLine
 10
852919.7880477429
 20
-439823.9717547274
 30
0.0
 11
852933.8070232734
 21
-439823.9717547274
 31
0.0
  0
ATTDEF
  5
2CB460
330
2D7C40
100
AcDbEntity
  8
0
 62
     1
100
AcDbText
 10
852939.6557639961
 20
-439830.6958321922
 30
0.0
 40
5.0
  1
25A 
 41
0.75
  7
ROMAND
100
AcDbAttributeDefinition
280
     0
  3
Corriente Nominal In (A) :  
  2
25A
 70
     0
280
     0
  0
ATTDEF
  5
2CB461
330
2D7C40
100
AcDbEntity
  8
0
 62
     1
100
AcDbText
 10
852939.3218912799
 20
-439822.9742292723
 30
0.0
 40
6.0
  1
ID
  7
ROMAND
100
AcDbAttributeDefinition
280
     0
  3
Interruptor Diferencial ID 2P
  2
ID
 70
     0
280
     0
  0
ENDBLK
  5
2CB462
330
2D7C40
100
AcDbEntity
  8
0
100
AcDbBlockEnd
  0
BLOCK
  5
2D7C43
330
2D7C42
100
AcDbEntity
  8
0
100
AcDbBlockBegin
  2
TM_BIP_VISTA
 70
     2
 10
0.0
 20
0.0
 30
0.0
  3
TM_BIP_VISTA
  1

  0
ARC
  5
2CB465
330
2D7C42
100
AcDbEntity
  8
0
100
AcDbCircle
 10
852961.4313104238
 20
-439829.7717694215
 30
0.0
 40
25.30420688225315
100
AcDbArc
 50
347.2782924408512
 51
12.72170755914884
  0
LINE
  5
2CB466
330
2D7C42
100
AcDbEntity
  8
0
100
AcDbLine
 10
852966.6224747478
 20
-439815.5779880291
 30
0.0
 11
852955.3322294622
 21
-439815.5779880291
 31
0.0
  0
LINE
  5
2CB467
330
2D7C42
100
AcDbEntity
  8
0
100
AcDbLine
 10
852966.6224747478
 20
-439824.1993835688
 30
0.0
 11
852966.6224747478
 21
-439815.5779880291
 31
0.0
  0
LINE
  5
2CB468
330
2D7C42
100
AcDbEntity
  8
0
100
AcDbLine
 10
852955.3322294622
 20
-439815.5779880291
 30
0.0
 11
852955.3322294622
 21
-439824.1993835688
 31
0.0
  0
LINE
  5
2CB469
330
2D7C42
100
AcDbEntity
  8
0
100
AcDbLine
 10
852984.6224747481
 20
-439815.5779880291
 30
0.0
 11
852973.3322294623
 21
-439815.5779880291
 31
0.0
  0
LINE
  5
2CB46A
330
2D7C42
100
AcDbEntity
  8
0
100
AcDbLine
 10
852966.417557922
 20
-439837.8635441612
 30
0.0
 11
852955.5371462876
 21
-439837.8635441612
 31
0.0
  0
LINE
  5
2CB46B
330
2D7C42
100
AcDbEntity
  8
0
100
AcDbLine
 10
852955.3322294622
 20
-439835.3441552743
 30
0.0
 11
852955.3322294622
 21
-439837.8639473293
 31
0.0
  0
LINE
  5
2CB46C
330
2D7C42
100
AcDbEntity
  8
0
100
AcDbLine
 10
852966.6224747478
 20
-439837.8639473293
 30
0.0
 11
852966.6224747478
 21
-439835.3441552743
 31
0.0
  0
LINE
  5
2CB46D
330
2D7C42
100
AcDbEntity
  8
0
100
AcDbLine
 10
852984.6224747481
 20
-439824.1993835688
 30
0.0
 11
852984.6224747481
 21
-439815.5779880291
 31
0.0
  0
LINE
  5
2CB46E
330
2D7C42
100
AcDbEntity
  8
0
100
AcDbLine
 10
852973.3322294623
 20
-439815.5779880291
 30
0.0
 11
852973.3322294623
 21
-439824.1993835688
 31
0.0
  0
LINE
  5
2CB46F
330
2D7C42
100
AcDbEntity
  8
0
100
AcDbLine
 10
852987.9773521049
 20
-439837.8639473293
 30
0.0
 11
852951.977352105
 21
-439837.8639473293
 31
0.0
  0
LINE
  5
2CB470
330
2D7C42
100
AcDbEntity
  8
0
100
AcDbLine
 10
852987.9773521049
 20
-439839.8639473295
 30
0.0
 11
852951.977352105
 21
-439839.8639473295
 31
0.0
  0
LINE
  5
2CB471
330
2D7C42
100
AcDbEntity
  8
0
100
AcDbLine
 10
852953.4151885817
 20
-439826.62837677
 30
0.0
 11
852986.5395156281
 21
-439826.62837677
 31
0.0
  0
LINE
  5
2CB472
330
2D7C42
100
AcDbEntity
  8
0
100
AcDbLine
 10
852953.2371222051
 20
-439830.7243215052
 30
0.0
 11
852986.7175820049
 21
-439830.7243215052
 31
0.0
  0
LINE
  5
2CB473
330
2D7C42
100
AcDbEntity
  8
0
100
AcDbLine
 10
852953.8403752942
 20
-439824.1993835688
 30
0.0
 11
852986.1143289156
 21
-439824.1993835688
 31
0.0
  0
LINE
  5
2CB474
330
2D7C42
100
AcDbEntity
  8
0
100
AcDbLine
 10
852986.1143289156
 20
-439835.3441552743
 30
0.0
 11
852953.8403752942
 21
-439835.3441552742
 31
0.0
  0
LINE
  5
2CB475
330
2D7C42
100
AcDbEntity
  8
0
100
AcDbLine
 10
852973.3322294623
 20
-439835.3441552743
 30
0.0
 11
852973.3322294623
 21
-439837.8639473293
 31
0.0
  0
LINE
  5
2CB476
330
2D7C42
100
AcDbEntity
  8
0
100
AcDbLine
 10
852984.6224747481
 20
-439837.8639473293
 30
0.0
 11
852984.6224747481
 21
-439835.3441552743
 31
0.0
  0
TEXT
  5
2CB477
330
2D7C42
100
AcDbEntity
  8
0
100
AcDbText
 10
852956.0312263082
 20
-439794.5817027812
 30
0.0
 40
2.641468430524985
  1
MERLIN GERIN
 41
0.5
  7
STYLE1
100
AcDbText
  0
TEXT
  5
2CB478
330
2D7C42
100
AcDbEntity
  8
0
100
AcDbText
 10
852957.0664258402
 20
-439797.13969453
 30
0.0
 40
1.100611846052077
  1
MULTI 9
  7
STYLE1
100
AcDbText
  0
TEXT
  5
2CB479
330
2D7C42
100
AcDbEntity
  8
0
100
AcDbText
 10
852956.1213193407
 20
-439821.501623992
 30
0.0
 40
5.0
  1
OFF
 41
0.75
100
AcDbText
  0
TEXT
  5
2CB47A
330
2D7C42
100
AcDbEntity
  8
0
100
AcDbText
 10
852974.1213193405
 20
-439821.501623992
 30
0.0
 40
5.0
  1
OFF
 41
0.75
100
AcDbText
  0
LINE
  5
2CB47B
330
2D7C42
100
AcDbEntity
  8
0
100
AcDbLine
 10
852954.5017356364
 20
-439796.4819098493
 30
0.0
 11
852955.8064869178
 21
-439796.4819098493
 31
0.0
  0
LINE
  5
2CB47C
330
2D7C42
100
AcDbEntity
  8
0
100
AcDbLine
 10
852953.1560882523
 20
-439794.7139083512
 30
0.0
 11
852953.1560882523
 21
-439792.0269877245
 31
0.0
  0
LINE
  5
2CB47D
330
2D7C42
100
AcDbEntity
  8
0
100
AcDbLine
 10
852953.1560882523
 20
-439792.0269877245
 30
0.0
 11
852955.8430088796
 21
-439792.0269877245
 31
0.0
  0
LINE
  5
2CB47E
330
2D7C42
100
AcDbEntity
  8
0
100
AcDbLine
 10
852955.8430088796
 20
-439792.0269877245
 30
0.0
 11
852955.8430088796
 21
-439794.7139083512
 31
0.0
  0
LINE
  5
2CB47F
330
2D7C42
100
AcDbEntity
  8
0
100
AcDbLine
 10
852955.8430088796
 20
-439794.7139083512
 30
0.0
 11
852953.1560882523
 21
-439794.7139083512
 31
0.0
  0
LINE
  5
2CB480
330
2D7C42
100
AcDbEntity
  8
0
100
AcDbLine
 10
852955.8430088796
 20
-439792.0269877245
 30
0.0
 11
852954.4995485663
 21
-439794.2057984219
 31
0.0
  0
LINE
  5
2CB481
330
2D7C42
100
AcDbEntity
  8
0
100
AcDbLine
 10
852954.4995485663
 20
-439794.2057984219
 30
0.0
 11
852953.1560882523
 21
-439792.0269877245
 31
0.0
  0
LINE
  5
2CB482
330
2D7C42
100
AcDbEntity
  8
0
100
AcDbLine
 10
852956.5853910852
 20
-439795.5526200929
 30
0.0
 11
852956.5853910852
 21
-439797.7198008294
 31
0.0
  0
LINE
  5
2CB483
330
2D7C42
100
AcDbEntity
  8
0
100
AcDbLine
 10
852956.5853910852
 20
-439797.7198008294
 30
0.0
 11
852986.406425254
 21
-439797.7198008294
 31
0.0
  0
LINE
  5
2CB484
330
2D7C42
100
AcDbEntity
  8
0
100
AcDbLine
 10
852986.406425254
 20
-439797.7198008294
 30
0.0
 11
852986.406425254
 21
-439795.5526200929
 31
0.0
  0
LINE
  5
2CB485
330
2D7C42
100
AcDbEntity
  8
0
100
AcDbLine
 10
852986.406425254
 20
-439795.5526200929
 30
0.0
 11
852956.5853910852
 21
-439795.5526200929
 31
0.0
  0
LINE
  5
2CB486
330
2D7C42
100
AcDbEntity
  8
0
100
AcDbLine
 10
852987.9773521049
 20
-439789.2641708657
 30
0.0
 11
852987.9773521049
 21
-439839.8639473295
 31
0.0
  0
LINE
  5
2CB487
330
2D7C42
100
AcDbEntity
  8
0
100
AcDbLine
 10
852987.9773521049
 20
-439791.2641708656
 30
0.0
 11
852951.977352105
 21
-439791.2641708656
 31
0.0
  0
LINE
  5
2CB488
330
2D7C42
100
AcDbEntity
  8
0
100
AcDbLine
 10
852987.9773521049
 20
-439789.2641708657
 30
0.0
 11
852951.977352105
 21
-439789.2641708657
 31
0.0
  0
LINE
  5
2CB489
330
2D7C42
100
AcDbEntity
  8
0
100
AcDbLine
 10
852969.977352105
 20
-439789.2641708657
 30
0.0
 11
852969.9773521048
 21
-439795.5526200929
 31
0.0
  0
LINE
  5
2CB48A
330
2D7C42
100
AcDbEntity
  8
0
100
AcDbLine
 10
852951.977352105
 20
-439839.8639473295
 30
0.0
 11
852951.977352105
 21
-439789.2641708657
 31
0.0
  0
LINE
  5
2CB48B
330
2D7C42
100
AcDbEntity
  8
0
100
AcDbLine
 10
852969.9773521048
 20
-439835.3441552743
 30
0.0
 11
852969.9773521048
 21
-439839.8639473293
 31
0.0
  0
LINE
  5
2CB48C
330
2D7C42
100
AcDbEntity
  8
0
100
AcDbLine
 10
852969.9773521048
 20
-439797.7198008294
 30
0.0
 11
852969.9773521048
 21
-439824.1993835688
 31
0.0
  0
LINE
  5
2CB48D
330
2D7C42
100
AcDbEntity
  8
0
100
AcDbLine
 10
852987.9773521049
 20
-439814.922921781
 30
0.0
 11
852951.977352105
 21
-439814.922921781
 31
0.0
  0
ARC
  5
2CB48E
330
2D7C42
100
AcDbEntity
  8
0
100
AcDbCircle
 10
852978.5233937857
 20
-439829.7717694215
 30
0.0
 40
25.30420688225315
100
AcDbArc
 50
167.2782924408511
 51
192.7217075591488
  0
ATTDEF
  5
2CB48F
330
2D7C42
100
AcDbEntity
  8
0
 62
     7
100
AcDbText
 10
852952.7450579092
 20
-439813.75886244
 30
0.0
 40
5.0
  1
C25
 41
0.75
  7
ROMAND
100
AcDbAttributeDefinition
280
     0
  3
Corriente Nominal In (A) :  
  2
C25
 70
     0
280
     0
  0
ATTDEF
  5
2CB490
330
2D7C42
100
AcDbEntity
  8
0
 62
     7
100
AcDbText
 10
852952.7450579092
 20
-439806.1962827934
 30
0.0
 40
6.0
  1
C60N
 41
0.72
  7
ROMAND
100
AcDbAttributeDefinition
280
     0
  3
Interruptor Termomagnetico C60N 2P 
  2
C60N
 70
     0
280
     0
  0
ENDBLK
  5
2CB491
330
2D7C42
100
AcDbEntity
  8
0
100
AcDbBlockEnd
  0
BLOCK
  5
2D7C45
330
2D7C44
100
AcDbEntity
  8
0
100
AcDbBlockBegin
  2
RELE_BIP_2
 70
     2
 10
0.0
 20
0.0
 30
0.0
  3
RELE_BIP_2
  1

  0
LINE
  5
2CB494
330
2D7C44
100
AcDbEntity
  8
0
100
AcDbLine
 10
853101.5809529028
 20
-439620.2075821827
 30
0.0
 11
853065.5809529028
 21
-439620.2075821827
 31
0.0
  0
LINE
  5
2CB495
330
2D7C44
100
AcDbEntity
  8
0
100
AcDbLine
 10
853065.5809529028
 20
-439603.3663330979
 30
0.0
 11
853065.5809529028
 21
-439684.3663330979
 31
0.0
  0
LINE
  5
2CB496
330
2D7C44
100
AcDbEntity
  8
0
100
AcDbLine
 10
853065.5809529028
 20
-439670.8073586466
 30
0.0
 11
853101.5809529028
 21
-439670.8073586466
 31
0.0
  0
LINE
  5
2CB497
330
2D7C44
100
AcDbEntity
  8
0
100
AcDbLine
 10
853101.5809529028
 20
-439684.3663330979
 30
0.0
 11
853101.5809529028
 21
-439603.3663330979
 31
0.0
  0
LINE
  5
2CB498
330
2D7C44
100
AcDbEntity
  8
0
100
AcDbLine
 10
853101.5809529028
 20
-439645.5074704145
 30
0.0
 11
853065.5809529028
 21
-439645.5074704145
 31
0.0
  0
ARC
  5
2CB499
330
2D7C44
100
AcDbEntity
  8
0
100
AcDbCircle
 10
853073.2781823333
 20
-439613.5617253285
 30
0.0
 40
0.6715749001822965
100
AcDbArc
 50
308.4244433267508
 51
45.00000000000492
  0
ARC
  5
2CB49A
330
2D7C44
100
AcDbEntity
  8
0
100
AcDbCircle
 10
853075.3847381868
 20
-439613.5617253285
 30
0.0
 40
0.6715749001839183
100
AcDbArc
 50
134.999999999995
 51
231.5755566732492
  0
ARC
  5
2CB49B
330
2D7C44
100
AcDbEntity
  8
0
100
AcDbCircle
 10
853075.3847381868
 20
-439613.5617253285
 30
0.0
 40
0.6715749001822965
100
AcDbArc
 50
38.42444327989322
 51
134.999999999995
  0
ARC
  5
2CB49C
330
2D7C44
100
AcDbEntity
  8
0
100
AcDbCircle
 10
853076.3457666783
 20
-439612.7993557608
 30
0.0
 40
0.5551211166812804
100
AcDbArc
 50
218.4244432798931
 51
328.8088480293979
  0
ARC
  5
2CB49D
330
2D7C44
100
AcDbEntity
  8
0
100
AcDbCircle
 10
853075.8652524324
 20
-439612.5084474015
 30
0.0
 40
1.116834222820791
100
AcDbArc
 50
328.8088480293979
 51
0.0
  0
ARC
  5
2CB49E
330
2D7C44
100
AcDbEntity
  8
0
100
AcDbCircle
 10
853075.8652524324
 20
-439612.5084474015
 30
0.0
 40
1.116834222819304
100
AcDbArc
 50
0.0
 51
31.19115197060202
  0
ARC
  5
2CB49F
330
2D7C44
100
AcDbEntity
  8
0
100
AcDbCircle
 10
853076.3457666783
 20
-439612.2175390424
 30
0.0
 40
0.5551211166865082
100
AcDbArc
 50
31.19115197060202
 51
141.5755567201067
  0
ARC
  5
2CB4A0
330
2D7C44
100
AcDbEntity
  8
0
100
AcDbCircle
 10
853075.3847381868
 20
-439611.4551694746
 30
0.0
 40
0.6715749001810682
100
AcDbArc
 50
225.0000000000049
 51
321.5755567201055
  0
ARC
  5
2CB4A1
330
2D7C44
100
AcDbEntity
  8
0
100
AcDbCircle
 10
853075.3847381868
 20
-439611.4551694746
 30
0.0
 40
0.6715749001822965
100
AcDbArc
 50
128.4244433267507
 51
225.0000000000049
  0
ARC
  5
2CB4A2
330
2D7C44
100
AcDbEntity
  8
0
100
AcDbCircle
 10
853074.6223686195
 20
-439610.494140984
 30
0.0
 40
0.5551211166869808
100
AcDbArc
 50
308.4244433267508
 51
58.80884807519279
  0
ARC
  5
2CB4A3
330
2D7C44
100
AcDbEntity
  8
0
100
AcDbCircle
 10
853074.3314602604
 20
-439610.9746552292
 30
0.0
 40
1.116834222849456
100
AcDbArc
 50
58.80884807519279
 51
90.0
  0
ARC
  5
2CB4A4
330
2D7C44
100
AcDbEntity
  8
0
100
AcDbCircle
 10
853074.3314602604
 20
-439610.9746552292
 30
0.0
 40
1.116834222822942
100
AcDbArc
 50
90.0
 51
121.1911519248072
  0
ARC
  5
2CB4A5
330
2D7C44
100
AcDbEntity
  8
0
100
AcDbCircle
 10
853074.040551901
 20
-439610.494140984
 30
0.0
 40
0.5551211166865082
100
AcDbArc
 50
121.1911519248072
 51
231.5755566732492
  0
ARC
  5
2CB4A6
330
2D7C44
100
AcDbEntity
  8
0
100
AcDbCircle
 10
853073.2781823333
 20
-439611.4551694746
 30
0.0
 40
0.6715749001839183
100
AcDbArc
 50
314.9999999999951
 51
51.57555667324924
  0
ARC
  5
2CB4A7
330
2D7C44
100
AcDbEntity
  8
0
100
AcDbCircle
 10
853073.2781823333
 20
-439611.4551694746
 30
0.0
 40
0.6715749001822965
100
AcDbArc
 50
218.4244432798931
 51
314.9999999999951
  0
ARC
  5
2CB4A8
330
2D7C44
100
AcDbEntity
  8
0
100
AcDbCircle
 10
853072.3171538424
 20
-439612.2175390424
 30
0.0
 40
0.5551211166858023
100
AcDbArc
 50
38.42444327989322
 51
148.808848029398
  0
ARC
  5
2CB4A9
330
2D7C44
100
AcDbEntity
  8
0
100
AcDbCircle
 10
853072.7976680877
 20
-439612.5084474015
 30
0.0
 40
1.116834222820791
100
AcDbArc
 50
148.808848029398
 51
180.0
  0
ARC
  5
2CB4AA
330
2D7C44
100
AcDbEntity
  8
0
100
AcDbCircle
 10
853072.7976680877
 20
-439612.5084474015
 30
0.0
 40
1.116834222819304
100
AcDbArc
 50
180.0
 51
211.191151970602
  0
ARC
  5
2CB4AB
330
2D7C44
100
AcDbEntity
  8
0
100
AcDbCircle
 10
853072.3171538424
 20
-439612.7993557608
 30
0.0
 40
0.5551211167027247
100
AcDbArc
 50
211.191151970602
 51
321.5755567201055
  0
ARC
  5
2CB4AC
330
2D7C44
100
AcDbEntity
  8
0
100
AcDbCircle
 10
853073.2781823333
 20
-439613.5617253285
 30
0.0
 40
0.6715749001810682
100
AcDbArc
 50
45.00000000000492
 51
141.5755567201067
  0
ARC
  5
2CB4AD
330
2D7C44
100
AcDbEntity
  8
0
100
AcDbCircle
 10
853074.0719087576
 20
-439612.2197004512
 30
0.0
 40
4.296321141114352
100
AcDbArc
 50
126.7353163951418
 51
274.5374186792546
  0
ARC
  5
2CB4AE
330
2D7C44
100
AcDbEntity
  8
0
100
AcDbCircle
 10
853074.6565849483
 20
-439612.1838899531
 30
0.0
 40
4.325598673770397
100
AcDbArc
 50
266.7557929295861
 51
51.97147196233692
  0
LINE
  5
2CB4AF
330
2D7C44
100
AcDbEntity
  8
0
100
AcDbLine
 10
853071.5021964311
 20
-439603.3663330979
 30
0.0
 11
853071.5021964311
 21
-439608.7765980849
 31
0.0
  0
LINE
  5
2CB4B0
330
2D7C44
100
AcDbEntity
  8
0
100
AcDbLine
 10
853077.3213862564
 20
-439608.7765980849
 30
0.0
 11
853077.3213862564
 21
-439603.3663330979
 31
0.0
  0
CIRCLE
  5
2CB4B1
330
2D7C44
100
AcDbEntity
  8
0
100
AcDbCircle
 10
853074.3578689184
 20
-439612.5042605993
 30
0.0
 40
3.297356018523212
  0
CIRCLE
  5
2CB4B2
330
2D7C44
100
AcDbEntity
  8
0
100
AcDbCircle
 10
853092.8040368873
 20
-439612.5042605993
 30
0.0
 40
3.297356018523212
  0
ARC
  5
2CB4B3
330
2D7C44
100
AcDbEntity
  8
0
100
AcDbCircle
 10
853093.8837234726
 20
-439613.5617253285
 30
0.0
 40
0.6715749001822965
100
AcDbArc
 50
134.999999999995
 51
231.5755566732492
  0
ARC
  5
2CB4B4
330
2D7C44
100
AcDbEntity
  8
0
100
AcDbCircle
 10
853091.7771676186
 20
-439613.5617253285
 30
0.0
 40
0.6715749001839183
100
AcDbArc
 50
308.4244433267508
 51
45.00000000000492
  0
ARC
  5
2CB4B5
330
2D7C44
100
AcDbEntity
  8
0
100
AcDbCircle
 10
853091.7771676186
 20
-439613.5617253285
 30
0.0
 40
0.6715749001822965
100
AcDbArc
 50
45.00000000000492
 51
141.5755567201067
  0
ARC
  5
2CB4B6
330
2D7C44
100
AcDbEntity
  8
0
100
AcDbCircle
 10
853090.8161391282
 20
-439612.7993557608
 30
0.0
 40
0.5551211166812804
100
AcDbArc
 50
211.191151970602
 51
321.5755567201055
  0
ARC
  5
2CB4B7
330
2D7C44
100
AcDbEntity
  8
0
100
AcDbCircle
 10
853091.2966533733
 20
-439612.5084474015
 30
0.0
 40
1.116834222820791
100
AcDbArc
 50
180.0
 51
211.191151970602
  0
ARC
  5
2CB4B8
330
2D7C44
100
AcDbEntity
  8
0
100
AcDbCircle
 10
853091.2966533733
 20
-439612.5084474015
 30
0.0
 40
1.116834222819304
100
AcDbArc
 50
148.808848029398
 51
180.0
  0
ARC
  5
2CB4B9
330
2D7C44
100
AcDbEntity
  8
0
100
AcDbCircle
 10
853090.8161391282
 20
-439612.2175390424
 30
0.0
 40
0.5551211166865082
100
AcDbArc
 50
38.42444327989322
 51
148.808848029398
  0
ARC
  5
2CB4BA
330
2D7C44
100
AcDbEntity
  8
0
100
AcDbCircle
 10
853091.7771676186
 20
-439611.4551694746
 30
0.0
 40
0.6715749001810682
100
AcDbArc
 50
218.4244432798931
 51
314.9999999999951
  0
ARC
  5
2CB4BB
330
2D7C44
100
AcDbEntity
  8
0
100
AcDbCircle
 10
853091.7771676186
 20
-439611.4551694746
 30
0.0
 40
0.6715749001822965
100
AcDbArc
 50
314.9999999999951
 51
51.57555667324924
  0
ARC
  5
2CB4BC
330
2D7C44
100
AcDbEntity
  8
0
100
AcDbCircle
 10
853092.5395371864
 20
-439610.494140984
 30
0.0
 40
0.5551211166869808
100
AcDbArc
 50
121.1911519248072
 51
231.5755566732492
  0
ARC
  5
2CB4BD
330
2D7C44
100
AcDbEntity
  8
0
100
AcDbCircle
 10
853092.8304455455
 20
-439610.9746552292
 30
0.0
 40
1.116834222849456
100
AcDbArc
 50
90.0
 51
121.1911519248072
  0
ARC
  5
2CB4BE
330
2D7C44
100
AcDbEntity
  8
0
100
AcDbCircle
 10
853092.8304455455
 20
-439610.9746552292
 30
0.0
 40
1.116834222822942
100
AcDbArc
 50
58.80884807519279
 51
90.0
  0
ARC
  5
2CB4BF
330
2D7C44
100
AcDbEntity
  8
0
100
AcDbCircle
 10
853093.1213539046
 20
-439610.494140984
 30
0.0
 40
0.5551211166865082
100
AcDbArc
 50
308.4244433267508
 51
58.80884807519279
  0
ARC
  5
2CB4C0
330
2D7C44
100
AcDbEntity
  8
0
100
AcDbCircle
 10
853093.8837234726
 20
-439611.4551694746
 30
0.0
 40
0.6715749001839183
100
AcDbArc
 50
128.4244433267507
 51
225.0000000000049
  0
ARC
  5
2CB4C1
330
2D7C44
100
AcDbEntity
  8
0
100
AcDbCircle
 10
853093.8837234726
 20
-439611.4551694746
 30
0.0
 40
0.6715749001822965
100
AcDbArc
 50
225.0000000000049
 51
321.5755567201055
  0
ARC
  5
2CB4C2
330
2D7C44
100
AcDbEntity
  8
0
100
AcDbCircle
 10
853094.8447519632
 20
-439612.2175390424
 30
0.0
 40
0.5551211166858023
100
AcDbArc
 50
31.19115197060202
 51
141.5755567201067
  0
ARC
  5
2CB4C3
330
2D7C44
100
AcDbEntity
  8
0
100
AcDbCircle
 10
853094.3642377177
 20
-439612.5084474015
 30
0.0
 40
1.116834222820791
100
AcDbArc
 50
0.0
 51
31.19115197060202
  0
ARC
  5
2CB4C4
330
2D7C44
100
AcDbEntity
  8
0
100
AcDbCircle
 10
853094.3642377177
 20
-439612.5084474015
 30
0.0
 40
1.116834222819304
100
AcDbArc
 50
328.8088480293979
 51
0.0
  0
ARC
  5
2CB4C5
330
2D7C44
100
AcDbEntity
  8
0
100
AcDbCircle
 10
853094.8447519632
 20
-439612.7993557608
 30
0.0
 40
0.5551211167027247
100
AcDbArc
 50
218.4244432798931
 51
328.8088480293979
  0
ARC
  5
2CB4C6
330
2D7C44
100
AcDbEntity
  8
0
100
AcDbCircle
 10
853093.8837234726
 20
-439613.5617253285
 30
0.0
 40
0.6715749001810682
100
AcDbArc
 50
38.42444327989322
 51
134.999999999995
  0
ARC
  5
2CB4C7
330
2D7C44
100
AcDbEntity
  8
0
100
AcDbCircle
 10
853093.0899970483
 20
-439612.2197004512
 30
0.0
 40
4.296321141114352
100
AcDbArc
 50
265.4625813207454
 51
53.26468360485816
  0
ARC
  5
2CB4C8
330
2D7C44
100
AcDbEntity
  8
0
100
AcDbCircle
 10
853092.5053208575
 20
-439612.1838899531
 30
0.0
 40
4.325598673770397
100
AcDbArc
 50
128.0285280376631
 51
273.244207070414
  0
LINE
  5
2CB4C9
330
2D7C44
100
AcDbEntity
  8
0
100
AcDbLine
 10
853089.8405195495
 20
-439608.7765980849
 30
0.0
 11
853089.8405195495
 21
-439603.3663330979
 31
0.0
  0
LINE
  5
2CB4CA
330
2D7C44
100
AcDbEntity
  8
0
100
AcDbLine
 10
853095.6597093753
 20
-439603.3663330979
 30
0.0
 11
853095.6597093753
 21
-439608.7765980849
 31
0.0
  0
CIRCLE
  5
2CB4CB
330
2D7C44
100
AcDbEntity
  8
0
100
AcDbCircle
 10
853092.8040368873
 20
-439675.2284055966
 30
0.0
 40
3.297356018523212
  0
ARC
  5
2CB4CC
330
2D7C44
100
AcDbEntity
  8
0
100
AcDbCircle
 10
853093.8837234726
 20
-439674.1709408675
 30
0.0
 40
0.6715749001822965
100
AcDbArc
 50
128.4244433267507
 51
225.0000000000049
  0
ARC
  5
2CB4CD
330
2D7C44
100
AcDbEntity
  8
0
100
AcDbCircle
 10
853093.1213539046
 20
-439673.2099123767
 30
0.0
 40
0.5551211166869808
100
AcDbArc
 50
308.4244433267508
 51
58.80884807519279
  0
ARC
  5
2CB4CE
330
2D7C44
100
AcDbEntity
  8
0
100
AcDbCircle
 10
853092.8304455455
 20
-439673.6904266218
 30
0.0
 40
1.116834222820136
100
AcDbArc
 50
58.80884807519279
 51
90.0
  0
ARC
  5
2CB4CF
330
2D7C44
100
AcDbEntity
  8
0
100
AcDbCircle
 10
853092.8304455455
 20
-439673.6904266218
 30
0.0
 40
1.116834222841134
100
AcDbArc
 50
90.0
 51
121.1911519248072
  0
ARC
  5
2CB4D0
330
2D7C44
100
AcDbEntity
  8
0
100
AcDbCircle
 10
853092.5395371864
 20
-439673.2099123767
 30
0.0
 40
0.5551211166865082
100
AcDbArc
 50
121.1911519248072
 51
231.5755566732492
  0
ARC
  5
2CB4D1
330
2D7C44
100
AcDbEntity
  8
0
100
AcDbCircle
 10
853091.7771676186
 20
-439674.1709408675
 30
0.0
 40
0.6715749001839183
100
AcDbArc
 50
314.9999999999951
 51
51.57555667324924
  0
ARC
  5
2CB4D2
330
2D7C44
100
AcDbEntity
  8
0
100
AcDbCircle
 10
853091.7771676186
 20
-439674.1709408675
 30
0.0
 40
0.6715749001822965
100
AcDbArc
 50
218.4244432798931
 51
314.9999999999951
  0
ARC
  5
2CB4D3
330
2D7C44
100
AcDbEntity
  8
0
100
AcDbCircle
 10
853090.8161391282
 20
-439674.933310435
 30
0.0
 40
0.5551211166812804
100
AcDbArc
 50
38.42444327989322
 51
148.808848029398
  0
ARC
  5
2CB4D4
330
2D7C44
100
AcDbEntity
  8
0
100
AcDbCircle
 10
853091.2966533733
 20
-439675.2242187943
 30
0.0
 40
1.116834222820791
100
AcDbArc
 50
148.808848029398
 51
180.0
  0
ARC
  5
2CB4D5
330
2D7C44
100
AcDbEntity
  8
0
100
AcDbCircle
 10
853091.2966533733
 20
-439675.2242187942
 30
0.0
 40
1.116834222819304
100
AcDbArc
 50
180.0
 51
211.191151970602
  0
ARC
  5
2CB4D6
330
2D7C44
100
AcDbEntity
  8
0
100
AcDbCircle
 10
853090.8161391282
 20
-439675.5151271536
 30
0.0
 40
0.5551211166865082
100
AcDbArc
 50
211.191151970602
 51
321.5755567201055
  0
ARC
  5
2CB4D7
330
2D7C44
100
AcDbEntity
  8
0
100
AcDbCircle
 10
853091.7771676186
 20
-439676.2774967212
 30
0.0
 40
0.6715749001810682
100
AcDbArc
 50
45.00000000000492
 51
141.5755567201067
  0
ARC
  5
2CB4D8
330
2D7C44
100
AcDbEntity
  8
0
100
AcDbCircle
 10
853091.7771676186
 20
-439676.2774967212
 30
0.0
 40
0.6715749001822965
100
AcDbArc
 50
308.4244433267508
 51
45.00000000000492
  0
ARC
  5
2CB4D9
330
2D7C44
100
AcDbEntity
  8
0
100
AcDbCircle
 10
853092.5395371864
 20
-439677.2385252121
 30
0.0
 40
0.5551211166869808
100
AcDbArc
 50
128.4244433267507
 51
238.8088480751928
  0
ARC
  5
2CB4DA
330
2D7C44
100
AcDbEntity
  8
0
100
AcDbCircle
 10
853092.8304455455
 20
-439676.7580109666
 30
0.0
 40
1.116834222849456
100
AcDbArc
 50
238.8088480751928
 51
270.0
  0
ARC
  5
2CB4DB
330
2D7C44
100
AcDbEntity
  8
0
100
AcDbCircle
 10
853092.8304455455
 20
-439676.7580109666
 30
0.0
 40
1.116834222822942
100
AcDbArc
 50
270.0
 51
301.1911519248072
  0
ARC
  5
2CB4DC
330
2D7C44
100
AcDbEntity
  8
0
100
AcDbCircle
 10
853093.1213539046
 20
-439677.2385252121
 30
0.0
 40
0.5551211166865082
100
AcDbArc
 50
301.1911519248072
 51
51.57555667324924
  0
ARC
  5
2CB4DD
330
2D7C44
100
AcDbEntity
  8
0
100
AcDbCircle
 10
853093.8837234726
 20
-439676.2774967212
 30
0.0
 40
0.6715749001839183
100
AcDbArc
 50
134.999999999995
 51
231.5755566732492
  0
ARC
  5
2CB4DE
330
2D7C44
100
AcDbEntity
  8
0
100
AcDbCircle
 10
853093.8837234726
 20
-439676.2774967212
 30
0.0
 40
0.6715749001822965
100
AcDbArc
 50
38.42444327989322
 51
134.999999999995
  0
ARC
  5
2CB4DF
330
2D7C44
100
AcDbEntity
  8
0
100
AcDbCircle
 10
853094.8447519632
 20
-439675.5151271536
 30
0.0
 40
0.5551211166858023
100
AcDbArc
 50
218.4244432798931
 51
328.8088480293979
  0
ARC
  5
2CB4E0
330
2D7C44
100
AcDbEntity
  8
0
100
AcDbCircle
 10
853094.3642377177
 20
-439675.2242187942
 30
0.0
 40
1.116834222820791
100
AcDbArc
 50
328.8088480293979
 51
0.0
  0
ARC
  5
2CB4E1
330
2D7C44
100
AcDbEntity
  8
0
100
AcDbCircle
 10
853094.3642377177
 20
-439675.2242187943
 30
0.0
 40
1.116834222819304
100
AcDbArc
 50
0.0
 51
31.19115197060202
  0
ARC
  5
2CB4E2
330
2D7C44
100
AcDbEntity
  8
0
100
AcDbCircle
 10
853094.8447519632
 20
-439674.933310435
 30
0.0
 40
0.5551211167027247
100
AcDbArc
 50
31.19115197060202
 51
141.5755567201067
  0
ARC
  5
2CB4E3
330
2D7C44
100
AcDbEntity
  8
0
100
AcDbCircle
 10
853093.8837234726
 20
-439674.1709408675
 30
0.0
 40
0.6715749001810682
100
AcDbArc
 50
225.0000000000049
 51
321.5755567201055
  0
ARC
  5
2CB4E4
330
2D7C44
100
AcDbEntity
  8
0
100
AcDbCircle
 10
853093.0899970483
 20
-439675.5129657448
 30
0.0
 40
4.296321141114352
100
AcDbArc
 50
306.7353163951419
 51
94.53741867925463
  0
ARC
  5
2CB4E5
330
2D7C44
100
AcDbEntity
  8
0
100
AcDbCircle
 10
853092.5053208575
 20
-439675.5487762429
 30
0.0
 40
4.325598673770397
100
AcDbArc
 50
86.755792929586
 51
231.9714719623368
  0
LINE
  5
2CB4E6
330
2D7C44
100
AcDbEntity
  8
0
100
AcDbLine
 10
853095.6597093753
 20
-439684.3663330979
 30
0.0
 11
853095.6597093753
 21
-439678.9560681114
 31
0.0
  0
LINE
  5
2CB4E7
330
2D7C44
100
AcDbEntity
  8
0
100
AcDbLine
 10
853089.8405195495
 20
-439678.9560681114
 30
0.0
 11
853089.8405195495
 21
-439684.3663330979
 31
0.0
  0
CIRCLE
  5
2CB4E8
330
2D7C44
100
AcDbEntity
  8
0
100
AcDbCircle
 10
853074.3578689184
 20
-439675.2284055966
 30
0.0
 40
3.297356018523212
  0
ARC
  5
2CB4E9
330
2D7C44
100
AcDbEntity
  8
0
100
AcDbCircle
 10
853073.2781823333
 20
-439674.1709408675
 30
0.0
 40
0.6715749001822965
100
AcDbArc
 50
314.9999999999951
 51
51.57555667324924
  0
ARC
  5
2CB4EA
330
2D7C44
100
AcDbEntity
  8
0
100
AcDbCircle
 10
853074.040551901
 20
-439673.2099123767
 30
0.0
 40
0.5551211166869808
100
AcDbArc
 50
121.1911519248072
 51
231.5755566732492
  0
ARC
  5
2CB4EB
330
2D7C44
100
AcDbEntity
  8
0
100
AcDbCircle
 10
853074.3314602604
 20
-439673.6904266218
 30
0.0
 40
1.116834222820136
100
AcDbArc
 50
90.0
 51
121.1911519248072
  0
ARC
  5
2CB4EC
330
2D7C44
100
AcDbEntity
  8
0
100
AcDbCircle
 10
853074.3314602604
 20
-439673.6904266218
 30
0.0
 40
1.116834222841134
100
AcDbArc
 50
58.80884807519279
 51
90.0
  0
ARC
  5
2CB4ED
330
2D7C44
100
AcDbEntity
  8
0
100
AcDbCircle
 10
853074.6223686195
 20
-439673.2099123767
 30
0.0
 40
0.5551211166865082
100
AcDbArc
 50
308.4244433267508
 51
58.80884807519279
  0
ARC
  5
2CB4EE
330
2D7C44
100
AcDbEntity
  8
0
100
AcDbCircle
 10
853075.3847381868
 20
-439674.1709408675
 30
0.0
 40
0.6715749001839183
100
AcDbArc
 50
128.4244433267507
 51
225.0000000000049
  0
ARC
  5
2CB4EF
330
2D7C44
100
AcDbEntity
  8
0
100
AcDbCircle
 10
853075.3847381868
 20
-439674.1709408675
 30
0.0
 40
0.6715749001822965
100
AcDbArc
 50
225.0000000000049
 51
321.5755567201055
  0
ARC
  5
2CB4F0
330
2D7C44
100
AcDbEntity
  8
0
100
AcDbCircle
 10
853076.3457666783
 20
-439674.933310435
 30
0.0
 40
0.5551211166812804
100
AcDbArc
 50
31.19115197060202
 51
141.5755567201067
  0
ARC
  5
2CB4F1
330
2D7C44
100
AcDbEntity
  8
0
100
AcDbCircle
 10
853075.8652524324
 20
-439675.2242187943
 30
0.0
 40
1.116834222820791
100
AcDbArc
 50
0.0
 51
31.19115197060202
  0
ARC
  5
2CB4F2
330
2D7C44
100
AcDbEntity
  8
0
100
AcDbCircle
 10
853075.8652524324
 20
-439675.2242187942
 30
0.0
 40
1.116834222819304
100
AcDbArc
 50
328.8088480293979
 51
0.0
  0
ARC
  5
2CB4F3
330
2D7C44
100
AcDbEntity
  8
0
100
AcDbCircle
 10
853076.3457666783
 20
-439675.5151271536
 30
0.0
 40
0.5551211166865082
100
AcDbArc
 50
218.4244432798931
 51
328.8088480293979
  0
ARC
  5
2CB4F4
330
2D7C44
100
AcDbEntity
  8
0
100
AcDbCircle
 10
853075.3847381868
 20
-439676.2774967212
 30
0.0
 40
0.6715749001810682
100
AcDbArc
 50
38.42444327989322
 51
134.999999999995
  0
ARC
  5
2CB4F5
330
2D7C44
100
AcDbEntity
  8
0
100
AcDbCircle
 10
853075.3847381868
 20
-439676.2774967212
 30
0.0
 40
0.6715749001822965
100
AcDbArc
 50
134.999999999995
 51
231.5755566732492
  0
ARC
  5
2CB4F6
330
2D7C44
100
AcDbEntity
  8
0
100
AcDbCircle
 10
853074.6223686195
 20
-439677.2385252121
 30
0.0
 40
0.5551211166869808
100
AcDbArc
 50
301.1911519248072
 51
51.57555667324924
  0
ARC
  5
2CB4F7
330
2D7C44
100
AcDbEntity
  8
0
100
AcDbCircle
 10
853074.3314602604
 20
-439676.7580109666
 30
0.0
 40
1.116834222849456
100
AcDbArc
 50
270.0
 51
301.1911519248072
  0
ARC
  5
2CB4F8
330
2D7C44
100
AcDbEntity
  8
0
100
AcDbCircle
 10
853074.3314602604
 20
-439676.7580109666
 30
0.0
 40
1.116834222822942
100
AcDbArc
 50
238.8088480751928
 51
270.0
  0
ARC
  5
2CB4F9
330
2D7C44
100
AcDbEntity
  8
0
100
AcDbCircle
 10
853074.040551901
 20
-439677.2385252121
 30
0.0
 40
0.5551211166865082
100
AcDbArc
 50
128.4244433267507
 51
238.8088480751928
  0
ARC
  5
2CB4FA
330
2D7C44
100
AcDbEntity
  8
0
100
AcDbCircle
 10
853073.2781823333
 20
-439676.2774967212
 30
0.0
 40
0.6715749001839183
100
AcDbArc
 50
308.4244433267508
 51
45.00000000000492
  0
ARC
  5
2CB4FB
330
2D7C44
100
AcDbEntity
  8
0
100
AcDbCircle
 10
853073.2781823333
 20
-439676.2774967212
 30
0.0
 40
0.6715749001822965
100
AcDbArc
 50
45.00000000000492
 51
141.5755567201067
  0
ARC
  5
2CB4FC
330
2D7C44
100
AcDbEntity
  8
0
100
AcDbCircle
 10
853072.3171538424
 20
-439675.5151271536
 30
0.0
 40
0.5551211166858023
100
AcDbArc
 50
211.191151970602
 51
321.5755567201055
  0
ARC
  5
2CB4FD
330
2D7C44
100
AcDbEntity
  8
0
100
AcDbCircle
 10
853072.7976680877
 20
-439675.2242187942
 30
0.0
 40
1.116834222820791
100
AcDbArc
 50
180.0
 51
211.191151970602
  0
ARC
  5
2CB4FE
330
2D7C44
100
AcDbEntity
  8
0
100
AcDbCircle
 10
853072.7976680877
 20
-439675.2242187943
 30
0.0
 40
1.116834222819304
100
AcDbArc
 50
148.808848029398
 51
180.0
  0
ARC
  5
2CB4FF
330
2D7C44
100
AcDbEntity
  8
0
100
AcDbCircle
 10
853072.3171538424
 20
-439674.933310435
 30
0.0
 40
0.5551211167027247
100
AcDbArc
 50
38.42444327989322
 51
148.808848029398
  0
ARC
  5
2CB500
330
2D7C44
100
AcDbEntity
  8
0
100
AcDbCircle
 10
853073.2781823333
 20
-439674.1709408675
 30
0.0
 40
0.6715749001810682
100
AcDbArc
 50
218.4244432798931
 51
314.9999999999951
  0
ARC
  5
2CB501
330
2D7C44
100
AcDbEntity
  8
0
100
AcDbCircle
 10
853074.0719087576
 20
-439675.5129657448
 30
0.0
 40
4.296321141114352
100
AcDbArc
 50
85.46258132074539
 51
233.2646836048581
  0
ARC
  5
2CB502
330
2D7C44
100
AcDbEntity
  8
0
100
AcDbCircle
 10
853074.6565849483
 20
-439675.5487762429
 30
0.0
 40
4.325598673770397
100
AcDbArc
 50
308.0285280376632
 51
93.24420707041401
  0
LINE
  5
2CB503
330
2D7C44
100
AcDbEntity
  8
0
100
AcDbLine
 10
853071.5021964311
 20
-439684.4592087744
 30
0.0
 11
853071.5021964311
 21
-439678.9560681114
 31
0.0
  0
LINE
  5
2CB504
330
2D7C44
100
AcDbEntity
  8
0
100
AcDbLine
 10
853077.3213862564
 20
-439678.9560681114
 30
0.0
 11
853077.3213862564
 21
-439684.3663330979
 31
0.0
  0
LINE
  5
2CB505
330
2D7C44
100
AcDbEntity
  8
0
100
AcDbLine
 10
853083.5809529028
 20
-439603.3663330979
 30
0.0
 11
853083.5809529028
 21
-439620.2075821827
 31
0.0
  0
LINE
  5
2CB506
330
2D7C44
100
AcDbEntity
  8
0
100
AcDbLine
 10
853101.5809529028
 20
-439684.3663330979
 30
0.0
 11
853065.5809529028
 21
-439684.3663330979
 31
0.0
  0
LINE
  5
2CB507
330
2D7C44
100
AcDbEntity
  8
0
100
AcDbLine
 10
853065.5809529028
 20
-439603.3663330979
 30
0.0
 11
853101.5809529028
 21
-439603.3663330979
 31
0.0
  0
LINE
  5
2CB508
330
2D7C44
100
AcDbEntity
  8
0
100
AcDbLine
 10
853078.2104801431
 20
-439684.3663330979
 30
0.0
 11
853078.2104801431
 21
-439687.997914897
 31
0.0
  0
LINE
  5
2CB509
330
2D7C44
100
AcDbEntity
  8
0
100
AcDbLine
 10
853078.2104801431
 20
-439687.997914897
 30
0.0
 11
853088.9514256626
 21
-439687.997914897
 31
0.0
  0
LINE
  5
2CB50A
330
2D7C44
100
AcDbEntity
  8
0
100
AcDbLine
 10
853088.9514256626
 20
-439687.997914897
 30
0.0
 11
853088.9514256626
 21
-439684.3663330979
 31
0.0
  0
LINE
  5
2CB50B
330
2D7C44
100
AcDbEntity
  8
0
100
AcDbLine
 10
853088.9514256626
 20
-439684.3663330979
 30
0.0
 11
853078.2104801431
 21
-439684.3663330979
 31
0.0
  0
LINE
  5
2CB50C
330
2D7C44
100
AcDbEntity
  8
0
100
AcDbLine
 10
853083.5809529028
 20
-439670.8073586466
 30
0.0
 11
853083.5809529028
 21
-439684.3663330979
 31
0.0
  0
ATTDEF
  5
2CB50D
330
2D7C44
100
AcDbEntity
  8
0
100
AcDbText
 10
853071.1289547541
 20
-439660.946614057
 30
0.0
 40
5.0
  1
RELE-R1
 41
0.75
  7
ROMAND
100
AcDbAttributeDefinition
280
     0
  3
Corriente Nominal In (A) :  
  2
RELE
 70
     0
280
     0
  0
ENDBLK
  5
2CB50E
330
2D7C44
100
AcDbEntity
  8
0
100
AcDbBlockEnd
  0
BLOCK
  5
2D7C47
330
2D7C46
100
AcDbEntity
  8
0
100
AcDbBlockBegin
  2
SECCIONADORA_FTE
 70
     0
 10
0.0
 20
0.0
 30
0.0
  3
SECCIONADORA_FTE
  1

  0
LINE
  5
2CB511
330
2D7C46
100
AcDbEntity
  8
0
100
AcDbLine
 10
853535.2182151507
 20
-437294.0790811
 30
0.0000000000000156
 11
853535.2182151507
 21
-437303.0790811003
 31
0.0000000000000156
210
0.0
220
1.0
230
0.0
  0
LINE
  5
2CB512
330
2D7C46
100
AcDbEntity
  8
0
100
AcDbLine
 10
853525.2182151507
 20
-437303.0790811003
 30
0.0000000000000144
 11
853525.2182151507
 21
-437294.0790811
 31
0.0000000000000144
210
0.0
220
1.0
230
0.0
  0
LINE
  5
2CB513
330
2D7C46
100
AcDbEntity
  8
0
100
AcDbLine
 10
853513.7334502996
 20
-437299.6984672361
 30
0.000000000000013
 11
853513.9682151511
 21
-437303.0790811003
 31
0.000000000000013
210
0.0
220
1.0
230
0.0
  0
LINE
  5
2CB514
330
2D7C46
100
AcDbEntity
  8
0
100
AcDbLine
 10
853511.4682151506
 20
-437303.0790811003
 30
0.0000000000000127
 11
853511.7029800026
 21
-437299.6984672361
 31
0.0000000000000127
210
0.0
220
1.0
230
0.0
  0
LINE
  5
2CB515
330
2D7C46
100
AcDbEntity
  8
0
100
AcDbLine
 10
853500.2182151508
 20
-437294.0790811
 30
0.0000000000000113
 11
853500.2182151508
 21
-437303.0790811003
 31
0.0000000000000113
210
0.0
220
1.0
230
0.0
  0
LINE
  5
2CB516
330
2D7C46
100
AcDbEntity
  8
0
100
AcDbLine
 10
853490.2182151508
 20
-437303.0790811003
 30
0.0000000000000101
 11
853490.2182151508
 21
-437294.0790811
 31
0.0000000000000101
210
0.0
220
1.0
230
0.0
  0
LINE
  5
2CB517
330
2D7C46
100
AcDbEntity
  8
0
100
AcDbLine
 10
853478.7334502993
 20
-437299.6984672361
 30
0.0000000000000087
 11
853478.9682151508
 21
-437303.0790811003
 31
0.0000000000000087
210
0.0
220
1.0
230
0.0
  0
LINE
  5
2CB518
330
2D7C46
100
AcDbEntity
  8
0
100
AcDbLine
 10
853476.4682151509
 20
-437303.0790811003
 30
0.0000000000000084
 11
853476.7029800024
 21
-437299.6984672361
 31
0.0000000000000084
210
0.0
220
1.0
230
0.0
  0
LINE
  5
2CB519
330
2D7C46
100
AcDbEntity
  8
0
100
AcDbLine
 10
853465.2182151509
 20
-437294.0790811
 30
0.000000000000007
 11
853465.2182151509
 21
-437303.0790811003
 31
0.000000000000007
210
0.0
220
1.0
230
0.0
  0
LINE
  5
2CB51A
330
2D7C46
100
AcDbEntity
  8
0
100
AcDbLine
 10
853455.2182151507
 20
-437303.0790811003
 30
0.0000000000000058
 11
853455.2182151507
 21
-437294.0790811
 31
0.0000000000000058
210
0.0
220
1.0
230
0.0
  0
LINE
  5
2CB51B
330
2D7C46
100
AcDbEntity
  8
0
100
AcDbLine
 10
853443.7334502992
 20
-437299.6984672361
 30
0.0000000000000044
 11
853443.9682151505
 21
-437303.0790811003
 31
0.0000000000000044
210
0.0
220
1.0
230
0.0
  0
LINE
  5
2CB51C
330
2D7C46
100
AcDbEntity
  8
0
100
AcDbLine
 10
853441.4682151506
 20
-437303.0790811003
 30
0.0000000000000041
 11
853441.7029800023
 21
-437299.6984672361
 31
0.0000000000000042
210
0.0
220
1.0
230
0.0
  0
LINE
  5
2CB51D
330
2D7C46
100
AcDbEntity
  8
0
100
AcDbLine
 10
853430.2182151506
 20
-437294.0790811
 30
0.0000000000000028
 11
853430.2182151506
 21
-437303.0790811003
 31
0.0000000000000028
210
0.0
220
1.0
230
0.0
  0
LINE
  5
2CB51E
330
2D7C46
100
AcDbEntity
  8
0
100
AcDbLine
 10
853420.2182151508
 20
-437303.0790811003
 30
0.0000000000000015
 11
853420.2182151508
 21
-437294.0790811
 31
0.0000000000000015
210
0.0
220
1.0
230
0.0
  0
LINE
  5
2CB51F
330
2D7C46
100
AcDbEntity
  8
0
100
AcDbLine
 10
853547.7182151508
 20
-437303.0790811003
 30
0.0000000000000168
 11
853407.7182151506
 21
-437303.0790811003
 31
0.0000000000000001
210
0.0
220
1.0
230
0.0
  0
LINE
  5
2CB520
330
2D7C46
100
AcDbEntity
  8
0
100
AcDbLine
 10
853541.5682151507
 20
-437276.4790810999
 30
0.0000000000000164
 11
853413.8682151509
 21
-437276.4790810999
 31
0.0000000000000008
210
0.0
220
1.0
230
0.0
  0
LINE
  5
2CB521
330
2D7C46
100
AcDbEntity
  8
0
100
AcDbLine
 10
853413.8682151509
 20
-437197.6790811001
 30
0.0000000000000008
 11
853541.5682151507
 21
-437197.6790811001
 31
0.0000000000000164
210
0.0
220
1.0
230
0.0
  0
ARC
  5
2CB522
330
2D7C46
100
AcDbEntity
  8
0
100
AcDbCircle
 10
853425.2182151508
 20
-437294.0790811
 30
-0.0000000000000075
 40
5.0
100
AcDbArc
 50
0.0
 51
180.0
  0
ARC
  5
2CB523
330
2D7C46
100
AcDbEntity
  8
0
100
AcDbCircle
 10
853425.2182151508
 20
-437180.0790811001
 30
-0.0000000000000075
 40
5.0
100
AcDbArc
 50
180.0
 51
0.0
  0
LINE
  5
2CB524
330
2D7C46
100
AcDbEntity
  8
0
100
AcDbLine
 10
853407.7182151506
 20
-437187.5790811002
 30
0.0
 11
853437.9682151508
 21
-437187.5790811002
 31
0.0000000000000037
210
0.0
220
1.0
230
0.0
  0
LINE
  5
2CB525
330
2D7C46
100
AcDbEntity
  8
0
100
AcDbLine
 10
853437.9682151508
 20
-437286.5790811002
 30
0.0000000000000037
 11
853407.7182151506
 21
-437286.5790811002
 31
0.0000000000000001
210
0.0
220
1.0
230
0.0
  0
LINE
  5
2CB526
330
2D7C46
100
AcDbEntity
  8
0
100
AcDbLine
 10
853413.8682151509
 20
-437276.4790810999
 30
0.0000000000000008
 11
853413.8682151509
 21
-437197.6790811001
 31
0.0000000000000008
210
0.0
220
1.0
230
0.0
  0
LINE
  5
2CB527
330
2D7C46
100
AcDbEntity
  8
0
100
AcDbLine
 10
853407.7182151506
 20
-437171.0790811002
 30
0.0
 11
853407.7182151506
 21
-437303.0790811003
 31
0.0000000000000001
210
0.0
220
1.0
230
0.0
  0
LINE
  5
2CB528
330
2D7C46
100
AcDbEntity
  8
0
100
AcDbLine
 10
853420.2182151508
 20
-437180.0790811001
 30
0.0000000000000015
 11
853420.2182151508
 21
-437171.0790811002
 31
0.0000000000000015
210
0.0
220
1.0
230
0.0
  0
ARC
  5
2CB529
330
2D7C46
100
AcDbEntity
  8
0
100
AcDbCircle
 10
853495.2182151506
 20
-437294.0790811
 30
-0.0000000000000075
 40
5.0
100
AcDbArc
 50
0.0
 51
180.0
  0
ARC
  5
2CB52A
330
2D7C46
100
AcDbEntity
  8
0
100
AcDbCircle
 10
853502.3151609403
 20
-437300.0937044564
 30
-0.0000000000000075
 40
51.1566031780261
100
AcDbArc
 50
72.0133458511214
 51
111.2862566715189
  0
ARC
  5
2CB52B
330
2D7C46
100
AcDbEntity
  8
0
100
AcDbCircle
 10
853467.1652404119
 20
-437209.6566666619
 30
-0.0000000000000075
 40
45.87113366520235
100
AcDbArc
 50
214.7588212532423
 51
291.1873073877043
  0
ARC
  5
2CB52C
330
2D7C46
100
AcDbEntity
  8
0
100
AcDbCircle
 10
853459.7182151506
 20
-437237.0790811003
 30
-0.0000000000000075
 40
25.0
100
AcDbArc
 50
193.0455083638266
 51
316.5752265398517
  0
ARC
  5
2CB52D
330
2D7C46
100
AcDbEntity
  8
0
100
AcDbCircle
 10
853460.2182151507
 20
-437294.0790811
 30
-0.0000000000000075
 40
5.0
100
AcDbArc
 50
0.0
 51
180.0
  0
CIRCLE
  5
2CB52E
330
2D7C46
100
AcDbEntity
  8
0
100
AcDbCircle
 10
853442.7182151507
 20
-437286.5790811002
 30
-0.0000000000000075
 40
2.6
  0
ARC
  5
2CB52F
330
2D7C46
100
AcDbEntity
  8
0
100
AcDbCircle
 10
853442.7182151507
 20
-437297.5790811
 30
-0.0000000000000075
 40
2.35
100
AcDbArc
 50
295.5955024661344
 51
244.4044975338655
  0
ARC
  5
2CB530
330
2D7C46
100
AcDbEntity
  8
0
100
AcDbCircle
 10
853442.7182151507
 20
-437286.5790811002
 30
-0.0000000000000075
 40
4.75
100
AcDbArc
 50
180.0
 51
359.965242105667
  0
ARC
  5
2CB531
330
2D7C46
100
AcDbEntity
  8
0
100
AcDbCircle
 10
853442.7182151507
 20
-437286.5790811002
 30
-0.0000000000000075
 40
4.75
100
AcDbArc
 50
0.0
 51
180.0
  0
ARC
  5
2CB532
330
2D7C46
100
AcDbEntity
  8
0
100
AcDbCircle
 10
853477.7182151506
 20
-437297.5790811
 30
-0.0000000000000075
 40
2.35
100
AcDbArc
 50
295.5955024661344
 51
244.4044975338655
  0
ARC
  5
2CB533
330
2D7C46
100
AcDbEntity
  8
0
100
AcDbCircle
 10
853458.6910680545
 20
-437291.8915921327
 30
-0.0000000000000075
 40
66.69863723168524
100
AcDbArc
 50
72.17502492958094
 51
99.66965827699382
  0
ARC
  5
2CB534
330
2D7C46
100
AcDbEntity
  8
0
100
AcDbCircle
 10
853459.7182151506
 20
-437237.0790811003
 30
-0.0000000000000075
 40
25.0
100
AcDbArc
 50
16.1403824389148
 51
157.9956418761475
  0
ARC
  5
2CB535
330
2D7C46
100
AcDbEntity
  8
0
100
AcDbCircle
 10
853430.6126358336
 20
-437147.5006402947
 30
-0.0000000000000075
 40
80.43017168100261
100
AcDbArc
 50
270.1823230695731
 51
282.1113517975907
  0
ARC
  5
2CB536
330
2D7C46
100
AcDbEntity
  8
0
100
AcDbCircle
 10
853459.7182151506
 20
-437237.0790811003
 30
-0.0000000000000075
 40
25.0
100
AcDbArc
 50
157.9956418761475
 51
158.0074467196553
  0
ARC
  5
2CB537
330
2D7C46
100
AcDbEntity
  8
0
100
AcDbCircle
 10
853459.7182151506
 20
-437237.0790811003
 30
-0.0000000000000075
 40
25.0
100
AcDbArc
 50
168.8662577797318
 51
168.8667477889595
  0
ARC
  5
2CB538
330
2D7C46
100
AcDbEntity
  8
0
100
AcDbCircle
 10
853459.7182151506
 20
-437237.0790811003
 30
-0.0000000000000075
 40
25.0
100
AcDbArc
 50
16.12417455431526
 51
16.1403824389148
  0
ARC
  5
2CB539
330
2D7C46
100
AcDbEntity
  8
0
100
AcDbCircle
 10
853512.718215151
 20
-437286.5790811002
 30
-0.0000000000000075
 40
4.75
100
AcDbArc
 50
180.0
 51
359.965242105667
  0
ARC
  5
2CB53A
330
2D7C46
100
AcDbEntity
  8
0
100
AcDbCircle
 10
853512.718215151
 20
-437286.5790811002
 30
-0.0000000000000075
 40
4.75
100
AcDbArc
 50
0.0
 51
180.0
  0
ARC
  5
2CB53B
330
2D7C46
100
AcDbEntity
  8
0
100
AcDbCircle
 10
853512.718215151
 20
-437297.5790811
 30
-0.0000000000000075
 40
2.35
100
AcDbArc
 50
295.5955024661344
 51
244.4044975338655
  0
CIRCLE
  5
2CB53C
330
2D7C46
100
AcDbEntity
  8
0
100
AcDbCircle
 10
853512.718215151
 20
-437286.5790811002
 30
-0.0000000000000075
 40
2.6
  0
ARC
  5
2CB53D
330
2D7C46
100
AcDbEntity
  8
0
100
AcDbCircle
 10
853530.2182151509
 20
-437294.0790811
 30
-0.0000000000000075
 40
5.0
100
AcDbArc
 50
0.0
 51
180.0
  0
LINE
  5
2CB53E
330
2D7C46
100
AcDbEntity
  8
0
100
AcDbLine
 10
853438.7182151506
 20
-437289.1459216639
 30
0.0000000000000038
 11
853438.7182151506
 21
-437289.1508248438
 31
0.0000000000000038
210
0.0
220
1.0
230
0.0
  0
LINE
  5
2CB53F
330
2D7C46
100
AcDbEntity
  8
0
100
AcDbLine
 10
853438.7182151506
 20
-437284.0172669834
 30
0.0000000000000038
 11
853438.7182151506
 21
-437284.017302699
 31
0.0000000000000038
210
0.0
220
1.0
230
0.0
  0
LINE
  5
2CB540
330
2D7C46
100
AcDbEntity
  8
0
100
AcDbLine
 10
853439.4682151507
 20
-437290.0633949865
 30
0.0000000000000039
 11
853439.4682151507
 21
-437290.0594807039
 31
0.0000000000000039
210
0.0
220
1.0
230
0.0
  0
LINE
  5
2CB541
330
2D7C46
100
AcDbEntity
  8
0
100
AcDbLine
 10
853439.2182151508
 20
-437289.7977100326
 30
0.0000000000000039
 11
853439.2182151508
 21
-437289.8018672151
 31
0.0000000000000039
210
0.0
220
1.0
230
0.0
  0
LINE
  5
2CB542
330
2D7C46
100
AcDbEntity
  8
0
100
AcDbLine
 10
853445.9682151508
 20
-437290.0471097849
 30
0.0000000000000047
 11
853445.9682151508
 21
-437290.0480502607
 31
0.0000000000000047
210
0.0
220
1.0
230
0.0
  0
LINE
  5
2CB543
330
2D7C46
100
AcDbEntity
  8
0
100
AcDbLine
 10
853446.2182151505
 20
-437289.7916298933
 30
0.0000000000000047
 11
853446.2182151505
 21
-437289.79233244
 31
0.0000000000000047
210
0.0
220
1.0
230
0.0
  0
LINE
  5
2CB544
330
2D7C46
100
AcDbEntity
  8
0
100
AcDbLine
 10
853429.4793898499
 20
-437235.8088667822
 30
0.0000000000000027
 11
853430.0871213529
 21
-437232.3622501561
 31
0.0000000000000027
210
0.0
220
1.0
230
0.0
  0
LINE
  5
2CB545
330
2D7C46
100
AcDbEntity
  8
0
100
AcDbLine
 10
853443.8744670138
 20
-437234.7931141337
 30
0.0000000000000044
 11
853430.0871584717
 21
-437232.3620396465
 31
0.0000000000000027
210
0.0
220
1.0
230
0.0
  0
LINE
  5
2CB546
330
2D7C46
100
AcDbEntity
  8
0
100
AcDbLine
 10
853430.2608066495
 20
-437231.3772318936
 30
0.0000000000000028
 11
853444.0481151916
 21
-437233.8083063809
 31
0.0000000000000044
210
0.0
220
1.0
230
0.0
  0
LINE
  5
2CB547
330
2D7C46
100
AcDbEntity
  8
0
100
AcDbLine
 10
853444.0481151916
 20
-437233.8083063809
 30
0.0000000000000044
 11
853443.8744670138
 21
-437234.7931141337
 31
0.0000000000000044
210
0.0
220
1.0
230
0.0
  0
LINE
  5
2CB548
330
2D7C46
100
AcDbEntity
  8
0
100
AcDbLine
 10
853430.2608066495
 20
-437231.3772318936
 30
0.0000000000000028
 11
853430.868575271
 21
-437227.930404758
 31
0.0000000000000028
210
0.0
220
1.0
230
0.0
  0
LINE
  5
2CB549
330
2D7C46
100
AcDbEntity
  8
0
100
AcDbLine
 10
853430.0871584717
 20
-437232.3620396465
 30
0.0000000000000027
 11
853430.2608066495
 21
-437231.3772318936
 31
0.0000000000000028
210
0.0
220
1.0
230
0.0
  0
ARC
  5
2CB54A
330
2D7C46
100
AcDbEntity
  8
0
100
AcDbCircle
 10
853495.2182151506
 20
-437180.0790811001
 30
-0.0000000000000075
 40
5.0
100
AcDbArc
 50
180.0
 51
0.0
  0
ARC
  5
2CB54B
330
2D7C46
100
AcDbEntity
  8
0
100
AcDbCircle
 10
853460.2182151507
 20
-437180.0790811001
 30
-0.0000000000000075
 40
5.0
100
AcDbArc
 50
180.0
 51
0.0
  0
CIRCLE
  5
2CB54C
330
2D7C46
100
AcDbEntity
  8
0
100
AcDbCircle
 10
853442.7182151507
 20
-437187.5790811002
 30
-0.0000000000000075
 40
2.6
  0
ARC
  5
2CB54D
330
2D7C46
100
AcDbEntity
  8
0
100
AcDbCircle
 10
853442.7182151507
 20
-437187.5790811002
 30
-0.0000000000000075
 40
4.75
100
AcDbArc
 50
0.0
 51
180.0
  0
ARC
  5
2CB54E
330
2D7C46
100
AcDbEntity
  8
0
100
AcDbCircle
 10
853442.7182151507
 20
-437187.5790811002
 30
-0.0000000000000075
 40
4.75
100
AcDbArc
 50
180.0
 51
0.0
  0
ARC
  5
2CB54F
330
2D7C46
100
AcDbEntity
  8
0
100
AcDbCircle
 10
853442.7182151507
 20
-437176.5790811003
 30
-0.0000000000000075
 40
2.35
100
AcDbArc
 50
115.5955024661343
 51
64.40449753386565
  0
ARC
  5
2CB550
330
2D7C46
100
AcDbEntity
  8
0
100
AcDbCircle
 10
853477.7182151506
 20
-437176.5790811003
 30
-0.0000000000000075
 40
2.35
100
AcDbArc
 50
115.5955024661343
 51
64.40449753386565
  0
CIRCLE
  5
2CB551
330
2D7C46
100
AcDbEntity
  8
0
100
AcDbCircle
 10
853512.718215151
 20
-437187.5790811002
 30
-0.0000000000000075
 40
2.6
  0
ARC
  5
2CB552
330
2D7C46
100
AcDbEntity
  8
0
100
AcDbCircle
 10
853512.718215151
 20
-437187.5790811002
 30
-0.0000000000000075
 40
4.75
100
AcDbArc
 50
0.0
 51
180.0
  0
ARC
  5
2CB553
330
2D7C46
100
AcDbEntity
  8
0
100
AcDbCircle
 10
853512.718215151
 20
-437187.5790811002
 30
-0.0000000000000075
 40
4.75
100
AcDbArc
 50
180.0
 51
0.0
  0
ARC
  5
2CB554
330
2D7C46
100
AcDbEntity
  8
0
100
AcDbCircle
 10
853512.718215151
 20
-437176.5790811003
 30
-0.0000000000000075
 40
2.35
100
AcDbArc
 50
115.5955024661343
 51
64.40449753386565
  0
ARC
  5
2CB555
330
2D7C46
100
AcDbEntity
  8
0
100
AcDbCircle
 10
853530.2182151509
 20
-437180.0790811001
 30
-0.0000000000000075
 40
5.0
100
AcDbArc
 50
180.0
 51
0.0
  0
LINE
  5
2CB556
330
2D7C46
100
AcDbEntity
  8
0
100
AcDbLine
 10
853438.7182151506
 20
-437190.1508248437
 30
0.0000000000000038
 11
853438.7182151506
 21
-437190.145921664
 31
0.0000000000000038
210
0.0
220
1.0
230
0.0
  0
LINE
  5
2CB557
330
2D7C46
100
AcDbEntity
  8
0
100
AcDbLine
 10
853439.2182151508
 20
-437190.8018672151
 30
0.0000000000000039
 11
853439.2182151508
 21
-437190.7977100323
 31
0.0000000000000039
210
0.0
220
1.0
230
0.0
  0
LINE
  5
2CB558
330
2D7C46
100
AcDbEntity
  8
0
100
AcDbLine
 10
853446.2182151505
 20
-437190.7923324402
 30
0.0000000000000047
 11
853446.2182151505
 21
-437190.7916298932
 31
0.0000000000000047
210
0.0
220
1.0
230
0.0
  0
LINE
  5
2CB559
330
2D7C46
100
AcDbEntity
  8
0
100
AcDbLine
 10
853430.2182151506
 20
-437171.0790811002
 30
0.0000000000000028
 11
853430.2182151506
 21
-437180.0790811001
 31
0.0000000000000028
210
0.0
220
1.0
230
0.0
  0
LINE
  5
2CB55A
330
2D7C46
100
AcDbEntity
  8
0
100
AcDbLine
 10
853438.7182151506
 20
-437185.017302699
 30
0.0000000000000038
 11
853438.7182151506
 21
-437185.0172669833
 31
0.0000000000000038
210
0.0
220
1.0
230
0.0
  0
LINE
  5
2CB55B
330
2D7C46
100
AcDbEntity
  8
0
100
AcDbLine
 10
853442.006021809
 20
-437178.8234969828
 30
0.0000000000000042
 11
853442.005671455
 21
-437178.8184518783
 31
0.0000000000000042
210
0.0
220
1.0
230
0.0
  0
LINE
  5
2CB55C
330
2D7C46
100
AcDbEntity
  8
0
100
AcDbLine
 10
853443.4307588467
 20
-437178.8184518783
 30
0.0000000000000044
 11
853443.4305287609
 21
-437178.8217651167
 31
0.0000000000000044
210
0.0
220
1.0
230
0.0
  0
LINE
  5
2CB55D
330
2D7C46
100
AcDbEntity
  8
0
100
AcDbLine
 10
853441.7029800023
 20
-437174.4596949642
 30
0.0000000000000042
 11
853441.4682151506
 21
-437171.0790811002
 31
0.0000000000000041
210
0.0
220
1.0
230
0.0
  0
LINE
  5
2CB55E
330
2D7C46
100
AcDbEntity
  8
0
100
AcDbLine
 10
853443.9682151505
 20
-437171.0790811002
 30
0.0000000000000044
 11
853443.7334502992
 21
-437174.4596949642
 31
0.0000000000000044
210
0.0
220
1.0
230
0.0
  0
LINE
  5
2CB55F
330
2D7C46
100
AcDbEntity
  8
0
100
AcDbLine
 10
853541.5682151507
 20
-437197.6790811001
 30
0.0000000000000164
 11
853541.5682151507
 21
-437276.4790810999
 31
0.0000000000000164
210
0.0
220
1.0
230
0.0
  0
LINE
  5
2CB560
330
2D7C46
100
AcDbEntity
  8
0
100
AcDbLine
 10
853507.9682151508
 20
-437286.5790811002
 30
0.0000000000000123
 11
853447.4682151508
 21
-437286.5790811002
 31
0.0000000000000049
210
0.0
220
1.0
230
0.0
  0
LINE
  5
2CB561
330
2D7C46
100
AcDbEntity
  8
0
100
AcDbLine
 10
853509.4682151507
 20
-437290.0633949865
 30
0.0000000000000125
 11
853509.4682151507
 21
-437290.0594807039
 31
0.0000000000000125
210
0.0
220
1.0
230
0.0
  0
LINE
  5
2CB562
330
2D7C46
100
AcDbEntity
  8
0
100
AcDbLine
 10
853508.7182151507
 20
-437289.1459216639
 30
0.0000000000000124
 11
853508.7182151507
 21
-437289.1508248438
 31
0.0000000000000124
210
0.0
220
1.0
230
0.0
  0
LINE
  5
2CB563
330
2D7C46
100
AcDbEntity
  8
0
100
AcDbLine
 10
853509.2182151508
 20
-437289.7977100326
 30
0.0000000000000124
 11
853509.2182151508
 21
-437289.8018672151
 31
0.0000000000000124
210
0.0
220
1.0
230
0.0
  0
LINE
  5
2CB564
330
2D7C46
100
AcDbEntity
  8
0
100
AcDbLine
 10
853508.7182151507
 20
-437284.0172669834
 30
0.0000000000000124
 11
853508.7182151507
 21
-437284.017302699
 31
0.0000000000000124
210
0.0
220
1.0
230
0.0
  0
LINE
  5
2CB565
330
2D7C46
100
AcDbEntity
  8
0
100
AcDbLine
 10
853547.7182151508
 20
-437286.5790811002
 30
0.000000000000017
 11
853517.4682151506
 21
-437286.5790811002
 31
0.0000000000000134
210
0.0
220
1.0
230
0.0
  0
LINE
  5
2CB566
330
2D7C46
100
AcDbEntity
  8
0
100
AcDbLine
 10
853515.9682151506
 20
-437290.0471097849
 30
0.0000000000000133
 11
853515.9682151506
 21
-437290.0480502607
 31
0.0000000000000133
210
0.0
220
1.0
230
0.0
  0
LINE
  5
2CB567
330
2D7C46
100
AcDbEntity
  8
0
100
AcDbLine
 10
853516.2182151507
 20
-437289.7916298933
 30
0.0000000000000133
 11
853516.2182151507
 21
-437289.79233244
 31
0.0000000000000133
210
0.0
220
1.0
230
0.0
  0
LINE
  5
2CB568
330
2D7C46
100
AcDbEntity
  8
0
100
AcDbLine
 10
853519.5012730424
 20
-437243.5587407482
 30
0.0000000000000137
 11
853518.1120876208
 21
-437251.4372027722
 31
0.0000000000000135
210
0.0
220
1.0
230
0.0
  0
LINE
  5
2CB569
330
2D7C46
100
AcDbEntity
  8
0
100
AcDbLine
 10
853447.4682151508
 20
-437187.5790811002
 30
0.0000000000000049
 11
853507.9682151508
 21
-437187.5790811002
 31
0.0000000000000123
210
0.0
220
1.0
230
0.0
  0
LINE
  5
2CB56A
330
2D7C46
100
AcDbEntity
  8
0
100
AcDbLine
 10
853455.2182151507
 20
-437180.0790811001
 30
0.0000000000000058
 11
853455.2182151507
 21
-437171.0790811002
 31
0.0000000000000058
210
0.0
220
1.0
230
0.0
  0
LINE
  5
2CB56B
330
2D7C46
100
AcDbEntity
  8
0
100
AcDbLine
 10
853465.2182151509
 20
-437171.0790811002
 30
0.000000000000007
 11
853465.2182151509
 21
-437180.0790811001
 31
0.000000000000007
210
0.0
220
1.0
230
0.0
  0
LINE
  5
2CB56C
330
2D7C46
100
AcDbEntity
  8
0
100
AcDbLine
 10
853477.0060218091
 20
-437178.8234969828
 30
0.0000000000000085
 11
853477.0056714549
 21
-437178.8184518783
 31
0.0000000000000085
210
0.0
220
1.0
230
0.0
  0
LINE
  5
2CB56D
330
2D7C46
100
AcDbEntity
  8
0
100
AcDbLine
 10
853478.4307588466
 20
-437178.8184518783
 30
0.0000000000000087
 11
853478.4305287606
 21
-437178.8217651167
 31
0.0000000000000087
210
0.0
220
1.0
230
0.0
  0
LINE
  5
2CB56E
330
2D7C46
100
AcDbEntity
  8
0
100
AcDbLine
 10
853476.7029800024
 20
-437174.4596949642
 30
0.0000000000000084
 11
853476.4682151509
 21
-437171.0790811002
 31
0.0000000000000084
210
0.0
220
1.0
230
0.0
  0
LINE
  5
2CB56F
330
2D7C46
100
AcDbEntity
  8
0
100
AcDbLine
 10
853490.2182151508
 20
-437180.0790811001
 30
0.0000000000000101
 11
853490.2182151508
 21
-437171.0790811002
 31
0.0000000000000101
210
0.0
220
1.0
230
0.0
  0
LINE
  5
2CB570
330
2D7C46
100
AcDbEntity
  8
0
100
AcDbLine
 10
853407.7182151506
 20
-437171.0790811002
 30
0.0
 11
853547.7182151508
 21
-437171.0790811002
 31
0.0000000000000171
210
0.0
220
1.0
230
0.0
  0
LINE
  5
2CB571
330
2D7C46
100
AcDbEntity
  8
0
100
AcDbLine
 10
853478.9682151508
 20
-437171.0790811002
 30
0.0000000000000087
 11
853478.7334502993
 21
-437174.4596949642
 31
0.0000000000000087
210
0.0
220
1.0
230
0.0
  0
LINE
  5
2CB572
330
2D7C46
100
AcDbEntity
  8
0
100
AcDbLine
 10
853508.7182151507
 20
-437190.1508248437
 30
0.0000000000000124
 11
853508.7182151507
 21
-437190.145921664
 31
0.0000000000000124
210
0.0
220
1.0
230
0.0
  0
LINE
  5
2CB573
330
2D7C46
100
AcDbEntity
  8
0
100
AcDbLine
 10
853509.2182151508
 20
-437190.8018672151
 30
0.0000000000000124
 11
853509.2182151508
 21
-437190.7977100323
 31
0.0000000000000124
210
0.0
220
1.0
230
0.0
  0
LINE
  5
2CB574
330
2D7C46
100
AcDbEntity
  8
0
100
AcDbLine
 10
853500.2182151508
 20
-437171.0790811002
 30
0.0000000000000113
 11
853500.2182151508
 21
-437180.0790811001
 31
0.0000000000000113
210
0.0
220
1.0
230
0.0
  0
LINE
  5
2CB575
330
2D7C46
100
AcDbEntity
  8
0
100
AcDbLine
 10
853508.7182151507
 20
-437185.017302699
 30
0.0000000000000124
 11
853508.7182151507
 21
-437185.0172669833
 31
0.0000000000000124
210
0.0
220
1.0
230
0.0
  0
LINE
  5
2CB576
330
2D7C46
100
AcDbEntity
  8
0
100
AcDbLine
 10
853517.4682151506
 20
-437187.5790811002
 30
0.0000000000000134
 11
853547.7182151508
 21
-437187.5790811002
 31
0.0000000000000171
210
0.0
220
1.0
230
0.0
  0
LINE
  5
2CB577
330
2D7C46
100
AcDbEntity
  8
0
100
AcDbLine
 10
853516.2182151507
 20
-437190.7923324402
 30
0.0000000000000133
 11
853516.2182151507
 21
-437190.7916298932
 31
0.0000000000000133
210
0.0
220
1.0
230
0.0
  0
LINE
  5
2CB578
330
2D7C46
100
AcDbEntity
  8
0
100
AcDbLine
 10
853512.0060218092
 20
-437178.8234969828
 30
0.0000000000000128
 11
853512.0056714546
 21
-437178.8184518783
 31
0.0000000000000128
210
0.0
220
1.0
230
0.0
  0
LINE
  5
2CB579
330
2D7C46
100
AcDbEntity
  8
0
100
AcDbLine
 10
853513.4307588466
 20
-437178.8184518783
 30
0.0000000000000129
 11
853513.4305287607
 21
-437178.8217651167
 31
0.0000000000000129
210
0.0
220
1.0
230
0.0
  0
LINE
  5
2CB57A
330
2D7C46
100
AcDbEntity
  8
0
100
AcDbLine
 10
853511.7029800026
 20
-437174.4596949642
 30
0.0000000000000127
 11
853511.4682151506
 21
-437171.0790811002
 31
0.0000000000000127
210
0.0
220
1.0
230
0.0
  0
LINE
  5
2CB57B
330
2D7C46
100
AcDbEntity
  8
0
100
AcDbLine
 10
853513.9682151511
 20
-437171.0790811002
 30
0.000000000000013
 11
853513.7334502996
 21
-437174.4596949642
 31
0.000000000000013
210
0.0
220
1.0
230
0.0
  0
LINE
  5
2CB57C
330
2D7C46
100
AcDbEntity
  8
0
100
AcDbLine
 10
853525.2182151507
 20
-437180.0790811001
 30
0.0000000000000144
 11
853525.2182151507
 21
-437171.0790811002
 31
0.0000000000000144
210
0.0
220
1.0
230
0.0
  0
LINE
  5
2CB57D
330
2D7C46
100
AcDbEntity
  8
0
100
AcDbLine
 10
853535.2182151507
 20
-437171.0790811002
 30
0.0000000000000156
 11
853535.2182151507
 21
-437180.0790811001
 31
0.0000000000000156
210
0.0
220
1.0
230
0.0
  0
LINE
  5
2CB57E
330
2D7C46
100
AcDbEntity
  8
0
100
AcDbLine
 10
853547.7182151508
 20
-437303.0790811003
 30
0.0000000000000171
 11
853547.7182151508
 21
-437171.0790811002
 31
0.0000000000000171
210
0.0
220
1.0
230
0.0
  0
CIRCLE
  5
2CB57F
330
2D7C46
100
AcDbEntity
  8
0
100
AcDbCircle
 10
853529.0682151511
 20
-437263.9790811001
 30
0.0000000000000149
 40
12.5
  0
LINE
  5
2CB580
330
2D7C46
100
AcDbEntity
  8
0
100
AcDbLine
 10
853415.8682151506
 20
-437259.4790811
 30
0.000000000000001
 11
853415.8682151506
 21
-437254.4790811002
 31
0.0000000000000008
210
0.0
220
1.0
230
0.0
  0
LINE
  5
2CB581
330
2D7C46
100
AcDbEntity
  8
0
100
AcDbLine
 10
853511.5682151504
 20
-437261.4790811002
 30
0.0000000000000164
 11
853465.1624781863
 21
-437261.4790811002
 31
0.000000000000007
210
0.0
220
1.0
230
0.0
  0
LINE
  5
2CB582
330
2D7C46
100
AcDbEntity
  8
0
100
AcDbLine
 10
853454.2739521153
 20
-437261.4790811002
 30
0.0000000000000057
 11
853413.8682151509
 21
-437261.4790811002
 31
0.0000000000000008
210
0.0
220
1.0
230
0.0
  0
LINE
  5
2CB583
330
2D7C46
100
AcDbEntity
  8
0
100
AcDbLine
 10
853511.5682151504
 20
-437261.4790811002
 30
0.0000000000000164
 11
853511.5682151504
 21
-437276.4790810999
 31
0.0000000000000164
210
0.0
220
1.0
230
0.0
  0
LINE
  5
2CB584
330
2D7C46
100
AcDbEntity
  8
0
100
AcDbLine
 10
853435.8682151509
 20
-437259.4790811
 30
0.0000000000000008
 11
853415.8682151506
 21
-437259.4790811
 31
0.000000000000001
210
0.0
220
1.0
230
0.0
  0
LINE
  5
2CB585
330
2D7C46
100
AcDbEntity
  8
0
100
AcDbLine
 10
853435.8682151509
 20
-437259.4790811
 30
0.0000000000000008
 11
853435.8682151509
 21
-437254.4790811002
 31
-0.0000000000000299
210
0.0
220
1.0
230
0.0
  0
LINE
  5
2CB586
330
2D7C46
100
AcDbEntity
  8
0
100
AcDbLine
 10
853435.8682151509
 20
-437254.4790811002
 30
0.0000000000000035
 11
853415.8682151506
 21
-437254.4790811002
 31
0.000000000000001
210
0.0
220
1.0
230
0.0
  0
LINE
  5
2CB587
330
2D7C46
100
AcDbEntity
  8
0
100
AcDbLine
 10
853528.0682151507
 20
-437251.5191453056
 30
0.0000000000000149
 11
853528.0682151507
 21
-437276.4390168945
 31
0.0000000000000149
  0
LINE
  5
2CB588
330
2D7C46
100
AcDbEntity
  8
0
100
AcDbLine
 10
853530.0682151509
 20
-437251.5191453056
 30
0.0000000000000149
 11
853530.0682151509
 21
-437276.4390168945
 31
0.0000000000000149
  0
CIRCLE
  5
2CB589
330
2D7C46
100
AcDbEntity
  8
0
100
AcDbCircle
 10
853423.8682151508
 20
-437219.0728695218
 30
0.0000000000000008
 40
1.5
  0
CIRCLE
  5
2CB58A
330
2D7C46
100
AcDbEntity
  8
0
100
AcDbCircle
 10
853423.8682151508
 20
-437249.2228245849
 30
0.0000000000000008
 40
1.5
  0
CIRCLE
  5
2CB58B
330
2D7C46
100
AcDbEntity
  8
0
100
AcDbCircle
 10
853531.5682151507
 20
-437219.0728695218
 30
0.0000000000000008
 40
1.5
  0
LINE
  5
2CB58C
330
2D7C46
100
AcDbEntity
  8
0
100
AcDbLine
 10
853517.5966222929
 20
-437242.8430109498
 30
0.0000000000000137
 11
853516.1842443878
 21
-437250.8530040852
 31
0.0000000000000135
210
0.0
220
1.0
230
0.0
  0
LINE
  5
2CB58D
330
2D7C46
100
AcDbEntity
  8
0
100
AcDbLine
 10
853507.4764762546
 20
-437242.6495063582
 30
-0.0000000000000202
 11
853517.3245537846
 21
-437244.3859881349
 31
0.0000000000000136
  0
LINE
  5
2CB58E
330
2D7C46
100
AcDbEntity
  8
0
100
AcDbLine
 10
853506.6082353656
 20
-437247.5735451232
 30
-0.0000000000000202
 11
853516.4563128963
 21
-437249.3100269001
 31
0.0000000000000136
  0
LINE
  5
2CB58F
330
2D7C46
100
AcDbEntity
  8
0
100
AcDbLine
 10
853507.4764762546
 20
-437242.6495063582
 30
-0.0000000000000202
 11
853506.6082353656
 21
-437247.5735451232
 31
0.0000000000000135
210
0.0
220
1.0
230
0.0
  0
LINE
  5
2CB590
330
2D7C46
100
AcDbEntity
  8
0
100
AcDbLine
 10
853541.5682151507
 20
-437212.6790811001
 30
0.0000000000000224
 11
853465.1624781863
 21
-437212.6790811001
 31
0.000000000000007
210
0.0
220
-1.0
230
0.0
  0
LINE
  5
2CB591
330
2D7C46
100
AcDbEntity
  8
0
100
AcDbLine
 10
853454.2739521153
 20
-437212.6790811001
 30
0.0000000000000048
 11
853413.8682151509
 21
-437212.6790811001
 31
-0.0000000000000033
210
0.0
220
-1.0
230
0.0
  0
ARC
  5
2CB592
330
2D7C46
100
AcDbEntity
  8
ALPHA
100
AcDbCircle
 10
831182.7879251856
 20
-496681.5863553789
 30
-0.0000000000000075
 40
63496.51872259372
100
AcDbArc
 50
69.40386242250808
 51
69.44279437831255
  0
ENDBLK
  5
2CB593
330
2D7C46
100
AcDbEntity
  8
0
100
AcDbBlockEnd
  0
BLOCK
  5
2D7C49
330
2D7C48
100
AcDbEntity
  8
0
100
AcDbBlockBegin
  2
TRAFO_FTE
 70
     0
 10
0.0
 20
0.0
 30
0.0
  3
TRAFO_FTE
  1

  0
LINE
  5
2CB596
330
2D7C48
100
AcDbEntity
  8
0
100
AcDbLine
 10
854672.3964109981
 20
-437780.3053340326
 30
0.0
 11
854725.8913866169
 21
-437780.3053340326
 31
0.0
  0
LINE
  5
2CB597
330
2D7C48
100
AcDbEntity
  8
0
100
AcDbLine
 10
854725.8913866169
 20
-437780.3053340326
 30
0.0
 11
854725.8913866169
 21
-437706.9987109297
 31
0.0
  0
LINE
  5
2CB598
330
2D7C48
100
AcDbEntity
  8
0
100
AcDbLine
 10
854725.8913866169
 20
-437706.9987109297
 30
0.0
 11
854672.3964109981
 21
-437706.9987109297
 31
0.0
  0
LINE
  5
2CB599
330
2D7C48
100
AcDbEntity
  8
0
100
AcDbLine
 10
854672.3964109981
 20
-437706.9987109297
 30
0.0
 11
854672.3964109981
 21
-437780.3053340326
 31
0.0
  0
LINE
  5
2CB59A
330
2D7C48
100
AcDbEntity
  8
0
100
AcDbLine
 10
854658.0896127457
 20
-437764.1530271088
 30
0.0
 11
854672.3964109981
 21
-437764.1530271088
 31
0.0
  0
LINE
  5
2CB59B
330
2D7C48
100
AcDbEntity
  8
0
100
AcDbLine
 10
854725.8913866169
 20
-437764.1530271088
 30
0.0
 11
854742.0642885532
 21
-437764.1530271088
 31
0.0
  0
LINE
  5
2CB59C
330
2D7C48
100
AcDbEntity
  8
0
100
AcDbLine
 10
854742.0642885532
 20
-437723.1510178535
 30
0.0
 11
854725.8913866169
 21
-437723.1510178535
 31
0.0
  0
LINE
  5
2CB59D
330
2D7C48
100
AcDbEntity
  8
0
100
AcDbLine
 10
854672.3964109981
 20
-437723.1510178535
 30
0.0
 11
854658.0896127457
 21
-437723.1510178535
 31
0.0
  0
ARC
  5
2CB59E
330
2D7C48
100
AcDbEntity
  8
0
100
AcDbCircle
 10
854685.352556604
 20
-437743.6520224811
 30
0.0
 40
34.11098501301139
100
AcDbArc
 50
143.0578130001903
 51
216.9421869998097
  0
ARC
  5
2CB59F
330
2D7C48
100
AcDbEntity
  8
0
100
AcDbCircle
 10
854707.4640015862
 20
-437743.6520224811
 30
0.0
 40
40.21779517763294
100
AcDbArc
 50
329.3528484596389
 51
30.64715154036105
  0
ENDBLK
  5
2CB5A0
330
2D7C48
100
AcDbEntity
  8
0
100
AcDbBlockEnd
  0
BLOCK
  5
2D7C4B
330
2D7C4A
100
AcDbEntity
  8
0
100
AcDbBlockBegin
  2
SECCIONADORA_FTE_2
 70
     0
 10
0.0
 20
0.0
 30
0.0
  3
SECCIONADORA_FTE_2
  1

  0
LINE
  5
2CB5A3
330
2D7C4A
100
AcDbEntity
  8
0
100
AcDbLine
 10
853765.4721860818
 20
-437763.9826067237
 30
-0.0000000000000005
 11
853687.110822271
 21
-437763.9826067237
 31
-0.0000000000000101
210
0.0
220
1.0
230
0.0
  0
LINE
  5
2CB5A4
330
2D7C4A
100
AcDbEntity
  8
0
100
AcDbLine
 10
853687.110822271
 20
-437715.6280611615
 30
-0.0000000000000101
 11
853765.4721860818
 21
-437715.6280611615
 31
-0.0000000000000005
210
0.0
220
1.0
230
0.0
  0
LINE
  5
2CB5A5
330
2D7C4A
100
AcDbEntity
  8
0
100
AcDbLine
 10
853687.110822271
 20
-437763.9826067237
 30
-0.0000000000000101
 11
853687.110822271
 21
-437715.6280611615
 31
-0.0000000000000101
210
0.0
220
1.0
230
0.0
  0
ARC
  5
2CB5A6
330
2D7C4A
100
AcDbEntity
  8
0
100
AcDbCircle
 10
853741.3850845799
 20
-437778.473398361
 30
-0.0000000000000151
 40
31.39155201991138
100
AcDbArc
 50
72.0133458516581
 51
111.2862566736255
  0
ARC
  5
2CB5A7
330
2D7C4A
100
AcDbEntity
  8
0
100
AcDbCircle
 10
853719.8158151175
 20
-437722.9779432272
 30
-0.0000000000000151
 40
28.14819572074391
100
AcDbArc
 50
214.7588212526017
 51
291.1873073900625
  0
ARC
  5
2CB5A8
330
2D7C4A
100
AcDbEntity
  8
0
100
AcDbCircle
 10
853715.2460496059
 20
-437739.8053339426
 30
-0.0000000000000151
 40
15.340909125
100
AcDbArc
 50
193.0455083643109
 51
316.5752265400857
  0
ARC
  5
2CB5A9
330
2D7C4A
100
AcDbEntity
  8
0
100
AcDbCircle
 10
853714.6157547956
 20
-437773.440283969
 30
-0.0000000000000151
 40
40.92870930130499
100
AcDbArc
 50
72.17502492892771
 51
99.66965827561679
  0
ARC
  5
2CB5AA
330
2D7C4A
100
AcDbEntity
  8
0
100
AcDbCircle
 10
853715.2460496059
 20
-437739.8053339426
 30
-0.0000000000000151
 40
15.340909125
100
AcDbArc
 50
16.14038243754799
 51
157.9956418775471
  0
ARC
  5
2CB5AB
330
2D7C4A
100
AcDbEntity
  8
0
100
AcDbCircle
 10
853697.3858077125
 20
-437684.8367451442
 30
-0.0000000000000151
 40
49.35487818665637
100
AcDbArc
 50
270.1823230681574
 51
282.1113517990033
  0
ARC
  5
2CB5AC
330
2D7C4A
100
AcDbEntity
  8
0
100
AcDbCircle
 10
853715.2460496059
 20
-437739.8053339426
 30
-0.0000000000000151
 40
15.340909125
100
AcDbArc
 50
157.9956418775471
 51
158.0074467188493
  0
ARC
  5
2CB5AD
330
2D7C4A
100
AcDbEntity
  8
0
100
AcDbCircle
 10
853715.2460496059
 20
-437739.8053339426
 30
-0.0000000000000151
 40
15.340909125
100
AcDbArc
 50
168.8662577809455
 51
168.8667477875083
  0
ARC
  5
2CB5AE
330
2D7C4A
100
AcDbEntity
  8
0
100
AcDbCircle
 10
853715.2460496059
 20
-437739.8053339426
 30
-0.0000000000000151
 40
15.340909125
100
AcDbArc
 50
16.12417455528209
 51
16.14038243754799
  0
LINE
  5
2CB5AF
330
2D7C4A
100
AcDbEntity
  8
0
100
AcDbLine
 10
853696.6904067666
 20
-437739.0258842456
 30
-0.0000000000000089
 11
853697.0633329172
 21
-437736.9109149475
 31
-0.0000000000000088
210
0.0
220
1.0
230
0.0
  0
LINE
  5
2CB5B0
330
2D7C4A
100
AcDbEntity
  8
0
100
AcDbLine
 10
853705.5237495916
 20
-437738.4025814829
 30
-0.0000000000000078
 11
853697.0633556945
 21
-437736.9107857715
 31
-0.0000000000000088
210
0.0
220
1.0
230
0.0
  0
LINE
  5
2CB5B1
330
2D7C4A
100
AcDbEntity
  8
0
100
AcDbLine
 10
853697.1699125313
 20
-437736.3064719213
 30
-0.0000000000000088
 11
853705.630306428
 21
-437737.7982676329
 31
-0.0000000000000078
210
0.0
220
1.0
230
0.0
  0
LINE
  5
2CB5B2
330
2D7C4A
100
AcDbEntity
  8
0
100
AcDbLine
 10
853705.630306428
 20
-437737.7982676329
 30
-0.0000000000000078
 11
853705.5237495916
 21
-437738.4025814829
 31
-0.0000000000000078
210
0.0
220
1.0
230
0.0
  0
LINE
  5
2CB5B3
330
2D7C4A
100
AcDbEntity
  8
0
100
AcDbLine
 10
853697.1699125313
 20
-437736.3064719213
 30
-0.0000000000000088
 11
853697.5428614587
 21
-437734.1913734476
 31
-0.0000000000000088
210
0.0
220
1.0
230
0.0
  0
LINE
  5
2CB5B4
330
2D7C4A
100
AcDbEntity
  8
0
100
AcDbLine
 10
853697.0633556945
 20
-437736.9107857715
 30
-0.0000000000000088
 11
853697.1699125313
 21
-437736.3064719213
 31
-0.0000000000000088
210
0.0
220
1.0
230
0.0
  0
LINE
  5
2CB5B5
330
2D7C4A
100
AcDbEntity
  8
0
100
AcDbLine
 10
853765.4721860818
 20
-437715.6280611615
 30
-0.0000000000000005
 11
853765.4721860818
 21
-437763.9826067237
 31
-0.0000000000000005
210
0.0
220
1.0
230
0.0
  0
LINE
  5
2CB5B6
330
2D7C4A
100
AcDbEntity
  8
0
100
AcDbLine
 10
853751.9311079396
 20
-437743.7814887353
 30
-0.0000000000000021
 11
853751.0786532475
 21
-437748.6159995336
 31
-0.0000000000000022
210
0.0
220
1.0
230
0.0
  0
CIRCLE
  5
2CB5B7
330
2D7C4A
100
AcDbEntity
  8
0
100
AcDbCircle
 10
853757.8017315192
 20
-437756.3121521609
 30
-0.0000000000000014
 40
7.670454562499998
  0
LINE
  5
2CB5B8
330
2D7C4A
100
AcDbEntity
  8
0
100
AcDbLine
 10
853688.3380950008
 20
-437753.5507885184
 30
-0.0000000000000099
 11
853688.3380950008
 21
-437750.4826066934
 31
-0.0000000000000101
210
0.0
220
1.0
230
0.0
  0
LINE
  5
2CB5B9
330
2D7C4A
100
AcDbEntity
  8
0
100
AcDbLine
 10
853747.0630951318
 20
-437754.7780612484
 30
-0.0000000000000005
 11
853718.5868473853
 21
-437754.7780612484
 31
-0.0000000000000062
210
0.0
220
1.0
230
0.0
  0
LINE
  5
2CB5BA
330
2D7C4A
100
AcDbEntity
  8
0
100
AcDbLine
 10
853711.9052518269
 20
-437754.7780612484
 30
-0.000000000000007
 11
853687.110822271
 21
-437754.7780612484
 31
-0.0000000000000101
210
0.0
220
1.0
230
0.0
  0
LINE
  5
2CB5BB
330
2D7C4A
100
AcDbEntity
  8
0
100
AcDbLine
 10
853747.0630951318
 20
-437754.7780612484
 30
-0.0000000000000005
 11
853747.0630951318
 21
-437763.9826067237
 31
-0.0000000000000005
210
0.0
220
1.0
230
0.0
  0
LINE
  5
2CB5BC
330
2D7C4A
100
AcDbEntity
  8
0
100
AcDbLine
 10
853700.610822301
 20
-437753.5507885184
 30
-0.0000000000000101
 11
853688.3380950008
 21
-437753.5507885184
 31
-0.0000000000000099
210
0.0
220
1.0
230
0.0
  0
LINE
  5
2CB5BD
330
2D7C4A
100
AcDbEntity
  8
0
100
AcDbLine
 10
853700.610822301
 20
-437753.5507885184
 30
-0.0000000000000101
 11
853700.610822301
 21
-437750.4826066934
 31
-0.0000000000000289
210
0.0
220
1.0
230
0.0
  0
LINE
  5
2CB5BE
330
2D7C4A
100
AcDbEntity
  8
0
100
AcDbLine
 10
853700.610822301
 20
-437750.4826066934
 30
-0.0000000000000084
 11
853688.3380950008
 21
-437750.4826066934
 31
-0.0000000000000099
210
0.0
220
1.0
230
0.0
  0
LINE
  5
2CB5BF
330
2D7C4A
100
AcDbEntity
  8
0
100
AcDbLine
 10
853757.1880951537
 20
-437748.6662824519
 30
-0.0000000000000014
 11
853757.1880951537
 21
-437763.95802187
 31
-0.0000000000000014
  0
LINE
  5
2CB5C0
330
2D7C4A
100
AcDbEntity
  8
0
100
AcDbLine
 10
853758.4153678839
 20
-437748.6662824519
 30
-0.0000000000000014
 11
853758.4153678839
 21
-437763.95802187
 31
-0.0000000000000014
  0
CIRCLE
  5
2CB5C1
330
2D7C4A
100
AcDbEntity
  8
0
100
AcDbCircle
 10
853693.2471859207
 20
-437728.7560677221
 30
-0.0000000000000101
 40
0.9204545474999999
  0
CIRCLE
  5
2CB5C2
330
2D7C4A
100
AcDbEntity
  8
0
100
AcDbCircle
 10
853693.2471859207
 20
-437747.2571765518
 30
-0.0000000000000101
 40
0.9204545474999999
  0
CIRCLE
  5
2CB5C3
330
2D7C4A
100
AcDbEntity
  8
0
100
AcDbCircle
 10
853759.3358224313
 20
-437728.7560677221
 30
-0.0000000000000101
 40
0.9204545474999999
  0
LINE
  5
2CB5C4
330
2D7C4A
100
AcDbEntity
  8
0
100
AcDbLine
 10
853750.7623449767
 20
-437743.3422909034
 30
-0.0000000000000021
 11
853749.8956585329
 21
-437748.257513975
 31
-0.0000000000000022
210
0.0
220
1.0
230
0.0
  0
LINE
  5
2CB5C5
330
2D7C4A
100
AcDbEntity
  8
0
100
AcDbLine
 10
853744.5522553483
 20
-437743.2235494495
 30
-0.0000000000000229
 11
853750.5953938461
 21
-437744.2891178147
 31
-0.0000000000000022
  0
LINE
  5
2CB5C6
330
2D7C4A
100
AcDbEntity
  8
0
100
AcDbLine
 10
853744.0194711656
 20
-437746.2451186985
 30
-0.0000000000000229
 11
853750.0626096635
 21
-437747.3106870636
 31
-0.0000000000000022
  0
LINE
  5
2CB5C7
330
2D7C4A
100
AcDbEntity
  8
0
100
AcDbLine
 10
853744.5522553483
 20
-437743.2235494495
 30
-0.0000000000000229
 11
853744.0194711656
 21
-437746.2451186985
 31
-0.0000000000000022
210
0.0
220
1.0
230
0.0
  0
LINE
  5
2CB5C8
330
2D7C4A
100
AcDbEntity
  8
0
100
AcDbLine
 10
853765.4721860818
 20
-437724.8326066363
 30
0.0000000000000032
 11
853718.5868473853
 21
-437724.8326066363
 31
-0.0000000000000062
210
0.0
220
-1.0
230
0.0
  0
LINE
  5
2CB5C9
330
2D7C4A
100
AcDbEntity
  8
0
100
AcDbLine
 10
853711.9052518269
 20
-437724.8326066363
 30
-0.0000000000000076
 11
853687.110822271
 21
-437724.8326066363
 31
-0.0000000000000126
210
0.0
220
-1.0
230
0.0
  0
ARC
  5
2CB5CA
330
2D7C4A
100
AcDbEntity
  8
ALPHA
100
AcDbCircle
 10
840045.3115231135
 20
-474217.1166969471
 30
-0.0000000000000151
 40
38963.77293908684
100
AcDbArc
 50
69.40386242263882
 51
69.44279437725754
  0
LWPOLYLINE
  5
2CB5CB
330
2D7C4A
100
AcDbEntity
  8
0
100
AcDbPolyline
 90
        4
 70
     1
 43
0.0
 10
853685.1108222711
 20
-437713.6280611614
 10
853767.4721860815
 20
-437713.6280611614
 10
853767.4721860815
 20
-437765.9826067236
 10
853685.1108222711
 20
-437765.9826067236
  0
ENDBLK
  5
2CB5CC
330
2D7C4A
100
AcDbEntity
  8
0
100
AcDbBlockEnd
  0
BLOCK
  5
2D7C4D
330
2D7C4C
100
AcDbEntity
  8
0
100
AcDbBlockBegin
  2
*D23
 70
     1
 10
0.0
 20
0.0
 30
0.0
  3
*D23
  1

  0
LINE
  5
2D253A
330
2D7C4C
100
AcDbEntity
  8
0
 62
   252
100
AcDbLine
 10
-613.6599677373834
 20
-6187.214665072257
 30
0.0
 11
-544.4879581699072
 21
-6187.214665072257
 31
0.0
  0
LINE
  5
2D253B
330
2D7C4C
100
AcDbEntity
  8
0
 62
   252
100
AcDbLine
 10
-613.6599677373834
 20
-4987.214665072255
 30
0.0
 11
-544.4879581699075
 21
-4987.214665072255
 31
0.0
  0
LINE
  5
2D253C
330
2D7C4C
100
AcDbEntity
  8
0
 62
     1
100
AcDbLine
 10
-569.4879581699072
 20
-6199.714665072256
 30
0.0
 11
-569.4879581699075
 21
-4974.714665072255
 31
0.0
  0
INSERT
  5
2D253D
330
2D7C4C
100
AcDbEntity
  8
0
 62
     1
100
AcDbBlockReference
  2
_OBLIQUE
 10
-569.4879581699072
 20
-6187.214665072257
 30
0.0
 41
25.0
 42
25.0
 43
25.0
 50
270.0
  0
INSERT
  5
2D253E
330
2D7C4C
100
AcDbEntity
  8
0
 62
     1
100
AcDbBlockReference
  2
_OBLIQUE
 10
-569.4879581699075
 20
-4987.214665072255
 30
0.0
 41
25.0
 42
25.0
 43
25.0
 50
90.0
  0
INSERT
  5
2D253F
330
2D7C4C
100
AcDbEntity
  8
POTENCIA
 62
     0
100
AcDbBlockReference
  2
*U24
 10
0.0
 20
0.0
 30
0.0
  0
POINT
  5
2D2540
330
2D7C4C
100
AcDbEntity
  8
DEFPOINTS
 62
     0
100
AcDbPoint
 10
-638.6599677373834
 20
-6187.214665072257
 30
0.0
  0
POINT
  5
2D2541
330
2D7C4C
100
AcDbEntity
  8
DEFPOINTS
 62
     0
100
AcDbPoint
 10
-638.6599677373834
 20
-4987.214665072255
 30
0.0
  0
POINT
  5
2D2542
330
2D7C4C
100
AcDbEntity
  8
DEFPOINTS
 62
     0
100
AcDbPoint
 10
-569.4879581699075
 20
-4987.214665072255
 30
0.0
  0
ENDBLK
  5
2CB9EC
330
2D7C4C
100
AcDbEntity
  8
0
100
AcDbBlockEnd
  0
BLOCK
  5
2D7C4F
330
2D7C4E
100
AcDbEntity
  8
0
 62
     0
100
AcDbBlockBegin
  2
*U24
 70
     1
 10
0.0
 20
0.0
 30
0.0
  3
*U24
  1

  0
TEXT
  5
2D4475
330
2D7C4E
100
AcDbEntity
  8
0
 62
     7
100
AcDbText
 10
-581.9879581699089
 20
-5671.738474596066
 30
0.0
 40
25.0
  1
1200mm
 50
90.0
  7
1-10__M1000_
100
AcDbText
  0
ENDBLK
  5
2D4477
330
2D7C4E
100
AcDbEntity
  8
0
 62
     0
100
AcDbBlockEnd
  0
BLOCK
  5
2D7C51
330
2D7C50
100
AcDbEntity
  8
0
100
AcDbBlockBegin
  2
*D25
 70
     1
 10
0.0
 20
0.0
 30
0.0
  3
*D25
  1

  0
LINE
  5
2D2543
330
2D7C50
100
AcDbEntity
  8
0
 62
   252
100
AcDbLine
 10
-938.6599677373832
 20
-4962.214665072252
 30
0.0
 11
-938.6599677373832
 21
-4893.949289721546
 31
0.0
  0
LINE
  5
2D2544
330
2D7C50
100
AcDbEntity
  8
0
 62
   252
100
AcDbLine
 10
-638.6599677373834
 20
-6162.214665072253
 30
0.0
 11
-638.6599677373832
 21
-4893.949289721546
 31
0.0
  0
LINE
  5
2D2545
330
2D7C50
100
AcDbEntity
  8
0
 62
     1
100
AcDbLine
 10
-951.1599677373832
 20
-4918.949289721545
 30
0.0
 11
-626.1599677373832
 21
-4918.949289721545
 31
0.0
  0
INSERT
  5
2D2546
330
2D7C50
100
AcDbEntity
  8
0
 62
     1
100
AcDbBlockReference
  2
_OBLIQUE
 10
-938.6599677373832
 20
-4918.949289721545
 30
0.0
 41
25.0
 42
25.0
 43
25.0
 50
180.0
  0
INSERT
  5
2D2547
330
2D7C50
100
AcDbEntity
  8
0
 62
     1
100
AcDbBlockReference
  2
_OBLIQUE
 10
-638.6599677373832
 20
-4918.949289721545
 30
0.0
 41
25.0
 42
25.0
 43
25.0
  0
INSERT
  5
2D2548
330
2D7C50
100
AcDbEntity
  8
POTENCIA
 62
     0
100
AcDbBlockReference
  2
*U26
 10
0.0
 20
0.0
 30
0.0
  0
POINT
  5
2D2549
330
2D7C50
100
AcDbEntity
  8
DEFPOINTS
 62
     0
100
AcDbPoint
 10
-938.6599677373832
 20
-4987.214665072253
 30
0.0
  0
POINT
  5
2D254A
330
2D7C50
100
AcDbEntity
  8
DEFPOINTS
 62
     0
100
AcDbPoint
 10
-638.6599677373834
 20
-6187.214665072254
 30
0.0
  0
POINT
  5
2D254B
330
2D7C50
100
AcDbEntity
  8
DEFPOINTS
 62
     0
100
AcDbPoint
 10
-638.6599677373832
 20
-4918.949289721545
 30
0.0
  0
ENDBLK
  5
2CBA7A
330
2D7C50
100
AcDbEntity
  8
0
100
AcDbBlockEnd
  0
BLOCK
  5
2D7C53
330
2D7C52
100
AcDbEntity
  8
0
 62
     0
100
AcDbBlockBegin
  2
*U26
 70
     1
 10
0.0
 20
0.0
 30
0.0
  3
*U26
  1

  0
TEXT
  5
2D4479
330
2D7C52
100
AcDbEntity
  8
0
 62
     7
100
AcDbText
 10
-859.4933010707165
 20
-4906.449289721546
 30
0.0
 40
25.0
  1
300mm
  7
1-10__M1000_
100
AcDbText
  0
ENDBLK
  5
2D447B
330
2D7C52
100
AcDbEntity
  8
0
 62
     0
100
AcDbBlockEnd
  0
BLOCK
  5
2D7C55
330
2D7C54
100
AcDbEntity
  8
0
100
AcDbBlockBegin
  2
*D27
 70
     1
 10
0.0
 20
0.0
 30
0.0
  3
*D27
  1

  0
LINE
  5
2D254C
330
2D7C54
100
AcDbEntity
  8
0
 62
   252
100
AcDbLine
 10
-389.6079249063189
 20
-4962.214665072252
 30
0.0
 11
-389.6079249063189
 21
-4893.949289721546
 31
0.0
  0
LINE
  5
2D254D
330
2D7C54
100
AcDbEntity
  8
0
 62
   252
100
AcDbLine
 10
360.3920750936814
 20
-4962.214665072252
 30
0.0
 11
360.3920750936814
 21
-4893.949289721546
 31
0.0
  0
LINE
  5
2D254E
330
2D7C54
100
AcDbEntity
  8
0
 62
     1
100
AcDbLine
 10
-402.1079249063186
 20
-4918.949289721545
 30
0.0
 11
372.8920750936814
 21
-4918.949289721545
 31
0.0
  0
INSERT
  5
2D254F
330
2D7C54
100
AcDbEntity
  8
0
 62
     1
100
AcDbBlockReference
  2
_OBLIQUE
 10
-389.6079249063189
 20
-4918.949289721545
 30
0.0
 41
25.0
 42
25.0
 43
25.0
 50
180.0
  0
INSERT
  5
2D2550
330
2D7C54
100
AcDbEntity
  8
0
 62
     1
100
AcDbBlockReference
  2
_OBLIQUE
 10
360.3920750936814
 20
-4918.949289721545
 30
0.0
 41
25.0
 42
25.0
 43
25.0
  0
INSERT
  5
2D2551
330
2D7C54
100
AcDbEntity
  8
POTENCIA
 62
     0
100
AcDbBlockReference
  2
*U28
 10
0.0
 20
0.0
 30
0.0
  0
POINT
  5
2D2552
330
2D7C54
100
AcDbEntity
  8
DEFPOINTS
 62
     0
100
AcDbPoint
 10
-389.6079249063189
 20
-4987.214665072253
 30
0.0
  0
POINT
  5
2D2553
330
2D7C54
100
AcDbEntity
  8
DEFPOINTS
 62
     0
100
AcDbPoint
 10
360.3920750936814
 20
-4987.214665072253
 30
0.0
  0
POINT
  5
2D2554
330
2D7C54
100
AcDbEntity
  8
DEFPOINTS
 62
     0
100
AcDbPoint
 10
360.3920750936814
 20
-4918.949289721545
 30
0.0
  0
ENDBLK
  5
2CBACD
330
2D7C54
100
AcDbEntity
  8
0
100
AcDbBlockEnd
  0
BLOCK
  5
2D7C57
330
2D7C56
100
AcDbEntity
  8
0
 62
     0
100
AcDbBlockBegin
  2
*U28
 70
     1
 10
0.0
 20
0.0
 30
0.0
  3
*U28
  1

  0
TEXT
  5
2D447D
330
2D7C56
100
AcDbEntity
  8
0
 62
     7
100
AcDbText
 10
-50.32221062060439
 20
-4906.449289721546
 30
0.0
 40
25.0
  1
750
  7
1-10__M1000_
100
AcDbText
  0
ENDBLK
  5
2D447F
330
2D7C56
100
AcDbEntity
  8
0
 62
     0
100
AcDbBlockEnd
  0
BLOCK
  5
2D7C59
330
2D7C58
100
AcDbEntity
  8
0
100
AcDbBlockBegin
  2
CCU_ROTULO_LUJAN
 70
     2
 10
0.0
 20
0.0
 30
0.0
  3
CCU_ROTULO_LUJAN
  1

  0
TEXT
  5
2CBEF6
330
2D7C58
100
AcDbEntity
  8
CARTILLA_-_TEXTO
 62
     0
100
AcDbText
 10
-58.6561271087007
 20
48.13244578242313
 30
0.0
 40
1.891644658732855
  1
Cel.: 15 6594-9047 / 15 6888-4952
  7
STYLE
100
AcDbText
  0
TEXT
  5
2CBEF7
330
2D7C58
100
AcDbEntity
  8
CARTILLA_-_TEXTO
 62
     0
100
AcDbText
 10
-58.65301100767418
 20
51.67592638731014
 30
0.0
 40
1.891644658732855
  1
TEL./FAX: 4566 - 2235 / 6380-8443   
  7
STYLE
100
AcDbText
  0
TEXT
  5
2CBEF8
330
2D7C58
100
AcDbEntity
  8
CARTILLA_-_TEXTO
 62
     0
100
AcDbText
 10
-113.0611395821647
 20
48.48175168037426
 30
0.0
 40
2.0
  1
C.P. 1417 - C A P I T A L  F E D E R A L
  7
STYLE
100
AcDbText
  0
TEXT
  5
2CBEF9
330
2D7C58
100
AcDbEntity
  8
CARTILLA_-_TEXTO
 62
     0
100
AcDbText
 10
-113.0602258429603
 20
51.53082412481317
 30
0.0
 40
2.0
  1
M A R C O S  S A S T R E  4952 Dto 1 
  7
STYLE
100
AcDbText
  0
TEXT
  5
2CBEFA
330
2D7C58
100
AcDbEntity
  8
CARTILLA_-_TEXTO
 62
     0
100
AcDbText
 10
-112.9168318793849
 20
45.7424167394639
 30
0.0
 40
1.7
  1
E-mail: jorgesosarolon@jsringenieria.com.ar
  7
STYLE
100
AcDbText
  0
TEXT
  5
2CBEFC
330
2D7C58
100
AcDbEntity
  8
CARTILLA_-_TEXTO
 62
     0
100
AcDbText
 10
-113.6148571506814
 20
58.28993856906903
 30
0.0
 40
3.5
  1
J O R G E    S O S A    R O L O N    Y    A S O C I A D O S
 41
0.9399999999999998
  7
STYLE
100
AcDbText
  0
TEXT
  5
2CBEFD
330
2D7C58
100
AcDbEntity
  8
CARTILLA_-_TEXTO
 62
     0
100
AcDbText
 10
-58.5533494361184
 20
45.52976623497682
 30
0.0
 40
1.7
  1
www.jsringenieria.com.ar
  7
STYLE
100
AcDbText
  0
LWPOLYLINE
  5
2CBEFE
330
2D7C58
100
AcDbEntity
  8
04LINEAS
100
AcDbPolyline
 90
        4
 70
     1
 43
0.0
 10
0.0
 20
40.00000000000009
 10
-174.9999918178398
 20
40.00000000000009
 10
-174.9999918178398
 20
68.83671876788151
 10
0.0
 20
68.83671876788151
  0
LWPOLYLINE
  5
2CBEFF
330
2D7C58
100
AcDbEntity
  8
04LINEAS
100
AcDbPolyline
 90
        4
 70
     1
 43
0.0
 10
0.0
 20
40.00000000000009
 10
-118.2434593424873
 20
40.00000000000009
 10
-118.2434593424873
 20
68.83671876788151
 10
0.0
 20
68.83671876788151
  0
LINE
  5
2CBF00
330
2D7C58
100
AcDbEntity
  8
0
 62
     1
100
AcDbLine
 10
-175.0
 20
25.00000000000009
 30
0.0
 11
-110.0
 21
25.00000000000009
 31
0.0
  0
LINE
  5
2CBF01
330
2D7C58
100
AcDbEntity
  8
0
 62
     6
100
AcDbLine
 10
-175.0
 20
40.00000000000009
 30
0.0
 11
0.0
 21
40.00000000000009
 31
0.0
  0
LINE
  5
2CBF02
330
2D7C58
100
AcDbEntity
  8
0
 62
     6
100
AcDbLine
 10
-175.0
 20
0.0
 30
0.0
 11
0.0
 21
0.0
 31
0.0
  0
LINE
  5
2CBF03
330
2D7C58
100
AcDbEntity
  8
0
 62
     6
100
AcDbLine
 10
-175.0
 20
0.0
 30
0.0
 11
-175.0
 21
40.00000000000009
 31
0.0
  0
LINE
  5
2CBF04
330
2D7C58
100
AcDbEntity
  8
0
 62
     2
100
AcDbLine
 10
-175.0
 20
35.0000000000001
 30
0.0
 11
-110.0
 21
35.0000000000001
 31
0.0
  0
LINE
  5
2CBF05
330
2D7C58
100
AcDbEntity
  8
0
 62
     1
100
AcDbLine
 10
-175.0
 20
30.00000000000011
 30
0.0
 11
-110.0
 21
30.00000000000011
 31
0.0
  0
TEXT
  5
2CBF06
330
2D7C58
100
AcDbEntity
  8
0
 62
     1
100
AcDbText
 10
-174.3939267185262
 20
26.50000000000011
 30
0.0
 40
2.0
  1
DISEÑO
 41
0.7
  7
TEXTO-ROTULO
100
AcDbText
  0
TEXT
  5
2CBF07
330
2D7C58
100
AcDbEntity
  8
0
 62
     1
100
AcDbText
 10
-174.3939267185262
 20
21.50000000000011
 30
0.0
 40
2.0
  1
APROBO
 41
0.7
  7
TEXTO-ROTULO
100
AcDbText
  0
TEXT
  5
2CBF08
330
2D7C58
100
AcDbEntity
  8
0
 62
     1
100
AcDbText
 10
-174.3939267185262
 20
31.50000000000015
 30
0.0
 40
2.0
  1
PROYECTO
 41
0.7
  7
TEXTO-ROTULO
100
AcDbText
  0
LINE
  5
2CBF09
330
2D7C58
100
AcDbEntity
  8
0
 62
     3
100
AcDbLine
 10
0.0
 20
20.0
 30
0.0
 11
-110.0
 21
20.00000000000003
 31
0.0
  0
LINE
  5
2CBF0A
330
2D7C58
100
AcDbEntity
  8
0
 62
     6
100
AcDbLine
 10
0.0
 20
0.0
 30
0.0
 11
0.0
 21
40.00000000000009
 31
0.0
  0
LINE
  5
2CBF0B
330
2D7C58
100
AcDbEntity
  8
0
 62
     2
100
AcDbLine
 10
-12.13445079394273
 20
0.0
 30
0.0
 11
-12.13445079394273
 21
20.00000000000003
 31
0.0
  0
TEXT
  5
2CBF0C
330
2D7C58
100
AcDbEntity
  8
0
 62
     1
100
AcDbText
 10
-10.62082614222572
 20
16.5000000000002
 30
0.0
 40
2.0
  1
REVISION
 41
0.7
  7
TEXTO-ROTULO
100
AcDbText
  0
LINE
  5
2CBF0D
330
2D7C58
100
AcDbEntity
  8
0
 62
     1
100
AcDbLine
 10
0.0
 20
15.20000000000003
 30
0.0
 11
-12.13445079394273
 21
15.20000000000003
 31
0.0
  0
LINE
  5
2CBF0E
330
2D7C58
100
AcDbEntity
  8
0
 62
     2
100
AcDbLine
 10
-175.0
 20
10.00000000000006
 30
0.0
 11
-110.0
 21
10.00000000000003
 31
0.0
  0
LINE
  5
2CBF0F
330
2D7C58
100
AcDbEntity
  8
0
 62
     5
100
AcDbLine
 10
-110.0
 20
0.0
 30
0.0
 11
-110.0
 21
40.00000000000009
 31
0.0
  0
TEXT
  5
2CBF10
330
2D7C58
100
AcDbEntity
  8
0
 62
     1
100
AcDbText
 10
-135.847619047619
 20
36.50000000000031
 30
0.0
 40
2.0
  1
FECHA
 41
0.8
  7
TEXTO-ROTULO
 72
     1
 11
-132.0
 21
36.50000000000031
 31
0.0
100
AcDbText
  0
LINE
  5
2CBF11
330
2D7C58
100
AcDbEntity
  8
0
 62
     2
100
AcDbLine
 10
-163.0
 20
0.0
 30
0.0
 11
-163.0
 21
10.00000000000006
 31
0.0
  0
LINE
  5
2CBF12
330
2D7C58
100
AcDbEntity
  8
0
 62
     1
100
AcDbLine
 10
-138.0
 20
20.00000000000005
 30
0.0
 11
-138.0
 21
40.00000000000009
 31
0.0
  0
TEXT
  5
2CBF13
330
2D7C58
100
AcDbEntity
  8
0
 62
     1
100
AcDbText
 10
-162.3030701531158
 20
36.50000000000029
 30
0.0
 40
2.0
  1
INTERVINO
 41
0.8
  7
TEXTO-ROTULO
100
AcDbText
  0
LINE
  5
2CBF14
330
2D7C58
100
AcDbEntity
  8
0
 62
     1
100
AcDbLine
 10
-126.0
 20
20.00000000000005
 30
0.0
 11
-126.0
 21
40.00000000000009
 31
0.0
  0
TEXT
  5
2CBF15
330
2D7C58
100
AcDbEntity
  8
0
 62
     1
100
AcDbText
 10
-121.5047619047619
 20
36.50000000000031
 30
0.0
 40
2.0
  1
FIRMA
 41
0.8
  7
TEXTO-ROTULO
 72
     1
 11
-118.0
 21
36.50000000000031
 31
0.0
100
AcDbText
  0
TEXT
  5
2CBF16
330
2D7C58
100
AcDbEntity
  8
0
 62
     1
100
AcDbText
 10
-161.5792105409282
 20
7.139182933381269
 30
0.0
 40
2.0
  1
SECCION:
 41
0.7
  7
TEXTO-ROTULO
100
AcDbText
  0
TEXT
  5
2CBF17
330
2D7C58
100
AcDbEntity
  8
0
 62
     1
100
AcDbText
 10
-172.7905468275974
 20
7.139182933381285
 30
0.0
 40
2.0
  1
ESCALA
 41
0.7
  7
TEXTO-ROTULO
100
AcDbText
  0
LINE
  5
2CBF18
330
2D7C58
100
AcDbEntity
  8
0
 62
     2
100
AcDbLine
 10
-175.0
 20
20.00000000000005
 30
0.0
 11
-110.0
 21
20.00000000000005
 31
0.0
  0
LINE
  5
2CBF19
330
2D7C58
100
AcDbEntity
  8
0
 62
     2
100
AcDbLine
 10
-163.0
 20
20.00000000000005
 30
0.0
 11
-163.0
 21
40.00000000000009
 31
0.0
  0
TEXT
  5
2CBF1A
330
2D7C58
100
AcDbEntity
  8
0
 62
     1
100
AcDbText
 10
-173.5792105409282
 20
17.13918293338126
 30
0.0
 40
2.0
  1
PLANO Nº:
 41
0.7
  7
TEXTO-ROTULO
100
AcDbText
  0
INSERT
  5
2CBF1B
330
2D7C58
100
AcDbEntity
  8
POTENCIA
 62
     0
100
AcDbBlockReference
  2
*U30
 10
0.0
 20
0.0
 30
0.0
  0
ATTDEF
  5
2CBF1D
330
2D7C58
100
AcDbEntity
  8
0
 62
     4
100
AcDbText
 10
-161.5060005247724
 20
1.257891090061608
 30
0.0
 40
4.0
  1
.
 41
0.8
  7
TEXTO-ROTULO
100
AcDbAttributeDefinition
280
     0
  3
Seccion
  2
SECCION
 70
     0
280
     0
  0
ATTDEF
  5
2CBF1E
330
2D7C58
100
AcDbEntity
  8
0
 62
     4
100
AcDbText
 10
-173.5060005247724
 20
11.25789109006167
 30
0.0
 40
4.0
  1
.
 41
0.8
  7
TEXTO-ROTULO
100
AcDbAttributeDefinition
280
     0
  3
NUMERO DE PLANO:
  2
N_PLANO
 70
     0
280
     0
  0
ATTDEF
  5
2CBF1F
330
2D7C58
100
AcDbEntity
  8
0
 62
     2
100
AcDbText
 10
-169.5714285714286
 20
1.257891090061699
 30
0.0
 40
3.0
  1
.
 41
0.8
  7
TEXTO-ROTULO
 72
     1
 11
-169.0
 21
1.257891090061699
 31
0.0
100
AcDbAttributeDefinition
280
     0
  3
escala:
  2
ESC
 70
     0
280
     0
  0
ATTDEF
  5
2CBF20
330
2D7C58
100
AcDbEntity
  8
0
 62
     1
100
AcDbText
 10
-132.3095238095238
 20
21.50000000000014
 30
0.0
 40
2.0
  1
.
 41
0.65
  7
TEXTO-ROTULO
 72
     1
 11
-132.0
 21
21.50000000000014
 31
0.0
100
AcDbAttributeDefinition
280
     0
  3
fecha-aprobacion
  2
F_APRO
 70
     0
280
     0
  0
ATTDEF
  5
2CBF21
330
2D7C58
100
AcDbEntity
  8
0
 62
     2
100
AcDbText
 10
-162.3318779804279
 20
21.50000000000011
 30
0.0
 40
2.0
  1
.
 41
0.8
  7
TEXTO-ROTULO
100
AcDbAttributeDefinition
280
     0
  3
aprobo:
  2
APRO
 70
     0
280
     0
  0
ATTDEF
  5
2CBF22
330
2D7C58
100
AcDbEntity
  8
0
 62
     1
100
AcDbText
 10
-132.3095238095238
 20
26.50000000000015
 30
0.0
 40
2.0
  1
.
 41
0.65
  7
TEXTO-ROTULO
 72
     1
 11
-132.0
 21
26.50000000000015
 31
0.0
100
AcDbAttributeDefinition
280
     0
  3
fecha-dibujo
  2
F_DIBU
 70
     0
280
     0
  0
ATTDEF
  5
2CBF23
330
2D7C58
100
AcDbEntity
  8
0
 62
     2
100
AcDbText
 10
-162.3318779804279
 20
26.50000000000011
 30
0.0
 40
2.0
  1
.
 41
0.8
  7
TEXTO-ROTULO
100
AcDbAttributeDefinition
280
     0
  3
DIBUJO:
  2
DIBU
 70
     0
280
     0
  0
ATTDEF
  5
2CBF24
330
2D7C58
100
AcDbEntity
  8
0
 62
     1
100
AcDbText
 10
-132.3095238095238
 20
31.50000000000017
 30
0.0
 40
2.0
  1
.
 41
0.65
  7
TEXTO-ROTULO
 72
     1
 11
-132.0
 21
31.50000000000017
 31
0.0
100
AcDbAttributeDefinition
280
     0
  3
fecha- proyecto
  2
F_PROY
 70
     0
280
     0
  0
ATTDEF
  5
2CBF25
330
2D7C58
100
AcDbEntity
  8
0
 62
     2
100
AcDbText
 10
-162.3318779804279
 20
31.50000000000015
 30
0.0
 40
2.0
  1
.
 41
0.8
  7
TEXTO-ROTULO
100
AcDbAttributeDefinition
280
     0
  3
PROYECTO:
  2
PROY
 70
     0
280
     0
  0
ATTDEF
  5
2CBF26
330
2D7C58
100
AcDbEntity
  8
0
 62
     5
100
AcDbText
 10
-9.495796825542681
 20
2.600000000000022
 30
0.0
 40
10.0
  1
A
 41
0.8
  7
TEXTO-ROTULO
 72
     4
 11
-6.067225396971252
 21
7.600000000000022
 31
0.0
100
AcDbAttributeDefinition
280
     0
  3
REVICION:
  2
R
 70
     0
280
     0
  0
ATTDEF
  5
2CBF27
330
2D7C58
100
AcDbEntity
  8
0
 62
     5
100
AcDbText
 10
-61.96008253982851
 20
3.421578805919947
 30
0.0
 40
5.0
  1
.
 41
0.75
  7
TEXTO-ROTULO
 72
     1
 11
-61.06722539697137
 21
3.421578805919947
 31
0.0
100
AcDbAttributeDefinition
280
     0
  3
titulo2
  2
TITULO2
 70
     0
280
     0
  0
ATTDEF
  5
2CBF28
330
2D7C58
100
AcDbEntity
  8
0
 62
     5
100
AcDbText
 10
-61.96008253982851
 20
11.33789895908853
 30
0.0
 40
5.0
  1
.
 41
0.75
  7
TEXTO-ROTULO
 72
     1
 11
-61.06722539697137
 21
11.33789895908853
 31
0.0
100
AcDbAttributeDefinition
280
     0
  3
titulo1
  2
TITULO1
 70
     0
280
     0
  0
ENDBLK
  5
2CBF29
330
2D7C58
100
AcDbEntity
  8
0
100
AcDbBlockEnd
  0
BLOCK
  5
2D7C5B
330
2D7C5A
100
AcDbEntity
  8
0
 62
     0
100
AcDbBlockBegin
  2
*U30
 70
     1
 10
0.0
 20
0.0
 30
0.0
  3
*U30
  1

  0
TEXT
  5
2D4215
330
2D7C5A
100
AcDbEntity
  8
0
 62
     2
100
AcDbText
 10
-72.63568574827127
 20
33.77229409921056
 30
0.0
 40
2.56
  1
COMPAÑÍA INDUSTRIAL CERVECERA S.A
 41
0.75
  7
FECHADOR
100
AcDbText
  0
TEXT
  5
2D4216
330
2D7C5A
100
AcDbEntity
  8
0
 62
     2
100
AcDbText
 10
-72.72711431969984
 20
29.50562743254389
 30
0.0
 40
2.56
  1
Filial de Compañía Cerveceras Unidas S.A.
 41
0.75
  7
FECHADOR
100
AcDbText
  0
TEXT
  5
2D4217
330
2D7C5A
100
AcDbEntity
  8
0
 62
     2
100
AcDbText
 10
-72.72711431969984
 20
24.75134171825818
 30
0.0
 40
2.56
  1
R.P.N°6 Y R.P.N°34 -LUJÁN (BSAS)-ARGENTINA
 41
0.75
  7
FECHADOR
100
AcDbText
  0
ENDBLK
  5
2D4219
330
2D7C5A
100
AcDbEntity
  8
0
 62
     0
100
AcDbBlockEnd
  0
BLOCK
  5
2D7C5D
330
2D7C5C
100
AcDbEntity
  8
0
100
AcDbBlockBegin
  2
COTA_ARQ
 70
     0
 10
0.0
 20
0.0
 30
0.0
  3
COTA_ARQ
  1

  0
LINE
  5
2CFA8C
330
2D7C5C
100
AcDbEntity
  8
0
 62
     1
100
AcDbLine
 10
0.0
 20
0.5
 30
0.0
 11
0.0
 21
-0.5
 31
0.0
  0
LINE
  5
2CFA8D
330
2D7C5C
100
AcDbEntity
  8
0
 62
     4
100
AcDbLine
 10
0.4000000000000057
 20
0.3999999999999986
 30
0.0
 11
-0.4000000000000057
 21
-0.4000000000000023
 31
0.0
  0
LINE
  5
2CFA8E
330
2D7C5C
100
AcDbEntity
  8
0
 62
     0
100
AcDbLine
 10
-1.0
 20
0.0
 30
0.0
 11
0.2828427124746326
 21
0.0
 31
0.0
  0
ENDBLK
  5
2CFA8F
330
2D7C5C
100
AcDbEntity
  8
0
100
AcDbBlockEnd
  0
BLOCK
  5
2D7C5F
330
2D7C5E
100
AcDbEntity
  8
0
100
AcDbBlockBegin
  2
B150CORT
 70
     0
 10
0.0
 20
0.0
 30
0.0
  3
B150CORT
  1

  0
LWPOLYLINE
  5
2CFA92
330
2D7C5E
100
AcDbEntity
  8
0
100
AcDbPolyline
 90
        4
 70
     1
 43
0.0
 10
-74.99999999999639
 20
0.0
 10
-74.99999999999639
 20
-13.3301939847297
 10
74.99999999999639
 20
-13.3301939847297
 10
74.99999999999639
 20
0.0
  0
LWPOLYLINE
  5
2CFA93
330
2D7C5E
100
AcDbEntity
  8
0
100
AcDbPolyline
 90
        4
 70
     0
 43
0.0
 10
-84.99999999999635
 20
69.60724791217945
 10
-74.99999999999639
 20
75.0
 10
-74.99999999999639
 20
-17.0
 10
-59.99999999999634
 20
-17.0
  0
LWPOLYLINE
  5
2CFA94
330
2D7C5E
100
AcDbEntity
  8
0
100
AcDbPolyline
 90
        4
 70
     0
 43
0.0
 10
84.99999999999635
 20
69.60724791217945
 10
74.99999999999639
 20
75.0
 10
74.99999999999639
 20
-17.0
 10
59.99999999999634
 20
-17.0
  0
ENDBLK
  5
2CFA95
330
2D7C5E
100
AcDbEntity
  8
0
100
AcDbBlockEnd
  0
BLOCK
  5
2D7C61
330
2D7C60
100
AcDbEntity
  8
0
 62
     0
100
AcDbBlockBegin
  2
A$C0C0E24A4
 70
     0
 10
0.0
 20
0.0
 30
0.0
  3
A$C0C0E24A4
  1

  0
INSERT
  5
2D1408
330
2D7C60
100
AcDbEntity
  8
00-VISTA_CONTAC__TRIP
100
AcDbBlockReference
 66
     1
  2
TAC
 10
0.0000141233176691
 20
74.4999955496023
 30
0.0
  0
ATTRIB
  5
2D1409
330
2D1408
100
AcDbEntity
  8
00-VISTA_CONTAC__TRIP
 62
     7
100
AcDbText
 10
0.3068333958945004
 20
45.57421317258556
 30
0.0
 40
7.5
  1
LC1-D09
 41
0.85
  7
ROMAND
100
AcDbAttribute
280
     0
  2
LC1-D09
 70
     0
280
     0
  0
SEQEND
  5
2D140A
330
2D1408
100
AcDbEntity
  8
00-VISTA_CONTAC__TRIP
  0
INSERT
  5
2D140B
330
2D7C60
100
AcDbEntity
  8
00-VISTA_CONTAC__TRIP
100
AcDbBlockReference
 66
     1
  2
TAC
 10
45.00001412331767
 20
74.4999955496023
 30
0.0
  0
ATTRIB
  5
2D140C
330
2D140B
100
AcDbEntity
  8
00-VISTA_CONTAC__TRIP
 62
     7
100
AcDbText
 10
45.30683339589448
 20
45.57421317258556
 30
0.0
 40
7.5
  1
LC1-D09
 41
0.85
  7
ROMAND
100
AcDbAttribute
280
     0
  2
LC1-D09
 70
     0
280
     0
  0
SEQEND
  5
2D140D
330
2D140B
100
AcDbEntity
  8
00-VISTA_CONTAC__TRIP
  0
INSERT
  5
2D140E
330
2D7C60
100
AcDbEntity
  8
00-VISTA_CONTAC__TRIP
100
AcDbBlockReference
 66
     1
  2
TAC
 10
135.0000141233177
 20
74.4999955496023
 30
0.0
  0
ATTRIB
  5
2D140F
330
2D140E
100
AcDbEntity
  8
00-VISTA_CONTAC__TRIP
 62
     7
100
AcDbText
 10
135.3068333958945
 20
45.57421317258556
 30
0.0
 40
7.5
  1
LC1-D09
 41
0.85
  7
ROMAND
100
AcDbAttribute
280
     0
  2
LC1-D09
 70
     0
280
     0
  0
SEQEND
  5
2D1410
330
2D140E
100
AcDbEntity
  8
00-VISTA_CONTAC__TRIP
  0
INSERT
  5
2D1411
330
2D7C60
100
AcDbEntity
  8
00-VISTA_CONTAC__TRIP
100
AcDbBlockReference
 66
     1
  2
TAC
 10
90.00001412331767
 20
74.4999955496023
 30
0.0
  0
ATTRIB
  5
2D1412
330
2D1411
100
AcDbEntity
  8
00-VISTA_CONTAC__TRIP
 62
     7
100
AcDbText
 10
90.30683339589447
 20
45.57421317258556
 30
0.0
 40
7.5
  1
LC1-D09
 41
0.85
  7
ROMAND
100
AcDbAttribute
280
     0
  2
LC1-D09
 70
     0
280
     0
  0
SEQEND
  5
2D1413
330
2D1411
100
AcDbEntity
  8
00-VISTA_CONTAC__TRIP
  0
INSERT
  5
2D1414
330
2D7C60
100
AcDbEntity
  8
00-VISTA_CONTAC__TRIP
100
AcDbBlockReference
 66
     1
  2
TAC
 10
180.0000141233176
 20
74.4999955496023
 30
0.0
  0
ATTRIB
  5
2D1415
330
2D1414
100
AcDbEntity
  8
00-VISTA_CONTAC__TRIP
 62
     7
100
AcDbText
 10
180.3068333958945
 20
45.57421317258556
 30
0.0
 40
7.5
  1
LC1-D09
 41
0.85
  7
ROMAND
100
AcDbAttribute
280
     0
  2
LC1-D09
 70
     0
280
     0
  0
SEQEND
  5
2D1416
330
2D1414
100
AcDbEntity
  8
00-VISTA_CONTAC__TRIP
  0
ENDBLK
  5
2D141A
330
2D7C60
100
AcDbEntity
  8
0
 62
     0
100
AcDbBlockEnd
  0
BLOCK
  5
2D7C63
330
2D7C62
100
AcDbEntity
  8
0
 62
     0
100
AcDbBlockBegin
  2
INTERRUPTOR_DIFERENCIAL
 70
     0
 10
0.0
 20
0.0
 30
0.0
  3
INTERRUPTOR_DIFERENCIAL
  1

  0
LINE
  5
2D2738
330
2D7C62
100
AcDbEntity
  8
POTENCIA
100
AcDbLine
 10
280.2739737209649
 20
-201.8000314397787
 30
0.0
 11
282.7908663758371
 21
-199.2831387849044
 31
0.0
  0
LINE
  5
2D2739
330
2D7C62
100
AcDbEntity
  8
POTENCIA
100
AcDbLine
 10
282.7908663758371
 20
-201.8000314397787
 30
0.0
 11
280.2739737209649
 21
-199.2831387849044
 31
0.0
  0
LINE
  5
2D273A
330
2D7C62
100
AcDbEntity
  8
POTENCIA
100
AcDbLine
 10
281.5515183326848
 20
-214.5776713803546
 30
0.0
 11
277.2124200484
 21
-205.899474811788
 31
0.0
  0
LINE
  5
2D273B
330
2D7C62
100
AcDbEntity
  8
CABLES$ELECT$
 62
     1
100
AcDbLine
 10
277.309508498071
 20
-210.2194748117865
 30
0.0
 11
279.3724200484003
 21
-210.2194748117865
 31
0.0
  0
LINE
  5
2D273C
330
2D7C62
100
AcDbEntity
  8
CABLES$ELECT$
 62
     1
100
AcDbLine
 10
276.3754200484013
 20
-210.7766298803465
 30
0.0
 11
276.3754200484013
 21
-219.0349748117876
 31
0.0
  0
LWPOLYLINE
  5
2D273D
330
2D7C62
100
AcDbEntity
  8
CABLES$ELECT$
 62
     1
100
AcDbPolyline
 90
       33
 70
   128
 43
0.0
 10
278.8633378444383
 20
-219.0362831700042
 10
278.9149902677305
 20
-219.2623992132922
 10
279.067962666667
 20
-219.4798257712293
 10
279.3163764162705
 20
-219.6802072894602
 10
279.6506851455424
 20
-219.855843242882
 10
280.0580415979866
 20
-219.9999840615762
 10
280.522791342919
 20
-220.1070905121696
 10
281.0270743645624
 20
-220.1730465668043
 10
281.5515114102737
 20
-220.1953175792787
 10
282.0759487220085
 20
-220.1730476897687
 10
282.580232531499
 20
-220.1070927149437
 10
283.0449835558261
 20
-219.9999872595074
 10
283.4523417300466
 20
-219.8558473130786
 10
283.7866525573095
 20
-219.6802120755052
 10
284.0350687004948
 20
-219.4798310891995
 10
284.1880436966189
 20
-219.262404858822
 10
284.2396988208971
 20
-219.0362889261383
 10
284.1880490021276
 20
-218.8101727722508
 10
284.0350791076252
 20
-218.59274588676
 10
283.7866676661223
 20
-218.3923638366102
 10
283.4523609599219
 20
-218.2167271673425
 10
283.0450061677711
 20
-218.0725854763882
 10
282.5802576565529
 20
-217.9654780306393
 10
282.0759753946322
 20
-217.899520896196
 10
281.5515386054567
 20
-217.877248760758
 10
281.0271010372126
 20
-217.8995175273032
 10
280.5228164680248
 20
-217.9654714223177
 10
280.0580642100067
 20
-218.0725758825918
 10
279.6507043755128
 20
-218.2167149567529
 10
279.3163915251962
 20
-218.3923494784728
 10
279.0679730739216
 20
-218.5927299328498
 10
278.9149955733715
 20
-218.8101558356641
 10
278.8633378445729
 20
-219.036271657736
  0
LINE
  5
2D273E
330
2D7C62
100
AcDbEntity
  8
CABLES$ELECT$
 62
     1
100
AcDbLine
 10
278.8459200484012
 20
-219.0349748117876
 30
0.0
 11
276.3754200484013
 21
-219.0349748117876
 31
0.0
  0
LINE
  5
2D273F
330
2D7C62
100
AcDbEntity
  8
POTENCIA
100
AcDbLine
 10
281.5515183326843
 20
-214.5776713803527
 30
0.0
 11
281.5515183326829
 21
-237.0208112616833
 31
0.0
  0
LINE
  5
2D2740
330
2D7C62
100
AcDbEntity
  8
POTENCIA
100
AcDbLine
 10
278.8324200484012
 20
-203.2415851123417
 30
0.0
 11
284.232420048401
 21
-203.2415851123417
 31
0.0
  0
LWPOLYLINE
  5
2D2741
330
2D7C62
100
AcDbEntity
  8
POTENCIA
100
AcDbPolyline
 90
        4
 70
     1
 43
0.0
 10
275.492571690816
 20
-209.6299827322625
 10
277.309508498071
 20
-209.6299827322625
 10
277.309508498071
 20
-210.7766298803465
 10
275.492571690816
 20
-210.7766298803465
  0
ENDBLK
  5
2D2737
330
2D7C62
100
AcDbEntity
  8
0
 62
     0
100
AcDbBlockEnd
  0
BLOCK
  5
2D7C65
330
2D7C64
100
AcDbEntity
  8
0
 62
     0
100
AcDbBlockBegin
  2
*U35
 70
     1
 10
0.0
 20
0.0
 30
0.0
  3
*U35
  1

  0
TEXT
  5
2D27CA
330
2D7C64
100
AcDbEntity
  8
00-UNIF_TIPICO_REF_
100
AcDbText
 10
683.0909318199124
 20
89.0259730470275
 30
0.0
 40
3.5
  1
x...
  7
ROMANS_VICTOR
100
AcDbText
  0
ENDBLK
  5
2D27CC
330
2D7C64
100
AcDbEntity
  8
0
 62
     0
100
AcDbBlockEnd
  0
BLOCK
  5
2D7C67
330
2D7C66
100
AcDbEntity
  8
0
 62
     0
100
AcDbBlockBegin
  2
*U36
 70
     1
 10
0.0
 20
0.0
 30
0.0
  3
*U36
  1

  0
TEXT
  5
2D27D9
330
2D7C66
100
AcDbEntity
  8
00-UNIF_TEXTO_LAYOUT_1
100
AcDbText
 10
703.8366993174902
 20
65.235216281688
 30
0.0
 40
2.5
  1
LLAVE SELECTORA AUTOMÁTICO MANUAL.
  7
1-250
100
AcDbText
  0
ENDBLK
  5
2D27DB
330
2D7C66
100
AcDbEntity
  8
0
 62
     0
100
AcDbBlockEnd
  0
BLOCK
  5
2D7C69
330
2D7C68
100
AcDbEntity
  8
0
 62
     0
100
AcDbBlockBegin
  2
*U37
 70
     1
 10
0.0
 20
0.0
 30
0.0
  3
*U37
  1

  0
TEXT
  5
2D27DD
330
2D7C68
100
AcDbEntity
  8
00-UNIF_TEXTO_LAYOUT_1
100
AcDbText
 10
577.782248788679
 20
77.78392550207263
 30
0.0
 40
2.5
  1
INTERRUPTOR TERMOMAGNETICO
  7
1-250
100
AcDbText
  0
TEXT
  5
2D27DE
330
2D7C68
100
AcDbEntity
  8
00-UNIF_TEXTO_LAYOUT_1
100
AcDbText
 10
577.782248788679
 20
73.61725883540595
 30
0.0
 40
2.5
  1
MODELO, CALIBRE Y Nº DE POLOS
  7
1-250
100
AcDbText
  0
TEXT
  5
2D27DF
330
2D7C68
100
AcDbEntity
  8
00-UNIF_TEXTO_LAYOUT_1
100
AcDbText
 10
577.782248788679
 20
69.45059216873929
 30
0.0
 40
2.5
  1
INDICADOS EN EL PLANO.
  7
1-250
100
AcDbText
  0
ENDBLK
  5
2D27E1
330
2D7C68
100
AcDbEntity
  8
0
 62
     0
100
AcDbBlockEnd
  0
BLOCK
  5
2D7C6B
330
2D7C6A
100
AcDbEntity
  8
0
 62
     0
100
AcDbBlockBegin
  2
*U38
 70
     1
 10
0.0
 20
0.0
 30
0.0
  3
*U38
  1

  0
TEXT
  5
2D27E3
330
2D7C6A
100
AcDbEntity
  8
00-UNIF_TIPICO_REF_
100
AcDbText
 10
537.6592040272511
 20
75.45784953386451
 30
0.0
 40
3.5
  1
TM...
  7
ROMANS_VICTOR
100
AcDbText
  0
ENDBLK
  5
2D27E5
330
2D7C6A
100
AcDbEntity
  8
0
 62
     0
100
AcDbBlockEnd
  0
BLOCK
  5
2D7C6D
330
2D7C6C
100
AcDbEntity
  8
0
 62
     0
100
AcDbBlockBegin
  2
*U39
 70
     1
 10
0.0
 20
0.0
 30
0.0
  3
*U39
  1

  0
SOLID
  5
2D27E7
330
2D7C6C
100
AcDbEntity
  8
00-UNIF_TIPICO_REF_
  6
Continuous
100
AcDbTrace
 10
-553.0595049656713
 20
73.36928088768697
 30
0.0
 11
-553.4259975355173
 21
72.63629574799392
 31
0.0
 12
-552.3937887817171
 22
72.63629574799392
 32
0.0
 13
-552.3937887817171
 23
72.63629574799392
 33
0.0
210
0.0
220
0.0
230
-1.0
  0
SOLID
  5
2D27E8
330
2D7C6C
100
AcDbEntity
  8
00-UNIF_TIPICO_REF_
  6
Continuous
100
AcDbTrace
 10
-553.4259975355173
 20
72.63629574799392
 30
0.0
 11
-553.7924901053634
 21
71.90331060830181
 31
0.0
 12
-551.9600272561339
 22
71.90331060830181
 32
0.0
 13
-551.9600272561339
 23
71.90331060830181
 33
0.0
210
0.0
220
0.0
230
-1.0
  0
SOLID
  5
2D27E9
330
2D7C6C
100
AcDbEntity
  8
00-UNIF_TIPICO_REF_
  6
Continuous
100
AcDbTrace
 10
-551.7280725977633
 20
71.90331060830181
 30
0.0
 11
-551.9600272561334
 21
71.90331060830181
 31
0.0
 12
-551.5351139226335
 22
71.69085394155252
 32
0.0
 13
-551.5351139226335
 23
71.69085394155252
 33
0.0
210
0.0
220
0.0
230
-1.0
  0
SOLID
  5
2D27EA
330
2D7C6C
100
AcDbEntity
  8
00-UNIF_TIPICO_REF_
  6
Continuous
100
AcDbTrace
 10
-551.9600272561339
 20
71.90331060830181
 30
0.0
 11
-553.7924901053634
 21
71.90331060830181
 31
0.0
 12
-551.535113922635
 22
71.69085394155252
 32
0.0
 13
-551.535113922635
 23
71.69085394155252
 33
0.0
210
0.0
220
0.0
230
-1.0
  0
SOLID
  5
2D27EB
330
2D7C6C
100
AcDbEntity
  8
00-UNIF_TIPICO_REF_
  6
Continuous
100
AcDbTrace
 10
-552.3937887817171
 20
72.63629574799392
 30
0.0
 11
-551.9600272561334
 21
71.90331060830181
 31
0.0
 12
-551.7280725977633
 22
71.90331060830181
 32
0.0
 13
-551.7280725977633
 23
71.90331060830181
 33
0.0
210
0.0
220
0.0
230
-1.0
  0
SOLID
  5
2D27EC
330
2D7C6C
100
AcDbEntity
  8
00-UNIF_TIPICO_REF_
  6
Continuous
100
AcDbTrace
 10
-552.3937887817171
 20
72.63629574799392
 30
0.0
 11
-553.4259975355173
 21
72.63629574799392
 31
0.0
 12
-551.9600272561334
 22
71.90331060830181
 32
0.0
 13
-551.9600272561334
 23
71.90331060830181
 33
0.0
210
0.0
220
0.0
230
-1.0
  0
LINE
  5
2D27ED
330
2D7C6C
100
AcDbEntity
  8
00-UNIF_TIPICO_REF_
  6
Continuous
100
AcDbLine
 10
553.0595049656713
 20
73.36928088768697
 30
0.0
 11
553.4259975355173
 21
72.63629574799392
 31
0.0
  0
LINE
  5
2D27EE
330
2D7C6C
100
AcDbEntity
  8
00-UNIF_TIPICO_REF_
  6
Continuous
100
AcDbLine
 10
552.3937887817171
 20
72.63629574799392
 30
0.0
 11
553.0595049656713
 21
73.36928088768697
 31
0.0
  0
LINE
  5
2D27EF
330
2D7C6C
100
AcDbEntity
  8
00-UNIF_TIPICO_REF_
  6
Continuous
100
AcDbLine
 10
553.4259975355173
 20
72.63629574799392
 30
0.0
 11
553.7924901053634
 21
71.90331060830181
 31
0.0
  0
LINE
  5
2D27F0
330
2D7C6C
100
AcDbEntity
  8
00-UNIF_TIPICO_REF_
  6
Continuous
100
AcDbLine
 10
551.9600272561334
 20
71.90331060830181
 30
0.0
 11
551.5351139226335
 21
71.69085394155252
 31
0.0
  0
LINE
  5
2D27F1
330
2D7C6C
100
AcDbEntity
  8
00-UNIF_TIPICO_REF_
  6
Continuous
100
AcDbLine
 10
551.535113922635
 20
71.69085394155252
 30
0.0
 11
551.9600272561339
 21
71.90331060830181
 31
0.0
  0
LINE
  5
2D27F2
330
2D7C6C
100
AcDbEntity
  8
00-UNIF_TIPICO_REF_
  6
Continuous
100
AcDbLine
 10
551.7280725977633
 20
71.90331060830181
 30
0.0
 11
552.3937887817171
 21
72.63629574799392
 31
0.0
  0
ENDBLK
  5
2D27F4
330
2D7C6C
100
AcDbEntity
  8
0
 62
     0
100
AcDbBlockEnd
  0
BLOCK
  5
2D7C6F
330
2D7C6E
100
AcDbEntity
  8
0
 62
     0
100
AcDbBlockBegin
  2
*U40
 70
     1
 10
0.0
 20
0.0
 30
0.0
  3
*U40
  1

  0
TEXT
  5
2D27F6
330
2D7C6E
100
AcDbEntity
  8
00-UNIF_TEXTO_LAYOUT_1
100
AcDbText
 10
577.782248788679
 20
109.2570185147606
 30
0.0
 40
2.5
  1
INTERRUPTOR SECCIONADOR MERLIN GERIN
  7
1-250
100
AcDbText
  0
TEXT
  5
2D27F7
330
2D7C6E
100
AcDbEntity
  8
00-UNIF_TEXTO_LAYOUT_1
100
AcDbText
 10
577.9012964077264
 20
105.0903518480939
 30
0.0
 40
2.5
  1
COMANDO ROTATIVO 4x40A
  7
1-250
100
AcDbText
  0
ENDBLK
  5
2D27F9
330
2D7C6E
100
AcDbEntity
  8
0
 62
     0
100
AcDbBlockEnd
  0
BLOCK
  5
2D7C71
330
2D7C70
100
AcDbEntity
  8
0
 62
     0
100
AcDbBlockBegin
  2
*U41
 70
     1
 10
0.0
 20
0.0
 30
0.0
  3
*U41
  1

  0
TEXT
  5
2D27FB
330
2D7C70
100
AcDbEntity
  8
00-UNIF_TIPICO_REF_
100
AcDbText
 10
540.2655681095446
 20
127.1737241057944
 30
0.0
 40
4.0
  1
%%UREFERENCIAS:
  7
1-250
100
AcDbText
  0
ENDBLK
  5
2D27FD
330
2D7C70
100
AcDbEntity
  8
0
 62
     0
100
AcDbBlockEnd
  0
BLOCK
  5
2D7C73
330
2D7C72
100
AcDbEntity
  8
0
 62
     0
100
AcDbBlockBegin
  2
*U42
 70
     1
 10
0.0
 20
0.0
 30
0.0
  3
*U42
  1

  0
TEXT
  5
2D280A
330
2D7C72
100
AcDbEntity
  8
00-UNIF_TEXTO_LAYOUT_1
100
AcDbText
 10
577.782248788679
 20
43.238618110412
 30
0.0
 40
2.5
  1
INTERRUPTOR DIERENCIAL
  7
1-250
100
AcDbText
  0
TEXT
  5
2D280B
330
2D7C72
100
AcDbEntity
  8
00-UNIF_TEXTO_LAYOUT_1
100
AcDbText
 10
577.782248788679
 20
39.07195144374534
 30
0.0
 40
2.5
  1
MODELO, CALIBRE Y Nº DE POLOS
  7
1-250
100
AcDbText
  0
TEXT
  5
2D280C
330
2D7C72
100
AcDbEntity
  8
00-UNIF_TEXTO_LAYOUT_1
100
AcDbText
 10
577.782248788679
 20
34.90528477707869
 30
0.0
 40
2.5
  1
INDICADOS EN EL PLANO.
  7
1-250
100
AcDbText
  0
ENDBLK
  5
2D280E
330
2D7C72
100
AcDbEntity
  8
0
 62
     0
100
AcDbBlockEnd
  0
BLOCK
  5
2D7C75
330
2D7C74
100
AcDbEntity
  8
0
 62
     0
100
AcDbBlockBegin
  2
*U43
 70
     1
 10
0.0
 20
0.0
 30
0.0
  3
*U43
  1

  0
TEXT
  5
2D2810
330
2D7C74
100
AcDbEntity
  8
00-UNIF_TEXTO_LAYOUT_1
100
AcDbText
 10
703.955746936538
 20
109.246646432516
 30
0.0
 40
2.5
  1
SEÑALIZACIÓN LUMINOSA CON LED INTEGRADO
  7
1-250
100
AcDbText
  0
TEXT
  5
2D2811
330
2D7C74
100
AcDbEntity
  8
00-UNIF_TEXTO_LAYOUT_1
100
AcDbText
 10
704.3128897936806
 20
105.0799797658493
 30
0.0
 40
2.5
  1
 ∅22mm HARMONY TELEMECANIQUE
  7
1-250
100
AcDbText
  0
ENDBLK
  5
2D2813
330
2D7C74
100
AcDbEntity
  8
0
 62
     0
100
AcDbBlockEnd
  0
BLOCK
  5
2D7C77
330
2D7C76
100
AcDbEntity
  8
0
 62
     0
100
AcDbBlockBegin
  2
*U44
 70
     1
 10
0.0
 20
0.0
 30
0.0
  3
*U44
  1

  0
TEXT
  5
2D2815
330
2D7C76
100
AcDbEntity
  8
00-UNIF_TEXTO_LAYOUT_1
100
AcDbText
 10
703.8366993174902
 20
88.07479265059049
 30
0.0
 40
2.5
  1
BORNERA ZOLODA BP-N
  7
1-250
100
AcDbText
  0
ENDBLK
  5
2D2817
330
2D7C76
100
AcDbEntity
  8
0
 62
     0
100
AcDbBlockEnd
  0
BLOCK
  5
2D7C79
330
2D7C78
100
AcDbEntity
  8
0
 62
     0
100
AcDbBlockBegin
  2
*U45
 70
     1
 10
0.0
 20
0.0
 30
0.0
  3
*U45
  1

  0
TEXT
  5
2D2819
330
2D7C78
100
AcDbEntity
  8
00-UNIF_TIPICO_REF_
100
AcDbText
 10
538.7086606914545
 20
103.2884915593085
 30
0.0
 40
3.5
  1
SG...
  7
ROMANS_VICTOR
100
AcDbText
  0
ENDBLK
  5
2D281B
330
2D7C78
100
AcDbEntity
  8
0
 62
     0
100
AcDbBlockEnd
  0
BLOCK
  5
2D7C7B
330
2D7C7A
100
AcDbEntity
  8
0
 62
     0
100
AcDbBlockBegin
  2
*U46
 70
     1
 10
0.0
 20
0.0
 30
0.0
  3
*U46
  1

  0
TEXT
  5
2D281D
330
2D7C7A
100
AcDbEntity
  8
TEXTO
 62
     7
100
AcDbText
 10
1144.256145620319
 20
122.8929327555329
 30
0.0
 40
2.5
  1
NOTAS:
  7
1-50
100
AcDbText
  0
TEXT
  5
2D281E
330
2D7C7A
100
AcDbEntity
  8
TEXTO
 62
     7
100
AcDbText
 10
1144.018050382224
 20
114.0834089460091
 30
0.0
 40
2.5
  1
1 - TODAS LAS DIMENSIONES Y NIVELES DEBERÁN VERIFICARSE EN OBRA.
  7
1-50
100
AcDbText
  0
TEXT
  5
2D281F
330
2D7C7A
100
AcDbEntity
  8
TEXTO
 62
     7
100
AcDbText
 10
1144.375193239367
 20
105.2738851364853
 30
0.0
 40
2.5
  1
2 - TODOS LOS INSERTOS SERÁN PROVISTOS POR EL INSTALADOR.
  7
1-50
100
AcDbText
  0
ENDBLK
  5
2D2821
330
2D7C7A
100
AcDbEntity
  8
0
 62
     0
100
AcDbBlockEnd
  0
BLOCK
  5
2D7C7D
330
2D7C7C
100
AcDbEntity
  8
0
 62
     0
100
AcDbBlockBegin
  2
*U47
 70
     1
 10
0.0
 20
0.0
 30
0.0
  3
*U47
  1

  0
TEXT
  5
2D2829
330
2D7C7C
100
AcDbEntity
  8
00-UNIF_TEXTO_LAYOUT_1
100
AcDbText
 10
697.7098268436078
 20
34.68085577263969
 30
0.0
 40
2.5
  1
CONTACTOR 9A-24VCA-4NA
  7
1-250
100
AcDbText
  0
ENDBLK
  5
2D282B
330
2D7C7C
100
AcDbEntity
  8
0
 62
     0
100
AcDbBlockEnd
  0
BLOCK
  5
2D7C7F
330
2D7C7E
100
AcDbEntity
  8
0
 62
     0
100
AcDbBlockBegin
  2
*U48
 70
     1
 10
0.0
 20
0.0
 30
0.0
  3
*U48
  1

  0
TEXT
  5
2D282D
330
2D7C7E
100
AcDbEntity
  8
00-UNIF_TEXTO_LAYOUT_1
100
AcDbText
 10
697.5688791199312
 20
41.07058029052394
 30
0.0
 40
2.5
  1
K
  7
1-250
100
AcDbText
  0
TEXT
  5
2D282E
330
2D7C7E
100
AcDbEntity
  8
00-UNIF_TEXTO_LAYOUT_1
100
AcDbText
 10
700.0688791199312
 20
41.07058029052394
 30
0.0
 40
1.25
  1
1
  7
1-250
100
AcDbText
  0
TEXT
  5
2D282F
330
2D7C7E
100
AcDbEntity
  8
00-UNIF_TEXTO_LAYOUT_1
100
AcDbText
 10
701.2593553104076
 20
41.07058029052394
 30
0.0
 40
2.5
  1
/K
  7
1-250
100
AcDbText
  0
TEXT
  5
2D2830
330
2D7C7E
100
AcDbEntity
  8
00-UNIF_TEXTO_LAYOUT_1
100
AcDbText
 10
706.3784029294547
 20
41.07058029052394
 30
0.0
 40
1.25
  1
2
  7
1-250
100
AcDbText
  0
TEXT
  5
2D2831
330
2D7C7E
100
AcDbEntity
  8
00-UNIF_TEXTO_LAYOUT_1
100
AcDbText
 10
707.5688791199312
 20
41.07058029052394
 30
0.0
 40
2.5
  1
/K
  7
1-250
100
AcDbText
  0
TEXT
  5
2D2832
330
2D7C7E
100
AcDbEntity
  8
00-UNIF_TEXTO_LAYOUT_1
100
AcDbText
 10
712.6879267389787
 20
41.07058029052394
 30
0.0
 40
1.25
  1
3
  7
1-250
100
AcDbText
  0
TEXT
  5
2D2833
330
2D7C7E
100
AcDbEntity
  8
00-UNIF_TEXTO_LAYOUT_1
100
AcDbText
 10
713.8784029294547
 20
41.07058029052394
 30
0.0
 40
2.5
  1
/K
  7
1-250
100
AcDbText
  0
TEXT
  5
2D2834
330
2D7C7E
100
AcDbEntity
  8
00-UNIF_TEXTO_LAYOUT_1
100
AcDbText
 10
718.9974505485025
 20
41.07058029052394
 30
0.0
 40
1.25
  1
4
  7
1-250
100
AcDbText
  0
TEXT
  5
2D2835
330
2D7C7E
100
AcDbEntity
  8
00-UNIF_TEXTO_LAYOUT_1
100
AcDbText
 10
720.1879267389784
 20
41.07058029052394
 30
0.0
 40
2.5
  1
/K
  7
1-250
100
AcDbText
  0
TEXT
  5
2D2836
330
2D7C7E
100
AcDbEntity
  8
00-UNIF_TEXTO_LAYOUT_1
100
AcDbText
 10
725.3069743580262
 20
41.07058029052394
 30
0.0
 40
1.25
  1
5
  7
1-250
100
AcDbText
  0
TEXT
  5
2D2837
330
2D7C7E
100
AcDbEntity
  8
00-UNIF_TEXTO_LAYOUT_1
100
AcDbText
 10
726.4974505485024
 20
41.07058029052394
 30
0.0
 40
2.5
  1
/K
  7
1-250
100
AcDbText
  0
TEXT
  5
2D2838
330
2D7C7E
100
AcDbEntity
  8
00-UNIF_TEXTO_LAYOUT_1
100
AcDbText
 10
731.6164981675499
 20
41.07058029052394
 30
0.0
 40
1.25
  1
6
  7
1-250
100
AcDbText
  0
TEXT
  5
2D2839
330
2D7C7E
100
AcDbEntity
  8
00-UNIF_TEXTO_LAYOUT_1
100
AcDbText
 10
732.806974358026
 20
41.07058029052394
 30
0.0
 40
2.5
  1
/K
  7
1-250
100
AcDbText
  0
TEXT
  5
2D283A
330
2D7C7E
100
AcDbEntity
  8
00-UNIF_TEXTO_LAYOUT_1
100
AcDbText
 10
737.9260219770737
 20
41.07058029052394
 30
0.0
 40
1.25
  1
7
  7
1-250
100
AcDbText
  0
TEXT
  5
2D283B
330
2D7C7E
100
AcDbEntity
  8
00-UNIF_TEXTO_LAYOUT_1
100
AcDbText
 10
739.1164981675498
 20
41.07058029052394
 30
0.0
 40
2.5
  1
/K
  7
1-250
100
AcDbText
  0
TEXT
  5
2D283C
330
2D7C7E
100
AcDbEntity
  8
00-UNIF_TEXTO_LAYOUT_1
100
AcDbText
 10
744.2355457865975
 20
41.07058029052394
 30
0.0
 40
1.25
  1
8
  7
1-250
100
AcDbText
  0
TEXT
  5
2D283D
330
2D7C7E
100
AcDbEntity
  8
00-UNIF_TEXTO_LAYOUT_1
100
AcDbText
 10
745.4260219770731
 20
41.07058029052394
 30
0.0
 40
2.5
  1
/K
  7
1-250
100
AcDbText
  0
TEXT
  5
2D283E
330
2D7C7E
100
AcDbEntity
  8
00-UNIF_TEXTO_LAYOUT_1
100
AcDbText
 10
750.545069596121
 20
41.07058029052394
 30
0.0
 40
1.25
  1
9
  7
1-250
100
AcDbText
  0
TEXT
  5
2D283F
330
2D7C7E
100
AcDbEntity
  8
00-UNIF_TEXTO_LAYOUT_1
100
AcDbText
 10
751.7355457865972
 20
41.07058029052394
 30
0.0
 40
2.5
  1
/K
  7
1-250
100
AcDbText
  0
TEXT
  5
2D2840
330
2D7C7E
100
AcDbEntity
  8
00-UNIF_TEXTO_LAYOUT_1
100
AcDbText
 10
756.8545934056449
 20
41.07058029052394
 30
0.0
 40
1.25
  1
10
  7
1-250
100
AcDbText
  0
TEXT
  5
2D2841
330
2D7C7E
100
AcDbEntity
  8
00-UNIF_TEXTO_LAYOUT_1
100
AcDbText
 10
759.2355457865973
 20
41.07058029052394
 30
0.0
 40
2.5
  1
/K
  7
1-250
100
AcDbText
  0
TEXT
  5
2D2842
330
2D7C7E
100
AcDbEntity
  8
00-UNIF_TEXTO_LAYOUT_1
100
AcDbText
 10
764.3545934056446
 20
41.07058029052394
 30
0.0
 40
1.25
  1
11
  7
1-250
100
AcDbText
  0
ENDBLK
  5
2D2844
330
2D7C7E
100
AcDbEntity
  8
0
 62
     0
100
AcDbBlockEnd
  0
BLOCK
  5
2D7C81
330
2D7C80
100
AcDbEntity
  8
0
 62
     0
100
AcDbBlockBegin
  2
*U49
 70
     1
 10
0.0
 20
0.0
 30
0.0
  3
*U49
  1

  0
TEXT
  5
2D2846
330
2D7C80
100
AcDbEntity
  8
00-UNIF_TIPICO_REF_
100
AcDbText
 10
825.0931757322444
 20
113.542834098135
 30
0.0
 40
2.5
  1
M
  7
1-250
100
AcDbText
  0
ENDBLK
  5
2D2848
330
2D7C80
100
AcDbEntity
  8
0
 62
     0
100
AcDbBlockEnd
  0
BLOCK
  5
2D7C83
330
2D7C82
100
AcDbEntity
  8
0
 62
     0
100
AcDbBlockBegin
  2
*U50
 70
     1
 10
0.0
 20
0.0
 30
0.0
  3
*U50
  1

  0
TEXT
  5
2D284A
330
2D7C82
100
AcDbEntity
  8
00-UNIF_TIPICO_REF_
100
AcDbText
 10
831.62357108278
 20
113.542834098135
 30
0.0
 40
2.5
  1
0
  7
1-250
100
AcDbText
  0
ENDBLK
  5
2D284C
330
2D7C82
100
AcDbEntity
  8
0
 62
     0
100
AcDbBlockEnd
  0
BLOCK
  5
2D7C85
330
2D7C84
100
AcDbEntity
  8
0
 62
     0
100
AcDbBlockBegin
  2
*U51
 70
     1
 10
0.0
 20
0.0
 30
0.0
  3
*U51
  1

  0
TEXT
  5
2D284E
330
2D7C84
100
AcDbEntity
  8
00-UNIF_TIPICO_REF_
100
AcDbText
 10
837.4715424000854
 20
113.542834098135
 30
0.0
 40
2.5
  1
A
  7
1-250
100
AcDbText
  0
ENDBLK
  5
2D2850
330
2D7C84
100
AcDbEntity
  8
0
 62
     0
100
AcDbBlockEnd
  0
BLOCK
  5
2D7C87
330
2D7C86
100
AcDbEntity
  8
0
 62
     0
100
AcDbBlockBegin
  2
*U52
 70
     1
 10
0.0
 20
0.0
 30
0.0
  3
*U52
  1

  0
TEXT
  5
2D2852
330
2D7C86
100
AcDbEntity
  8
00-UNIF_TEXTO_LAYOUT_1
100
AcDbText
 10
843.2050002640487
 20
107.4415149439838
 30
0.0
 40
2.5
  1
S
  7
1-250
100
AcDbText
  0
TEXT
  5
2D2853
330
2D7C86
100
AcDbEntity
  8
00-UNIF_TEXTO_LAYOUT_1
100
AcDbText
 10
845.585952645001
 20
107.4415149439838
 30
0.0
 40
1.25
  1
1
  7
1-250
100
AcDbText
  0
TEXT
  5
2D2854
330
2D7C86
100
AcDbEntity
  8
00-UNIF_TEXTO_LAYOUT_1
100
AcDbText
 10
846.7764288354773
 20
107.4415149439838
 30
0.0
 40
2.5
  1
/S
  7
1-250
100
AcDbText
  0
TEXT
  5
2D2855
330
2D7C86
100
AcDbEntity
  8
00-UNIF_TEXTO_LAYOUT_1
100
AcDbText
 10
851.7764288354769
 20
107.4415149439838
 30
0.0
 40
1.25
  1
2
  7
1-250
100
AcDbText
  0
TEXT
  5
2D2856
330
2D7C86
100
AcDbEntity
  8
00-UNIF_TEXTO_LAYOUT_1
100
AcDbText
 10
852.9669050259531
 20
107.4415149439838
 30
0.0
 40
2.5
  1
/S
  7
1-250
100
AcDbText
  0
TEXT
  5
2D2857
330
2D7C86
100
AcDbEntity
  8
00-UNIF_TEXTO_LAYOUT_1
100
AcDbText
 10
857.9669050259534
 20
107.4415149439838
 30
0.0
 40
1.25
  1
3
  7
1-250
100
AcDbText
  0
TEXT
  5
2D2858
330
2D7C86
100
AcDbEntity
  8
00-UNIF_TEXTO_LAYOUT_1
100
AcDbText
 10
859.1573812164298
 20
107.4415149439838
 30
0.0
 40
2.5
  1
/S
  7
1-250
100
AcDbText
  0
TEXT
  5
2D2859
330
2D7C86
100
AcDbEntity
  8
00-UNIF_TEXTO_LAYOUT_1
100
AcDbText
 10
864.1573812164294
 20
107.4415149439838
 30
0.0
 40
1.25
  1
4
  7
1-250
100
AcDbText
  0
TEXT
  5
2D285A
330
2D7C86
100
AcDbEntity
  8
00-UNIF_TEXTO_LAYOUT_1
100
AcDbText
 10
865.3478574069056
 20
107.4415149439838
 30
0.0
 40
2.5
  1
/S
  7
1-250
100
AcDbText
  0
TEXT
  5
2D285B
330
2D7C86
100
AcDbEntity
  8
00-UNIF_TEXTO_LAYOUT_1
100
AcDbText
 10
870.3478574069059
 20
107.4415149439838
 30
0.0
 40
1.25
  1
5
  7
1-250
100
AcDbText
  0
TEXT
  5
2D285C
330
2D7C86
100
AcDbEntity
  8
00-UNIF_TEXTO_LAYOUT_1
100
AcDbText
 10
871.5383335973818
 20
107.4415149439838
 30
0.0
 40
2.5
  1
/S
  7
1-250
100
AcDbText
  0
TEXT
  5
2D285D
330
2D7C86
100
AcDbEntity
  8
00-UNIF_TEXTO_LAYOUT_1
100
AcDbText
 10
876.5383335973819
 20
107.4415149439838
 30
0.0
 40
1.25
  1
6
  7
1-250
100
AcDbText
  0
TEXT
  5
2D285E
330
2D7C86
100
AcDbEntity
  8
00-UNIF_TEXTO_LAYOUT_1
100
AcDbText
 10
877.728809787858
 20
107.4415149439838
 30
0.0
 40
2.5
  1
/S
  7
1-250
100
AcDbText
  0
TEXT
  5
2D285F
330
2D7C86
100
AcDbEntity
  8
00-UNIF_TEXTO_LAYOUT_1
100
AcDbText
 10
882.7288097878581
 20
107.4415149439838
 30
0.0
 40
1.25
  1
7
  7
1-250
100
AcDbText
  0
TEXT
  5
2D2860
330
2D7C86
100
AcDbEntity
  8
00-UNIF_TEXTO_LAYOUT_1
100
AcDbText
 10
883.9192859783342
 20
107.4415149439838
 30
0.0
 40
2.5
  1
/S
  7
1-250
100
AcDbText
  0
TEXT
  5
2D2861
330
2D7C86
100
AcDbEntity
  8
00-UNIF_TEXTO_LAYOUT_1
100
AcDbText
 10
888.9192859783342
 20
107.4415149439838
 30
0.0
 40
1.25
  1
8
  7
1-250
100
AcDbText
  0
TEXT
  5
2D2862
330
2D7C86
100
AcDbEntity
  8
00-UNIF_TEXTO_LAYOUT_1
100
AcDbText
 10
890.1097621688105
 20
107.4415149439838
 30
0.0
 40
2.5
  1
/S
  7
1-250
100
AcDbText
  0
TEXT
  5
2D2863
330
2D7C86
100
AcDbEntity
  8
00-UNIF_TEXTO_LAYOUT_1
100
AcDbText
 10
895.1097621688104
 20
107.4415149439838
 30
0.0
 40
1.25
  1
9
  7
1-250
100
AcDbText
  0
TEXT
  5
2D2864
330
2D7C86
100
AcDbEntity
  8
00-UNIF_TEXTO_LAYOUT_1
100
AcDbText
 10
896.300238359286
 20
107.4415149439838
 30
0.0
 40
2.5
  1
/S
  7
1-250
100
AcDbText
  0
TEXT
  5
2D2865
330
2D7C86
100
AcDbEntity
  8
00-UNIF_TEXTO_LAYOUT_1
100
AcDbText
 10
901.3002383592864
 20
107.4415149439838
 30
0.0
 40
1.25
  1
10
  7
1-250
100
AcDbText
  0
TEXT
  5
2D2866
330
2D7C86
100
AcDbEntity
  8
00-UNIF_TEXTO_LAYOUT_1
100
AcDbText
 10
903.6811907402388
 20
107.4415149439838
 30
0.0
 40
2.5
  1
/S
  7
1-250
100
AcDbText
  0
TEXT
  5
2D2867
330
2D7C86
100
AcDbEntity
  8
00-UNIF_TEXTO_LAYOUT_1
100
AcDbText
 10
908.6811907402388
 20
107.4415149439838
 30
0.0
 40
1.25
  1
11
  7
1-250
100
AcDbText
  0
ENDBLK
  5
2D2869
330
2D7C86
100
AcDbEntity
  8
0
 62
     0
100
AcDbBlockEnd
  0
BLOCK
  5
2D7C89
330
2D7C88
100
AcDbEntity
  8
0
 62
     0
100
AcDbBlockBegin
  2
*U53
 70
     1
 10
0.0
 20
0.0
 30
0.0
  3
*U53
  1

  0
TEXT
  5
2D286B
330
2D7C88
100
AcDbEntity
  8
00-UNIF_TEXTO_LAYOUT_1
100
AcDbText
 10
842.964489546186
 20
101.9548302236093
 30
0.0
 40
2.5
  1
SELECTORA 1-0-2 AUT/MANUAL Ø22.50
  7
1-250
100
AcDbText
  0
ENDBLK
  5
2D286D
330
2D7C88
100
AcDbEntity
  8
0
 62
     0
100
AcDbBlockEnd
  0
BLOCK
  5
2D7C8B
330
2D7C8A
100
AcDbEntity
  8
0
 62
     0
100
AcDbBlockBegin
  2
*U54
 70
     1
 10
0.0
 20
0.0
 30
0.0
  3
*U54
  1

  0
TEXT
  5
2D2874
330
2D7C8A
100
AcDbEntity
  8
00-UNIF_TEXTO_LAYOUT_1
100
AcDbText
 10
842.8594097354718
 20
73.4582228552881
 30
0.0
 40
2.5
  1
RELE 220V-10A-4NA
  7
1-250
100
AcDbText
  0
ENDBLK
  5
2D2876
330
2D7C8A
100
AcDbEntity
  8
0
 62
     0
100
AcDbBlockEnd
  0
BLOCK
  5
2D7C8D
330
2D7C8C
100
AcDbEntity
  8
0
 62
     0
100
AcDbBlockBegin
  2
*U55
 70
     1
 10
0.0
 20
0.0
 30
0.0
  3
*U55
  1

  0
TEXT
  5
2D2878
330
2D7C8C
100
AcDbEntity
  8
00-UNIF_TEXTO_LAYOUT_1
100
AcDbText
 10
842.7811753914223
 20
77.759718917148
 30
0.0
 40
2.5
  1
R
  7
1-250
100
AcDbText
  0
TEXT
  5
2D2879
330
2D7C8C
100
AcDbEntity
  8
00-UNIF_TEXTO_LAYOUT_1
100
AcDbText
 10
845.2811753914224
 20
77.759718917148
 30
0.0
 40
1.25
  1
1
  7
1-250
100
AcDbText
  0
TEXT
  5
2D287A
330
2D7C8C
100
AcDbEntity
  8
00-UNIF_TEXTO_LAYOUT_1
100
AcDbText
 10
846.4716515818981
 20
77.759718917148
 30
0.0
 40
2.5
  1
/R
  7
1-250
100
AcDbText
  0
TEXT
  5
2D287B
330
2D7C8C
100
AcDbEntity
  8
00-UNIF_TEXTO_LAYOUT_1
100
AcDbText
 10
851.590699200946
 20
77.759718917148
 30
0.0
 40
1.25
  1
2
  7
1-250
100
AcDbText
  0
TEXT
  5
2D287C
330
2D7C8C
100
AcDbEntity
  8
00-UNIF_TEXTO_LAYOUT_1
100
AcDbText
 10
852.7811753914223
 20
77.759718917148
 30
0.0
 40
2.5
  1
/R
  7
1-250
100
AcDbText
  0
TEXT
  5
2D287D
330
2D7C8C
100
AcDbEntity
  8
00-UNIF_TEXTO_LAYOUT_1
100
AcDbText
 10
857.9002230104697
 20
77.759718917148
 30
0.0
 40
1.25
  1
3
  7
1-250
100
AcDbText
  0
TEXT
  5
2D287E
330
2D7C8C
100
AcDbEntity
  8
00-UNIF_TEXTO_LAYOUT_1
100
AcDbText
 10
859.0906992009459
 20
77.759718917148
 30
0.0
 40
2.5
  1
/R
  7
1-250
100
AcDbText
  0
TEXT
  5
2D287F
330
2D7C8C
100
AcDbEntity
  8
00-UNIF_TEXTO_LAYOUT_1
100
AcDbText
 10
864.2097468199935
 20
77.759718917148
 30
0.0
 40
1.25
  1
4
  7
1-250
100
AcDbText
  0
ENDBLK
  5
2D2881
330
2D7C8C
100
AcDbEntity
  8
0
 62
     0
100
AcDbBlockEnd
  0
BLOCK
  5
2D7C8F
330
2D7C8E
100
AcDbEntity
  8
0
 62
     0
100
AcDbBlockBegin
  2
*U56
 70
     1
 10
0.0
 20
0.0
 30
0.0
  3
*U56
  1

  0
SOLID
  5
2D2883
330
2D7C8E
100
AcDbEntity
  8
00-UNIF_TIPICO_REF_
  6
Continuous
100
AcDbTrace
 10
-832.5646591764234
 20
56.21409865032298
 30
0.0
 11
-833.3846573122624
 21
55.29008715860346
 31
0.0
 12
-832.2570468435314
 22
55.29008715860346
 32
0.0
 13
-832.2570468435314
 23
55.29008715860346
 33
0.0
210
0.0
220
0.0
230
-1.0
  0
SOLID
  5
2D2884
330
2D7C8E
100
AcDbEntity
  8
00-UNIF_TIPICO_REF_
  6
Continuous
100
AcDbTrace
 10
-832.2570468435314
 20
55.29008715860346
 30
0.0
 11
-833.3846573122624
 21
55.29008715860346
 31
0.0
 12
-832.1744408191301
 22
55.04195368776822
 32
0.0
 13
-832.1744408191301
 23
55.04195368776822
 33
0.0
210
0.0
220
0.0
230
-1.0
  0
LINE
  5
2D2885
330
2D7C8E
100
AcDbEntity
  8
00-UNIF_TIPICO_REF_
  6
Continuous
100
AcDbLine
 10
832.5646591764234
 20
56.21409865032298
 30
0.0
 11
833.3846573122624
 21
55.29008715860346
 31
0.0
  0
LINE
  5
2D2886
330
2D7C8E
100
AcDbEntity
  8
00-UNIF_TIPICO_REF_
  6
Continuous
100
AcDbLine
 10
832.2570468435314
 20
55.29008715860346
 30
0.0
 11
832.5646591764234
 21
56.21409865032298
 31
0.0
  0
LINE
  5
2D2887
330
2D7C8E
100
AcDbEntity
  8
00-UNIF_TIPICO_REF_
  6
Continuous
100
AcDbLine
 10
833.3846573122624
 20
55.29008715860346
 30
0.0
 11
832.1744408191301
 21
55.04195368776822
 31
0.0
  0
LINE
  5
2D2888
330
2D7C8E
100
AcDbEntity
  8
00-UNIF_TIPICO_REF_
  6
Continuous
100
AcDbLine
 10
832.1744408191301
 20
55.04195368776822
 30
0.0
 11
832.2570468435314
 21
55.29008715860346
 31
0.0
  0
ENDBLK
  5
2D288A
330
2D7C8E
100
AcDbEntity
  8
0
 62
     0
100
AcDbBlockEnd
  0
BLOCK
  5
2D7C91
330
2D7C90
100
AcDbEntity
  8
0
 62
     0
100
AcDbBlockBegin
  2
*U57
 70
     1
 10
0.0
 20
0.0
 30
0.0
  3
*U57
  1

  0
SOLID
  5
2D2890
330
2D7C90
100
AcDbEntity
  8
00-UNIF_TIPICO_REF_
  6
Continuous
100
AcDbTrace
 10
-833.9776911210559
 20
54.62182947564325
 30
0.0
 11
-834.7976892568947
 21
53.69781798392374
 31
0.0
 12
-833.6700787881639
 22
53.69781798392374
 32
0.0
 13
-833.6700787881639
 23
53.69781798392374
 33
0.0
210
0.0
220
0.0
230
-1.0
  0
SOLID
  5
2D2891
330
2D7C90
100
AcDbEntity
  8
00-UNIF_TIPICO_REF_
  6
Continuous
100
AcDbTrace
 10
-833.6700787881639
 20
53.69781798392374
 30
0.0
 11
-834.7976892568947
 21
53.69781798392374
 31
0.0
 12
-833.5874727637625
 22
53.44968451308862
 32
0.0
 13
-833.5874727637625
 23
53.44968451308862
 33
0.0
210
0.0
220
0.0
230
-1.0
  0
LINE
  5
2D2892
330
2D7C90
100
AcDbEntity
  8
00-UNIF_TIPICO_REF_
  6
Continuous
100
AcDbLine
 10
833.9776911210559
 20
54.62182947564325
 30
0.0
 11
834.7976892568947
 21
53.69781798392374
 31
0.0
  0
LINE
  5
2D2893
330
2D7C90
100
AcDbEntity
  8
00-UNIF_TIPICO_REF_
  6
Continuous
100
AcDbLine
 10
833.6700787881639
 20
53.69781798392374
 30
0.0
 11
833.9776911210559
 21
54.62182947564325
 31
0.0
  0
LINE
  5
2D2894
330
2D7C90
100
AcDbEntity
  8
00-UNIF_TIPICO_REF_
  6
Continuous
100
AcDbLine
 10
834.7976892568947
 20
53.69781798392374
 30
0.0
 11
833.5874727637625
 21
53.44968451308862
 31
0.0
  0
LINE
  5
2D2895
330
2D7C90
100
AcDbEntity
  8
00-UNIF_TIPICO_REF_
  6
Continuous
100
AcDbLine
 10
833.5874727637625
 20
53.44968451308862
 30
0.0
 11
833.6700787881639
 21
53.69781798392374
 31
0.0
  0
ENDBLK
  5
2D2897
330
2D7C90
100
AcDbEntity
  8
0
 62
     0
100
AcDbBlockEnd
  0
BLOCK
  5
2D7C93
330
2D7C92
100
AcDbEntity
  8
0
 62
     0
100
AcDbBlockBegin
  2
*U58
 70
     1
 10
0.0
 20
0.0
 30
0.0
  3
*U58
  1

  0
TEXT
  5
2D28A7
330
2D7C92
100
AcDbEntity
  8
00-UNIF_TIPICO_REF_
100
AcDbText
 10
827.6065259941294
 20
50.00303020434854
 30
0.0
 40
2.5
  1
F
  7
1-250
100
AcDbText
  0
ENDBLK
  5
2D28A9
330
2D7C92
100
AcDbEntity
  8
0
 62
     0
100
AcDbBlockEnd
  0
BLOCK
  5
2D7C95
330
2D7C94
100
AcDbEntity
  8
0
 62
     0
100
AcDbBlockBegin
  2
*U59
 70
     1
 10
0.0
 20
0.0
 30
0.0
  3
*U59
  1

  0
TEXT
  5
2D28AB
330
2D7C94
100
AcDbEntity
  8
00-UNIF_TEXTO_LAYOUT_1
100
AcDbText
 10
843.209134297132
 20
55.15199612825167
 30
0.0
 40
2.5
  1
F
  7
1-250
100
AcDbText
  0
TEXT
  5
2D28AC
330
2D7C94
100
AcDbEntity
  8
00-UNIF_TEXTO_LAYOUT_1
100
AcDbText
 10
845.3519914399889
 20
55.15199612825167
 30
0.0
 40
1.25
  1
1
  7
1-250
100
AcDbText
  0
TEXT
  5
2D28AD
330
2D7C94
100
AcDbEntity
  8
00-UNIF_TEXTO_LAYOUT_1
100
AcDbText
 10
846.5424676304651
 20
55.15199612825167
 30
0.0
 40
2.5
  1
/F
  7
1-250
100
AcDbText
  0
TEXT
  5
2D28AE
330
2D7C94
100
AcDbEntity
  8
00-UNIF_TEXTO_LAYOUT_1
100
AcDbText
 10
851.3043723923701
 20
55.15199612825167
 30
0.0
 40
1.25
  1
2
  7
1-250
100
AcDbText
  0
TEXT
  5
2D28AF
330
2D7C94
100
AcDbEntity
  8
00-UNIF_TEXTO_LAYOUT_1
100
AcDbText
 10
852.4948485828462
 20
55.15199612825167
 30
0.0
 40
2.5
  1
/F
  7
1-250
100
AcDbText
  0
TEXT
  5
2D28B0
330
2D7C94
100
AcDbEntity
  8
00-UNIF_TEXTO_LAYOUT_1
100
AcDbText
 10
857.2567533447507
 20
55.15199612825167
 30
0.0
 40
1.25
  1
3
  7
1-250
100
AcDbText
  0
TEXT
  5
2D28B1
330
2D7C94
100
AcDbEntity
  8
00-UNIF_TEXTO_LAYOUT_1
100
AcDbText
 10
858.4472295352272
 20
55.15199612825167
 30
0.0
 40
2.5
  1
/F
  7
1-250
100
AcDbText
  0
TEXT
  5
2D28B2
330
2D7C94
100
AcDbEntity
  8
00-UNIF_TEXTO_LAYOUT_1
100
AcDbText
 10
863.2091342971316
 20
55.15199612825167
 30
0.0
 40
1.25
  1
4
  7
1-250
100
AcDbText
  0
ENDBLK
  5
2D28B4
330
2D7C94
100
AcDbEntity
  8
0
 62
     0
100
AcDbBlockEnd
  0
BLOCK
  5
2D7C97
330
2D7C96
100
AcDbEntity
  8
0
 62
     0
100
AcDbBlockBegin
  2
*U60
 70
     1
 10
0.0
 20
0.0
 30
0.0
  3
*U60
  1

  0
TEXT
  5
2D28B6
330
2D7C96
100
AcDbEntity
  8
00-UNIF_TEXTO_LAYOUT_1
100
AcDbText
 10
843.1578281626965
 20
50.19219901969814
 30
0.0
 40
2.5
  1
FOTOCONTROL 10A-220V
  7
1-250
100
AcDbText
  0
ENDBLK
  5
2D28B8
330
2D7C96
100
AcDbEntity
  8
0
 62
     0
100
AcDbBlockEnd
  0
BLOCK
  5
2D7C99
330
2D7C98
100
AcDbEntity
  8
0
 62
     0
100
AcDbBlockBegin
  2
*U61
 70
     1
 10
0.0
 20
0.0
 30
0.0
  3
*U61
  1

  0
SOLID
  5
2D41B9
330
2D7C98
100
AcDbEntity
  8
0
  6
Continuous
100
AcDbTrace
 10
-6.861541791637137
 20
-5329.330770608311
 30
0.0
 11
-11.31814081354969
 21
-5331.019330841005
 31
0.0
 12
-6.333241732665928
 22
-5331.019330841005
 32
0.0
 13
-6.333241732665928
 23
-5331.019330841005
 33
0.0
210
0.0
220
0.0
230
-1.0
  0
SOLID
  5
2D41BA
330
2D7C98
100
AcDbEntity
  8
0
  6
Continuous
100
AcDbTrace
 10
-10.6484612299173
 20
-5347.351712381623
 30
0.0
 11
-10.47056899972061
 21
-5347.750350918778
 31
0.0
 12
-3.791787314745306
 22
-5347.750350918778
 32
0.0
 13
-3.791787314745306
 23
-5347.750350918778
 33
0.0
210
0.0
220
0.0
230
-1.0
  0
SOLID
  5
2D41BB
330
2D7C98
100
AcDbEntity
  8
0
  6
Continuous
100
AcDbTrace
 10
-6.333241732665928
 20
-5331.019330841005
 30
0.0
 11
-3.791787314745306
 21
-5347.750350918778
 31
0.0
 12
-1.098605311299164
 22
-5347.750350918778
 32
0.0
 13
-1.098605311299164
 23
-5347.750350918778
 33
0.0
210
0.0
220
0.0
230
-1.0
  0
SOLID
  5
2D41BC
330
2D7C98
100
AcDbEntity
  8
0
  6
Continuous
100
AcDbTrace
 10
-6.333241732665928
 20
-5331.019330841005
 30
0.0
 11
-11.31814081354969
 21
-5331.019330841005
 31
0.0
 12
-3.791787314745306
 22
-5347.750350918778
 32
0.0
 13
-3.791787314745306
 23
-5347.750350918778
 33
0.0
210
0.0
220
0.0
230
-1.0
  0
SOLID
  5
2D41BD
330
2D7C98
100
AcDbEntity
  8
0
  6
Continuous
100
AcDbTrace
 10
-0.4122110135947358
 20
-5349.944214226892
 30
0.0
 11
-7.112166082304611
 21
-5349.944214226892
 31
0.0
 12
-0.2880817229670356
 22
-5350.340958047581
 32
0.0
 13
-0.2880817229670356
 23
-5350.340958047581
 33
0.0
210
0.0
220
0.0
230
-1.0
  0
SOLID
  5
2D41BE
330
2D7C98
100
AcDbEntity
  8
0
  6
Continuous
100
AcDbTrace
 10
-1.098605311299164
 20
-5347.750350918778
 30
0.0
 11
-9.491558692754335
 21
-5349.944214226892
 31
0.0
 12
-0.4122110135947358
 22
-5349.944214226892
 32
0.0
 13
-0.4122110135947358
 23
-5349.944214226892
 33
0.0
210
0.0
220
0.0
230
-1.0
  0
SOLID
  5
2D41BF
330
2D7C98
100
AcDbEntity
  8
0
  6
Continuous
100
AcDbTrace
 10
-1.098605311299164
 20
-5347.750350918778
 30
0.0
 11
-10.47056899972061
 21
-5347.750350918778
 31
0.0
 12
-9.491558692754335
 22
-5349.944214226892
 32
0.0
 13
-9.491558692754335
 23
-5349.944214226892
 33
0.0
210
0.0
220
0.0
230
-1.0
  0
SOLID
  5
2D41C0
330
2D7C98
100
AcDbEntity
  8
0
  6
Continuous
100
AcDbTrace
 10
-7.112166082304611
 20
-5349.944214226892
 30
0.0
 11
-9.314511978748473
 21
-5350.340958047581
 31
0.0
 12
-6.987426463087593
 22
-5350.340958047581
 32
0.0
 13
-6.987426463087593
 23
-5350.340958047581
 33
0.0
210
0.0
220
0.0
230
-1.0
  0
SOLID
  5
2D41C1
330
2D7C98
100
AcDbEntity
  8
0
  6
Continuous
100
AcDbTrace
 10
-7.112166082304611
 20
-5349.944214226892
 30
0.0
 11
-9.491558692754335
 21
-5349.944214226892
 31
0.0
 12
-9.314511978748473
 22
-5350.340958047581
 32
0.0
 13
-9.314511978748473
 23
-5350.340958047581
 33
0.0
210
0.0
220
0.0
230
-1.0
  0
SOLID
  5
2D41C2
330
2D7C98
100
AcDbEntity
  8
0
  6
Continuous
100
AcDbTrace
 10
-1.36019433900219
 20
-5360.313743022951
 30
0.0
 11
-1.918320029732423
 21
-5362.292940714667
 31
0.0
 12
-1.257135114309748
 22
-5362.292940714667
 32
0.0
 13
-1.257135114309748
 23
-5362.292940714667
 33
0.0
210
0.0
220
0.0
230
-1.0
  0
SOLID
  5
2D41C3
330
2D7C98
100
AcDbEntity
  8
0
  6
Continuous
100
AcDbTrace
 10
-6.583869708054407
 20
-5362.292940714667
 30
0.0
 11
-4.833606979597417
 21
-5364.491619659337
 31
0.0
 12
-3.165559531325703
 22
-5364.491619659337
 32
0.0
 13
-3.165559531325703
 23
-5364.491619659337
 33
0.0
210
0.0
220
0.0
230
-1.0
  0
SOLID
  5
2D41C4
330
2D7C98
100
AcDbEntity
  8
0
  6
Continuous
100
AcDbTrace
 10
-6.987426463087593
 20
-5350.340958047581
 30
0.0
 11
-2.999786937742682
 21
-5364.491619659337
 31
0.0
 12
-2.538338540172844
 22
-5364.491619659337
 32
0.0
 13
-2.538338540172844
 23
-5364.491619659337
 33
0.0
210
0.0
220
0.0
230
-1.0
  0
SOLID
  5
2D41C5
330
2D7C98
100
AcDbEntity
  8
0
  6
Continuous
100
AcDbTrace
 10
-6.987426463087593
 20
-5350.340958047581
 30
0.0
 11
-9.314511978748473
 21
-5350.340958047581
 31
0.0
 12
-2.999786937742682
 22
-5364.491619659337
 32
0.0
 13
-2.999786937742682
 23
-5364.491619659337
 33
0.0
210
0.0
220
0.0
230
-1.0
  0
SOLID
  5
2D41C6
330
2D7C98
100
AcDbEntity
  8
0
  6
Continuous
100
AcDbTrace
 10
-1.257135114309748
 20
-5362.292940714667
 30
0.0
 11
-2.538338540172844
 21
-5364.491619659337
 31
0.0
 12
-1.142647234532434
 22
-5364.491619659337
 32
0.0
 13
-1.142647234532434
 23
-5364.491619659337
 33
0.0
210
0.0
220
0.0
230
-1.0
  0
SOLID
  5
2D41C7
330
2D7C98
100
AcDbEntity
  8
0
  6
Continuous
100
AcDbTrace
 10
-1.257135114309748
 20
-5362.292940714667
 30
0.0
 11
-1.918320029732423
 21
-5362.292940714667
 31
0.0
 12
-2.538338540172844
 22
-5364.491619659337
 32
0.0
 13
-2.538338540172844
 23
-5364.491619659337
 33
0.0
210
0.0
220
0.0
230
-1.0
  0
SOLID
  5
2D41C8
330
2D7C98
100
AcDbEntity
  8
0
  6
Continuous
100
AcDbTrace
 10
-1.134859882174906
 20
-5364.641171626729
 30
0.0
 11
-4.714555839762725
 21
-5364.641171626729
 31
0.0
 12
-0.8843169662213766
 22
-5369.452715303789
 32
0.0
 13
-0.8843169662213766
 23
-5369.452715303789
 33
0.0
210
0.0
220
0.0
230
-1.0
  0
SOLID
  5
2D41C9
330
2D7C98
100
AcDbEntity
  8
0
  6
Continuous
100
AcDbTrace
 10
-3.165559531325703
 20
-5364.491619659337
 30
0.0
 11
-4.714555839762725
 21
-5364.641171626729
 31
0.0
 12
-2.933049453706188
 22
-5364.641171626729
 32
0.0
 13
-2.933049453706188
 23
-5364.641171626729
 33
0.0
210
0.0
220
0.0
230
-1.0
  0
SOLID
  5
2D41CA
330
2D7C98
100
AcDbEntity
  8
0
  6
Continuous
100
AcDbTrace
 10
-3.165559531325703
 20
-5364.491619659337
 30
0.0
 11
-4.833606979597417
 21
-5364.491619659337
 31
0.0
 12
-4.714555839762725
 22
-5364.641171626729
 32
0.0
 13
-4.714555839762725
 23
-5364.641171626729
 33
0.0
210
0.0
220
0.0
230
-1.0
  0
SOLID
  5
2D41CB
330
2D7C98
100
AcDbEntity
  8
0
  6
Continuous
100
AcDbTrace
 10
-1.142647234532434
 20
-5364.491619659337
 30
0.0
 11
-2.933049453706188
 21
-5364.641171626729
 31
0.0
 12
-1.134859882174906
 22
-5364.641171626729
 32
0.0
 13
-1.134859882174906
 23
-5364.641171626729
 33
0.0
210
0.0
220
0.0
230
-1.0
  0
SOLID
  5
2D41CC
330
2D7C98
100
AcDbEntity
  8
0
  6
Continuous
100
AcDbTrace
 10
-1.142647234532434
 20
-5364.491619659337
 30
0.0
 11
-2.999786937742682
 21
-5364.491619659337
 31
0.0
 12
-2.933049453706188
 22
-5364.641171626729
 32
0.0
 13
-2.933049453706188
 23
-5364.641171626729
 33
0.0
210
0.0
220
0.0
230
-1.0
  0
LINE
  5
2D41CD
330
2D7C98
100
AcDbEntity
  8
0
  6
Continuous
100
AcDbLine
 10
6.861541791637137
 20
-5329.330770608311
 30
0.0
 11
11.31814081354969
 21
-5331.019330841005
 31
0.0
  0
LINE
  5
2D41CE
330
2D7C98
100
AcDbEntity
  8
0
  6
Continuous
100
AcDbLine
 10
6.333241732665928
 20
-5331.019330841005
 30
0.0
 11
6.861541791637137
 21
-5329.330770608311
 31
0.0
  0
LINE
  5
2D41CF
330
2D7C98
100
AcDbEntity
  8
0
  6
Continuous
100
AcDbLine
 10
10.6484612299173
 20
-5347.351712381623
 30
0.0
 11
10.47056899972061
 21
-5347.750350918778
 31
0.0
  0
LINE
  5
2D41D0
330
2D7C98
100
AcDbEntity
  8
0
  6
Continuous
100
AcDbLine
 10
3.791787314745306
 20
-5347.750350918778
 30
0.0
 11
10.6484612299173
 21
-5347.351712381623
 31
0.0
  0
LINE
  5
2D41D1
330
2D7C98
100
AcDbEntity
  8
0
  6
Continuous
100
AcDbLine
 10
1.098605311299164
 20
-5347.750350918778
 30
0.0
 11
6.333241732665928
 21
-5331.019330841005
 31
0.0
  0
LINE
  5
2D41D2
330
2D7C98
100
AcDbEntity
  8
0
  6
Continuous
100
AcDbLine
 10
11.31814081354969
 20
-5331.019330841005
 30
0.0
 11
3.791787314745306
 21
-5347.750350918778
 31
0.0
  0
LINE
  5
2D41D3
330
2D7C98
100
AcDbEntity
  8
0
  6
Continuous
100
AcDbLine
 10
0.2880817229670356
 20
-5350.340958047581
 30
0.0
 11
0.4122110135947358
 21
-5349.944214226892
 31
0.0
  0
LINE
  5
2D41D4
330
2D7C98
100
AcDbEntity
  8
0
  6
Continuous
100
AcDbLine
 10
0.4122110135947358
 20
-5349.944214226892
 30
0.0
 11
1.098605311299164
 21
-5347.750350918778
 31
0.0
  0
LINE
  5
2D41D5
330
2D7C98
100
AcDbEntity
  8
0
  6
Continuous
100
AcDbLine
 10
10.47056899972061
 20
-5347.750350918778
 30
0.0
 11
9.491558692754335
 21
-5349.944214226892
 31
0.0
  0
LINE
  5
2D41D6
330
2D7C98
100
AcDbEntity
  8
0
  6
Continuous
100
AcDbLine
 10
9.491558692754335
 20
-5349.944214226892
 30
0.0
 11
9.314511978748473
 21
-5350.340958047581
 31
0.0
  0
LINE
  5
2D41D7
330
2D7C98
100
AcDbEntity
  8
0
  6
Continuous
100
AcDbLine
 10
1.36019433900219
 20
-5360.313743022951
 30
0.0
 11
1.918320029732423
 21
-5362.292940714667
 31
0.0
  0
LINE
  5
2D41D8
330
2D7C98
100
AcDbEntity
  8
0
  6
Continuous
100
AcDbLine
 10
1.257135114309748
 20
-5362.292940714667
 30
0.0
 11
1.36019433900219
 21
-5360.313743022951
 31
0.0
  0
LINE
  5
2D41D9
330
2D7C98
100
AcDbEntity
  8
0
  6
Continuous
100
AcDbLine
 10
6.583869708054407
 20
-5362.292940714667
 30
0.0
 11
4.833606979597417
 21
-5364.491619659337
 31
0.0
  0
LINE
  5
2D41DA
330
2D7C98
100
AcDbEntity
  8
0
  6
Continuous
100
AcDbLine
 10
3.165559531325703
 20
-5364.491619659337
 30
0.0
 11
6.583869708054407
 21
-5362.292940714667
 31
0.0
  0
LINE
  5
2D41DB
330
2D7C98
100
AcDbEntity
  8
0
  6
Continuous
100
AcDbLine
 10
2.538338540172844
 20
-5364.491619659337
 30
0.0
 11
6.987426463087593
 21
-5350.340958047581
 31
0.0
  0
LINE
  5
2D41DC
330
2D7C98
100
AcDbEntity
  8
0
  6
Continuous
100
AcDbLine
 10
9.314511978748473
 20
-5350.340958047581
 30
0.0
 11
2.999786937742682
 21
-5364.491619659337
 31
0.0
  0
LINE
  5
2D41DD
330
2D7C98
100
AcDbEntity
  8
0
  6
Continuous
100
AcDbLine
 10
1.142647234532434
 20
-5364.491619659337
 30
0.0
 11
1.257135114309748
 21
-5362.292940714667
 31
0.0
  0
LINE
  5
2D41DE
330
2D7C98
100
AcDbEntity
  8
0
  6
Continuous
100
AcDbLine
 10
1.918320029732423
 20
-5362.292940714667
 30
0.0
 11
2.538338540172844
 21
-5364.491619659337
 31
0.0
  0
LINE
  5
2D41DF
330
2D7C98
100
AcDbEntity
  8
0
  6
Continuous
100
AcDbLine
 10
4.714555839762725
 20
-5364.641171626729
 30
0.0
 11
0.8843169662213766
 21
-5369.452715303789
 31
0.0
  0
LINE
  5
2D41E0
330
2D7C98
100
AcDbEntity
  8
0
  6
Continuous
100
AcDbLine
 10
0.8843169662213766
 20
-5369.452715303789
 30
0.0
 11
1.134859882174906
 21
-5364.641171626729
 31
0.0
  0
LINE
  5
2D41E1
330
2D7C98
100
AcDbEntity
  8
0
  6
Continuous
100
AcDbLine
 10
2.933049453706188
 20
-5364.641171626729
 30
0.0
 11
3.165559531325703
 21
-5364.491619659337
 31
0.0
  0
LINE
  5
2D41E2
330
2D7C98
100
AcDbEntity
  8
0
  6
Continuous
100
AcDbLine
 10
4.833606979597417
 20
-5364.491619659337
 30
0.0
 11
4.714555839762725
 21
-5364.641171626729
 31
0.0
  0
LINE
  5
2D41E3
330
2D7C98
100
AcDbEntity
  8
0
  6
Continuous
100
AcDbLine
 10
1.134859882174906
 20
-5364.641171626729
 30
0.0
 11
1.142647234532434
 21
-5364.491619659337
 31
0.0
  0
LINE
  5
2D41E4
330
2D7C98
100
AcDbEntity
  8
0
  6
Continuous
100
AcDbLine
 10
2.999786937742682
 20
-5364.491619659337
 30
0.0
 11
2.933049453706188
 21
-5364.641171626729
 31
0.0
  0
ENDBLK
  5
2D41E6
330
2D7C98
100
AcDbEntity
  8
0
 62
     0
100
AcDbBlockEnd
  0
BLOCK
  5
2D7C9B
330
2D7C9A
100
AcDbEntity
  8
0
 62
     0
100
AcDbBlockBegin
  2
*U62
 70
     1
 10
0.0
 20
0.0
 30
0.0
  3
*U62
  1

  0
TEXT
  5
2D41F8
330
2D7C9A
100
AcDbEntity
  8
00-VISTA_TEXTO_1
100
AcDbText
 10
923.6156161858053
 20
-4553.715835711733
 30
0.0
 40
40.0
  1
ESQUEMA FISICO
 51
15.0
  7
ROMANS
100
AcDbText
  0
ENDBLK
  5
2D41FA
330
2D7C9A
100
AcDbEntity
  8
0
 62
     0
100
AcDbBlockEnd
  0
BLOCK
  5
2D7C9D
330
2D7C9C
100
AcDbEntity
  8
0
 62
     0
100
AcDbBlockBegin
  2
*U63
 70
     1
 10
0.0
 20
0.0
 30
0.0
  3
*U63
  1

  0
TEXT
  5
2D41FC
330
2D7C9C
100
AcDbEntity
  8
00-VISTA_TEXTO_1
100
AcDbText
 10
387.685231743071
 20
-5122.31409576233
 30
0.0
 40
25.0
  1
LEYENDA EN LUXITE
  7
1-10__M1000_
100
AcDbText
  0
TEXT
  5
2D41FD
330
2D7C9C
100
AcDbEntity
  8
00-VISTA_TEXTO_1
100
AcDbText
 10
387.685231743071
 20
-5163.980762428998
 30
0.0
 40
25.0
  1
BAJORELIEVE
  7
1-10__M1000_
100
AcDbText
  0
TEXT
  5
2D41FE
330
2D7C9C
100
AcDbEntity
  8
00-VISTA_TEXTO_1
100
AcDbText
 10
387.685231743071
 20
-5205.647429095664
 30
0.0
 40
25.0
  1
NOMBRE DEL TABLERO
  7
1-10__M1000_
100
AcDbText
  0
ENDBLK
  5
2D4200
330
2D7C9C
100
AcDbEntity
  8
0
 62
     0
100
AcDbBlockEnd
  0
BLOCK
  5
2D7C9F
330
2D7C9E
100
AcDbEntity
  8
0
 62
     0
100
AcDbBlockBegin
  2
*U64
 70
     1
 10
0.0
 20
0.0
 30
0.0
  3
*U64
  1

  0
TEXT
  5
2D4205
330
2D7C9E
100
AcDbEntity
  8
00-VISTA_TEXTO_1
100
AcDbText
 10
388.8351057302052
 20
-5323.695299448655
 30
0.0
 40
25.0
  1
SEÑALIZACION
  7
1-10__M1000_
100
AcDbText
  0
TEXT
  5
2D4206
330
2D7C9E
100
AcDbEntity
  8
00-VISTA_TEXTO_1
100
AcDbText
 10
387.6446295397288
 20
-5365.361966115324
 30
0.0
 40
25.0
  1
DE ADVERTENCIA
  7
1-10__M1000_
100
AcDbText
  0
ENDBLK
  5
2D4208
330
2D7C9E
100
AcDbEntity
  8
0
 62
     0
100
AcDbBlockEnd
  0
BLOCK
  5
2D7CA1
330
2D7CA0
100
AcDbEntity
  8
0
 62
     0
100
AcDbBlockBegin
  2
*U65
 70
     1
 10
0.0
 20
0.0
 30
0.0
  3
*U65
  1

  0
TEXT
  5
2D4258
330
2D7CA0
100
AcDbEntity
  8
00-VISTA_TEXTO_1
100
AcDbText
 10
1692.40625845389
 20
-5226.032946842847
 30
0.0
 40
25.0
  1
SEÑALIZACION
  7
1-10__M1000_
100
AcDbText
  0
TEXT
  5
2D4259
330
2D7CA0
100
AcDbEntity
  8
00-VISTA_TEXTO_1
100
AcDbText
 10
1691.215782263414
 20
-5267.699613509513
 30
0.0
 40
25.0
  1
PRESENCIA DE TENSION
  7
1-10__M1000_
100
AcDbText
  0
ENDBLK
  5
2D425B
330
2D7CA0
100
AcDbEntity
  8
0
 62
     0
100
AcDbBlockEnd
  0
BLOCK
  5
2D7CA3
330
2D7CA2
100
AcDbEntity
  8
0
 62
     0
100
AcDbBlockBegin
  2
*U66
 70
     1
 10
0.0
 20
0.0
 30
0.0
  3
*U66
  1

  0
TEXT
  5
2D4261
330
2D7CA2
100
AcDbEntity
  8
00-VISTA_TEXTO_1
100
AcDbText
 10
455.9536412732619
 20
-6129.013536428958
 30
0.0
 40
25.0
  1
CERRADURA
  7
1-10__M1000_
100
AcDbText
  0
ENDBLK
  5
2D4263
330
2D7CA2
100
AcDbEntity
  8
0
 62
     0
100
AcDbBlockEnd
  0
BLOCK
  5
2D7CA5
330
2D7CA4
100
AcDbEntity
  8
0
 62
     0
100
AcDbBlockBegin
  2
*U67
 70
     1
 10
0.0
 20
0.0
 30
0.0
  3
*U67
  1

  0
TEXT
  5
2D4269
330
2D7CA4
100
AcDbEntity
  8
00-VISTA_TEXTO_1
100
AcDbText
 10
455.9536412732621
 20
-5029.518336398255
 30
0.0
 40
25.0
  1
CERRADURA
  7
1-10__M1000_
100
AcDbText
  0
ENDBLK
  5
2D426B
330
2D7CA4
100
AcDbEntity
  8
0
 62
     0
100
AcDbBlockEnd
  0
BLOCK
  5
2D7CA7
330
2D7CA6
100
AcDbEntity
  8
0
 62
     0
100
AcDbBlockBegin
  2
*X68
 70
     1
 10
0.0
 20
0.0
 30
0.0
  3
*X68
  1

  0
LINE
  5
2D4284
330
2D7CA6
100
AcDbEntity
  8
0
 62
     0
100
AcDbLine
 10
2984.868374733664
 20
-5490.155901377703
 30
0.0
 11
2991.227157024377
 21
-5483.797119086985
 31
0.0
  0
LINE
  5
2D4285
330
2D7CA6
100
AcDbEntity
  8
0
 62
     0
100
AcDbLine
 10
2970.726239109878
 20
-5490.155901377757
 30
0.0
 11
2991.227157024317
 21
-5469.654983463318
 31
0.0
  0
LINE
  5
2D4286
330
2D7CA6
100
AcDbEntity
  8
0
 62
     0
100
AcDbLine
 10
2956.584103486211
 20
-5490.155901377703
 30
0.0
 11
2980.58410348624
 21
-5466.15590137767
 31
0.0
  0
LINE
  5
2D4287
330
2D7CA6
100
AcDbEntity
  8
0
 62
     0
100
AcDbLine
 10
2942.441967862425
 20
-5490.155901377757
 30
0.0
 11
2966.441967862456
 21
-5466.15590137773
 31
0.0
  0
LINE
  5
2D4288
330
2D7CA6
100
AcDbEntity
  8
0
 62
     0
100
AcDbLine
 10
2939.187713508727
 20
-5479.268020107731
 30
0.0
 11
2952.299832238699
 21
-5466.15590137776
 31
0.0
  0
ENDBLK
  5
2D428A
330
2D7CA6
100
AcDbEntity
  8
0
 62
     0
100
AcDbBlockEnd
  0
BLOCK
  5
2D7CA9
330
2D7CA8
100
AcDbEntity
  8
0
 62
     0
100
AcDbBlockBegin
  2
*X69
 70
     1
 10
0.0
 20
0.0
 30
0.0
  3
*X69
  1

  0
LINE
  5
2D4299
330
2D7CA8
100
AcDbEntity
  8
0
 62
     0
100
AcDbLine
 10
2981.272245689615
 20
-6003.987992685408
 30
0.0
 11
2991.130025985622
 21
-5994.1302123894
 31
0.0
  0
LINE
  5
2D429A
330
2D7CA8
100
AcDbEntity
  8
0
 62
     0
100
AcDbLine
 10
2967.130110065948
 20
-6003.987992685346
 30
0.0
 11
2991.13002598568
 21
-5979.988076765614
 31
0.0
  0
LINE
  5
2D429B
330
2D7CA8
100
AcDbEntity
  8
0
 62
     0
100
AcDbLine
 10
2952.987974442164
 20
-6003.987992685408
 30
0.0
 11
2976.987974442192
 21
-5979.987992685405
 31
0.0
  0
LINE
  5
2D429C
330
2D7CA8
100
AcDbEntity
  8
0
 62
     0
100
AcDbLine
 10
2938.845838818498
 20
-6003.987992685376
 30
0.0
 11
2962.845838818495
 21
-5979.987992685346
 31
0.0
  0
LINE
  5
2D429D
330
2D7CA8
100
AcDbEntity
  8
0
 62
     0
100
AcDbLine
 10
2924.703703194711
 20
-6003.987992685434
 30
0.0
 11
2948.703703194711
 21
-5979.987992685405
 31
0.0
  0
LINE
  5
2D429E
330
2D7CA8
100
AcDbEntity
  8
0
 62
     0
100
AcDbLine
 10
2910.561567571014
 20
-6003.987992685376
 30
0.0
 11
2934.561567570956
 21
-5979.987992685433
 31
0.0
  0
LINE
  5
2D429F
330
2D7CA8
100
AcDbEntity
  8
0
 62
     0
100
AcDbLine
 10
2896.419431947317
 20
-6003.987992685346
 30
0.0
 11
2920.419431947172
 21
-5979.987992685493
 31
0.0
  0
LINE
  5
2D42A0
330
2D7CA8
100
AcDbEntity
  8
0
 62
     0
100
AcDbLine
 10
2882.27729632365
 20
-6003.987992685289
 30
0.0
 11
2906.277296323564
 21
-5979.987992685376
 31
0.0
  0
LINE
  5
2D42A1
330
2D7CA8
100
AcDbEntity
  8
0
 62
     0
100
AcDbLine
 10
2868.135160699865
 20
-6003.987992685346
 30
0.0
 11
2892.135160699779
 21
-5979.987992685463
 31
0.0
  0
LINE
  5
2D42A2
330
2D7CA8
100
AcDbEntity
  8
0
 62
     0
100
AcDbLine
 10
2858.187713508872
 20
-5999.793304252496
 30
0.0
 11
2877.993025075938
 21
-5979.987992685433
 31
0.0
  0
LINE
  5
2D42A3
330
2D7CA8
100
AcDbEntity
  8
0
 62
     0
100
AcDbLine
 10
2858.18771350896
 20
-5985.651168628798
 30
0.0
 11
2863.850889452267
 21
-5979.987992685493
 31
0.0
  0
ENDBLK
  5
2D42A5
330
2D7CA8
100
AcDbEntity
  8
0
 62
     0
100
AcDbBlockEnd
  0
BLOCK
  5
2D7CAB
330
2D7CAA
100
AcDbEntity
  8
0
 62
     0
100
AcDbBlockBegin
  2
*X70
 70
     1
 10
0.0
 20
0.0
 30
0.0
  3
*X70
  1

  0
LINE
  5
2D42EA
330
2D7CAA
100
AcDbEntity
  8
0
 62
     0
100
AcDbLine
 10
2981.958121758828
 20
-5660.155901377584
 30
0.0
 11
2991.227157024288
 21
-5650.886866112124
 31
0.0
  0
LINE
  5
2D42EB
330
2D7CAA
100
AcDbEntity
  8
0
 62
     0
100
AcDbLine
 10
2967.815986134985
 20
-5660.15590137773
 30
0.0
 11
2991.227157024259
 21
-5636.744730488454
 31
0.0
  0
LINE
  5
2D42EC
330
2D7CAA
100
AcDbEntity
  8
0
 62
     0
100
AcDbLine
 10
2953.673850511289
 20
-5660.15590137767
 30
0.0
 11
2977.673850511317
 21
-5636.155901377641
 31
0.0
  0
LINE
  5
2D42ED
330
2D7CAA
100
AcDbEntity
  8
0
 62
     0
100
AcDbLine
 10
2939.531714887504
 20
-5660.15590137773
 30
0.0
 11
2963.531714887533
 21
-5636.155901377699
 31
0.0
  0
LINE
  5
2D42EE
330
2D7CAA
100
AcDbEntity
  8
0
 62
     0
100
AcDbLine
 10
2925.389579263897
 20
-5660.155901377613
 30
0.0
 11
2949.389579263865
 21
-5636.155901377641
 31
0.0
  0
LINE
  5
2D42EF
330
2D7CAA
100
AcDbEntity
  8
0
 62
     0
100
AcDbLine
 10
2911.247443640109
 20
-5660.155901377699
 30
0.0
 11
2935.247443640082
 21
-5636.155901377699
 31
0.0
  0
LINE
  5
2D42F0
330
2D7CAA
100
AcDbEntity
  8
0
 62
     0
100
AcDbLine
 10
2897.105308016442
 20
-5660.155901377642
 30
0.0
 11
2921.105308016413
 21
-5636.155901377641
 31
0.0
  0
LINE
  5
2D42F1
330
2D7CAA
100
AcDbEntity
  8
0
 62
     0
100
AcDbLine
 10
2882.96317239263
 20
-5660.155901377699
 30
0.0
 11
2906.96317239263
 21
-5636.155901377699
 31
0.0
  0
LINE
  5
2D42F2
330
2D7CAA
100
AcDbEntity
  8
0
 62
     0
100
AcDbLine
 10
2868.821036768962
 20
-5660.155901377642
 30
0.0
 11
2892.821036768962
 21
-5636.155901377641
 31
0.0
  0
LINE
  5
2D42F3
330
2D7CAA
100
AcDbEntity
  8
0
 62
     0
100
AcDbLine
 10
2867.187713508755
 20
-5647.647089014121
 30
0.0
 11
2878.678901145207
 21
-5636.15590137767
 31
0.0
  0
ENDBLK
  5
2D42F5
330
2D7CAA
100
AcDbEntity
  8
0
 62
     0
100
AcDbBlockEnd
  0
BLOCK
  5
2D7CAD
330
2D7CAC
100
AcDbEntity
  8
0
 62
     0
100
AcDbBlockBegin
  2
*X71
 70
     1
 10
0.0
 20
0.0
 30
0.0
  3
*X71
  1

  0
LINE
  5
2D42F7
330
2D7CAC
100
AcDbEntity
  8
0
 62
     0
100
AcDbLine
 10
2987.559991917632
 20
-5830.1559013777
 30
0.0
 11
2991.227157024317
 21
-5826.488736271016
 31
0.0
  0
LINE
  5
2D42F8
330
2D7CAC
100
AcDbEntity
  8
0
 62
     0
100
AcDbLine
 10
2973.417856293963
 20
-5830.155901377672
 30
0.0
 11
2991.227157024405
 21
-5812.346600647201
 31
0.0
  0
LINE
  5
2D42F9
330
2D7CAC
100
AcDbEntity
  8
0
 62
     0
100
AcDbLine
 10
2959.275720670179
 20
-5830.15590137773
 30
0.0
 11
2983.27572067018
 21
-5806.155901377699
 31
0.0
  0
LINE
  5
2D42FA
330
2D7CAC
100
AcDbEntity
  8
0
 62
     0
100
AcDbLine
 10
2945.133585046482
 20
-5830.155901377672
 30
0.0
 11
2969.133585046482
 21
-5806.155901377672
 31
0.0
  0
LINE
  5
2D42FB
330
2D7CAC
100
AcDbEntity
  8
0
 62
     0
100
AcDbLine
 10
2930.9914494227
 20
-5830.15590137773
 30
0.0
 11
2954.9914494227
 21
-5806.15590137773
 31
0.0
  0
LINE
  5
2D42FC
330
2D7CAC
100
AcDbEntity
  8
0
 62
     0
100
AcDbLine
 10
2916.849313799088
 20
-5830.155901377613
 30
0.0
 11
2940.849313799031
 21
-5806.155901377672
 31
0.0
  0
LINE
  5
2D42FD
330
2D7CAC
100
AcDbEntity
  8
0
 62
     0
100
AcDbLine
 10
2902.707178175305
 20
-5830.1559013777
 30
0.0
 11
2926.707178175245
 21
-5806.15590137773
 31
0.0
  0
LINE
  5
2D42FE
330
2D7CAC
100
AcDbEntity
  8
0
 62
     0
100
AcDbLine
 10
2888.565042551636
 20
-5830.155901377644
 30
0.0
 11
2912.565042551578
 21
-5806.155901377699
 31
0.0
  0
LINE
  5
2D42FF
330
2D7CAC
100
AcDbEntity
  8
0
 62
     0
100
AcDbLine
 10
2874.422906927764
 20
-5830.155901377787
 30
0.0
 11
2898.422906927765
 21
-5806.15590137776
 31
0.0
  0
LINE
  5
2D4300
330
2D7CAC
100
AcDbEntity
  8
0
 62
     0
100
AcDbLine
 10
2860.280771304097
 20
-5830.15590137773
 30
0.0
 11
2884.280771304096
 21
-5806.155901377699
 31
0.0
  0
LINE
  5
2D4301
330
2D7CAC
100
AcDbEntity
  8
0
 62
     0
100
AcDbLine
 10
2846.138635680283
 20
-5830.155901377787
 30
0.0
 11
2870.138635680314
 21
-5806.15590137776
 31
0.0
  0
LINE
  5
2D4302
330
2D7CAC
100
AcDbEntity
  8
0
 62
     0
100
AcDbLine
 10
2831.996500056499
 20
-5830.15590137773
 30
0.0
 11
2855.996500056528
 21
-5806.155901377699
 31
0.0
  0
LINE
  5
2D4303
330
2D7CAC
100
AcDbEntity
  8
0
 62
     0
100
AcDbLine
 10
2817.85436443289
 20
-5830.15590137773
 30
0.0
 11
2841.85436443286
 21
-5806.15590137776
 31
0.0
  0
LINE
  5
2D4304
330
2D7CAC
100
AcDbEntity
  8
0
 62
     0
100
AcDbLine
 10
2803.712228809105
 20
-5830.1559013777
 30
0.0
 11
2827.712228809076
 21
-5806.155901377699
 31
0.0
  0
LINE
  5
2D4305
330
2D7CAC
100
AcDbEntity
  8
0
 62
     0
100
AcDbLine
 10
2789.570093185437
 20
-5830.155901377761
 30
0.0
 11
2813.570093185408
 21
-5806.15590137776
 31
0.0
  0
LINE
  5
2D4306
330
2D7CAC
100
AcDbEntity
  8
0
 62
     0
100
AcDbLine
 10
2775.427957561624
 20
-5830.1559013777
 30
0.0
 11
2799.427957561624
 21
-5806.155901377699
 31
0.0
  0
LINE
  5
2D4307
330
2D7CAC
100
AcDbEntity
  8
0
 62
     0
100
AcDbLine
 10
2761.285821937959
 20
-5830.155901377761
 30
0.0
 11
2785.285821937956
 21
-5806.15590137776
 31
0.0
  0
LINE
  5
2D4308
330
2D7CAC
100
AcDbEntity
  8
0
 62
     0
100
AcDbLine
 10
2747.143686314173
 20
-5830.1559013777
 30
0.0
 11
2771.143686314201
 21
-5806.155901377672
 31
0.0
  0
LINE
  5
2D4309
330
2D7CAC
100
AcDbEntity
  8
0
 62
     0
100
AcDbLine
 10
2733.001550690504
 20
-5830.155901377761
 30
0.0
 11
2757.001550690533
 21
-5806.15590137773
 31
0.0
  0
LINE
  5
2D430A
330
2D7CAC
100
AcDbEntity
  8
0
 62
     0
100
AcDbLine
 10
2718.859415066721
 20
-5830.1559013777
 30
0.0
 11
2742.85941506675
 21
-5806.155901377672
 31
0.0
  0
LINE
  5
2D430B
330
2D7CAC
100
AcDbEntity
  8
0
 62
     0
100
AcDbLine
 10
2704.717279443052
 20
-5830.155901377644
 30
0.0
 11
2728.717279443082
 21
-5806.155901377613
 31
0.0
  0
LINE
  5
2D430C
330
2D7CAC
100
AcDbEntity
  8
0
 62
     0
100
AcDbLine
 10
2690.575143819267
 20
-5830.1559013777
 30
0.0
 11
2714.575143819297
 21
-5806.155901377672
 31
0.0
  0
LINE
  5
2D430D
330
2D7CAC
100
AcDbEntity
  8
0
 62
     0
100
AcDbLine
 10
2687.355878107134
 20
-5819.233031466107
 30
0.0
 11
2700.433008195629
 21
-5806.155901377613
 31
0.0
  0
ENDBLK
  5
2D430F
330
2D7CAC
100
AcDbEntity
  8
0
 62
     0
100
AcDbBlockEnd
  0
BLOCK
  5
2D7CAF
330
2D7CAE
100
AcDbEntity
  8
0
 62
     0
100
AcDbBlockBegin
  2
*U72
 70
     1
 10
0.0
 20
0.0
 30
0.0
  3
*U72
  1

  0
TEXT
  5
2D4338
330
2D7CAE
100
AcDbEntity
  8
00-VISTA_TEXTO_1
100
AcDbText
 10
2149.843994157397
 20
-5024.966972541317
 30
0.0
 40
25.0
  1
SG
  7
1-10__M1000_
100
AcDbText
  0
ENDBLK
  5
2D433A
330
2D7CAE
100
AcDbEntity
  8
0
 62
     0
100
AcDbBlockEnd
  0
BLOCK
  5
2D7CB1
330
2D7CB0
100
AcDbEntity
  8
0
 62
     0
100
AcDbBlockBegin
  2
*U73
 70
     1
 10
0.0
 20
0.0
 30
0.0
  3
*U73
  1

  0
TEXT
  5
2D433F
330
2D7CB0
100
AcDbEntity
  8
00-VISTA_TEXTO_1
100
AcDbText
 10
1733.919416538349
 20
-5095.545295977402
 30
0.0
 40
25.0
  1
TM PRESENCIA DE
  7
1-10__M1000_
100
AcDbText
  0
TEXT
  5
2D4340
330
2D7CB0
100
AcDbEntity
  8
00-VISTA_TEXTO_1
100
AcDbText
 10
1349.135376538349
 20
-5137.211962644069
 30
0.0
 40
25.0
  1
TENSION
  7
1-10__M1000_
100
AcDbText
  0
ENDBLK
  5
2D4342
330
2D7CB0
100
AcDbEntity
  8
0
 62
     0
100
AcDbBlockEnd
  0
BLOCK
  5
2D7CB3
330
2D7CB2
100
AcDbEntity
  8
0
 62
     0
100
AcDbBlockBegin
  2
*U74
 70
     1
 10
0.0
 20
0.0
 30
0.0
  3
*U74
  1

  0
TEXT
  5
2D4348
330
2D7CB2
100
AcDbEntity
  8
00-VISTA_TEXTO_1
100
AcDbText
 10
1949.84399796692
 20
-5170.468204162452
 30
0.0
 40
25.0
  1
DISTRIBUIDOR
  7
1-10__M1000_
100
AcDbText
  0
ENDBLK
  5
2D434A
330
2D7CB2
100
AcDbEntity
  8
0
 62
     0
100
AcDbBlockEnd
  0
BLOCK
  5
2D7CB5
330
2D7CB4
100
AcDbEntity
  8
0
 62
     0
100
AcDbBlockBegin
  2
*U75
 70
     1
 10
0.0
 20
0.0
 30
0.0
  3
*U75
  1

  0
TEXT
  5
2D434C
330
2D7CB4
100
AcDbEntity
  8
00-VISTA_TEXTO_1
100
AcDbText
 10
1799.245897076534
 20
-6074.676445209433
 30
0.0
 40
25.0
  1
BORNERA DE
  7
1-10__M1000_
100
AcDbText
  0
TEXT
  5
2D434D
330
2D7CB4
100
AcDbEntity
  8
00-VISTA_TEXTO_1
100
AcDbText
 10
1340.20394326701
 20
-6116.3431118761
 30
0.0
 40
25.0
  1
SALIDA
  7
1-10__M1000_
100
AcDbText
  0
TEXT
  5
2D434E
330
2D7CB4
100
AcDbEntity
  8
00-VISTA_TEXTO_1
100
AcDbText
 10
1781.388747076534
 20
-6158.009778542766
 30
0.0
 40
25.0
  1
BORNES DISPONIBLES
  7
1-10__M1000_
100
AcDbText
  0
ENDBLK
  5
2D4350
330
2D7CB4
100
AcDbEntity
  8
0
 62
     0
100
AcDbBlockEnd
  0
BLOCK
  5
2D7CB7
330
2D7CB6
100
AcDbEntity
  8
0
 62
     0
100
AcDbBlockBegin
  2
*U76
 70
     1
 10
0.0
 20
0.0
 30
0.0
  3
*U76
  1

  0
TEXT
  5
2D4352
330
2D7CB6
100
AcDbEntity
  8
00-VISTA_TEXTO_1
100
AcDbText
 10
2095.347568854831
 20
-6241.19362433298
 30
0.0
 40
25.0
  1
BORNERAS PARA ALIMENTACION AUXILIAR
  7
1-10__M1000_
100
AcDbText
  0
ENDBLK
  5
2D4354
330
2D7CB6
100
AcDbEntity
  8
0
 62
     0
100
AcDbBlockEnd
  0
BLOCK
  5
2D7CB9
330
2D7CB8
100
AcDbEntity
  8
0
 62
     0
100
AcDbBlockBegin
  2
*U77
 70
     1
 10
0.0
 20
0.0
 30
0.0
  3
*U77
  1

  0
TEXT
  5
2D435A
330
2D7CB8
100
AcDbEntity
  8
00-VISTA_TEXTO_1
100
AcDbText
 10
2981.28382842975
 20
-6244.533567050243
 30
0.0
 40
25.0
  1
BARRA PAT
  7
1-10__M1000_
100
AcDbText
  0
ENDBLK
  5
2D435C
330
2D7CB8
100
AcDbEntity
  8
0
 62
     0
100
AcDbBlockEnd
  0
BLOCK
  5
2D7CBB
330
2D7CBA
100
AcDbEntity
  8
0
 62
     0
100
AcDbBlockBegin
  2
*U78
 70
     1
 10
0.0
 20
0.0
 30
0.0
  3
*U78
  1

  0
TEXT
  5
2D4365
330
2D7CBA
100
AcDbEntity
  8
00-VISTA_TEXTO_1
100
AcDbText
 10
1977.426980425262
 20
-5392.208701353881
 30
0.0
 40
25.0
  1
CABLECANAL
  7
1-10__M1000_
100
AcDbText
  0
ENDBLK
  5
2D4367
330
2D7CBA
100
AcDbEntity
  8
0
 62
     0
100
AcDbBlockEnd
  0
BLOCK
  5
2D7CBD
330
2D7CBC
100
AcDbEntity
  8
0
 62
     0
100
AcDbBlockBegin
  2
*X79
 70
     1
 10
0.0
 20
0.0
 30
0.0
  3
*X79
  1

  0
LINE
  5
2D4369
330
2D7CBC
100
AcDbEntity
  8
0
 62
     0
100
AcDbLine
 10
1605.736266551014
 20
-5462.018641966366
 30
0.0
 11
1614.113660325325
 21
-5453.641248192056
 31
0.0
  0
LINE
  5
2D436A
330
2D7CBC
100
AcDbEntity
  8
0
 62
     0
100
AcDbLine
 10
1591.594130927347
 20
-5462.018641966424
 30
0.0
 11
1614.113660325411
 21
-5439.499112568388
 31
0.0
  0
LINE
  5
2D436B
330
2D7CBC
100
AcDbEntity
  8
0
 62
     0
100
AcDbLine
 10
1577.451995303563
 20
-5462.018641966366
 30
0.0
 11
1614.113660325383
 21
-5425.356976944545
 31
0.0
  0
LINE
  5
2D436C
330
2D7CBC
100
AcDbEntity
  8
0
 62
     0
100
AcDbLine
 10
1576.72921111877
 20
-5448.599290527548
 30
0.0
 11
1613.909636143478
 21
-5411.418865502842
 31
0.0
  0
LINE
  5
2D436D
330
2D7CBC
100
AcDbEntity
  8
0
 62
     0
100
AcDbLine
 10
1576.729211118713
 20
-5434.457154903764
 30
0.0
 11
1599.767500519694
 21
-5411.418865502781
 31
0.0
  0
LINE
  5
2D436E
330
2D7CBC
100
AcDbEntity
  8
0
 62
     0
100
AcDbLine
 10
1576.72921111877
 20
-5420.315019280097
 30
0.0
 11
1585.625364896026
 21
-5411.418865502842
 31
0.0
  0
ENDBLK
  5
2D4370
330
2D7CBC
100
AcDbEntity
  8
0
 62
     0
100
AcDbBlockEnd
  0
BLOCK
  5
2D7CBF
330
2D7CBE
100
AcDbEntity
  8
0
 62
     0
100
AcDbBlockBegin
  2
*X80
 70
     1
 10
0.0
 20
0.0
 30
0.0
  3
*X80
  1

  0
LINE
  5
2D43F9
330
2D7CBE
100
AcDbEntity
  8
0
 62
     0
100
AcDbLine
 10
1613.92984284542
 20
-5634.655115700589
 30
0.0
 11
1614.113660325442
 21
-5634.471298220566
 31
0.0
  0
LINE
  5
2D43FA
330
2D7CBE
100
AcDbEntity
  8
0
 62
     0
100
AcDbLine
 10
1599.787707144365
 20
-5634.655115777801
 30
0.0
 11
1614.113660325296
 21
-5620.32916259687
 31
0.0
  0
LINE
  5
2D43FB
330
2D7CBE
100
AcDbEntity
  8
0
 62
     0
100
AcDbLine
 10
1585.645571443485
 20
-5634.655115855071
 30
0.0
 11
1614.113660325383
 21
-5606.187026973202
 31
0.0
  0
LINE
  5
2D43FC
330
2D7CBE
100
AcDbEntity
  8
0
 62
     0
100
AcDbLine
 10
1571.503435742459
 20
-5634.655115932255
 30
0.0
 11
1614.113660325325
 21
-5592.044891349418
 31
0.0
  0
LINE
  5
2D43FD
330
2D7CBE
100
AcDbEntity
  8
0
 62
     0
100
AcDbLine
 10
1557.361300041579
 20
-5634.655116009555
 30
0.0
 11
1609.961076815262
 21
-5582.055339235843
 31
0.0
  0
LINE
  5
2D43FE
330
2D7CBE
100
AcDbEntity
  8
0
 62
     0
100
AcDbLine
 10
1543.219164340553
 20
-5634.65511608671
 30
0.0
 11
1595.818941191479
 21
-5582.055339235783
 31
0.0
  0
LINE
  5
2D43FF
330
2D7CBE
100
AcDbEntity
  8
0
 62
     0
100
AcDbLine
 10
1529.077028639644
 20
-5634.655116164009
 30
0.0
 11
1581.676805567811
 21
-5582.055339235843
 31
0.0
  0
LINE
  5
2D4400
330
2D7CBE
100
AcDbEntity
  8
0
 62
     0
100
AcDbLine
 10
1514.934892938646
 20
-5634.655116241163
 30
0.0
 11
1567.534669944027
 21
-5582.055339235783
 31
0.0
  0
LINE
  5
2D4401
330
2D7CBE
100
AcDbEntity
  8
0
 62
     0
100
AcDbLine
 10
1503.983399562858
 20
-5631.464473993344
 30
0.0
 11
1553.392534320359
 21
-5582.055339235843
 31
0.0
  0
LINE
  5
2D4402
330
2D7CBE
100
AcDbEntity
  8
0
 62
     0
100
AcDbLine
 10
1503.983399562887
 20
-5617.322338369471
 30
0.0
 11
1539.250398696575
 21
-5582.055339235783
 31
0.0
  0
LINE
  5
2D4403
330
2D7CBE
100
AcDbEntity
  8
0
 62
     0
100
AcDbLine
 10
1503.983399562916
 20
-5603.180202745717
 30
0.0
 11
1525.108263072907
 21
-5582.055339235726
 31
0.0
  0
LINE
  5
2D4404
330
2D7CBE
100
AcDbEntity
  8
0
 62
     0
100
AcDbLine
 10
1503.983399562858
 20
-5589.038067122048
 30
0.0
 11
1510.966127449123
 21
-5582.055339235783
 31
0.0
  0
ENDBLK
  5
2D4406
330
2D7CBE
100
AcDbEntity
  8
0
 62
     0
100
AcDbBlockEnd
  0
BLOCK
  5
2D7CC1
330
2D7CC0
100
AcDbEntity
  8
0
 62
     0
100
AcDbBlockBegin
  2
*U81
 70
     1
 10
0.0
 20
0.0
 30
0.0
  3
*U81
  1

  0
TEXT
  5
2D4417
330
2D7CC0
100
AcDbEntity
  8
00-VISTA_TEXTO_1
100
AcDbText
 10
2414.920107064651
 20
-4753.606564551236
 30
0.0
 40
40.0
  1
VISTA FRONTAL
 51
15.0
  7
ROMANS
100
AcDbText
  0
TEXT
  5
2D4418
330
2D7CC0
100
AcDbEntity
  8
00-VISTA_TEXTO_1
100
AcDbText
 10
2361.586772709909
 20
-4820.273231217904
 30
0.0
 40
40.0
  1
SIN SUB PANELES
 51
15.0
  7
ROMANS
100
AcDbText
  0
ENDBLK
  5
2D441A
330
2D7CC0
100
AcDbEntity
  8
0
 62
     0
100
AcDbBlockEnd
  0
BLOCK
  5
2D7CC3
330
2D7CC2
100
AcDbEntity
  8
0
 62
     0
100
AcDbBlockBegin
  2
*U82
 70
     1
 10
0.0
 20
0.0
 30
0.0
  3
*U82
  1

  0
TEXT
  5
2D446C
330
2D7CC2
100
AcDbEntity
  8
00-VISTA_TEXTO_1
100
AcDbText
 10
1824.632043099913
 20
-5325.43393607782
 30
0.0
 40
25.0
  1
LLAVES
  7
1-10__M1000_
100
AcDbText
  0
ENDBLK
  5
2D446E
330
2D7CC2
100
AcDbEntity
  8
0
 62
     0
100
AcDbBlockEnd
  0
BLOCK
  5
2D7CC5
330
2D7CC4
100
AcDbEntity
  8
0
 62
     0
100
AcDbBlockBegin
  2
*U83
 70
     1
 10
0.0
 20
0.0
 30
0.0
  3
*U83
  1

  0
TEXT
  5
2D448D
330
2D7CC4
100
AcDbEntity
  8
BELT_6
 62
     6
100
AcDbText
 10
1015.870273209137
 20
73.01321126470544
 30
0.0
 40
3.0
  1
CIRCULAR SIN
 50
29.84832361366951
  7
ROMANS
100
AcDbText
  0
TEXT
  5
2D448E
330
2D7CC4
100
AcDbEntity
  8
BELT_6
 62
     6
100
AcDbText
 10
1018.358801523721
 20
68.67648129530268
 30
0.0
 40
3.0
  1
CONSULTA
 50
29.84832361366951
  7
ROMANS
100
AcDbText
  0
ENDBLK
  5
2D4490
330
2D7CC4
100
AcDbEntity
  8
0
 62
     0
100
AcDbBlockEnd
  0
ENDSEC
  0
SECTION
  2
ENTITIES
  0
INSERT
  5
2D2742
330
2D7BAB
100
AcDbEntity
  8
POTENCIA
 62
     0
100
AcDbBlockReference
  2
INTERRUPTOR_DIFERENCIAL
 10
0.0
 20
0.0
 30
0.0
  0
VIEWPORT
  5
3D8C6
330
2D7BA7
100
AcDbEntity
 67
     1
  8
0
100
AcDbViewport
 10
912.3548509343374
 20
309.491560407879
 30
0.0
 40
1372.926098518888
 41
599.5831522048818
 68
     1
 69
     1
 12
912.3548509343374
 22
309.491560407879
 13
0.0
 23
0.0
 14
10.0
 24
10.0
 15
10.0
 25
10.0
 16
0.0
 26
0.0
 36
1.0
 17
0.0
 27
0.0
 37
0.0
 42
50.0
 43
0.0
 44
0.0
 45
599.5831522048818
 50
0.0
 51
0.0
 72
  1000
 90
    32800
  1

281
     0
 71
     0
 74
     0
110
0.0
120
0.0
130
0.0
111
1.0
121
0.0
131
0.0
112
0.0
122
1.0
132
0.0
 79
     0
146
0.0
170
     0
 61
     5
348
2D7B6B
292
     1
282
     1
141
0.0
142
0.0
 63
   250
421
  3355443
  0
TEXT
  5
3D950
330
2D7BA7
100
AcDbEntity
 67
     1
  8
0
 62
     2
100
AcDbText
 10
1312.433683304854
 20
20.98032442224202
 30
0.0
 40
4.008737084141013
  1
A
 50
90.0
  7
ROMANS
100
AcDbText
  0
TEXT
  5
3D952
330
2D7BA7
100
AcDbEntity
 67
     1
  8
0
 62
     2
100
AcDbText
 10
1014.673634841612
 20
20.90857853037994
 30
0.0
 40
4.008737084141013
  1
C
 50
90.0
  7
ROMANS
100
AcDbText
  0
TEXT
  5
3D953
330
2D7BA7
100
AcDbEntity
 67
     1
  8
0
 62
     2
100
AcDbText
 10
868.9528008745751
 20
20.90322630341677
 30
0.0
 40
4.008737084141013
  1
D
 50
90.0
  7
ROMANS
100
AcDbText
  0
LINE
  5
3D954
330
2D7BA7
100
AcDbEntity
 67
     1
  8
0
 62
     2
100
AcDbLine
 10
1236.313425344662
 20
26.10324147027256
 30
0.0
 11
1236.313425344662
 21
19.01857647027896
 31
0.0
  0
LINE
  5
3D955
330
2D7BA7
100
AcDbEntity
 67
     1
  8
0
 62
     2
100
AcDbLine
 10
1087.358307721171
 20
28.8758526662399
 30
0.0
 11
1087.358307721171
 21
11.93391147027535
 31
0.0
  0
TEXT
  5
3D956
330
2D7BA7
100
AcDbEntity
 67
     1
  8
0
 62
     2
100
AcDbText
 10
716.1236520215759
 20
20.87219049180067
 30
0.0
 40
4.008737084141013
  1
E
 50
90.0
  7
ROMANS
100
AcDbText
  0
LINE
  5
3D957
330
2D7BA7
100
AcDbEntity
 67
     1
  8
0
 62
     2
100
AcDbLine
 10
938.4031900976756
 20
26.10324147027256
 30
0.0
 11
938.4031900976756
 21
19.01857647027896
 31
0.0
  0
TEXT
  5
3D958
330
2D7BA7
100
AcDbEntity
 67
     1
  8
0
 62
     2
100
AcDbText
 10
566.0589367019154
 20
21.22471148296483
 30
0.0
 40
4.008737084141013
  1
F
 50
90.0
  7
ROMANS
100
AcDbText
  0
LINE
  5
3D959
330
2D7BA7
100
AcDbEntity
 67
     1
  8
0
 62
     2
100
AcDbLine
 10
789.4480724741805
 20
26.10324147027256
 30
0.0
 11
789.4480724741805
 21
19.01857647027896
 31
0.0
  0
LINE
  5
3D95A
330
2D7BA7
100
AcDbEntity
 67
     1
  8
0
 62
     2
100
AcDbLine
 10
640.4929548506836
 20
26.10324147027256
 30
0.0
 11
640.4929548506757
 21
19.01857647027896
 31
0.0
  0
LINE
  5
3D95B
330
2D7BA7
100
AcDbEntity
 67
     1
  8
0
 62
     2
100
AcDbLine
 10
1333.196039227188
 20
186.2166704702712
 30
0.0
 11
1326.111374227187
 21
186.2166704702712
 31
0.0
  0
LINE
  5
3D95C
330
2D7BA7
100
AcDbEntity
 67
     1
  8
0
 62
     2
100
AcDbLine
 10
1319.026709227188
 20
186.2166704702712
 30
0.0
 11
1326.111374227187
 21
186.2166704702712
 31
0.0
  0
TEXT
  5
3D95D
330
2D7BA7
100
AcDbEntity
 67
     1
  8
0
 62
     2
100
AcDbText
 10
1324.704315502518
 20
79.35149014586321
 30
0.0
 40
4.008737084141013
  1
1
 50
90.0
  7
ROMANS
100
AcDbText
  0
LWPOLYLINE
  5
3D95E
330
2D7BA7
100
AcDbEntity
 67
     1
  8
0
 62
     1
100
AcDbPolyline
 90
        4
 70
     1
 43
0.0
 10
491.537837227188
 20
11.93391147027535
 10
1333.196039227188
 20
11.93391147027535
 10
1333.196039227188
 20
607.0457714702771
 10
491.537837227188
 20
607.0457714702771
  0
LWPOLYLINE
  5
3D95F
330
2D7BA7
100
AcDbEntity
 67
     1
  8
0
 62
     5
100
AcDbPolyline
 90
        4
 70
     1
 43
0.0
 10
526.9611622271886
 20
26.10324147027254
 10
1319.026709227188
 20
26.10324147027254
 10
1319.026709227188
 20
592.87644147028
 10
526.9611622271886
 20
592.87644147028
  0
LWPOLYLINE
  5
3D960
330
2D7BA7
100
AcDbEntity
 67
     1
  8
0
 62
     3
100
AcDbPolyline
 90
        4
 70
     1
 43
0.0
 10
519.8764972271873
 20
19.01857647027896
 10
1326.111374227189
 20
19.01857647027896
 10
1326.111374227189
 20
599.9611064702735
 10
519.8764972271873
 20
599.9611064702735
  0
LINE
  5
3D961
330
2D7BA7
100
AcDbEntity
 67
     1
  8
0
 62
     2
100
AcDbLine
 10
519.8764972271873
 20
396.6312209702794
 30
0.0
 11
526.9611622271886
 21
396.6312209702794
 31
0.0
  0
TEXT
  5
3D962
330
2D7BA7
100
AcDbEntity
 67
     1
  8
0
 62
     2
100
AcDbText
 10
525.1974172626646
 20
489.0947206573882
 30
0.0
 40
4.008737084141013
  1
3
 50
90.0
  7
ROMANS
100
AcDbText
  0
TEXT
  5
3D963
330
2D7BA7
100
AcDbEntity
 67
     1
  8
0
 62
     2
100
AcDbText
 10
525.1540616976086
 20
108.1295798207723
 30
0.0
 40
4.008737084141013
  1
1
 50
90.0
  7
ROMANS
100
AcDbText
  0
TEXT
  5
3D964
330
2D7BA7
100
AcDbEntity
 67
     1
  8
0
 62
     2
100
AcDbText
 10
1312.433683304861
 20
594.4404939196783
 30
0.0
 40
4.008737084141013
  1
A
 50
90.0
  7
ROMANS
100
AcDbText
  0
TEXT
  5
3D965
330
2D7BA7
100
AcDbEntity
 67
     1
  8
0
 62
     2
100
AcDbText
 10
1165.923083338751
 20
594.5703288411197
 30
0.0
 40
4.008737084141013
  1
B
 50
90.0
  7
ROMANS
100
AcDbText
  0
TEXT
  5
3D966
330
2D7BA7
100
AcDbEntity
 67
     1
  8
0
 62
     2
100
AcDbText
 10
1014.673634841619
 20
594.3687480278065
 30
0.0
 40
4.008737084141013
  1
C
 50
90.0
  7
ROMANS
100
AcDbText
  0
TEXT
  5
3D967
330
2D7BA7
100
AcDbEntity
 67
     1
  8
0
 62
     2
100
AcDbText
 10
868.9528008745822
 20
594.3633958008534
 30
0.0
 40
4.008737084141013
  1
D
 50
90.0
  7
ROMANS
100
AcDbText
  0
LINE
  5
3D968
330
2D7BA7
100
AcDbEntity
 67
     1
  8
0
 62
     2
100
AcDbLine
 10
1236.313425344662
 20
592.87644147028
 30
0.0
 11
1236.313425344662
 21
599.9611064702735
 31
0.0
  0
LINE
  5
3D969
330
2D7BA7
100
AcDbEntity
 67
     1
  8
0
 62
     2
100
AcDbLine
 10
1087.358307721171
 20
607.0457714702771
 30
0.0
 11
1087.358307721171
 21
589.7834452593659
 31
0.0
  0
TEXT
  5
3D96A
330
2D7BA7
100
AcDbEntity
 67
     1
  8
0
 62
     2
100
AcDbText
 10
716.1236520215894
 20
594.3323599892371
 30
0.0
 40
4.008737084141013
  1
E
 50
90.0
  7
ROMANS
100
AcDbText
  0
LINE
  5
3D96B
330
2D7BA7
100
AcDbEntity
 67
     1
  8
0
 62
     2
100
AcDbLine
 10
938.4031900976815
 20
592.87644147028
 30
0.0
 11
938.4031900976815
 21
599.9611064702735
 31
0.0
  0
TEXT
  5
3D96C
330
2D7BA7
100
AcDbEntity
 67
     1
  8
0
 62
     2
100
AcDbText
 10
566.0589367019221
 20
594.6848809804012
 30
0.0
 40
4.008737084141013
  1
F
 50
90.0
  7
ROMANS
100
AcDbText
  0
LINE
  5
3D96D
330
2D7BA7
100
AcDbEntity
 67
     1
  8
0
 62
     2
100
AcDbLine
 10
789.4480724741868
 20
592.87644147028
 30
0.0
 11
789.4480724741868
 21
599.9611064702735
 31
0.0
  0
LINE
  5
3D96E
330
2D7BA7
100
AcDbEntity
 67
     1
  8
0
 62
     2
100
AcDbLine
 10
640.4929548506836
 20
592.87644147028
 30
0.0
 11
640.4929548506836
 21
599.9611064702735
 31
0.0
  0
LINE
  5
3D9C4
330
2D7BA7
100
AcDbEntity
 67
     1
  8
VARIOS
 62
     7
100
AcDbLine
 10
1028.83962647526
 20
590.901390199528
 30
0.0
 11
1028.83962647526
 21
592.87644147028
 31
0.0
  0
LINE
  5
3D9C5
330
2D7BA7
100
AcDbEntity
 67
     1
  8
VARIOS
100
AcDbLine
 10
844.1688190879649
 20
589.2885318532254
 30
0.0
 11
844.1688190879649
 21
592.87644147028
 31
0.0
  0
VIEWPORT
  5
289724
330
2D7BA7
100
AcDbEntity
 67
     1
  8
01-VP
 62
     1
100
AcDbViewport
 10
750.0321762376554
 20
457.528350966541
 30
0.0
 40
436.9377671488465
 41
258.0456705067088
 68
     2
 69
     2
 12
393.3845046686591
 22
-578.851879500085
 13
0.0
 23
0.0
 14
10.0
 24
10.0
 15
10.0
 25
10.0
 16
0.0
 26
0.0
 36
1.0
 17
0.0
 27
0.0
 37
0.0
 42
50.0
 43
0.0
 44
0.0
 45
516.0913410134176
 50
0.0
 51
0.0
 72
  1000
 90
    32864
  1

281
     0
 71
     0
 74
     0
110
0.0
120
0.0
130
0.0
111
1.0
121
0.0
131
0.0
112
0.0
122
1.0
132
0.0
 79
     0
146
0.0
170
     0
 61
     5
348
2D7B6B
292
     1
282
     1
141
0.0
142
0.0
 63
   250
421
  3355443
  0
CIRCLE
  5
2C43E6
330
2D7BA7
100
AcDbEntity
 67
     1
  8
00-UNIF_TIPICO_REF_
100
AcDbCircle
 10
679.4313743720714
 20
89.93448870364954
 30
0.0
 40
1.419403302621475
  0
LINE
  5
2C43E7
330
2D7BA7
100
AcDbEntity
 67
     1
  8
00-UNIF_TIPICO_REF_
100
AcDbLine
 10
678.0171608096984
 20
88.52027514127646
 30
0.0
 11
680.8455879344442
 21
91.34870226602265
 31
0.0
  0
INSERT
  5
2C43E8
330
2D7BA7
100
AcDbEntity
 67
     1
  8
POTENCIA
 62
     0
100
AcDbBlockReference
  2
*U35
 10
0.0
 20
0.0
 30
0.0
  0
VIEWPORT
  5
2C847E
330
2D7BA7
100
AcDbEntity
 67
     1
  8
01-VP
 62
     1
100
AcDbViewport
 10
1142.569707524443
 20
531.4262819138446
 30
0.0
 40
279.0770797514484
 41
88.79536853884195
 68
     3
 69
     3
 12
1208.451077927945
 22
-556.6518566420763
 13
0.0
 23
0.0
 14
10.0
 24
10.0
 15
10.0
 25
10.0
 16
0.0
 26
0.0
 36
1.0
 17
0.0
 27
0.0
 37
0.0
 42
50.0
 43
0.0
 44
0.0
 45
177.5907456784625
 50
0.0
 51
0.0
 72
  1000
 90
    32864
  1

281
     0
 71
     0
 74
     0
110
0.0
120
0.0
130
0.0
111
1.0
121
0.0
131
0.0
112
0.0
122
1.0
132
0.0
 79
     0
146
0.0
170
     0
 61
     5
348
2D7B6B
292
     1
282
     1
141
0.0
142
0.0
 63
   250
421
  3355443
  0
ARC
  5
2C882A
330
2D7BA7
100
AcDbEntity
 67
     1
  8
00-UNIF_TIPICO_REF_
100
AcDbCircle
 10
683.5909318199131
 20
64.19321289724485
 30
0.0
 40
2.730266341305104
100
AcDbArc
 50
281.9347626752986
 51
258.0652373247014
  0
LWPOLYLINE
  5
2C882B
330
2D7BA7
100
AcDbEntity
 67
     1
  8
00-UNIF_TIPICO_REF_
100
AcDbPolyline
 90
        4
 70
     1
 43
0.0
 10
683.0263186612413
 20
60.2772996211063
 10
684.1555449785852
 20
60.2772996211063
 10
684.1555449785852
 20
65.1242972270777
 10
683.0263186612413
 20
65.1242972270777
  0
LWPOLYLINE
  5
2C882C
330
2D7BA7
100
AcDbEntity
 67
     1
  8
00-UNIF_TIPICO_REF_
100
AcDbPolyline
 90
        4
 70
     1
 43
0.0
 10
680.3351881575679
 20
69.88996887394478
 10
686.8466754822568
 20
69.88996887394478
 10
686.8466754822568
 20
73.5308089600412
 10
680.3351881575679
 20
73.5308089600412
  0
INSERT
  5
2C882D
330
2D7BA7
100
AcDbEntity
 67
     1
  8
POTENCIA
 62
     0
100
AcDbBlockReference
  2
*U36
 10
0.0
 20
0.0
 30
0.0
  0
INSERT
  5
2C882E
330
2D7BA7
100
AcDbEntity
 67
     1
  8
POTENCIA
 62
     0
100
AcDbBlockReference
  2
*U37
 10
0.0
 20
0.0
 30
0.0
  0
INSERT
  5
2C882F
330
2D7BA7
100
AcDbEntity
 67
     1
  8
POTENCIA
 62
     0
100
AcDbBlockReference
  2
*U38
 10
0.0
 20
0.0
 30
0.0
  0
LINE
  5
2C8830
330
2D7BA7
100
AcDbEntity
 67
     1
  8
00-UNIF_TIPICO_REF_
100
AcDbLine
 10
560.5300352775351
 20
91.25892810991308
 30
0.0
 11
560.5300352775356
 21
82.82916446956653
 31
0.0
  0
LINE
  5
2C8831
330
2D7BA7
100
AcDbEntity
 67
     1
  8
00-UNIF_TIPICO_REF_
100
AcDbLine
 10
559.5978528127679
 20
81.89698200479837
 30
0.0
 11
561.4622177423034
 21
83.76134693433471
 31
0.0
  0
LINE
  5
2C8832
330
2D7BA7
100
AcDbEntity
 67
     1
  8
00-UNIF_TIPICO_REF_
100
AcDbLine
 10
561.4622177423034
 20
81.89698200479837
 30
0.0
 11
559.5978528127679
 21
83.76134693433471
 31
0.0
  0
LINE
  5
2C8833
330
2D7BA7
100
AcDbEntity
 67
     1
  8
00-UNIF_TIPICO_REF_
100
AcDbLine
 10
560.5441821547826
 20
72.4320635302978
 30
0.0
 11
557.3300352775349
 21
78.86035728479135
 31
0.0
  0
LINE
  5
2C8834
330
2D7BA7
100
AcDbEntity
 67
     1
  8
00-UNIF_TIPICO_REF_
100
AcDbLine
 10
558.5300352775353
 20
80.82916446956652
 30
0.0
 11
562.5300352775354
 21
80.82916446956652
 31
0.0
  0
LINE
  5
2C8835
330
2D7BA7
100
AcDbEntity
 67
     1
  8
00-UNIF_TIPICO_REF_
100
AcDbLine
 10
560.5441821547826
 20
72.4320635302978
 30
0.0
 11
560.5441821547826
 21
62.75776977283611
 31
0.0
  0
LINE
  5
2C8836
330
2D7BA7
100
AcDbEntity
 67
     1
  8
00-UNIF_TIPICO_REF_
100
AcDbLine
 10
558.0236632828264
 20
77.47310127420849
 30
0.0
 11
555.4534668151966
 21
76.18800304039338
 31
0.0
  0
LINE
  5
2C8837
330
2D7BA7
100
AcDbEntity
 67
     1
  8
00-UNIF_TIPICO_REF_
100
AcDbLine
 10
555.4534668151966
 20
76.18800304039338
 30
0.0
 11
554.8503394009343
 21
77.39425786891809
 31
0.0
  0
LINE
  5
2C8838
330
2D7BA7
100
AcDbEntity
 67
     1
  8
00-UNIF_TIPICO_REF_
100
AcDbLine
 10
554.8503394009343
 20
77.39425786891809
 30
0.0
 11
552.6032513163618
 21
76.27071382663155
 31
0.0
  0
LINE
  5
2C8839
330
2D7BA7
100
AcDbEntity
 67
     1
  8
00-UNIF_TIPICO_REF_
100
AcDbLine
 10
552.6032513163618
 20
76.27071382663155
 30
0.0
 11
553.2267025391543
 21
75.02381138104659
 31
0.0
  0
LINE
  5
2C883A
330
2D7BA7
100
AcDbEntity
 67
     1
  8
00-UNIF_TIPICO_REF_
100
AcDbLine
 10
553.2267025391543
 20
75.02381138104659
 30
0.0
 11
550.5117859154593
 21
73.66635306919909
 31
0.0
  0
INSERT
  5
2C883B
330
2D7BA7
100
AcDbEntity
 67
     1
  8
00-UNIF_TIPICO_REF_
  6
Continuous
100
AcDbBlockReference
  2
*U39
 10
0.0
 20
0.0
 30
0.0
1001
ACAD
1002
{
1000
R14_HATCH_DATA
1000
2C883B
1011
1.0
1021
0.0
1031
0.0
1011
0.0
1021
1.0
1031
0.0
1011
0.0
1021
0.0
1031
1.0
1040
0.0
1010
0.0
1020
0.0
1030
1.0
1000
SOLID
1070
     1
1070
     0
1071
        2
1071
        7
1070
     0
1070
     1
1071
        3
1040
553.4259975355173
1040
72.63629574799392
1040
553.0595049656713
1040
73.36928088768697
1040
551.535113922635
1040
71.69085394155252
1071
        0
1071
        7
1070
     0
1070
     1
1071
        3
1040
553.7924901053634
1040
71.90331060830181
1040
553.4259975355173
1040
72.63629574799392
1040
551.5351139226359
1040
71.69085394155273
1071
        0
1070
     0
1070
     1
1040
0.0301834122633299
1071
        2
1040
552.8649244800998
1040
72.88393924464968
1040
0.0
1040
553.1669963318798
1040
72.21990301004542
1040
0.0
1002
}
  0
LINE
  5
2C883C
330
2D7BA7
100
AcDbEntity
 67
     1
  8
00-UNIF_TIPICO_REF_
100
AcDbLine
 10
559.0388523438504
 20
75.44272315216132
 30
0.0
 11
551.5351139226359
 21
71.69085394155297
 31
0.0
  0
LINE
  5
2C883D
330
2D7BA7
100
AcDbEntity
 67
     1
  8
00-UNIF_TIPICO_REF_
100
AcDbLine
 10
551.5351139226359
 20
71.69085394155297
 30
0.0
 11
553.7924901053639
 21
71.90331060830181
 31
0.0
  0
LINE
  5
2C883E
330
2D7BA7
100
AcDbEntity
 67
     1
  8
00-UNIF_TIPICO_REF_
100
AcDbLine
 10
553.7924901053639
 20
71.90331060830181
 30
0.0
 11
553.0595049656713
 21
73.36928088768626
 31
0.0
  0
LINE
  5
2C883F
330
2D7BA7
100
AcDbEntity
 67
     1
  8
00-UNIF_TIPICO_REF_
100
AcDbLine
 10
551.5351139226359
 20
71.6908539415532
 30
0.0
 11
553.0595049656713
 21
73.36928088768684
 31
0.0
  0
LINE
  5
2C8840
330
2D7BA7
100
AcDbEntity
 67
     1
  8
00-UNIF_TIPICO_REF_
100
AcDbLine
 10
566.0474060512002
 20
31.75608769465942
 30
0.0
 11
565.9586060512006
 21
32.02248769465945
 31
0.0
  0
LINE
  5
2C8841
330
2D7BA7
100
AcDbEntity
 67
     1
  8
00-UNIF_TIPICO_REF_
100
AcDbLine
 10
565.9586060512006
 20
32.02248769465945
 30
0.0
 11
565.7588060512003
 21
32.26668769465926
 31
0.0
  0
LINE
  5
2C8842
330
2D7BA7
100
AcDbEntity
 67
     1
  8
00-UNIF_TIPICO_REF_
100
AcDbLine
 10
565.7588060512003
 20
32.26668769465926
 30
0.0
 11
565.4258060512006
 21
32.48868769465941
 31
0.0
  0
LINE
  5
2C8843
330
2D7BA7
100
AcDbEntity
 67
     1
  8
00-UNIF_TIPICO_REF_
100
AcDbLine
 10
565.4258060512006
 20
32.48868769465941
 30
0.0
 11
564.9596060512005
 21
32.71068769465939
 31
0.0
  0
LINE
  5
2C8844
330
2D7BA7
100
AcDbEntity
 67
     1
  8
00-UNIF_TIPICO_REF_
100
AcDbLine
 10
564.9596060512005
 20
32.71068769465939
 30
0.0
 11
564.4046060512005
 21
32.86608769465936
 31
0.0
  0
LINE
  5
2C8845
330
2D7BA7
100
AcDbEntity
 67
     1
  8
00-UNIF_TIPICO_REF_
100
AcDbLine
 10
564.4046060512005
 20
32.86608769465936
 30
0.0
 11
563.7608060512006
 21
32.99928769465925
 31
0.0
  0
LINE
  5
2C8846
330
2D7BA7
100
AcDbEntity
 67
     1
  8
00-UNIF_TIPICO_REF_
100
AcDbLine
 10
563.7608060512006
 20
32.99928769465925
 30
0.0
 11
563.0726060512006
 21
33.08808769465942
 31
0.0
  0
LINE
  5
2C8847
330
2D7BA7
100
AcDbEntity
 67
     1
  8
00-UNIF_TIPICO_REF_
100
AcDbLine
 10
563.0726060512006
 20
33.08808769465942
 30
0.0
 11
562.3400060512006
 21
33.1324876946594
 31
0.0
  0
LINE
  5
2C8848
330
2D7BA7
100
AcDbEntity
 67
     1
  8
00-UNIF_TIPICO_REF_
100
AcDbLine
 10
562.3400060512006
 20
33.1324876946594
 30
0.0
 11
561.6074060512006
 21
33.11028769465947
 31
0.0
  0
LINE
  5
2C8849
330
2D7BA7
100
AcDbEntity
 67
     1
  8
00-UNIF_TIPICO_REF_
100
AcDbLine
 10
561.6074060512006
 20
33.11028769465947
 30
0.0
 11
560.8970060512006
 21
33.04368769465947
 31
0.0
  0
LINE
  5
2C884A
330
2D7BA7
100
AcDbEntity
 67
     1
  8
00-UNIF_TIPICO_REF_
100
AcDbLine
 10
560.8970060512006
 20
33.04368769465947
 30
0.0
 11
560.2088060512007
 21
32.93268769465937
 31
0.0
  0
LINE
  5
2C884B
330
2D7BA7
100
AcDbEntity
 67
     1
  8
00-UNIF_TIPICO_REF_
100
AcDbLine
 10
560.2088060512007
 20
32.93268769465937
 30
0.0
 11
559.6094060512007
 21
32.79948769465949
 31
0.0
  0
LINE
  5
2C884C
330
2D7BA7
100
AcDbEntity
 67
     1
  8
00-UNIF_TIPICO_REF_
100
AcDbLine
 10
559.6094060512007
 20
32.79948769465949
 30
0.0
 11
559.0988060512006
 21
32.5996876946594
 31
0.0
  0
LINE
  5
2C884D
330
2D7BA7
100
AcDbEntity
 67
     1
  8
00-UNIF_TIPICO_REF_
100
AcDbLine
 10
559.0988060512006
 20
32.5996876946594
 30
0.0
 11
558.6992060512007
 21
32.37768769465948
 31
0.0
  0
LINE
  5
2C884E
330
2D7BA7
100
AcDbEntity
 67
     1
  8
00-UNIF_TIPICO_REF_
100
AcDbLine
 10
558.6992060512007
 20
32.37768769465948
 30
0.0
 11
558.4328060512007
 21
32.13348769465938
 31
0.0
  0
LINE
  5
2C884F
330
2D7BA7
100
AcDbEntity
 67
     1
  8
00-UNIF_TIPICO_REF_
100
AcDbLine
 10
558.4328060512007
 20
32.13348769465938
 30
0.0
 11
558.2996060512007
 21
31.8892876946594
 31
0.0
  0
LINE
  5
2C8850
330
2D7BA7
100
AcDbEntity
 67
     1
  8
00-UNIF_TIPICO_REF_
100
AcDbLine
 10
558.2996060512007
 20
31.8892876946594
 30
0.0
 11
558.2996060512007
 21
31.62288769465936
 31
0.0
  0
LINE
  5
2C8851
330
2D7BA7
100
AcDbEntity
 67
     1
  8
00-UNIF_TIPICO_REF_
100
AcDbLine
 10
558.2996060512007
 20
31.62288769465936
 30
0.0
 11
558.4328060512007
 21
31.37868769465945
 31
0.0
  0
LINE
  5
2C8852
330
2D7BA7
100
AcDbEntity
 67
     1
  8
00-UNIF_TIPICO_REF_
100
AcDbLine
 10
558.4328060512007
 20
31.37868769465945
 30
0.0
 11
558.6992060512007
 21
31.13448769465947
 31
0.0
  0
LINE
  5
2C8853
330
2D7BA7
100
AcDbEntity
 67
     1
  8
00-UNIF_TIPICO_REF_
100
AcDbLine
 10
558.6992060512007
 20
31.13448769465947
 30
0.0
 11
559.0988060512006
 21
30.91248769465938
 31
0.0
  0
LINE
  5
2C8854
330
2D7BA7
100
AcDbEntity
 67
     1
  8
00-UNIF_TIPICO_REF_
100
AcDbLine
 10
559.0988060512006
 20
30.91248769465938
 30
0.0
 11
559.6094060512007
 21
30.73488769465956
 31
0.0
  0
LINE
  5
2C8855
330
2D7BA7
100
AcDbEntity
 67
     1
  8
00-UNIF_TIPICO_REF_
100
AcDbLine
 10
559.6094060512007
 20
30.73488769465956
 30
0.0
 11
560.2088060512007
 21
30.57948769465923
 31
0.0
  0
LINE
  5
2C8856
330
2D7BA7
100
AcDbEntity
 67
     1
  8
00-UNIF_TIPICO_REF_
100
AcDbLine
 10
560.2088060512007
 20
30.57948769465923
 30
0.0
 11
560.8970060512006
 21
30.46848769465942
 31
0.0
  0
LINE
  5
2C8857
330
2D7BA7
100
AcDbEntity
 67
     1
  8
00-UNIF_TIPICO_REF_
100
AcDbLine
 10
560.8970060512006
 20
30.46848769465942
 30
0.0
 11
561.6074060512006
 21
30.40188769465948
 31
0.0
  0
LINE
  5
2C8858
330
2D7BA7
100
AcDbEntity
 67
     1
  8
00-UNIF_TIPICO_REF_
100
AcDbLine
 10
561.6074060512006
 20
30.40188769465948
 30
0.0
 11
562.3400060512006
 21
30.40188769465948
 31
0.0
  0
LINE
  5
2C8859
330
2D7BA7
100
AcDbEntity
 67
     1
  8
00-UNIF_TIPICO_REF_
100
AcDbLine
 10
562.3400060512006
 20
30.40188769465948
 30
0.0
 11
563.0726060512006
 21
30.42408769465948
 31
0.0
  0
LINE
  5
2C885A
330
2D7BA7
100
AcDbEntity
 67
     1
  8
00-UNIF_TIPICO_REF_
100
AcDbLine
 10
563.0726060512006
 20
30.42408769465948
 30
0.0
 11
563.7608060512006
 21
30.51288769465941
 31
0.0
  0
LINE
  5
2C885B
330
2D7BA7
100
AcDbEntity
 67
     1
  8
00-UNIF_TIPICO_REF_
100
AcDbLine
 10
563.7608060512006
 20
30.51288769465941
 30
0.0
 11
564.4046060512005
 21
30.64608769465948
 31
0.0
  0
LINE
  5
2C885C
330
2D7BA7
100
AcDbEntity
 67
     1
  8
00-UNIF_TIPICO_REF_
100
AcDbLine
 10
564.4046060512005
 20
30.64608769465948
 30
0.0
 11
564.9596060512005
 21
30.82368769465939
 31
0.0
  0
LINE
  5
2C885D
330
2D7BA7
100
AcDbEntity
 67
     1
  8
00-UNIF_TIPICO_REF_
100
AcDbLine
 10
564.9596060512005
 20
30.82368769465939
 30
0.0
 11
565.4258060512006
 21
31.02348769465937
 31
0.0
  0
LINE
  5
2C885E
330
2D7BA7
100
AcDbEntity
 67
     1
  8
00-UNIF_TIPICO_REF_
100
AcDbLine
 10
565.4258060512006
 20
31.02348769465937
 30
0.0
 11
565.7588060512003
 21
31.24548769465941
 31
0.0
  0
LINE
  5
2C885F
330
2D7BA7
100
AcDbEntity
 67
     1
  8
00-UNIF_TIPICO_REF_
100
AcDbLine
 10
565.7588060512003
 20
31.24548769465941
 30
0.0
 11
565.9586060512006
 21
31.4896876946595
 31
0.0
  0
LINE
  5
2C8860
330
2D7BA7
100
AcDbEntity
 67
     1
  8
00-UNIF_TIPICO_REF_
100
AcDbLine
 10
565.9586060512006
 20
31.4896876946595
 30
0.0
 11
566.0474060512002
 21
31.75608769465942
 31
0.0
  0
LINE
  5
2C8BD2
330
2D7BA7
100
AcDbEntity
 67
     1
  8
00-UNIF_TIPICO_REF_
100
AcDbLine
 10
562.1624060512004
 20
35.57448769465947
 30
0.0
 11
562.1624060512004
 21
28.7368876946594
 31
0.0
  0
LINE
  5
2C8BD3
330
2D7BA7
100
AcDbEntity
 67
     1
  8
00-UNIF_TIPICO_REF_
100
AcDbLine
 10
558.2774060512006
 20
31.75608769465942
 30
0.0
 11
554.0594060512006
 21
31.75608769465942
 31
0.0
  0
LINE
  5
2C8BD4
330
2D7BA7
100
AcDbEntity
 67
     1
  8
00-UNIF_TIPICO_REF_
100
AcDbLine
 10
554.0594060512006
 20
31.75608769465942
 30
0.0
 11
554.0594060512006
 21
38.79348769465946
 31
0.0
  0
LINE
  5
2C8BD5
330
2D7BA7
100
AcDbEntity
 67
     1
  8
00-UNIF_TIPICO_REF_
100
AcDbLine
 10
554.0594060512006
 20
38.79348769465946
 30
0.0
 11
560.2976060512006
 21
38.79348769465946
 31
0.0
  0
LINE
  5
2C8BD6
330
2D7BA7
100
AcDbEntity
 67
     1
  8
00-UNIF_TIPICO_REF_
100
AcDbLine
 10
558.4550060512006
 20
41.99028769465946
 30
0.0
 11
562.1624060512004
 21
35.57448769465947
 31
0.0
  0
LINE
  5
2C8CF0
330
2D7BA7
100
AcDbEntity
 67
     1
  8
00-UNIF_TIPICO_REF_
100
AcDbLine
 10
562.1624060512004
 20
50.2930876946594
 30
0.0
 11
562.1624060512004
 21
42.98928769465925
 31
0.0
  0
LINE
  5
2C8CF1
330
2D7BA7
100
AcDbEntity
 67
     1
  8
00-UNIF_TIPICO_REF_
100
AcDbLine
 10
560.6750060512005
 20
42.98928769465925
 30
0.0
 11
563.6498060512003
 21
42.98928769465925
 31
0.0
  0
LINE
  5
2C8CF2
330
2D7BA7
100
AcDbEntity
 67
     1
  8
00-UNIF_TIPICO_REF_
100
AcDbLine
 10
563.2058060512006
 20
44.89848769465933
 30
0.0
 11
561.1190060512003
 21
47.00748769465938
 31
0.0
  0
LINE
  5
2C8CF3
330
2D7BA7
100
AcDbEntity
 67
     1
  8
00-UNIF_TIPICO_REF_
100
AcDbLine
 10
561.1190060512003
 20
44.89848769465933
 30
0.0
 11
563.2058060512006
 21
47.00748769465938
 31
0.0
  0
LINE
  5
2C8CF7
330
2D7BA7
100
AcDbEntity
 67
     1
  8
00-UNIF_TIPICO_REF_
100
AcDbLine
 10
560.5300352775351
 20
118.8967038622859
 30
0.0
 11
560.5300352775351
 21
112.2367038622859
 31
0.0
  0
LINE
  5
2C8CF8
330
2D7BA7
100
AcDbEntity
 67
     1
  8
00-UNIF_TIPICO_REF_
100
AcDbLine
 10
556.8226352775353
 20
110.3497038622859
 30
0.0
 11
560.5300352775351
 21
103.9339038622859
 31
0.0
  0
LINE
  5
2C8CF9
330
2D7BA7
100
AcDbEntity
 67
     1
  8
00-UNIF_TIPICO_REF_
100
AcDbLine
 10
560.5300352775351
 20
103.9339038622859
 30
0.0
 11
560.5300352775351
 21
99.11650386228576
 31
0.0
  0
LINE
  5
2C8CFA
330
2D7BA7
100
AcDbEntity
 67
     1
  8
00-UNIF_TIPICO_REF_
100
AcDbLine
 10
559.064835277535
 20
112.2367038622859
 30
0.0
 11
562.0174352775351
 21
112.2367038622859
 31
0.0
  0
LINE
  5
2C8CFB
330
2D7BA7
100
AcDbEntity
 67
     1
  8
00-UNIF_TIPICO_REF_
100
AcDbLine
 10
561.706635277535
 20
110.9935038622859
 30
0.0
 11
561.662235277535
 21
111.3043038622859
 31
0.0
  0
LINE
  5
2C8CFC
330
2D7BA7
100
AcDbEntity
 67
     1
  8
00-UNIF_TIPICO_REF_
100
AcDbLine
 10
561.662235277535
 20
111.3043038622859
 30
0.0
 11
561.551235277535
 21
111.5707038622859
 31
0.0
  0
LINE
  5
2C8CFD
330
2D7BA7
100
AcDbEntity
 67
     1
  8
00-UNIF_TIPICO_REF_
100
AcDbLine
 10
561.551235277535
 20
111.5707038622859
 30
0.0
 11
561.3514352775353
 21
111.8149038622858
 31
0.0
  0
LINE
  5
2C8CFE
330
2D7BA7
100
AcDbEntity
 67
     1
  8
00-UNIF_TIPICO_REF_
100
AcDbLine
 10
561.3514352775353
 20
111.8149038622858
 30
0.0
 11
561.1072352775352
 21
112.0147038622858
 31
0.0
  0
LINE
  5
2C8CFF
330
2D7BA7
100
AcDbEntity
 67
     1
  8
00-UNIF_TIPICO_REF_
100
AcDbLine
 10
561.1072352775352
 20
112.0147038622858
 30
0.0
 11
560.840835277535
 21
112.1257038622858
 31
0.0
  0
LINE
  5
2C8D00
330
2D7BA7
100
AcDbEntity
 67
     1
  8
00-UNIF_TIPICO_REF_
100
AcDbLine
 10
560.840835277535
 20
112.1257038622858
 30
0.0
 11
560.5300352775351
 21
112.1701038622858
 31
0.0
  0
LINE
  5
2C8D01
330
2D7BA7
100
AcDbEntity
 67
     1
  8
00-UNIF_TIPICO_REF_
100
AcDbLine
 10
560.5300352775351
 20
112.1701038622858
 30
0.0
 11
560.241435277535
 21
112.1257038622858
 31
0.0
  0
LINE
  5
2C8D02
330
2D7BA7
100
AcDbEntity
 67
     1
  8
00-UNIF_TIPICO_REF_
100
AcDbLine
 10
560.241435277535
 20
112.1257038622858
 30
0.0
 11
559.9528352775353
 21
112.0147038622858
 31
0.0
  0
LINE
  5
2C8D03
330
2D7BA7
100
AcDbEntity
 67
     1
  8
00-UNIF_TIPICO_REF_
100
AcDbLine
 10
559.9528352775353
 20
112.0147038622858
 30
0.0
 11
559.7308352775353
 21
111.8149038622858
 31
0.0
  0
LINE
  5
2C8D04
330
2D7BA7
100
AcDbEntity
 67
     1
  8
00-UNIF_TIPICO_REF_
100
AcDbLine
 10
559.7308352775353
 20
111.8149038622858
 30
0.0
 11
559.5310352775351
 21
111.5707038622859
 31
0.0
  0
LINE
  5
2C8D05
330
2D7BA7
100
AcDbEntity
 67
     1
  8
00-UNIF_TIPICO_REF_
100
AcDbLine
 10
559.5310352775351
 20
111.5707038622859
 30
0.0
 11
559.4200352775351
 21
111.3043038622859
 31
0.0
  0
LINE
  5
2C8D06
330
2D7BA7
100
AcDbEntity
 67
     1
  8
00-UNIF_TIPICO_REF_
100
AcDbLine
 10
559.4200352775351
 20
111.3043038622859
 30
0.0
 11
559.3756352775353
 21
110.9935038622859
 31
0.0
  0
LINE
  5
2C8D07
330
2D7BA7
100
AcDbEntity
 67
     1
  8
00-UNIF_TIPICO_REF_
100
AcDbLine
 10
559.3756352775353
 20
110.9935038622859
 30
0.0
 11
559.4200352775351
 21
110.7049038622858
 31
0.0
  0
LINE
  5
2C8D08
330
2D7BA7
100
AcDbEntity
 67
     1
  8
00-UNIF_TIPICO_REF_
100
AcDbLine
 10
559.4200352775351
 20
110.7049038622858
 30
0.0
 11
559.5310352775351
 21
110.416303862286
 31
0.0
  0
LINE
  5
2C8D09
330
2D7BA7
100
AcDbEntity
 67
     1
  8
00-UNIF_TIPICO_REF_
100
AcDbLine
 10
559.5310352775351
 20
110.416303862286
 30
0.0
 11
559.7308352775353
 21
110.1943038622858
 31
0.0
  0
LINE
  5
2C8D0A
330
2D7BA7
100
AcDbEntity
 67
     1
  8
00-UNIF_TIPICO_REF_
100
AcDbLine
 10
559.7308352775353
 20
110.1943038622858
 30
0.0
 11
559.9528352775353
 21
109.9945038622859
 31
0.0
  0
LINE
  5
2C8D0B
330
2D7BA7
100
AcDbEntity
 67
     1
  8
00-UNIF_TIPICO_REF_
100
AcDbLine
 10
559.9528352775353
 20
109.9945038622859
 30
0.0
 11
560.241435277535
 21
109.8835038622857
 31
0.0
  0
LINE
  5
2C8D0C
330
2D7BA7
100
AcDbEntity
 67
     1
  8
00-UNIF_TIPICO_REF_
100
AcDbLine
 10
560.241435277535
 20
109.8835038622857
 30
0.0
 11
560.5300352775351
 21
109.8391038622859
 31
0.0
  0
LINE
  5
2C8D0D
330
2D7BA7
100
AcDbEntity
 67
     1
  8
00-UNIF_TIPICO_REF_
100
AcDbLine
 10
560.5300352775351
 20
109.8391038622859
 30
0.0
 11
560.840835277535
 21
109.8835038622857
 31
0.0
  0
LINE
  5
2C8D0E
330
2D7BA7
100
AcDbEntity
 67
     1
  8
00-UNIF_TIPICO_REF_
100
AcDbLine
 10
560.840835277535
 20
109.8835038622857
 30
0.0
 11
561.1072352775352
 21
109.9945038622859
 31
0.0
  0
LINE
  5
2C8D0F
330
2D7BA7
100
AcDbEntity
 67
     1
  8
00-UNIF_TIPICO_REF_
100
AcDbLine
 10
561.1072352775352
 20
109.9945038622859
 30
0.0
 11
561.3514352775353
 21
110.1943038622858
 31
0.0
  0
LINE
  5
2C8D10
330
2D7BA7
100
AcDbEntity
 67
     1
  8
00-UNIF_TIPICO_REF_
100
AcDbLine
 10
561.3514352775353
 20
110.1943038622858
 30
0.0
 11
561.551235277535
 21
110.416303862286
 31
0.0
  0
LINE
  5
2C8D11
330
2D7BA7
100
AcDbEntity
 67
     1
  8
00-UNIF_TIPICO_REF_
100
AcDbLine
 10
561.551235277535
 20
110.416303862286
 30
0.0
 11
561.662235277535
 21
110.7049038622858
 31
0.0
  0
LINE
  5
2C8D12
330
2D7BA7
100
AcDbEntity
 67
     1
  8
00-UNIF_TIPICO_REF_
100
AcDbLine
 10
561.662235277535
 20
110.7049038622858
 30
0.0
 11
561.706635277535
 21
110.9935038622859
 31
0.0
  0
LINE
  5
2C8D13
330
2D7BA7
100
AcDbEntity
 67
     1
  8
00-UNIF_TIPICO_REF_
100
AcDbLine
 10
546.4448060512006
 20
43.72188769465924
 30
0.0
 11
546.4448060512006
 21
41.47968769465943
 31
0.0
  0
LINE
  5
2C8D14
330
2D7BA7
100
AcDbEntity
 67
     1
  8
00-UNIF_TIPICO_REF_
100
AcDbLine
 10
547.2884060512003
 20
41.47968769465943
 30
0.0
 11
547.2884060512003
 21
43.72188769465924
 31
0.0
  0
LINE
  5
2C8D15
330
2D7BA7
100
AcDbEntity
 67
     1
  8
00-UNIF_TIPICO_REF_
100
AcDbLine
 10
547.2884060512003
 20
43.72188769465924
 30
0.0
 11
548.0432060512005
 21
43.72188769465924
 31
0.0
  0
LINE
  5
2C8D16
330
2D7BA7
100
AcDbEntity
 67
     1
  8
00-UNIF_TIPICO_REF_
100
AcDbLine
 10
548.0432060512005
 20
43.72188769465924
 30
0.0
 11
548.3540060512007
 21
43.61088769465925
 31
0.0
  0
LINE
  5
2C8D17
330
2D7BA7
100
AcDbEntity
 67
     1
  8
00-UNIF_TIPICO_REF_
100
AcDbLine
 10
548.3540060512007
 20
43.61088769465925
 30
0.0
 11
548.5760060512006
 21
43.38888769465953
 31
0.0
  0
LINE
  5
2C8D18
330
2D7BA7
100
AcDbEntity
 67
     1
  8
00-UNIF_TIPICO_REF_
100
AcDbLine
 10
548.5760060512006
 20
43.38888769465953
 30
0.0
 11
548.6648060512003
 21
43.18908769465946
 31
0.0
  0
LINE
  5
2C8D19
330
2D7BA7
100
AcDbEntity
 67
     1
  8
00-UNIF_TIPICO_REF_
100
AcDbLine
 10
548.6648060512003
 20
43.18908769465946
 30
0.0
 11
548.7758060512005
 21
42.85608769465937
 31
0.0
  0
LINE
  5
2C8D1A
330
2D7BA7
100
AcDbEntity
 67
     1
  8
00-UNIF_TIPICO_REF_
100
AcDbLine
 10
548.7758060512005
 20
42.85608769465937
 30
0.0
 11
548.7758060512005
 21
42.34548769465948
 31
0.0
  0
LINE
  5
2C8D1B
330
2D7BA7
100
AcDbEntity
 67
     1
  8
00-UNIF_TIPICO_REF_
100
AcDbLine
 10
548.7758060512005
 20
42.34548769465948
 30
0.0
 11
548.6648060512003
 21
42.0124876946594
 31
0.0
  0
LINE
  5
2C8D1C
330
2D7BA7
100
AcDbEntity
 67
     1
  8
00-UNIF_TIPICO_REF_
100
AcDbLine
 10
548.6648060512003
 20
42.0124876946594
 30
0.0
 11
548.5760060512006
 21
41.8126876946594
 31
0.0
  0
LINE
  5
2C8D1D
330
2D7BA7
100
AcDbEntity
 67
     1
  8
00-UNIF_TIPICO_REF_
100
AcDbLine
 10
548.5760060512006
 20
41.8126876946594
 30
0.0
 11
548.3540060512007
 21
41.59068769465938
 31
0.0
  0
LINE
  5
2C8D1E
330
2D7BA7
100
AcDbEntity
 67
     1
  8
00-UNIF_TIPICO_REF_
100
AcDbLine
 10
548.3540060512007
 20
41.59068769465938
 30
0.0
 11
548.0432060512005
 21
41.47968769465943
 31
0.0
  0
LINE
  5
2C8D1F
330
2D7BA7
100
AcDbEntity
 67
     1
  8
00-UNIF_TIPICO_REF_
100
AcDbLine
 10
548.0432060512005
 20
41.47968769465943
 30
0.0
 11
547.2884060512003
 21
41.47968769465943
 31
0.0
  0
LINE
  5
2C8D20
330
2D7BA7
100
AcDbEntity
 67
     1
  8
00-UNIF_TIPICO_REF_
100
AcDbLine
 10
549.6194060512006
 20
41.70168769465948
 30
0.0
 11
549.5306060512007
 21
41.59068769465938
 31
0.0
  0
LINE
  5
2C8D21
330
2D7BA7
100
AcDbEntity
 67
     1
  8
00-UNIF_TIPICO_REF_
100
AcDbLine
 10
549.5306060512007
 20
41.59068769465938
 30
0.0
 11
549.6194060512006
 21
41.47968769465943
 31
0.0
  0
LINE
  5
2C8D22
330
2D7BA7
100
AcDbEntity
 67
     1
  8
00-UNIF_TIPICO_REF_
100
AcDbLine
 10
549.6194060512006
 20
41.47968769465943
 30
0.0
 11
549.7304060512004
 21
41.59068769465938
 31
0.0
  0
LINE
  5
2C8D23
330
2D7BA7
100
AcDbEntity
 67
     1
  8
00-UNIF_TIPICO_REF_
100
AcDbLine
 10
549.7304060512004
 20
41.59068769465938
 30
0.0
 11
549.6194060512006
 21
41.70168769465948
 31
0.0
  0
LINE
  5
2C8D24
330
2D7BA7
100
AcDbEntity
 67
     1
  8
00-UNIF_TIPICO_REF_
100
AcDbLine
 10
550.6850060512006
 20
41.70168769465948
 30
0.0
 11
550.5740060512005
 21
41.59068769465938
 31
0.0
  0
LINE
  5
2C8D25
330
2D7BA7
100
AcDbEntity
 67
     1
  8
00-UNIF_TIPICO_REF_
100
AcDbLine
 10
550.5740060512005
 20
41.59068769465938
 30
0.0
 11
550.6850060512006
 21
41.47968769465943
 31
0.0
  0
LINE
  5
2C8D26
330
2D7BA7
100
AcDbEntity
 67
     1
  8
00-UNIF_TIPICO_REF_
100
AcDbLine
 10
550.6850060512006
 20
41.47968769465943
 30
0.0
 11
550.7960060512007
 21
41.59068769465938
 31
0.0
  0
LINE
  5
2C8D27
330
2D7BA7
100
AcDbEntity
 67
     1
  8
00-UNIF_TIPICO_REF_
100
AcDbLine
 10
550.7960060512007
 20
41.59068769465938
 30
0.0
 11
550.6850060512006
 21
41.70168769465948
 31
0.0
  0
LINE
  5
2C8D5C
330
2D7BA7
100
AcDbEntity
 67
     1
  8
00-UNIF_TIPICO_REF_
100
AcDbLine
 10
677.1085318199125
 20
109.4348812030587
 30
0.0
 11
677.1085318199125
 21
107.2148812030585
 31
0.0
  0
LINE
  5
2C8D5D
330
2D7BA7
100
AcDbEntity
 67
     1
  8
00-UNIF_TIPICO_REF_
100
AcDbLine
 10
678.5959318199124
 20
109.4348812030587
 30
0.0
 11
678.5959318199124
 21
107.2148812030585
 31
0.0
  0
LINE
  5
2C8D5E
330
2D7BA7
100
AcDbEntity
 67
     1
  8
00-UNIF_TIPICO_REF_
100
AcDbLine
 10
677.1085318199125
 20
108.3692812030587
 30
0.0
 11
678.5959318199124
 21
108.3692812030587
 31
0.0
  0
LINE
  5
2C8D5F
330
2D7BA7
100
AcDbEntity
 67
     1
  8
00-UNIF_TIPICO_REF_
100
AcDbLine
 10
679.5505318199123
 20
107.4146812030585
 30
0.0
 11
679.4395318199126
 21
107.3258812030587
 31
0.0
  0
LINE
  5
2C8D60
330
2D7BA7
100
AcDbEntity
 67
     1
  8
00-UNIF_TIPICO_REF_
100
AcDbLine
 10
679.4395318199126
 20
107.3258812030587
 30
0.0
 11
679.5505318199123
 21
107.2148812030585
 31
0.0
  0
LINE
  5
2C8D61
330
2D7BA7
100
AcDbEntity
 67
     1
  8
00-UNIF_TIPICO_REF_
100
AcDbLine
 10
679.5505318199123
 20
107.2148812030585
 30
0.0
 11
679.6393318199123
 21
107.3258812030587
 31
0.0
  0
LINE
  5
2C8D62
330
2D7BA7
100
AcDbEntity
 67
     1
  8
00-UNIF_TIPICO_REF_
100
AcDbLine
 10
679.6393318199123
 20
107.3258812030587
 30
0.0
 11
679.5505318199123
 21
107.4146812030585
 31
0.0
  0
LINE
  5
2C8D63
330
2D7BA7
100
AcDbEntity
 67
     1
  8
00-UNIF_TIPICO_REF_
100
AcDbLine
 10
680.5939318199123
 20
107.4146812030585
 30
0.0
 11
680.5051318199121
 21
107.3258812030587
 31
0.0
  0
LINE
  5
2C8D64
330
2D7BA7
100
AcDbEntity
 67
     1
  8
00-UNIF_TIPICO_REF_
100
AcDbLine
 10
680.5051318199121
 20
107.3258812030587
 30
0.0
 11
680.5939318199123
 21
107.2148812030585
 31
0.0
  0
LINE
  5
2C8D65
330
2D7BA7
100
AcDbEntity
 67
     1
  8
00-UNIF_TIPICO_REF_
100
AcDbLine
 10
680.5939318199123
 20
107.2148812030585
 30
0.0
 11
680.7049318199125
 21
107.3258812030587
 31
0.0
  0
LINE
  5
2C8D66
330
2D7BA7
100
AcDbEntity
 67
     1
  8
00-UNIF_TIPICO_REF_
100
AcDbLine
 10
680.7049318199125
 20
107.3258812030587
 30
0.0
 11
680.5939318199123
 21
107.4146812030585
 31
0.0
  0
LINE
  5
2C8D67
330
2D7BA7
100
AcDbEntity
 67
     1
  8
00-UNIF_TIPICO_REF_
100
AcDbLine
 10
687.2761318199127
 20
108.8354812030587
 30
0.0
 11
687.2317318199125
 21
109.2350812030586
 31
0.0
  0
LINE
  5
2C8D68
330
2D7BA7
100
AcDbEntity
 67
     1
  8
00-UNIF_TIPICO_REF_
100
AcDbLine
 10
687.2317318199125
 20
109.2350812030586
 30
0.0
 11
687.0985318199123
 21
109.6346812030587
 31
0.0
  0
LINE
  5
2C8D69
330
2D7BA7
100
AcDbEntity
 67
     1
  8
00-UNIF_TIPICO_REF_
100
AcDbLine
 10
687.0985318199123
 20
109.6346812030587
 30
0.0
 11
686.8765318199123
 21
109.9898812030586
 31
0.0
  0
LINE
  5
2C8D6A
330
2D7BA7
100
AcDbEntity
 67
     1
  8
00-UNIF_TIPICO_REF_
100
AcDbLine
 10
686.8765318199123
 20
109.9898812030586
 30
0.0
 11
686.5879318199123
 21
110.2784812030586
 31
0.0
  0
LINE
  5
2C8D6B
330
2D7BA7
100
AcDbEntity
 67
     1
  8
00-UNIF_TIPICO_REF_
100
AcDbLine
 10
686.5879318199123
 20
110.2784812030586
 30
0.0
 11
686.2327318199125
 21
110.5004812030587
 31
0.0
  0
LINE
  5
2C8D6C
330
2D7BA7
100
AcDbEntity
 67
     1
  8
00-UNIF_TIPICO_REF_
100
AcDbLine
 10
686.2327318199125
 20
110.5004812030587
 30
0.0
 11
685.8331318199121
 21
110.6336812030587
 31
0.0
  0
LINE
  5
2C8D6D
330
2D7BA7
100
AcDbEntity
 67
     1
  8
00-UNIF_TIPICO_REF_
100
AcDbLine
 10
685.8331318199121
 20
110.6336812030587
 30
0.0
 11
685.4335318199122
 21
110.6780812030587
 31
0.0
  0
LINE
  5
2C8D6E
330
2D7BA7
100
AcDbEntity
 67
     1
  8
00-UNIF_TIPICO_REF_
100
AcDbLine
 10
685.4335318199122
 20
110.6780812030587
 30
0.0
 11
685.0117318199121
 21
110.6336812030587
 31
0.0
  0
LINE
  5
2C8D6F
330
2D7BA7
100
AcDbEntity
 67
     1
  8
00-UNIF_TIPICO_REF_
100
AcDbLine
 10
685.0117318199121
 20
110.6336812030587
 30
0.0
 11
684.6343318199123
 21
110.5004812030587
 31
0.0
  0
LINE
  5
2C8D70
330
2D7BA7
100
AcDbEntity
 67
     1
  8
00-UNIF_TIPICO_REF_
100
AcDbLine
 10
684.6343318199123
 20
110.5004812030587
 30
0.0
 11
684.2791318199125
 21
110.2784812030586
 31
0.0
  0
LINE
  5
2C8D71
330
2D7BA7
100
AcDbEntity
 67
     1
  8
00-UNIF_TIPICO_REF_
100
AcDbLine
 10
684.2791318199125
 20
110.2784812030586
 30
0.0
 11
683.9905318199122
 21
109.9898812030586
 31
0.0
  0
LINE
  5
2C8D72
330
2D7BA7
100
AcDbEntity
 67
     1
  8
00-UNIF_TIPICO_REF_
100
AcDbLine
 10
683.9905318199122
 20
109.9898812030586
 30
0.0
 11
683.7685318199121
 21
109.6346812030587
 31
0.0
  0
LINE
  5
2C8D73
330
2D7BA7
100
AcDbEntity
 67
     1
  8
00-UNIF_TIPICO_REF_
100
AcDbLine
 10
683.7685318199121
 20
109.6346812030587
 30
0.0
 11
683.6131318199122
 21
109.2350812030586
 31
0.0
  0
LINE
  5
2C8D74
330
2D7BA7
100
AcDbEntity
 67
     1
  8
00-UNIF_TIPICO_REF_
100
AcDbLine
 10
683.6131318199122
 20
109.2350812030586
 30
0.0
 11
683.5687318199124
 21
108.8354812030587
 31
0.0
  0
LINE
  5
2C8D75
330
2D7BA7
100
AcDbEntity
 67
     1
  8
00-UNIF_TIPICO_REF_
100
AcDbLine
 10
683.5687318199124
 20
108.8354812030587
 30
0.0
 11
683.6131318199122
 21
108.4136812030586
 31
0.0
  0
LINE
  5
2C8D76
330
2D7BA7
100
AcDbEntity
 67
     1
  8
00-UNIF_TIPICO_REF_
100
AcDbLine
 10
683.6131318199122
 20
108.4136812030586
 30
0.0
 11
683.7685318199121
 21
108.0140812030585
 31
0.0
  0
LINE
  5
2C8D77
330
2D7BA7
100
AcDbEntity
 67
     1
  8
00-UNIF_TIPICO_REF_
100
AcDbLine
 10
683.7685318199121
 20
108.0140812030585
 30
0.0
 11
683.9905318199122
 21
107.6810812030587
 31
0.0
  0
LINE
  5
2C8D78
330
2D7BA7
100
AcDbEntity
 67
     1
  8
00-UNIF_TIPICO_REF_
100
AcDbLine
 10
683.9905318199122
 20
107.6810812030587
 30
0.0
 11
684.2791318199125
 21
107.3702812030587
 31
0.0
  0
LINE
  5
2C8D79
330
2D7BA7
100
AcDbEntity
 67
     1
  8
00-UNIF_TIPICO_REF_
100
AcDbLine
 10
684.2791318199125
 20
107.3702812030587
 30
0.0
 11
684.6343318199123
 21
107.1482812030587
 31
0.0
  0
LINE
  5
2C8D7A
330
2D7BA7
100
AcDbEntity
 67
     1
  8
00-UNIF_TIPICO_REF_
100
AcDbLine
 10
684.6343318199123
 20
107.1482812030587
 30
0.0
 11
685.0117318199121
 21
107.0150812030587
 31
0.0
  0
LINE
  5
2C8D7B
330
2D7BA7
100
AcDbEntity
 67
     1
  8
00-UNIF_TIPICO_REF_
100
AcDbLine
 10
685.0117318199121
 20
107.0150812030587
 30
0.0
 11
685.4335318199122
 21
106.9706812030587
 31
0.0
  0
LINE
  5
2C8D7C
330
2D7BA7
100
AcDbEntity
 67
     1
  8
00-UNIF_TIPICO_REF_
100
AcDbLine
 10
685.4335318199122
 20
106.9706812030587
 30
0.0
 11
685.8331318199121
 21
107.0150812030587
 31
0.0
  0
LINE
  5
2C8D7D
330
2D7BA7
100
AcDbEntity
 67
     1
  8
00-UNIF_TIPICO_REF_
100
AcDbLine
 10
685.8331318199121
 20
107.0150812030587
 30
0.0
 11
686.2327318199125
 21
107.1482812030587
 31
0.0
  0
LINE
  5
2C8D7E
330
2D7BA7
100
AcDbEntity
 67
     1
  8
00-UNIF_TIPICO_REF_
100
AcDbLine
 10
686.2327318199125
 20
107.1482812030587
 30
0.0
 11
686.5879318199123
 21
107.3702812030587
 31
0.0
  0
LINE
  5
2C8D7F
330
2D7BA7
100
AcDbEntity
 67
     1
  8
00-UNIF_TIPICO_REF_
100
AcDbLine
 10
686.5879318199123
 20
107.3702812030587
 30
0.0
 11
686.8765318199123
 21
107.6810812030587
 31
0.0
  0
LINE
  5
2C8D80
330
2D7BA7
100
AcDbEntity
 67
     1
  8
00-UNIF_TIPICO_REF_
100
AcDbLine
 10
686.8765318199123
 20
107.6810812030587
 30
0.0
 11
687.0985318199123
 21
108.0140812030585
 31
0.0
  0
LINE
  5
2C8D81
330
2D7BA7
100
AcDbEntity
 67
     1
  8
00-UNIF_TIPICO_REF_
100
AcDbLine
 10
687.0985318199123
 20
108.0140812030585
 30
0.0
 11
687.2317318199125
 21
108.4136812030586
 31
0.0
  0
LINE
  5
2C8D82
330
2D7BA7
100
AcDbEntity
 67
     1
  8
00-UNIF_TIPICO_REF_
100
AcDbLine
 10
687.2317318199125
 20
108.4136812030586
 30
0.0
 11
687.2761318199127
 21
108.8354812030587
 31
0.0
  0
LINE
  5
2C8D83
330
2D7BA7
100
AcDbEntity
 67
     1
  8
00-UNIF_TIPICO_REF_
100
AcDbLine
 10
686.5435318199122
 20
107.7254812030586
 30
0.0
 11
684.3235318199125
 21
109.9454812030586
 31
0.0
  0
LINE
  5
2C8D84
330
2D7BA7
100
AcDbEntity
 67
     1
  8
00-UNIF_TIPICO_REF_
100
AcDbLine
 10
684.3235318199125
 20
107.7254812030586
 30
0.0
 11
686.5435318199122
 21
109.9454812030586
 31
0.0
  0
INSERT
  5
2C9168
330
2D7BA7
100
AcDbEntity
 67
     1
  8
POTENCIA
 62
     0
100
AcDbBlockReference
  2
*U40
 10
0.0
 20
0.0
 30
0.0
  0
INSERT
  5
2C916A
330
2D7BA7
100
AcDbEntity
 67
     1
  8
POTENCIA
 62
     0
100
AcDbBlockReference
  2
*U41
 10
0.0
 20
0.0
 30
0.0
  0
LWPOLYLINE
  5
2C916B
330
2D7BA7
100
AcDbEntity
 67
     1
  8
00-UNIF_TIPICO_REF_
100
AcDbPolyline
 90
       10
 70
     0
 43
0.0
 10
558.6763352775351
 20
107.1418038622859
 10
556.5787986645259
 20
107.1418038622859
 10
556.0627433046159
 20
105.9569362634198
 10
555.3085043895331
 20
107.1469973891611
 10
553.4427536837791
 20
107.1469973891611
 10
553.4427536837791
 20
108.1238139160972
 10
552.9249684744582
 20
108.1238139160972
 10
553.4427536837791
 20
108.1238139160972
 10
553.4427536837791
 20
106.170180862225
 10
553.8430811351995
 20
106.170180862225
  0
INSERT
  5
2C9172
330
2D7BA7
100
AcDbEntity
 67
     1
  8
POTENCIA
 62
     0
100
AcDbBlockReference
  2
*U42
 10
0.0
 20
0.0
 30
0.0
  0
INSERT
  5
2C9173
330
2D7BA7
100
AcDbEntity
 67
     1
  8
POTENCIA
 62
     0
100
AcDbBlockReference
  2
*U43
 10
0.0
 20
0.0
 30
0.0
  0
INSERT
  5
2C9174
330
2D7BA7
100
AcDbEntity
 67
     1
  8
POTENCIA
 62
     0
100
AcDbBlockReference
  2
*U44
 10
0.0
 20
0.0
 30
0.0
  0
INSERT
  5
2C9AB2
330
2D7BA7
100
AcDbEntity
 67
     1
  8
POTENCIA
 62
     0
100
AcDbBlockReference
  2
*U45
 10
0.0
 20
0.0
 30
0.0
  0
INSERT
  5
2C9EC4
330
2D7BA7
100
AcDbEntity
 67
     1
  8
POTENCIA
 62
     0
100
AcDbBlockReference
  2
*U46
 10
0.0
 20
0.0
 30
0.0
  0
VIEWPORT
  5
2CA88E
330
2D7BA7
100
AcDbEntity
 67
     1
  8
01-VP
 62
     1
100
AcDbViewport
 10
1142.569707524443
 20
407.4393224767728
 30
0.0
 40
279.0770797514484
 41
94.57415914230733
 68
     4
 69
     4
 12
1208.45106933046
 22
-779.533983447
 13
0.0
 23
0.0
 14
10.0
 24
10.0
 15
10.0
 25
10.0
 16
0.0
 26
0.0
 36
1.0
 17
0.0
 27
0.0
 37
0.0
 42
50.0
 43
0.0
 44
0.0
 45
189.1483309446961
 50
0.0
 51
0.0
 72
  1000
 90
    32864
  1

281
     0
 71
     0
 74
     0
110
0.0
120
0.0
130
0.0
111
1.0
121
0.0
131
0.0
112
0.0
122
1.0
132
0.0
 79
     0
146
0.0
170
     0
 61
     5
348
2D7B6B
292
     1
282
     1
141
0.0
142
0.0
 63
   250
421
  3355443
  0
LWPOLYLINE
  5
2CA943
330
2D7BA7
100
AcDbEntity
 67
     1
  8
00-UNIF_TIPICO_REF_
100
AcDbPolyline
 90
        4
 70
     1
 43
0.0
 10
673.1925793224161
 20
46.0085396501181
 10
691.4755096304957
 20
46.0085396501181
 10
691.4755096304957
 20
37.27850287136425
 10
673.1925793224161
 20
37.27850287136425
  0
LINE
  5
2CA944
330
2D7BA7
100
AcDbEntity
 67
     1
  8
00-UNIF_TIPICO_REF_
100
AcDbLine
 10
673.1925793224161
 20
46.0085396501181
 30
0.0
 11
691.4755096304957
 21
37.27850287136425
 31
0.0
  0
INSERT
  5
2CA946
330
2D7BA7
100
AcDbEntity
 67
     1
  8
POTENCIA
 62
     0
100
AcDbBlockReference
  2
*U47
 10
0.0
 20
0.0
 30
0.0
  0
INSERT
  5
2CA947
330
2D7BA7
100
AcDbEntity
 67
     1
  8
POTENCIA
 62
     0
100
AcDbBlockReference
  2
*U48
 10
0.0
 20
0.0
 30
0.0
  0
LINE
  5
2CA948
330
2D7BA7
100
AcDbEntity
 67
     1
  8
00-UNIF_TIPICO_REF_
100
AcDbLine
 10
832.711879572485
 20
101.4132239561174
 30
0.0
 11
827.2377468273305
 21
112.173101322968
 31
0.0
  0
LINE
  5
2CA949
330
2D7BA7
100
AcDbEntity
 67
     1
  8
00-UNIF_TIPICO_REF_
100
AcDbLine
 10
832.711879572485
 20
101.4132239561174
 30
0.0
 11
838.1860123176391
 21
112.173101322968
 31
0.0
  0
LINE
  5
2CA94A
330
2D7BA7
100
AcDbEntity
 67
     1
  8
00-UNIF_TIPICO_REF_
100
AcDbLine
 10
832.711879572485
 20
101.4132239561174
 30
0.0
 11
832.711879572485
 21
112.173101322968
 31
0.0
  0
INSERT
  5
2CA94B
330
2D7BA7
100
AcDbEntity
 67
     1
  8
POTENCIA
 62
     0
100
AcDbBlockReference
  2
*U49
 10
0.0
 20
0.0
 30
0.0
  0
INSERT
  5
2CA94C
330
2D7BA7
100
AcDbEntity
 67
     1
  8
POTENCIA
 62
     0
100
AcDbBlockReference
  2
*U50
 10
0.0
 20
0.0
 30
0.0
  0
INSERT
  5
2CA94D
330
2D7BA7
100
AcDbEntity
 67
     1
  8
POTENCIA
 62
     0
100
AcDbBlockReference
  2
*U51
 10
0.0
 20
0.0
 30
0.0
  0
LINE
  5
2CA94E
330
2D7BA7
100
AcDbEntity
 67
     1
  8
00-UNIF_TIPICO_REF_
100
AcDbLine
 10
829.9748131999077
 20
106.7931626395427
 30
0.0
 11
820.3791898413431
 21
106.7931626395427
 31
0.0
  0
LINE
  5
2CA94F
330
2D7BA7
100
AcDbEntity
 67
     1
  8
00-UNIF_TIPICO_REF_
100
AcDbLine
 10
817.5186818743409
 20
112.3838757460873
 30
0.0
 11
820.3791898413431
 21
112.3838757460873
 31
0.0
  0
LINE
  5
2CA950
330
2D7BA7
100
AcDbEntity
 67
     1
  8
00-UNIF_TIPICO_REF_
100
AcDbLine
 10
820.3791898413431
 20
112.3838757460873
 30
0.0
 11
820.3791898413431
 21
101.2024495329981
 31
0.0
  0
LINE
  5
2CA951
330
2D7BA7
100
AcDbEntity
 67
     1
  8
00-UNIF_TIPICO_REF_
100
AcDbLine
 10
820.3791898413431
 20
101.2024495329981
 30
0.0
 11
823.2396978083453
 21
101.2024495329981
 31
0.0
  0
INSERT
  5
2CA952
330
2D7BA7
100
AcDbEntity
 67
     1
  8
POTENCIA
 62
     0
100
AcDbBlockReference
  2
*U52
 10
0.0
 20
0.0
 30
0.0
  0
INSERT
  5
2CA953
330
2D7BA7
100
AcDbEntity
 67
     1
  8
POTENCIA
 62
     0
100
AcDbBlockReference
  2
*U53
 10
0.0
 20
0.0
 30
0.0
  0
LWPOLYLINE
  5
2CA959
330
2D7BA7
100
AcDbEntity
 67
     1
  8
00-UNIF_TIPICO_REF_
100
AcDbPolyline
 90
        4
 70
     1
 43
0.0
 10
818.7096528474858
 20
81.32687967684455
 10
836.992583155566
 20
81.32687967684455
 10
836.992583155566
 20
72.5968428980907
 10
818.7096528474858
 20
72.5968428980907
  0
INSERT
  5
2CA95A
330
2D7BA7
100
AcDbEntity
 67
     1
  8
POTENCIA
 62
     0
100
AcDbBlockReference
  2
*U54
 10
0.0
 20
0.0
 30
0.0
  0
INSERT
  5
2CA95B
330
2D7BA7
100
AcDbEntity
 67
     1
  8
POTENCIA
 62
     0
100
AcDbBlockReference
  2
*U55
 10
0.0
 20
0.0
 30
0.0
  0
LINE
  5
2CA95C
330
2D7BA7
100
AcDbEntity
 67
     1
  8
00-UNIF_TIPICO_REF_
100
AcDbLine
 10
836.992583155566
 20
81.32687967684455
 30
0.0
 11
818.7096528474858
 21
72.5968428980907
 31
0.0
  0
INSERT
  5
2CA95D
330
2D7BA7
100
AcDbEntity
 67
     1
  8
00-UNIF_TIPICO_REF_
  6
Continuous
100
AcDbBlockReference
  2
*U56
 10
0.0
 20
0.0
 30
0.0
1001
ACAD
1002
{
1000
R14_HATCH_DATA
1000
2CA95D
1011
1.0
1021
0.0
1031
0.0
1011
0.0
1021
1.0
1031
0.0
1011
0.0
1021
0.0
1031
1.0
1040
0.0
1010
0.0
1020
0.0
1030
1.0
1000
SOLID
1070
     1
1070
     0
1071
        1
1071
        7
1070
     0
1070
     1
1071
        3
1040
832.5646591764234
1040
56.21409865032298
1040
833.3846573122624
1040
55.29008715860346
1040
832.1744408191301
1040
55.04195368776822
1071
        0
1070
     0
1070
     1
1040
0.4846893059639431
1071
        1
1040
832.916518425976
1040
55.68636857993761
1040
0.0
1002
}
  0
LWPOLYLINE
  5
2CA95E
330
2D7BA7
100
AcDbEntity
 67
     1
  8
00-UNIF_TIPICO_REF_
100
AcDbPolyline
 90
        3
 70
     1
 43
0.0
 10
832.1744408191301
 20
55.04195368776822
 10
833.3846573122624
 20
55.29008715860346
 10
832.5646591764234
 20
56.21409865032298
  0
INSERT
  5
2CA95F
330
2D7BA7
100
AcDbEntity
 67
     1
  8
00-UNIF_TIPICO_REF_
  6
Continuous
100
AcDbBlockReference
  2
*U57
 10
0.0
 20
0.0
 30
0.0
1001
ACAD
1002
{
1000
R14_HATCH_DATA
1000
2CA95F
1011
1.0
1021
0.0
1031
0.0
1011
0.0
1021
1.0
1031
0.0
1011
0.0
1021
0.0
1031
1.0
1040
0.0
1010
0.0
1020
0.0
1030
1.0
1000
SOLID
1070
     1
1070
     0
1071
        1
1071
        7
1070
     0
1070
     1
1071
        3
1040
833.9776911210559
1040
54.62182947564325
1040
834.7976892568947
1040
53.69781798392374
1040
833.5874727637625
1040
53.44968451308862
1071
        0
1070
     0
1070
     1
1040
0.4846893059639431
1071
        1
1040
834.3295503706086
1040
54.09409940525801
1040
0.0
1002
}
  0
LWPOLYLINE
  5
2CA960
330
2D7BA7
100
AcDbEntity
 67
     1
  8
00-UNIF_TIPICO_REF_
100
AcDbPolyline
 90
        3
 70
     1
 43
0.0
 10
833.5874727637625
 20
53.44968451308862
 10
834.7976892568947
 20
53.69781798392374
 10
833.9776911210559
 20
54.62182947564325
  0
LWPOLYLINE
  5
2CA961
330
2D7BA7
100
AcDbEntity
 67
     1
  8
00-UNIF_TIPICO_REF_
100
AcDbPolyline
 90
        4
 70
     0
 43
0.0426156291179953
 10
836.2993196555176
 20
60.12562665767156
 10
834.0694807550162
 20
58.14679440500505
 10
834.7759967273329
 20
57.35065981766457
 10
832.9746582443437
 20
55.75209290446219
  0
LWPOLYLINE
  5
2CA962
330
2D7BA7
100
AcDbEntity
 67
     1
  8
00-UNIF_TIPICO_REF_
100
AcDbPolyline
 90
        4
 70
     0
 43
0.0426156291179953
 10
837.7123516001503
 20
58.53335748299196
 10
835.4825126996484
 20
56.55452523032546
 10
836.1890286719651
 20
55.75839064298496
 10
834.3876901889759
 20
54.15982372978247
  0
CIRCLE
  5
2CA963
330
2D7BA7
100
AcDbEntity
 67
     1
  8
00-UNIF_TIPICO_REF_
100
AcDbCircle
 10
828.5883990346047
 20
51.41578464597273
 30
0.0
 40
4.212896862015131
  0
INSERT
  5
2CA964
330
2D7BA7
100
AcDbEntity
 67
     1
  8
POTENCIA
 62
     0
100
AcDbBlockReference
  2
*U58
 10
0.0
 20
0.0
 30
0.0
  0
INSERT
  5
2CA965
330
2D7BA7
100
AcDbEntity
 67
     1
  8
POTENCIA
 62
     0
100
AcDbBlockReference
  2
*U59
 10
0.0
 20
0.0
 30
0.0
  0
INSERT
  5
2CA966
330
2D7BA7
100
AcDbEntity
 67
     1
  8
POTENCIA
 62
     0
100
AcDbBlockReference
  2
*U60
 10
0.0
 20
0.0
 30
0.0
  0
VIEWPORT
  5
2CAEBE
330
2D7BA7
100
AcDbEntity
 67
     1
  8
01-VP
 62
     1
100
AcDbViewport
 10
749.3039868242619
 20
227.9981896065272
 30
0.0
 40
431.260379410552
 41
186.5647032086529
 68
     5
 69
     5
 12
1103.207631322294
 22
-5409.042624905071
 13
0.0
 23
0.0
 14
10.0
 24
10.0
 15
10.0
 25
10.0
 16
0.0
 26
0.0
 36
1.0
 17
0.0
 27
0.0
 37
0.0
 42
50.0
 43
0.0
 44
0.0
 45
1865.647037163725
 50
0.0
 51
0.0
 72
  1000
 90
    32864
  1

281
     0
 71
     0
 74
     0
110
0.0
120
0.0
130
0.0
111
1.0
121
0.0
131
0.0
112
0.0
122
1.0
132
0.0
 79
     0
146
0.0
170
     0
 61
     5
348
2D7B6B
292
     1
282
     1
141
0.0
142
0.0
 63
   250
421
  3355443
  0
LINE
  5
2CBB8F
330
2D7BA7
100
AcDbEntity
 67
     1
  8
0
 62
     2
100
AcDbLine
 10
519.8764972271873
 20
200.3860004702787
 30
0.0
 11
526.9611622271886
 21
200.3860004702787
 31
0.0
  0
TEXT
  5
2CBB90
330
2D7BA7
100
AcDbEntity
 67
     1
  8
0
 62
     2
100
AcDbText
 10
525.1540616976086
 20
290.5821966812019
 30
0.0
 40
4.008737084141013
  1
2
 50
90.0
  7
ROMANS
100
AcDbText
  0
LINE
  5
2D24BE
330
2D7BA7
100
AcDbEntity
 67
     1
  8
0
100
AcDbLine
 10
1161.376475948742
 20
26.10324147027254
 30
0.0
 11
1319.026709227188
 21
26.10324147027254
 31
0.0
  0
INSERT
  5
2D24BF
330
2D7BA7
100
AcDbEntity
 67
     1
  8
0
100
AcDbBlockReference
 66
     1
  2
CCU_ROTULO_LUJAN
 10
1319.026709227188
 20
26.10324147027254
 30
0.0
  0
ATTRIB
  5
2D24C0
330
2D24BF
100
AcDbEntity
 67
     1
  8
0
 62
     4
100
AcDbText
 10
1157.520708702415
 20
27.36113256033403
 30
0.0
 40
4.0
  1
ILUMINACION
 41
0.8
  7
TEXTO-ROTULO
100
AcDbAttribute
280
     0
  2
SECCION
 70
     0
280
     0
  0
ATTRIB
  5
2D24C1
330
2D24BF
100
AcDbEntity
 67
     1
  8
0
 62
     4
100
AcDbText
 10
1145.520708702415
 20
37.36113256033402
 30
0.0
 40
4.0
  1
LJN-E-07-01-075-013
 41
0.8
  7
TEXTO-ROTULO
100
AcDbAttribute
280
     0
  2
N_PLANO
 70
     0
280
     0
  0
ATTRIB
  5
2D24C2
330
2D24BF
100
AcDbEntity
 67
     1
  8
0
 62
     2
100
AcDbText
 10
1146.540994941473
 20
27.36113256033403
 30
0.0
 40
3.0
  1
ESC
 41
0.8000000000000001
  7
TEXTO-ROTULO
 72
     1
 11
1150.026709227188
 21
27.36113256033403
 31
0.0
100
AcDbAttribute
280
     0
  2
ESC
 70
     0
280
     0
  0
ATTRIB
  5
2D24C3
330
2D24BF
100
AcDbEntity
 67
     1
  8
0
 62
     1
100
AcDbText
 10
1182.136233036712
 20
47.60324147027254
 30
0.0
 40
2.0
  1
27/12/21
 41
0.65
  7
TEXTO-ROTULO
 72
     1
 11
1187.026709227188
 21
47.60324147027254
 31
0.0
100
AcDbAttribute
280
     0
  2
F_APRO
 70
     0
280
     0
  0
ATTRIB
  5
2D24C4
330
2D24BF
100
AcDbEntity
 67
     1
  8
0
 62
     2
100
AcDbText
 10
1156.69483124676
 20
47.60324147027254
 30
0.0
 40
2.0
  1
J.S.R.
 41
0.8
  7
TEXTO-ROTULO
100
AcDbAttribute
280
     0
  2
APRO
 70
     0
280
     0
  0
ATTRIB
  5
2D24C5
330
2D24BF
100
AcDbEntity
 67
     1
  8
0
 62
     1
100
AcDbText
 10
1182.136233036712
 20
52.60324147027255
 30
0.0
 40
2.0
  1
27/12/21
 41
0.65
  7
TEXTO-ROTULO
 72
     1
 11
1187.026709227188
 21
52.60324147027255
 31
0.0
100
AcDbAttribute
280
     0
  2
F_DIBU
 70
     0
280
     0
  0
ATTRIB
  5
2D24C6
330
2D24BF
100
AcDbEntity
 67
     1
  8
0
 62
     2
100
AcDbText
 10
1156.69483124676
 20
52.60324147027255
 30
0.0
 40
2.0
  1
J.E.
 41
0.8
  7
TEXTO-ROTULO
100
AcDbAttribute
280
     0
  2
DIBU
 70
     0
280
     0
  0
ATTRIB
  5
2D24C7
330
2D24BF
100
AcDbEntity
 67
     1
  8
0
 62
     1
100
AcDbText
 10
1182.136233036712
 20
57.60324147027255
 30
0.0
 40
2.0
  1
27/12/21
 41
0.65
  7
TEXTO-ROTULO
 72
     1
 11
1187.026709227188
 21
57.60324147027255
 31
0.0
100
AcDbAttribute
280
     0
  2
F_PROY
 70
     0
280
     0
  0
ATTRIB
  5
2D24C8
330
2D24BF
100
AcDbEntity
 67
     1
  8
0
 62
     2
100
AcDbText
 10
1156.69483124676
 20
57.60324147027255
 30
0.0
 40
2.0
  1
A.G.A.
 41
0.8
  7
TEXTO-ROTULO
100
AcDbAttribute
280
     0
  2
PROY
 70
     0
280
     0
  0
ATTRIB
  5
2D24C9
330
2D24BF
100
AcDbEntity
 67
     1
  8
0
 62
     5
100
AcDbText
 10
1308.959483830217
 20
28.70324147027239
 30
0.0
 40
10.0
  1
C
 41
0.8
  7
TEXTO-ROTULO
 72
     4
 11
1312.959483830217
 21
33.70324147027239
 31
0.0
100
AcDbAttribute
280
     0
  2
R
 70
     0
280
     0
  0
ATTRIB
  5
2D24CA
330
2D24BF
100
AcDbEntity
 67
     1
  8
0
 62
     5
100
AcDbText
 10
1232.702340973074
 20
29.52482027619235
 30
0.0
 40
3.2
  1
Esquema Unifilar y Tablero
 41
0.75
  7
TEXTO-ROTULO
 72
     1
 11
1257.959483830217
 21
29.52482027619235
 31
0.0
100
AcDbAttribute
280
     0
  2
TITULO2
 70
     0
280
     0
  0
ATTRIB
  5
2D24CB
330
2D24BF
100
AcDbEntity
 67
     1
  8
0
 62
     5
100
AcDbText
 10
1212.382340973074
 20
37.44114042936109
 30
0.0
 40
3.2
  1
CALLE PAVIMENTADA (SEC.: 1) PLAYA ESTABILIZADO (SEC.: 2)
 41
0.6
  7
TEXTO-ROTULO
 72
     1
 11
1257.959483830217
 21
37.44114042936109
 31
0.0
100
AcDbAttribute
280
     0
  2
TITULO1
 70
     0
280
     0
  0
SEQEND
  5
2D24CC
330
2D24BF
100
AcDbEntity
 67
     1
  8
0
  0
TEXT
  5
2D24CD
330
2D7BA7
100
AcDbEntity
 67
     1
  8
0
 62
     2
100
AcDbText
 10
1166.257166585397
 20
20.90857853037994
 30
0.0
 40
4.008737084141013
  1
B
 50
90.0
  7
ROMANS
100
AcDbText
  0
VIEWPORT
  5
2D2520
330
2D7BA7
100
AcDbEntity
 67
     1
  8
01-VP
 62
     1
100
AcDbViewport
 10
1142.569707524443
 20
295.4269308011157
 30
0.0
 40
279.0770797514484
 41
84.95284945178402
 68
     6
 69
     6
 12
1208.45106933046
 22
-1005.498175133648
 13
0.0
 23
0.0
 14
10.0
 24
10.0
 15
10.0
 25
10.0
 16
0.0
 26
0.0
 36
1.0
 17
0.0
 27
0.0
 37
0.0
 42
50.0
 43
0.0
 44
0.0
 45
169.9057102757019
 50
0.0
 51
0.0
 72
  1000
 90
    32864
  1

281
     0
 71
     0
 74
     0
110
0.0
120
0.0
130
0.0
111
1.0
121
0.0
131
0.0
112
0.0
122
1.0
132
0.0
 79
     0
146
0.0
170
     0
 61
     5
348
2D7B6B
292
     1
282
     1
141
0.0
142
0.0
 63
   250
421
  3355443
  0
VIEWPORT
  5
2D2524
330
2D7BA7
100
AcDbEntity
 67
     1
  8
01-VP
 62
     1
100
AcDbViewport
 10
1142.569707524443
 20
181.7315763361598
 30
0.0
 40
279.0770797514484
 41
85.67378214727479
 68
     7
 69
     7
 12
1220.097753281456
 22
-1260.682142079316
 13
0.0
 23
0.0
 14
10.0
 24
10.0
 15
10.0
 25
10.0
 16
0.0
 26
0.0
 36
1.0
 17
0.0
 27
0.0
 37
0.0
 42
50.0
 43
0.0
 44
0.0
 45
171.3475757631902
 50
0.0
 51
0.0
 72
  1000
 90
    32864
  1

281
     0
 71
     0
 74
     0
110
0.0
120
0.0
130
0.0
111
1.0
121
0.0
131
0.0
112
0.0
122
1.0
132
0.0
 79
     0
146
0.0
170
     0
 61
     5
348
2D7B6B
292
     1
282
     1
141
0.0
142
0.0
 63
   250
421
  3355443
  0
LWPOLYLINE
  5
2D25A3
330
2D7BA7
100
AcDbEntity
 67
     1
  8
POTENCIA
  6
HIDDEN
 62
     8
100
AcDbPolyline
 90
       11
 70
     1
 43
0.0
 10
731.2236500733456
 20
497.3292723144722
 42
0.52056705
 10
733.1946480935406
 20
458.5915407319161
 42
0.52056705
 10
735.4977698962064
 20
426.6159163879603
 42
0.52056705
 10
772.412236294819
 20
415.8749083416262
 42
0.52056705
 10
811.2644848402252
 20
413.068769333859
 42
0.52056705
 10
850.0378127476443
 20
413.296241631671
 42
0.52056705
 10
872.5920666764784
 20
440.8283838013485
 42
0.52056705
 10
859.7568426072369
 20
475.7664082694429
 42
0.52056705
 10
828.0391932434952
 20
495.7170492745984
 42
0.52056705
 10
789.6836874299299
 20
500.0765743723359
 42
0.52056705
 10
750.779101831858
 20
498.5070035376741
 42
0.52056705
  0
INSERT
  5
2D26AC
330
2D7BA7
100
AcDbEntity
 67
     1
  8
POTENCIA
 62
     0
100
AcDbBlockReference
  2
*U83
 10
0.0
 20
0.0
 30
0.0
  0
LWPOLYLINE
  5
2D26AD
330
2D7BA7
100
AcDbEntity
 67
     1
  8
BELT_6
  6
0
 62
     6
100
AcDbPolyline
 90
        4
 70
     1
 43
1.0
 10
1055.373600263078
 20
102.7569605948872
 10
1009.76161227814
 20
76.58361699595549
 10
1017.286845076337
 20
63.46947945071566
 10
1062.898833061275
 20
89.6428230496474
  0
LWPOLYLINE
  5
2D26AE
330
2D7BA7
100
AcDbEntity
 67
     1
  8
BELT_6
  6
0
 62
     6
100
AcDbPolyline
 90
        4
 70
     1
 43
0.0
 10
1056.112880925005
 20
105.4870639084818
 10
1007.031508964546
 20
77.32289765788313
 10
1016.547564414409
 20
60.73937613712121
 10
1065.628936374869
 20
88.90354238771976
  0
ENDSEC
  0
SECTION
  2
OBJECTS
  0
DICTIONARY
  5
2D7B48
330
0
100
AcDbDictionary
281
     1
  3
ACAD_CIP_PREVIOUS_PRODUCT_INFO
350
2D7CCF
  3
ACAD_COLOR
350
2D7B9E
  3
ACAD_DETAILVIEWSTYLE
350
2D7BA5
  3
ACAD_GROUP
350
2D7B49
  3
ACAD_LAST_SAVED_VERSION_INFO
350
2D7CD0
  3
ACAD_LAYOUT
350
2D7B9D
  3
ACAD_MATERIAL
350
2D7B4C
  3
ACAD_MLEADERSTYLE
350
2D7BA1
  3
ACAD_MLINESTYLE
350
2D7B9A
  3
ACAD_PLOTSETTINGS
350
2D7B9C
  3
ACAD_PLOTSTYLENAME
350
2D7B4A
  3
ACAD_SCALELIST
350
2D7B7E
  3
ACAD_SECTIONVIEWSTYLE
350
2D7BA3
  3
ACAD_TABLESTYLE
350
2D7B9F
  3
ACAD_VISUALSTYLE
350
2D7B65
  3
ACDB_RECOMPOSE_DATA
350
2D7D51
  3
AcDbVariableDictionary
350
2D7D45
  0
DICTIONARY
  5
2D7D2E
330
2D7B3E
100
AcDbDictionary
280
     1
281
     1
  3
ACAD_LAYERSTATES
360
2D7D2F
  0
DICTIONARY
  5
2D7CD1
330
2D7B90
100
AcDbDictionary
280
     1
281
     1
  3
ADSK_XREC_LAYER_RECONCILED
360
2D7CD2
  0
DICTIONARY
  5
2D7CD3
330
2D7BAF
100
AcDbDictionary
280
     1
281
     1
  3
ADSK_XREC_LAYER_RECONCILED
360
2D7CD4
  0
DICTIONARY
  5
2D7CD5
330
2D7BB6
100
AcDbDictionary
280
     1
281
     1
  3
ADSK_XREC_LAYER_RECONCILED
360
2D7CD6
  0
DICTIONARY
  5
2D7CD7
330
2D7BB7
100
AcDbDictionary
280
     1
281
     1
  3
ADSK_XREC_LAYER_RECONCILED
360
2D7CD8
  0
DICTIONARY
  5
2D7CD9
330
2D7BB8
100
AcDbDictionary
280
     1
281
     1
  3
ADSK_XREC_LAYER_RECONCILED
360
2D7CDA
  0
DICTIONARY
  5
2D7CDB
330
2D7BB9
100
AcDbDictionary
280
     1
281
     1
  3
ADSK_XREC_LAYER_RECONCILED
360
2D7CDC
  0
DICTIONARY
  5
2D7CDD
330
2D7BBA
100
AcDbDictionary
280
     1
281
     1
  3
ADSK_XREC_LAYER_RECONCILED
360
2D7CDE
  0
DICTIONARY
  5
2D7CDF
330
2D7BBB
100
AcDbDictionary
280
     1
281
     1
  3
ADSK_XREC_LAYER_RECONCILED
360
2D7CE0
  0
DICTIONARY
  5
2D7CE1
330
2D7BBC
100
AcDbDictionary
280
     1
281
     1
  3
ADSK_XREC_LAYER_RECONCILED
360
2D7CE2
  0
DICTIONARY
  5
2D7CE3
330
2D7BBD
100
AcDbDictionary
280
     1
281
     1
  3
ADSK_XREC_LAYER_RECONCILED
360
2D7CE4
  0
DICTIONARY
  5
2D7CE5
330
2D7BBE
100
AcDbDictionary
280
     1
281
     1
  3
ADSK_XREC_LAYER_RECONCILED
360
2D7CE6
  0
DICTIONARY
  5
2D7CE7
330
2D7BBF
100
AcDbDictionary
280
     1
281
     1
  3
ADSK_XREC_LAYER_RECONCILED
360
2D7CE8
  0
DICTIONARY
  5
2D7CE9
330
2D7BC0
100
AcDbDictionary
280
     1
281
     1
  3
ADSK_XREC_LAYER_RECONCILED
360
2D7CEA
  0
DICTIONARY
  5
2D7CEB
330
2D7BC1
100
AcDbDictionary
280
     1
281
     1
  3
ADSK_XREC_LAYER_RECONCILED
360
2D7CEC
  0
DICTIONARY
  5
2D7CED
330
2D7BC2
100
AcDbDictionary
280
     1
281
     1
  3
ADSK_XREC_LAYER_RECONCILED
360
2D7CEE
  0
DICTIONARY
  5
2D7CEF
330
2D7BC3
100
AcDbDictionary
280
     1
281
     1
  3
ADSK_XREC_LAYER_RECONCILED
360
2D7CF0
  0
DICTIONARY
  5
2D7CF1
330
2D7BC4
100
AcDbDictionary
280
     1
281
     1
  3
ADSK_XREC_LAYER_RECONCILED
360
2D7CF2
  0
DICTIONARY
  5
2D7CF3
330
2D7BC5
100
AcDbDictionary
280
     1
281
     1
  3
ADSK_XREC_LAYER_RECONCILED
360
2D7CF4
  0
DICTIONARY
  5
2D7CF5
330
2D7BC6
100
AcDbDictionary
280
     1
281
     1
  3
ADSK_XREC_LAYER_RECONCILED
360
2D7CF6
  0
DICTIONARY
  5
2D7CF7
330
2D7BC7
100
AcDbDictionary
280
     1
281
     1
  3
ADSK_XREC_LAYER_RECONCILED
360
2D7CF8
  0
DICTIONARY
  5
2D7CF9
330
2D7BC8
100
AcDbDictionary
280
     1
281
     1
  3
ADSK_XREC_LAYER_RECONCILED
360
2D7CFA
  0
DICTIONARY
  5
2D7CFB
330
2D7BC9
100
AcDbDictionary
280
     1
281
     1
  3
ADSK_XREC_LAYER_RECONCILED
360
2D7CFC
  0
DICTIONARY
  5
2D7CFD
330
2D7BCA
100
AcDbDictionary
280
     1
281
     1
  3
ADSK_XREC_LAYER_RECONCILED
360
2D7CFE
  0
DICTIONARY
  5
2D7CFF
330
2D7BCB
100
AcDbDictionary
280
     1
281
     1
  3
ADSK_XREC_LAYER_RECONCILED
360
2D7D00
  0
DICTIONARY
  5
2D7D01
330
2D7BCC
100
AcDbDictionary
280
     1
281
     1
  3
ADSK_XREC_LAYER_RECONCILED
360
2D7D02
  0
DICTIONARY
  5
2D7D03
330
2D7BCD
100
AcDbDictionary
280
     1
281
     1
  3
ADSK_XREC_LAYER_RECONCILED
360
2D7D04
  0
DICTIONARY
  5
2D7D05
330
2D7BCE
100
AcDbDictionary
280
     1
281
     1
  3
ADSK_XREC_LAYER_RECONCILED
360
2D7D06
  0
DICTIONARY
  5
2D7D07
330
2D7BCF
100
AcDbDictionary
280
     1
281
     1
  3
ADSK_XREC_LAYER_RECONCILED
360
2D7D08
  0
DICTIONARY
  5
2D7D09
330
2D7BD0
100
AcDbDictionary
280
     1
281
     1
  3
ADSK_XREC_LAYER_RECONCILED
360
2D7D0A
  0
DICTIONARY
  5
2D7D0B
330
2D7BD1
100
AcDbDictionary
280
     1
281
     1
  3
ADSK_XREC_LAYER_RECONCILED
360
2D7D0C
  0
DICTIONARY
  5
2D7D0D
330
2D7BD2
100
AcDbDictionary
280
     1
281
     1
  3
ADSK_XREC_LAYER_RECONCILED
360
2D7D0E
  0
DICTIONARY
  5
2D7D0F
330
2D7BD3
100
AcDbDictionary
280
     1
281
     1
  3
ADSK_XREC_LAYER_RECONCILED
360
2D7D10
  0
DICTIONARY
  5
2D7D11
330
2D7BD4
100
AcDbDictionary
280
     1
281
     1
  3
ADSK_XREC_LAYER_RECONCILED
360
2D7D12
  0
DICTIONARY
  5
2D7D13
330
2D7BD5
100
AcDbDictionary
280
     1
281
     1
  3
ADSK_XREC_LAYER_RECONCILED
360
2D7D14
  0
DICTIONARY
  5
2D7D15
330
2D7BD6
100
AcDbDictionary
280
     1
281
     1
  3
ADSK_XREC_LAYER_RECONCILED
360
2D7D16
  0
DICTIONARY
  5
2D7D17
330
2D7BD7
100
AcDbDictionary
280
     1
281
     1
  3
ADSK_XREC_LAYER_RECONCILED
360
2D7D18
  0
DICTIONARY
  5
2D7D19
330
2D7BD8
100
AcDbDictionary
280
     1
281
     1
  3
ADSK_XREC_LAYER_RECONCILED
360
2D7D1A
  0
DICTIONARY
  5
2D7D1B
330
2D7BD9
100
AcDbDictionary
280
     1
281
     1
  3
ADSK_XREC_LAYER_RECONCILED
360
2D7D1C
  0
DICTIONARY
  5
2D7D1D
330
2D7BDA
100
AcDbDictionary
280
     1
281
     1
  3
ADSK_XREC_LAYER_RECONCILED
360
2D7D1E
  0
DICTIONARY
  5
2D7D1F
330
2D7BDB
100
AcDbDictionary
280
     1
281
     1
  3
ADSK_XREC_LAYER_RECONCILED
360
2D7D20
  0
DICTIONARY
  5
2D7D21
330
2D7BDC
100
AcDbDictionary
280
     1
281
     1
  3
ADSK_XREC_LAYER_RECONCILED
360
2D7D22
  0
DICTIONARY
  5
2D7D23
330
2D7BDD
100
AcDbDictionary
280
     1
281
     1
  3
ADSK_XREC_LAYER_RECONCILED
360
2D7D24
  0
DICTIONARY
  5
2D7D25
330
2D7BDE
100
AcDbDictionary
280
     1
281
     1
  3
ADSK_XREC_LAYER_RECONCILED
360
2D7D26
  0
DICTIONARY
  5
2D7D27
330
2D7BDF
100
AcDbDictionary
280
     1
281
     1
  3
ADSK_XREC_LAYER_RECONCILED
360
2D7D28
  0
DICTIONARY
  5
2D7D29
330
2D7BE0
100
AcDbDictionary
280
     1
281
     1
  3
ADSK_XREC_LAYER_RECONCILED
360
2D7D2A
  0
XRECORD
  5
2D7CCF
102
{ACAD_REACTORS
330
2D7B48
102
}
330
2D7B48
100
AcDbXrecord
280
     1
300
ACDMAC
300
2027
300

  0
DICTIONARY
  5
2D7B9E
102
{ACAD_REACTORS
330
2D7B48
102
}
330
2D7B48
100
AcDbDictionary
281
     1
  0
DICTIONARY
  5
2D7BA5
102
{ACAD_REACTORS
330
2D7B48
102
}
330
2D7B48
100
AcDbDictionary
281
     1
  3
Imperial24
350
2D7BA6
  0
DICTIONARY
  5
2D7B49
102
{ACAD_REACTORS
330
2D7B48
102
}
330
2D7B48
100
AcDbDictionary
281
     1
  0
XRECORD
  5
2D7CD0
102
{ACAD_REACTORS
330
2D7B48
102
}
330
2D7B48
100
AcDbXrecord
280
     1
300
{65DEAF7D-2A7F-2A49-8D68-013A8BEF6A91}
301
{D4A0049F-266C-7848-B10D-2107CCC6C372}
302
{65DEAF7D-2A7F-2A49-8D68-013A8BEF6A91}
303
/Users/tomas/Downloads/component_5.dxf
  0
DICTIONARY
  5
2D7B9D
102
{ACAD_REACTORS
330
2D7B48
102
}
330
2D7B48
100
AcDbDictionary
281
     1
  3
Layout1
350
2D7BAA
  3
Model
350
2D7BAE
  0
DICTIONARY
  5
2D7B4C
102
{ACAD_REACTORS
330
2D7B48
102
}
330
2D7B48
100
AcDbDictionary
281
     1
  3
ByBlock
350
2D7B55
  3
ByLayer
350
2D7B4D
  3
Global
350
2D7B5D
  0
DICTIONARY
  5
2D7BA1
102
{ACAD_REACTORS
330
2D7B48
102
}
330
2D7B48
100
AcDbDictionary
281
     1
  3
Standard
350
2D7BA2
  0
DICTIONARY
  5
2D7B9A
102
{ACAD_REACTORS
330
2D7B48
102
}
330
2D7B48
100
AcDbDictionary
281
     1
  3
Standard
350
2D7B9B
  0
DICTIONARY
  5
2D7B9C
102
{ACAD_REACTORS
330
2D7B48
102
}
330
2D7B48
100
AcDbDictionary
281
     1
  0
ACDBDICTIONARYWDFLT
  5
2D7B4A
102
{ACAD_REACTORS
330
2D7B48
102
}
330
2D7B48
100
AcDbDictionary
281
     1
  3
Normal
350
2D7B4B
100
AcDbDictionaryWithDefault
340
2D7B4B
  0
DICTIONARY
  5
2D7B7E
102
{ACAD_REACTORS
330
2D7B48
102
}
330
2D7B48
100
AcDbDictionary
281
     1
  3
A0
350
2D7B7F
  3
A1
350
2D7B80
  3
A2
350
2D7B81
  3
A3
350
2D7B82
  3
A4
350
2D7B83
  3
A5
350
2D7B84
  3
A6
350
2D7B85
  3
A7
350
2D7B86
  3
A8
350
2D7B87
  3
A9
350
2D7B88
  3
B0
350
2D7B89
  3
B1
350
2D7B8A
  3
B2
350
2D7B8B
  3
B3
350
2D7B8C
  3
B4
350
2D7B8D
  3
B5
350
2D7B8E
  3
B6
350
2D7B8F
  0
DICTIONARY
  5
2D7BA3
102
{ACAD_REACTORS
330
2D7B48
102
}
330
2D7B48
100
AcDbDictionary
281
     1
  3
Imperial24
350
2D7BA4
  0
DICTIONARY
  5
2D7B9F
102
{ACAD_REACTORS
330
2D7B48
102
}
330
2D7B48
100
AcDbDictionary
281
     1
  3
Standard
350
2D7BA0
  0
DICTIONARY
  5
2D7B65
102
{ACAD_REACTORS
330
2D7B48
102
}
330
2D7B48
100
AcDbDictionary
281
     1
  3
2dWireframe
350
2D7B6B
  3
Basic
350
2D7B6A
  3
Brighten
350
2D7B71
  3
ColorChange
350
2D7B75
  3
Conceptual
350
2D7B6E
  3
Dim
350
2D7B70
  3
EdgeColorOff
350
2D7B7D
  3
Facepattern
350
2D7B74
  3
Flat
350
2D7B66
  3
FlatWithEdges
350
2D7B67
  3
Gouraud
350
2D7B68
  3
GouraudWithEdges
350
2D7B69
  3
Hidden
350
2D7B6D
  3
JitterOff
350
2D7B7B
  3
Linepattern
350
2D7B73
  3
OverhangOff
350
2D7B7C
  3
Realistic
350
2D7B6F
  3
Shaded
350
2D7B7A
  3
Shaded with edges
350
2D7B79
  3
Shades of Gray
350
2D7B76
  3
Sketchy
350
2D7B77
  3
Thicken
350
2D7B72
  3
Wireframe
350
2D7B6C
  3
X-Ray
350
2D7B78
  0
XRECORD
  5
2D7D51
102
{ACAD_REACTORS
330
2D7B48
102
}
330
2D7B48
100
AcDbXrecord
280
     1
 90
        1
330
2D7BA0
  0
DICTIONARY
  5
2D7D45
102
{ACAD_REACTORS
330
2D7B48
102
}
330
2D7B48
100
AcDbDictionary
281
     1
  3
CANNOSCALE
350
2D7D4B
  3
CMLEADERSTYLE
350
2D7D47
  3
CTABLESTYLE
350
2D7D46
  3
CVIEWDETAILSTYLE
350
2D7D48
  3
CVIEWSECTIONSTYLE
350
2D7D49
  3
LAYEREVAL
350
2D7D4D
  3
LAYERNOTIFY
350
2D7D4E
  3
LIGHTINGUNITS
350
2D7D4C
  3
MSLTSCALE
350
2D7D4A
  0
DICTIONARY
  5
2D7D2F
102
{ACAD_REACTORS
330
2D7D2E
102
}
330
2D7D2E
100
AcDbDictionary
281
     1
  0
XRECORD
  5
2D7CD2
102
{ACAD_REACTORS
330
2D7CD1
102
}
330
2D7CD1
100
AcDbXrecord
280
     1
290
     1
  0
XRECORD
  5
2D7CD4
102
{ACAD_REACTORS
330
2D7CD3
102
}
330
2D7CD3
100
AcDbXrecord
280
     1
290
     1
  0
XRECORD
  5
2D7CD6
102
{ACAD_REACTORS
330
2D7CD5
102
}
330
2D7CD5
100
AcDbXrecord
280
     1
290
     1
  0
XRECORD
  5
2D7CD8
102
{ACAD_REACTORS
330
2D7CD7
102
}
330
2D7CD7
100
AcDbXrecord
280
     1
290
     1
  0
XRECORD
  5
2D7CDA
102
{ACAD_REACTORS
330
2D7CD9
102
}
330
2D7CD9
100
AcDbXrecord
280
     1
290
     1
  0
XRECORD
  5
2D7CDC
102
{ACAD_REACTORS
330
2D7CDB
102
}
330
2D7CDB
100
AcDbXrecord
280
     1
290
     1
  0
XRECORD
  5
2D7CDE
102
{ACAD_REACTORS
330
2D7CDD
102
}
330
2D7CDD
100
AcDbXrecord
280
     1
290
     1
  0
XRECORD
  5
2D7CE0
102
{ACAD_REACTORS
330
2D7CDF
102
}
330
2D7CDF
100
AcDbXrecord
280
     1
290
     1
  0
XRECORD
  5
2D7CE2
102
{ACAD_REACTORS
330
2D7CE1
102
}
330
2D7CE1
100
AcDbXrecord
280
     1
290
     1
  0
XRECORD
  5
2D7CE4
102
{ACAD_REACTORS
330
2D7CE3
102
}
330
2D7CE3
100
AcDbXrecord
280
     1
290
     1
  0
XRECORD
  5
2D7CE6
102
{ACAD_REACTORS
330
2D7CE5
102
}
330
2D7CE5
100
AcDbXrecord
280
     1
290
     1
  0
XRECORD
  5
2D7CE8
102
{ACAD_REACTORS
330
2D7CE7
102
}
330
2D7CE7
100
AcDbXrecord
280
     1
290
     1
  0
XRECORD
  5
2D7CEA
102
{ACAD_REACTORS
330
2D7CE9
102
}
330
2D7CE9
100
AcDbXrecord
280
     1
290
     1
  0
XRECORD
  5
2D7CEC
102
{ACAD_REACTORS
330
2D7CEB
102
}
330
2D7CEB
100
AcDbXrecord
280
     1
290
     1
  0
XRECORD
  5
2D7CEE
102
{ACAD_REACTORS
330
2D7CED
102
}
330
2D7CED
100
AcDbXrecord
280
     1
290
     1
  0
XRECORD
  5
2D7CF0
102
{ACAD_REACTORS
330
2D7CEF
102
}
330
2D7CEF
100
AcDbXrecord
280
     1
290
     1
  0
XRECORD
  5
2D7CF2
102
{ACAD_REACTORS
330
2D7CF1
102
}
330
2D7CF1
100
AcDbXrecord
280
     1
290
     1
  0
XRECORD
  5
2D7CF4
102
{ACAD_REACTORS
330
2D7CF3
102
}
330
2D7CF3
100
AcDbXrecord
280
     1
290
     1
  0
XRECORD
  5
2D7CF6
102
{ACAD_REACTORS
330
2D7CF5
102
}
330
2D7CF5
100
AcDbXrecord
280
     1
290
     1
  0
XRECORD
  5
2D7CF8
102
{ACAD_REACTORS
330
2D7CF7
102
}
330
2D7CF7
100
AcDbXrecord
280
     1
290
     1
  0
XRECORD
  5
2D7CFA
102
{ACAD_REACTORS
330
2D7CF9
102
}
330
2D7CF9
100
AcDbXrecord
280
     1
290
     1
  0
XRECORD
  5
2D7CFC
102
{ACAD_REACTORS
330
2D7CFB
102
}
330
2D7CFB
100
AcDbXrecord
280
     1
290
     1
  0
XRECORD
  5
2D7CFE
102
{ACAD_REACTORS
330
2D7CFD
102
}
330
2D7CFD
100
AcDbXrecord
280
     1
290
     1
  0
XRECORD
  5
2D7D00
102
{ACAD_REACTORS
330
2D7CFF
102
}
330
2D7CFF
100
AcDbXrecord
280
     1
290
     1
  0
XRECORD
  5
2D7D02
102
{ACAD_REACTORS
330
2D7D01
102
}
330
2D7D01
100
AcDbXrecord
280
     1
290
     1
  0
XRECORD
  5
2D7D04
102
{ACAD_REACTORS
330
2D7D03
102
}
330
2D7D03
100
AcDbXrecord
280
     1
290
     1
  0
XRECORD
  5
2D7D06
102
{ACAD_REACTORS
330
2D7D05
102
}
330
2D7D05
100
AcDbXrecord
280
     1
290
     1
  0
XRECORD
  5
2D7D08
102
{ACAD_REACTORS
330
2D7D07
102
}
330
2D7D07
100
AcDbXrecord
280
     1
290
     1
  0
XRECORD
  5
2D7D0A
102
{ACAD_REACTORS
330
2D7D09
102
}
330
2D7D09
100
AcDbXrecord
280
     1
290
     1
  0
XRECORD
  5
2D7D0C
102
{ACAD_REACTORS
330
2D7D0B
102
}
330
2D7D0B
100
AcDbXrecord
280
     1
290
     1
  0
XRECORD
  5
2D7D0E
102
{ACAD_REACTORS
330
2D7D0D
102
}
330
2D7D0D
100
AcDbXrecord
280
     1
290
     1
  0
XRECORD
  5
2D7D10
102
{ACAD_REACTORS
330
2D7D0F
102
}
330
2D7D0F
100
AcDbXrecord
280
     1
290
     1
  0
XRECORD
  5
2D7D12
102
{ACAD_REACTORS
330
2D7D11
102
}
330
2D7D11
100
AcDbXrecord
280
     1
290
     1
  0
XRECORD
  5
2D7D14
102
{ACAD_REACTORS
330
2D7D13
102
}
330
2D7D13
100
AcDbXrecord
280
     1
290
     1
  0
XRECORD
  5
2D7D16
102
{ACAD_REACTORS
330
2D7D15
102
}
330
2D7D15
100
AcDbXrecord
280
     1
290
     1
  0
XRECORD
  5
2D7D18
102
{ACAD_REACTORS
330
2D7D17
102
}
330
2D7D17
100
AcDbXrecord
280
     1
290
     1
  0
XRECORD
  5
2D7D1A
102
{ACAD_REACTORS
330
2D7D19
102
}
330
2D7D19
100
AcDbXrecord
280
     1
290
     1
  0
XRECORD
  5
2D7D1C
102
{ACAD_REACTORS
330
2D7D1B
102
}
330
2D7D1B
100
AcDbXrecord
280
     1
290
     1
  0
XRECORD
  5
2D7D1E
102
{ACAD_REACTORS
330
2D7D1D
102
}
330
2D7D1D
100
AcDbXrecord
280
     1
290
     1
  0
XRECORD
  5
2D7D20
102
{ACAD_REACTORS
330
2D7D1F
102
}
330
2D7D1F
100
AcDbXrecord
280
     1
290
     1
  0
XRECORD
  5
2D7D22
102
{ACAD_REACTORS
330
2D7D21
102
}
330
2D7D21
100
AcDbXrecord
280
     1
290
     1
  0
XRECORD
  5
2D7D24
102
{ACAD_REACTORS
330
2D7D23
102
}
330
2D7D23
100
AcDbXrecord
280
     1
290
     1
  0
XRECORD
  5
2D7D26
102
{ACAD_REACTORS
330
2D7D25
102
}
330
2D7D25
100
AcDbXrecord
280
     1
290
     1
  0
XRECORD
  5
2D7D28
102
{ACAD_REACTORS
330
2D7D27
102
}
330
2D7D27
100
AcDbXrecord
280
     1
290
     1
  0
XRECORD
  5
2D7D2A
102
{ACAD_REACTORS
330
2D7D29
102
}
330
2D7D29
100
AcDbXrecord
280
     1
290
     1
  0
ACDBDETAILVIEWSTYLE
  5
2D7BA6
102
{ACAD_REACTORS
330
2D7BA5
102
}
330
2D7BA5
100
AcDbModelDocViewStyle
 70
     0
  3
Imperial24
290
     0
300
Imperial24
 90
        0
100
AcDbDetailViewStyle
 70
     0
 71
     0
 90
        3
 71
     1
340
2D7B91
 62
   256
 40
0.24
340
0
 62
   256
 40
0.24
300

 40
0.36
280
     3
 71
     2
340
2D7B98
 90
       25
 62
   256
 71
     3
340
2D7B91
 62
   256
 40
0.24
 90
        1
 40
0.75
 90
        1
300
%<\AcVar ViewType \f "%tc1">% %<\AcVar ViewDetailId>%\PSCALE %<\AcVar ViewScale \f "%sn">%
 71
     4
340
2D7B98
 90
       25
 62
   256
340
2D7B98
 90
       25
 62
   256
280
     0
  0
LAYOUT
  5
2D7BAA
102
{ACAD_REACTORS
330
2D7B9D
102
}
330
2D7B9D
100
AcDbPlotSettings
  1

  2

  4

  6

 40
0.0
 41
0.0
 42
0.0
 43
0.0
 44
0.0
 45
0.0
 46
0.0
 47
0.0
 48
0.0
 49
0.0
140
0.0
141
0.0
142
1.0
143
1.0
 70
   688
 72
     0
 73
     0
 74
     5
  7

 75
    16
147
1.0
 76
     0
 77
     2
 78
   300
148
0.0
149
0.0
100
AcDbLayout
  1
Layout1
 70
     1
 71
     1
 10
491.8669443366639
 20
12.48984757975239
 11
1332.866944336664
 21
606.4898475797523
 12
0.0
 22
0.0
 32
0.0
 14
491.537837227188
 24
11.93391147027535
 34
0.0
 15
1333.196039227188
 25
607.0457714702771
 35
0.0
146
0.0
 13
0.0
 23
0.0
 33
0.0
 16
1.0
 26
0.0
 36
0.0
 17
0.0
 27
1.0
 37
0.0
 76
     0
330
2D7BA7
331
3D8C6
  0
LAYOUT
  5
2D7BAE
102
{ACAD_REACTORS
330
2D7B9D
102
}
330
2D7B9D
100
AcDbPlotSettings
  1

  2

  4

  6

 40
0.0
 41
0.0
 42
0.0
 43
0.0
 44
0.0
 45
0.0
 46
0.0
 47
0.0
 48
0.0
 49
0.0
140
0.0
141
0.0
142
1.0
143
1.0
 70
  1712
 72
     0
 73
     0
 74
     0
  7

 75
     0
147
1.0
 76
     0
 77
     2
 78
   300
148
0.0
149
0.0
100
AcDbLayout
  1
Model
 70
     1
 71
     0
 10
0.0
 20
0.0
 11
12.0
 21
9.0
 12
0.0
 22
0.0
 32
0.0
 14
0.0
 24
0.0
 34
0.0
 15
0.0
 25
0.0
 35
0.0
146
0.0
 13
0.0
 23
0.0
 33
0.0
 16
1.0
 26
0.0
 36
0.0
 17
0.0
 27
1.0
 37
0.0
 76
     0
330
2D7BAB
331
2D7BB1
  0
MATERIAL
  5
2D7B55
102
{ACAD_XDICTIONARY
360
2D7B56
102
}
102
{ACAD_REACTORS
330
2D7B4C
102
}
330
2D7B4C
100
AcDbMaterial
  1
ByBlock
 72
     0
 43
0.0208333333333333
 43
0.0
 43
0.0
 43
0.0
 43
0.0
 43
0.0208333333333333
 43
0.0
 43
0.0
 43
0.0
 43
0.0
 43
1.0
 43
0.0
 43
0.0
 43
0.0
 43
0.0
 43
1.0
 77
     0
 47
0.0208333333333333
 47
0.0
 47
0.0
 47
0.0
 47
0.0
 47
0.0208333333333333
 47
0.0
 47
0.0
 47
0.0
 47
0.0
 47
1.0
 47
0.0
 47
0.0
 47
0.0
 47
0.0
 47
1.0
171
     0
 49
0.0208333333333333
 49
0.0
 49
0.0
 49
0.0
 49
0.0
 49
0.0208333333333333
 49
0.0
 49
0.0
 49
0.0
 49
0.0
 49
1.0
 49
0.0
 49
0.0
 49
0.0
 49
0.0
 49
1.0
175
     0
142
0.0208333333333333
142
0.0
142
0.0
142
0.0
142
0.0
142
0.0208333333333333
142
0.0
142
0.0
142
0.0
142
0.0
142
1.0
142
0.0
142
0.0
142
0.0
142
0.0
142
1.0
179
     0
144
0.0208333333333333
144
0.0
144
0.0
144
0.0
144
0.0
144
0.0208333333333333
144
0.0
144
0.0
144
0.0
144
0.0
144
1.0
144
0.0
144
0.0
144
0.0
144
0.0
144
1.0
147
0.0208333333333333
147
0.0
147
0.0
147
0.0
147
0.0
147
0.0208333333333333
147
0.0
147
0.0
147
0.0
147
0.0
147
1.0
147
0.0
147
0.0
147
0.0
147
0.0
147
1.0
  0
MATERIAL
  5
2D7B4D
102
{ACAD_XDICTIONARY
360
2D7B4E
102
}
102
{ACAD_REACTORS
330
2D7B4C
102
}
330
2D7B4C
100
AcDbMaterial
  1
ByLayer
 72
     0
 43
0.0208333333333333
 43
0.0
 43
0.0
 43
0.0
 43
0.0
 43
0.0208333333333333
 43
0.0
 43
0.0
 43
0.0
 43
0.0
 43
1.0
 43
0.0
 43
0.0
 43
0.0
 43
0.0
 43
1.0
 77
     0
 47
0.0208333333333333
 47
0.0
 47
0.0
 47
0.0
 47
0.0
 47
0.0208333333333333
 47
0.0
 47
0.0
 47
0.0
 47
0.0
 47
1.0
 47
0.0
 47
0.0
 47
0.0
 47
0.0
 47
1.0
171
     0
 49
0.0208333333333333
 49
0.0
 49
0.0
 49
0.0
 49
0.0
 49
0.0208333333333333
 49
0.0
 49
0.0
 49
0.0
 49
0.0
 49
1.0
 49
0.0
 49
0.0
 49
0.0
 49
0.0
 49
1.0
175
     0
142
0.0208333333333333
142
0.0
142
0.0
142
0.0
142
0.0
142
0.0208333333333333
142
0.0
142
0.0
142
0.0
142
0.0
142
1.0
142
0.0
142
0.0
142
0.0
142
0.0
142
1.0
179
     0
144
0.0208333333333333
144
0.0
144
0.0
144
0.0
144
0.0
144
0.0208333333333333
144
0.0
144
0.0
144
0.0
144
0.0
144
1.0
144
0.0
144
0.0
144
0.0
144
0.0
144
1.0
147
0.0208333333333333
147
0.0
147
0.0
147
0.0
147
0.0
147
0.0208333333333333
147
0.0
147
0.0
147
0.0
147
0.0
147
1.0
147
0.0
147
0.0
147
0.0
147
0.0
147
1.0
  0
MATERIAL
  5
2D7B5D
102
{ACAD_XDICTIONARY
360
2D7B5E
102
}
102
{ACAD_REACTORS
330
2D7B4C
102
}
330
2D7B4C
100
AcDbMaterial
  1
Global
 72
     0
 43
0.0208333333333333
 43
0.0
 43
0.0
 43
0.0
 43
0.0
 43
0.0208333333333333
 43
0.0
 43
0.0
 43
0.0
 43
0.0
 43
1.0
 43
0.0
 43
0.0
 43
0.0
 43
0.0
 43
1.0
 77
     0
 47
0.0208333333333333
 47
0.0
 47
0.0
 47
0.0
 47
0.0
 47
0.0208333333333333
 47
0.0
 47
0.0
 47
0.0
 47
0.0
 47
1.0
 47
0.0
 47
0.0
 47
0.0
 47
0.0
 47
1.0
171
     0
 49
0.0208333333333333
 49
0.0
 49
0.0
 49
0.0
 49
0.0
 49
0.0208333333333333
 49
0.0
 49
0.0
 49
0.0
 49
0.0
 49
1.0
 49
0.0
 49
0.0
 49
0.0
 49
0.0
 49
1.0
175
     0
142
0.0208333333333333
142
0.0
142
0.0
142
0.0
142
0.0
142
0.0208333333333333
142
0.0
142
0.0
142
0.0
142
0.0
142
1.0
142
0.0
142
0.0
142
0.0
142
0.0
142
1.0
179
     0
144
0.0208333333333333
144
0.0
144
0.0
144
0.0
144
0.0
144
0.0208333333333333
144
0.0
144
0.0
144
0.0
144
0.0
144
1.0
144
0.0
144
0.0
144
0.0
144
0.0
144
1.0
147
0.0208333333333333
147
0.0
147
0.0
147
0.0
147
0.0
147
0.0208333333333333
147
0.0
147
0.0
147
0.0
147
0.0
147
1.0
147
0.0
147
0.0
147
0.0
147
0.0
147
1.0
  0
MLEADERSTYLE
  5
2D7BA2
102
{ACAD_REACTORS
330
2D7BA1
102
}
330
2D7BA1
100
AcDbMLeaderStyle
179
     2
170
     2
171
     1
172
     0
 90
        2
 40
0.0
 41
0.0
173
     1
 91
-1056964608
340
2D7B96
 92
       -2
290
     1
 42
0.09
291
     1
 43
0.36
  3
Standard
 44
0.18
300

342
2D7B91
174
     1
178
     6
175
     1
176
     0
 93
-1056964608
 45
0.18
292
     0
297
     0
 46
0.18
 94
-1056964608
 47
1.0
 49
1.0
140
1.0
293
     1
141
0.0
294
     1
177
     0
142
1.0
295
     0
296
     0
143
0.125
271
     0
272
     9
273
     9
298
     0
  0
MLINESTYLE
  5
2D7B9B
102
{ACAD_REACTORS
330
2D7B9A
102
}
330
2D7B9A
100
AcDbMlineStyle
  2
STANDARD
 70
     0
  3

 62
   256
 51
90.0
 52
90.0
 71
     2
 49
0.5
 62
   256
  6
BYLAYER
 49
-0.5
 62
   256
  6
BYLAYER
  0
ACDBPLACEHOLDER
  5
2D7B4B
102
{ACAD_REACTORS
330
2D7B4A
102
}
330
2D7B4A
  0
SCALE
  5
2D7B7F
102
{ACAD_REACTORS
330
2D7B7E
102
}
330
2D7B7E
100
AcDbScale
 70
     0
300
1:1
140
1.0
141
1.0
290
     1
  0
SCALE
  5
2D7B80
102
{ACAD_REACTORS
330
2D7B7E
102
}
330
2D7B7E
100
AcDbScale
 70
     0
300
1/128" = 1'-0"
140
0.0078125
141
12.0
290
     0
  0
SCALE
  5
2D7B81
102
{ACAD_REACTORS
330
2D7B7E
102
}
330
2D7B7E
100
AcDbScale
 70
     0
300
1/64" = 1'-0"
140
0.015625
141
12.0
290
     0
  0
SCALE
  5
2D7B82
102
{ACAD_REACTORS
330
2D7B7E
102
}
330
2D7B7E
100
AcDbScale
 70
     0
300
1/32" = 1'-0"
140
0.03125
141
12.0
290
     0
  0
SCALE
  5
2D7B83
102
{ACAD_REACTORS
330
2D7B7E
102
}
330
2D7B7E
100
AcDbScale
 70
     0
300
1/16" = 1'-0"
140
0.0625
141
12.0
290
     0
  0
SCALE
  5
2D7B84
102
{ACAD_REACTORS
330
2D7B7E
102
}
330
2D7B7E
100
AcDbScale
 70
     0
300
3/32" = 1'-0"
140
0.09375
141
12.0
290
     0
  0
SCALE
  5
2D7B85
102
{ACAD_REACTORS
330
2D7B7E
102
}
330
2D7B7E
100
AcDbScale
 70
     0
300
1/8" = 1'-0"
140
0.125
141
12.0
290
     0
  0
SCALE
  5
2D7B86
102
{ACAD_REACTORS
330
2D7B7E
102
}
330
2D7B7E
100
AcDbScale
 70
     0
300
3/16" = 1'-0"
140
0.1875
141
12.0
290
     0
  0
SCALE
  5
2D7B87
102
{ACAD_REACTORS
330
2D7B7E
102
}
330
2D7B7E
100
AcDbScale
 70
     0
300
1/4" = 1'-0"
140
0.25
141
12.0
290
     0
  0
SCALE
  5
2D7B88
102
{ACAD_REACTORS
330
2D7B7E
102
}
330
2D7B7E
100
AcDbScale
 70
     0
300
3/8" = 1'-0"
140
0.375
141
12.0
290
     0
  0
SCALE
  5
2D7B89
102
{ACAD_REACTORS
330
2D7B7E
102
}
330
2D7B7E
100
AcDbScale
 70
     0
300
1/2" = 1'-0"
140
0.5
141
12.0
290
     0
  0
SCALE
  5
2D7B8A
102
{ACAD_REACTORS
330
2D7B7E
102
}
330
2D7B7E
100
AcDbScale
 70
     0
300
3/4" = 1'-0"
140
0.75
141
12.0
290
     0
  0
SCALE
  5
2D7B8B
102
{ACAD_REACTORS
330
2D7B7E
102
}
330
2D7B7E
100
AcDbScale
 70
     0
300
1" = 1'-0"
140
1.0
141
12.0
290
     0
  0
SCALE
  5
2D7B8C
102
{ACAD_REACTORS
330
2D7B7E
102
}
330
2D7B7E
100
AcDbScale
 70
     0
300
1-1/2" = 1'-0"
140
1.5
141
12.0
290
     0
  0
SCALE
  5
2D7B8D
102
{ACAD_REACTORS
330
2D7B7E
102
}
330
2D7B7E
100
AcDbScale
 70
     0
300
3" = 1'-0"
140
3.0
141
12.0
290
     0
  0
SCALE
  5
2D7B8E
102
{ACAD_REACTORS
330
2D7B7E
102
}
330
2D7B7E
100
AcDbScale
 70
     0
300
6" = 1'-0"
140
6.0
141
12.0
290
     0
  0
SCALE
  5
2D7B8F
102
{ACAD_REACTORS
330
2D7B7E
102
}
330
2D7B7E
100
AcDbScale
 70
     0
300
1'-0" = 1'-0"
140
12.0
141
12.0
290
     0
  0
ACDBSECTIONVIEWSTYLE
  5
2D7BA4
102
{ACAD_REACTORS
330
2D7BA3
102
}
330
2D7BA3
100
AcDbModelDocViewStyle
 70
     0
  3
Imperial24
290
     0
300
Imperial24
 90
        0
100
AcDbSectionViewStyle
 70
     0
 71
     0
 90
       78
 71
     1
340
2D7B91
 62
   256
 40
0.24
340
0
340
0
 62
   256
 40
0.24
300
I, O, Q, S, X, Z
 40
0.48
 90
        3
 40
0.18
 90
        1
 71
     2
340
2D7B98
 90
       25
 62
   256
340
2D7B98
 90
       50
 62
   256
 40
0.24
 40
0.0
 40
0.24
 71
     3
340
2D7B91
 62
   256
 40
0.24
 90
        1
 40
0.75
 90
        1
300
%<\AcVar ViewType \f "%tc1">% %<\AcVar ViewSectionStartId>%-%<\AcVar ViewSectionEndId>%\PSCALE %<\AcVar ViewScale \f "%sn">%
 71
     4
 62
   256
 62
   257
300
ANSI31
 40
1.0
 90
        0
290
     0
290
     0
 90
        6
 40
0.0
 40
1.570796326794896
 40
0.2617993877991494
 40
1.308996938995747
 40
-0.2617993877991494
 40
1.832595714594046
  0
TABLESTYLE
  5
2D7BA0
102
{ACAD_XDICTIONARY
360
2D7D4F
102
}
102
{ACAD_REACTORS
330
2D7B9F
102
}
330
2D7B9F
100
AcDbTableStyle
280
     0
  3
Standard
 70
     0
 71
     0
 40
0.06
 41
0.06
280
     0
281
     0
  7
STANDARD
140
0.18
170
     2
 62
     0
 63
     7
283
     0
 90
      512
 91
        0
  1

274
    -2
284
     1
 64
     0
275
    -2
285
     1
 65
     0
276
    -2
286
     1
 66
     0
277
    -2
287
     1
 67
     0
278
    -2
288
     1
 68
     0
279
    -2
289
     1
 69
     0
  7
STANDARD
140
0.25
170
     5
 62
     0
 63
     7
283
     0
 90
      512
 91
        0
  1

274
    -2
284
     1
 64
     0
275
    -2
285
     1
 65
     0
276
    -2
286
     1
 66
     0
277
    -2
287
     1
 67
     0
278
    -2
288
     1
 68
     0
279
    -2
289
     1
 69
     0
  7
STANDARD
140
0.18
170
     5
 62
     0
 63
     7
283
     0
 90
      512
 91
        0
  1

274
    -2
284
     1
 64
     0
275
    -2
285
     1
 65
     0
276
    -2
286
     1
 66
     0
277
    -2
287
     1
 67
     0
278
    -2
288
     1
 68
     0
279
    -2
289
     1
 69
     0
  0
VISUALSTYLE
  5
2D7B6B
102
{ACAD_REACTORS
330
2D7B65
102
}
330
2D7B65
100
AcDbVisualStyle
  2
2dWireframe
 70
     4
177
     3
291
     0
 70
    58
 90
        0
176
     1
 90
        2
176
     1
 90
        0
176
     1
 90
        0
176
     1
 40
0.6
176
     1
 40
30.0
176
     1
 62
     7
420
 16777215
176
     1
 90
        1
176
     1
 90
        4
176
     1
 62
     7
176
     1
 62
   257
176
     1
 90
        1
176
     1
 90
        1
176
     1
 40
1.0
176
     1
 90
        0
176
     1
 62
   257
176
     1
 40
1.0
176
     1
 90
        1
176
     1
 90
        6
176
     1
 90
        2
176
     1
 62
     7
176
     1
 90
        5
176
     1
 90
        0
176
     1
 90
        0
176
     1
290
     0
176
     1
 90
        1
176
     1
 40
0.0
176
     1
 90
        0
176
     1
290
     1
176
     1
290
     1
176
     1
290
     0
176
     1
290
     0
176
     1
290
     0
176
     1
290
     0
176
     1
290
     0
176
     1
290
     0
176
     1
290
     0
176
     1
 90
       50
176
     1
 40
0.0
176
     1
 40
1.0
176
     1
 90
        0
176
     1
 62
    18
420
        0
176
     1
 90
       50
176
     1
 90
        3
176
     1
 62
     5
420
      255
176
     1
290
     0
176
     1
 90
       50
176
     1
 90
       50
176
     1
 90
       50
176
     1
290
     0
176
     1
 90
       50
176
     1
 62
   256
176
     0
 40
1.0
176
     0
 90
        2
176
     1
  1
strokes_ogs.tif
176
     1
290
     0
176
     1
 40
1.0
176
     1
 40
1.0
176
     1
  0
VISUALSTYLE
  5
2D7B6A
102
{ACAD_REACTORS
330
2D7B65
102
}
330
2D7B65
100
AcDbVisualStyle
  2
Basic
 70
     7
177
     3
291
     1
 70
    58
 90
        1
176
     1
 90
        0
176
     1
 90
        1
176
     1
 90
        0
176
     1
 40
0.6
176
     1
 40
30.0
176
     1
 62
     7
420
 16777215
176
     1
 90
        0
176
     1
 90
        4
176
     1
 62
     7
176
     1
 62
   257
176
     1
 90
        1
176
     1
 90
        1
176
     1
 40
1.0
176
     1
 90
        8
176
     1
 62
     7
176
     1
 40
1.0
176
     1
 90
        1
176
     1
 90
        6
176
     1
 90
        2
176
     1
 62
     7
176
     1
 90
        5
176
     1
 90
        0
176
     1
 90
        0
176
     1
290
     0
176
     1
 90
        1
176
     1
 40
0.0
176
     1
 90
        0
176
     1
290
     0
176
     1
290
     1
176
     1
290
     1
176
     1
290
     0
176
     1
290
     0
176
     1
290
     0
176
     1
290
     0
176
     1
290
     0
176
     1
290
     0
176
     1
 90
       50
176
     1
 40
0.0
176
     1
 40
1.0
176
     1
 90
        0
176
     1
 62
    18
420
        0
176
     1
 90
       50
176
     1
 90
        3
176
     1
 62
     5
420
      255
176
     1
290
     0
176
     1
 90
       50
176
     1
 90
       50
176
     1
 90
       50
176
     1
290
     0
176
     1
 90
       50
176
     1
 62
   256
176
     0
 40
1.0
176
     0
 90
        2
176
     1
  1
strokes_ogs.tif
176
     1
290
     0
176
     1
 40
1.0
176
     1
 40
1.0
176
     1
  0
VISUALSTYLE
  5
2D7B71
102
{ACAD_REACTORS
330
2D7B65
102
}
330
2D7B65
100
AcDbVisualStyle
  2
Brighten
 70
    12
177
     3
291
     1
 70
    58
 90
        2
176
     1
 90
        2
176
     1
 90
        0
176
     1
 90
        0
176
     1
 40
0.6
176
     1
 40
30.0
176
     1
 62
     7
420
 16777215
176
     1
 90
        1
176
     1
 90
        4
176
     1
 62
     7
176
     1
 62
   257
176
     1
 90
        1
176
     1
 90
        1
176
     1
 40
1.0
176
     1
 90
        8
176
     1
 62
     7
176
     1
 40
1.0
176
     1
 90
        1
176
     1
 90
        6
176
     1
 90
        2
176
     1
 62
     7
176
     1
 90
        5
176
     1
 90
        0
176
     1
 90
        0
176
     1
290
     0
176
     1
 90
        1
176
     1
 40
50.0
176
     1
 90
        0
176
     1
290
     0
176
     1
290
     1
176
     1
290
     1
176
     1
290
     0
176
     1
290
     0
176
     1
290
     0
176
     1
290
     0
176
     1
290
     0
176
     1
290
     0
176
     1
 90
       50
176
     1
 40
0.0
176
     1
 40
1.0
176
     1
 90
        0
176
     1
 62
    18
420
        0
176
     1
 90
       50
176
     1
 90
        3
176
     1
 62
     5
420
      255
176
     1
290
     0
176
     1
 90
       50
176
     1
 90
       50
176
     1
 90
       50
176
     1
290
     0
176
     1
 90
       50
176
     1
 62
   256
176
     0
 40
1.0
176
     0
 90
        2
176
     1
  1
strokes_ogs.tif
176
     1
290
     0
176
     1
 40
1.0
176
     1
 40
1.0
176
     1
  0
VISUALSTYLE
  5
2D7B75
102
{ACAD_REACTORS
330
2D7B65
102
}
330
2D7B65
100
AcDbVisualStyle
  2
ColorChange
 70
    16
177
     3
291
     1
 70
    58
 90
        2
176
     1
 90
        2
176
     1
 90
        3
176
     1
 90
        0
176
     1
 40
0.6
176
     1
 40
30.0
176
     1
 62
     8
420
  8421504
176
     1
 90
        1
176
     1
 90
        4
176
     1
 62
     7
176
     1
 62
   257
176
     1
 90
        1
176
     1
 90
        1
176
     1
 40
1.0
176
     1
 90
        8
176
     1
 62
     8
420
  8421504
176
     1
 40
1.0
176
     1
 90
        1
176
     1
 90
        6
176
     1
 90
        2
176
     1
 62
     7
176
     1
 90
        5
176
     1
 90
        0
176
     1
 90
        0
176
     1
290
     0
176
     1
 90
        1
176
     1
 40
0.0
176
     1
 90
        0
176
     1
290
     0
176
     1
290
     1
176
     1
290
     1
176
     1
290
     0
176
     1
290
     0
176
     1
290
     0
176
     1
290
     0
176
     1
290
     0
176
     1
290
     0
176
     1
 90
       50
176
     1
 40
0.0
176
     1
 40
1.0
176
     1
 90
        0
176
     1
 62
    18
420
        0
176
     1
 90
       50
176
     1
 90
        3
176
     1
 62
     5
420
      255
176
     1
290
     0
176
     1
 90
       50
176
     1
 90
       50
176
     1
 90
       50
176
     1
290
     0
176
     1
 90
       50
176
     1
 62
   256
176
     0
 40
1.0
176
     0
 90
        2
176
     1
  1
strokes_ogs.tif
176
     1
290
     0
176
     1
 40
1.0
176
     1
 40
1.0
176
     1
  0
VISUALSTYLE
  5
2D7B6E
102
{ACAD_REACTORS
330
2D7B65
102
}
330
2D7B65
100
AcDbVisualStyle
  2
Conceptual
 70
     9
177
     3
291
     0
 70
    58
 90
        3
176
     1
 90
        2
176
     1
 90
        0
176
     1
 90
        0
176
     1
 40
0.6
176
     1
 40
30.0
176
     1
 62
     7
420
 16777215
176
     1
 90
        2
176
     1
 90
        2
176
     1
 62
     7
176
     1
 62
   257
176
     1
 90
        1
176
     1
 90
        1
176
     1
 40
179.0
176
     1
 90
        8
176
     1
 62
     7
176
     1
 40
1.0
176
     1
 90
        1
176
     1
 90
        6
176
     1
 90
        2
176
     1
 62
     7
176
     1
 90
        3
176
     1
 90
        0
176
     1
 90
        0
176
     1
290
     0
176
     1
 90
        1
176
     1
 40
0.0
176
     1
 90
        0
176
     1
290
     0
176
     1
290
     1
176
     1
290
     1
176
     1
290
     0
176
     1
290
     0
176
     1
290
     0
176
     1
290
     0
176
     1
290
     0
176
     1
290
     0
176
     1
 90
       50
176
     1
 40
0.0
176
     1
 40
1.0
176
     1
 90
        0
176
     1
 62
    18
420
        0
176
     1
 90
       50
176
     1
 90
        3
176
     1
 62
     5
420
      255
176
     1
290
     0
176
     1
 90
       50
176
     1
 90
       50
176
     1
 90
       50
176
     1
290
     0
176
     1
 90
       50
176
     1
 62
   256
176
     0
 40
1.0
176
     0
 90
        2
176
     1
  1
strokes_ogs.tif
176
     1
290
     0
176
     1
 40
1.0
176
     1
 40
1.0
176
     1
  0
VISUALSTYLE
  5
2D7B70
102
{ACAD_REACTORS
330
2D7B65
102
}
330
2D7B65
100
AcDbVisualStyle
  2
Dim
 70
    11
177
     3
291
     1
 70
    58
 90
        2
176
     1
 90
        2
176
     1
 90
        0
176
     1
 90
        0
176
     1
 40
0.6
176
     1
 40
30.0
176
     1
 62
     7
420
 16777215
176
     1
 90
        1
176
     1
 90
        4
176
     1
 62
     7
176
     1
 62
   257
176
     1
 90
        1
176
     1
 90
        1
176
     1
 40
1.0
176
     1
 90
        8
176
     1
 62
     7
176
     1
 40
1.0
176
     1
 90
        1
176
     1
 90
        6
176
     1
 90
        2
176
     1
 62
     7
176
     1
 90
        5
176
     1
 90
        0
176
     1
 90
        0
176
     1
290
     0
176
     1
 90
        1
176
     1
 40
-50.0
176
     1
 90
        0
176
     1
290
     0
176
     1
290
     1
176
     1
290
     1
176
     1
290
     0
176
     1
290
     0
176
     1
290
     0
176
     1
290
     0
176
     1
290
     0
176
     1
290
     0
176
     1
 90
       50
176
     1
 40
0.0
176
     1
 40
1.0
176
     1
 90
        0
176
     1
 62
    18
420
        0
176
     1
 90
       50
176
     1
 90
        3
176
     1
 62
     5
420
      255
176
     1
290
     0
176
     1
 90
       50
176
     1
 90
       50
176
     1
 90
       50
176
     1
290
     0
176
     1
 90
       50
176
     1
 62
   256
176
     0
 40
1.0
176
     0
 90
        2
176
     1
  1
strokes_ogs.tif
176
     1
290
     0
176
     1
 40
1.0
176
     1
 40
1.0
176
     1
  0
VISUALSTYLE
  5
2D7B7D
102
{ACAD_REACTORS
330
2D7B65
102
}
330
2D7B65
100
AcDbVisualStyle
  2
EdgeColorOff
 70
    22
177
     3
291
     1
 70
    58
 90
        2
176
     0
 90
        2
176
     0
 90
        0
176
     0
 90
        0
176
     0
 40
0.6
176
     0
 40
30.0
176
     0
 62
     7
420
 16777215
176
     0
 90
        1
176
     0
 90
        4
176
     0
 62
     7
176
     0
 62
   257
176
     0
 90
        1
176
     0
 90
        1
176
     0
 40
1.0
176
     0
 90
        8
176
     2
 62
     7
176
     0
 40
1.0
176
     0
 90
        1
176
     0
 90
        6
176
     0
 90
        2
176
     0
 62
     7
176
     0
 90
        5
176
     0
 90
        0
176
     0
 90
        0
176
     0
290
     0
176
     0
 90
        1
176
     0
 40
0.0
176
     0
 90
        0
176
     0
290
     0
176
     1
290
     1
176
     1
290
     1
176
     1
290
     0
176
     1
290
     0
176
     1
290
     0
176
     1
290
     0
176
     1
290
     0
176
     1
290
     0
176
     1
 90
       50
176
     0
 40
0.0
176
     0
 40
1.0
176
     0
 90
        0
176
     0
 62
    18
420
        0
176
     0
 90
       50
176
     0
 90
        3
176
     0
 62
     5
420
      255
176
     0
290
     0
176
     1
 90
       50
176
     0
 90
       50
176
     0
 90
       50
176
     0
290
     0
176
     1
 90
       50
176
     0
 62
   256
176
     0
 40
1.0
176
     0
 90
        2
176
     0
  1
strokes_ogs.tif
176
     0
290
     0
176
     1
 40
1.0
176
     0
 40
1.0
176
     0
  0
VISUALSTYLE
  5
2D7B74
102
{ACAD_REACTORS
330
2D7B65
102
}
330
2D7B65
100
AcDbVisualStyle
  2
Facepattern
 70
    15
177
     3
291
     1
 70
    58
 90
        2
176
     1
 90
        2
176
     1
 90
        0
176
     1
 90
        0
176
     1
 40
0.6
176
     1
 40
30.0
176
     1
 62
     7
420
 16777215
176
     1
 90
        1
176
     1
 90
        4
176
     1
 62
     7
176
     1
 62
   257
176
     1
 90
        1
176
     1
 90
        1
176
     1
 40
1.0
176
     1
 90
        8
176
     1
 62
     7
176
     1
 40
1.0
176
     1
 90
        1
176
     1
 90
        6
176
     1
 90
        2
176
     1
 62
     7
176
     1
 90
        5
176
     1
 90
        0
176
     1
 90
        0
176
     1
290
     0
176
     1
 90
        1
176
     1
 40
0.0
176
     1
 90
        0
176
     1
290
     0
176
     1
290
     1
176
     1
290
     1
176
     1
290
     0
176
     1
290
     0
176
     1
290
     0
176
     1
290
     0
176
     1
290
     0
176
     1
290
     0
176
     1
 90
       50
176
     1
 40
0.0
176
     1
 40
1.0
176
     1
 90
        0
176
     1
 62
    18
420
        0
176
     1
 90
       50
176
     1
 90
        3
176
     1
 62
     5
420
      255
176
     1
290
     0
176
     1
 90
       50
176
     1
 90
       50
176
     1
 90
       50
176
     1
290
     0
176
     1
 90
       50
176
     1
 62
   256
176
     0
 40
1.0
176
     0
 90
        2
176
     1
  1
strokes_ogs.tif
176
     1
290
     0
176
     1
 40
1.0
176
     1
 40
1.0
176
     1
  0
VISUALSTYLE
  5
2D7B66
102
{ACAD_REACTORS
330
2D7B65
102
}
330
2D7B65
100
AcDbVisualStyle
  2
Flat
 70
     0
177
     3
291
     1
 70
    58
 90
        2
176
     1
 90
        1
176
     1
 90
        1
176
     1
 90
        2
176
     1
 40
0.6
176
     1
 40
30.0
176
     1
 62
     7
420
 16777215
176
     1
 90
        0
176
     1
 90
        0
176
     1
 62
     7
176
     1
 62
   257
176
     1
 90
        1
176
     1
 90
        1
176
     1
 40
1.0
176
     1
 90
        8
176
     1
 62
     7
176
     1
 40
1.0
176
     1
 90
        1
176
     1
 90
        6
176
     1
 90
        2
176
     1
 62
     7
176
     1
 90
        5
176
     1
 90
        0
176
     1
 90
        0
176
     1
290
     0
176
     1
 90
       13
176
     1
 40
0.0
176
     1
 90
        0
176
     1
290
     0
176
     1
290
     1
176
     1
290
     1
176
     1
290
     0
176
     1
290
     0
176
     1
290
     0
176
     1
290
     0
176
     1
290
     0
176
     1
290
     0
176
     1
 90
       50
176
     1
 40
0.0
176
     1
 40
1.0
176
     1
 90
        0
176
     1
 62
    18
420
        0
176
     1
 90
       50
176
     1
 90
        3
176
     1
 62
     5
420
      255
176
     1
290
     0
176
     1
 90
       50
176
     1
 90
       50
176
     1
 90
       50
176
     1
290
     0
176
     1
 90
       50
176
     1
 62
   256
176
     0
 40
1.0
176
     0
 90
        2
176
     1
  1
strokes_ogs.tif
176
     1
290
     0
176
     1
 40
1.0
176
     1
 40
1.0
176
     1
  0
VISUALSTYLE
  5
2D7B67
102
{ACAD_REACTORS
330
2D7B65
102
}
330
2D7B65
100
AcDbVisualStyle
  2
FlatWithEdges
 70
     1
177
     3
291
     1
 70
    58
 90
        2
176
     1
 90
        1
176
     1
 90
        1
176
     1
 90
        2
176
     1
 40
0.6
176
     1
 40
30.0
176
     1
 62
     7
420
 16777215
176
     1
 90
        1
176
     1
 90
        0
176
     1
 62
     7
176
     1
 62
   257
176
     1
 90
        1
176
     1
 90
        1
176
     1
 40
1.0
176
     1
 90
        0
176
     1
 62
   257
176
     1
 40
1.0
176
     1
 90
        1
176
     1
 90
        6
176
     1
 90
        2
176
     1
 62
     7
176
     1
 90
        5
176
     1
 90
        0
176
     1
 90
        0
176
     1
290
     0
176
     1
 90
       13
176
     1
 40
0.0
176
     1
 90
        0
176
     1
290
     0
176
     1
290
     1
176
     1
290
     1
176
     1
290
     0
176
     1
290
     0
176
     1
290
     0
176
     1
290
     0
176
     1
290
     0
176
     1
290
     0
176
     1
 90
       50
176
     1
 40
0.0
176
     1
 40
1.0
176
     1
 90
        0
176
     1
 62
    18
420
        0
176
     1
 90
       50
176
     1
 90
        3
176
     1
 62
     5
420
      255
176
     1
290
     0
176
     1
 90
       50
176
     1
 90
       50
176
     1
 90
       50
176
     1
290
     0
176
     1
 90
       50
176
     1
 62
   256
176
     0
 40
1.0
176
     0
 90
        2
176
     1
  1
strokes_ogs.tif
176
     1
290
     0
176
     1
 40
1.0
176
     1
 40
1.0
176
     1
  0
VISUALSTYLE
  5
2D7B68
102
{ACAD_REACTORS
330
2D7B65
102
}
330
2D7B65
100
AcDbVisualStyle
  2
Gouraud
 70
     2
177
     3
291
     1
 70
    58
 90
        2
176
     1
 90
        2
176
     1
 90
        1
176
     1
 90
        2
176
     1
 40
0.6
176
     1
 40
30.0
176
     1
 62
     7
420
 16777215
176
     1
 90
        0
176
     1
 90
        0
176
     1
 62
     7
176
     1
 62
   257
176
     1
 90
        1
176
     1
 90
        1
176
     1
 40
1.0
176
     1
 90
        0
176
     1
 62
     7
176
     1
 40
1.0
176
     1
 90
        1
176
     1
 90
        6
176
     1
 90
        2
176
     1
 62
     7
176
     1
 90
        5
176
     1
 90
        0
176
     1
 90
        0
176
     1
290
     0
176
     1
 90
       13
176
     1
 40
0.0
176
     1
 90
        0
176
     1
290
     0
176
     1
290
     1
176
     1
290
     1
176
     1
290
     0
176
     1
290
     0
176
     1
290
     0
176
     1
290
     0
176
     1
290
     0
176
     1
290
     0
176
     1
 90
       50
176
     1
 40
0.0
176
     1
 40
1.0
176
     1
 90
        0
176
     1
 62
    18
420
        0
176
     1
 90
       50
176
     1
 90
        3
176
     1
 62
     5
420
      255
176
     1
290
     0
176
     1
 90
       50
176
     1
 90
       50
176
     1
 90
       50
176
     1
290
     0
176
     1
 90
       50
176
     1
 62
   256
176
     0
 40
1.0
176
     0
 90
        2
176
     1
  1
strokes_ogs.tif
176
     1
290
     0
176
     1
 40
1.0
176
     1
 40
1.0
176
     1
  0
VISUALSTYLE
  5
2D7B69
102
{ACAD_REACTORS
330
2D7B65
102
}
330
2D7B65
100
AcDbVisualStyle
  2
GouraudWithEdges
 70
     3
177
     3
291
     1
 70
    58
 90
        2
176
     1
 90
        2
176
     1
 90
        1
176
     1
 90
        2
176
     1
 40
0.6
176
     1
 40
30.0
176
     1
 62
     7
420
 16777215
176
     1
 90
        1
176
     1
 90
        0
176
     1
 62
     7
176
     1
 62
   257
176
     1
 90
        1
176
     1
 90
        1
176
     1
 40
1.0
176
     1
 90
        0
176
     1
 62
   257
176
     1
 40
1.0
176
     1
 90
        1
176
     1
 90
        6
176
     1
 90
        2
176
     1
 62
     7
176
     1
 90
        5
176
     1
 90
        0
176
     1
 90
        0
176
     1
290
     0
176
     1
 90
       13
176
     1
 40
0.0
176
     1
 90
        0
176
     1
290
     0
176
     1
290
     1
176
     1
290
     1
176
     1
290
     0
176
     1
290
     0
176
     1
290
     0
176
     1
290
     0
176
     1
290
     0
176
     1
290
     0
176
     1
 90
       50
176
     1
 40
0.0
176
     1
 40
1.0
176
     1
 90
        0
176
     1
 62
    18
420
        0
176
     1
 90
       50
176
     1
 90
        3
176
     1
 62
     5
420
      255
176
     1
290
     0
176
     1
 90
       50
176
     1
 90
       50
176
     1
 90
       50
176
     1
290
     0
176
     1
 90
       50
176
     1
 62
   256
176
     0
 40
1.0
176
     0
 90
        2
176
     1
  1
strokes_ogs.tif
176
     1
290
     0
176
     1
 40
1.0
176
     1
 40
1.0
176
     1
  0
VISUALSTYLE
  5
2D7B6D
102
{ACAD_REACTORS
330
2D7B65
102
}
330
2D7B65
100
AcDbVisualStyle
  2
Hidden
 70
     6
177
     3
291
     0
 70
    58
 90
        1
176
     1
 90
        2
176
     1
 90
        2
176
     1
 90
        0
176
     1
 40
0.6
176
     1
 40
30.0
176
     1
 62
     7
420
 16777215
176
     1
 90
        2
176
     1
 90
        2
176
     1
 62
     7
176
     1
 62
   257
176
     1
 90
        2
176
     1
 90
        1
176
     1
 40
40.0
176
     1
 90
        0
176
     1
 62
   257
176
     1
 40
1.0
176
     1
 90
        1
176
     1
 90
        6
176
     1
 90
        2
176
     1
 62
     7
176
     1
 90
        3
176
     1
 90
        0
176
     1
 90
        0
176
     1
290
     0
176
     1
 90
        1
176
     1
 40
0.0
176
     1
 90
        0
176
     1
290
     0
176
     1
290
     1
176
     1
290
     1
176
     1
290
     0
176
     1
290
     0
176
     1
290
     0
176
     1
290
     0
176
     1
290
     0
176
     1
290
     0
176
     1
 90
       50
176
     1
 40
0.0
176
     1
 40
1.0
176
     1
 90
        0
176
     1
 62
    18
420
        0
176
     1
 90
       50
176
     1
 90
        3
176
     1
 62
     5
420
      255
176
     1
290
     0
176
     1
 90
       50
176
     1
 90
       50
176
     1
 90
       50
176
     1
290
     0
176
     1
 90
       50
176
     1
 62
   256
176
     0
 40
1.0
176
     0
 90
        2
176
     1
  1
strokes_ogs.tif
176
     1
290
     0
176
     1
 40
1.0
176
     1
 40
1.0
176
     1
  0
VISUALSTYLE
  5
2D7B7B
102
{ACAD_REACTORS
330
2D7B65
102
}
330
2D7B65
100
AcDbVisualStyle
  2
JitterOff
 70
    20
177
     3
291
     1
 70
    58
 90
        2
176
     0
 90
        2
176
     0
 90
        0
176
     0
 90
        0
176
     0
 40
0.6
176
     0
 40
30.0
176
     0
 62
     7
420
 16777215
176
     0
 90
        1
176
     0
 90
        4
176
     0
 62
     7
176
     0
 62
   257
176
     0
 90
        1
176
     0
 90
        1
176
     0
 40
1.0
176
     0
 90
       10
176
     2
 62
     7
176
     0
 40
1.0
176
     0
 90
        1
176
     0
 90
        6
176
     0
 90
        2
176
     0
 62
     7
176
     0
 90
        5
176
     0
 90
        0
176
     0
 90
        0
176
     0
290
     0
176
     0
 90
        1
176
     0
 40
0.0
176
     0
 90
        0
176
     0
290
     0
176
     1
290
     1
176
     1
290
     1
176
     1
290
     0
176
     1
290
     0
176
     1
290
     0
176
     1
290
     0
176
     1
290
     0
176
     1
290
     0
176
     1
 90
       50
176
     0
 40
0.0
176
     0
 40
1.0
176
     0
 90
        0
176
     0
 62
    18
420
        0
176
     0
 90
       50
176
     0
 90
        3
176
     0
 62
     5
420
      255
176
     0
290
     0
176
     1
 90
       50
176
     0
 90
       50
176
     0
 90
       50
176
     0
290
     0
176
     1
 90
       50
176
     0
 62
   256
176
     0
 40
1.0
176
     0
 90
        2
176
     0
  1
strokes_ogs.tif
176
     0
290
     0
176
     1
 40
1.0
176
     0
 40
1.0
176
     0
  0
VISUALSTYLE
  5
2D7B73
102
{ACAD_REACTORS
330
2D7B65
102
}
330
2D7B65
100
AcDbVisualStyle
  2
Linepattern
 70
    14
177
     3
291
     1
 70
    58
 90
        2
176
     1
 90
        2
176
     1
 90
        0
176
     1
 90
        0
176
     1
 40
0.6
176
     1
 40
30.0
176
     1
 62
     7
420
 16777215
176
     1
 90
        1
176
     1
 90
        4
176
     1
 62
     7
176
     1
 62
   257
176
     1
 90
        7
176
     1
 90
        7
176
     1
 40
1.0
176
     1
 90
        8
176
     1
 62
     7
176
     1
 40
1.0
176
     1
 90
        1
176
     1
 90
        6
176
     1
 90
        2
176
     1
 62
     7
176
     1
 90
        5
176
     1
 90
        0
176
     1
 90
        0
176
     1
290
     0
176
     1
 90
        1
176
     1
 40
0.0
176
     1
 90
        0
176
     1
290
     0
176
     1
290
     1
176
     1
290
     1
176
     1
290
     0
176
     1
290
     0
176
     1
290
     0
176
     1
290
     0
176
     1
290
     0
176
     1
290
     0
176
     1
 90
       50
176
     1
 40
0.0
176
     1
 40
1.0
176
     1
 90
        0
176
     1
 62
    18
420
        0
176
     1
 90
       50
176
     1
 90
        3
176
     1
 62
     5
420
      255
176
     1
290
     0
176
     1
 90
       50
176
     1
 90
       50
176
     1
 90
       50
176
     1
290
     0
176
     1
 90
       50
176
     1
 62
   256
176
     0
 40
1.0
176
     0
 90
        2
176
     1
  1
strokes_ogs.tif
176
     1
290
     0
176
     1
 40
1.0
176
     1
 40
1.0
176
     1
  0
VISUALSTYLE
  5
2D7B7C
102
{ACAD_REACTORS
330
2D7B65
102
}
330
2D7B65
100
AcDbVisualStyle
  2
OverhangOff
 70
    21
177
     3
291
     1
 70
    58
 90
        2
176
     0
 90
        2
176
     0
 90
        0
176
     0
 90
        0
176
     0
 40
0.6
176
     0
 40
30.0
176
     0
 62
     7
420
 16777215
176
     0
 90
        1
176
     0
 90
        4
176
     0
 62
     7
176
     0
 62
   257
176
     0
 90
        1
176
     0
 90
        1
176
     0
 40
1.0
176
     0
 90
        9
176
     2
 62
     7
176
     0
 40
1.0
176
     0
 90
        1
176
     0
 90
        6
176
     0
 90
        2
176
     0
 62
     7
176
     0
 90
        5
176
     0
 90
        0
176
     0
 90
        0
176
     0
290
     0
176
     0
 90
        1
176
     0
 40
0.0
176
     0
 90
        0
176
     0
290
     0
176
     1
290
     1
176
     1
290
     1
176
     1
290
     0
176
     1
290
     0
176
     1
290
     0
176
     1
290
     0
176
     1
290
     0
176
     1
290
     0
176
     1
 90
       50
176
     0
 40
0.0
176
     0
 40
1.0
176
     0
 90
        0
176
     0
 62
    18
420
        0
176
     0
 90
       50
176
     0
 90
        3
176
     0
 62
     5
420
      255
176
     0
290
     0
176
     1
 90
       50
176
     0
 90
       50
176
     0
 90
       50
176
     0
290
     0
176
     1
 90
       50
176
     0
 62
   256
176
     0
 40
1.0
176
     0
 90
        2
176
     0
  1
strokes_ogs.tif
176
     0
290
     0
176
     1
 40
1.0
176
     0
 40
1.0
176
     0
  0
VISUALSTYLE
  5
2D7B6F
102
{ACAD_REACTORS
330
2D7B65
102
}
330
2D7B65
100
AcDbVisualStyle
  2
Realistic
 70
     8
177
     3
291
     0
 70
    58
 90
        2
176
     1
 90
        3
176
     1
 90
        0
176
     1
 90
        2
176
     1
 40
0.6
176
     1
 40
30.0
176
     1
 62
     7
420
 16777215
176
     1
 90
        0
176
     1
 90
        0
176
     1
 62
     7
176
     1
 62
   257
176
     1
 90
        1
176
     1
 90
        1
176
     1
 40
1.0
176
     1
 90
        8
176
     1
 62
   257
176
     1
 40
1.0
176
     1
 90
        1
176
     1
 90
        6
176
     1
 90
        2
176
     1
 62
     7
176
     1
 90
        3
176
     1
 90
        0
176
     1
 90
        0
176
     1
290
     0
176
     1
 90
       13
176
     1
 40
0.0
176
     1
 90
        0
176
     1
290
     0
176
     1
290
     1
176
     1
290
     1
176
     1
290
     0
176
     1
290
     0
176
     1
290
     0
176
     1
290
     0
176
     1
290
     0
176
     1
290
     0
176
     1
 90
       50
176
     1
 40
0.0
176
     1
 40
1.0
176
     1
 90
        0
176
     1
 62
    18
420
        0
176
     1
 90
       50
176
     1
 90
        3
176
     1
 62
     5
420
      255
176
     1
290
     0
176
     1
 90
       50
176
     1
 90
       50
176
     1
 90
       50
176
     1
290
     0
176
     1
 90
       50
176
     1
 62
   256
176
     0
 40
1.0
176
     0
 90
        2
176
     1
  1
strokes_ogs.tif
176
     1
290
     0
176
     1
 40
1.0
176
     1
 40
1.0
176
     1
  0
VISUALSTYLE
  5
2D7B7A
102
{ACAD_REACTORS
330
2D7B65
102
}
330
2D7B65
100
AcDbVisualStyle
  2
Shaded
 70
    27
177
     3
291
     0
 70
    58
 90
        2
176
     1
 90
        2
176
     1
 90
        1
176
     1
 90
        2
176
     1
 40
0.6
176
     1
 40
30.0
176
     1
 62
     7
420
 16777215
176
     1
 90
        0
176
     1
 90
        4
176
     1
 62
     7
176
     1
 62
   257
176
     1
 90
        1
176
     1
 90
        1
176
     1
 40
1.0
176
     1
 90
        8
176
     1
 62
   257
176
     1
 40
1.0
176
     1
 90
        1
176
     1
 90
        6
176
     1
 90
        2
176
     1
 62
     8
420
  7895160
176
     1
 90
        3
176
     1
 90
        0
176
     1
 90
        0
176
     1
290
     0
176
     1
 90
        5
176
     1
 40
0.0
176
     1
 90
        0
176
     1
290
     0
176
     1
290
     1
176
     1
290
     1
176
     1
290
     0
176
     1
290
     0
176
     1
290
     0
176
     1
290
     0
176
     1
290
     0
176
     1
290
     0
176
     1
 90
       50
176
     1
 40
0.0
176
     1
 40
1.0
176
     1
 90
        0
176
     1
 62
    18
420
        0
176
     1
 90
       50
176
     1
 90
        3
176
     1
 62
     5
420
      255
176
     1
290
     0
176
     1
 90
       50
176
     1
 90
       50
176
     1
 90
       50
176
     1
290
     0
176
     1
 90
       50
176
     1
 62
   256
176
     0
 40
1.0
176
     0
 90
        2
176
     1
  1
strokes_ogs.tif
176
     1
290
     0
176
     1
 40
1.0
176
     1
 40
1.0
176
     1
  0
VISUALSTYLE
  5
2D7B79
102
{ACAD_REACTORS
330
2D7B65
102
}
330
2D7B65
100
AcDbVisualStyle
  2
Shaded with edges
 70
    26
177
     3
291
     0
 70
    58
 90
        2
176
     1
 90
        2
176
     1
 90
        1
176
     1
 90
        2
176
     1
 40
0.6
176
     1
 40
30.0
176
     1
 62
     7
420
 16777215
176
     1
 90
        1
176
     1
 90
        2
176
     1
 62
     7
176
     1
 62
   257
176
     1
 90
        2
176
     1
 90
        1
176
     1
 40
1.0
176
     1
 90
        8
176
     1
 62
   257
176
     1
 40
1.0
176
     1
 90
        1
176
     1
 90
        6
176
     1
 90
        2
176
     1
 62
     7
176
     1
 90
        3
176
     1
 90
        0
176
     1
 90
        0
176
     1
290
     0
176
     1
 90
        5
176
     1
 40
0.0
176
     1
 90
        0
176
     1
290
     0
176
     1
290
     1
176
     1
290
     1
176
     1
290
     0
176
     1
290
     0
176
     1
290
     0
176
     1
290
     0
176
     1
290
     0
176
     1
290
     0
176
     1
 90
       50
176
     1
 40
0.0
176
     1
 40
1.0
176
     1
 90
        0
176
     1
 62
    18
420
        0
176
     1
 90
       50
176
     1
 90
        3
176
     1
 62
     5
420
      255
176
     1
290
     0
176
     1
 90
       50
176
     1
 90
       50
176
     1
 90
       50
176
     1
290
     0
176
     1
 90
       50
176
     1
 62
   256
176
     0
 40
1.0
176
     0
 90
        2
176
     1
  1
strokes_ogs.tif
176
     1
290
     0
176
     1
 40
1.0
176
     1
 40
1.0
176
     1
  0
VISUALSTYLE
  5
2D7B76
102
{ACAD_REACTORS
330
2D7B65
102
}
330
2D7B65
100
AcDbVisualStyle
  2
Shades of Gray
 70
    23
177
     3
291
     0
 70
    58
 90
        2
176
     1
 90
        2
176
     1
 90
        3
176
     1
 90
        0
176
     1
 40
0.6
176
     1
 40
30.0
176
     1
 62
     7
420
 16777215
176
     1
 90
        2
176
     1
 90
        2
176
     1
 62
     7
176
     1
 62
     7
176
     1
 90
        1
176
     1
 90
        1
176
     1
 40
40.0
176
     1
 90
        8
176
     1
 62
     7
176
     1
 40
1.0
176
     1
 90
        1
176
     1
 90
        6
176
     1
 90
        2
176
     1
 62
     7
176
     1
 90
        3
176
     1
 90
        0
176
     1
 90
        0
176
     1
290
     0
176
     1
 90
        1
176
     1
 40
0.0
176
     1
 90
        0
176
     1
290
     0
176
     1
290
     1
176
     1
290
     1
176
     1
290
     0
176
     1
290
     0
176
     1
290
     0
176
     1
290
     0
176
     1
290
     0
176
     1
290
     0
176
     1
 90
       50
176
     1
 40
0.0
176
     1
 40
1.0
176
     1
 90
        0
176
     1
 62
    18
420
        0
176
     1
 90
       50
176
     1
 90
        3
176
     1
 62
     5
420
      255
176
     1
290
     0
176
     1
 90
       50
176
     1
 90
       50
176
     1
 90
       50
176
     1
290
     0
176
     1
 90
       50
176
     1
 62
   256
176
     0
 40
1.0
176
     0
 90
        2
176
     1
  1
strokes_ogs.tif
176
     1
290
     0
176
     1
 40
1.0
176
     1
 40
1.0
176
     1
  0
VISUALSTYLE
  5
2D7B77
102
{ACAD_REACTORS
330
2D7B65
102
}
330
2D7B65
100
AcDbVisualStyle
  2
Sketchy
 70
    24
177
     3
291
     0
 70
    58
 90
        1
176
     1
 90
        2
176
     1
 90
        2
176
     1
 90
        0
176
     1
 40
0.6
176
     1
 40
30.0
176
     1
 62
     7
420
 16777215
176
     1
 90
        2
176
     1
 90
        2
176
     1
 62
     7
176
     1
 62
     7
176
     1
 90
        1
176
     1
 90
        1
176
     1
 40
40.0
176
     1
 90
       11
176
     1
 62
     7
176
     1
 40
1.0
176
     1
 90
        1
176
     1
 90
        6
176
     1
 90
        2
176
     1
 62
     7
176
     1
 90
        6
176
     1
 90
        0
176
     1
 90
        0
176
     1
290
     0
176
     1
 90
        1
176
     1
 40
0.0
176
     1
 90
        0
176
     1
290
     0
176
     1
290
     1
176
     1
290
     1
176
     1
290
     0
176
     1
290
     0
176
     1
290
     0
176
     1
290
     0
176
     1
290
     0
176
     1
290
     0
176
     1
 90
       50
176
     1
 40
0.0
176
     1
 40
1.0
176
     1
 90
        0
176
     1
 62
    18
420
        0
176
     1
 90
       50
176
     1
 90
        3
176
     1
 62
     5
420
      255
176
     1
290
     0
176
     1
 90
       50
176
     1
 90
       50
176
     1
 90
       50
176
     1
290
     0
176
     1
 90
       50
176
     1
 62
   256
176
     0
 40
1.0
176
     0
 90
        2
176
     1
  1
strokes_ogs.tif
176
     1
290
     0
176
     1
 40
1.0
176
     1
 40
1.0
176
     1
  0
VISUALSTYLE
  5
2D7B72
102
{ACAD_REACTORS
330
2D7B65
102
}
330
2D7B65
100
AcDbVisualStyle
  2
Thicken
 70
    13
177
     3
291
     1
 70
    58
 90
        2
176
     1
 90
        2
176
     1
 90
        0
176
     1
 90
        0
176
     1
 40
0.6
176
     1
 40
30.0
176
     1
 62
     7
420
 16777215
176
     1
 90
        1
176
     1
 90
        4
176
     1
 62
     7
176
     1
 62
   257
176
     1
 90
        1
176
     1
 90
        1
176
     1
 40
1.0
176
     1
 90
       12
176
     1
 62
     7
176
     1
 40
1.0
176
     1
 90
        1
176
     1
 90
        6
176
     1
 90
        2
176
     1
 62
     7
176
     1
 90
        5
176
     1
 90
        0
176
     1
 90
        0
176
     1
290
     0
176
     1
 90
        1
176
     1
 40
0.0
176
     1
 90
        0
176
     1
290
     0
176
     1
290
     1
176
     1
290
     1
176
     1
290
     0
176
     1
290
     0
176
     1
290
     0
176
     1
290
     0
176
     1
290
     0
176
     1
290
     0
176
     1
 90
       50
176
     1
 40
0.0
176
     1
 40
1.0
176
     1
 90
        0
176
     1
 62
    18
420
        0
176
     1
 90
       50
176
     1
 90
        3
176
     1
 62
     5
420
      255
176
     1
290
     0
176
     1
 90
       50
176
     1
 90
       50
176
     1
 90
       50
176
     1
290
     0
176
     1
 90
       50
176
     1
 62
   256
176
     0
 40
1.0
176
     0
 90
        2
176
     1
  1
strokes_ogs.tif
176
     1
290
     0
176
     1
 40
1.0
176
     1
 40
1.0
176
     1
  0
VISUALSTYLE
  5
2D7B6C
102
{ACAD_REACTORS
330
2D7B65
102
}
330
2D7B65
100
AcDbVisualStyle
  2
Wireframe
 70
     5
177
     3
291
     0
 70
    58
 90
        0
176
     1
 90
        2
176
     1
 90
        0
176
     1
 90
        0
176
     1
 40
0.6
176
     1
 40
30.0
176
     1
 62
     7
420
 16777215
176
     1
 90
        1
176
     1
 90
        4
176
     1
 62
     7
176
     1
 62
   257
176
     1
 90
        1
176
     1
 90
        1
176
     1
 40
1.0
176
     1
 90
        0
176
     1
 62
   257
176
     1
 40
1.0
176
     1
 90
        1
176
     1
 90
        6
176
     1
 90
        2
176
     1
 62
     7
176
     1
 90
        3
176
     1
 90
        0
176
     1
 90
        0
176
     1
290
     0
176
     1
 90
        1
176
     1
 40
0.0
176
     1
 90
        0
176
     1
290
     0
176
     1
290
     1
176
     1
290
     1
176
     1
290
     0
176
     1
290
     0
176
     1
290
     0
176
     1
290
     0
176
     1
290
     0
176
     1
290
     0
176
     1
 90
       50
176
     1
 40
0.0
176
     1
 40
1.0
176
     1
 90
        0
176
     1
 62
    18
420
        0
176
     1
 90
       50
176
     1
 90
        3
176
     1
 62
     5
420
      255
176
     1
290
     0
176
     1
 90
       50
176
     1
 90
       50
176
     1
 90
       50
176
     1
290
     0
176
     1
 90
       50
176
     1
 62
   256
176
     0
 40
1.0
176
     0
 90
        2
176
     1
  1
strokes_ogs.tif
176
     1
290
     0
176
     1
 40
1.0
176
     1
 40
1.0
176
     1
  0
VISUALSTYLE
  5
2D7B78
102
{ACAD_REACTORS
330
2D7B65
102
}
330
2D7B65
100
AcDbVisualStyle
  2
X-Ray
 70
    25
177
     3
291
     0
 70
    58
 90
        2
176
     1
 90
        2
176
     1
 90
        1
176
     1
 90
        1
176
     1
 40
0.5
176
     1
 40
30.0
176
     1
 62
     7
420
 16777215
176
     1
 90
        1
176
     1
 90
        0
176
     1
 62
     7
176
     1
 62
   257
176
     1
 90
        1
176
     1
 90
        1
176
     1
 40
1.0
176
     1
 90
        8
176
     1
 62
     7
176
     1
 40
1.0
176
     1
 90
        1
176
     1
 90
        6
176
     1
 90
        2
176
     1
 62
     7
176
     1
 90
        3
176
     1
 90
        0
176
     1
 90
        0
176
     1
290
     0
176
     1
 90
       13
176
     1
 40
0.0
176
     1
 90
        0
176
     1
290
     0
176
     1
290
     1
176
     1
290
     1
176
     1
290
     0
176
     1
290
     0
176
     1
290
     0
176
     1
290
     0
176
     1
290
     0
176
     1
290
     0
176
     1
 90
       50
176
     1
 40
0.0
176
     1
 40
1.0
176
     1
 90
        0
176
     1
 62
    18
420
        0
176
     1
 90
       50
176
     1
 90
        3
176
     1
 62
     5
420
      255
176
     1
290
     0
176
     1
 90
       50
176
     1
 90
       50
176
     1
 90
       50
176
     1
290
     0
176
     1
 90
       50
176
     1
 62
   256
176
     0
 40
1.0
176
     0
 90
        2
176
     1
  1
strokes_ogs.tif
176
     1
290
     0
176
     1
 40
1.0
176
     1
 40
1.0
176
     1
  0
DICTIONARYVAR
  5
2D7D4B
102
{ACAD_REACTORS
330
2D7D45
102
}
330
2D7D45
100
DictionaryVariables
280
     0
  1
1:1
  0
DICTIONARYVAR
  5
2D7D47
102
{ACAD_REACTORS
330
2D7D45
102
}
330
2D7D45
100
DictionaryVariables
280
     0
  1
STANDARD
  0
DICTIONARYVAR
  5
2D7D46
102
{ACAD_REACTORS
330
2D7D45
102
}
330
2D7D45
100
DictionaryVariables
280
     0
  1
STANDARD
  0
DICTIONARYVAR
  5
2D7D48
102
{ACAD_REACTORS
330
2D7D45
102
}
330
2D7D45
100
DictionaryVariables
280
     0
  1
Imperial24
  0
DICTIONARYVAR
  5
2D7D49
102
{ACAD_REACTORS
330
2D7D45
102
}
330
2D7D45
100
DictionaryVariables
280
     0
  1
Imperial24
  0
DICTIONARYVAR
  5
2D7D4D
102
{ACAD_REACTORS
330
2D7D45
102
}
330
2D7D45
100
DictionaryVariables
280
     0
  1
1
  0
DICTIONARYVAR
  5
2D7D4E
102
{ACAD_REACTORS
330
2D7D45
102
}
330
2D7D45
100
DictionaryVariables
280
     0
  1
15
  0
DICTIONARYVAR
  5
2D7D4C
102
{ACAD_REACTORS
330
2D7D45
102
}
330
2D7D45
100
DictionaryVariables
280
     0
  1
0
  0
DICTIONARYVAR
  5
2D7D4A
102
{ACAD_REACTORS
330
2D7D45
102
}
330
2D7D45
100
DictionaryVariables
280
     0
  1
0
  0
DICTIONARY
  5
2D7B56
330
2D7B55
100
AcDbDictionary
280
     1
281
     1
  3
BUMPTILE
360
2D7B58
  3
DIFFUSETILE
360
2D7B57
  3
OPACITYTILE
360
2D7B5B
  3
REFLECTIONTILE
360
2D7B5A
  3
REFRACTIONTILE
360
2D7B5C
  3
SPECULARTILE
360
2D7B59
  0
DICTIONARY
  5
2D7B4E
330
2D7B4D
100
AcDbDictionary
280
     1
281
     1
  3
BUMPTILE
360
2D7B50
  3
DIFFUSETILE
360
2D7B4F
  3
OPACITYTILE
360
2D7B53
  3
REFLECTIONTILE
360
2D7B52
  3
REFRACTIONTILE
360
2D7B54
  3
SPECULARTILE
360
2D7B51
  0
DICTIONARY
  5
2D7B5E
330
2D7B5D
100
AcDbDictionary
280
     1
281
     1
  3
BUMPTILE
360
2D7B60
  3
DIFFUSETILE
360
2D7B5F
  3
OPACITYTILE
360
2D7B63
  3
REFLECTIONTILE
360
2D7B62
  3
REFRACTIONTILE
360
2D7B64
  3
SPECULARTILE
360
2D7B61
  0
DICTIONARY
  5
2D7D4F
330
2D7BA0
100
AcDbDictionary
280
     1
281
     1
  3
ACAD_ROUNDTRIP_2008_TABLESTYLE_CELLSTYLEMAP
360
2D7D50
  0
XRECORD
  5
2D7B58
102
{ACAD_REACTORS
330
2D7B56
102
}
330
2D7B56
100
AcDbXrecord
280
     1
270
     1
271
     1
  0
XRECORD
  5
2D7B57
102
{ACAD_REACTORS
330
2D7B56
102
}
330
2D7B56
100
AcDbXrecord
280
     1
270
     1
271
     1
  0
XRECORD
  5
2D7B5B
102
{ACAD_REACTORS
330
2D7B56
102
}
330
2D7B56
100
AcDbXrecord
280
     1
270
     1
271
     1
  0
XRECORD
  5
2D7B5A
102
{ACAD_REACTORS
330
2D7B56
102
}
330
2D7B56
100
AcDbXrecord
280
     1
270
     1
271
     1
  0
XRECORD
  5
2D7B5C
102
{ACAD_REACTORS
330
2D7B56
102
}
330
2D7B56
100
AcDbXrecord
280
     1
270
     1
271
     1
  0
XRECORD
  5
2D7B59
102
{ACAD_REACTORS
330
2D7B56
102
}
330
2D7B56
100
AcDbXrecord
280
     1
270
     1
271
     1
  0
XRECORD
  5
2D7B50
102
{ACAD_REACTORS
330
2D7B4E
102
}
330
2D7B4E
100
AcDbXrecord
280
     1
270
     1
271
     1
  0
XRECORD
  5
2D7B4F
102
{ACAD_REACTORS
330
2D7B4E
102
}
330
2D7B4E
100
AcDbXrecord
280
     1
270
     1
271
     1
  0
XRECORD
  5
2D7B53
102
{ACAD_REACTORS
330
2D7B4E
102
}
330
2D7B4E
100
AcDbXrecord
280
     1
270
     1
271
     1
  0
XRECORD
  5
2D7B52
102
{ACAD_REACTORS
330
2D7B4E
102
}
330
2D7B4E
100
AcDbXrecord
280
     1
270
     1
271
     1
  0
XRECORD
  5
2D7B54
102
{ACAD_REACTORS
330
2D7B4E
102
}
330
2D7B4E
100
AcDbXrecord
280
     1
270
     1
271
     1
  0
XRECORD
  5
2D7B51
102
{ACAD_REACTORS
330
2D7B4E
102
}
330
2D7B4E
100
AcDbXrecord
280
     1
270
     1
271
     1
  0
XRECORD
  5
2D7B60
102
{ACAD_REACTORS
330
2D7B5E
102
}
330
2D7B5E
100
AcDbXrecord
280
     1
270
     1
271
     1
  0
XRECORD
  5
2D7B5F
102
{ACAD_REACTORS
330
2D7B5E
102
}
330
2D7B5E
100
AcDbXrecord
280
     1
270
     1
271
     1
  0
XRECORD
  5
2D7B63
102
{ACAD_REACTORS
330
2D7B5E
102
}
330
2D7B5E
100
AcDbXrecord
280
     1
270
     1
271
     1
  0
XRECORD
  5
2D7B62
102
{ACAD_REACTORS
330
2D7B5E
102
}
330
2D7B5E
100
AcDbXrecord
280
     1
270
     1
271
     1
  0
XRECORD
  5
2D7B64
102
{ACAD_REACTORS
330
2D7B5E
102
}
330
2D7B5E
100
AcDbXrecord
280
     1
270
     1
271
     1
  0
XRECORD
  5
2D7B61
102
{ACAD_REACTORS
330
2D7B5E
102
}
330
2D7B5E
100
AcDbXrecord
280
     1
270
     1
271
     1
  0
CELLSTYLEMAP
  5
2D7D50
102
{ACAD_REACTORS
330
2D7D4F
102
}
330
2D7D4F
100
AcDbCellStyleMap
 90
        3
300
CELLSTYLE
  1
TABLEFORMAT_BEGIN
 90
        5
170
     1
 91
        0
 92
    32768
 62
   257
 93
        1
300
CONTENTFORMAT
  1
CONTENTFORMAT_BEGIN
 90
        0
 91
        0
 92
      512
 93
        0
300

 40
0.0
140
1.0
 94
        5
 62
     0
340
2D7B91
144
0.25
309
CONTENTFORMAT_END
171
     0
 94
        0
309
TABLEFORMAT_END
  1
CELLSTYLE_BEGIN
 90
        1
 91
        1
300
_TITLE
309
CELLSTYLE_END
300
CELLSTYLE
  1
TABLEFORMAT_BEGIN
 90
        5
170
     1
 91
        0
 92
        0
 62
   257
 93
        1
300
CONTENTFORMAT
  1
CONTENTFORMAT_BEGIN
 90
        0
 91
        0
 92
      512
 93
        0
300

 40
0.0
140
1.0
 94
        5
 62
     0
340
2D7B91
144
0.18
309
CONTENTFORMAT_END
171
     0
 94
        0
309
TABLEFORMAT_END
  1
CELLSTYLE_BEGIN
 90
        2
 91
        1
300
_HEADER
309
CELLSTYLE_END
300
CELLSTYLE
  1
TABLEFORMAT_BEGIN
 90
        5
170
     1
 91
        0
 92
        0
 62
   257
 93
        1
300
CONTENTFORMAT
  1
CONTENTFORMAT_BEGIN
 90
        0
 91
        0
 92
      512
 93
        0
300

 40
0.0
140
1.0
 94
        2
 62
     0
340
2D7B91
144
0.18
309
CONTENTFORMAT_END
171
     0
 94
        0
309
TABLEFORMAT_END
  1
CELLSTYLE_BEGIN
 90
        3
 91
        2
300
_DATA
309
CELLSTYLE_END
  0
ENDSEC
  0
SECTION
  2
ACDSDATA
 70
     2
 71
     8
  0
ACDSSCHEMA
 90
        0
  1
AcDb_Thumbnail_Schema
  2
AcDbDs::ID
280
    10
 91
        8
  2
Thumbnail_Data
280
    15
 91
        0
101
ACDSRECORD
 95
        0
 90
        1
  2
AcDbDs::TreatedAsObjectData
280
     1
291
     1
101
ACDSRECORD
 95
        0
 90
        2
  2
AcDbDs::Legacy
280
     1
291
     1
101
ACDSRECORD
  1
AcDbDs::ID
 90
        3
  2
AcDs:Indexable
280
     1
291
     1
101
ACDSRECORD
  1
AcDbDs::ID
 90
        4
  2
AcDbDs::HandleAttribute
280
     7
282
     1
  0
ACDSSCHEMA
 90
        1
  1
AcDbDs::TreatedAsObjectDataSchema
  2
AcDbDs::TreatedAsObjectData
280
     1
 91
        0
  0
ACDSSCHEMA
 90
        2
  1
AcDbDs::LegacySchema
  2
AcDbDs::Legacy
280
     1
 91
        0
  0
ACDSSCHEMA
 90
        3
  1
AcDbDs::IndexedPropertySchema
  2
AcDs:Indexable
280
     1
 91
        0
  0
ACDSSCHEMA
 90
        4
  1
AcDbDs::HandleAttributeSchema
  2
AcDbDs::HandleAttribute
280
     7
 91
        1
284
     1
  0
ACDSRECORD
 90
        0
  2
AcDbDs::ID
280
    10
320
2D7BAE
  2
Thumbnail_Data
280
    15
 94
      899
310
89504E470D0A1A0A0000000D494844520000010000000083080300000055FF359600000300504C5445000000FFFFFF0000000000000000000000000000000000000000000000000000000000330000660000990000CC0000FF0033000033330033660033990033CC0033FF0066000066330066660066990066CC0066FF0099
310
000099330099660099990099CC0099FF00CC0000CC3300CC6600CC9900CCCC00CCFF00FF0000FF3300FF6600FF9900FFCC00FFFF3300003300333300663300993300CC3300FF3333003333333333663333993333CC3333FF3366003366333366663366993366CC3366FF3399003399333399663399993399CC3399FF33CC00
310
33CC3333CC6633CC9933CCCC33CCFF33FF0033FF3333FF6633FF9933FFCC33FFFF6600006600336600666600996600CC6600FF6633006633336633666633996633CC6633FF6666006666336666666666996666CC6666FF6699006699336699666699996699CC6699FF66CC0066CC3366CC6666CC9966CCCC66CCFF66FF0066
310
FF3366FF6666FF9966FFCC66FFFF9900009900339900669900999900CC9900FF9933009933339933669933999933CC9933FF9966009966339966669966999966CC9966FF9999009999339999669999999999CC9999FF99CC0099CC3399CC6699CC9999CCCC99CCFF99FF0099FF3399FF6699FF9999FFCC99FFFFCC0000CC00
310
33CC0066CC0099CC00CCCC00FFCC3300CC3333CC3366CC3399CC33CCCC33FFCC6600CC6633CC6666CC6699CC66CCCC66FFCC9900CC9933CC9966CC9999CC99CCCC99FFCCCC00CCCC33CCCC66CCCC99CCCCCCCCCCFFCCFF00CCFF33CCFF66CCFF99CCFFCCCCFFFFFF0000FF0033FF0066FF0099FF00CCFF00FFFF3300FF3333
310
FF3366FF3399FF33CCFF33FFFF6600FF6633FF6666FF6699FF66CCFF66FFFF9900FF9933FF9966FF9999FF99CCFF99FFFFCC00FFCC33FFCC66FFCC99FFCCCCFFCCFFFFFF00FFFF33FFFF66FFFF99FFFFCCFFFFFF0000000D0D0D1A1A1A2828283535354343435050505D5D5D6B6B6B787878868686939393A1A1A1AEAEAEBB
310
BBBBC9C9C9D6D6D6E4E4E4F1F1F1FFFFFF0000000000000000000000000000000000000000000000000000000000003AE5ACE90000003E4944415478DAEDD0310100000C0220E3D83FA115F6EC83082400000000000000000000000FAA00000000000000000000000000000000000000000080B30115C5002902C6F92D0000
310
000049454E44AE426082
  0
ENDSEC
  0
EOF
