  0
SECTION
  2
HEADER
  9
$ACADVER
  1
AC1032
  9
$ACADMAINTVER
 90
      427
  9
$DWGCODEPAGE
  3
ANSI_1252
  9
$LASTSAVEDBY
  1
ACER
  9
$REQUIREDVERSIONS
160
                 0
  9
$INSBASE
 10
0.0
 20
0.0
 30
0.0
  9
$EXTMIN
 10
1107.953544024566
 20
974.6642959877158
 30
-0.2161151190065091
  9
$EXTMAX
 10
8431.909437520527
 20
5347.436582936581
 30
38.39914462724129
  9
$LIMMIN
 10
0.0
 20
0.0
  9
$LIMMAX
 10
12.0
 20
9.0
  9
$ORTHOMODE
 70
     0
  9
$REGENMODE
 70
     1
  9
$FILLMODE
 70
     1
  9
$QTEXTMODE
 70
     0
  9
$MIRRTEXT
 70
     0
  9
$LTSCALE
 40
1.0
  9
$ATTMODE
 70
     1
  9
$TEXTSIZE
 40
0.2
  9
$TRACEWID
 40
0.05
  9
$TEXTSTYLE
  7
Standard
  9
$CLAYER
  8
0
  9
$CELTYPE
  6
ByLayer
  9
$CECOLOR
 62
     1
  9
$CELTSCALE
 40
1.0
  9
$DISPSILH
 70
     0
  9
$DIMSCALE
 40
1.0
  9
$DIMASZ
 40
0.18
  9
$DIMEXO
 40
0.0625
  9
$DIMDLI
 40
0.38
  9
$DIMRND
 40
0.0
  9
$DIMDLE
 40
0.0
  9
$DIMEXE
 40
0.18
  9
$DIMTP
 40
0.0
  9
$DIMTM
 40
0.0
  9
$DIMTXT
 40
0.18
  9
$DIMCEN
 40
0.09
  9
$DIMTSZ
 40
0.0
  9
$DIMTOL
 70
     0
  9
$DIMLIM
 70
     0
  9
$DIMTIH
 70
     1
  9
$DIMTOH
 70
     1
  9
$DIMSE1
 70
     0
  9
$DIMSE2
 70
     0
  9
$DIMTAD
 70
     0
  9
$DIMZIN
 70
     0
  9
$DIMBLK
  1

  9
$DIMASO
 70
     1
  9
$DIMSHO
 70
     1
  9
$DIMPOST
  1

  9
$DIMAPOST
  1

  9
$DIMALT
 70
     0
  9
$DIMALTD
 70
     2
  9
$DIMALTF
 40
25.4
  9
$DIMLFAC
 40
1.0
  9
$DIMTOFL
 70
     0
  9
$DIMTVP
 40
0.0
  9
$DIMTIX
 70
     0
  9
$DIMSOXD
 70
     0
  9
$DIMSAH
 70
     0
  9
$DIMBLK1
  1

  9
$DIMBLK2
  1

  9
$DIMSTYLE
  2
Standard
  9
$DIMCLRD
 70
     0
  9
$DIMCLRE
 70
     0
  9
$DIMCLRT
 70
     0
  9
$DIMTFAC
 40
1.0
  9
$DIMGAP
 40
0.09
  9
$DIMJUST
 70
     0
  9
$DIMSD1
 70
     0
  9
$DIMSD2
 70
     0
  9
$DIMTOLJ
 70
     1
  9
$DIMTZIN
 70
     0
  9
$DIMALTZ
 70
     0
  9
$DIMALTTZ
 70
     0
  9
$DIMUPT
 70
     0
  9
$DIMDEC
 70
     4
  9
$DIMTDEC
 70
     4
  9
$DIMALTU
 70
     2
  9
$DIMALTTD
 70
     2
  9
$DIMTXSTY
  7
Standard
  9
$DIMAUNIT
 70
     0
  9
$DIMADEC
 70
     0
  9
$DIMALTRND
 40
0.0
  9
$DIMAZIN
 70
     0
  9
$DIMDSEP
 70
    46
  9
$DIMATFIT
 70
     3
  9
$DIMFRAC
 70
     0
  9
$DIMLDRBLK
  1

  9
$DIMLUNIT
 70
     2
  9
$DIMLWD
 70
    -2
  9
$DIMLWE
 70
    -2
  9
$DIMTMOVE
 70
     0
  9
$DIMFXL
 40
1.0
  9
$DIMFXLON
 70
     0
  9
$DIMJOGANG
 40
0.7853981633974483
  9
$DIMTFILL
 70
     0
  9
$DIMTFILLCLR
 70
     0
  9
$DIMARCSYM
 70
     0
  9
$DIMLTYPE
  6

  9
$DIMLTEX1
  6

  9
$DIMLTEX2
  6

  9
$DIMTXTDIRECTION
 70
     0
  9
$LUNITS
 70
     2
  9
$LUPREC
 70
     4
  9
$SKETCHINC
 40
0.1
  9
$FILLETRAD
 40
0.0
  9
$AUNITS
 70
     0
  9
$AUPREC
 70
     0
  9
$MENU
  1
.
  9
$ELEVATION
 40
0.0
  9
$PELEVATION
 40
0.0
  9
$THICKNESS
 40
0.0
  9
$LIMCHECK
 70
     0
  9
$CHAMFERA
 40
0.0
  9
$CHAMFERB
 40
0.0
  9
$CHAMFERC
 40
0.0
  9
$CHAMFERD
 40
0.0
  9
$SKPOLY
 70
     0
  9
$TDCREATE
 40
2460975.046400463
  9
$TDUCREATE
 40
2460975.171400463
  9
$TDUPDATE
 40
2461037.447384260
  9
$TDUUPDATE
 40
2461037.572384260
  9
$TDINDWG
 40
0.3399189815
  9
$TDUSRTIMER
 40
0.3399189815
  9
$USRTIMER
 70
     1
  9
$ANGBASE
 50
0.0
  9
$ANGDIR
 70
     0
  9
$PDMODE
 70
     0
  9
$PDSIZE
 40
0.0
  9
$PLINEWID
 40
0.0
  9
$SPLFRAME
 70
     0
  9
$SPLINETYPE
 70
     6
  9
$SPLINESEGS
 70
     8
  9
$HANDSEED
  5
1AC4
  9
$SURFTAB1
 70
     6
  9
$SURFTAB2
 70
     6
  9
$SURFTYPE
 70
     6
  9
$SURFU
 70
     6
  9
$SURFV
 70
     6
  9
$UCSBASE
  2

  9
$UCSNAME
  2

  9
$UCSORG
 10
0.0
 20
0.0
 30
0.0
  9
$UCSXDIR
 10
1.0
 20
0.0
 30
0.0
  9
$UCSYDIR
 10
0.0
 20
1.0
 30
0.0
  9
$UCSORTHOREF
  2

  9
$UCSORTHOVIEW
 70
     0
  9
$UCSORGTOP
 10
0.0
 20
0.0
 30
0.0
  9
$UCSORGBOTTOM
 10
0.0
 20
0.0
 30
0.0
  9
$UCSORGLEFT
 10
0.0
 20
0.0
 30
0.0
  9
$UCSORGRIGHT
 10
0.0
 20
0.0
 30
0.0
  9
$UCSORGFRONT
 10
0.0
 20
0.0
 30
0.0
  9
$UCSORGBACK
 10
0.0
 20
0.0
 30
0.0
  9
$PUCSBASE
  2

  9
$PUCSNAME
  2

  9
$PUCSORG
 10
0.0
 20
0.0
 30
0.0
  9
$PUCSXDIR
 10
1.0
 20
0.0
 30
0.0
  9
$PUCSYDIR
 10
0.0
 20
1.0
 30
0.0
  9
$PUCSORTHOREF
  2

  9
$PUCSORTHOVIEW
 70
     0
  9
$PUCSORGTOP
 10
0.0
 20
0.0
 30
0.0
  9
$PUCSORGBOTTOM
 10
0.0
 20
0.0
 30
0.0
  9
$PUCSORGLEFT
 10
0.0
 20
0.0
 30
0.0
  9
$PUCSORGRIGHT
 10
0.0
 20
0.0
 30
0.0
  9
$PUCSORGFRONT
 10
0.0
 20
0.0
 30
0.0
  9
$PUCSORGBACK
 10
0.0
 20
0.0
 30
0.0
  9
$USERI1
 70
     0
  9
$USERI2
 70
     0
  9
$USERI3
 70
     0
  9
$USERI4
 70
     0
  9
$USERI5
 70
     0
  9
$USERR1
 40
0.0
  9
$USERR2
 40
0.0
  9
$USERR3
 40
0.0
  9
$USERR4
 40
0.0
  9
$USERR5
 40
0.0
  9
$WORLDVIEW
 70
     1
  9
$SHADEDGE
 70
     3
  9
$SHADEDIF
 70
    70
  9
$TILEMODE
 70
     1
  9
$MAXACTVP
 70
    64
  9
$PINSBASE
 10
0.0
 20
0.0
 30
0.0
  9
$PLIMCHECK
 70
     0
  9
$PEXTMIN
 10
0.0
 20
0.0
 30
0.0
  9
$PEXTMAX
 10
0.0
 20
0.0
 30
0.0
  9
$PLIMMIN
 10
0.0
 20
0.0
  9
$PLIMMAX
 10
12.0
 20
9.0
  9
$UNITMODE
 70
     0
  9
$VISRETAIN
 70
     1
  9
$PLINEGEN
 70
     0
  9
$PSLTSCALE
 70
     1
  9
$TREEDEPTH
 70
  3020
  9
$CMLSTYLE
  2
Standard
  9
$CMLJUST
 70
     0
  9
$CMLSCALE
 40
1.0
  9
$PROXYGRAPHICS
 70
     1
  9
$MEASUREMENT
 70
     0
  9
$CELWEIGHT
370
    -1
  9
$ENDCAPS
280
     0
  9
$JOINSTYLE
280
     0
  9
$LWDISPLAY
290
     0
  9
$INSUNITS
 70
     1
  9
$HYPERLINKBASE
  1

  9
$STYLESHEET
  1

  9
$XEDIT
290
     1
  9
$CEPSNTYPE
380
     0
  9
$PSTYLEMODE
290
     1
  9
$FINGERPRINTGUID
  2
{795D6307-54DD-454E-8474-B3FFBBDA9A8A}
  9
$VERSIONGUID
  2
{76080FC4-C162-8040-AEF9-4BFFA969D16C}
  9
$EXTNAMES
290
     1
  9
$PSVPSCALE
 40
0.0
  9
$OLESTARTUP
290
     0
  9
$SORTENTS
280
   127
  9
$INDEXCTL
280
     0
  9
$HIDETEXT
280
     1
  9
$XCLIPFRAME
280
     2
  9
$HALOGAP
280
     0
  9
$OBSCOLOR
 70
   257
  9
$OBSLTYPE
280
     0
  9
$INTERSECTIONDISPLAY
280
     0
  9
$INTERSECTIONCOLOR
 70
   257
  9
$DIMASSOC
280
     2
  9
$PROJECTNAME
  1

  9
$CAMERADISPLAY
290
     0
  9
$LENSLENGTH
 40
50.0
  9
$CAMERAHEIGHT
 40
0.0
  9
$STEPSPERSEC
 40
2.0
  9
$STEPSIZE
 40
6.0
  9
$3DDWFPREC
 40
2.0
  9
$PSOLWIDTH
 40
0.25
  9
$PSOLHEIGHT
 40
4.0
  9
$LOFTANG1
 40
1.570796326794896
  9
$LOFTANG2
 40
1.570796326794896
  9
$LOFTMAG1
 40
0.0
  9
$LOFTMAG2
 40
0.0
  9
$LOFTPARAM
 70
     7
  9
$LOFTNORMALS
280
     1
  9
$LATITUDE
 40
37.795
  9
$LONGITUDE
 40
-122.394
  9
$NORTHDIRECTION
 40
0.0
  9
$TIMEZONE
 70
 -8000
  9
$LIGHTGLYPHDISPLAY
280
     1
  9
$TILEMODELIGHTSYNCH
280
     1
  9
$CMATERIAL
347
96
  9
$SOLIDHIST
280
     0
  9
$SHOWHIST
280
     1
  9
$DWFFRAME
280
     2
  9
$DGNFRAME
280
     0
  9
$REALWORLDSCALE
290
     1
  9
$INTERFERECOLOR
 62
     1
  9
$INTERFEREOBJVS
345
A3
  9
$INTERFEREVPVS
346
A0
  9
$CSHADOW
280
     0
  9
$SHADOWPLANELOCATION
 40
0.0
  0
ENDSEC
  0
SECTION
  2
CLASSES
  0
CLASS
  1
ACDBDICTIONARYWDFLT
  2
AcDbDictionaryWithDefault
  3
ObjectDBX Classes
 90
        0
 91
        1
280
     0
281
     0
  0
CLASS
  1
DICTIONARYVAR
  2
AcDbDictionaryVar
  3
ObjectDBX Classes
 90
        0
 91
       11
280
     0
281
     0
  0
CLASS
  1
TABLESTYLE
  2
AcDbTableStyle
  3
ObjectDBX Classes
 90
     4095
 91
        1
280
     0
281
     0
  0
CLASS
  1
MATERIAL
  2
AcDbMaterial
  3
ObjectDBX Classes
 90
     1153
 91
        3
280
     0
281
     0
  0
CLASS
  1
VISUALSTYLE
  2
AcDbVisualStyle
  3
ObjectDBX Classes
 90
     4095
 91
       24
280
     0
281
     0
  0
CLASS
  1
SCALE
  2
AcDbScale
  3
ObjectDBX Classes
 90
     1153
 91
       33
280
     0
281
     0
  0
CLASS
  1
MLEADERSTYLE
  2
AcDbMLeaderStyle
  3
ACDB_MLEADERSTYLE_CLASS
 90
     4095
 91
        2
280
     0
281
     0
  0
CLASS
  1
CELLSTYLEMAP
  2
AcDbCellStyleMap
  3
ObjectDBX Classes
 90
     1152
 91
        1
280
     0
281
     0
  0
CLASS
  1
EXACXREFPANELOBJECT
  2
ExAcXREFPanelObject
  3
EXAC_ESW
 90
     1025
 91
        0
280
     0
281
     0
  0
CLASS
  1
NPOCOLLECTION
  2
AcDbImpNonPersistentObjectsCollection
  3
ObjectDBX Classes
 90
     1153
 91
        0
280
     0
281
     0
  0
CLASS
  1
LAYER_INDEX
  2
AcDbLayerIndex
  3
ObjectDBX Classes
 90
        0
 91
        0
280
     0
281
     0
  0
CLASS
  1
SPATIAL_INDEX
  2
AcDbSpatialIndex
  3
ObjectDBX Classes
 90
        0
 91
        0
280
     0
281
     0
  0
CLASS
  1
IDBUFFER
  2
AcDbIdBuffer
  3
ObjectDBX Classes
 90
        0
 91
        0
280
     0
281
     0
  0
CLASS
  1
ACDBSECTIONVIEWSTYLE
  2
AcDbSectionViewStyle
  3
ObjectDBX Classes
 90
     1025
 91
        1
280
     0
281
     0
  0
CLASS
  1
ACDBDETAILVIEWSTYLE
  2
AcDbDetailViewStyle
  3
ObjectDBX Classes
 90
     1025
 91
        1
280
     0
281
     0
  0
CLASS
  1
SORTENTSTABLE
  2
AcDbSortentsTable
  3
ObjectDBX Classes
 90
        0
 91
        1
280
     0
281
     0
  0
ENDSEC
  0
SECTION
  2
TABLES
  0
TABLE
  2
VPORT
  5
8
330
0
100
AcDbSymbolTable
 70
     1
  0
VPORT
  5
94
330
8
100
AcDbSymbolTableRecord
100
AcDbViewportTableRecord
  2
*Active
 70
     0
 10
0.0
 20
0.0
 11
1.0
 21
1.0
 12
2066.201532319363
 22
1611.302217508089
 13
0.0
 23
0.0
 14
0.5
 24
0.5
 15
0.5
 25
0.5
 16
0.0
 26
0.0
 36
1.0
 17
0.0
 27
0.0
 37
0.0
 40
1975.710392456862
 41
1.765478424015009
 42
50.0
 43
0.0
 44
0.0
 50
0.0
 51
0.0
 71
     0
 72
  1000
 73
     1
 74
     3
 75
     0
 76
     1
 77
     0
 78
     0
281
     0
 65
     1
110
0.0
120
0.0
130
0.0
111
1.0
121
0.0
131
0.0
112
0.0
122
1.0
132
0.0
 79
     0
146
0.0
348
9F
 60
     3
 61
     5
292
     1
282
     1
141
0.0
142
0.0
 63
   250
421
  3355443
1001
ACAD_NAV_VCDISPLAY
1070
     3
  0
ENDTAB
  0
TABLE
  2
LTYPE
  5
5
330
0
100
AcDbSymbolTable
 70
     2
  0
LTYPE
  5
14
330
5
100
AcDbSymbolTableRecord
100
AcDbLinetypeTableRecord
  2
ByBlock
 70
     0
  3

 72
    65
 73
     0
 40
0.0
  0
LTYPE
  5
15
330
5
100
AcDbSymbolTableRecord
100
AcDbLinetypeTableRecord
  2
ByLayer
 70
     0
  3

 72
    65
 73
     0
 40
0.0
  0
LTYPE
  5
16
330
5
100
AcDbSymbolTableRecord
100
AcDbLinetypeTableRecord
  2
Continuous
 70
     0
  3
Solid line
 72
    65
 73
     0
 40
0.0
  0
LTYPE
  5
403
330
5
100
AcDbSymbolTableRecord
100
AcDbLinetypeTableRecord
  2
ACAD_ISO02W100
 70
     0
  3
ISO dash __ __ __ __ __ __ __ __ __ __ __ __ __
 72
    65
 73
     2
 40
15.0
 49
12.0
 74
     0
 49
-3.0
 74
     0
  0
ENDTAB
  0
TABLE
  2
LAYER
  5
2
102
{ACAD_XDICTIONARY
360
18E
102
}
330
0
100
AcDbSymbolTable
 70
     3
  0
LAYER
  5
10
102
{ACAD_XDICTIONARY
360
E6
102
}
330
2
100
AcDbSymbolTableRecord
100
AcDbLayerTableRecord
  2
0
 70
     0
 62
     7
  6
Continuous
370
    -3
390
F
347
98
348
0
  0
LAYER
  5
404
330
2
100
AcDbSymbolTableRecord
100
AcDbLayerTableRecord
  2
Area_Boundary
 70
     0
 62
     9
  6
ACAD_ISO02W100
370
    -3
390
F
347
98
348
0
1001
AcAecLayerStandard
1000

1000

1001
AcCmTransparency
1071
        0
  0
LAYER
  5
8B4
330
2
100
AcDbSymbolTableRecord
100
AcDbLayerTableRecord
  2
DOOR WINDOW 1 300
 70
     0
 62
    90
  6
Continuous
370
     5
390
F
347
98
348
0
1001
AcAecLayerStandard
1000

1000

1001
AcCmTransparency
1071
        0
  0
ENDTAB
  0
TABLE
  2
STYLE
  5
3
330
0
100
AcDbSymbolTable
 70
     3
  0
STYLE
  5
11
330
3
100
AcDbSymbolTableRecord
100
AcDbTextStyleTableRecord
  2
Standard
 70
     0
 40
0.0
 41
1.0
 50
0.0
 71
     0
 42
0.2
  3
arial.ttf
  4

1001
ACAD
1000
Arial
1071
       34
  0
STYLE
  5
DC
330
3
100
AcDbSymbolTableRecord
100
AcDbTextStyleTableRecord
  2
Annotative
 70
     0
 40
0.0
 41
1.0
 50
0.0
 71
     0
 42
0.2
  3
arial.ttf
  4

1001
AcadAnnotative
1000
AnnotativeData
1002
{
1070
     1
1070
     1
1002
}
1001
ACAD
1000
Arial
1071
       34
  0
STYLE
  5
8B5
330
3
100
AcDbSymbolTableRecord
100
AcDbTextStyleTableRecord
  2
750 judulskala150)
 70
     0
 40
750.0
 41
1.0
 50
0.0
 71
     0
 42
750.0
  3
arial.ttf
  4

1001
ACAD
1000
Arial
1071
       34
  0
ENDTAB
  0
TABLE
  2
VIEW
  5
6
330
0
100
AcDbSymbolTable
 70
     0
  0
ENDTAB
  0
TABLE
  2
UCS
  5
7
330
0
100
AcDbSymbolTable
 70
     0
  0
ENDTAB
  0
TABLE
  2
APPID
  5
9
330
0
100
AcDbSymbolTable
 70
    13
  0
APPID
  5
12
330
9
100
AcDbSymbolTableRecord
100
AcDbRegAppTableRecord
  2
ACAD
 70
     0
  0
APPID
  5
DD
330
9
100
AcDbSymbolTableRecord
100
AcDbRegAppTableRecord
  2
AcadAnnoPO
 70
     0
  0
APPID
  5
DE
330
9
100
AcDbSymbolTableRecord
100
AcDbRegAppTableRecord
  2
AcadAnnotative
 70
     0
  0
APPID
  5
DF
330
9
100
AcDbSymbolTableRecord
100
AcDbRegAppTableRecord
  2
ACAD_DSTYLE_DIMJAG
 70
     0
  0
APPID
  5
E0
330
9
100
AcDbSymbolTableRecord
100
AcDbRegAppTableRecord
  2
ACAD_DSTYLE_DIMTALN
 70
     0
  0
APPID
  5
107
330
9
100
AcDbSymbolTableRecord
100
AcDbRegAppTableRecord
  2
ACAD_MLEADERVER
 70
     0
  0
APPID
  5
1A6
330
9
100
AcDbSymbolTableRecord
100
AcDbRegAppTableRecord
  2
ACAD_NAV_VCDISPLAY
 70
     0
  0
APPID
  5
252
330
9
100
AcDbSymbolTableRecord
100
AcDbRegAppTableRecord
  2
GradientColor1ACI
 70
     0
  0
APPID
  5
253
330
9
100
AcDbSymbolTableRecord
100
AcDbRegAppTableRecord
  2
GradientColor2ACI
 70
     0
  0
APPID
  5
32D
330
9
100
AcDbSymbolTableRecord
100
AcDbRegAppTableRecord
  2
ACAD_EXEMPT_FROM_CAD_STANDARDS
 70
     0
  0
APPID
  5
405
330
9
100
AcDbSymbolTableRecord
100
AcDbRegAppTableRecord
  2
AcAecLayerStandard
 70
     0
  0
APPID
  5
406
330
9
100
AcDbSymbolTableRecord
100
AcDbRegAppTableRecord
  2
AcCmTransparency
 70
     0
  0
APPID
  5
8B6
330
9
100
AcDbSymbolTableRecord
100
AcDbRegAppTableRecord
  2
AcDbBlockRepETag
 70
     0
  0
ENDTAB
  0
TABLE
  2
DIMSTYLE
  5
A
330
0
100
AcDbSymbolTable
 70
     2
100
AcDbDimStyleTable
 71
     2
340
27
340
E1
  0
DIMSTYLE
105
27
330
A
100
AcDbSymbolTableRecord
100
AcDbDimStyleTableRecord
  2
Standard
 70
     0
340
11
  0
DIMSTYLE
105
E1
330
A
100
AcDbSymbolTableRecord
100
AcDbDimStyleTableRecord
  2
Annotative
 70
     0
 40
0.0
340
11
1001
AcadAnnotative
1000
AnnotativeData
1002
{
1070
     1
1070
     1
1002
}
1001
ACAD_DSTYLE_DIMJAG
1070
   388
1040
1.5
1001
ACAD_DSTYLE_DIMTALN
1070
   392
1070
     0
  0
ENDTAB
  0
TABLE
  2
BLOCK_RECORD
  5
1
330
0
100
AcDbSymbolTable
 70
     4
  0
BLOCK_RECORD
  5
1F
102
{ACAD_XDICTIONARY
360
15D
102
}
330
1
100
AcDbSymbolTableRecord
100
AcDbBlockTableRecord
  2
*Model_Space
340
22
 70
     0
280
     1
281
     0
  0
BLOCK_RECORD
  5
58
330
1
100
AcDbSymbolTableRecord
100
AcDbBlockTableRecord
  2
*Paper_Space
340
59
 70
     0
280
     1
281
     0
  0
BLOCK_RECORD
  5
5D
330
1
100
AcDbSymbolTableRecord
100
AcDbBlockTableRecord
  2
*Paper_Space0
340
5E
 70
     0
280
     1
281
     0
  0
BLOCK_RECORD
  5
354
102
{ACAD_XDICTIONARY
360
356
102
}
330
1
100
AcDbSymbolTableRecord
100
AcDbBlockTableRecord
  2
A$C85aa9ef0
340
0
 70
     1
280
     1
281
     0
  0
BLOCK_RECORD
  5
373
102
{ACAD_XDICTIONARY
360
375
102
}
330
1
100
AcDbSymbolTableRecord
100
AcDbBlockTableRecord
  2
A$Cafadda74
340
0
 70
     1
280
     1
281
     0
  0
BLOCK_RECORD
  5
411
102
{ACAD_XDICTIONARY
360
413
102
}
330
1
100
AcDbSymbolTableRecord
100
AcDbBlockTableRecord
  2
A$C696cf0ac
340
0
 70
     1
280
     1
281
     0
  0
ENDTAB
  0
ENDSEC
  0
SECTION
  2
BLOCKS
  0
BLOCK
  5
20
330
1F
100
AcDbEntity
  8
0
100
AcDbBlockBegin
  2
*Model_Space
 70
     0
 10
0.0
 20
0.0
 30
0.0
  3
*Model_Space
  1

  0
ENDBLK
  5
21
330
1F
100
AcDbEntity
  8
0
100
AcDbBlockEnd
  0
BLOCK
  5
5A
330
58
100
AcDbEntity
 67
     1
  8
0
100
AcDbBlockBegin
  2
*Paper_Space
 70
     0
 10
0.0
 20
0.0
 30
0.0
  3
*Paper_Space
  1

  0
ENDBLK
  5
5B
330
58
100
AcDbEntity
 67
     1
  8
0
100
AcDbBlockEnd
  0
BLOCK
  5
5F
330
5D
100
AcDbEntity
 67
     1
  8
0
100
AcDbBlockBegin
  2
*Paper_Space0
 70
     0
 10
0.0
 20
0.0
 30
0.0
  3
*Paper_Space0
  1

  0
ENDBLK
  5
60
330
5D
100
AcDbEntity
 67
     1
  8
0
100
AcDbBlockEnd
  0
BLOCK
  5
357
330
354
100
AcDbEntity
  8
0
 62
     1
100
AcDbBlockBegin
  2
A$C85aa9ef0
 70
     0
 10
0.0
 20
0.0
 30
0.0
  3
A$C85aa9ef0
  1

  0
LINE
  5
355
330
354
100
AcDbEntity
  8
0
 62
     1
100
AcDbLine
 10
0.0
 20
0.0
 30
0.0
 11
0.0695023595567363
 21
6.709946144150535
 31
0.0
  0
ENDBLK
  5
358
330
354
100
AcDbEntity
  8
0
 62
     1
100
AcDbBlockEnd
  0
BLOCK
  5
376
330
373
100
AcDbEntity
  8
0
 62
     1
100
AcDbBlockBegin
  2
A$Cafadda74
 70
     0
 10
0.0
 20
0.0
 30
0.0
  3
A$Cafadda74
  1

  0
CIRCLE
  5
374
330
373
100
AcDbEntity
  8
0
 62
     1
100
AcDbCircle
 10
2.644567845064102
 20
2.644567845064102
 30
0.0
 40
2.64456784506411
  0
ENDBLK
  5
377
330
373
100
AcDbEntity
  8
0
 62
     1
100
AcDbBlockEnd
  0
BLOCK
  5
414
330
411
100
AcDbEntity
  8
0
 62
     1
100
AcDbBlockBegin
  2
A$C696cf0ac
 70
     0
 10
0.0
 20
0.0
 30
0.0
  3
A$C696cf0ac
  1

  0
LWPOLYLINE
  5
412
330
411
100
AcDbEntity
  8
Area_Boundary
370
     9
100
AcDbPolyline
 90
        4
 70
     1
 43
0.0
 10
0.0
 20
472.8027149165468
 10
184.812005567948
 20
472.8027149165468
 10
184.812005567948
 20
0.0
 10
0.0
 20
0.0
  0
ENDBLK
  5
415
330
411
100
AcDbEntity
  8
0
 62
     1
100
AcDbBlockEnd
  0
ENDSEC
  0
SECTION
  2
ENTITIES
  0
HATCH
  5
2C4
330
1F
100
AcDbEntity
  8
0
100
AcDbHatch
 10
0.0
 20
0.0
 30
0.0
210
0.0
220
0.0
230
1.0
  2
ANSI37
 70
     0
 71
     0
 91
        1
 92
        7
 72
     0
 73
     1
 93
        4
 10
1595.009237105435
 20
2073.021236304221
 10
1562.44338358332
 20
2073.021236304221
 10
1562.44338358332
 20
2040.455382782107
 10
1595.009237105435
 20
2040.455382782107
 97
        0
 75
     1
 76
     1
 52
0.0
 41
2.713821126842695
 77
     0
 78
     2
 53
44.99999999999998
 43
1400.220781626239
 44
1740.915655534054
 45
-6.092702196453976
 46
6.092702196453969
 79
     0
 53
135.0
 43
1400.220781626239
 44
1740.915655534054
 45
-6.092702196453976
 46
-6.092702196453969
 79
     0
 47
0.0156210321812842
 98
        1
 10
1585.259874659728
 20
2041.079971972744
1001
GradientColor1ACI
1070
     5
1001
GradientColor2ACI
1070
     2
1001
ACAD
1010
0.0
1020
0.0
1030
0.0
  0
LINE
  5
2C5
330
1F
100
AcDbEntity
  8
0
100
AcDbLine
 10
1562.44338358332
 20
2040.45538278211
 30
0.0
 11
1562.44338358332
 21
2073.021236304224
 31
0.0
  0
LINE
  5
2C6
330
1F
100
AcDbEntity
  8
0
100
AcDbLine
 10
1562.44338358332
 20
2073.021236304224
 30
0.0
 11
1595.009237105435
 21
2073.021236304224
 31
0.0
  0
LINE
  5
2C7
330
1F
100
AcDbEntity
  8
0
100
AcDbLine
 10
1595.009237105435
 20
2073.021236304224
 30
0.0
 11
1595.009237105435
 21
2040.45538278211
 31
0.0
  0
LINE
  5
2C8
330
1F
100
AcDbEntity
  8
0
100
AcDbLine
 10
1595.009237105435
 20
2040.45538278211
 30
0.0
 11
1562.44338358332
 21
2040.45538278211
 31
0.0
  0
HATCH
  5
2C9
330
1F
100
AcDbEntity
  8
0
100
AcDbHatch
 10
0.0
 20
0.0
 30
0.0
210
0.0
220
0.0
230
1.0
  2
SOLID
 70
     1
 71
     0
 91
        1
 92
        1
 93
        4
 72
     1
 10
1625.374699642289
 20
1978.094961125006
 11
1538.571370527997
 21
1978.094961125006
 72
     1
 10
1538.571370527998
 20
1978.094961125006
 11
1538.571370527998
 21
1977.175589487839
 72
     1
 10
1538.571370527998
 20
1977.175589487839
 11
1625.374699642289
 21
1977.175589487839
 72
     1
 10
1625.374699642289
 20
1977.175589487839
 11
1625.374699642289
 21
1978.094961125006
 97
        0
 75
     1
 76
     1
 98
        1
 10
1552.919727538132
 20
1977.361522808419
450
        0
451
        0
460
0.0
461
0.0
452
        0
462
0.0
453
        2
463
0.0
 63
     5
421
      255
463
1.0
 63
     2
421
 16776960
470
LINEAR
1001
GradientColor1ACI
1070
     5
1001
GradientColor2ACI
1070
     2
1001
ACAD
1010
0.0
1020
0.0
1030
0.0
  0
LWPOLYLINE
  5
2CA
330
1F
100
AcDbEntity
  8
0
370
    53
100
AcDbPolyline
 90
        4
 70
     1
 43
0.0
 39
11.7161339245056
 10
1538.571370527998
 20
1978.112816674938
 10
1625.385110650798
 20
1978.112816674938
 10
1625.385110650798
 20
1975.224626286459
 10
1538.571370527998
 20
1975.224626286459
  0
LINE
  5
2CB
330
1F
100
AcDbEntity
  8
0
370
    50
100
AcDbLine
 10
1579.276516162842
 20
1956.035744281973
 30
0.0
 11
1581.52793160313
 21
1953.784328841684
 31
0.0
  0
LINE
  5
2CC
330
1F
100
AcDbEntity
  8
0
370
    50
100
AcDbLine
 10
1581.52793160313
 20
1956.035744281973
 30
0.0
 11
1579.276516162842
 21
1953.784328841684
 31
0.0
  0
LINE
  5
2CD
330
1F
100
AcDbEntity
  8
0
370
    50
100
AcDbLine
 10
1580.402223882984
 20
1945.261113246301
 30
0.0
 11
1580.402223882984
 21
1947.030082520814
 31
0.0
  0
LINE
  5
2CE
330
1F
100
AcDbEntity
  8
0
370
    50
100
AcDbLine
 10
1580.402223882984
 20
1947.030082520814
 30
0.0
 11
1577.411829003513
 21
1953.443005034894
 31
0.0
  0
LINE
  5
2D2
330
1F
100
AcDbEntity
  8
0
370
    50
100
AcDbLine
 10
1579.276516162842
 20
1998.636879985524
 30
0.0
 11
1581.52793160313
 21
1996.385464545235
 31
0.0
  0
LINE
  5
2D3
330
1F
100
AcDbEntity
  8
0
370
    50
100
AcDbLine
 10
1581.52793160313
 20
1998.636879985524
 30
0.0
 11
1579.276516162842
 21
1996.385464545235
 31
0.0
  0
LINE
  5
2D4
330
1F
100
AcDbEntity
  8
0
370
    50
100
AcDbLine
 10
1580.402223882984
 20
1987.862248949852
 30
0.0
 11
1580.402223882984
 21
1989.631218224365
 31
0.0
  0
LINE
  5
2D5
330
1F
100
AcDbEntity
  8
0
370
    50
100
AcDbLine
 10
1580.402223882984
 20
1989.631218224365
 30
0.0
 11
1577.411829003513
 21
1996.044140738445
 31
0.0
  0
LINE
  5
300
330
1F
100
AcDbEntity
  8
0
100
AcDbLine
 10
1580.402223882986
 20
1971.639556486212
 30
0.0
 11
1580.402223882986
 21
1977.17558948784
 31
0.0
  0
LINE
  5
301
330
1F
100
AcDbEntity
  8
0
100
AcDbLine
 10
1580.402223882984
 20
1987.862248949852
 30
0.0
 11
1580.402223882984
 21
1984.557139494182
 31
0.0
  0
LINE
  5
302
330
1F
100
AcDbEntity
  8
0
100
AcDbLine
 10
1580.402223882986
 20
2025.621752597636
 30
0.0
 11
1580.402223882986
 21
2040.455382782108
 31
0.0
  0
MTEXT
  5
304
330
1F
100
AcDbEntity
  8
0
100
AcDbMText
 10
1540.003389242668
 20
2085.26262843941
 30
0.0
 40
6.833998412346413
 41
88.59993838990687
 46
0.0
 71
     1
 72
     5
  1
{\C0;GRID UTILITI 20 kV}
 73
     1
 44
1.0
101
Embedded Object
 70
     1
 10
1.0
 20
0.0
 30
0.0
 11
1540.003389242668
 21
2085.26262843941
 31
0.0
 40
88.59993838990687
 41
0.0
 42
84.82828725066008
 43
7.067081577842539
 71
     2
 72
     1
 44
88.59993838990687
 45
34.16999206173206
 73
     0
 74
     0
 46
0.0
  0
HATCH
  5
33A
330
1F
100
AcDbEntity
  8
0
100
AcDbHatch
 10
0.0
 20
0.0
 30
0.0
210
0.0
220
0.0
230
1.0
  2
SOLID
 70
     1
 71
     0
 91
        1
 92
        1
 93
        4
 72
     1
 10
1849.583255470886
 20
1963.792369684407
 11
2083.070344479867
 21
1963.792369684407
 72
     1
 10
2083.070344479867
 20
1963.792369684407
 11
2083.070344479867
 21
1966.658600327259
 72
     1
 10
2083.070344479867
 20
1966.658600327259
 11
1849.583255470886
 21
1966.658600327259
 72
     1
 10
1849.583255470886
 20
1966.658600327259
 11
1849.583255470886
 21
1963.792369684408
 97
        0
 75
     1
 76
     1
 98
        1
 10
1947.907626015216
 20
1963.978303004988
450
        0
451
        0
460
0.0
461
0.0
452
        0
462
0.0
453
        2
463
0.0
 63
     5
421
      255
463
1.0
 63
     2
421
 16776960
470
LINEAR
1001
GradientColor1ACI
1070
     5
1001
GradientColor2ACI
1070
     2
1001
ACAD
1010
0.0
1020
0.0
1030
0.0
  0
LINE
  5
33B
330
1F
100
AcDbEntity
  8
0
370
    50
100
AcDbLine
 10
1967.153959917567
 20
1949.331300245009
 30
0.0
 11
1969.405375357855
 21
1947.07988480472
 31
0.0
  0
LINE
  5
33C
330
1F
100
AcDbEntity
  8
0
370
    50
100
AcDbLine
 10
1969.405375357855
 20
1949.331300245009
 30
0.0
 11
1967.153959917567
 21
1947.07988480472
 31
0.0
  0
LINE
  5
33D
330
1F
100
AcDbEntity
  8
0
370
    50
100
AcDbLine
 10
1968.279667637709
 20
1940.325638483848
 30
0.0
 11
1965.289272758238
 21
1946.738560997929
 31
0.0
  0
LWPOLYLINE
  5
33E
102
{ACAD_REACTORS
330
349
102
}
330
1F
100
AcDbEntity
  8
0
100
AcDbPolyline
 90
        4
 70
     1
 43
0.0
 10
1965.861225304851
 20
1920.97684222196
 10
1971.290991181522
 20
1920.97684222196
 10
1971.290991181522
 20
1907.413275738512
 10
1965.861225304851
 20
1907.413275738512
  0
LINE
  5
33F
102
{ACAD_REACTORS
330
349
102
}
330
1F
100
AcDbEntity
  8
0
100
AcDbLine
 10
1965.831768842107
 20
1918.916515262871
 30
0.0
 11
1971.261534718777
 21
1918.916515262871
 31
0.0
  0
LINE
  5
346
102
{ACAD_REACTORS
330
349
102
}
330
1F
100
AcDbEntity
  8
0
100
AcDbLine
 10
1965.861225304851
 20
1909.380143801304
 30
0.0
 11
1971.290991181522
 21
1909.380143801304
 31
0.0
  0
LINE
  5
347
102
{ACAD_REACTORS
330
349
102
}
330
1F
100
AcDbEntity
  8
0
100
AcDbLine
 10
1968.576108243186
 20
1920.97684222196
 30
0.0
 11
1968.576108243186
 21
1923.86796184589
 31
0.0
  0
LINE
  5
348
102
{ACAD_REACTORS
330
349
102
}
330
1F
100
AcDbEntity
  8
0
100
AcDbLine
 10
1968.576108243186
 20
1907.413275738512
 30
0.0
 11
1968.576108243186
 21
1904.664422074118
 31
0.0
  0
LWPOLYLINE
  5
34A
102
{ACAD_REACTORS
330
34F
102
}
330
1F
100
AcDbEntity
  8
0
100
AcDbPolyline
 90
        4
 70
     1
 43
0.0
 10
1965.861225304851
 20
1844.790975893996
 10
1971.290991181522
 20
1844.790975893996
 10
1971.290991181522
 20
1831.227409410548
 10
1965.861225304851
 20
1831.227409410548
  0
LINE
  5
34B
102
{ACAD_REACTORS
330
34F
102
}
330
1F
100
AcDbEntity
  8
0
100
AcDbLine
 10
1965.831768842107
 20
1842.730648934908
 30
0.0
 11
1971.261534718777
 21
1842.730648934908
 31
0.0
  0
LINE
  5
34C
102
{ACAD_REACTORS
330
34F
102
}
330
1F
100
AcDbEntity
  8
0
100
AcDbLine
 10
1965.861225304851
 20
1833.19427747334
 30
0.0
 11
1971.290991181522
 21
1833.19427747334
 31
0.0
  0
LINE
  5
34D
102
{ACAD_REACTORS
330
34F
102
}
330
1F
100
AcDbEntity
  8
0
100
AcDbLine
 10
1968.576108243186
 20
1844.790975893996
 30
0.0
 11
1968.576108243186
 21
1847.682095517926
 31
0.0
  0
LINE
  5
34E
102
{ACAD_REACTORS
330
34F
102
}
330
1F
100
AcDbEntity
  8
0
100
AcDbLine
 10
1968.576108243186
 20
1831.227409410548
 30
0.0
 11
1968.576108243186
 21
1828.478555746155
 31
0.0
  0
CIRCLE
  5
350
330
1F
100
AcDbEntity
  8
0
100
AcDbCircle
 10
1968.908863826068
 20
1872.633971249613
 30
0.0
 40
6.749423001290658
  0
CIRCLE
  5
351
330
1F
100
AcDbEntity
  8
0
100
AcDbCircle
 10
1968.877340903411
 20
1882.179044743628
 30
0.0
 40
6.749423001290658
  0
LINE
  5
353
330
1F
100
AcDbEntity
  8
0
100
AcDbLine
 10
1968.764181918411
 20
1888.927519081911
 30
0.0
 11
1968.764181918411
 21
1888.927519081911
 31
0.0
  0
LINE
  5
362
330
1F
100
AcDbEntity
  8
0
100
AcDbLine
 10
1968.576108243186
 20
1904.664422074118
 30
0.0
 11
1968.764181918411
 21
1888.927519081911
 31
0.0
  0
LINE
  5
364
330
1F
100
AcDbEntity
  8
0
100
AcDbLine
 10
1968.279667637711
 20
1948.205592524864
 30
0.0
 11
1968.279667637711
 21
1964.251773901063
 31
0.0
  0
LINE
  5
365
330
1F
100
AcDbEntity
  8
0
100
AcDbLine
 10
1968.576108243186
 20
1923.86796184589
 30
0.0
 11
1968.279667637709
 21
1940.325638483848
 31
0.0
  0
LINE
  5
366
330
1F
100
AcDbEntity
  8
0
370
    50
100
AcDbLine
 10
2051.850363548199
 20
1931.201819905568
 30
0.0
 11
2054.101778988487
 21
1928.950404465279
 31
0.0
  0
LINE
  5
367
330
1F
100
AcDbEntity
  8
0
370
    50
100
AcDbLine
 10
2054.101778988487
 20
1931.201819905568
 30
0.0
 11
2051.850363548199
 21
1928.950404465279
 31
0.0
  0
LINE
  5
368
330
1F
100
AcDbEntity
  8
0
370
    50
100
AcDbLine
 10
2052.976071268341
 20
1922.196158144408
 30
0.0
 11
2049.985676388869
 21
1928.609080658489
 31
0.0
  0
LINE
  5
369
330
1F
100
AcDbEntity
  8
0
100
AcDbLine
 10
2052.976071268343
 20
1930.076112185424
 30
0.0
 11
2052.976071268343
 21
1946.122293561623
 31
0.0
  0
LINE
  5
36A
330
1F
100
AcDbEntity
  8
0
100
AcDbLine
 10
2053.272511873818
 20
1814.995289930161
 30
0.0
 11
2052.976071268341
 21
1922.196158144408
 31
0.0
  0
LWPOLYLINE
  5
370
330
1F
100
AcDbEntity
  8
0
100
AcDbPolyline
 90
        4
 70
     1
 43
0.0
 10
2025.565723332097
 20
1925.866188383464
 10
2040.231145516843
 20
1925.866188383464
 10
2040.231145516843
 20
1919.012051774253
 10
2025.565723332097
 20
1919.012051774253
  0
LWPOLYLINE
  5
371
330
1F
100
AcDbEntity
  8
0
100
AcDbPolyline
 90
        4
 70
     1
 43
0.0
 10
2046.860869918413
 20
1908.238169158904
 10
2058.842921988103
 20
1908.238169158904
 10
2058.842921988103
 20
1885.490488317253
 10
2046.860869918413
 20
1885.490488317253
  0
CIRCLE
  5
372
330
1F
100
AcDbEntity
  8
0
100
AcDbCircle
 10
2053.100454499221
 20
1901.417441053861
 30
0.0
 40
3.084219181265164
  0
CIRCLE
  5
378
330
1F
100
AcDbEntity
  8
0
100
AcDbCircle
 10
2053.100454499221
 20
1893.688319835478
 30
0.0
 40
3.084219181265164
  0
LINE
  5
379
330
1F
100
AcDbEntity
  8
0
100
AcDbLine
 10
2040.231145516843
 20
1922.439120078858
 30
0.0
 11
2052.976071268341
 21
1922.196158144408
 31
0.0
  0
CIRCLE
  5
381
102
{ACAD_REACTORS
330
389
102
}
330
1F
100
AcDbEntity
  8
0
100
AcDbCircle
 10
2079.304809639926
 20
1921.914125328102
 30
0.0
 40
6.749423001290658
  0
MTEXT
  5
388
102
{ACAD_REACTORS
330
389
102
}
330
1F
100
AcDbEntity
  8
0
100
AcDbMText
 10
2073.87636055553
 20
1924.005533118599
 30
0.0
 40
3.329083633277356
 41
10.90323695577813
 46
0.0
 71
     1
 72
     5
  1
\pxqc;M
 73
     1
 44
1.0
101
Embedded Object
 70
     1
 10
1.0
 20
0.0
 30
0.0
 11
2073.87636055553
 21
1924.005533118599
 31
0.0
 40
10.90323695577813
 41
0.0
 42
3.176935881961133
 43
3.329083633277356
 71
     2
 72
     1
 44
10.90323695577813
 45
16.64541816638677
 73
     0
 74
     0
 46
0.0
  0
LINE
  5
38A
330
1F
100
AcDbEntity
  8
0
100
AcDbLine
 10
2052.976071268341
 20
1922.196158144408
 30
0.0
 11
2072.560545895253
 21
1922.177976408526
 31
0.0
  0
LWPOLYLINE
  5
38B
102
{ACAD_REACTORS
330
1285
102
}
330
1F
100
AcDbEntity
  8
0
100
AcDbPolyline
 90
        4
 70
     1
 43
0.0
 10
2068.84881158411
 20
1987.345479000835
 10
2089.449828260519
 20
1987.345479000835
 10
2089.449828260519
 20
1972.670700935696
 10
2068.84881158411
 20
1972.670700935696
  0
MTEXT
  5
392
102
{ACAD_REACTORS
330
1285
102
}
330
1F
100
AcDbEntity
  8
0
100
AcDbMText
 10
2070.647481493967
 20
1983.115099672929
 30
0.0
 40
5.467340309529101
 41
17.90634104736734
 46
0.0
 71
     1
 72
     5
  1
\pxqc;PR
 73
     1
 44
1.0
101
Embedded Object
 70
     1
 10
1.0
 20
0.0
 30
0.0
 11
2070.647481493967
 21
1983.115099672929
 31
0.0
 40
17.90634104736734
 41
0.0
 42
9.924005841512238
 43
5.467340309529101
 71
     2
 72
     1
 44
17.90634104736734
 45
27.33670154764551
 73
     0
 74
     0
 46
0.0
  0
LINE
  5
393
330
1F
100
AcDbEntity
  8
0
100
AcDbLine
 10
2086.385039342809
 20
1922.177976408526
 30
0.0
 11
2101.712735887426
 21
1922.177976408526
 31
0.0
  0
LINE
  5
394
330
1F
100
AcDbEntity
  8
0
100
AcDbLine
 10
2101.712735887426
 20
1922.177976408526
 30
0.0
 11
2101.712735887426
 21
1977.785873721833
 31
0.0
  0
LINE
  5
395
330
1F
100
AcDbEntity
  8
0
100
AcDbLine
 10
2101.712735887426
 20
1977.785873721833
 30
0.0
 11
2089.449828260519
 21
1977.785873721833
 31
0.0
  0
LINE
  5
396
330
1F
100
AcDbEntity
  8
0
100
AcDbLine
 10
2056.184673680486
 20
1901.417441053861
 30
0.0
 11
2076.96763982681
 21
1901.417441053861
 31
0.0
  0
LINE
  5
397
330
1F
100
AcDbEntity
  8
0
100
AcDbLine
 10
2106.711766385112
 20
1901.417441053861
 30
0.0
 11
2106.711766385112
 21
1983.178796618455
 31
0.0
  0
LINE
  5
398
330
1F
100
AcDbEntity
  8
0
100
AcDbLine
 10
2106.711766385112
 20
1983.178796618455
 30
0.0
 11
2089.449828260519
 21
1983.178796618455
 31
0.0
  0
LWPOLYLINE
  5
399
330
1F
100
AcDbEntity
  8
0
100
AcDbPolyline
 90
        4
 70
     1
 43
0.0
 10
2112.884563868259
 20
1998.523048138398
 10
2133.485580544669
 20
1998.523048138398
 10
2133.485580544669
 20
1983.84827007326
 10
2112.884563868259
 20
1983.84827007326
  0
MTEXT
  5
39A
330
1F
100
AcDbEntity
  8
0
100
AcDbMText
 10
2114.683233778116
 20
1994.292668810492
 30
0.0
 40
5.467340309529101
 41
17.90634104736734
 46
0.0
 71
     1
 72
     5
  1
\pxqc;MM
 73
     1
 44
1.0
101
Embedded Object
 70
     1
 10
1.0
 20
0.0
 30
0.0
 11
2114.683233778116
 21
1994.292668810492
 31
0.0
 40
17.90634104736734
 41
0.0
 42
11.57987152870932
 43
5.467340309529101
 71
     2
 72
     1
 44
17.90634104736734
 45
27.33670154764551
 73
     0
 74
     0
 46
0.0
  0
LINE
  5
39B
330
1F
100
AcDbEntity
  8
0
100
AcDbLine
 10
2056.181565409308
 20
1893.826752193793
 30
0.0
 11
2076.969405324859
 21
1893.832145261367
 31
0.0
  0
LINE
  5
39D
330
1F
100
AcDbEntity
  8
0
100
AcDbLine
 10
2123.185072206464
 20
1983.84827007326
 30
0.0
 11
2123.185072206464
 21
1893.844135165824
 31
0.0
  0
LINE
  5
39E
330
1F
100
AcDbEntity
  8
0
100
AcDbLine
 10
1968.576108243186
 20
1828.478555746155
 30
0.0
 11
1968.576108243186
 21
1814.541525283453
 31
0.0
  0
LINE
  5
39F
330
1F
100
AcDbEntity
  8
0
100
AcDbLine
 10
1968.576108243186
 20
1814.541525283453
 30
0.0
 11
1937.450277586056
 21
1814.541525283453
 31
0.0
  0
LINE
  5
3A0
330
1F
100
AcDbEntity
  8
0
100
AcDbLine
 10
1937.450277586056
 20
1814.541525283453
 30
0.0
 11
1937.450277586056
 21
1961.626897011182
 31
0.0
  0
LINE
  5
3A1
330
1F
100
AcDbEntity
  8
0
100
AcDbLine
 10
1937.450277586056
 20
2019.30070226669
 30
0.0
 11
2123.185072206464
 21
2019.30070226669
 31
0.0
  0
LINE
  5
3A2
330
1F
100
AcDbEntity
  8
0
100
AcDbLine
 10
2123.185072206464
 20
1998.523048138398
 30
0.0
 11
2123.185072206464
 21
2019.30070226669
 31
0.0
  0
LINE
  5
3A3
330
1F
100
AcDbEntity
  8
0
100
AcDbLine
 10
2052.976071268343
 20
1946.122293561623
 30
0.0
 11
2052.976071268343
 21
1964.17503727249
 31
0.0
  0
LINE
  5
3A4
330
1F
100
AcDbEntity
  8
0
370
    50
100
AcDbLine
 10
2075.272870711277
 20
1845.431715957177
 30
0.0
 11
2077.524286151565
 21
1843.180300516889
 31
0.0
  0
LINE
  5
3A5
330
1F
100
AcDbEntity
  8
0
370
    50
100
AcDbLine
 10
2075.272870711277
 20
1843.180300516889
 30
0.0
 11
2077.524286151565
 21
1845.431715957177
 31
0.0
  0
LINE
  5
3A6
330
1F
100
AcDbEntity
  8
0
370
    50
100
AcDbLine
 10
2084.278532472437
 20
1844.306008237035
 30
0.0
 11
2077.865609958356
 21
1847.296403116506
 31
0.0
  0
LINE
  5
3A7
330
1F
100
AcDbEntity
  8
0
100
AcDbLine
 10
2084.278532472437
 20
1844.306008237035
 30
0.0
 11
2086.99741990234
 21
1844.306008237035
 31
0.0
  0
LINE
  5
3A8
330
1F
100
AcDbEntity
  8
0
100
AcDbLine
 10
2086.99741990234
 20
1844.306008237035
 30
0.0
 11
2086.99741990234
 21
1830.633004672253
 31
0.0
  0
LWPOLYLINE
  5
3A9
330
1F
100
AcDbEntity
  8
0
100
AcDbPolyline
 90
        2
 70
     0
 43
0.0
 10
2089.703870598589
 20
1830.610373582299
 10
2084.290969206092
 20
1830.655635762209
  0
LINE
  5
3AA
330
1F
100
AcDbEntity
  8
0
100
AcDbLine
 10
2085.808359429492
 20
1827.975939822103
 30
0.0
 11
2088.156468689616
 21
1827.975939822103
 31
0.0
  0
LINE
  5
3AB
330
1F
100
AcDbEntity
  8
0
100
AcDbLine
 10
2085.062256184909
 20
1829.292210513146
 30
0.0
 11
2088.930687311641
 21
1829.292210513146
 31
0.0
  0
LINE
  5
3AC
330
1F
100
AcDbEntity
  8
0
100
AcDbLine
 10
2079.342762118562
 20
1903.538517182505
 30
0.0
 11
2079.705592296017
 21
1846.438405261585
 31
0.0
  0
LINE
  5
3AD
330
1F
100
AcDbEntity
  8
0
100
AcDbLine
 10
2079.438467078549
 20
1909.10790866093
 30
0.0
 11
2076.297544702432
 21
1903.538517182505
 31
0.0
  0
LINE
  5
3AE
330
1F
100
AcDbEntity
  8
0
100
AcDbLine
 10
2076.297544702432
 20
1903.538517182505
 30
0.0
 11
2082.427894844633
 21
1903.538517182505
 31
0.0
  0
LINE
  5
3AF
330
1F
100
AcDbEntity
  8
0
100
AcDbLine
 10
2082.427894844633
 20
1903.538517182505
 30
0.0
 11
2079.438467078549
 21
1909.10790866093
 31
0.0
  0
LINE
  5
3B1
330
1F
100
AcDbEntity
  8
0
100
AcDbLine
 10
2079.438467078549
 20
1909.10790866093
 30
0.0
 11
2079.375248980824
 21
1915.165069901629
 31
0.0
  0
LWPOLYLINE
  5
3B2
330
1F
100
AcDbEntity
  8
0
100
AcDbPolyline
 90
        4
 70
     1
 43
0.0
 10
2022.994759840807
 20
1830.453565335777
 10
2040.870583451829
 20
1830.453565335777
 10
2040.870583451829
 20
1817.720031435787
 10
2022.994759840807
 20
1817.720031435787
  0
LINE
  5
3B3
330
1F
100
AcDbEntity
  8
0
100
AcDbLine
 10
2031.932671646318
 20
1830.453565335777
 30
0.0
 11
2031.932671646318
 21
1817.720031435787
 31
0.0
  0
MTEXT
  5
3BA
330
1F
100
AcDbEntity
  8
0
100
AcDbMText
 10
2019.105738865879
 20
1826.237656953892
 30
0.0
 40
5.467340309529101
 41
17.90634104736734
 46
0.0
 71
     1
 72
     5
  1
\pxqc;V
 73
     1
 44
1.0
101
Embedded Object
 70
     1
 10
1.0
 20
0.0
 30
0.0
 11
2019.105738865879
 21
1826.237656953892
 31
0.0
 40
17.90634104736734
 41
0.0
 42
5.001161906601996
 43
5.467340309529101
 71
     2
 72
     1
 44
17.90634104736734
 45
27.33670154764551
 73
     0
 74
     0
 46
0.0
  0
MTEXT
  5
3C1
330
1F
100
AcDbEntity
  8
0
100
AcDbMText
 10
2027.871047797306
 20
1826.499098630549
 30
0.0
 40
5.467340309529101
 41
17.90634104736734
 46
0.0
 71
     1
 72
     5
  1
\pxqc;D
 73
     1
 44
1.0
101
Embedded Object
 70
     1
 10
1.0
 20
0.0
 30
0.0
 11
2027.871047797306
 21
1826.499098630549
 31
0.0
 40
17.90634104736734
 41
0.0
 42
4.520065794781221
 43
5.467340309529101
 71
     2
 72
     1
 44
17.90634104736734
 45
27.33670154764551
 73
     0
 74
     0
 46
0.0
  0
LINE
  5
3C2
330
1F
100
AcDbEntity
  8
0
100
AcDbLine
 10
2031.932671646318
 20
1830.453565335777
 30
0.0
 11
2031.932671646319
 21
1844.306008237033
 31
0.0
  0
LINE
  5
3C4
330
1F
100
AcDbEntity
  8
0
100
AcDbLine
 10
2076.398578431421
 20
1844.306008237033
 30
0.0
 11
2031.932671646319
 21
1844.306008237033
 31
0.0
  0
LINE
  5
3C5
102
{ACAD_REACTORS
330
3C8
102
}
330
1F
100
AcDbEntity
  8
0
100
AcDbLine
 10
2053.4801007503
 20
1809.425898451736
 30
0.0
 11
2050.339178374184
 21
1814.995289930161
 31
0.0
  0
LINE
  5
3C6
102
{ACAD_REACTORS
330
3C8
102
}
330
1F
100
AcDbEntity
  8
0
100
AcDbLine
 10
2050.339178374184
 20
1814.995289930161
 30
0.0
 11
2056.469528516384
 21
1814.995289930161
 31
0.0
  0
LINE
  5
3C7
102
{ACAD_REACTORS
330
3C8
102
}
330
1F
100
AcDbEntity
  8
0
100
AcDbLine
 10
2056.469528516384
 20
1814.995289930161
 30
0.0
 11
2053.4801007503
 21
1809.425898451736
 31
0.0
  0
LINE
  5
3C9
330
1F
100
AcDbEntity
  8
0
100
AcDbLine
 10
2025.565723332097
 20
1922.439120078858
 30
0.0
 11
2012.908950509828
 21
1922.439120078858
 31
0.0
  0
LINE
  5
3CA
330
1F
100
AcDbEntity
  8
0
100
AcDbLine
 10
2012.908950509828
 20
1922.439120078858
 30
0.0
 11
2012.908950509828
 21
1711.481934317636
 31
0.0
  0
MTEXT
  5
3D1
330
1F
100
AcDbEntity
  8
0
100
AcDbMText
 10
1969.691396956322
 20
1928.955830274462
 30
0.0
 40
3.792703333416225
 41
24.49475352448821
 46
0.0
 71
     1
 72
     5
  1
{\C0;HV FUSE}
 73
     1
 44
1.0
101
Embedded Object
 70
     1
 10
1.0
 20
0.0
 30
0.0
 11
1969.691396956322
 21
1928.955830274462
 31
0.0
 40
24.49475352448821
 41
0.0
 42
22.25432065078198
 43
3.922058835920189
 71
     2
 72
     1
 44
24.49475352448821
 45
18.96351666708113
 73
     0
 74
     0
 46
0.0
  0
MTEXT
  5
3D8
330
1F
100
AcDbEntity
  8
0
100
AcDbMText
 10
1972.666628052655
 20
1841.577514505711
 30
0.0
 40
3.792703333416225
 41
24.49475352448821
 46
0.0
 71
     1
 72
     5
  1
{\C0;LV FUSE}
 73
     1
 44
1.0
101
Embedded Object
 70
     1
 10
1.0
 20
0.0
 30
0.0
 11
1972.666628052655
 21
1841.577514505711
 31
0.0
 40
24.49475352448821
 41
0.0
 42
21.41092277445613
 43
3.922058835920189
 71
     2
 72
     1
 44
24.49475352448821
 45
18.96351666708113
 73
     0
 74
     0
 46
0.0
  0
MTEXT
  5
3DF
330
1F
100
AcDbEntity
  8
0
100
AcDbMText
 10
1944.886618426416
 20
1883.27686419659
 30
0.0
 40
3.792703333416225
 41
15.40614503288337
 46
0.0
 71
     1
 72
     5
  1
{\C0;PT x 3^J20 kV^J110V^J100VA^JCL.1}
 73
     1
 44
1.0
101
Embedded Object
 70
     1
 10
1.0
 20
0.0
 30
0.0
 11
1944.886618426416
 21
1883.27686419659
 31
0.0
 40
15.40614503288337
 41
0.0
 42
15.33897548692005
 43
29.2688383665636
 71
     2
 72
     1
 44
15.40614503288337
 45
18.96351666708113
 73
     0
 74
     0
 46
0.0
  0
MTEXT
  5
3E6
330
1F
100
AcDbEntity
  8
0
100
AcDbMText
 10
1972.923434795682
 20
1953.228829581839
 30
0.0
 40
3.792703333416225
 41
24.49475352448821
 46
0.0
 71
     1
 72
     5
  1
{\C0;    LBS^J3P 100 A}
 73
     1
 44
1.0
101
Embedded Object
 70
     1
 10
1.0
 20
0.0
 30
0.0
 11
1972.923434795682
 21
1953.228829581839
 31
0.0
 40
24.49475352448821
 41
0.0
 42
21.58425914781144
 43
10.26134082863112
 71
     2
 72
     1
 44
24.49475352448821
 45
18.96351666708113
 73
     0
 74
     0
 46
0.0
  0
MTEXT
  5
3ED
330
1F
100
AcDbEntity
  8
0
100
AcDbMText
 10
2029.323595941193
 20
1917.786650334379
 30
0.0
 40
3.792703333416225
 41
24.49475352448821
 46
0.0
 71
     1
 72
     5
  1
{\C0;ST}
 73
     1
 44
1.0
101
Embedded Object
 70
     1
 10
1.0
 20
0.0
 30
0.0
 11
2029.323595941193
 21
1917.786650334379
 31
0.0
 40
24.49475352448821
 41
0.0
 42
6.426381364396933
 43
3.922058835920189
 71
     2
 72
     1
 44
24.49475352448821
 45
18.96351666708113
 73
     0
 74
     0
 46
0.0
  0
MTEXT
  5
3F4
330
1F
100
AcDbEntity
  8
0
100
AcDbMText
 10
2026.741095721835
 20
1943.324539874442
 30
0.0
 40
3.792703333416225
 41
31.85280835853695
 46
0.0
 71
     1
 72
     5
  1
{\C0;CB SF.6^J3P 630 A}
 73
     1
 44
1.0
101
Embedded Object
 70
     1
 10
1.0
 20
0.0
 30
0.0
 11
2026.741095721835
 21
1943.324539874442
 31
0.0
 40
31.85280835853695
 41
0.0
 42
21.58425914781144
 43
10.26134082863112
 71
     2
 72
     1
 44
31.85280835853695
 45
18.96351666708113
 73
     0
 74
     0
 46
0.0
  0
MTEXT
  5
3FB
330
1F
100
AcDbEntity
  8
0
100
AcDbMText
 10
2030.193652906306
 20
1903.307072166351
 30
0.0
 40
3.792703333416225
 41
16.30782305077203
 46
0.0
 71
     1
 72
     5
  1
{\C0;CT^J50/5 A^J7,5VA^J5VA}
 73
     1
 44
1.0
101
Embedded Object
 70
     1
 10
1.0
 20
0.0
 30
0.0
 11
2030.193652906306
 21
1903.307072166351
 31
0.0
 40
16.30782305077203
 41
0.0
 42
15.10613558241292
 43
22.9502532542533
 71
     2
 72
     1
 44
16.30782305077203
 45
18.96351666708113
 73
     0
 74
     0
 46
0.0
  0
MTEXT
  5
402
330
1F
100
AcDbEntity
  8
0
100
AcDbMText
 10
2070.300060973973
 20
1840.837606733208
 30
0.0
 40
3.792703333416225
 41
24.49475352448821
 46
0.0
 71
     1
 72
     5
  1
{\C0;ES}
 73
     1
 44
1.0
101
Embedded Object
 70
     1
 10
1.0
 20
0.0
 30
0.0
 11
2070.300060973973
 21
1840.837606733208
 31
0.0
 40
24.49475352448821
 41
0.0
 42
6.372052053345268
 43
3.922058835920189
 71
     2
 72
     1
 44
24.49475352448821
 45
18.96351666708113
 73
     0
 74
     0
 46
0.0
  0
LWPOLYLINE
  5
40D
330
1F
100
AcDbEntity
  8
Area_Boundary
370
     9
100
AcDbPolyline
 90
        4
 70
     1
 43
0.0
 10
2003.961184676587
 20
2059.735686150229
 10
2140.967991076306
 20
2059.735686150229
 10
2140.967991076306
 20
1808.85831057555
 10
2003.961184676587
 20
1808.85831057555
  0
LINE
  5
40F
330
1F
100
AcDbEntity
  8
0
100
AcDbLine
 10
1968.576108243186
 20
1847.682095517926
 30
0.0
 11
1968.818862235698
 21
1865.885148347501
 31
0.0
  0
LWPOLYLINE
  5
410
330
1F
100
AcDbEntity
  8
Area_Boundary
370
     9
100
AcDbPolyline
 90
        4
 70
     1
 43
0.0
 10
1928.775115642648
 20
2059.735686150229
 10
2003.961184676587
 20
2059.735686150229
 10
2003.961184676587
 20
1808.85831057555
 10
1928.775115642648
 20
1808.85831057555
  0
MTEXT
  5
41C
330
1F
100
AcDbEntity
  8
0
100
AcDbMText
 10
2010.118029296651
 20
2055.030020767909
 30
0.0
 40
6.570799341885865
 41
42.43677825267445
 46
0.0
 71
     1
 72
     5
  1
{\C0;OUTGOING}
 73
     1
 44
1.0
101
Embedded Object
 70
     1
 10
1.0
 20
0.0
 30
0.0
 11
2010.118029296651
 21
2055.030020767909
 31
0.0
 40
42.43677825267445
 41
0.0
 42
48.95828186317825
 43
6.799387859236601
 71
     2
 72
     1
 44
42.43677825267445
 45
32.85399670942933
 73
     0
 74
     0
 46
0.0
  0
MTEXT
  5
423
330
1F
100
AcDbEntity
  8
0
100
AcDbMText
 10
1939.870622559453
 20
2052.993548376896
 30
0.0
 40
6.570799341885865
 41
42.43677825267445
 46
0.0
 71
     1
 72
     5
  1
{\C0;METERING}
 73
     1
 44
1.0
101
Embedded Object
 70
     1
 10
1.0
 20
0.0
 30
0.0
 11
1939.870622559453
 21
2052.993548376896
 31
0.0
 40
42.43677825267445
 41
0.0
 42
47.19232351344903
 43
6.79490573144541
 71
     2
 72
     1
 44
42.43677825267445
 45
32.85399670942933
 73
     0
 74
     0
 46
0.0
  0
LINE
  5
42C
330
1F
100
AcDbEntity
  8
0
370
    50
100
AcDbLine
 10
1894.9525308194
 20
1948.133828177564
 30
0.0
 11
1897.203946259689
 21
1945.882412737275
 31
0.0
  0
LINE
  5
42D
330
1F
100
AcDbEntity
  8
0
370
    50
100
AcDbLine
 10
1897.203946259689
 20
1948.133828177564
 30
0.0
 11
1894.9525308194
 21
1945.882412737275
 31
0.0
  0
LINE
  5
42E
330
1F
100
AcDbEntity
  8
0
370
    50
100
AcDbLine
 10
1896.078238539543
 20
1939.128166416404
 30
0.0
 11
1893.087843660071
 21
1945.541088930485
 31
0.0
  0
LINE
  5
42F
330
1F
100
AcDbEntity
  8
0
100
AcDbLine
 10
1896.078238539544
 20
1947.008120457419
 30
0.0
 11
1896.078238539544
 21
1964.090437986692
 31
0.0
  0
LINE
  5
430
330
1F
100
AcDbEntity
  8
0
100
AcDbLine
 10
1896.078238539543
 20
1939.579031910645
 30
0.0
 11
1896.078238539543
 21
1818.196347645746
 31
0.0
  0
LINE
  5
431
330
1F
100
AcDbEntity
  8
0
370
    50
100
AcDbLine
 10
1909.760959408694
 20
1851.346347657209
 30
0.0
 11
1912.012374848982
 21
1849.09493221692
 31
0.0
  0
LINE
  5
432
330
1F
100
AcDbEntity
  8
0
370
    50
100
AcDbLine
 10
1909.760959408694
 20
1849.09493221692
 30
0.0
 11
1912.012374848982
 21
1851.346347657209
 31
0.0
  0
LINE
  5
433
330
1F
100
AcDbEntity
  8
0
370
    50
100
AcDbLine
 10
1918.766621169854
 20
1850.220639937066
 30
0.0
 11
1912.353698655773
 21
1853.211034816537
 31
0.0
  0
LINE
  5
434
330
1F
100
AcDbEntity
  8
0
100
AcDbLine
 10
1918.766621169854
 20
1850.220639937066
 30
0.0
 11
1921.485508599758
 21
1850.220639937066
 31
0.0
  0
LINE
  5
435
330
1F
100
AcDbEntity
  8
0
100
AcDbLine
 10
1921.485508599758
 20
1850.220639937066
 30
0.0
 11
1921.485508599758
 21
1836.547636372285
 31
0.0
  0
LWPOLYLINE
  5
436
330
1F
100
AcDbEntity
  8
0
100
AcDbPolyline
 90
        2
 70
     0
 43
0.0
 10
1924.191959296006
 20
1836.52500528233
 10
1918.779057903509
 20
1836.57026746224
  0
LINE
  5
437
330
1F
100
AcDbEntity
  8
0
100
AcDbLine
 10
1920.296448126909
 20
1833.890571522134
 30
0.0
 11
1922.644557387034
 21
1833.890571522134
 31
0.0
  0
LINE
  5
438
330
1F
100
AcDbEntity
  8
0
100
AcDbLine
 10
1919.550344882327
 20
1835.206842213177
 30
0.0
 11
1923.418776009059
 21
1835.206842213177
 31
0.0
  0
LWPOLYLINE
  5
439
330
1F
100
AcDbEntity
  8
0
100
AcDbPolyline
 90
        4
 70
     1
 43
0.0
 10
1857.482848538224
 20
1836.368197035808
 10
1875.358672149246
 20
1836.368197035808
 10
1875.358672149246
 20
1823.634663135818
 10
1857.482848538224
 20
1823.634663135818
  0
LINE
  5
43A
330
1F
100
AcDbEntity
  8
0
100
AcDbLine
 10
1866.420760343736
 20
1836.368197035808
 30
0.0
 11
1866.420760343736
 21
1823.634663135818
 31
0.0
  0
MTEXT
  5
43B
330
1F
100
AcDbEntity
  8
0
100
AcDbMText
 10
1853.593827563296
 20
1832.152288653924
 30
0.0
 40
5.467340309529101
 41
17.90634104736734
 46
0.0
 71
     1
 72
     5
  1
\pxqc;V
 73
     1
 44
1.0
101
Embedded Object
 70
     1
 10
1.0
 20
0.0
 30
0.0
 11
1853.593827563296
 21
1832.152288653924
 31
0.0
 40
17.90634104736734
 41
0.0
 42
5.001161906601996
 43
5.467340309529101
 71
     2
 72
     1
 44
17.90634104736734
 45
27.33670154764551
 73
     0
 74
     0
 46
0.0
  0
MTEXT
  5
43C
330
1F
100
AcDbEntity
  8
0
100
AcDbMText
 10
1862.359136494724
 20
1832.41373033058
 30
0.0
 40
5.467340309529101
 41
17.90634104736734
 46
0.0
 71
     1
 72
     5
  1
\pxqc;D
 73
     1
 44
1.0
101
Embedded Object
 70
     1
 10
1.0
 20
0.0
 30
0.0
 11
1862.359136494724
 21
1832.41373033058
 31
0.0
 40
17.90634104736734
 41
0.0
 42
4.520065794781221
 43
5.467340309529101
 71
     2
 72
     1
 44
17.90634104736734
 45
27.33670154764551
 73
     0
 74
     0
 46
0.0
  0
LINE
  5
43D
330
1F
100
AcDbEntity
  8
0
100
AcDbLine
 10
1866.420760343736
 20
1836.368197035808
 30
0.0
 11
1866.420760343736
 21
1850.220639937064
 31
0.0
  0
LINE
  5
43E
330
1F
100
AcDbEntity
  8
0
100
AcDbLine
 10
1910.886667128838
 20
1850.220639937064
 30
0.0
 11
1866.420760343736
 21
1850.220639937064
 31
0.0
  0
LINE
  5
43F
102
{ACAD_REACTORS
330
442
102
}
330
1F
100
AcDbEntity
  8
0
100
AcDbLine
 10
1896.054756218638
 20
1808.482567010971
 30
0.0
 11
1892.913833842521
 21
1814.051958489396
 31
0.0
  0
LINE
  5
440
102
{ACAD_REACTORS
330
442
102
}
330
1F
100
AcDbEntity
  8
0
100
AcDbLine
 10
1892.913833842521
 20
1814.051958489396
 30
0.0
 11
1899.044183984721
 21
1814.051958489396
 31
0.0
  0
LINE
  5
441
102
{ACAD_REACTORS
330
442
102
}
330
1F
100
AcDbEntity
  8
0
100
AcDbLine
 10
1899.044183984721
 20
1814.051958489396
 30
0.0
 11
1896.054756218638
 21
1808.482567010971
 31
0.0
  0
LINE
  5
443
330
1F
100
AcDbEntity
  8
0
100
AcDbLine
 10
1895.979008913621
 20
1814.051958489396
 30
0.0
 11
1896.078238539543
 21
1818.196347645746
 31
0.0
  0
MTEXT
  5
44A
330
1F
100
AcDbEntity
  8
0
100
AcDbMText
 10
1905.184858967045
 20
1845.92104466536
 30
0.0
 40
3.792703333416225
 41
24.49475352448821
 46
0.0
 71
     1
 72
     5
  1
{\C0;ES}
 73
     1
 44
1.0
101
Embedded Object
 70
     1
 10
1.0
 20
0.0
 30
0.0
 11
1905.184858967045
 21
1845.92104466536
 31
0.0
 40
24.49475352448821
 41
0.0
 42
6.372052053345268
 43
3.922058835920189
 71
     2
 72
     1
 44
24.49475352448821
 45
18.96351666708113
 73
     0
 74
     0
 46
0.0
  0
LWPOLYLINE
  5
44B
330
1F
100
AcDbEntity
  8
Area_Boundary
370
     9
100
AcDbPolyline
 90
        4
 70
     1
 43
0.0
 10
1844.406859142243
 20
2059.735686150229
 10
1928.775115642648
 20
2059.735686150229
 10
1928.775115642648
 20
1808.85831057555
 10
1844.406859142243
 20
1808.85831057555
  0
MTEXT
  5
452
330
1F
100
AcDbEntity
  8
0
100
AcDbMText
 10
1847.942921929385
 20
2055.695351336827
 30
0.0
 40
6.570799341885865
 41
42.43677825267445
 46
0.0
 71
     1
 72
     5
  1
{\C0;INCOMING}
 73
     1
 44
1.0
101
Embedded Object
 70
     1
 10
1.0
 20
0.0
 30
0.0
 11
1847.942921929385
 21
2055.695351336827
 31
0.0
 40
42.43677825267445
 41
0.0
 42
45.4846328250053
 43
6.799387859236601
 71
     2
 72
     1
 44
42.43677825267445
 45
32.85399670942933
 73
     0
 74
     0
 46
0.0
  0
MTEXT
  5
459
330
1F
100
AcDbEntity
  8
0
100
AcDbMText
 10
1828.535930708779
 20
1971.462951325589
 30
0.0
 40
3.792703333416225
 41
84.46424397181093
 46
0.0
 71
     1
 72
     5
  1
{\C0;3 Phase 16 kA 630A 50 Hz 20kV}
 73
     1
 44
1.0
101
Embedded Object
 70
     1
 10
1.0
 20
0.0
 30
0.0
 11
1828.535930708779
 21
1971.462951325589
 31
0.0
 40
84.46424397181093
 41
0.0
 42
76.90702045870678
 43
3.875490855018762
 71
     2
 72
     1
 44
84.46424397181093
 45
18.96351666708113
 73
     0
 74
     0
 46
0.0
  0
LINE
  5
45A
330
1F
100
AcDbEntity
  8
0
100
AcDbLine
 10
1896.054756218638
 20
1808.482567010971
 30
0.0
 11
1896.054756218638
 21
1720.799658731534
 31
0.0
  0
LINE
  5
45B
330
1F
100
AcDbEntity
  8
0
100
AcDbLine
 10
1896.054756218638
 20
1720.799658731534
 30
0.0
 11
1763.056497591063
 21
1720.799658731534
 31
0.0
  0
CIRCLE
  5
45C
330
1F
100
AcDbEntity
  8
0
100
AcDbCircle
 10
2052.891583306003
 20
1649.608842662099
 30
0.0
 40
17.37460387832848
  0
CIRCLE
  5
45D
330
1F
100
AcDbEntity
  8
0
100
AcDbCircle
 10
2052.810435881379
 20
1674.180109112034
 30
0.0
 40
17.37460387832848
  0
LWPOLYLINE
  5
45E
330
1F
100
AcDbEntity
  8
0
100
AcDbPolyline
 90
        3
 70
     1
 43
0.0
 10
2053.130870196298
 20
1682.487671135635
 10
2048.015578855586
 20
1673.627726638022
 10
2058.246161537009
 20
1673.627726638022
  0
LINE
  5
45F
330
1F
100
AcDbEntity
  8
0
100
AcDbLine
 10
2053.075057794426
 20
1652.852317966377
 30
0.0
 11
2053.075057794426
 21
1646.945688301294
 31
0.0
  0
LINE
  5
460
330
1F
100
AcDbEntity
  8
0
100
AcDbLine
 10
2053.075057794426
 20
1646.945688301294
 30
0.0
 11
2047.959766453733
 21
1643.992373468743
 31
0.0
  0
LINE
  5
461
330
1F
100
AcDbEntity
  8
0
100
AcDbLine
 10
2047.959766453733
 20
1643.992373468743
 30
0.0
 11
2053.075057794426
 21
1646.945688301294
 31
0.0
  0
LINE
  5
462
330
1F
100
AcDbEntity
  8
0
100
AcDbLine
 10
2053.075057794426
 20
1646.945688301294
 30
0.0
 11
2058.190349135138
 21
1643.992373468743
 31
0.0
  0
LWPOLYLINE
  5
464
330
1F
100
AcDbEntity
  8
0
100
AcDbPolyline
 90
        2
 70
     0
 43
0.0
 10
2098.326921465945
 20
1629.761180647848
 10
2086.861446396566
 20
1629.857053888041
  0
LINE
  5
465
330
1F
100
AcDbEntity
  8
0
100
AcDbLine
 10
2090.075545179343
 20
1624.180987622104
 30
0.0
 11
2095.04925266632
 21
1624.180987622104
 31
0.0
  0
LINE
  5
466
330
1F
100
AcDbEntity
  8
0
100
AcDbLine
 10
2088.49516757228
 20
1626.96907994051
 30
0.0
 11
2096.689183576827
 21
1626.96907994051
 31
0.0
  0
LINE
  5
467
330
1F
100
AcDbEntity
  8
0
100
AcDbLine
 10
2065.200881646323
 20
1661.956658017507
 30
0.0
 11
2092.594183931296
 21
1661.95665801751
 31
0.0
  0
LINE
  5
46B
330
1F
100
AcDbEntity
  8
0
100
AcDbLine
 10
2092.57879985254
 20
1629.809245908185
 30
0.0
 11
2092.594183931296
 21
1661.95665801751
 31
0.0
  0
LWPOLYLINE
  5
46F
330
1F
100
AcDbEntity
  8
0
100
AcDbPolyline
 90
        2
 70
     0
 43
0.0
 10
2063.847012440612
 20
1639.83428660731
 10
2058.457427766441
 20
1639.879353814982
  0
LINE
  5
470
330
1F
100
AcDbEntity
  8
0
100
AcDbLine
 10
2059.96828165048
 20
1637.211200984735
 30
0.0
 11
2062.306276149916
 21
1637.211200984735
 31
0.0
  0
LINE
  5
471
330
1F
100
AcDbEntity
  8
0
100
AcDbLine
 10
2059.225392334608
 20
1638.521801682789
 30
0.0
 11
2063.077159732888
 21
1638.521801682789
 31
0.0
  0
LINE
  5
472
330
1F
100
AcDbEntity
  8
0
100
AcDbLine
 10
2061.152220103526
 20
1639.856820211146
 30
0.0
 11
2061.152220103526
 21
1647.049577302051
 31
0.0
  0
LINE
  5
473
330
1F
100
AcDbEntity
  8
0
100
AcDbLine
 10
2053.075057794426
 20
1646.945688301294
 30
0.0
 11
2061.152220103526
 21
1646.945688301294
 31
0.0
  0
LINE
  5
474
330
1F
100
AcDbEntity
  8
0
100
AcDbLine
 10
2061.152220103526
 20
1643.453198756598
 30
0.0
 11
2057.092997216264
 21
1639.768794576102
 31
0.0
  0
LINE
  5
475
330
1F
100
AcDbEntity
  8
0
100
AcDbLine
 10
2057.092997216264
 20
1639.768794576102
 30
0.0
 11
1992.565728366164
 21
1639.768794576102
 31
0.0
  0
MTEXT
  5
47C
330
1F
100
AcDbEntity
  8
0
100
AcDbMText
 10
1989.899031578169
 20
1644.776462072264
 30
0.0
 40
3.792703333416225
 41
42.20091130833664
 46
0.0
 71
     1
 72
     5
  1
{\C0;NYA 1x95 mm^ 2}
 73
     1
 44
1.0
101
Embedded Object
 70
     1
 10
1.0
 20
0.0
 30
0.0
 11
1989.899031578169
 21
1644.776462072264
 31
0.0
 40
42.20091130833664
 41
0.0
 42
38.90496093309222
 43
3.872903744968683
 71
     2
 72
     1
 44
42.20091130833664
 45
18.96351666708113
 73
     0
 74
     0
 46
0.0
  0
LINE
  5
47E
330
1F
100
AcDbEntity
  8
0
100
AcDbLine
 10
2012.819187527736
 20
1695.721824865024
 30
0.0
 11
2012.819187527736
 21
1661.612134264612
 31
0.0
  0
LINE
  5
47F
330
1F
100
AcDbEntity
  8
0
100
AcDbLine
 10
2053.4801007503
 20
1809.425898451736
 30
0.0
 11
2053.4801007503
 21
1713.764634091588
 31
0.0
  0
LWPOLYLINE
  5
487
330
1F
100
AcDbEntity
  8
0
100
AcDbPolyline
 90
        4
 70
     1
 43
0.0
 10
2009.484607701263
 20
1711.481934317636
 10
2016.333293318393
 20
1711.481934317636
 10
2016.333293318393
 20
1695.721824865024
 10
2009.484607701263
 20
1695.721824865024
  0
LINE
  5
488
330
1F
100
AcDbEntity
  8
0
100
AcDbLine
 10
2040.613881081743
 20
1661.612134264612
 30
0.0
 11
2012.819187527736
 21
1661.612134264612
 31
0.0
  0
MTEXT
  5
48F
330
1F
100
AcDbEntity
  8
0
100
AcDbMText
 10
1994.812404424189
 20
1707.694052731808
 30
0.0
 40
5.945780760951763
 41
38.40016511889258
 46
0.0
 71
     1
 72
     5
  1
{\C0;TR}
 73
     1
 44
1.0
101
Embedded Object
 70
     1
 10
1.0
 20
0.0
 30
0.0
 11
1994.812404424189
 21
1707.694052731808
 31
0.0
 40
38.40016511889258
 41
0.0
 42
10.77216487113771
 43
5.945780760951764
 71
     2
 72
     1
 44
38.40016511889258
 45
29.72890380475882
 73
     0
 74
     0
 46
0.0
  0
MTEXT
  5
496
330
1F
100
AcDbEntity
  8
0
100
AcDbMText
 10
2006.296755276642
 20
1736.071374632569
 30
0.0
 40
3.792703333416225
 41
50.90897091072784
 46
0.0
 71
     1
 72
     5
  1
{\C0;N2X2Y 2x2,5 mm^ 2}
 11
0.0000000000000001
 21
1.0
 31
0.0
 73
     1
 44
1.0
101
Embedded Object
 70
     1
 10
0.0000000000000001
 20
1.0
 30
0.0
 11
2006.296755276642
 21
1736.071374632569
 31
0.0
 40
50.90897091072784
 41
0.0
 42
46.27046324566793
 43
4.558487908239692
 71
     2
 72
     1
 44
50.90897091072784
 45
18.96351666708113
 73
     0
 74
     0
 46
0.0
  0
MTEXT
  5
49D
330
1F
100
AcDbEntity
  8
0
100
AcDbMText
 10
2014.881035039234
 20
1712.312019347161
 30
0.0
 40
3.792703333416225
 41
109.9716478834069
 46
0.0
 71
     1
 72
     5
  1
\pxi-3,l5,t5;{\C0;(0)PE CONDUIT 1 Phase 20 mm}
 11
0.0000000000000001
 21
1.0
 31
0.0
 73
     1
 44
1.0
101
Embedded Object
 70
     1
 10
0.0000000000000001
 20
1.0
 30
0.0
 11
2014.881035039234
 21
1712.312019347161
 31
0.0
 40
109.9716478834069
 41
0.0
 42
77.06742128181168
 43
4.975012626302456
 71
     2
 72
     1
 44
109.9716478834069
 45
18.96351666708113
 73
     0
 74
     0
 46
4.975012626302458
  0
MTEXT
  5
4A4
330
1F
100
AcDbEntity
  8
0
100
AcDbMText
 10
2047.901095441051
 20
1728.320620919819
 30
0.0
 40
3.792703333416225
 41
62.28679749986135
 46
0.0
 71
     1
 72
     5
  1
{\C0;3x (N2X2Y 1x50 mm^ 2)}
 11
0.0000000000000001
 21
1.0
 31
0.0
 73
     1
 44
1.0
101
Embedded Object
 70
     1
 10
0.0000000000000001
 20
1.0
 30
0.0
 11
2047.901095441051
 21
1728.320620919819
 31
0.0
 40
62.28679749986135
 41
0.0
 42
55.6642598375058
 43
4.972425516252377
 71
     2
 72
     1
 44
62.28679749986135
 45
18.96351666708113
 73
     0
 74
     0
 46
0.0
  0
MTEXT
  5
4AB
330
1F
100
AcDbEntity
  8
0
100
AcDbMText
 10
2055.151151036044
 20
1721.086794509581
 30
0.0
 40
3.792703333416225
 41
81.40156355690438
 46
0.0
 71
     1
 72
     5
  1
{\C0;(MV CABLE SINGLE CORE)}
 11
0.0000000000000001
 21
1.0
 31
0.0
 73
     1
 44
1.0
101
Embedded Object
 70
     1
 10
0.0000000000000001
 20
1.0
 30
0.0
 11
2055.151151036044
 21
1721.086794509581
 31
0.0
 40
81.40156355690438
 41
0.0
 42
67.49770120656844
 43
4.975012626302456
 71
     2
 72
     1
 44
81.40156355690438
 45
18.96351666708113
 73
     0
 74
     0
 46
0.0
  0
LINE
  5
4AC
330
1F
100
AcDbEntity
  8
0
100
AcDbLine
 10
2053.4801007503
 20
1713.764634091588
 30
0.0
 11
2053.4801007503
 21
1691.541802833909
 31
0.0
  0
MTEXT
  5
4B3
330
1F
100
AcDbEntity
  8
0
100
AcDbMText
 10
2060.716956988774
 20
1703.591701386595
 30
0.0
 40
3.792703333416225
 41
45.91154105336875
 46
0.0
 71
     1
 72
     5
  1
\pxqc;{\C0;TRANSFORMER^JOIL TYPE\P20 kV/380V^J500kVA ^J3 Phase^Jdyn5}
 73
     1
 44
1.0
101
Embedded Object
 70
     1
 10
1.0
 20
0.0
 30
0.0
 11
2060.716956988774
 21
1703.591701386595
 31
0.0
 40
45.91154105336875
 41
0.0
 42
40.72369929829796
 43
36.74386167125933
 71
     2
 72
     1
 44
45.91154105336875
 45
18.96351666708113
 73
     0
 74
     0
 46
0.0
  0
HATCH
  5
4C9
330
1F
100
AcDbEntity
  8
0
100
AcDbHatch
 10
0.0
 20
0.0
 30
0.0
210
0.0
220
0.0
230
1.0
  2
SOLID
 70
     1
 71
     0
 91
        1
 92
        1
 93
        4
 72
     1
 10
1757.44135275086
 20
1457.872607731932
 11
2216.319855995802
 21
1457.872607731932
 72
     1
 10
2216.319855995802
 20
1457.872607731932
 11
2216.319855995802
 21
1458.791979369099
 72
     1
 10
2216.319855995802
 20
1458.791979369099
 11
1757.44135275086
 21
1460.715113575738
 72
     1
 10
1757.44135275086
 20
1460.715113575738
 11
1757.44135275086
 21
1457.872607731932
 97
        0
 75
     1
 76
     1
 98
        1
 10
1855.76572329519
 20
1458.058541052512
450
        0
451
        0
460
0.0
461
0.0
452
        0
462
0.0
453
        2
463
0.0
 63
     5
421
      255
463
1.0
 63
     2
421
 16776960
470
LINEAR
1001
GradientColor1ACI
1070
     5
1001
GradientColor2ACI
1070
     2
1001
ACAD
1010
0.0
1020
0.0
1030
0.0
  0
CIRCLE
  5
4CA
330
1F
100
AcDbEntity
  8
0
100
AcDbCircle
 10
1785.05808700502
 20
1401.697947750389
 30
0.0
 40
6.749423001290658
  0
MTEXT
  5
4CB
330
1F
100
AcDbEntity
  8
0
100
AcDbMText
 10
1779.629637920624
 20
1403.789355540886
 30
0.0
 40
3.329083633277356
 41
10.90323695577813
 46
0.0
 71
     1
 72
     5
  1
\pxqc;H
 73
     1
 44
1.0
101
Embedded Object
 70
     1
 10
1.0
 20
0.0
 30
0.0
 11
1779.629637920624
 21
1403.789355540886
 31
0.0
 40
10.90323695577813
 41
0.0
 42
2.61149125393517
 43
3.329083633277356
 71
     2
 72
     1
 44
10.90323695577813
 45
16.64541816638677
 73
     0
 74
     0
 46
0.0
  0
LINE
  5
4CD
330
1F
100
AcDbEntity
  8
0
370
    50
100
AcDbLine
 10
1799.392543827289
 20
1409.735880355176
 30
0.0
 11
1815.121252189737
 21
1394.007171992724
 31
0.0
  0
LINE
  5
4CE
330
1F
100
AcDbEntity
  8
0
370
    50
100
AcDbLine
 10
1815.121252189737
 20
1409.735880355176
 30
0.0
 11
1799.392543827289
 21
1394.007171992724
 31
0.0
  0
LINE
  5
4CF
330
1F
100
AcDbEntity
  8
0
100
AcDbLine
 10
1791.106732196537
 20
1404.476412701027
 30
0.0
 11
1804.651055687932
 21
1404.476412701027
 31
0.0
  0
LINE
  5
4D1
330
1F
100
AcDbEntity
  8
0
100
AcDbLine
 10
1804.916370055497
 20
1399.59986094655
 30
0.0
 11
1791.444269713609
 21
1399.59986094655
 31
0.0
  0
LINE
  5
4D2
330
1F
100
AcDbEntity
  8
0
100
AcDbLine
 10
1807.256898008513
 20
1412.009990000979
 30
0.0
 11
1807.256898008513
 21
1430.58583174887
 31
0.0
  0
LINE
  5
4D3
330
1F
100
AcDbEntity
  8
0
100
AcDbLine
 10
1807.256898008513
 20
1423.190128645495
 30
0.0
 11
1809.07538549805
 21
1420.811065213932
 31
0.0
  0
LINE
  5
4D4
330
1F
100
AcDbEntity
  8
0
100
AcDbLine
 10
1809.07538549805
 20
1420.811065213932
 30
0.0
 11
1807.256898008513
 21
1423.190128645495
 31
0.0
  0
LINE
  5
4D5
330
1F
100
AcDbEntity
  8
0
100
AcDbLine
 10
1807.256898008513
 20
1423.190128645495
 30
0.0
 11
1805.274904052655
 21
1420.641132673061
 31
0.0
  0
LINE
  5
4D6
330
1F
100
AcDbEntity
  8
0
100
AcDbLine
 10
1809.07538549805
 20
1417.074933321734
 30
0.0
 11
1807.256898008513
 21
1419.453996753296
 31
0.0
  0
LINE
  5
4D7
330
1F
100
AcDbEntity
  8
0
100
AcDbLine
 10
1807.256898008513
 20
1419.453996753296
 30
0.0
 11
1805.274904052655
 21
1416.905000780863
 31
0.0
  0
LINE
  5
4D8
330
1F
100
AcDbEntity
  8
0
100
AcDbLine
 10
1809.07538549805
 20
1388.229806019211
 30
0.0
 11
1807.256898008513
 21
1385.850742587649
 31
0.0
  0
LINE
  5
4D9
330
1F
100
AcDbEntity
  8
0
100
AcDbLine
 10
1807.256898008513
 20
1385.850742587649
 30
0.0
 11
1805.274904052655
 21
1388.399738560082
 31
0.0
  0
LINE
  5
4DA
330
1F
100
AcDbEntity
  8
0
100
AcDbLine
 10
1807.256898008513
 20
1392.667797423122
 30
0.0
 11
1807.256898008513
 21
1379.414547274673
 31
0.0
  0
LINE
  5
4DB
330
1F
100
AcDbEntity
  8
0
100
AcDbLine
 10
1809.07538549805
 20
1384.41256549423
 30
0.0
 11
1807.256898008513
 21
1382.033502062668
 31
0.0
  0
LINE
  5
4DC
330
1F
100
AcDbEntity
  8
0
100
AcDbLine
 10
1807.256898008513
 20
1382.033502062668
 30
0.0
 11
1805.274904052655
 21
1384.582498035102
 31
0.0
  0
CIRCLE
  5
4DD
330
1F
100
AcDbEntity
  8
0
100
AcDbCircle
 10
1807.256898008513
 20
1392.667797423122
 30
0.0
 40
0.7062453641275325
  0
CIRCLE
  5
4DE
330
1F
100
AcDbEntity
  8
0
100
AcDbCircle
 10
1807.256898008513
 20
1412.009990000979
 30
0.0
 40
0.7062453641275325
  0
CIRCLE
  5
4E7
102
{ACAD_REACTORS
330
4EB
102
}
330
1F
100
AcDbEntity
  8
0
100
AcDbCircle
 10
1807.256898008513
 20
1334.531657756686
 30
0.0
 40
3.084219181265164
  0
LINE
  5
4E8
102
{ACAD_REACTORS
330
4EB
102
}
330
1F
100
AcDbEntity
  8
0
100
AcDbLine
 10
1809.652487558312
 20
1336.474222727794
 30
0.0
 11
1811.902757807396
 21
1338.298949405935
 31
0.0
  0
LINE
  5
4E9
102
{ACAD_REACTORS
330
4EB
102
}
330
1F
100
AcDbEntity
  8
0
100
AcDbLine
 10
1809.551370753278
 20
1332.470637916507
 30
0.0
 11
1812.006067338963
 21
1331.086563339713
 31
0.0
  0
LINE
  5
4EA
102
{ACAD_REACTORS
330
4EB
102
}
330
1F
100
AcDbEntity
  8
0
100
AcDbLine
 10
1810.341117189778
 20
1334.531657756686
 30
0.0
 11
1814.032649177563
 21
1334.531657756686
 31
0.0
  0
LWPOLYLINE
  5
4EC
102
{ACAD_REACTORS
330
4F1
102
}
330
1F
100
AcDbEntity
  8
0
100
AcDbPolyline
 90
        4
 70
     1
 43
0.0
 10
1830.841947751269
 20
1317.916692773749
 10
1830.841947751269
 20
1312.486926897078
 10
1817.278381267821
 20
1312.486926897078
 10
1817.278381267821
 20
1317.916692773749
  0
LINE
  5
4ED
102
{ACAD_REACTORS
330
4F1
102
}
330
1F
100
AcDbEntity
  8
0
100
AcDbLine
 10
1828.781620792181
 20
1317.946149236493
 30
0.0
 11
1828.781620792181
 21
1312.516383359823
 31
0.0
  0
LINE
  5
4EE
102
{ACAD_REACTORS
330
4F1
102
}
330
1F
100
AcDbEntity
  8
0
100
AcDbLine
 10
1819.245249330613
 20
1317.916692773749
 30
0.0
 11
1819.245249330613
 21
1312.486926897078
 31
0.0
  0
LINE
  5
4EF
102
{ACAD_REACTORS
330
4F1
102
}
330
1F
100
AcDbEntity
  8
0
100
AcDbLine
 10
1830.841947751269
 20
1315.201809835413
 30
0.0
 11
1833.733067375199
 21
1315.201809835413
 31
0.0
  0
LINE
  5
4F0
102
{ACAD_REACTORS
330
4F1
102
}
330
1F
100
AcDbEntity
  8
0
100
AcDbLine
 10
1817.278381267821
 20
1315.201809835413
 30
0.0
 11
1814.529527603427
 21
1315.201809835413
 31
0.0
  0
LINE
  5
4F2
330
1F
100
AcDbEntity
  8
0
100
AcDbLine
 10
1807.256898008513
 20
1379.414547274673
 30
0.0
 11
1807.256898008513
 21
1189.385071963776
 31
0.0
  0
LINE
  5
4F3
330
1F
100
AcDbEntity
  8
0
100
AcDbLine
 10
1814.529527603427
 20
1315.201809835413
 30
0.0
 11
1807.256898008513
 21
1315.201809835413
 31
0.0
  0
LWPOLYLINE
  5
4F4
330
1F
100
AcDbEntity
  8
0
100
AcDbPolyline
 90
        4
 70
     1
 43
0.0
 10
1820.422876520282
 20
1356.347828468646
 10
1841.023893196692
 20
1356.347828468646
 10
1841.023893196692
 20
1341.673050403507
 10
1820.422876520282
 20
1341.673050403507
  0
MTEXT
  5
4F5
330
1F
100
AcDbEntity
  8
0
100
AcDbMText
 10
1822.221546430139
 20
1352.117449140739
 30
0.0
 40
5.467340309529101
 41
17.90634104736734
 46
0.0
 71
     1
 72
     5
  1
\pxqc;MM
 73
     1
 44
1.0
101
Embedded Object
 70
     1
 10
1.0
 20
0.0
 30
0.0
 11
1822.221546430139
 21
1352.117449140739
 31
0.0
 40
17.90634104736734
 41
0.0
 42
11.57987152870932
 43
5.467340309529101
 71
     2
 72
     1
 44
17.90634104736734
 45
27.33670154764551
 73
     0
 74
     0
 46
0.0
  0
LINE
  5
4F6
330
1F
100
AcDbEntity
  8
0
100
AcDbLine
 10
1833.733067375199
 20
1315.201809835413
 30
0.0
 11
1835.037098442378
 21
1315.201809835413
 31
0.0
  0
LINE
  5
4F7
330
1F
100
AcDbEntity
  8
0
100
AcDbLine
 10
1835.037098442378
 20
1315.201809835413
 30
0.0
 11
1835.037098442378
 21
1341.673050403507
 31
0.0
  0
LINE
  5
4F8
330
1F
100
AcDbEntity
  8
0
100
AcDbLine
 10
1814.032649177563
 20
1334.531657756686
 30
0.0
 11
1825.110781968124
 21
1334.531657756686
 31
0.0
  0
LINE
  5
4F9
330
1F
100
AcDbEntity
  8
0
100
AcDbLine
 10
1825.110781968124
 20
1334.531657756686
 30
0.0
 11
1825.110781968124
 21
1341.673050403507
 31
0.0
  0
CIRCLE
  5
501
330
1F
100
AcDbEntity
  8
0
100
AcDbCircle
 10
1820.097378390162
 20
1373.222120604194
 30
0.0
 40
1.433299957529925
  0
HATCH
  5
50A
330
1F
100
AcDbEntity
  8
0
100
AcDbHatch
 10
0.0
 20
0.0
 30
0.0
210
0.0
220
0.0
230
1.0
  2
SOLID
 70
     1
 71
     0
 91
        1
 92
        7
 72
     1
 73
     1
 93
        2
 10
1821.530678347692
 20
1373.222120604194
 42
1.0
 10
1818.664078432632
 20
1373.222120604194
 42
1.0
 97
        0
 75
     1
 76
     1
 47
0.0618727635981666
 98
        1
 10
1820.569390854036
 20
1373.025536961214
450
        0
451
        0
460
0.0
461
0.0
452
        0
462
0.0
453
        2
463
0.0
 63
     5
421
      255
463
1.0
 63
     2
421
 16776960
470
LINEAR
1001
GradientColor1ACI
1070
     5
1001
GradientColor2ACI
1070
     2
1001
ACAD
1010
0.0
1020
0.0
1030
0.0
  0
HATCH
  5
50B
330
1F
100
AcDbEntity
  8
0
100
AcDbHatch
 10
0.0
 20
0.0
 30
0.0
210
0.0
220
0.0
230
1.0
  2
SOLID
 70
     1
 71
     0
 91
        1
 92
        7
 72
     1
 73
     1
 93
        2
 10
1842.491777916168
 20
1373.222120604194
 42
1.0
 10
1839.625178001108
 20
1373.222120604194
 42
1.0
 97
        0
 75
     1
 76
     1
 47
0.0618727635981666
 98
        1
 10
1841.530490422512
 20
1373.025536961214
450
        0
451
        0
460
0.0
461
0.0
452
        0
462
0.0
453
        2
463
0.0
 63
     5
421
      255
463
1.0
 63
     2
421
 16776960
470
LINEAR
1001
GradientColor1ACI
1070
     5
1001
GradientColor2ACI
1070
     2
1001
ACAD
1010
0.0
1020
0.0
1030
0.0
  0
CIRCLE
  5
50C
330
1F
100
AcDbEntity
  8
0
100
AcDbCircle
 10
1841.058477958639
 20
1373.222120604194
 30
0.0
 40
1.433299957529925
  0
HATCH
  5
50D
330
1F
100
AcDbEntity
  8
0
100
AcDbHatch
 10
0.0
 20
0.0
 30
0.0
210
0.0
220
0.0
230
1.0
  2
SOLID
 70
     1
 71
     0
 91
        1
 92
        7
 72
     1
 73
     1
 93
        2
 10
1831.496590442487
 20
1373.222120604194
 42
1.0
 10
1828.629990527427
 20
1373.222120604194
 42
1.0
 97
        0
 75
     1
 76
     1
 47
0.0618727635981666
 98
        1
 10
1830.535302948831
 20
1373.025536961214
450
        0
451
        0
460
0.0
461
0.0
452
        0
462
0.0
453
        2
463
0.0
 63
     5
421
      255
463
1.0
 63
     2
421
 16776960
470
LINEAR
1001
GradientColor1ACI
1070
     5
1001
GradientColor2ACI
1070
     2
1001
ACAD
1010
0.0
1020
0.0
1030
0.0
  0
CIRCLE
  5
50E
330
1F
100
AcDbEntity
  8
0
100
AcDbCircle
 10
1830.063290484957
 20
1373.222120604194
 30
0.0
 40
1.433299957529925
  0
MTEXT
  5
516
330
1F
100
AcDbEntity
  8
0
100
AcDbMText
 10
1811.136412628636
 20
1384.00726354092
 30
0.0
 40
5.467340309529101
 41
17.90634104736734
 46
0.0
 71
     1
 72
     5
  1
\pxqc;R
 73
     1
 44
1.0
101
Embedded Object
 70
     1
 10
1.0
 20
0.0
 30
0.0
 11
1811.136412628636
 21
1384.00726354092
 31
0.0
 40
17.90634104736734
 41
0.0
 42
4.818419972654569
 43
5.467340309529101
 71
     2
 72
     1
 44
17.90634104736734
 45
27.33670154764551
 73
     0
 74
     0
 46
0.0
  0
MTEXT
  5
51E
330
1F
100
AcDbEntity
  8
0
100
AcDbMText
 10
1821.012964547202
 20
1383.887717380355
 30
0.0
 40
5.467340309529101
 41
17.90634104736734
 46
0.0
 71
     1
 72
     5
  1
\pxqc;S
 73
     1
 44
1.0
101
Embedded Object
 70
     1
 10
1.0
 20
0.0
 30
0.0
 11
1821.012964547202
 21
1383.887717380355
 31
0.0
 40
17.90634104736734
 41
0.0
 42
4.352241569727463
 43
5.653811670699944
 71
     2
 72
     1
 44
17.90634104736734
 45
27.33670154764551
 73
     0
 74
     0
 46
0.0
  0
MTEXT
  5
526
330
1F
100
AcDbEntity
  8
0
100
AcDbMText
 10
1831.993931453562
 20
1383.962931490405
 30
0.0
 40
5.467340309529101
 41
17.90634104736734
 46
0.0
 71
     1
 72
     5
  1
\pxqc;T
 73
     1
 44
1.0
101
Embedded Object
 70
     1
 10
1.0
 20
0.0
 30
0.0
 11
1831.993931453562
 21
1383.962931490405
 31
0.0
 40
17.90634104736734
 41
0.0
 42
4.33359443361038
 43
5.467340309529101
 71
     2
 72
     1
 44
17.90634104736734
 45
27.33670154764551
 73
     0
 74
     0
 46
0.0
  0
LINE
  5
527
330
1F
100
AcDbEntity
  8
0
100
AcDbLine
 10
1807.256898008513
 20
1430.58583174887
 30
0.0
 11
1807.256898008513
 21
1457.957383384134
 31
0.0
  0
LINE
  5
528
330
1F
100
AcDbEntity
  8
0
100
AcDbLine
 10
1807.256898008513
 20
1401.87152617395
 30
0.0
 11
1861.297108932525
 21
1401.87152617395
 31
0.0
  0
LINE
  5
529
330
1F
100
AcDbEntity
  8
0
100
AcDbLine
 10
1863.128130359493
 20
1405.012230198778
 30
0.0
 11
1859.987207983375
 21
1399.442838720353
 31
0.0
  0
LINE
  5
52A
330
1F
100
AcDbEntity
  8
0
100
AcDbLine
 10
1859.987207983375
 20
1399.442838720353
 30
0.0
 11
1866.117558125576
 21
1399.442838720353
 31
0.0
  0
LINE
  5
52B
330
1F
100
AcDbEntity
  8
0
100
AcDbLine
 10
1866.117558125576
 20
1399.442838720353
 30
0.0
 11
1863.128130359493
 21
1405.012230198778
 31
0.0
  0
LINE
  5
52C
330
1F
100
AcDbEntity
  8
0
100
AcDbLine
 10
1863.128130359493
 20
1405.012230198778
 30
0.0
 11
1863.128130359493
 21
1455.707135058706
 31
0.0
  0
LINE
  5
531
330
1F
100
AcDbEntity
  8
0
100
AcDbLine
 10
1785.05808700502
 20
1408.44737075168
 30
0.0
 11
1785.05808700502
 21
1455.707135058706
 31
0.0
  0
LINE
  5
532
330
1F
100
AcDbEntity
  8
0
100
AcDbLine
 10
1785.05808700502
 20
1485.119307452561
 30
0.0
 11
1863.128130359493
 21
1485.119307452561
 31
0.0
  0
LWPOLYLINE
  5
533
330
1F
100
AcDbEntity
  8
0
100
AcDbPolyline
 90
        4
 70
     1
 43
0.0
 10
1843.538973664098
 20
1434.941451782241
 10
1882.929489942761
 20
1434.941451782241
 10
1882.929489942761
 20
1421.942158631355
 10
1843.538973664098
 20
1421.942158631355
  0
MTEXT
  5
53B
330
1F
100
AcDbEntity
  8
0
100
AcDbMText
 10
1843.963355468005
 20
1431.181464291713
 30
0.0
 40
5.467340309529101
 41
38.64912464285171
 46
0.0
 71
     1
 72
     5
  1
\pxqc;ATS / AMF
 73
     1
 44
1.0
101
Embedded Object
 70
     1
 10
1.0
 20
0.0
 30
0.0
 11
1843.963355468005
 21
1431.181464291713
 31
0.0
 40
38.64912464285171
 41
0.0
 42
36.99218862907173
 43
5.653811670699944
 71
     2
 72
     1
 44
38.64912464285171
 45
27.33670154764551
 73
     0
 74
     0
 46
0.0
  0
MTEXT
  5
54A
330
1F
100
AcDbEntity
  8
0
100
AcDbMText
 10
1844.250061481528
 20
1414.926801861574
 30
0.0
 40
5.467340309529101
 41
38.64912464285171
 46
0.0
 71
     1
 72
     5
  1
\pxqc;INTERCLOCK
 73
     1
 44
1.0
101
Embedded Object
 70
     1
 10
1.0
 20
0.0
 30
0.0
 11
1844.250061481528
 21
1414.926801861574
 31
0.0
 40
38.64912464285171
 41
0.0
 42
48.50120104053614
 43
5.657541097923361
 71
     2
 72
     1
 44
38.64912464285171
 45
27.33670154764551
 73
     0
 74
     0
 46
0.0
  0
LWPOLYLINE
  5
54B
330
1F
100
AcDbEntity
  8
Area_Boundary
370
     9
100
AcDbPolyline
 90
        4
 70
     1
 43
0.0
 10
1763.966726822368
 20
1553.815924197754
 10
1900.973533222088
 20
1553.815924197754
 10
1900.973533222088
 20
1302.938548623074
 10
1763.966726822368
 20
1302.938548623074
  0
LINE
  5
54C
330
1F
100
AcDbEntity
  8
0
100
AcDbLine
 10
1863.128130359493
 20
1485.119307452561
 30
0.0
 11
1919.387599592887
 21
1485.119307452561
 31
0.0
  0
CIRCLE
  5
54D
330
1F
100
AcDbEntity
  8
0
100
AcDbCircle
 10
1919.387599592887
 20
1401.697947750389
 30
0.0
 40
6.749423001290658
  0
MTEXT
  5
54E
330
1F
100
AcDbEntity
  8
0
100
AcDbMText
 10
1913.959150508491
 20
1403.789355540886
 30
0.0
 40
3.329083633277356
 41
10.90323695577813
 46
0.0
 71
     1
 72
     5
  1
\pxqc;H
 73
     1
 44
1.0
101
Embedded Object
 70
     1
 10
1.0
 20
0.0
 30
0.0
 11
1913.959150508491
 21
1403.789355540886
 31
0.0
 40
10.90323695577813
 41
0.0
 42
2.61149125393517
 43
3.329083633277356
 71
     2
 72
     1
 44
10.90323695577813
 45
16.64541816638677
 73
     0
 74
     0
 46
0.0
  0
LINE
  5
54F
330
1F
100
AcDbEntity
  8
0
370
    50
100
AcDbLine
 10
1933.722056415156
 20
1409.735880355176
 30
0.0
 11
1949.450764777603
 21
1394.007171992724
 31
0.0
  0
LINE
  5
550
330
1F
100
AcDbEntity
  8
0
370
    50
100
AcDbLine
 10
1949.450764777603
 20
1409.735880355176
 30
0.0
 11
1933.722056415156
 21
1394.007171992724
 31
0.0
  0
LINE
  5
551
330
1F
100
AcDbEntity
  8
0
100
AcDbLine
 10
1925.436244784403
 20
1404.476412701027
 30
0.0
 11
1938.980568275798
 21
1404.476412701027
 31
0.0
  0
LINE
  5
552
330
1F
100
AcDbEntity
  8
0
100
AcDbLine
 10
1939.245882643364
 20
1399.59986094655
 30
0.0
 11
1925.773782301476
 21
1399.59986094655
 31
0.0
  0
LINE
  5
553
330
1F
100
AcDbEntity
  8
0
100
AcDbLine
 10
1941.58641059638
 20
1412.009990000979
 30
0.0
 11
1941.58641059638
 21
1430.58583174887
 31
0.0
  0
LINE
  5
554
330
1F
100
AcDbEntity
  8
0
100
AcDbLine
 10
1941.58641059638
 20
1423.190128645495
 30
0.0
 11
1943.404898085917
 21
1420.811065213932
 31
0.0
  0
LINE
  5
555
330
1F
100
AcDbEntity
  8
0
100
AcDbLine
 10
1943.404898085917
 20
1420.811065213932
 30
0.0
 11
1941.58641059638
 21
1423.190128645495
 31
0.0
  0
LINE
  5
556
330
1F
100
AcDbEntity
  8
0
100
AcDbLine
 10
1941.58641059638
 20
1423.190128645495
 30
0.0
 11
1939.604416640522
 21
1420.641132673061
 31
0.0
  0
LINE
  5
557
330
1F
100
AcDbEntity
  8
0
100
AcDbLine
 10
1943.404898085917
 20
1417.074933321734
 30
0.0
 11
1941.58641059638
 21
1419.453996753296
 31
0.0
  0
LINE
  5
558
330
1F
100
AcDbEntity
  8
0
100
AcDbLine
 10
1941.58641059638
 20
1419.453996753296
 30
0.0
 11
1939.604416640522
 21
1416.905000780863
 31
0.0
  0
LINE
  5
559
330
1F
100
AcDbEntity
  8
0
100
AcDbLine
 10
1943.404898085917
 20
1388.229806019211
 30
0.0
 11
1941.58641059638
 21
1385.850742587649
 31
0.0
  0
LINE
  5
55A
330
1F
100
AcDbEntity
  8
0
100
AcDbLine
 10
1941.58641059638
 20
1385.850742587649
 30
0.0
 11
1939.604416640522
 21
1388.399738560082
 31
0.0
  0
LINE
  5
55B
330
1F
100
AcDbEntity
  8
0
100
AcDbLine
 10
1941.58641059638
 20
1392.667797423122
 30
0.0
 11
1941.58641059638
 21
1379.414547274673
 31
0.0
  0
LINE
  5
55C
330
1F
100
AcDbEntity
  8
0
100
AcDbLine
 10
1943.404898085917
 20
1384.41256549423
 30
0.0
 11
1941.58641059638
 21
1382.033502062668
 31
0.0
  0
LINE
  5
55D
330
1F
100
AcDbEntity
  8
0
100
AcDbLine
 10
1941.58641059638
 20
1382.033502062668
 30
0.0
 11
1939.604416640522
 21
1384.582498035102
 31
0.0
  0
CIRCLE
  5
55E
330
1F
100
AcDbEntity
  8
0
100
AcDbCircle
 10
1941.58641059638
 20
1392.667797423122
 30
0.0
 40
0.7062453641275325
  0
CIRCLE
  5
55F
330
1F
100
AcDbEntity
  8
0
100
AcDbCircle
 10
1941.58641059638
 20
1412.009990000979
 30
0.0
 40
0.7062453641275325
  0
CIRCLE
  5
560
102
{ACAD_REACTORS
330
586
102
}
330
1F
100
AcDbEntity
  8
0
100
AcDbCircle
 10
1941.58641059638
 20
1334.531657756686
 30
0.0
 40
3.084219181265164
  0
LINE
  5
561
102
{ACAD_REACTORS
330
586
102
}
330
1F
100
AcDbEntity
  8
0
100
AcDbLine
 10
1943.982000146179
 20
1336.474222727794
 30
0.0
 11
1946.232270395262
 21
1338.298949405935
 31
0.0
  0
LINE
  5
562
102
{ACAD_REACTORS
330
586
102
}
330
1F
100
AcDbEntity
  8
0
100
AcDbLine
 10
1943.880883341144
 20
1332.470637916507
 30
0.0
 11
1946.335579926829
 21
1331.086563339713
 31
0.0
  0
LINE
  5
563
102
{ACAD_REACTORS
330
586
102
}
330
1F
100
AcDbEntity
  8
0
100
AcDbLine
 10
1944.670629777645
 20
1334.531657756686
 30
0.0
 11
1948.36216176543
 21
1334.531657756686
 31
0.0
  0
LWPOLYLINE
  5
564
102
{ACAD_REACTORS
330
587
102
}
330
1F
100
AcDbEntity
  8
0
100
AcDbPolyline
 90
        4
 70
     1
 43
0.0
 10
1965.171460339135
 20
1317.916692773749
 10
1965.171460339135
 20
1312.486926897078
 10
1951.607893855688
 20
1312.486926897078
 10
1951.607893855688
 20
1317.916692773749
  0
LINE
  5
565
102
{ACAD_REACTORS
330
587
102
}
330
1F
100
AcDbEntity
  8
0
100
AcDbLine
 10
1963.111133380047
 20
1317.946149236493
 30
0.0
 11
1963.111133380047
 21
1312.516383359823
 31
0.0
  0
LINE
  5
566
102
{ACAD_REACTORS
330
587
102
}
330
1F
100
AcDbEntity
  8
0
100
AcDbLine
 10
1953.57476191848
 20
1317.916692773749
 30
0.0
 11
1953.57476191848
 21
1312.486926897078
 31
0.0
  0
LINE
  5
567
102
{ACAD_REACTORS
330
587
102
}
330
1F
100
AcDbEntity
  8
0
100
AcDbLine
 10
1965.171460339135
 20
1315.201809835413
 30
0.0
 11
1968.062579963065
 21
1315.201809835413
 31
0.0
  0
LINE
  5
568
102
{ACAD_REACTORS
330
587
102
}
330
1F
100
AcDbEntity
  8
0
100
AcDbLine
 10
1951.607893855688
 20
1315.201809835413
 30
0.0
 11
1948.859040191294
 21
1315.201809835413
 31
0.0
  0
LINE
  5
569
330
1F
100
AcDbEntity
  8
0
100
AcDbLine
 10
1941.58641059638
 20
1379.414547274673
 30
0.0
 11
1941.58641059638
 21
1215.191239397122
 31
0.0
  0
LINE
  5
56A
330
1F
100
AcDbEntity
  8
0
100
AcDbLine
 10
1948.859040191294
 20
1315.201809835413
 30
0.0
 11
1941.58641059638
 21
1315.201809835413
 31
0.0
  0
LWPOLYLINE
  5
56B
330
1F
100
AcDbEntity
  8
0
100
AcDbPolyline
 90
        4
 70
     1
 43
0.0
 10
1954.752389108149
 20
1356.347828468646
 10
1975.353405784559
 20
1356.347828468646
 10
1975.353405784559
 20
1341.673050403507
 10
1954.752389108149
 20
1341.673050403507
  0
MTEXT
  5
56C
330
1F
100
AcDbEntity
  8
0
100
AcDbMText
 10
1956.551059018006
 20
1352.117449140739
 30
0.0
 40
5.467340309529101
 41
17.90634104736734
 46
0.0
 71
     1
 72
     5
  1
\pxqc;MM
 73
     1
 44
1.0
101
Embedded Object
 70
     1
 10
1.0
 20
0.0
 30
0.0
 11
1956.551059018006
 21
1352.117449140739
 31
0.0
 40
17.90634104736734
 41
0.0
 42
11.57987152870932
 43
5.467340309529101
 71
     2
 72
     1
 44
17.90634104736734
 45
27.33670154764551
 73
     0
 74
     0
 46
0.0
  0
LINE
  5
56D
330
1F
100
AcDbEntity
  8
0
100
AcDbLine
 10
1968.062579963065
 20
1315.201809835413
 30
0.0
 11
1969.366611030245
 21
1315.201809835413
 31
0.0
  0
LINE
  5
56E
330
1F
100
AcDbEntity
  8
0
100
AcDbLine
 10
1969.366611030245
 20
1315.201809835413
 30
0.0
 11
1969.366611030245
 21
1341.673050403507
 31
0.0
  0
LINE
  5
56F
330
1F
100
AcDbEntity
  8
0
100
AcDbLine
 10
1948.36216176543
 20
1334.531657756686
 30
0.0
 11
1959.440294555991
 21
1334.531657756686
 31
0.0
  0
LINE
  5
570
330
1F
100
AcDbEntity
  8
0
100
AcDbLine
 10
1959.440294555991
 20
1334.531657756686
 30
0.0
 11
1959.440294555991
 21
1341.673050403507
 31
0.0
  0
HATCH
  5
571
330
1F
100
AcDbEntity
  8
0
100
AcDbHatch
 10
0.0
 20
0.0
 30
0.0
210
0.0
220
0.0
230
1.0
  2
SOLID
 70
     1
 71
     0
 91
        1
 92
        7
 72
     1
 73
     1
 93
        2
 10
1955.860190935559
 20
1373.222120604194
 42
1.0
 10
1952.993591020499
 20
1373.222120604194
 42
1.0
 97
        0
 75
     1
 76
     1
 47
0.0618727635981666
 98
        1
 10
1954.898903441903
 20
1373.025536961214
450
        0
451
        0
460
0.0
461
0.0
452
        0
462
0.0
453
        2
463
0.0
 63
     5
421
      255
463
1.0
 63
     2
421
 16776960
470
LINEAR
1001
GradientColor1ACI
1070
     5
1001
GradientColor2ACI
1070
     2
1001
ACAD
1010
0.0
1020
0.0
1030
0.0
  0
CIRCLE
  5
572
330
1F
100
AcDbEntity
  8
0
100
AcDbCircle
 10
1954.426890978029
 20
1373.222120604194
 30
0.0
 40
1.433299957529925
  0
HATCH
  5
573
330
1F
100
AcDbEntity
  8
0
100
AcDbHatch
 10
0.0
 20
0.0
 30
0.0
210
0.0
220
0.0
230
1.0
  2
SOLID
 70
     1
 71
     0
 91
        1
 92
        7
 72
     1
 73
     1
 93
        2
 10
1976.821290504035
 20
1373.222120604194
 42
1.0
 10
1973.954690588975
 20
1373.222120604194
 42
1.0
 97
        0
 75
     1
 76
     1
 47
0.0618727635981666
 98
        1
 10
1975.860003010379
 20
1373.025536961214
450
        0
451
        0
460
0.0
461
0.0
452
        0
462
0.0
453
        2
463
0.0
 63
     5
421
      255
463
1.0
 63
     2
421
 16776960
470
LINEAR
1001
GradientColor1ACI
1070
     5
1001
GradientColor2ACI
1070
     2
1001
ACAD
1010
0.0
1020
0.0
1030
0.0
  0
CIRCLE
  5
574
330
1F
100
AcDbEntity
  8
0
100
AcDbCircle
 10
1975.387990546505
 20
1373.222120604194
 30
0.0
 40
1.433299957529925
  0
HATCH
  5
575
330
1F
100
AcDbEntity
  8
0
100
AcDbHatch
 10
0.0
 20
0.0
 30
0.0
210
0.0
220
0.0
230
1.0
  2
SOLID
 70
     1
 71
     0
 91
        1
 92
        7
 72
     1
 73
     1
 93
        2
 10
1965.826103030354
 20
1373.222120604194
 42
1.0
 10
1962.959503115294
 20
1373.222120604194
 42
1.0
 97
        0
 75
     1
 76
     1
 47
0.0618727635981666
 98
        1
 10
1964.864815536697
 20
1373.025536961214
450
        0
451
        0
460
0.0
461
0.0
452
        0
462
0.0
453
        2
463
0.0
 63
     5
421
      255
463
1.0
 63
     2
421
 16776960
470
LINEAR
1001
GradientColor1ACI
1070
     5
1001
GradientColor2ACI
1070
     2
1001
ACAD
1010
0.0
1020
0.0
1030
0.0
  0
CIRCLE
  5
576
330
1F
100
AcDbEntity
  8
0
100
AcDbCircle
 10
1964.392803072824
 20
1373.222120604194
 30
0.0
 40
1.433299957529925
  0
MTEXT
  5
577
330
1F
100
AcDbEntity
  8
0
100
AcDbMText
 10
1945.465925216502
 20
1384.00726354092
 30
0.0
 40
5.467340309529101
 41
17.90634104736734
 46
0.0
 71
     1
 72
     5
  1
\pxqc;R
 73
     1
 44
1.0
101
Embedded Object
 70
     1
 10
1.0
 20
0.0
 30
0.0
 11
1945.465925216502
 21
1384.00726354092
 31
0.0
 40
17.90634104736734
 41
0.0
 42
4.818419972654569
 43
5.467340309529101
 71
     2
 72
     1
 44
17.90634104736734
 45
27.33670154764551
 73
     0
 74
     0
 46
0.0
  0
MTEXT
  5
578
330
1F
100
AcDbEntity
  8
0
100
AcDbMText
 10
1955.342477135069
 20
1383.887717380355
 30
0.0
 40
5.467340309529101
 41
17.90634104736734
 46
0.0
 71
     1
 72
     5
  1
\pxqc;S
 73
     1
 44
1.0
101
Embedded Object
 70
     1
 10
1.0
 20
0.0
 30
0.0
 11
1955.342477135069
 21
1383.887717380355
 31
0.0
 40
17.90634104736734
 41
0.0
 42
4.352241569727463
 43
5.653811670699944
 71
     2
 72
     1
 44
17.90634104736734
 45
27.33670154764551
 73
     0
 74
     0
 46
0.0
  0
MTEXT
  5
579
330
1F
100
AcDbEntity
  8
0
100
AcDbMText
 10
1966.323444041429
 20
1383.962931490405
 30
0.0
 40
5.467340309529101
 41
17.90634104736734
 46
0.0
 71
     1
 72
     5
  1
\pxqc;T
 73
     1
 44
1.0
101
Embedded Object
 70
     1
 10
1.0
 20
0.0
 30
0.0
 11
1966.323444041429
 21
1383.962931490405
 31
0.0
 40
17.90634104736734
 41
0.0
 42
4.33359443361038
 43
5.467340309529101
 71
     2
 72
     1
 44
17.90634104736734
 45
27.33670154764551
 73
     0
 74
     0
 46
0.0
  0
LINE
  5
57A
330
1F
100
AcDbEntity
  8
0
100
AcDbLine
 10
1941.58641059638
 20
1430.58583174887
 30
0.0
 11
1941.58641059638
 21
1457.957383384134
 31
0.0
  0
LINE
  5
580
330
1F
100
AcDbEntity
  8
0
100
AcDbLine
 10
1919.387599592887
 20
1408.44737075168
 30
0.0
 11
1919.387599592887
 21
1455.707135058706
 31
0.0
  0
LWPOLYLINE
  5
5C3
330
1F
100
AcDbEntity
  8
Area_Boundary
370
     9
100
AcDbPolyline
 90
        4
 70
     1
 43
0.0
 10
1900.973533222088
 20
1553.815924197754
 10
2005.377760962863
 20
1553.815924197754
 10
2005.377760962863
 20
1302.938548623074
 10
1900.973533222088
 20
1302.938548623074
  0
LWPOLYLINE
  5
5C4
330
1F
100
AcDbEntity
  8
Area_Boundary
370
     9
100
AcDbPolyline
 90
        4
 70
     1
 43
0.0
 10
2005.377760962863
 20
1553.815924197754
 10
2113.333600183126
 20
1553.815924197754
 10
2113.333600183126
 20
1302.938548623074
 10
2005.377760962863
 20
1302.938548623074
  0
MTEXT
  5
5CC
330
1F
100
AcDbEntity
  8
0
100
AcDbMText
 10
1769.743208874533
 20
1550.019423521544
 30
0.0
 40
6.570799341885865
 41
75.92111903943859
 46
0.0
 71
     1
 72
     5
  1
{\C0;INCOMING - PLN}
 73
     1
 44
1.0
101
Embedded Object
 70
     1
 10
1.0
 20
0.0
 30
0.0
 11
1769.743208874533
 21
1550.019423521544
 31
0.0
 40
75.92111903943859
 41
0.0
 42
71.31961741342967
 43
6.799387859236601
 71
     2
 72
     1
 44
75.92111903943859
 45
32.85399670942933
 73
     0
 74
     0
 46
0.0
  0
MTEXT
  5
5D4
330
1F
100
AcDbEntity
  8
0
100
AcDbMText
 10
1906.227389732844
 20
1550.787440536603
 30
0.0
 40
6.570799341885865
 41
89.34097845283103
 46
0.0
 71
     1
 72
     5
  1
{\C0;GENSET BACK-UP}
 73
     1
 44
1.0
101
Embedded Object
 70
     1
 10
1.0
 20
0.0
 30
0.0
 11
1906.227389732844
 21
1550.787440536603
 31
0.0
 40
89.34097845283103
 41
0.0
 42
80.21215895115243
 43
6.79490573144541
 71
     2
 72
     1
 44
89.34097845283103
 45
32.85399670942933
 73
     0
 74
     0
 46
0.0
  0
LINE
  5
5DD
330
1F
100
AcDbEntity
  8
0
100
AcDbLine
 10
2052.891583306003
 20
1632.23423878377
 30
0.0
 11
2052.891583306003
 21
1603.505019012014
 31
0.0
  0
LWPOLYLINE
  5
5DF
330
1F
100
AcDbEntity
  8
0
100
AcDbPolyline
 90
        4
 70
     1
 43
0.0
 10
1905.089893379581
 20
1142.198204963524
 10
1978.082927813179
 20
1142.198204963524
 10
1978.082927813179
 20
1215.191239397122
 10
1905.089893379581
 20
1215.191239397122
  0
CIRCLE
  5
5E0
330
1F
100
AcDbEntity
  8
0
100
AcDbCircle
 10
1940.775451190486
 20
1179.69035759893
 30
0.0
 40
22.96361767515074
  0
MTEXT
  5
5E8
330
1F
100
AcDbEntity
  8
0
100
AcDbMText
 10
1924.839980510354
 20
1185.132897397395
 30
0.0
 40
10.16355672233584
 41
33.28713828316339
 46
0.0
 71
     1
 72
     5
  1
\pxqc;G
 73
     1
 44
1.0
101
Embedded Object
 70
     1
 10
1.0
 20
0.0
 30
0.0
 11
1924.839980510354
 21
1185.132897397395
 31
0.0
 40
33.28713828316339
 41
0.0
 42
9.400943325707636
 43
10.51019917534866
 71
     2
 72
     1
 44
33.28713828316339
 45
50.81778361167919
 73
     0
 74
     0
 46
0.0
  0
LINE
  5
5F9
330
1F
100
AcDbEntity
  8
0
370
    50
100
AcDbLine
 10
2039.692570153281
 20
1442.214066225089
 30
0.0
 11
2041.943985593569
 21
1439.962650784799
 31
0.0
  0
LINE
  5
5FA
330
1F
100
AcDbEntity
  8
0
370
    50
100
AcDbLine
 10
2041.943985593569
 20
1442.214066225089
 30
0.0
 11
2039.692570153281
 21
1439.962650784799
 31
0.0
  0
LINE
  5
5FB
330
1F
100
AcDbEntity
  8
0
370
    50
100
AcDbLine
 10
2040.818277873423
 20
1433.208404463929
 30
0.0
 11
2037.827882993951
 21
1439.621326978009
 31
0.0
  0
LINE
  5
5FC
330
1F
100
AcDbEntity
  8
0
100
AcDbLine
 10
2040.818277873425
 20
1441.088358504944
 30
0.0
 11
2040.818277873425
 21
1458.038874505946
 31
0.0
  0
LINE
  5
5FD
330
1F
100
AcDbEntity
  8
0
100
AcDbLine
 10
2040.818277873423
 20
1433.208404463929
 30
0.0
 11
2040.818277873423
 21
1221.43550904997
 31
0.0
  0
LINE
  5
5FE
102
{ACAD_REACTORS
330
607
330
698
102
}
330
1F
100
AcDbEntity
  8
0
100
AcDbLine
 10
2036.870196707493
 20
1221.635377906951
 30
0.0
 11
2044.351039706154
 21
1221.635377906951
 31
0.0
  0
LINE
  5
5FF
102
{ACAD_REACTORS
330
607
330
698
102
}
330
1F
100
AcDbEntity
  8
0
100
AcDbLine
 10
2044.351039706154
 20
1221.635377906951
 30
0.0
 11
2040.784594874567
 21
1208.163257422171
 31
0.0
  0
LINE
  5
600
102
{ACAD_REACTORS
330
607
330
698
102
}
330
1F
100
AcDbEntity
  8
0
100
AcDbLine
 10
2040.784594874567
 20
1208.163257422171
 30
0.0
 11
2036.870196707493
 21
1221.635377906951
 31
0.0
  0
HATCH
  5
607
102
{ACAD_REACTORS
330
698
102
}
330
1F
100
AcDbEntity
  8
0
100
AcDbHatch
 10
0.0
 20
0.0
 30
0.0
210
0.0
220
0.0
230
1.0
  2
SOLID
 70
     1
 71
     1
 91
        1
 92
        7
 72
     0
 73
     1
 93
        3
 10
2040.784594874567
 20
1208.163257422171
 10
2044.351039706154
 20
1221.635377906951
 10
2036.870196707493
 20
1221.635377906951
 97
        3
330
5FE
330
600
330
5FF
 75
     1
 76
     1
 47
0.2283572508359924
 98
        1
 10
2040.453319543333
 20
1218.260558046833
450
        0
451
        0
460
0.0
461
0.0
452
        0
462
0.0
453
        2
463
0.0
 63
     5
421
      255
463
1.0
 63
     2
421
 16776960
470
LINEAR
1001
GradientColor1ACI
1070
     5
1001
GradientColor2ACI
1070
     2
1001
ACAD
1010
0.0
1020
0.0
1030
0.0
  0
MTEXT
  5
6F0
330
1F
100
AcDbEntity
  8
0
100
AcDbMText
 10
2037.39602285789
 20
1452.00833815151
 30
0.0
 40
3.792703333416225
 41
24.49475352448821
 46
0.0
 71
     1
 72
     5
  1
\pxqc;{\C0;MCCB\P3P \P100 A}
 73
     1
 44
1.0
101
Embedded Object
 70
     1
 10
1.0
 20
0.0
 30
0.0
 11
2037.39602285789
 21
1452.00833815151
 31
0.0
 40
24.49475352448821
 41
0.0
 42
14.92503787890737
 43
16.59544860124189
 71
     2
 72
     1
 44
24.49475352448821
 45
18.96351666708113
 73
     0
 74
     0
 46
0.0
  0
MTEXT
  5
716
330
1F
100
AcDbEntity
  8
0
100
AcDbMText
 10
2033.168613991731
 20
1230.449875533592
 30
0.0
 40
3.792703333416225
 41
79.07503210380525
 46
0.0
 71
     1
 72
     5
  1
{\C0;NYY 3 × (1×150 mm²)}
 11
0.0000000000000001
 21
1.0
 31
0.0
 73
     1
 44
1.0
101
Embedded Object
 70
     1
 10
0.0000000000000001
 20
1.0
 30
0.0
 11
2033.168613991731
 21
1230.449875533592
 31
0.0
 40
79.07503210380525
 41
0.0
 42
51.22995321166992
 43
4.972425516252377
 71
     2
 72
     1
 44
79.07503210380525
 45
18.96351666708113
 73
     0
 74
     0
 46
0.0
  0
LINE
  5
72B
330
1F
100
AcDbEntity
  8
0
100
AcDbLine
 10
1864.865022089085
 20
1401.87152617395
 30
0.0
 11
1912.638206722707
 21
1401.718115405389
 31
0.0
  0
MTEXT
  5
734
330
1F
100
AcDbEntity
  8
0
100
AcDbMText
 10
2014.179118461657
 20
1548.051143380682
 30
0.0
 40
6.570799341885865
 41
42.43677825267445
 46
0.0
 71
     1
 72
     5
  1
{\C0;OUTGOING}
 73
     1
 44
1.0
101
Embedded Object
 70
     1
 10
1.0
 20
0.0
 30
0.0
 11
2014.179118461657
 21
1548.051143380682
 31
0.0
 40
42.43677825267445
 41
0.0
 42
48.95828186317825
 43
6.799387859236601
 71
     2
 72
     1
 44
42.43677825267445
 45
32.85399670942933
 73
     0
 74
     0
 46
0.0
  0
LINE
  5
737
330
1F
100
AcDbEntity
  8
0
370
    50
100
AcDbLine
 10
2190.98607845845
 20
1422.271678014447
 30
0.0
 11
2206.714786820898
 21
1406.542969651996
 31
0.0
  0
LINE
  5
738
330
1F
100
AcDbEntity
  8
0
370
    50
100
AcDbLine
 10
2206.714786820898
 20
1422.271678014447
 30
0.0
 11
2190.98607845845
 21
1406.542969651996
 31
0.0
  0
LINE
  5
73B
330
1F
100
AcDbEntity
  8
0
100
AcDbLine
 10
2198.850432639674
 20
1424.545787660251
 30
0.0
 11
2198.850432639674
 21
1443.121629408142
 31
0.0
  0
LINE
  5
73C
330
1F
100
AcDbEntity
  8
0
100
AcDbLine
 10
2198.850432639674
 20
1435.725926304766
 30
0.0
 11
2200.668920129211
 21
1433.346862873204
 31
0.0
  0
LINE
  5
73D
330
1F
100
AcDbEntity
  8
0
100
AcDbLine
 10
2200.668920129211
 20
1433.346862873204
 30
0.0
 11
2198.850432639674
 21
1435.725926304766
 31
0.0
  0
LINE
  5
73E
330
1F
100
AcDbEntity
  8
0
100
AcDbLine
 10
2198.850432639674
 20
1435.725926304766
 30
0.0
 11
2196.868438683816
 21
1433.176930332333
 31
0.0
  0
LINE
  5
73F
330
1F
100
AcDbEntity
  8
0
100
AcDbLine
 10
2200.668920129211
 20
1429.610730981005
 30
0.0
 11
2198.850432639674
 21
1431.989794412568
 31
0.0
  0
LINE
  5
740
330
1F
100
AcDbEntity
  8
0
100
AcDbLine
 10
2198.850432639674
 20
1431.989794412568
 30
0.0
 11
2196.868438683816
 21
1429.440798440135
 31
0.0
  0
LINE
  5
741
330
1F
100
AcDbEntity
  8
0
100
AcDbLine
 10
2200.668920129211
 20
1400.765603678483
 30
0.0
 11
2198.850432639674
 21
1398.38654024692
 31
0.0
  0
LINE
  5
742
330
1F
100
AcDbEntity
  8
0
100
AcDbLine
 10
2198.850432639674
 20
1398.38654024692
 30
0.0
 11
2196.868438683816
 21
1400.935536219354
 31
0.0
  0
LINE
  5
743
330
1F
100
AcDbEntity
  8
0
100
AcDbLine
 10
2198.850432639674
 20
1405.203595082393
 30
0.0
 11
2198.850432639674
 21
1391.950344933944
 31
0.0
  0
LINE
  5
744
330
1F
100
AcDbEntity
  8
0
100
AcDbLine
 10
2200.668920129211
 20
1396.948363153503
 30
0.0
 11
2198.850432639674
 21
1394.56929972194
 31
0.0
  0
LINE
  5
745
330
1F
100
AcDbEntity
  8
0
100
AcDbLine
 10
2198.850432639674
 20
1394.56929972194
 30
0.0
 11
2196.868438683816
 21
1397.118295694373
 31
0.0
  0
CIRCLE
  5
746
330
1F
100
AcDbEntity
  8
0
100
AcDbCircle
 10
2198.850432639674
 20
1405.203595082393
 30
0.0
 40
0.7062453641275325
  0
CIRCLE
  5
747
330
1F
100
AcDbEntity
  8
0
100
AcDbCircle
 10
2198.850432639674
 20
1424.545787660251
 30
0.0
 40
0.7062453641275325
  0
LINE
  5
74A
330
1F
100
AcDbEntity
  8
0
370
    50
100
AcDbLine
 10
2197.727260567219
 20
1386.18215289061
 30
0.0
 11
2199.978676007507
 21
1383.93073745032
 31
0.0
  0
LINE
  5
74B
330
1F
100
AcDbEntity
  8
0
370
    50
100
AcDbLine
 10
2199.978676007507
 20
1386.18215289061
 30
0.0
 11
2197.727260567219
 21
1383.93073745032
 31
0.0
  0
LINE
  5
74C
330
1F
100
AcDbEntity
  8
0
370
    50
100
AcDbLine
 10
2198.852968287361
 20
1377.17649112945
 30
0.0
 11
2195.86257340789
 21
1383.58941364353
 31
0.0
  0
LINE
  5
74D
330
1F
100
AcDbEntity
  8
0
100
AcDbLine
 10
2198.850432639674
 20
1391.950344933944
 30
0.0
 11
2198.852968287363
 21
1385.056445170465
 31
0.0
  0
LINE
  5
74E
330
1F
100
AcDbEntity
  8
0
370
    50
100
AcDbLine
 10
2197.729796214908
 20
1365.725144947323
 30
0.0
 11
2199.981211655195
 21
1363.473729507034
 31
0.0
  0
LINE
  5
74F
330
1F
100
AcDbEntity
  8
0
370
    50
100
AcDbLine
 10
2199.981211655195
 20
1365.725144947323
 30
0.0
 11
2197.729796214908
 21
1363.473729507034
 31
0.0
  0
LINE
  5
750
330
1F
100
AcDbEntity
  8
0
370
    50
100
AcDbLine
 10
2198.85550393505
 20
1356.719483186163
 30
0.0
 11
2195.865109055578
 21
1363.132405700244
 31
0.0
  0
LINE
  5
751
330
1F
100
AcDbEntity
  8
0
100
AcDbLine
 10
2198.852968287361
 20
1377.17649112945
 30
0.0
 11
2198.855503935052
 21
1364.599437227179
 31
0.0
  0
LINE
  5
752
330
1F
100
AcDbEntity
  8
0
370
    50
100
AcDbLine
 10
2158.892005029811
 20
1386.18215289061
 30
0.0
 11
2161.143420470099
 21
1383.93073745032
 31
0.0
  0
LINE
  5
753
330
1F
100
AcDbEntity
  8
0
370
    50
100
AcDbLine
 10
2161.143420470099
 20
1386.18215289061
 30
0.0
 11
2158.892005029811
 21
1383.93073745032
 31
0.0
  0
LINE
  5
754
330
1F
100
AcDbEntity
  8
0
370
    50
100
AcDbLine
 10
2160.017712749953
 20
1377.17649112945
 30
0.0
 11
2157.027317870483
 21
1383.58941364353
 31
0.0
  0
LINE
  5
755
330
1F
100
AcDbEntity
  8
0
100
AcDbLine
 10
2160.015177102267
 20
1391.950344933944
 30
0.0
 11
2160.017712749956
 21
1385.056445170465
 31
0.0
  0
LINE
  5
756
330
1F
100
AcDbEntity
  8
0
370
    50
100
AcDbLine
 10
2158.8945406775
 20
1365.725144947323
 30
0.0
 11
2161.145956117788
 21
1363.473729507034
 31
0.0
  0
LINE
  5
757
330
1F
100
AcDbEntity
  8
0
370
    50
100
AcDbLine
 10
2161.145956117788
 20
1365.725144947323
 30
0.0
 11
2158.8945406775
 21
1363.473729507034
 31
0.0
  0
LINE
  5
758
330
1F
100
AcDbEntity
  8
0
370
    50
100
AcDbLine
 10
2160.020248397642
 20
1356.719483186163
 30
0.0
 11
2157.029853518172
 21
1363.132405700244
 31
0.0
  0
LINE
  5
759
330
1F
100
AcDbEntity
  8
0
100
AcDbLine
 10
2160.017712749953
 20
1377.17649112945
 30
0.0
 11
2160.020248397644
 21
1364.599437227179
 31
0.0
  0
LINE
  5
75A
330
1F
100
AcDbEntity
  8
0
100
AcDbLine
 10
2160.015177102267
 20
1391.950344933944
 30
0.0
 11
2198.850432639674
 21
1391.950344933944
 31
0.0
  0
LINE
  5
75B
330
1F
100
AcDbEntity
  8
0
100
AcDbLine
 10
2160.020248397642
 20
1356.719483186163
 30
0.0
 11
2198.85550393505
 21
1356.719483186163
 31
0.0
  0
LINE
  5
75C
102
{ACAD_REACTORS
330
76B
102
}
330
1F
100
AcDbEntity
  8
0
100
AcDbLine
 10
2198.887736298146
 20
1348.660406741477
 30
0.0
 11
2194.490647693328
 21
1340.30137335445
 31
0.0
  0
LINE
  5
75D
102
{ACAD_REACTORS
330
76B
102
}
330
1F
100
AcDbEntity
  8
0
100
AcDbLine
 10
2189.151655089186
 20
1330.394523090593
 30
0.0
 11
2198.797963044397
 21
1330.394523090593
 31
0.0
  0
LINE
  5
75E
102
{ACAD_REACTORS
330
76B
102
}
330
1F
100
AcDbEntity
  8
0
100
AcDbLine
 10
2203.893399638163
 20
1340.30137335445
 30
0.0
 11
2198.887736298146
 21
1348.660406741477
 31
0.0
  0
LINE
  5
75F
102
{ACAD_REACTORS
330
76B
102
}
330
1F
100
AcDbEntity
  8
0
100
AcDbLine
 10
2198.797963044397
 20
1332.401562079966
 30
0.0
 11
2198.797963044397
 21
1328.13079102996
 31
0.0
  0
LINE
  5
760
102
{ACAD_REACTORS
330
76B
102
}
330
1F
100
AcDbEntity
  8
0
100
AcDbLine
 10
2200.609846105783
 20
1332.401562079966
 30
0.0
 11
2200.609846105783
 21
1328.13079102996
 31
0.0
  0
LINE
  5
761
102
{ACAD_REACTORS
330
76B
102
}
330
1F
100
AcDbEntity
  8
0
100
AcDbLine
 10
2209.840966977506
 20
1330.394523090593
 30
0.0
 11
2200.609846105783
 21
1330.394523090593
 31
0.0
  0
LINE
  5
762
102
{ACAD_REACTORS
330
764
330
76B
102
}
330
1F
100
AcDbEntity
  8
0
100
AcDbLine
 10
2205.717571310481
 20
1341.411449500624
 30
0.0
 11
2202.069227965844
 21
1339.191297208276
 31
0.0
  0
LINE
  5
763
102
{ACAD_REACTORS
330
764
330
76B
102
}
330
1F
100
AcDbEntity
  8
0
100
AcDbLine
 10
2206.659475309807
 20
1339.863632623796
 30
0.0
 11
2203.01113196517
 21
1337.643480331447
 31
0.0
  0
LINE
  5
765
102
{ACAD_REACTORS
330
76B
102
}
330
1F
100
AcDbEntity
  8
0
100
AcDbLine
 10
2209.840966977506
 20
1330.394523090593
 30
0.0
 11
2204.835303637489
 21
1338.753556477621
 31
0.0
  0
LINE
  5
766
102
{ACAD_REACTORS
330
768
330
76B
102
}
330
1F
100
AcDbEntity
  8
0
100
AcDbLine
 10
2192.66647602101
 20
1341.411449500624
 30
0.0
 11
2196.314819365648
 21
1339.191297208276
 31
0.0
  0
LINE
  5
767
102
{ACAD_REACTORS
330
768
330
76B
102
}
330
1F
100
AcDbEntity
  8
0
100
AcDbLine
 10
2191.724572021684
 20
1339.863632623796
 30
0.0
 11
2195.372915366321
 21
1337.643480331447
 31
0.0
  0
LINE
  5
769
102
{ACAD_REACTORS
330
76B
102
}
330
1F
100
AcDbEntity
  8
0
100
AcDbLine
 10
2189.151655089186
 20
1330.394523090593
 30
0.0
 11
2193.548743694002
 21
1338.753556477621
 31
0.0
  0
LINE
  5
76A
330
1F
100
AcDbEntity
  8
0
100
AcDbLine
 10
2198.85550393505
 20
1356.719483186163
 30
0.0
 11
2198.887736298146
 21
1348.660406741477
 31
0.0
  0
LINE
  5
76C
102
{ACAD_REACTORS
330
778
102
}
330
1F
100
AcDbEntity
  8
0
100
AcDbLine
 10
2159.752418140683
 20
1348.660406741477
 30
0.0
 11
2155.355329535867
 21
1340.30137335445
 31
0.0
  0
LINE
  5
76D
102
{ACAD_REACTORS
330
778
102
}
330
1F
100
AcDbEntity
  8
0
100
AcDbLine
 10
2150.016336931724
 20
1330.394523090593
 30
0.0
 11
2159.662644886935
 21
1330.394523090593
 31
0.0
  0
LINE
  5
76E
102
{ACAD_REACTORS
330
778
102
}
330
1F
100
AcDbEntity
  8
0
100
AcDbLine
 10
2164.758081480702
 20
1340.30137335445
 30
0.0
 11
2159.752418140683
 21
1348.660406741477
 31
0.0
  0
LINE
  5
76F
102
{ACAD_REACTORS
330
778
102
}
330
1F
100
AcDbEntity
  8
0
100
AcDbLine
 10
2159.662644886935
 20
1332.401562079966
 30
0.0
 11
2159.662644886935
 21
1328.13079102996
 31
0.0
  0
LINE
  5
770
102
{ACAD_REACTORS
330
778
102
}
330
1F
100
AcDbEntity
  8
0
100
AcDbLine
 10
2161.474527948321
 20
1332.401562079966
 30
0.0
 11
2161.474527948321
 21
1328.13079102996
 31
0.0
  0
LINE
  5
771
102
{ACAD_REACTORS
330
778
102
}
330
1F
100
AcDbEntity
  8
0
100
AcDbLine
 10
2170.705648820044
 20
1330.394523090593
 30
0.0
 11
2161.474527948321
 21
1330.394523090593
 31
0.0
  0
LINE
  5
772
102
{ACAD_REACTORS
330
778
330
779
102
}
330
1F
100
AcDbEntity
  8
0
100
AcDbLine
 10
2166.58225315302
 20
1341.411449500624
 30
0.0
 11
2162.933909808383
 21
1339.191297208276
 31
0.0
  0
LINE
  5
773
102
{ACAD_REACTORS
330
778
330
779
102
}
330
1F
100
AcDbEntity
  8
0
100
AcDbLine
 10
2167.524157152345
 20
1339.863632623796
 30
0.0
 11
2163.875813807708
 21
1337.643480331447
 31
0.0
  0
LINE
  5
774
102
{ACAD_REACTORS
330
778
102
}
330
1F
100
AcDbEntity
  8
0
100
AcDbLine
 10
2170.705648820044
 20
1330.394523090593
 30
0.0
 11
2165.699985480026
 21
1338.753556477621
 31
0.0
  0
LINE
  5
775
102
{ACAD_REACTORS
330
778
330
77A
102
}
330
1F
100
AcDbEntity
  8
0
100
AcDbLine
 10
2153.531157863548
 20
1341.411449500624
 30
0.0
 11
2157.179501208185
 21
1339.191297208276
 31
0.0
  0
LINE
  5
776
102
{ACAD_REACTORS
330
778
330
77A
102
}
330
1F
100
AcDbEntity
  8
0
100
AcDbLine
 10
2152.589253864223
 20
1339.863632623796
 30
0.0
 11
2156.23759720886
 21
1337.643480331447
 31
0.0
  0
LINE
  5
777
102
{ACAD_REACTORS
330
778
102
}
330
1F
100
AcDbEntity
  8
0
100
AcDbLine
 10
2150.016336931724
 20
1330.394523090593
 30
0.0
 11
2154.413425536542
 21
1338.753556477621
 31
0.0
  0
LINE
  5
77B
330
1F
100
AcDbEntity
  8
0
100
AcDbLine
 10
2160.020248397642
 20
1356.719483186163
 30
0.0
 11
2159.752418140683
 21
1348.660406741477
 31
0.0
  0
LWPOLYLINE
  5
77C
102
{ACAD_REACTORS
330
77E
102
}
330
1F
100
AcDbEntity
  8
0
100
AcDbPolyline
 90
        4
 70
     1
 43
0.0
 10
2120.382108010362
 20
1398.246585726392
 10
2140.983124686772
 20
1398.246585726392
 10
2140.983124686772
 20
1383.571807661253
 10
2120.382108010362
 20
1383.571807661253
  0
MTEXT
  5
77D
102
{ACAD_REACTORS
330
77E
102
}
330
1F
100
AcDbEntity
  8
0
100
AcDbMText
 10
2122.180777920219
 20
1394.016206398485
 30
0.0
 40
5.467340309529101
 41
17.90634104736734
 46
0.0
 71
     1
 72
     5
  1
\pxqc;REG
 73
     1
 44
1.0
101
Embedded Object
 70
     1
 10
1.0
 20
0.0
 30
0.0
 11
2122.180777920219
 21
1394.016206398485
 31
0.0
 40
17.90634104736734
 41
0.0
 42
15.47339354995651
 43
5.653811670699944
 71
     2
 72
     1
 44
17.90634104736734
 45
27.33670154764551
 73
     0
 74
     0
 46
0.0
  0
LINE
  5
77F
330
1F
100
AcDbEntity
  8
0
100
AcDbLine
 10
2160.015177102267
 20
1391.950344933944
 30
0.0
 11
2140.983124686772
 21
1391.950344933944
 31
0.0
  0
MTEXT
  5
787
330
1F
100
AcDbEntity
  8
0
100
AcDbMText
 10
2166.31148668902
 20
1447.101970665041
 30
0.0
 40
3.792703333416225
 41
24.49475352448821
 46
0.0
 71
     1
 72
     5
  1
\pxqc;{\C0;ACB\P1000A\P3POLE}
 73
     1
 44
1.0
101
Embedded Object
 70
     1
 10
1.0
 20
0.0
 30
0.0
 11
2166.31148668902
 21
1447.101970665041
 31
0.0
 40
24.49475352448821
 41
0.0
 42
16.57561409085795
 43
16.64977791229356
 71
     2
 72
     1
 44
24.49475352448821
 45
18.96351666708113
 73
     0
 74
     0
 46
0.0
  0
MTEXT
  5
788
330
1F
100
AcDbEntity
  8
0
100
AcDbMText
 10
2156.224456253953
 20
1382.897288567453
 30
0.0
 40
3.792703333416225
 41
24.49475352448821
 46
0.0
 71
     1
 72
     5
  1
{\C0;    MCCB}
 73
     1
 44
1.0
101
Embedded Object
 70
     1
 10
1.0
 20
0.0
 30
0.0
 11
2156.224456253953
 21
1382.897288567453
 31
0.0
 40
24.49475352448821
 41
0.0
 42
21.20654108049986
 43
3.922058835920189
 71
     2
 72
     1
 44
24.49475352448821
 45
18.96351666708113
 73
     0
 74
     0
 46
0.0
  0
MTEXT
  5
789
330
1F
100
AcDbEntity
  8
0
100
AcDbMText
 10
2194.502040538275
 20
1382.666883462935
 30
0.0
 40
3.792703333416225
 41
24.49475352448821
 46
0.0
 71
     1
 72
     5
  1
{\C0;    MCCB}
 73
     1
 44
1.0
101
Embedded Object
 70
     1
 10
1.0
 20
0.0
 30
0.0
 11
2194.502040538275
 21
1382.666883462935
 31
0.0
 40
24.49475352448821
 41
0.0
 42
21.20654108049986
 43
3.922058835920189
 71
     2
 72
     1
 44
24.49475352448821
 45
18.96351666708113
 73
     0
 74
     0
 46
0.0
  0
MTEXT
  5
78A
330
1F
100
AcDbEntity
  8
0
100
AcDbMText
 10
2158.53032815985
 20
1364.2346270492
 30
0.0
 40
3.792703333416225
 41
24.49475352448821
 46
0.0
 71
     1
 72
     5
  1
{\C0;    MC}
 73
     1
 44
1.0
101
Embedded Object
 70
     1
 10
1.0
 20
0.0
 30
0.0
 11
2158.53032815985
 21
1364.2346270492
 31
0.0
 40
24.49475352448821
 41
0.0
 42
13.91865206942653
 43
3.922058835920189
 71
     2
 72
     1
 44
24.49475352448821
 45
18.96351666708113
 73
     0
 74
     0
 46
0.0
  0
MTEXT
  5
78B
330
1F
100
AcDbEntity
  8
0
100
AcDbMText
 10
2198.652612603327
 20
1364.2346270492
 30
0.0
 40
3.792703333416225
 41
24.49475352448821
 46
0.0
 71
     1
 72
     5
  1
{\C0;    MC}
 73
     1
 44
1.0
101
Embedded Object
 70
     1
 10
1.0
 20
0.0
 30
0.0
 11
2198.652612603327
 21
1364.2346270492
 31
0.0
 40
24.49475352448821
 41
0.0
 42
13.91865206942653
 43
3.922058835920189
 71
     2
 72
     1
 44
24.49475352448821
 45
18.96351666708113
 73
     0
 74
     0
 46
0.0
  0
MTEXT
  5
793
330
1F
100
AcDbEntity
  8
0
100
AcDbMText
 10
2159.501000439675
 20
1326.549523377363
 30
0.0
 40
3.792703333416225
 41
24.49475352448821
 46
0.0
 71
     1
 72
     5
  1
{\C0;1}
 73
     1
 44
1.0
101
Embedded Object
 70
     1
 10
1.0
 20
0.0
 30
0.0
 11
2159.501000439675
 21
1326.549523377363
 31
0.0
 40
24.49475352448821
 41
0.0
 42
1.397039427042811
 43
3.808225993716701
 71
     2
 72
     1
 44
24.49475352448821
 45
18.96351666708113
 73
     0
 74
     0
 46
0.0
  0
MTEXT
  5
79B
330
1F
100
AcDbEntity
  8
0
100
AcDbMText
 10
2196.631299643044
 20
1326.549523377363
 30
0.0
 40
3.792703333416225
 41
24.49475352448821
 46
0.0
 71
     1
 72
     5
  1
{\C0;12}
 73
     1
 44
1.0
101
Embedded Object
 70
     1
 10
1.0
 20
0.0
 30
0.0
 11
2196.631299643044
 21
1326.549523377363
 31
0.0
 40
24.49475352448821
 41
0.0
 42
5.037103267504359
 43
3.808225993716701
 71
     2
 72
     1
 44
24.49475352448821
 45
18.96351666708113
 73
     0
 74
     0
 46
0.0
  0
MTEXT
  5
7A3
330
1F
100
AcDbEntity
  8
0
100
AcDbMText
 10
2156.022500148128
 20
1319.572483335601
 30
0.0
 40
3.792703333416225
 41
51.41420365238084
 46
0.0
 71
     1
 72
     5
  1
{\C0;CAPACITOR BANK\P\pxqc;720 KVAR 525V}
 73
     1
 44
1.0
101
Embedded Object
 70
     1
 10
1.0
 20
0.0
 30
0.0
 11
2156.022500148128
 21
1319.572483335601
 31
0.0
 40
51.41420365238084
 41
0.0
 42
46.5369355808261
 43
10.26134082863112
 71
     2
 72
     1
 44
51.41420365238084
 45
18.96351666708113
 73
     0
 74
     0
 46
0.0
  0
LINE
  5
7A4
330
1F
100
AcDbEntity
  8
0
100
AcDbLine
 10
2164.942026181703
 20
1324.359909308542
 30
0.0
 11
2193.468326129404
 21
1324.359909308542
 31
0.0
  0
LINE
  5
7A5
330
1F
100
AcDbEntity
  8
0
100
AcDbLine
 10
2198.850432639674
 20
1443.121629408142
 30
0.0
 11
2198.850432639674
 21
1458.055866450139
 31
0.0
  0
LWPOLYLINE
  5
7A6
330
1F
100
AcDbEntity
  8
Area_Boundary
370
     9
100
AcDbPolyline
 90
        4
 70
     1
 43
0.0
 10
2113.333600183126
 20
1553.815924197754
 10
2221.28943940339
 20
1553.815924197754
 10
2221.28943940339
 20
1302.938548623074
 10
2113.333600183126
 20
1302.938548623074
  0
MTEXT
  5
7AE
330
1F
100
AcDbEntity
  8
0
100
AcDbMText
 10
2117.63943191807
 20
1549.417317020074
 30
0.0
 40
6.570799341885865
 41
88.05260598278847
 46
0.0
 71
     1
 72
     5
  1
{\C0;CAPACITOR BANK}
 73
     1
 44
1.0
101
Embedded Object
 70
     1
 10
1.0
 20
0.0
 30
0.0
 11
2117.63943191807
 21
1549.417317020074
 31
0.0
 40
88.05260598278847
 41
0.0
 42
80.62451470794199
 43
6.799387859236601
 71
     2
 72
     1
 44
88.05260598278847
 45
32.85399670942933
 73
     0
 74
     0
 46
0.0
  0
LINE
  5
7B0
330
1F
100
AcDbEntity
  8
0
100
AcDbLine
 10
1830.723384858487
 20
1356.347828468646
 30
0.0
 11
1830.723384858487
 21
1363.736397885903
 31
0.0
  0
LINE
  5
7B1
330
1F
100
AcDbEntity
  8
0
100
AcDbLine
 10
1830.723384858487
 20
1363.736397885903
 30
0.0
 11
2022.429824943195
 21
1363.736397885903
 31
0.0
  0
LINE
  5
7B2
330
1F
100
AcDbEntity
  8
0
100
AcDbLine
 10
2022.429824943195
 20
1363.736397885903
 30
0.0
 11
2022.429824943195
 21
1336.70839737393
 31
0.0
  0
LINE
  5
7B4
330
1F
100
AcDbEntity
  8
0
100
AcDbLine
 10
2127.044499262458
 20
1336.70839737393
 30
0.0
 11
2127.044499262458
 21
1383.571807661253
 31
0.0
  0
MTEXT
  5
7BC
330
1F
100
AcDbEntity
  8
0
100
AcDbMText
 10
1910.491005582152
 20
1138.730015142068
 30
0.0
 40
5.467340309529101
 41
67.71548461786784
 46
0.0
 71
     1
 72
     5
  1
\pxqc;GENSET \PSILENT TYPE\P100 kVA
 73
     1
 44
1.0
101
Embedded Object
 70
     1
 10
1.0
 20
0.0
 30
0.0
 11
1910.491005582152
 21
1138.730015142068
 31
0.0
 40
67.71548461786784
 41
0.0
 42
48.05739920094953
 43
23.99389161305621
 71
     2
 72
     1
 44
67.71548461786784
 45
27.33670154764551
 73
     0
 74
     0
 46
0.0
  0
MTEXT
  5
7C5
330
1F
100
AcDbEntity
  8
0
100
AcDbMText
 10
1799.99866184055
 20
1211.730934491715
 30
0.0
 40
3.792703333416225
 41
96.92494360449686
 46
0.0
 71
     1
 72
     5
  1
{\C0;9x(NYY 1x300 mm^ 2) + BC 70 mm^ 2}
 11
0.0000000000000001
 21
1.0
 31
0.0
 73
     1
 44
1.0
101
Embedded Object
 70
     1
 10
0.0000000000000001
 20
1.0
 30
0.0
 11
1799.99866184055
 21
1211.730934491715
 31
0.0
 40
96.92494360449686
 41
0.0
 42
87.65646271678617
 43
4.972425516252377
 71
     2
 72
     1
 44
96.92494360449686
 45
18.96351666708113
 73
     0
 74
     0
 46
0.0
  0
MTEXT
  5
7CD
330
1F
100
AcDbEntity
  8
0
100
AcDbMText
 10
1809.066204477586
 20
1237.597436328122
 30
0.0
 40
3.792703333416225
 41
96.92494360449686
 46
0.0
 71
     1
 72
     5
  1
{\C0;INCOMING}
 11
0.0000000000000001
 21
1.0
 31
0.0
 73
     1
 44
1.0
101
Embedded Object
 70
     1
 10
0.0000000000000001
 20
1.0
 30
0.0
 11
1809.066204477586
 21
1237.597436328122
 31
0.0
 40
96.92494360449686
 41
0.0
 42
26.25399278820454
 43
3.924645945970268
 71
     2
 72
     1
 44
96.92494360449686
 45
18.96351666708113
 73
     0
 74
     0
 46
0.0
  0
ARC
  5
7D0
330
1F
100
AcDbEntity
  8
0
100
AcDbCircle
 10
2040.818277873423
 20
1337.488495507354
 30
0.0
 40
2.465471505076521
100
AcDbArc
 50
198.4459134255828
 51
341.5540865744237
  0
LINE
  5
800
330
1F
100
AcDbEntity
  8
0
100
AcDbLine
 10
2043.15708026879
 20
1336.708397373931
 30
0.0
 11
2127.044499262458
 21
1336.708397373931
 31
0.0
  0
ARC
  5
803
330
1F
100
AcDbEntity
  8
0
100
AcDbCircle
 10
1920.989794083169
 20
1458.638351465417
 30
0.0
 40
3.340517446094322
100
AcDbArc
 50
118.6608897825312
 51
241.3391102174725
  0
ARC
  5
804
330
1F
100
AcDbEntity
  8
0
100
AcDbCircle
 10
1864.965385038656
 20
1458.80773909041
 30
0.0
 40
3.604060226677359
100
AcDbArc
 50
120.6487491031122
 51
239.3512508969028
  0
ARC
  5
805
330
1F
100
AcDbEntity
  8
0
100
AcDbCircle
 10
1787.013073548587
 20
1458.892578301133
 30
0.0
 40
3.737515355988121
100
AcDbArc
 50
121.5384861390721
 51
238.4615138609337
  0
ARC
  5
806
330
1F
100
AcDbEntity
  8
0
100
AcDbCircle
 10
1939.992600131525
 20
1965.235582704437
 30
0.0
 40
4.414296813526324
100
AcDbArc
 50
125.1647324355848
 51
234.8352675644169
  0
LINE
  5
807
330
1F
100
AcDbEntity
  8
0
100
AcDbLine
 10
1937.450277586056
 20
1968.844268397693
 30
0.0
 11
1937.450277586056
 21
2019.30070226669
 31
0.0
  0
LINE
  5
808
330
1F
100
AcDbEntity
  8
0
100
AcDbLine
 10
1785.05808700502
 20
1462.078021543559
 30
0.0
 11
1785.05808700502
 21
1485.119307452561
 31
0.0
  0
LINE
  5
809
330
1F
100
AcDbEntity
  8
0
100
AcDbLine
 10
1863.128130359493
 20
1461.908343122113
 30
0.0
 11
1863.128130359493
 21
1485.119307452561
 31
0.0
  0
LINE
  5
80A
330
1F
100
AcDbEntity
  8
0
100
AcDbLine
 10
1919.387599592887
 20
1461.569567872128
 30
0.0
 11
1919.387599592887
 21
1485.119307452561
 31
0.0
  0
ARC
  5
80C
330
1F
100
AcDbEntity
  8
0
100
AcDbCircle
 10
2079.308207720226
 20
1894.612243394791
 30
0.0
 40
2.465471505076437
100
AcDbArc
 50
198.4459134255967
 51
341.5540865744032
  0
ARC
  5
80D
330
1F
100
AcDbEntity
  8
0
100
AcDbCircle
 10
2079.306442222177
 20
1902.197539187285
 30
0.0
 40
2.465471505076437
100
AcDbArc
 50
198.4459134255967
 51
341.5540865744032
  0
LINE
  5
80E
330
1F
100
AcDbEntity
  8
0
100
AcDbLine
 10
2081.645244617543
 20
1901.417441053861
 30
0.0
 11
2106.711766385112
 21
1901.417441053861
 31
0.0
  0
LINE
  5
80F
330
1F
100
AcDbEntity
  8
0
100
AcDbLine
 10
2081.647010115593
 20
1893.832145261367
 30
0.0
 11
2123.185072206463
 21
1893.832145261367
 31
0.0
  0
MTEXT
  5
825
330
1F
100
AcDbEntity
  8
0
100
AcDbMText
 10
1764.942495411839
 20
1573.335816634284
 30
0.0
 40
12.61616835721677
 41
145.7712478851847
 46
0.0
 71
     1
 72
     5
  1
{\C0;MDP }
 73
     1
 44
1.0
101
Embedded Object
 70
     1
 10
1.0
 20
0.0
 30
0.0
 11
1764.942495411839
 21
1573.335816634284
 31
0.0
 40
145.7712478851847
 41
0.0
 42
37.09119073642859
 43
12.61616835721677
 71
     2
 72
     1
 44
145.7712478851847
 45
63.08084178608389
 73
     0
 74
     0
 46
0.0
  0
LWPOLYLINE
  5
826
330
1F
100
AcDbEntity
  8
Area_Boundary
370
     9
100
AcDbPolyline
 90
        4
 70
     1
 43
0.0
 10
1716.616221865799
 20
2070.982844942981
 10
2258.127688192312
 20
2070.982844942981
 10
2258.127688192312
 20
1283.583901733604
 10
1716.616221865799
 20
1283.583901733604
  0
MTEXT
  5
82E
330
1F
100
AcDbEntity
  8
0
100
AcDbMText
 10
1818.697591330195
 20
2095.877990533753
 30
0.0
 40
12.61616835721677
 41
218.2808136170123
 46
0.0
 71
     1
 72
     5
  1
{\C0;GARDU PELANGGAN}
 73
     1
 44
1.0
101
Embedded Object
 70
     1
 10
1.0
 20
0.0
 30
0.0
 11
1818.697591330195
 21
2095.877990533753
 31
0.0
 40
218.2808136170123
 41
0.0
 42
175.8604368210947
 43
13.04646059313822
 71
     2
 72
     1
 44
218.2808136170123
 45
63.08084178608389
 73
     0
 74
     0
 46
0.0
  0
CIRCLE
  5
82F
330
1F
100
AcDbEntity
  8
0
100
AcDbCircle
 10
2053.100454499221
 20
1712.258324174762
 30
0.0
 40
3.084219181265164
  0
CIRCLE
  5
830
330
1F
100
AcDbEntity
  8
0
100
AcDbCircle
 10
2092.586491891918
 20
1645.882951962848
 30
0.0
 40
3.084219181265164
  0
LWPOLYLINE
  5
832
330
1F
100
AcDbEntity
  8
0
100
AcDbPolyline
 90
        4
 70
     1
 43
0.0
 10
2110.478284205776
 20
1651.295903124434
 10
2128.072708981141
 20
1651.295903124434
 10
2128.072708981141
 20
1639.340304382318
 10
2110.478284205776
 20
1639.340304382318
  0
LWPOLYLINE
  5
833
330
1F
100
AcDbEntity
  8
0
100
AcDbPolyline
 90
        4
 70
     1
 43
0.0
 10
2137.840164574741
 20
1651.295903124434
 10
2155.434589350106
 20
1651.295903124434
 10
2155.434589350106
 20
1639.340304382318
 10
2137.840164574741
 20
1639.340304382318
  0
LINE
  5
834
330
1F
100
AcDbEntity
  8
0
100
AcDbLine
 10
2095.670998692801
 20
1646.01649427311
 30
0.0
 11
2110.478284205776
 21
1646.01649427311
 31
0.0
  0
LINE
  5
835
330
1F
100
AcDbEntity
  8
0
100
AcDbLine
 10
2128.072708981141
 20
1645.318103753377
 30
0.0
 11
2137.840164574741
 21
1645.318103753377
 31
0.0
  0
MTEXT
  5
836
330
1F
100
AcDbEntity
  8
0
100
AcDbMText
 10
2140.857894313895
 20
1649.093940925701
 30
0.0
 40
3.543074110242694
 41
13.62424239427506
 46
0.0
 71
     1
 72
     5
  1
{\fArial|b0|i1|c0|p34;I\H0.50195x;            \H1.99229x;>}
 73
     1
 44
1.0
101
Embedded Object
 70
     1
 10
1.0
 20
0.0
 30
0.0
 11
2140.857894313895
 21
1649.093940925701
 31
0.0
 40
13.62424239427506
 41
0.0
 42
12.28801231509155
 43
3.543180280229945
 71
     2
 72
     1
 44
13.62424239427506
 45
17.71537055121347
 73
     0
 74
     0
 46
0.0
  0
LWPOLYLINE
  5
837
330
1F
100
AcDbEntity
  8
0
100
AcDbPolyline
 90
        2
 70
     0
 43
0.0
 10
2148.856867766575
 20
1645.729016967034
 10
2144.586522483729
 20
1645.764725198604
  0
LINE
  5
838
330
1F
100
AcDbEntity
  8
0
100
AcDbLine
 10
2145.783621731029
 20
1643.65065991504
 30
0.0
 11
2147.636091705162
 21
1643.65065991504
 31
0.0
  0
LINE
  5
839
330
1F
100
AcDbEntity
  8
0
100
AcDbLine
 10
2145.19500608112
 20
1644.689091973722
 30
0.0
 11
2148.24688813407
 21
1644.689091973722
 31
0.0
  0
LINE
  5
83A
330
1F
100
AcDbEntity
  8
0
100
AcDbLine
 10
2146.721695125152
 20
1645.746871082818
 30
0.0
 11
2146.749336958923
 21
1649.05255633406
 31
0.0
  0
LINE
  5
83B
330
1F
100
AcDbEntity
  8
0
100
AcDbLine
 10
2140.985146354485
 20
1642.117302403052
 30
0.0
 11
2140.985146354485
 21
1640.697743841614
 31
0.0
  0
LINE
  5
83C
330
1F
100
AcDbEntity
  8
0
100
AcDbLine
 10
2152.796256165607
 20
1642.117302403052
 30
0.0
 11
2152.796256165607
 21
1640.697743841614
 31
0.0
  0
LINE
  5
83D
330
1F
100
AcDbEntity
  8
0
100
AcDbLine
 10
2140.985146354485
 20
1641.407523122335
 30
0.0
 11
2152.796256165603
 21
1641.407523122335
 31
0.0
  0
LINE
  5
83E
330
1F
100
AcDbEntity
  8
0
100
AcDbLine
 10
2144.962771723168
 20
1642.320095060678
 30
0.0
 11
2149.224513698369
 21
1640.494951183989
 31
0.0
  0
MTEXT
  5
83F
330
1F
100
AcDbEntity
  8
0
100
AcDbMText
 10
2113.031952618095
 20
1647.935649472542
 30
0.0
 40
3.543074110242694
 41
13.62424239427506
 46
0.0
 71
     1
 72
     5
  1
{\fArial|b0|i1|c0|p34;I\H0.50195x;            \H1.99229x;>}
 73
     1
 44
1.0
101
Embedded Object
 70
     1
 10
1.0
 20
0.0
 30
0.0
 11
2113.031952618095
 21
1647.935649472542
 31
0.0
 40
13.62424239427506
 41
0.0
 42
12.28801231509155
 43
3.543180280229945
 71
     2
 72
     1
 44
13.62424239427506
 45
17.71537055121347
 73
     0
 74
     0
 46
0.0
  0
LWPOLYLINE
  5
840
330
1F
100
AcDbEntity
  8
0
100
AcDbPolyline
 90
        2
 70
     0
 43
0.0
 10
2121.030926070775
 20
1644.570725513874
 10
2116.760580787928
 20
1644.606433745444
  0
LINE
  5
841
330
1F
100
AcDbEntity
  8
0
100
AcDbLine
 10
2117.957680035228
 20
1642.492368461879
 30
0.0
 11
2119.810150009362
 21
1642.492368461879
 31
0.0
  0
LINE
  5
842
330
1F
100
AcDbEntity
  8
0
100
AcDbLine
 10
2117.36906438532
 20
1643.530800520562
 30
0.0
 11
2120.420946438271
 21
1643.530800520562
 31
0.0
  0
LINE
  5
843
330
1F
100
AcDbEntity
  8
0
100
AcDbLine
 10
2118.895753429351
 20
1644.588579629659
 30
0.0
 11
2118.923395263123
 21
1647.894264880901
 31
0.0
  0
LWPOLYLINE
  5
844
102
{ACAD_REACTORS
330
84A
102
}
330
1F
100
AcDbEntity
  8
0
100
AcDbPolyline
 90
        4
 70
     1
 43
0.0
 10
2100.520009051419
 20
1717.583924338384
 10
2118.266697982386
 20
1717.583924338384
 10
2118.266697982386
 20
1705.524860483288
 10
2100.520009051419
 20
1705.524860483288
  0
MTEXT
  5
845
102
{ACAD_REACTORS
330
84A
102
}
330
1F
100
AcDbEntity
  8
0
100
AcDbMText
 10
2106.088413746835
 20
1715.294254415078
 30
0.0
 40
3.573736277066559
 41
13.7421481394398
 46
0.0
 71
     1
 72
     5
  1
{\fArial|b0|i1|c0|p34;I\H0.50195x;   \H1.99229x;>}
 73
     1
 44
1.0
101
Embedded Object
 70
     1
 10
1.0
 20
0.0
 30
0.0
 11
2106.088413746835
 21
1715.294254415078
 31
0.0
 40
13.7421481394398
 41
0.0
 42
6.128161206269986
 43
3.57384336586097
 71
     2
 72
     1
 44
13.7421481394398
 45
17.8686813853328
 73
     0
 74
     0
 46
0.0
  0
LINE
  5
846
102
{ACAD_REACTORS
330
84A
102
}
330
1F
100
AcDbEntity
  8
0
100
AcDbLine
 10
2103.495619183135
 20
1710.459005837718
 30
0.0
 11
2103.495619183135
 21
1709.027162254833
 31
0.0
  0
LINE
  5
847
102
{ACAD_REACTORS
330
84A
102
}
330
1F
100
AcDbEntity
  8
0
100
AcDbLine
 10
2115.408943683573
 20
1710.459005837718
 30
0.0
 11
2115.408943683573
 21
1709.027162254833
 31
0.0
  0
LINE
  5
848
102
{ACAD_REACTORS
330
84A
102
}
330
1F
100
AcDbEntity
  8
0
100
AcDbLine
 10
2103.495619183135
 20
1709.743084046277
 30
0.0
 11
2115.40894368357
 21
1709.743084046277
 31
0.0
  0
LINE
  5
849
102
{ACAD_REACTORS
330
84A
102
}
330
1F
100
AcDbEntity
  8
0
100
AcDbLine
 10
2107.507667374718
 20
1710.663553486095
 30
0.0
 11
2111.806290950287
 21
1708.822614606456
 31
0.0
  0
LINE
  5
84B
330
1F
100
AcDbEntity
  8
0
100
AcDbLine
 10
2056.184673680486
 20
1712.258324174762
 30
0.0
 11
2100.520009051419
 21
1712.258324174762
 31
0.0
  0
MTEXT
  5
856
330
1F
100
AcDbEntity
  8
0
100
AcDbMText
 10
1403.639698994548
 20
1990.713815750241
 30
0.0
 40
8.677195902009412
 41
193.2428474436886
 46
0.0
 71
     1
 72
     5
  1
{\C0;CONNECTION POINT 20 kV}
 73
     1
 44
1.0
101
Embedded Object
 70
     1
 10
1.0
 20
0.0
 30
0.0
 11
1403.639698994548
 21
1990.713815750241
 31
0.0
 40
193.2428474436886
 41
0.0
 42
155.5621164369791
 43
8.979062880865129
 71
     2
 72
     1
 44
193.2428474436886
 45
43.38597951004706
 73
     0
 74
     0
 46
0.0
  0
LINE
  5
857
330
1F
100
AcDbEntity
  8
0
100
AcDbLine
 10
1580.402223882984
 20
1936.048648530928
 30
0.0
 11
1581.521913482972
 21
1779.370479911843
 31
0.0
  0
MTEXT
  5
860
330
1F
100
AcDbEntity
  8
0
100
AcDbMText
 10
1566.109913471274
 20
1999.205489602675
 30
0.0
 40
3.792703333416225
 41
67.25242552369829
 46
0.0
 71
     1
 72
     5
  1
\pxqc;{\C0;VCB 3P\P20 kV \P3150A 40 kA}
 73
     1
 44
1.0
101
Embedded Object
 70
     1
 10
1.0
 20
0.0
 30
0.0
 11
1566.109913471274
 21
1999.205489602675
 31
0.0
 40
67.25242552369829
 41
0.0
 42
30.12689653317322
 43
16.59803571129197
 71
     2
 72
     1
 44
67.25242552369829
 45
18.96351666708113
 73
     0
 74
     0
 46
0.0
  0
MTEXT
  5
868
330
1F
100
AcDbEntity
  8
0
100
AcDbMText
 10
1567.372231338048
 20
1967.650230640737
 30
0.0
 40
3.792703333416225
 41
67.25242552369829
 46
0.0
 71
     1
 72
     5
  1
\pxqc;{\C0;VCB 3P\P20 kV \P3150A 40 kA}
 73
     1
 44
1.0
101
Embedded Object
 70
     1
 10
1.0
 20
0.0
 30
0.0
 11
1567.372231338048
 21
1967.650230640737
 31
0.0
 40
67.25242552369829
 41
0.0
 42
30.12689653317322
 43
16.59803571129197
 71
     2
 72
     1
 44
67.25242552369829
 45
18.96351666708113
 73
     0
 74
     0
 46
0.0
  0
LINE
  5
869
330
1F
100
AcDbEntity
  8
0
100
AcDbLine
 10
1580.402223882986
 20
1954.910036561829
 30
0.0
 11
1580.402223882986
 21
1971.639556486212
 31
0.0
  0
LINE
  5
86A
330
1F
100
AcDbEntity
  8
0
100
AcDbLine
 10
1580.402223882984
 20
1945.261113246301
 30
0.0
 11
1580.402223882984
 21
1936.048648530928
 31
0.0
  0
LINE
  5
86B
330
1F
100
AcDbEntity
  8
0
100
AcDbLine
 10
1580.402223882984
 20
1984.557139494182
 30
0.0
 11
1580.402223882984
 21
1978.094961125008
 31
0.0
  0
LINE
  5
86C
330
1F
100
AcDbEntity
  8
0
100
AcDbLine
 10
1580.402223882986
 20
2025.621752597636
 30
0.0
 11
1580.402223882986
 21
1997.511172265379
 31
0.0
  0
MTEXT
  5
875
330
1F
100
AcDbEntity
  8
0
100
AcDbMText
 10
1866.901557949751
 20
1957.066816587266
 30
0.0
 40
3.792703333416225
 41
24.49475352448821
 46
0.0
 71
     1
 72
     5
  1
{\C0;    LBS^J3P 630 A}
 73
     1
 44
1.0
101
Embedded Object
 70
     1
 10
1.0
 20
0.0
 30
0.0
 11
1866.901557949751
 21
1957.066816587266
 31
0.0
 40
24.49475352448821
 41
0.0
 42
21.58425914781144
 43
10.26134082863112
 71
     2
 72
     1
 44
24.49475352448821
 45
18.96351666708113
 73
     0
 74
     0
 46
0.0
  0
HATCH
  5
87F
330
1F
100
AcDbEntity
  8
0
100
AcDbHatch
 10
0.0
 20
0.0
 30
0.0
210
0.0
220
0.0
230
1.0
  2
SOLID
 70
     1
 71
     0
 91
        1
 92
        7
 72
     0
 73
     1
 93
        4
 10
1538.571370527998
 20
1978.112816674938
 10
1538.571370527998
 20
1975.224626286459
 10
1625.385110650798
 20
1975.224626286459
 10
1625.385110650798
 20
1978.112816674938
 97
        0
 75
     1
 76
     1
 47
0.1271883130215129
 98
        1
 10
1550.954366991069
 20
1976.708353631755
450
        0
451
        0
460
0.0
461
0.0
452
        0
462
0.0
453
        2
463
0.0
 63
     5
421
      255
463
1.0
 63
     2
421
 16776960
470
LINEAR
1001
GradientColor1ACI
1070
     5
1001
GradientColor2ACI
1070
     2
1001
ACAD
1010
0.0
1020
0.0
1030
0.0
  0
HATCH
  5
E27
330
1F
100
AcDbEntity
  8
0
100
AcDbHatch
 10
0.0
 20
0.0
 30
-0.1786006726848441
210
0.0
220
0.0
230
1.0
  2
ANSI37
 70
     0
 71
     0
 91
        1
 92
        7
 72
     0
 73
     1
 93
        4
 10
2607.848270446577
 20
1782.359239447781
 10
2576.077235010866
 20
1782.359239447781
 10
2576.077235010866
 20
1750.588204012066
 10
2607.848270446577
 20
1750.588204012066
 97
        0
 75
     1
 76
     1
 52
0.0
 41
2.647586286309094
 77
     0
 78
     2
 53
44.99999999999999
 43
2417.813916908293
 44
1458.35918927617
 45
-5.944000738421501
 46
5.944000738421496
 79
     0
 53
135.0
 43
2417.813916908293
 44
1458.35918927617
 45
-5.944000738421501
 46
-5.944000738421496
 79
     0
 47
0.0156210321812842
 98
        1
 10
2598.336855690383
 20
1751.197549174635
1001
GradientColor1ACI
1070
     5
1001
GradientColor2ACI
1070
     2
1001
ACAD
1010
0.0
1020
0.0
1030
0.0
  0
LINE
  5
E28
330
1F
100
AcDbEntity
  8
0
100
AcDbLine
 10
2576.077235010866
 20
1750.588204012066
 30
-0.1786006726848441
 11
2576.077235010866
 21
1782.359239447781
 31
-0.1786006726848441
  0
LINE
  5
E29
330
1F
100
AcDbEntity
  8
0
100
AcDbLine
 10
2576.077235010866
 20
1782.359239447781
 30
-0.1786006726848441
 11
2607.848270446577
 21
1782.359239447781
 31
-0.1786006726848441
  0
LINE
  5
E2A
330
1F
100
AcDbEntity
  8
0
100
AcDbLine
 10
2607.848270446577
 20
1782.359239447781
 30
-0.1786006726848441
 11
2607.848270446577
 21
1750.588204012066
 31
-0.1786006726848441
  0
LINE
  5
E2B
330
1F
100
AcDbEntity
  8
0
100
AcDbLine
 10
2607.848270446577
 20
1750.588204012066
 30
-0.1786006726848441
 11
2576.077235010866
 21
1750.588204012066
 31
-0.1786006726848441
  0
MTEXT
  5
E2C
330
1F
100
AcDbEntity
  8
0
100
AcDbMText
 10
2621.184082355191
 20
1767.395527335294
 30
-0.1786006726848441
 40
5.379895333780082
 41
133.7823132199292
 46
0.0
 71
     1
 72
     5
  1
\pxqc;UTILITY GRID PLN TM (20 kV)
 73
     1
 44
1.0
101
Embedded Object
 70
     1
 10
1.0
 20
0.0
 30
0.0
 11
2621.184082355191
 21
1767.395527335294
 31
-0.1786006726848441
 40
133.7823132199292
 41
0.0
 42
103.9538165893509
 43
7.053314346197351
 71
     2
 72
     1
 44
133.7823132199292
 45
26.89947666890041
 73
     0
 74
     0
 46
0.0
  0
MTEXT
  5
E36
330
1F
100
AcDbEntity
  8
0
100
AcDbMText
 10
2621.675032412478
 20
1717.636237470761
 30
-0.1786006726848441
 40
5.379895333780082
 41
133.7823132199292
 46
0.0
 71
     1
 72
     5
  1
\pxqc;TRANSFORMATOR
 73
     1
 44
1.0
101
Embedded Object
 70
     1
 10
1.0
 20
0.0
 30
0.0
 11
2621.675032412478
 21
1717.636237470761
 31
-0.1786006726848441
 40
133.7823132199292
 41
0.0
 42
68.20283409161175
 43
5.567054039116224
 71
     2
 72
     1
 44
133.7823132199292
 45
26.89947666890041
 73
     0
 74
     0
 46
0.0
  0
MTEXT
  5
E37
330
1F
100
AcDbEntity
  8
0
100
AcDbMText
 10
2628.909215616029
 20
1656.577134970397
 30
-0.1786006726848441
 40
5.379895333780082
 41
133.7823132199292
 46
0.0
 71
     1
 72
     5
  1
\pxqc;CIRCUIT BREAKER
 73
     1
 44
1.0
101
Embedded Object
 70
     1
 10
1.0
 20
0.0
 30
0.0
 11
2628.909215616029
 21
1656.577134970397
 31
-0.1786006726848441
 40
133.7823132199292
 41
0.0
 42
68.0156753862756
 43
5.563384260580221
 71
     2
 72
     1
 44
133.7823132199292
 45
26.89947666890041
 73
     0
 74
     0
 46
0.0
  0
MTEXT
  5
E3A
330
1F
100
AcDbEntity
  8
0
100
AcDbMText
 10
2628.909215616029
 20
1501.536730650031
 30
-0.1786006726848441
 40
5.379895333780082
 41
133.7823132199292
 46
0.0
 71
     1
 72
     5
  1
\pxqc;OVER CURRENT RELAY
 73
     1
 44
1.0
101
Embedded Object
 70
     1
 10
1.0
 20
0.0
 30
0.0
 11
2628.909215616029
 21
1501.536730650031
 31
-0.1786006726848441
 40
133.7823132199292
 41
0.0
 42
86.44163341554557
 43
5.567054039116224
 71
     2
 72
     1
 44
133.7823132199292
 45
26.89947666890041
 73
     0
 74
     0
 46
0.0
  0
MTEXT
  5
E3B
330
1F
100
AcDbEntity
  8
0
100
AcDbMText
 10
2621.88634152773
 20
1454.123738039857
 30
-0.1786006726848441
 40
5.379895333780082
 41
133.7823132199292
 46
0.0
 71
     1
 72
     5
  1
\pxqc;GROUND FAULT RELAY
 73
     1
 44
1.0
101
Embedded Object
 70
     1
 10
1.0
 20
0.0
 30
0.0
 11
2621.88634152773
 21
1454.123738039857
 31
-0.1786006726848441
 40
133.7823132199292
 41
0.0
 42
85.56822612397693
 43
5.567054039116224
 71
     2
 72
     1
 44
133.7823132199292
 45
26.89947666890041
 73
     0
 74
     0
 46
0.0
  0
MTEXT
  5
E3C
330
1F
100
AcDbEntity
  8
0
100
AcDbMText
 10
2621.422501017264
 20
1399.427160008083
 30
-0.1786006726848441
 40
5.379895333780082
 41
133.7823132199292
 46
0.0
 71
     1
 72
     5
  1
\pxqc;GROUND OVERCURRENT RELAY
 73
     1
 44
1.0
101
Embedded Object
 70
     1
 10
1.0
 20
0.0
 30
0.0
 11
2621.422501017264
 21
1399.427160008083
 31
-0.1786006726848441
 40
133.7823132199292
 41
0.0
 42
119.8072598648829
 43
5.567054039116224
 71
     2
 72
     1
 44
133.7823132199292
 45
26.89947666890041
 73
     0
 74
     0
 46
0.0
  0
MTEXT
  5
E3E
330
1F
100
AcDbEntity
  8
0
100
AcDbMText
 10
2619.095726194518
 20
1310.692995009333
 30
-0.1786006726848441
 40
5.379895333780082
 41
133.7823132199292
 46
0.0
 71
     1
 72
     5
  1
\pxqc;EARTHING SWITCH
 73
     1
 44
1.0
101
Embedded Object
 70
     1
 10
1.0
 20
0.0
 30
0.0
 11
2619.095726194518
 21
1310.692995009333
 31
-0.1786006726848441
 40
133.7823132199292
 41
0.0
 42
69.36248410898864
 43
5.563384260580221
 71
     2
 72
     1
 44
133.7823132199292
 45
26.89947666890041
 73
     0
 74
     0
 46
21.69144133695198
  0
MTEXT
  5
E3F
330
1F
100
AcDbEntity
  8
0
100
AcDbMText
 10
2626.851332061745
 20
1265.640467390071
 30
-0.1786006726848441
 40
5.379895333780082
 41
133.7823132199292
 46
0.0
 71
     1
 72
     5
  1
\pxqc;CURRENT TRANSFORMER
 73
     1
 44
1.0
101
Embedded Object
 70
     1
 10
1.0
 20
0.0
 30
0.0
 11
2626.851332061745
 21
1265.640467390071
 31
-0.1786006726848441
 40
133.7823132199292
 41
0.0
 42
96.39774258372113
 43
5.567054039116224
 71
     2
 72
     1
 44
133.7823132199292
 45
26.89947666890041
 73
     0
 74
     0
 46
0.0
  0
MTEXT
  5
E40
330
1F
100
AcDbEntity
  8
0
100
AcDbMText
 10
2619.183445279669
 20
1215.567949501205
 30
-0.1786006726848441
 40
5.379895333780082
 41
133.7823132199292
 46
0.0
 71
     1
 72
     5
  1
\pxqc;MEASURING METER
 73
     1
 44
1.0
101
Embedded Object
 70
     1
 10
1.0
 20
0.0
 30
0.0
 11
2619.183445279669
 21
1215.567949501205
 31
-0.1786006726848441
 40
133.7823132199292
 41
0.0
 42
73.25611913568758
 43
5.563384260580221
 71
     2
 72
     1
 44
133.7823132199292
 45
26.89947666890041
 73
     0
 74
     0
 46
0.0
  0
HATCH
  5
E41
330
1F
100
AcDbEntity
  8
0
100
AcDbHatch
 10
0.0
 20
0.0
 30
-0.1786006726848441
210
0.0
220
0.0
230
1.0
  2
SOLID
 70
     1
 71
     0
 91
        1
 92
        7
 72
     0
 73
     1
 93
        4
 10
2572.882394303825
 20
1812.475974420484
 10
2610.803382622043
 20
1812.475974420484
 10
2610.803382622043
 20
1815.503191852716
 10
2572.882394303825
 20
1815.503191852716
 97
        0
 75
     1
 76
     1
 47
0.0851111690504572
 98
        1
 10
2513.632399902278
 20
1813.088197559137
450
        0
451
        0
460
0.0
461
0.0
452
        0
462
0.0
453
        2
463
0.0
 63
     5
421
      255
463
1.0
 63
     2
421
 16776960
470
LINEAR
1001
GradientColor1ACI
1070
     5
1001
GradientColor2ACI
1070
     2
1001
ACAD
1010
0.0
1020
0.0
1030
0.0
  0
LWPOLYLINE
  5
E42
330
1F
100
AcDbEntity
  8
0
370
    53
100
AcDbPolyline
 90
        4
 70
     1
 43
0.0
 38
-0.1786006726848441
 39
38.57774529992613
 10
2572.882394303825
 20
1815.503191852716
 10
2610.803382622043
 20
1815.503191852716
 10
2610.803382622043
 20
1812.475974420484
 10
2572.882394303825
 20
1812.475974420484
  0
MTEXT
  5
E43
330
1F
100
AcDbEntity
  8
0
100
AcDbMText
 10
2617.747409365156
 20
1815.672519495114
 30
-0.1786006726848441
 40
5.379895333780082
 41
133.7823132199292
 46
0.0
 71
     1
 72
     5
  1
\pxqc;BUSBAR
 73
     1
 44
1.0
101
Embedded Object
 70
     1
 10
1.0
 20
0.0
 30
0.0
 11
2617.747409365156
 21
1815.672519495114
 31
-0.1786006726848441
 40
133.7823132199292
 41
0.0
 42
30.26099380787896
 43
5.563384260580221
 71
     2
 72
     1
 44
133.7823132199292
 45
26.89947666890041
 73
     0
 74
     0
 46
0.0
  0
LINE
  5
E4E
330
1F
100
AcDbEntity
  8
0
100
AcDbLine
 10
2591.874389871668
 20
1671.130168878319
 30
-0.1786006726848441
 11
2599.287631473329
 21
1663.716927276657
 31
-0.1786006726848441
  0
LINE
  5
E4F
330
1F
100
AcDbEntity
  8
0
100
AcDbLine
 10
2599.287631473329
 20
1671.130168878319
 30
-0.1786006726848441
 11
2591.874389871668
 21
1663.716927276657
 31
-0.1786006726848441
  0
LINE
  5
E50
330
1F
100
AcDbEntity
  8
0
100
AcDbLine
 10
2595.581010672492
 20
1635.652512641781
 30
-0.1786006726848441
 11
2595.581010672492
 21
1641.477202471661
 31
-0.1786006726848441
  0
LINE
  5
E51
330
1F
100
AcDbEntity
  8
0
100
AcDbLine
 10
2595.581010672492
 20
1641.477202471661
 30
-0.1786006726848441
 11
2585.734529508159
 21
1662.593049471231
 31
-0.1786006726848441
  0
CIRCLE
  5
E52
330
1F
100
AcDbEntity
  8
0
100
AcDbCircle
 10
2593.707102613093
 20
1702.870035289588
 30
-0.1786006726848441
 40
12.87393193980825
  0
CIRCLE
  5
E53
330
1F
100
AcDbEntity
  8
0
100
AcDbCircle
 10
2593.646975405071
 20
1721.076425154162
 30
-0.1786006726848441
 40
12.87393193980825
  0
LWPOLYLINE
  5
E56
330
1F
100
AcDbEntity
  8
0
100
AcDbPolyline
 90
        4
 70
     1
 43
0.0
 38
-0.1786006726848441
 10
2574.848466841361
 20
1513.323821070315
 10
2616.216211807417
 20
1513.323821070315
 10
2616.216211807417
 20
1485.213998442137
 10
2574.848466841361
 20
1485.213998442137
  0
MTEXT
  5
E57
330
1F
100
AcDbEntity
  8
0
100
AcDbMText
 10
2587.828485041028
 20
1507.986572989153
 30
-0.1786006726848441
 40
8.33042216836637
 41
32.03311230221253
 46
0.0
 71
     1
 72
     5
  1
{\fArial|b0|i1|c0|p34;I\H0.50195x;   \H1.99229x;>}
 73
     1
 44
1.0
101
Embedded Object
 70
     1
 10
1.0
 20
0.0
 30
0.0
 11
2587.828485041028
 21
1507.986572989153
 31
-0.1786006726848441
 40
32.03311230221253
 41
0.0
 42
14.28481734694143
 43
8.330671793631857
 71
     2
 72
     1
 44
32.03311230221253
 45
41.65211084183185
 73
     0
 74
     0
 46
0.0
  0
LINE
  5
E58
330
1F
100
AcDbEntity
  8
0
100
AcDbLine
 10
2581.78464978377
 20
1496.715550503
 30
-0.1786006726848441
 11
2581.78464978377
 21
1493.377905920483
 31
-0.1786006726848441
  0
LINE
  5
E59
330
1F
100
AcDbEntity
  8
0
100
AcDbLine
 10
2609.55475222649
 20
1496.715550503
 30
-0.1786006726848441
 11
2609.55475222649
 21
1493.377905920483
 31
-0.1786006726848441
  0
LINE
  5
E5A
330
1F
100
AcDbEntity
  8
0
100
AcDbLine
 10
2581.78464978377
 20
1495.046728211744
 30
-0.1786006726848441
 11
2609.554752226481
 21
1495.046728211744
 31
-0.1786006726848441
  0
LINE
  5
E5B
330
1F
100
AcDbEntity
  8
0
100
AcDbLine
 10
2591.136782287279
 20
1497.19235352718
 30
-0.1786006726848441
 11
2601.1569254515
 21
1492.901102896302
 31
-0.1786006726848441
  0
LWPOLYLINE
  5
E5C
330
1F
100
AcDbEntity
  8
0
100
AcDbPolyline
 90
        4
 70
     1
 43
0.0
 38
-0.1786006726848441
 10
2574.590008128616
 20
1466.733180535967
 10
2615.957753094672
 20
1466.733180535967
 10
2615.957753094672
 20
1438.623357907787
 10
2574.590008128616
 20
1438.623357907787
  0
MTEXT
  5
E5D
330
1F
100
AcDbEntity
  8
0
100
AcDbMText
 10
2580.573171108458
 20
1457.831200319236
 30
-0.1786006726848441
 40
8.33042216836637
 41
32.03311230221253
 46
0.0
 71
     1
 72
     5
  1
{\fArial|b0|i1|c0|p34;I\H0.50195x;            \H1.99229x;>}
 73
     1
 44
1.0
101
Embedded Object
 70
     1
 10
1.0
 20
0.0
 30
0.0
 11
2580.573171108458
 21
1457.831200319236
 31
-0.1786006726848441
 40
32.03311230221253
 41
0.0
 42
28.89138838470016
 43
8.330671793631857
 71
     2
 72
     1
 44
32.03311230221253
 45
41.65211084183185
 73
     0
 74
     0
 46
0.0
  0
LWPOLYLINE
  5
E5E
330
1F
100
AcDbEntity
  8
0
100
AcDbPolyline
 90
        2
 70
     0
 43
0.0
 38
-0.1786006726848441
 10
2599.380236301292
 20
1449.919642088173
 10
2589.339865170482
 20
1450.00359874124
  0
LINE
  5
E5F
330
1F
100
AcDbEntity
  8
0
100
AcDbLine
 10
2592.154466783984
 20
1445.033040475844
 30
-0.1786006726848441
 11
2596.509966121165
 21
1445.033040475844
 31
-0.1786006726848441
  0
LINE
  5
E60
330
1F
100
AcDbEntity
  8
0
100
AcDbLine
 10
2590.770522585788
 20
1447.474586199369
 30
-0.1786006726848441
 11
2597.946061430894
 21
1447.474586199369
 31
-0.1786006726848441
  0
LINE
  5
E61
330
1F
100
AcDbEntity
  8
0
100
AcDbLine
 10
2594.360050735887
 20
1449.961620414705
 30
-0.1786006726848441
 11
2594.42504179666
 21
1457.733897494369
 31
-0.1786006726848441
  0
LWPOLYLINE
  5
E62
330
1F
100
AcDbEntity
  8
0
100
AcDbPolyline
 90
        4
 70
     1
 43
0.0
 38
-0.1786006726848441
 10
2575.211083686694
 20
1413.843792558268
 10
2616.578828652747
 20
1413.843792558268
 10
2616.578828652747
 20
1385.733969930089
 10
2575.211083686694
 20
1385.733969930089
  0
MTEXT
  5
E63
330
1F
100
AcDbEntity
  8
0
100
AcDbMText
 10
2581.969944157915
 20
1410.031602223931
 30
-0.1786006726848441
 40
8.33042216836637
 41
32.03311230221253
 46
0.0
 71
     1
 72
     5
  1
{\fArial|b0|i1|c0|p34;I\H0.50195x;            \H1.99229x;>}
 73
     1
 44
1.0
101
Embedded Object
 70
     1
 10
1.0
 20
0.0
 30
0.0
 11
2581.969944157915
 21
1410.031602223931
 31
-0.1786006726848441
 40
32.03311230221253
 41
0.0
 42
28.89138838470016
 43
8.330671793631857
 71
     2
 72
     1
 44
32.03311230221253
 45
41.65211084183185
 73
     0
 74
     0
 46
0.0
  0
LWPOLYLINE
  5
E64
330
1F
100
AcDbEntity
  8
0
100
AcDbPolyline
 90
        2
 70
     0
 43
0.0
 38
-0.1786006726848441
 10
2600.777009350752
 20
1402.120043992869
 10
2590.73663821994
 20
1402.204000645936
  0
LINE
  5
E65
330
1F
100
AcDbEntity
  8
0
100
AcDbLine
 10
2593.551239833443
 20
1397.23344238054
 30
-0.1786006726848441
 11
2597.906739170624
 21
1397.23344238054
 31
-0.1786006726848441
  0
LINE
  5
E66
330
1F
100
AcDbEntity
  8
0
100
AcDbLine
 10
2592.167295635246
 20
1399.674988104065
 30
-0.1786006726848441
 11
2599.342834480353
 21
1399.674988104065
 31
-0.1786006726848441
  0
LINE
  5
E67
330
1F
100
AcDbEntity
  8
0
100
AcDbLine
 10
2595.756823785346
 20
1402.162022319402
 30
-0.1786006726848441
 11
2595.82181484612
 21
1409.934299399066
 31
-0.1786006726848441
  0
LINE
  5
E68
330
1F
100
AcDbEntity
  8
0
100
AcDbLine
 10
2582.269137227806
 20
1393.628235429616
 30
-0.1786006726848441
 11
2582.269137227806
 21
1390.2905908471
 31
-0.1786006726848441
  0
LINE
  5
E69
330
1F
100
AcDbEntity
  8
0
100
AcDbLine
 10
2610.039239670526
 20
1393.628235429616
 30
-0.1786006726848441
 11
2610.039239670526
 21
1390.2905908471
 31
-0.1786006726848441
  0
LINE
  5
E6A
330
1F
100
AcDbEntity
  8
0
100
AcDbLine
 10
2582.269137227806
 20
1391.959413138362
 30
-0.1786006726848441
 11
2610.039239670518
 21
1391.959413138362
 31
-0.1786006726848441
  0
LINE
  5
E6B
330
1F
100
AcDbEntity
  8
0
100
AcDbLine
 10
2591.621269731315
 20
1394.105038453797
 30
-0.1786006726848441
 11
2601.641412895537
 21
1389.813787822919
 31
-0.1786006726848441
  0
MTEXT
  5
E6C
330
1F
100
AcDbEntity
  8
DOOR WINDOW 1 300
 62
     7
440
 33554687
370
     9
100
AcDbMText
 10
2564.064336117317
 20
1900.656708973232
 30
-0.1786006726848441
 40
10.19631943335555
 41
190.9003123667866
 46
0.0
 71
     1
 72
     5
  1
Ahmad Farel Desadvi Akbar\P     22/494867/TK/54326
 73
     1
 44
1.0
101
Embedded Object
 70
     1
 10
1.0
 20
0.0
 30
0.0
 11
2564.064336117317
 21
1900.656708973232
 31
-0.1786006726848441
 40
190.9003123667866
 41
0.0
 42
178.3243069248316
 43
27.54490022457876
 71
     2
 72
     1
 44
190.9003123667866
 45
50.98159716677776
 73
     0
 74
     0
 46
0.0
  0
LWPOLYLINE
  5
E6D
330
1F
100
AcDbEntity
  8
DOOR WINDOW 1 300
 62
     7
440
 33554687
370
    30
100
AcDbPolyline
 90
        4
 70
     1
 43
0.0
 38
-0.1786006726848441
 10
1107.953544024566
 20
2185.987044670385
 10
2820.935208828291
 20
2185.987044670385
 10
2820.935208828291
 20
974.6642959877158
 10
1107.953544024566
 20
974.6642959877158
  0
LWPOLYLINE
  5
E6E
330
1F
100
AcDbEntity
  8
DOOR WINDOW 1 300
 62
     7
440
 33554687
370
    30
100
AcDbPolyline
 90
        4
 70
     1
 43
0.0
 38
-0.1786006726848441
 10
1189.524099491396
 20
2145.201766936938
 10
2780.149931094899
 20
2145.201766936938
 10
2780.149931094899
 20
1015.449573721099
 10
1189.524099491396
 20
1015.449573721099
  0
LINE
  5
E6F
330
1F
100
AcDbEntity
  8
DOOR WINDOW 1 300
 62
     7
440
 33554687
370
    30
100
AcDbLine
 10
2535.438264694356
 20
2145.201766936938
 30
-0.1786006726848441
 11
2535.438264694356
 21
1015.449573721099
 31
-0.1786006726848441
  0
TEXT
  5
E70
330
1F
100
AcDbEntity
  8
DOOR WINDOW 1 300
 62
     7
440
 33554687
100
AcDbText
 10
2597.641211529778
 20
1162.866293920825
 30
-0.1786006726848441
 40
7.024203672378463
  1
JUDUL
100
AcDbText
  0
TEXT
  5
E71
330
1F
100
AcDbEntity
  8
DOOR WINDOW 1 300
 62
     7
440
 33554687
100
AcDbText
 10
2725.302433239473
 20
1079.851454001132
 30
-0.1786006726848441
 40
7.024203672378463
  1
DATE
100
AcDbText
  0
TEXT
  5
E72
330
1F
100
AcDbEntity
  8
DOOR WINDOW 1 300
 62
     7
440
 33554687
100
AcDbText
 10
2723.318229010209
 20
1163.419395555198
 30
-0.1786006726848441
 40
7.024203672378463
  1
SKALA
100
AcDbText
  0
TEXT
  5
E73
330
1F
100
AcDbEntity
  8
DOOR WINDOW 1 300
 62
     7
440
 33554687
100
AcDbText
 10
2566.453798771931
 20
2055.466660600339
 30
-0.1786006726848441
 40
9.512018568552287
  1
GADJAH MADA UNIVERSITY
100
AcDbText
  0
TEXT
  5
E74
330
1F
100
AcDbEntity
  8
DOOR WINDOW 1 300
 62
     7
440
 33554687
100
AcDbText
 10
2602.721581311867
 20
2043.734673357302
 30
-0.1786006726848441
 40
5.707211141131373
  1
FACULTY OF ENGINEERING
100
AcDbText
  0
TEXT
  5
E75
330
1F
100
AcDbEntity
  8
DOOR WINDOW 1 300
 62
     7
440
 33554687
100
AcDbText
 10
2596.813878933938
 20
2002.448024683927
 30
-0.1786006726848441
 40
8.157055546684443
  1
Ujian Tengah Semester
100
AcDbText
  0
TEXT
  5
E76
330
1F
100
AcDbEntity
  8
DOOR WINDOW 1 300
 62
     7
440
 33554687
100
AcDbText
 10
2570.788731940838
 20
1986.670182753041
 30
-0.1786006726848441
 40
9.511942472988712
  1
Perlengkapan Sistem Tenaga
100
AcDbText
  0
LINE
  5
E77
330
1F
100
AcDbEntity
  8
DOOR WINDOW 1 300
 62
     7
440
 33554687
100
AcDbLine
 10
2698.57937562807
 20
1071.556608747579
 30
-0.1786006726848441
 11
2780.149931094899
 21
1071.556608747579
 31
-0.1786006726848441
  0
LINE
  5
E78
330
1F
100
AcDbEntity
  8
DOOR WINDOW 1 300
 62
     7
440
 33554687
100
AcDbLine
 10
2698.57937562807
 20
1091.949247614302
 30
-0.1786006726848441
 11
2780.149931094899
 21
1091.949247614302
 31
-0.1786006726848441
  0
LINE
  5
E79
330
1F
100
AcDbEntity
  8
DOOR WINDOW 1 300
 62
     7
440
 33554687
100
AcDbLine
 10
2535.438264694356
 20
1912.725683856402
 30
-0.1786006726848441
 11
2780.149931094899
 21
1912.725683856402
 31
-0.1786006726848441
  0
LINE
  5
E7A
330
1F
100
AcDbEntity
  8
DOOR WINDOW 1 300
 62
     7
440
 33554687
100
AcDbLine
 10
2535.438264694356
 20
2022.845933736672
 30
-0.1786006726848441
 11
2780.149931094899
 21
2022.845933736672
 31
-0.1786006726848441
  0
LINE
  5
E7B
330
1F
100
AcDbEntity
  8
DOOR WINDOW 1 300
 62
     7
440
 33554687
100
AcDbLine
 10
2535.438264694356
 20
1937.196850496534
 30
-0.1786006726848441
 11
2780.149931094899
 21
1937.196850496534
 31
-0.1786006726848441
  0
LINE
  5
E7C
330
1F
100
AcDbEntity
  8
DOOR WINDOW 1 300
 62
     7
440
 33554687
100
AcDbLine
 10
2535.438264694356
 20
1961.668017136556
 30
-0.1786006726848441
 11
2780.149931094899
 21
1961.668017136556
 31
-0.1786006726848441
  0
LINE
  5
E7D
330
1F
100
AcDbEntity
  8
DOOR WINDOW 1 300
 62
     7
440
 33554687
100
AcDbLine
 10
2535.438264694356
 20
1912.725683856402
 30
-0.1786006726848441
 11
2780.149931094899
 21
1912.725683856402
 31
-0.1786006726848441
  0
LINE
  5
E7E
330
1F
100
AcDbEntity
  8
DOOR WINDOW 1 300
 62
     7
440
 33554687
100
AcDbLine
 10
2531.821913798671
 20
1160.256899746206
 30
-0.1786006726848441
 11
2776.533580199214
 21
1160.256899746206
 31
-0.1786006726848441
  0
LINE
  5
E7F
330
1F
100
AcDbEntity
  8
DOOR WINDOW 1 300
 62
     7
440
 33554687
100
AcDbLine
 10
2622.869864564077
 20
2072.926958475501
 30
-0.1786006726848441
 11
2622.869864564077
 21
2132.191356116881
 31
-0.1786006726848441
1001
ACAD
1000
OLEBEGIN
1070
    70
1070
     1
1070
    71
1070
     1
1070
    40
1040
0.0
1070
    41
1040
29.08555843465729
1070
    42
1040
30.77078868793615
1070
    72
1070
     0
1070
     3
1000

1070
    90
1071
        0
1070
    43
1040
0.0
1070
     4
1000

1070
    91
1071
        0
1070
    44
1040
0.0
1000
OLEEND
  0
LINE
  5
E80
330
1F
100
AcDbEntity
  8
DOOR WINDOW 1 300
 62
     7
440
 33554687
100
AcDbLine
 10
2682.182993503382
 20
2132.191356116881
 30
-0.1786006726848441
 11
2682.182993503382
 21
2072.926958475501
 31
-0.1786006726848441
1001
ACAD
1000
OLEBEGIN
1070
    70
1070
     1
1070
    71
1070
     1
1070
    40
1040
0.0
1070
    41
1040
29.08555843465729
1070
    42
1040
30.77078868793615
1070
    72
1070
     0
1070
     3
1000

1070
    90
1071
        0
1070
    43
1040
0.0
1070
     4
1000

1070
    91
1071
        0
1070
    44
1040
0.0
1000
OLEEND
  0
LINE
  5
E81
330
1F
100
AcDbEntity
  8
DOOR WINDOW 1 300
 62
     7
440
 33554687
100
AcDbLine
 10
2682.182993503382
 20
2072.926958475501
 30
-0.1786006726848441
 11
2622.869864564077
 21
2072.926958475501
 31
-0.1786006726848441
1001
ACAD
1000
OLEBEGIN
1070
    70
1070
     1
1070
    71
1070
     1
1070
    40
1040
0.0
1070
    41
1040
29.08555843465729
1070
    42
1040
30.77078868793615
1070
    72
1070
     0
1070
     3
1000

1070
    90
1071
        0
1070
    43
1040
0.0
1070
     4
1000

1070
    91
1071
        0
1070
    44
1040
0.0
1000
OLEEND
  0
LINE
  5
E82
330
1F
100
AcDbEntity
  8
DOOR WINDOW 1 300
 62
     7
440
 33554687
100
AcDbLine
 10
2698.57937562807
 20
1172.552602947233
 30
-0.1786006726848441
 11
2698.57937562807
 21
1097.020129187982
 31
-0.1786006726848441
  0
LINE
  5
E83
330
1F
100
AcDbEntity
  8
DOOR WINDOW 1 300
 62
     7
440
 33554687
100
AcDbLine
 10
2535.438264694356
 20
1172.552602947233
 30
-0.1786006726848441
 11
2780.149931094899
 21
1172.552602947233
 31
-0.1786006726848441
  0
LINE
  5
E84
330
1F
100
AcDbEntity
  8
DOOR WINDOW 1 300
 62
     7
440
 33554687
100
AcDbLine
 10
2698.57937562807
 20
1071.556608747579
 30
-0.1786006726848441
 11
2780.149931094899
 21
1071.556608747579
 31
-0.1786006726848441
  0
LINE
  5
E85
330
1F
100
AcDbEntity
  8
DOOR WINDOW 1 300
 62
     7
440
 33554687
100
AcDbLine
 10
2698.57937562807
 20
1091.949247614302
 30
-0.1786006726848441
 11
2780.149931094899
 21
1091.949247614302
 31
-0.1786006726848441
  0
LINE
  5
E86
330
1F
100
AcDbEntity
  8
DOOR WINDOW 1 300
 62
     7
440
 33554687
100
AcDbLine
 10
2535.438264694356
 20
2022.845933736672
 30
-0.1786006726848441
 11
2780.149931094899
 21
2022.845933736672
 31
-0.1786006726848441
  0
LINE
  5
E87
330
1F
100
AcDbEntity
  8
DOOR WINDOW 1 300
 62
     7
440
 33554687
100
AcDbLine
 10
2535.438264694356
 20
1961.668017136556
 30
-0.1786006726848441
 11
2780.149931094899
 21
1961.668017136556
 31
-0.1786006726848441
  0
LINE
  5
E88
330
1F
100
AcDbEntity
  8
DOOR WINDOW 1 300
 62
     7
440
 33554687
100
AcDbLine
 10
2535.438264694356
 20
1937.196850496534
 30
-0.1786006726848441
 11
2780.149931094899
 21
1937.196850496534
 31
-0.1786006726848441
  0
LINE
  5
E89
330
1F
100
AcDbEntity
  8
DOOR WINDOW 1 300
 62
     7
440
 33554687
100
AcDbLine
 10
2698.57937562807
 20
1172.552602947233
 30
-0.1786006726848441
 11
2698.57937562807
 21
1015.449573721099
 31
-0.1786006726848441
  0
OLE2FRAME
  5
E8A
330
1F
100
AcDbEntity
  8
DOOR WINDOW 1 300
 62
     7
440
 33554687
100
AcDbOle2Frame
 70
     2
  1
OLE
1001
ACAD
1000
OLEBEGIN
1070
    70
1070
     1
1070
    71
1070
     1
1070
    40
1040
0.0
1070
    41
1040
38.1232535940776
1070
    42
1040
38.09193176597592
1070
    72
1070
     0
1070
     3
1000

1070
    90
1071
        0
1070
    43
1040
0.0
1070
     4
1000

1070
    91
1071
        0
1070
    44
1040
0.0
1000
OLEEND
  0
LINE
  5
E8B
330
1F
100
AcDbEntity
  8
DOOR WINDOW 1 300
 62
     7
440
 33554687
100
AcDbLine
 10
2535.438264694356
 20
2022.845933736672
 30
-0.1786006726848441
 11
2780.149931094899
 21
2022.845933736672
 31
-0.1786006726848441
  0
TEXT
  5
E8C
330
1F
100
AcDbEntity
  8
DOOR WINDOW 1 300
 62
     7
440
 33554687
100
AcDbText
 10
2639.566662271257
 20
1920.595984263609
 30
-0.1786006726848441
 40
10.19631943335554
  1
NAME
100
AcDbText
  0
TEXT
  5
E8D
330
1F
100
AcDbEntity
  8
DOOR WINDOW 1 300
 62
     7
440
 33554687
100
AcDbText
 10
2555.15390472341
 20
1945.105514432861
 30
-0.1786006726848441
 40
10.19631943335554
  1
UNIVERSITAS GADJAH MADA
100
AcDbText
  0
MTEXT
  5
E8E
102
{ACAD_XDICTIONARY
360
E8F
102
}
330
1F
100
AcDbEntity
  8
DOOR WINDOW 1 300
 62
     7
440
 33554687
100
AcDbMText
 10
2698.57937562807
 20
1046.57562613589
 30
-0.1786006726848441
 40
9.176687490019999
 41
81.97128491373037
 46
12.847362486028
 71
     1
 72
     5
  1
\pxqc;26/10/2025
  7
750 judulskala150)
 73
     1
 44
1.0
1001
AcDbBlockRepETag
1070
     1
1071
       67
1005
0
  0
MTEXT
  5
E90
102
{ACAD_XDICTIONARY
360
E91
102
}
330
1F
100
AcDbEntity
  8
DOOR WINDOW 1 300
 62
     7
440
 33554687
100
AcDbMText
 10
1950.788364391339
 20
1061.843500582543
 30
-0.1786006726848441
 40
16.31436261863322
 41
588.8136325330406
 46
32.97960106638644
 71
     1
 72
     5
  1
\pxqc;Grid Utility to MDP Connection IEC 60617 Standard
  7
750 judulskala150)
 73
     1
 44
1.0
1001
AcDbBlockRepETag
1070
     1
1071
       67
1005
0
  0
LINE
  5
E92
330
1F
100
AcDbEntity
  8
DOOR WINDOW 1 300
 62
     7
100
AcDbLine
 10
1993.060800197265
 20
1035.191088429243
 30
-0.1786006726848441
 11
2499.968749739803
 21
1035.191088429243
 31
-0.1786006726848441
  0
MTEXT
  5
E93
102
{ACAD_XDICTIONARY
360
E94
102
}
330
1F
100
AcDbEntity
  8
DOOR WINDOW 1 300
 62
     7
440
 33554687
100
AcDbMText
 10
2529.015918572481
 20
1107.863753217561
 30
-0.2161151190065091
 40
8.249186716306043
 41
176.0732393652096
 46
16.67579012343294
 71
     1
 72
     5
  1
\pxqc;Grid Utility to MDP Connection IEC 60617 Standard
  7
750 judulskala150)
 73
     1
 44
1.0
1001
AcDbBlockRepETag
1070
     1
1071
       67
1005
0
  0
LINE
  5
E95
330
1F
100
AcDbEntity
  8
DOOR WINDOW 1 300
 62
     7
440
 33554687
100
AcDbLine
 10
2535.438264694356
 20
1857.899000086699
 30
-0.1786006726848441
 11
2780.149931094899
 21
1857.899000086699
 31
-0.1786006726848441
  0
LINE
  5
11FF
330
1F
100
AcDbEntity
  8
0
100
AcDbLine
 10
2052.891583306003
 20
1603.505019012014
 30
0.0
 11
1575.332508912776
 21
1603.505019012014
 31
0.0
  0
LINE
  5
1200
330
1F
100
AcDbEntity
  8
0
100
AcDbLine
 10
1575.332508912776
 20
1603.505019012014
 30
0.0
 11
1575.332508912776
 21
1189.385071963776
 31
0.0
  0
LINE
  5
1201
330
1F
100
AcDbEntity
  8
0
100
AcDbLine
 10
1575.332508912776
 20
1189.385071963776
 30
0.0
 11
1807.256898008513
 21
1189.385071963776
 31
0.0
  0
LINE
  5
1202
330
1F
100
AcDbEntity
  8
0
 62
     1
100
AcDbLine
 10
1534.357068994536
 20
1032.33763049662
 30
0.0
 11
1534.357068994536
 21
1029.092584494119
 31
0.0
  0
MTEXT
  5
120B
330
1F
100
AcDbEntity
  8
0
100
AcDbMText
 10
1705.713162151125
 20
1466.555586133766
 30
0.0
 40
3.792703333416225
 41
84.46424397181093
 46
0.0
 71
     1
 72
     5
  1
{\C0;Bus MDP 3 Phase  50 Hz 380 V}
 73
     1
 44
1.0
101
Embedded Object
 70
     1
 10
1.0
 20
0.0
 30
0.0
 11
1705.713162151125
 21
1466.555586133766
 31
0.0
 40
84.46424397181093
 41
0.0
 42
74.96410081109724
 43
3.875490855018762
 71
     2
 72
     1
 44
84.46424397181093
 45
18.96351666708113
 73
     0
 74
     0
 46
0.0
  0
MTEXT
  5
1213
330
1F
100
AcDbEntity
  8
0
100
AcDbMText
 10
1888.659288948893
 20
1726.314600137883
 30
0.0
 40
3.792703333416225
 41
81.29442880885781
 46
0.0
 71
     1
 72
     5
  1
{\C0;3 × 1-core NA2XSY 95 mm^ 2 (Al) }
 11
0.0000000000000001
 21
1.0
 31
0.0
 73
     1
 44
1.0
101
Embedded Object
 70
     1
 10
0.0000000000000001
 20
1.0
 30
0.0
 11
1888.659288948893
 21
1726.314600137883
 31
0.0
 40
81.29442880885781
 41
0.0
 42
78.78008813496418
 43
4.972425516252377
 71
     2
 72
     1
 44
81.29442880885781
 45
18.96351666708113
 73
     0
 74
     0
 46
0.0
  0
LINE
  5
1214
330
1F
100
AcDbEntity
  8
0
100
AcDbLine
 10
1581.521913482972
 20
1779.370479911843
 30
0.0
 11
1581.521913482972
 21
1720.799658731534
 31
0.0
  0
LINE
  5
1215
330
1F
100
AcDbEntity
  8
0
100
AcDbLine
 10
1763.056497591063
 20
1720.799658731534
 30
0.0
 11
1581.521913482972
 21
1720.799658731534
 31
0.0
  0
MTEXT
  5
121D
330
1F
100
AcDbEntity
  8
0
100
AcDbMText
 10
1897.590778257138
 20
1751.540353723018
 30
0.0
 40
3.792703333416225
 41
96.92494360449686
 46
0.0
 71
     1
 72
     5
  1
{\C0;INCOMING}
 11
0.0000000000000001
 21
1.0
 31
0.0
 73
     1
 44
1.0
101
Embedded Object
 70
     1
 10
0.0000000000000001
 20
1.0
 30
0.0
 11
1897.590778257138
 21
1751.540353723018
 31
0.0
 40
96.92494360449686
 41
0.0
 42
26.25399278820454
 43
3.924645945970268
 71
     2
 72
     1
 44
96.92494360449686
 45
18.96351666708113
 73
     0
 74
     0
 46
0.0
  0
MTEXT
  5
122D
102
{ACAD_XDICTIONARY
360
122E
102
}
330
1F
100
AcDbEntity
  8
DOOR WINDOW 1 300
 62
     7
440
 33554687
100
AcDbMText
 10
2696.330749475555
 20
1129.98939323966
 30
-0.1786006726848441
 40
9.176687490019999
 41
81.97128491373037
 46
12.847362486028
 71
     1
 72
     5
  1
\pxqc;1 : 100
  7
750 judulskala150)
 73
     1
 44
1.0
1001
AcDbBlockRepETag
1070
     1
1071
       67
1005
0
  0
CIRCLE
  5
126E
102
{ACAD_REACTORS
330
1270
102
}
330
1F
100
AcDbEntity
  8
0
100
AcDbCircle
 10
2591.697805260429
 20
1264.333660806431
 30
0.0
 40
13.77958514325497
  0
LINE
  5
126F
102
{ACAD_REACTORS
330
1270
102
}
330
1F
100
AcDbEntity
  8
0
100
AcDbLine
 10
2605.477390403684
 20
1264.333660806431
 30
0.0
 11
2614.950414359949
 21
1264.333660806431
 31
0.0
  0
LWPOLYLINE
  5
1271
102
{ACAD_REACTORS
330
1276
102
}
330
1F
100
AcDbEntity
  8
0
100
AcDbPolyline
 90
        4
 70
     1
 43
0.0
 10
2585.234813237912
 20
1364.996679108201
 10
2597.619954064041
 20
1364.996679108201
 10
2597.619954064041
 20
1334.058571495895
 10
2585.234813237912
 20
1334.058571495895
  0
LINE
  5
1272
102
{ACAD_REACTORS
330
1276
102
}
330
1F
100
AcDbEntity
  8
0
100
AcDbLine
 10
2585.167623888018
 20
1360.297132181913
 30
0.0
 11
2597.552764714145
 21
1360.297132181913
 31
0.0
  0
LINE
  5
1273
102
{ACAD_REACTORS
330
1276
102
}
330
1F
100
AcDbEntity
  8
0
100
AcDbLine
 10
2585.234813237912
 20
1338.544941350028
 30
0.0
 11
2597.619954064041
 21
1338.544941350028
 31
0.0
  0
LINE
  5
1274
102
{ACAD_REACTORS
330
1276
102
}
330
1F
100
AcDbEntity
  8
0
100
AcDbLine
 10
2591.427383650976
 20
1364.996679108201
 30
0.0
 11
2591.427383650976
 21
1371.591240365697
 31
0.0
  0
LINE
  5
1275
102
{ACAD_REACTORS
330
1276
102
}
330
1F
100
AcDbEntity
  8
0
100
AcDbLine
 10
2591.427383650976
 20
1334.058571495895
 30
0.0
 11
2591.427383650976
 21
1327.788514827299
 31
0.0
  0
MTEXT
  5
127E
330
1F
100
AcDbEntity
  8
0
100
AcDbMText
 10
2615.741491837727
 20
1352.129019149174
 30
-0.1786006726848441
 40
5.379895333780082
 41
133.7823132199292
 46
0.0
 71
     1
 72
     5
  1
\pxqc;FUSE
 73
     1
 44
1.0
101
Embedded Object
 70
     1
 10
1.0
 20
0.0
 30
0.0
 11
2615.741491837727
 21
1352.129019149174
 31
-0.1786006726848441
 40
133.7823132199292
 41
0.0
 42
19.02413193063843
 43
5.563384260580221
 71
     2
 72
     1
 44
133.7823132199292
 45
26.89947666890041
 73
     0
 74
     0
 46
0.0
  0
LWPOLYLINE
  5
127F
102
{ACAD_REACTORS
330
1281
102
}
330
1F
100
AcDbEntity
  8
0
100
AcDbPolyline
 90
        4
 70
     1
 43
0.0
 10
2573.337887188869
 20
1558.801127985199
 10
2613.549645548208
 20
1558.801127985199
 10
2613.549645548208
 20
1530.156977125986
 10
2573.337887188869
 20
1530.156977125986
  0
MTEXT
  5
1280
102
{ACAD_REACTORS
330
1281
102
}
330
1F
100
AcDbEntity
  8
0
100
AcDbMText
 10
2576.848766332335
 20
1550.54372040313
 30
0.0
 40
10.67186978431043
 41
34.95193808183051
 46
0.0
 71
     1
 72
     5
  1
\pxqc;REG
 73
     1
 44
1.0
101
Embedded Object
 70
     1
 10
1.0
 20
0.0
 30
0.0
 11
2576.848766332335
 21
1550.54372040313
 31
0.0
 40
34.95193808183051
 41
0.0
 42
30.20299299802455
 43
11.03584897204271
 71
     2
 72
     1
 44
34.95193808183051
 45
53.35934892155216
 73
     0
 74
     0
 46
0.0
  0
LWPOLYLINE
  5
1282
102
{ACAD_REACTORS
330
1284
102
}
330
1F
100
AcDbEntity
  8
0
100
AcDbPolyline
 90
        4
 70
     1
 43
0.0
 10
2577.38944730622
 20
1227.21204096153
 10
2621.456499442494
 20
1227.21204096153
 10
2621.456499442494
 20
1195.82163823324
 10
2577.38944730622
 20
1195.82163823324
  0
MTEXT
  5
1283
102
{ACAD_REACTORS
330
1284
102
}
330
1F
100
AcDbEntity
  8
0
100
AcDbMText
 10
2581.236931240562
 20
1218.162956184441
 30
0.0
 40
11.69503302925137
 41
38.30294770878044
 46
0.0
 71
     1
 72
     5
  1
\pxqc;MM
 73
     1
 44
1.0
101
Embedded Object
 70
     1
 10
1.0
 20
0.0
 30
0.0
 11
2581.236931240562
 21
1218.162956184441
 31
0.0
 40
38.30294770878044
 41
0.0
 42
24.77017568610198
 43
11.69503302925137
 71
     2
 72
     1
 44
38.30294770878044
 45
58.47516514625684
 73
     0
 74
     0
 46
0.0
  0
LWPOLYLINE
  5
1286
102
{ACAD_REACTORS
330
1288
102
}
330
1F
100
AcDbEntity
  8
0
100
AcDbPolyline
 90
        4
 70
     1
 43
0.0
 10
2572.237425874075
 20
1601.804668009363
 10
2614.397516288758
 20
1601.804668009363
 10
2614.397516288758
 20
1571.772656494606
 10
2572.237425874075
 20
1571.772656494606
  0
MTEXT
  5
1287
102
{ACAD_REACTORS
330
1288
102
}
330
1F
100
AcDbEntity
  8
0
100
AcDbMText
 10
2575.918413430022
 20
1593.147174170375
 30
0.0
 40
11.18894107986116
 41
36.64542237945107
 46
0.0
 71
     1
 72
     5
  1
\pxqc;PR
 73
     1
 44
1.0
101
Embedded Object
 70
     1
 10
1.0
 20
0.0
 30
0.0
 11
2575.918413430022
 21
1593.147174170375
 31
0.0
 40
36.64542237945107
 41
0.0
 42
20.30953084141239
 43
11.18894107986116
 71
     2
 72
     1
 44
36.64542237945107
 45
55.94470539930583
 73
     0
 74
     0
 46
0.0
  0
LINE
  5
1289
102
{ACAD_REACTORS
330
1291
102
}
330
1F
100
AcDbEntity
  8
0
370
    50
100
AcDbLine
 10
2582.647491274523
 20
1313.541253600474
 30
0.0
 11
2585.614082756543
 21
1310.574662118455
 31
0.0
  0
LINE
  5
128A
102
{ACAD_REACTORS
330
1291
102
}
330
1F
100
AcDbEntity
  8
0
370
    50
100
AcDbLine
 10
2582.647491274523
 20
1310.574662118455
 30
0.0
 11
2585.614082756543
 21
1313.541253600474
 31
0.0
  0
LINE
  5
128B
102
{ACAD_REACTORS
330
1291
102
}
330
1F
100
AcDbEntity
  8
0
370
    50
100
AcDbLine
 10
2594.513857202607
 20
1312.057957859466
 30
0.0
 11
2586.063830181969
 21
1315.998270170808
 31
0.0
  0
LINE
  5
128C
102
{ACAD_REACTORS
330
1291
102
}
330
1F
100
AcDbEntity
  8
0
100
AcDbLine
 10
2594.513857202607
 20
1312.057957859466
 30
0.0
 11
2598.096416043496
 21
1312.057957859466
 31
0.0
  0
LINE
  5
128D
102
{ACAD_REACTORS
330
1291
102
}
330
1F
100
AcDbEntity
  8
0
100
AcDbLine
 10
2598.096416043496
 20
1312.057957859466
 30
0.0
 11
2598.096416043496
 21
1294.041640131941
 31
0.0
  0
LWPOLYLINE
  5
128E
102
{ACAD_REACTORS
330
1291
102
}
330
1F
100
AcDbEntity
  8
0
100
AcDbPolyline
 90
        2
 70
     0
 43
0.0
 10
2601.662587545352
 20
1294.011820136267
 10
2594.530244541641
 20
1294.071460127614
  0
LINE
  5
128F
102
{ACAD_REACTORS
330
1291
102
}
330
1F
100
AcDbEntity
  8
0
100
AcDbLine
 10
2596.529643155991
 20
1290.540542195694
 30
0.0
 11
2599.623643847859
 21
1290.540542195694
 31
0.0
  0
LINE
  5
1290
102
{ACAD_REACTORS
330
1291
102
}
330
1F
100
AcDbEntity
  8
0
100
AcDbLine
 10
2595.546535600416
 20
1292.274934414119
 30
0.0
 11
2600.643797804441
 21
1292.274934414119
 31
0.0
  0
LINE
  5
1292
102
{ACAD_REACTORS
330
1295
330
12A8
102
}
330
1F
100
AcDbEntity
  8
0
100
AcDbLine
 10
2595.140702960431
 20
1614.931987165379
 30
0.0
 11
2589.210029441054
 21
1625.44808358702
 31
0.0
  0
LINE
  5
1293
102
{ACAD_REACTORS
330
1295
330
12A8
102
}
330
1F
100
AcDbEntity
  8
0
100
AcDbLine
 10
2589.210029441054
 20
1625.44808358702
 30
0.0
 11
2600.785325134226
 21
1625.44808358702
 31
0.0
  0
LINE
  5
1294
102
{ACAD_REACTORS
330
1295
330
12A8
102
}
330
1F
100
AcDbEntity
  8
0
100
AcDbLine
 10
2600.785325134226
 20
1625.44808358702
 30
0.0
 11
2595.140702960431
 21
1614.931987165379
 31
0.0
  0
LWPOLYLINE
  5
1296
102
{ACAD_REACTORS
330
12A8
102
}
330
1F
100
AcDbEntity
  8
Area_Boundary
370
     9
100
AcDbPolyline
 90
        2
 70
     0
 43
0.0
 10
2598.342107958777
 20
1620.7838869646
 10
2608.149758115093
 20
1620.7838869646
  0
LWPOLYLINE
  5
129F
102
{ACAD_REACTORS
330
12A8
102
}
330
1F
100
AcDbEntity
  8
Area_Boundary
370
     9
100
AcDbPolyline
 90
        2
 70
     0
 43
0.0
 10
2581.181173919007
 20
1620.7838869646
 10
2591.724842558646
 20
1620.7838869646
  0
MTEXT
  5
12A7
330
1F
100
AcDbEntity
  8
0
100
AcDbMText
 10
2628.883610901341
 20
1623.539147787645
 30
-0.1786006726848441
 40
5.379895333780082
 41
133.7823132199292
 46
0.0
 71
     1
 72
     5
  1
\pxqc;MECHANICAL INTERLOCK
 73
     1
 44
1.0
101
Embedded Object
 70
     1
 10
1.0
 20
0.0
 30
0.0
 11
2628.883610901341
 21
1623.539147787645
 31
-0.1786006726848441
 40
133.7823132199292
 41
0.0
 42
93.80687893730316
 43
5.567054039116224
 71
     2
 72
     1
 44
133.7823132199292
 45
26.89947666890041
 73
     0
 74
     0
 46
0.0
  0
MTEXT
  5
12B0
330
1F
100
AcDbEntity
  8
0
100
AcDbMText
 10
2626.102306435925
 20
1585.078741561447
 30
-0.1786006726848441
 40
5.379895333780082
 41
133.7823132199292
 46
0.0
 71
     1
 72
     5
  1
\pxqc;POWER FACTOR REGULATOR
 73
     1
 44
1.0
101
Embedded Object
 70
     1
 10
1.0
 20
0.0
 30
0.0
 11
2626.102306435925
 21
1585.078741561447
 31
-0.1786006726848441
 40
133.7823132199292
 41
0.0
 42
109.5612381923631
 43
5.567054039116224
 71
     2
 72
     1
 44
133.7823132199292
 45
26.89947666890041
 73
     0
 74
     0
 46
0.0
  0
MTEXT
  5
12B8
330
1F
100
AcDbEntity
  8
0
100
AcDbMText
 10
2622.044588957897
 20
1547.908053082391
 30
-0.1786006726848441
 40
5.379895333780082
 41
133.7823132199292
 46
0.0
 71
     1
 72
     5
  1
\pxqc;REGULATOR
 73
     1
 44
1.0
101
Embedded Object
 70
     1
 10
1.0
 20
0.0
 30
0.0
 11
2622.044588957897
 21
1547.908053082391
 31
-0.1786006726848441
 40
133.7823132199292
 41
0.0
 42
46.08507885512297
 43
5.567054039116224
 71
     2
 72
     1
 44
133.7823132199292
 45
26.89947666890041
 73
     0
 74
     0
 46
0.0
  0
HATCH
  5
16DB
330
1F
100
AcDbEntity
  8
0
100
AcDbHatch
 10
0.0
 20
0.0
 30
0.0
210
0.0
220
0.0
230
1.0
  2
ANSI37
 70
     0
 71
     0
 91
        1
 92
        7
 72
     0
 73
     1
 93
        4
 10
7205.983465797669
 20
5234.470774570418
 10
7173.417612275554
 20
5234.470774570418
 10
7173.417612275554
 20
5201.904921048303
 10
7205.983465797669
 20
5201.904921048303
 97
        0
 75
     1
 76
     1
 52
0.0
 41
2.713821126842695
 77
     0
 78
     2
 53
44.99999999999998
 43
7011.195010318473
 44
4902.365193800251
 45
-6.092702196453976
 46
6.092702196453969
 79
     0
 53
135.0
 43
7011.195010318473
 44
4902.365193800251
 45
-6.092702196453976
 46
-6.092702196453969
 79
     0
 47
0.0156210321812842
 98
        1
 10
7196.234103351962
 20
5202.529510238941
1001
GradientColor1ACI
1070
     5
1001
GradientColor2ACI
1070
     2
1001
ACAD
1010
0.0
1020
0.0
1030
0.0
  0
LINE
  5
16DC
330
1F
100
AcDbEntity
  8
0
100
AcDbLine
 10
7173.417612275554
 20
5201.904921048306
 30
0.0
 11
7173.417612275554
 21
5234.47077457042
 31
0.0
  0
LINE
  5
16DD
330
1F
100
AcDbEntity
  8
0
100
AcDbLine
 10
7173.417612275554
 20
5234.47077457042
 30
0.0
 11
7205.983465797669
 21
5234.47077457042
 31
0.0
  0
LINE
  5
16DE
330
1F
100
AcDbEntity
  8
0
100
AcDbLine
 10
7205.983465797669
 20
5234.47077457042
 30
0.0
 11
7205.983465797669
 21
5201.904921048306
 31
0.0
  0
LINE
  5
16DF
330
1F
100
AcDbEntity
  8
0
100
AcDbLine
 10
7205.983465797669
 20
5201.904921048306
 30
0.0
 11
7173.417612275554
 21
5201.904921048306
 31
0.0
  0
HATCH
  5
16E0
330
1F
100
AcDbEntity
  8
0
 62
     4
100
AcDbHatch
 10
0.0
 20
0.0
 30
0.0
210
0.0
220
0.0
230
1.0
  2
SOLID
 70
     1
 71
     0
 91
        1
 92
        1
 93
        4
 72
     1
 10
7236.348928334525
 20
5139.544499391203
 11
7149.545599220232
 21
5139.544499391203
 72
     1
 10
7149.545599220232
 20
5139.544499391203
 11
7149.545599220232
 21
5138.625127754036
 72
     1
 10
7149.545599220232
 20
5138.625127754036
 11
7236.348928334525
 21
5138.625127754036
 72
     1
 10
7236.348928334525
 20
5138.625127754036
 11
7236.348928334525
 21
5139.544499391202
 97
        0
 75
     1
 76
     1
 98
        1
 10
7163.893956230366
 20
5138.811061074616
450
        0
451
        0
460
0.0
461
0.0
452
        0
462
0.0
453
        2
463
0.0
 63
     5
421
      255
463
1.0
 63
     2
421
 16776960
470
LINEAR
1001
GradientColor1ACI
1070
     5
1001
GradientColor2ACI
1070
     2
1001
ACAD
1010
0.0
1020
0.0
1030
0.0
  0
HATCH
  5
16E1
330
1F
100
AcDbEntity
  8
0
 62
     4
100
AcDbHatch
 10
0.0
 20
0.0
 30
0.0
210
0.0
220
0.0
230
1.0
  2
SOLID
 70
     1
 71
     0
 91
        1
 92
        7
 72
     0
 73
     1
 93
        4
 10
7149.545599220232
 20
5139.562354941134
 10
7149.545599220232
 20
5136.674164552655
 10
7236.359339343033
 20
5136.674164552655
 10
7236.359339343033
 20
5139.562354941134
 97
        0
 75
     1
 76
     1
 47
0.1271883130215129
 98
        1
 10
7161.928595683304
 20
5138.157891897952
450
        0
451
        0
460
0.0
461
0.0
452
        0
462
0.0
453
        2
463
0.0
 63
     5
421
      255
463
1.0
 63
     2
421
 16776960
470
LINEAR
1001
GradientColor1ACI
1070
     5
1001
GradientColor2ACI
1070
     2
1001
ACAD
1010
0.0
1020
0.0
1030
0.0
  0
LWPOLYLINE
  5
16E2
330
1F
100
AcDbEntity
  8
0
 62
     4
370
    53
100
AcDbPolyline
 90
        4
 70
     1
 43
0.0
 39
11.7161339245056
 10
7149.545599220232
 20
5139.562354941134
 10
7236.359339343033
 20
5139.562354941134
 10
7236.359339343033
 20
5136.674164552655
 10
7149.545599220232
 20
5136.674164552655
  0
LINE
  5
16E3
330
1F
100
AcDbEntity
  8
0
 62
     1
370
    50
100
AcDbLine
 10
7190.250744855076
 20
5117.48528254817
 30
0.0
 11
7192.502160295365
 21
5115.233867107882
 31
0.0
  0
LINE
  5
16E4
330
1F
100
AcDbEntity
  8
0
 62
     1
370
    50
100
AcDbLine
 10
7192.502160295365
 20
5117.48528254817
 30
0.0
 11
7190.250744855076
 21
5115.233867107882
 31
0.0
  0
LINE
  5
16E5
330
1F
100
AcDbEntity
  8
0
 62
     1
370
    50
100
AcDbLine
 10
7191.376452575219
 20
5106.710651512497
 30
0.0
 11
7191.376452575219
 21
5108.479620787011
 31
0.0
  0
LINE
  5
16E6
330
1F
100
AcDbEntity
  8
0
 62
     1
370
    50
100
AcDbLine
 10
7191.376452575219
 20
5108.479620787011
 30
0.0
 11
7188.386057695748
 21
5114.892543301091
 31
0.0
  0
LINE
  5
16E7
330
1F
100
AcDbEntity
  8
0
 62
     1
370
    50
100
AcDbLine
 10
7190.250744855076
 20
5160.08641825172
 30
0.0
 11
7192.502160295365
 21
5157.835002811432
 31
0.0
  0
LINE
  5
16E8
330
1F
100
AcDbEntity
  8
0
 62
     1
370
    50
100
AcDbLine
 10
7192.502160295365
 20
5160.08641825172
 30
0.0
 11
7190.250744855076
 21
5157.835002811432
 31
0.0
  0
LINE
  5
16E9
330
1F
100
AcDbEntity
  8
0
 62
     1
370
    50
100
AcDbLine
 10
7191.376452575219
 20
5149.311787216048
 30
0.0
 11
7191.376452575219
 21
5151.080756490562
 31
0.0
  0
LINE
  5
16EA
330
1F
100
AcDbEntity
  8
0
 62
     1
370
    50
100
AcDbLine
 10
7191.376452575219
 20
5151.080756490562
 30
0.0
 11
7188.386057695748
 21
5157.493679004641
 31
0.0
  0
LINE
  5
16EB
330
1F
100
AcDbEntity
  8
0
 62
     1
100
AcDbLine
 10
7191.376452575221
 20
5133.089094752409
 30
0.0
 11
7191.376452575221
 21
5138.625127754036
 31
0.0
  0
LINE
  5
16EC
330
1F
100
AcDbEntity
  8
0
 62
     1
100
AcDbLine
 10
7191.376452575219
 20
5149.311787216048
 30
0.0
 11
7191.376452575219
 21
5146.006677760379
 31
0.0
  0
LINE
  5
16ED
330
1F
100
AcDbEntity
  8
0
 62
     1
100
AcDbLine
 10
7191.376452575221
 20
5187.071290863833
 30
0.0
 11
7191.376452575221
 21
5201.904921048305
 31
0.0
  0
MTEXT
  5
16EE
330
1F
100
AcDbEntity
  8
0
 62
     1
100
AcDbMText
 10
7148.958325061066
 20
5246.009432556759
 30
0.0
 40
6.833998412346413
 41
88.59993838990687
 46
0.0
 71
     1
 72
     5
  1
{\C0;GRID UTILITI 20 kV}
 73
     1
 44
1.0
101
Embedded Object
 70
     1
 10
1.0
 20
0.0
 30
0.0
 11
7148.958325061066
 21
5246.009432556759
 31
0.0
 40
88.59993838990687
 41
0.0
 42
84.82828725066008
 43
7.067081577842539
 71
     2
 72
     1
 44
88.59993838990687
 45
34.16999206173206
 73
     0
 74
     0
 46
0.0
  0
HATCH
  5
16EF
330
1F
100
AcDbEntity
  8
0
 62
     4
100
AcDbHatch
 10
0.0
 20
0.0
 30
0.0
210
0.0
220
0.0
230
1.0
  2
SOLID
 70
     1
 71
     0
 91
        1
 92
        1
 93
        4
 72
     1
 10
7313.998092253801
 20
5136.489066743355
 11
7547.485181262782
 21
5136.489066743355
 72
     1
 10
7547.485181262782
 20
5136.489066743355
 11
7547.485181262782
 21
5139.355297386208
 72
     1
 10
7547.485181262782
 20
5139.355297386208
 11
7313.998092253801
 21
5139.355297386208
 72
     1
 10
7313.998092253801
 20
5139.355297386208
 11
7313.998092253801
 21
5136.489066743355
 97
        0
 75
     1
 76
     1
 98
        1
 10
7412.322462798131
 20
5136.675000063937
450
        0
451
        0
460
0.0
461
0.0
452
        0
462
0.0
453
        2
463
0.0
 63
     5
421
      255
463
1.0
 63
     2
421
 16776960
470
LINEAR
1001
GradientColor1ACI
1070
     5
1001
GradientColor2ACI
1070
     2
1001
ACAD
1010
0.0
1020
0.0
1030
0.0
  0
LINE
  5
16F0
330
1F
100
AcDbEntity
  8
0
 62
     1
370
    50
100
AcDbLine
 10
7431.568796700481
 20
5122.027997303958
 30
0.0
 11
7433.82021214077
 21
5119.776581863669
 31
0.0
  0
LINE
  5
16F1
330
1F
100
AcDbEntity
  8
0
 62
     1
370
    50
100
AcDbLine
 10
7433.82021214077
 20
5122.027997303958
 30
0.0
 11
7431.568796700481
 21
5119.776581863669
 31
0.0
  0
LINE
  5
16F2
330
1F
100
AcDbEntity
  8
0
 62
     1
370
    50
100
AcDbLine
 10
7432.694504420624
 20
5113.022335542797
 30
0.0
 11
7429.704109541153
 21
5119.435258056878
 31
0.0
  0
LWPOLYLINE
  5
16F3
330
1F
100
AcDbEntity
  8
0
 62
     1
100
AcDbPolyline
 90
        4
 70
     1
 43
0.0
 10
7430.276062087767
 20
5093.673539280907
 10
7435.705827964437
 20
5093.673539280907
 10
7435.705827964437
 20
5080.109972797461
 10
7430.276062087767
 20
5080.109972797461
  0
LINE
  5
16F4
330
1F
100
AcDbEntity
  8
0
 62
     1
100
AcDbLine
 10
7430.246605625021
 20
5091.613212321821
 30
0.0
 11
7435.676371501691
 21
5091.613212321821
 31
0.0
  0
LINE
  5
16F5
330
1F
100
AcDbEntity
  8
0
 62
     1
100
AcDbLine
 10
7430.276062087767
 20
5082.076840860253
 30
0.0
 11
7435.705827964437
 21
5082.076840860253
 31
0.0
  0
LINE
  5
16F6
330
1F
100
AcDbEntity
  8
0
 62
     1
100
AcDbLine
 10
7432.990945026102
 20
5093.673539280907
 30
0.0
 11
7432.990945026102
 21
5096.564658904839
 31
0.0
  0
LINE
  5
16F7
330
1F
100
AcDbEntity
  8
0
 62
     1
100
AcDbLine
 10
7432.990945026102
 20
5080.109972797461
 30
0.0
 11
7432.990945026102
 21
5077.361119133067
 31
0.0
  0
LWPOLYLINE
  5
16F8
330
1F
100
AcDbEntity
  8
0
 62
     1
100
AcDbPolyline
 90
        4
 70
     1
 43
0.0
 10
7430.276062087767
 20
5017.487672952945
 10
7435.705827964437
 20
5017.487672952945
 10
7435.705827964437
 20
5003.924106469497
 10
7430.276062087767
 20
5003.924106469497
  0
LINE
  5
16F9
330
1F
100
AcDbEntity
  8
0
 62
     1
100
AcDbLine
 10
7430.246605625021
 20
5015.427345993856
 30
0.0
 11
7435.676371501691
 21
5015.427345993856
 31
0.0
  0
LINE
  5
16FA
330
1F
100
AcDbEntity
  8
0
 62
     1
100
AcDbLine
 10
7430.276062087767
 20
5005.890974532289
 30
0.0
 11
7435.705827964437
 21
5005.890974532289
 31
0.0
  0
LINE
  5
16FB
330
1F
100
AcDbEntity
  8
0
 62
     1
100
AcDbLine
 10
7432.990945026102
 20
5017.487672952945
 30
0.0
 11
7432.990945026102
 21
5020.378792576876
 31
0.0
  0
LINE
  5
16FC
330
1F
100
AcDbEntity
  8
0
 62
     1
100
AcDbLine
 10
7432.990945026102
 20
5003.924106469497
 30
0.0
 11
7432.990945026102
 21
5001.175252805104
 31
0.0
  0
CIRCLE
  5
16FD
330
1F
100
AcDbEntity
  8
0
 62
     1
100
AcDbCircle
 10
7433.323700608984
 20
5045.330668308562
 30
0.0
 40
6.749423001290658
  0
CIRCLE
  5
16FE
330
1F
100
AcDbEntity
  8
0
 62
     1
100
AcDbCircle
 10
7433.292177686327
 20
5054.875741802577
 30
0.0
 40
6.749423001290658
  0
LINE
  5
16FF
330
1F
100
AcDbEntity
  8
0
 62
     1
100
AcDbLine
 10
7433.179018701327
 20
5061.624216140859
 30
0.0
 11
7433.179018701327
 21
5061.624216140859
 31
0.0
  0
LINE
  5
1700
330
1F
100
AcDbEntity
  8
0
 62
     1
100
AcDbLine
 10
7432.990945026102
 20
5077.361119133067
 30
0.0
 11
7433.179018701327
 21
5061.624216140859
 31
0.0
  0
LINE
  5
1701
330
1F
100
AcDbEntity
  8
0
 62
     1
100
AcDbLine
 10
7432.694504420625
 20
5120.902289583812
 30
0.0
 11
7432.694504420625
 21
5136.948470960012
 31
0.0
  0
LINE
  5
1702
330
1F
100
AcDbEntity
  8
0
 62
     1
100
AcDbLine
 10
7432.990945026102
 20
5096.564658904839
 30
0.0
 11
7432.694504420624
 21
5113.022335542797
 31
0.0
  0
LINE
  5
1703
330
1F
100
AcDbEntity
  8
0
 62
     1
370
    50
100
AcDbLine
 10
7516.265200331114
 20
5103.898516964516
 30
0.0
 11
7518.516615771403
 21
5101.647101524228
 31
0.0
  0
LINE
  5
1704
330
1F
100
AcDbEntity
  8
0
 62
     1
370
    50
100
AcDbLine
 10
7518.516615771403
 20
5103.898516964516
 30
0.0
 11
7516.265200331114
 21
5101.647101524228
 31
0.0
  0
LINE
  5
1705
330
1F
100
AcDbEntity
  8
0
 62
     1
370
    50
100
AcDbLine
 10
7517.390908051257
 20
5094.892855203358
 30
0.0
 11
7514.400513171785
 21
5101.305777717437
 31
0.0
  0
LINE
  5
1706
330
1F
100
AcDbEntity
  8
0
 62
     1
100
AcDbLine
 10
7517.390908051258
 20
5102.772809244372
 30
0.0
 11
7517.390908051258
 21
5118.818990620571
 31
0.0
  0
LINE
  5
1707
330
1F
100
AcDbEntity
  8
0
 62
     1
100
AcDbLine
 10
7517.687348656735
 20
4987.691986989109
 30
0.0
 11
7517.390908051257
 21
5094.892855203358
 31
0.0
  0
LWPOLYLINE
  5
1708
330
1F
100
AcDbEntity
  8
0
 62
     1
100
AcDbPolyline
 90
        4
 70
     1
 43
0.0
 10
7489.980560115014
 20
5098.562885442412
 10
7504.645982299757
 20
5098.562885442412
 10
7504.645982299757
 20
5091.708748833202
 10
7489.980560115014
 20
5091.708748833202
  0
LWPOLYLINE
  5
1709
330
1F
100
AcDbEntity
  8
0
 62
     1
100
AcDbPolyline
 90
        4
 70
     1
 43
0.0
 10
7511.275706701328
 20
5080.934866217853
 10
7523.257758771018
 20
5080.934866217853
 10
7523.257758771018
 20
5058.187185376202
 10
7511.275706701328
 20
5058.187185376202
  0
CIRCLE
  5
170A
330
1F
100
AcDbEntity
  8
0
 62
     1
100
AcDbCircle
 10
7517.515291282137
 20
5074.11413811281
 30
0.0
 40
3.084219181265164
  0
CIRCLE
  5
170B
330
1F
100
AcDbEntity
  8
0
 62
     1
100
AcDbCircle
 10
7517.515291282137
 20
5066.385016894426
 30
0.0
 40
3.084219181265164
  0
LINE
  5
170C
330
1F
100
AcDbEntity
  8
0
 62
     1
100
AcDbLine
 10
7504.645982299757
 20
5095.135817137807
 30
0.0
 11
7517.390908051257
 21
5094.892855203358
 31
0.0
  0
CIRCLE
  5
170D
330
1F
100
AcDbEntity
  8
0
 62
     1
100
AcDbCircle
 10
7543.719646422842
 20
5094.610822387052
 30
0.0
 40
6.749423001290658
  0
MTEXT
  5
170E
330
1F
100
AcDbEntity
  8
0
 62
     1
100
AcDbMText
 10
7538.291197338445
 20
5096.702230177548
 30
0.0
 40
3.329083633277356
 41
10.90323695577813
 46
0.0
 71
     1
 72
     5
  1
\pxqc;M
 73
     1
 44
1.0
101
Embedded Object
 70
     1
 10
1.0
 20
0.0
 30
0.0
 11
7538.291197338445
 21
5096.702230177548
 31
0.0
 40
10.90323695577813
 41
0.0
 42
3.176935881961133
 43
3.329083633277356
 71
     2
 72
     1
 44
10.90323695577813
 45
16.64541816638677
 73
     0
 74
     0
 46
0.0
  0
LINE
  5
170F
330
1F
100
AcDbEntity
  8
0
 62
     1
100
AcDbLine
 10
7517.390908051257
 20
5094.892855203358
 30
0.0
 11
7536.975382678168
 21
5094.874673467475
 31
0.0
  0
LWPOLYLINE
  5
1710
330
1F
100
AcDbEntity
  8
0
 62
     1
100
AcDbPolyline
 90
        4
 70
     1
 43
0.0
 10
7533.263648367025
 20
5160.042176059784
 10
7553.864665043434
 20
5160.042176059784
 10
7553.864665043434
 20
5145.367397994645
 10
7533.263648367025
 20
5145.367397994645
  0
MTEXT
  5
1711
330
1F
100
AcDbEntity
  8
0
 62
     1
100
AcDbMText
 10
7535.062318276882
 20
5155.811796731878
 30
0.0
 40
5.467340309529101
 41
17.90634104736734
 46
0.0
 71
     1
 72
     5
  1
\pxqc;PR
 73
     1
 44
1.0
101
Embedded Object
 70
     1
 10
1.0
 20
0.0
 30
0.0
 11
7535.062318276882
 21
5155.811796731878
 31
0.0
 40
17.90634104736734
 41
0.0
 42
9.924005841512238
 43
5.467340309529101
 71
     2
 72
     1
 44
17.90634104736734
 45
27.33670154764551
 73
     0
 74
     0
 46
0.0
  0
LINE
  5
1712
330
1F
100
AcDbEntity
  8
0
 62
     1
100
AcDbLine
 10
7550.799876125726
 20
5094.874673467475
 30
0.0
 11
7566.127572670342
 21
5094.874673467475
 31
0.0
  0
LINE
  5
1713
330
1F
100
AcDbEntity
  8
0
 62
     1
100
AcDbLine
 10
7566.127572670342
 20
5094.874673467475
 30
0.0
 11
7566.127572670342
 21
5150.482570780781
 31
0.0
  0
LINE
  5
1714
330
1F
100
AcDbEntity
  8
0
 62
     1
100
AcDbLine
 10
7566.127572670342
 20
5150.482570780781
 30
0.0
 11
7553.864665043434
 21
5150.482570780781
 31
0.0
  0
LINE
  5
1715
330
1F
100
AcDbEntity
  8
0
 62
     1
100
AcDbLine
 10
7520.599510463402
 20
5074.11413811281
 30
0.0
 11
7541.382476609725
 21
5074.11413811281
 31
0.0
  0
LINE
  5
1716
330
1F
100
AcDbEntity
  8
0
 62
     1
100
AcDbLine
 10
7546.060081400458
 20
5074.114138112809
 30
0.0
 11
7571.126603168028
 21
5074.11413811281
 31
0.0
  0
LINE
  5
1717
330
1F
100
AcDbEntity
  8
0
 62
     1
100
AcDbLine
 10
7571.126603168028
 20
5074.11413811281
 30
0.0
 11
7571.126603168028
 21
5155.875493677404
 31
0.0
  0
LINE
  5
1718
330
1F
100
AcDbEntity
  8
0
 62
     1
100
AcDbLine
 10
7571.126603168028
 20
5155.875493677404
 30
0.0
 11
7553.864665043434
 21
5155.875493677404
 31
0.0
  0
LWPOLYLINE
  5
1719
330
1F
100
AcDbEntity
  8
0
 62
     1
100
AcDbPolyline
 90
        4
 70
     1
 43
0.0
 10
7577.299400651175
 20
5171.219745197348
 10
7597.900417327584
 20
5171.219745197348
 10
7597.900417327584
 20
5156.544967132209
 10
7577.299400651175
 20
5156.544967132209
  0
MTEXT
  5
171A
330
1F
100
AcDbEntity
  8
0
 62
     1
100
AcDbMText
 10
7579.09807056103
 20
5166.989365869442
 30
0.0
 40
5.467340309529101
 41
17.90634104736734
 46
0.0
 71
     1
 72
     5
  1
\pxqc;MM
 73
     1
 44
1.0
101
Embedded Object
 70
     1
 10
1.0
 20
0.0
 30
0.0
 11
7579.09807056103
 21
5166.989365869442
 31
0.0
 40
17.90634104736734
 41
0.0
 42
11.57987152870932
 43
5.467340309529101
 71
     2
 72
     1
 44
17.90634104736734
 45
27.33670154764551
 73
     0
 74
     0
 46
0.0
  0
LINE
  5
171B
330
1F
100
AcDbEntity
  8
0
 62
     1
100
AcDbLine
 10
7520.596402192224
 20
5066.523449252741
 30
0.0
 11
7541.384242107776
 21
5066.528842320316
 31
0.0
  0
LINE
  5
171C
330
1F
100
AcDbEntity
  8
0
 62
     1
100
AcDbLine
 10
7587.599908989379
 20
5156.544967132209
 30
0.0
 11
7587.599908989379
 21
5066.540832224774
 31
0.0
  0
LINE
  5
171D
330
1F
100
AcDbEntity
  8
0
 62
     1
100
AcDbLine
 10
7432.990945026102
 20
5001.175252805104
 30
0.0
 11
7432.990945026102
 21
4987.238222342401
 31
0.0
  0
LINE
  5
171E
330
1F
100
AcDbEntity
  8
0
 62
     1
100
AcDbLine
 10
7432.990945026102
 20
4987.238222342401
 30
0.0
 11
7401.865114368971
 21
4987.238222342401
 31
0.0
  0
LINE
  5
171F
330
1F
100
AcDbEntity
  8
0
 62
     1
100
AcDbLine
 10
7401.865114368971
 20
4987.238222342401
 30
0.0
 11
7401.865114368971
 21
5134.323594070131
 31
0.0
  0
LINE
  5
1720
330
1F
100
AcDbEntity
  8
0
 62
     1
100
AcDbLine
 10
7401.865114368971
 20
5141.540965456641
 30
0.0
 11
7401.865114368971
 21
5191.997399325639
 31
0.0
  0
LINE
  5
1721
330
1F
100
AcDbEntity
  8
0
 62
     1
100
AcDbLine
 10
7401.865114368971
 20
5191.997399325639
 30
0.0
 11
7587.599908989379
 21
5191.997399325639
 31
0.0
  0
LINE
  5
1722
330
1F
100
AcDbEntity
  8
0
 62
     1
100
AcDbLine
 10
7587.599908989379
 20
5171.219745197348
 30
0.0
 11
7587.599908989379
 21
5191.997399325639
 31
0.0
  0
LINE
  5
1723
330
1F
100
AcDbEntity
  8
0
 62
     1
100
AcDbLine
 10
7517.390908051258
 20
5118.818990620571
 30
0.0
 11
7517.390908051258
 21
5136.871734331439
 31
0.0
  0
LINE
  5
1724
330
1F
100
AcDbEntity
  8
0
 62
     1
370
    50
100
AcDbLine
 10
7539.687707494192
 20
5018.128413016126
 30
0.0
 11
7541.939122934481
 21
5015.876997575838
 31
0.0
  0
LINE
  5
1725
330
1F
100
AcDbEntity
  8
0
 62
     1
370
    50
100
AcDbLine
 10
7539.687707494192
 20
5015.876997575838
 30
0.0
 11
7541.939122934481
 21
5018.128413016126
 31
0.0
  0
LINE
  5
1726
330
1F
100
AcDbEntity
  8
0
 62
     1
370
    50
100
AcDbLine
 10
7548.69336925535
 20
5017.002705295984
 30
0.0
 11
7542.280446741272
 21
5019.993100175454
 31
0.0
  0
LINE
  5
1727
330
1F
100
AcDbEntity
  8
0
 62
     1
100
AcDbLine
 10
7548.69336925535
 20
5017.002705295984
 30
0.0
 11
7551.412256685255
 21
5017.002705295984
 31
0.0
  0
LINE
  5
1728
330
1F
100
AcDbEntity
  8
0
 62
     1
100
AcDbLine
 10
7551.412256685255
 20
5017.002705295984
 30
0.0
 11
7551.412256685255
 21
5003.329701731202
 31
0.0
  0
LWPOLYLINE
  5
1729
330
1F
100
AcDbEntity
  8
0
 62
     1
100
AcDbPolyline
 90
        2
 70
     0
 43
0.0
 10
7554.118707381504
 20
5003.307070641247
 10
7548.705805989007
 20
5003.352332821158
  0
LINE
  5
172A
330
1F
100
AcDbEntity
  8
0
 62
     1
100
AcDbLine
 10
7550.223196212407
 20
5000.672636881052
 30
0.0
 11
7552.571305472532
 21
5000.672636881052
 31
0.0
  0
LINE
  5
172B
330
1F
100
AcDbEntity
  8
0
 62
     1
100
AcDbLine
 10
7549.477092967824
 20
5001.988907572094
 30
0.0
 11
7553.345524094557
 21
5001.988907572094
 31
0.0
  0
LINE
  5
172C
330
1F
100
AcDbEntity
  8
0
 62
     1
100
AcDbLine
 10
7543.757598901478
 20
5076.235214241454
 30
0.0
 11
7544.120429078931
 21
5019.135102320533
 31
0.0
  0
LINE
  5
172D
330
1F
100
AcDbEntity
  8
0
 62
     1
100
AcDbLine
 10
7543.853303861464
 20
5081.804605719879
 30
0.0
 11
7540.712381485348
 21
5076.235214241454
 31
0.0
  0
LINE
  5
172E
330
1F
100
AcDbEntity
  8
0
 62
     1
100
AcDbLine
 10
7540.712381485348
 20
5076.235214241454
 30
0.0
 11
7546.842731627548
 21
5076.235214241454
 31
0.0
  0
LINE
  5
172F
330
1F
100
AcDbEntity
  8
0
 62
     1
100
AcDbLine
 10
7546.842731627548
 20
5076.235214241454
 30
0.0
 11
7543.853303861464
 21
5081.804605719879
 31
0.0
  0
LINE
  5
1730
330
1F
100
AcDbEntity
  8
0
 62
     1
100
AcDbLine
 10
7543.853303861464
 20
5081.804605719879
 30
0.0
 11
7543.790085763738
 21
5087.861766960578
 31
0.0
  0
LWPOLYLINE
  5
1731
330
1F
100
AcDbEntity
  8
0
 62
     1
100
AcDbPolyline
 90
        4
 70
     1
 43
0.0
 10
7487.409596623722
 20
5003.150262394726
 10
7505.285420234745
 20
5003.150262394726
 10
7505.285420234745
 20
4990.416728494736
 10
7487.409596623722
 20
4990.416728494736
  0
LINE
  5
1732
330
1F
100
AcDbEntity
  8
0
 62
     1
100
AcDbLine
 10
7496.347508429233
 20
5003.150262394726
 30
0.0
 11
7496.347508429233
 21
4990.416728494736
 31
0.0
  0
MTEXT
  5
1733
330
1F
100
AcDbEntity
  8
0
 62
     1
100
AcDbMText
 10
7483.520575648793
 20
4998.934354012841
 30
0.0
 40
5.467340309529101
 41
17.90634104736734
 46
0.0
 71
     1
 72
     5
  1
\pxqc;V
 73
     1
 44
1.0
101
Embedded Object
 70
     1
 10
1.0
 20
0.0
 30
0.0
 11
7483.520575648793
 21
4998.934354012841
 31
0.0
 40
17.90634104736734
 41
0.0
 42
5.001161906601996
 43
5.467340309529101
 71
     2
 72
     1
 44
17.90634104736734
 45
27.33670154764551
 73
     0
 74
     0
 46
0.0
  0
MTEXT
  5
1734
330
1F
100
AcDbEntity
  8
0
 62
     1
100
AcDbMText
 10
7492.285884580223
 20
4999.195795689498
 30
0.0
 40
5.467340309529101
 41
17.90634104736734
 46
0.0
 71
     1
 72
     5
  1
\pxqc;D
 73
     1
 44
1.0
101
Embedded Object
 70
     1
 10
1.0
 20
0.0
 30
0.0
 11
7492.285884580223
 21
4999.195795689498
 31
0.0
 40
17.90634104736734
 41
0.0
 42
4.520065794781221
 43
5.467340309529101
 71
     2
 72
     1
 44
17.90634104736734
 45
27.33670154764551
 73
     0
 74
     0
 46
0.0
  0
LINE
  5
1735
330
1F
100
AcDbEntity
  8
0
 62
     1
100
AcDbLine
 10
7496.347508429233
 20
5003.150262394726
 30
0.0
 11
7496.347508429234
 21
5017.002705295983
 31
0.0
  0
LINE
  5
1736
330
1F
100
AcDbEntity
  8
0
 62
     1
100
AcDbLine
 10
7540.813415214336
 20
5017.002705295983
 30
0.0
 11
7496.347508429234
 21
5017.002705295983
 31
0.0
  0
LINE
  5
1737
330
1F
100
AcDbEntity
  8
0
 62
     1
100
AcDbLine
 10
7517.894937533217
 20
4982.122595510684
 30
0.0
 11
7514.754015157098
 21
4987.691986989109
 31
0.0
  0
LINE
  5
1738
330
1F
100
AcDbEntity
  8
0
 62
     1
100
AcDbLine
 10
7514.754015157098
 20
4987.691986989109
 30
0.0
 11
7520.884365299299
 21
4987.691986989109
 31
0.0
  0
LINE
  5
1739
330
1F
100
AcDbEntity
  8
0
 62
     1
100
AcDbLine
 10
7520.884365299299
 20
4987.691986989109
 30
0.0
 11
7517.894937533217
 21
4982.122595510684
 31
0.0
  0
LINE
  5
173A
330
1F
100
AcDbEntity
  8
0
 62
     1
100
AcDbLine
 10
7489.980560115014
 20
5095.135817137807
 30
0.0
 11
7477.323787292743
 21
5095.135817137807
 31
0.0
  0
LINE
  5
173B
330
1F
100
AcDbEntity
  8
0
 62
     1
100
AcDbLine
 10
7477.323787292743
 20
5095.135817137807
 30
0.0
 11
7477.323787292743
 21
4884.178631376585
 31
0.0
  0
MTEXT
  5
173C
330
1F
100
AcDbEntity
  8
0
 62
     1
100
AcDbMText
 10
7434.106233739237
 20
5101.652527333411
 30
0.0
 40
3.792703333416225
 41
24.49475352448821
 46
0.0
 71
     1
 72
     5
  1
{\C0;HV FUSE}
 73
     1
 44
1.0
101
Embedded Object
 70
     1
 10
1.0
 20
0.0
 30
0.0
 11
7434.106233739237
 21
5101.652527333411
 31
0.0
 40
24.49475352448821
 41
0.0
 42
22.25432065078198
 43
3.922058835920189
 71
     2
 72
     1
 44
24.49475352448821
 45
18.96351666708113
 73
     0
 74
     0
 46
0.0
  0
MTEXT
  5
173D
330
1F
100
AcDbEntity
  8
0
 62
     1
100
AcDbMText
 10
7437.08146483557
 20
5014.27421156466
 30
0.0
 40
3.792703333416225
 41
24.49475352448821
 46
0.0
 71
     1
 72
     5
  1
{\C0;LV FUSE}
 73
     1
 44
1.0
101
Embedded Object
 70
     1
 10
1.0
 20
0.0
 30
0.0
 11
7437.08146483557
 21
5014.27421156466
 31
0.0
 40
24.49475352448821
 41
0.0
 42
21.41092277445613
 43
3.922058835920189
 71
     2
 72
     1
 44
24.49475352448821
 45
18.96351666708113
 73
     0
 74
     0
 46
0.0
  0
MTEXT
  5
173E
330
1F
100
AcDbEntity
  8
0
 62
     1
100
AcDbMText
 10
7409.30145520933
 20
5055.973561255538
 30
0.0
 40
3.792703333416225
 41
15.40614503288337
 46
0.0
 71
     1
 72
     5
  1
{\C0;PT x 3^J20 kV^J110V^J100VA^JCL.1}
 73
     1
 44
1.0
101
Embedded Object
 70
     1
 10
1.0
 20
0.0
 30
0.0
 11
7409.30145520933
 21
5055.973561255538
 31
0.0
 40
15.40614503288337
 41
0.0
 42
15.33897548692005
 43
29.2688383665636
 71
     2
 72
     1
 44
15.40614503288337
 45
18.96351666708113
 73
     0
 74
     0
 46
0.0
  0
MTEXT
  5
173F
330
1F
100
AcDbEntity
  8
0
 62
     1
100
AcDbMText
 10
7437.338271578598
 20
5125.925526640788
 30
0.0
 40
3.792703333416225
 41
24.49475352448821
 46
0.0
 71
     1
 72
     5
  1
{\C0;    LBS^J3P 100 A}
 73
     1
 44
1.0
101
Embedded Object
 70
     1
 10
1.0
 20
0.0
 30
0.0
 11
7437.338271578598
 21
5125.925526640788
 31
0.0
 40
24.49475352448821
 41
0.0
 42
21.58425914781144
 43
10.26134082863112
 71
     2
 72
     1
 44
24.49475352448821
 45
18.96351666708113
 73
     0
 74
     0
 46
0.0
  0
MTEXT
  5
1740
330
1F
100
AcDbEntity
  8
0
 62
     1
100
AcDbMText
 10
7493.738432724107
 20
5090.483347393328
 30
0.0
 40
3.792703333416225
 41
24.49475352448821
 46
0.0
 71
     1
 72
     5
  1
{\C0;ST}
 73
     1
 44
1.0
101
Embedded Object
 70
     1
 10
1.0
 20
0.0
 30
0.0
 11
7493.738432724107
 21
5090.483347393328
 31
0.0
 40
24.49475352448821
 41
0.0
 42
6.426381364396933
 43
3.922058835920189
 71
     2
 72
     1
 44
24.49475352448821
 45
18.96351666708113
 73
     0
 74
     0
 46
0.0
  0
MTEXT
  5
1741
330
1F
100
AcDbEntity
  8
0
 62
     1
100
AcDbMText
 10
7491.15593250475
 20
5116.021236933391
 30
0.0
 40
3.792703333416225
 41
31.85280835853695
 46
0.0
 71
     1
 72
     5
  1
{\C0;CB SF.6^J3P 630 A}
 73
     1
 44
1.0
101
Embedded Object
 70
     1
 10
1.0
 20
0.0
 30
0.0
 11
7491.15593250475
 21
5116.021236933391
 31
0.0
 40
31.85280835853695
 41
0.0
 42
21.58425914781144
 43
10.26134082863112
 71
     2
 72
     1
 44
31.85280835853695
 45
18.96351666708113
 73
     0
 74
     0
 46
0.0
  0
MTEXT
  5
1742
330
1F
100
AcDbEntity
  8
0
 62
     1
100
AcDbMText
 10
7494.608489689221
 20
5076.0037692253
 30
0.0
 40
3.792703333416225
 41
16.30782305077203
 46
0.0
 71
     1
 72
     5
  1
{\C0;CT^J50/5 A^J7,5VA^J5VA}
 73
     1
 44
1.0
101
Embedded Object
 70
     1
 10
1.0
 20
0.0
 30
0.0
 11
7494.608489689221
 21
5076.0037692253
 31
0.0
 40
16.30782305077203
 41
0.0
 42
15.10613558241292
 43
22.9502532542533
 71
     2
 72
     1
 44
16.30782305077203
 45
18.96351666708113
 73
     0
 74
     0
 46
0.0
  0
MTEXT
  5
1743
330
1F
100
AcDbEntity
  8
0
 62
     1
100
AcDbMText
 10
7534.714897756888
 20
5013.534303792156
 30
0.0
 40
3.792703333416225
 41
24.49475352448821
 46
0.0
 71
     1
 72
     5
  1
{\C0;ES}
 73
     1
 44
1.0
101
Embedded Object
 70
     1
 10
1.0
 20
0.0
 30
0.0
 11
7534.714897756888
 21
5013.534303792156
 31
0.0
 40
24.49475352448821
 41
0.0
 42
6.372052053345268
 43
3.922058835920189
 71
     2
 72
     1
 44
24.49475352448821
 45
18.96351666708113
 73
     0
 74
     0
 46
0.0
  0
LWPOLYLINE
  5
1744
330
1F
100
AcDbEntity
  8
Area_Boundary
370
     9
100
AcDbPolyline
 90
        4
 70
     1
 43
0.0
 10
7468.376021459502
 20
5232.432383209178
 10
7605.382827859222
 20
5232.432383209178
 10
7605.382827859222
 20
4981.555007634499
 10
7468.376021459502
 20
4981.555007634499
  0
LINE
  5
1745
330
1F
100
AcDbEntity
  8
0
 62
     1
100
AcDbLine
 10
7432.990945026102
 20
5020.378792576876
 30
0.0
 11
7433.233699018614
 21
5038.581845406449
 31
0.0
  0
LWPOLYLINE
  5
1746
330
1F
100
AcDbEntity
  8
Area_Boundary
370
     9
100
AcDbPolyline
 90
        4
 70
     1
 43
0.0
 10
7393.189952425562
 20
5232.432383209178
 10
7468.376021459502
 20
5232.432383209178
 10
7468.376021459502
 20
4981.555007634499
 10
7393.189952425562
 20
4981.555007634499
  0
MTEXT
  5
1747
330
1F
100
AcDbEntity
  8
0
 62
     1
100
AcDbMText
 10
7474.532866079567
 20
5227.726717826858
 30
0.0
 40
6.570799341885865
 41
42.43677825267445
 46
0.0
 71
     1
 72
     5
  1
{\C0;OUTGOING}
 73
     1
 44
1.0
101
Embedded Object
 70
     1
 10
1.0
 20
0.0
 30
0.0
 11
7474.532866079567
 21
5227.726717826858
 31
0.0
 40
42.43677825267445
 41
0.0
 42
48.95828186317825
 43
6.799387859236601
 71
     2
 72
     1
 44
42.43677825267445
 45
32.85399670942933
 73
     0
 74
     0
 46
0.0
  0
MTEXT
  5
1748
330
1F
100
AcDbEntity
  8
0
 62
     1
100
AcDbMText
 10
7404.285459342368
 20
5225.690245435845
 30
0.0
 40
6.570799341885865
 41
42.43677825267445
 46
0.0
 71
     1
 72
     5
  1
{\C0;METERING}
 73
     1
 44
1.0
101
Embedded Object
 70
     1
 10
1.0
 20
0.0
 30
0.0
 11
7404.285459342368
 21
5225.690245435845
 31
0.0
 40
42.43677825267445
 41
0.0
 42
47.19232351344903
 43
6.79490573144541
 71
     2
 72
     1
 44
42.43677825267445
 45
32.85399670942933
 73
     0
 74
     0
 46
0.0
  0
LINE
  5
1749
330
1F
100
AcDbEntity
  8
0
 62
     1
370
    50
100
AcDbLine
 10
7359.367367602316
 20
5120.830525236513
 30
0.0
 11
7361.618783042604
 21
5118.579109796224
 31
0.0
  0
LINE
  5
174A
330
1F
100
AcDbEntity
  8
0
 62
     1
370
    50
100
AcDbLine
 10
7361.618783042604
 20
5120.830525236513
 30
0.0
 11
7359.367367602316
 21
5118.579109796224
 31
0.0
  0
LINE
  5
174B
330
1F
100
AcDbEntity
  8
0
 62
     1
370
    50
100
AcDbLine
 10
7360.493075322458
 20
5111.824863475352
 30
0.0
 11
7357.502680442987
 21
5118.237785989435
 31
0.0
  0
LINE
  5
174C
330
1F
100
AcDbEntity
  8
0
 62
     1
100
AcDbLine
 10
7360.493075322459
 20
5119.704817516367
 30
0.0
 11
7360.493075322459
 21
5136.787135045641
 31
0.0
  0
LINE
  5
174D
330
1F
100
AcDbEntity
  8
0
 62
     1
100
AcDbLine
 10
7360.493075322458
 20
5112.275728969595
 30
0.0
 11
7360.493075322458
 21
4990.893044704694
 31
0.0
  0
LINE
  5
174E
330
1F
100
AcDbEntity
  8
0
 62
     1
370
    50
100
AcDbLine
 10
7374.175796191609
 20
5024.043044716158
 30
0.0
 11
7376.427211631898
 21
5021.791629275869
 31
0.0
  0
LINE
  5
174F
330
1F
100
AcDbEntity
  8
0
 62
     1
370
    50
100
AcDbLine
 10
7374.175796191609
 20
5021.791629275869
 30
0.0
 11
7376.427211631898
 21
5024.043044716158
 31
0.0
  0
LINE
  5
1750
330
1F
100
AcDbEntity
  8
0
 62
     1
370
    50
100
AcDbLine
 10
7383.181457952769
 20
5022.917336996014
 30
0.0
 11
7376.768535438689
 21
5025.907731875486
 31
0.0
  0
LINE
  5
1751
330
1F
100
AcDbEntity
  8
0
 62
     1
100
AcDbLine
 10
7383.181457952769
 20
5022.917336996014
 30
0.0
 11
7385.900345382673
 21
5022.917336996014
 31
0.0
  0
LINE
  5
1752
330
1F
100
AcDbEntity
  8
0
 62
     1
100
AcDbLine
 10
7385.900345382673
 20
5022.917336996014
 30
0.0
 11
7385.900345382673
 21
5009.244333431234
 31
0.0
  0
LWPOLYLINE
  5
1753
330
1F
100
AcDbEntity
  8
0
 62
     1
100
AcDbPolyline
 90
        2
 70
     0
 43
0.0
 10
7388.606796078922
 20
5009.221702341278
 10
7383.193894686425
 20
5009.266964521188
  0
LINE
  5
1754
330
1F
100
AcDbEntity
  8
0
 62
     1
100
AcDbLine
 10
7384.711284909825
 20
5006.587268581083
 30
0.0
 11
7387.059394169949
 21
5006.587268581083
 31
0.0
  0
LINE
  5
1755
330
1F
100
AcDbEntity
  8
0
 62
     1
100
AcDbLine
 10
7383.965181665242
 20
5007.903539272127
 30
0.0
 11
7387.833612791974
 21
5007.903539272127
 31
0.0
  0
LWPOLYLINE
  5
1756
330
1F
100
AcDbEntity
  8
0
 62
     1
100
AcDbPolyline
 90
        4
 70
     1
 43
0.0
 10
7321.89768532114
 20
5009.064894094756
 10
7339.773508932161
 20
5009.064894094756
 10
7339.773508932161
 20
4996.331360194766
 10
7321.89768532114
 20
4996.331360194766
  0
LINE
  5
1757
330
1F
100
AcDbEntity
  8
0
 62
     1
100
AcDbLine
 10
7330.83559712665
 20
5009.064894094756
 30
0.0
 11
7330.83559712665
 21
4996.331360194766
 31
0.0
  0
MTEXT
  5
1758
330
1F
100
AcDbEntity
  8
0
 62
     1
100
AcDbMText
 10
7318.00866434621
 20
5004.848985712873
 30
0.0
 40
5.467340309529101
 41
17.90634104736734
 46
0.0
 71
     1
 72
     5
  1
\pxqc;V
 73
     1
 44
1.0
101
Embedded Object
 70
     1
 10
1.0
 20
0.0
 30
0.0
 11
7318.00866434621
 21
5004.848985712873
 31
0.0
 40
17.90634104736734
 41
0.0
 42
5.001161906601996
 43
5.467340309529101
 71
     2
 72
     1
 44
17.90634104736734
 45
27.33670154764551
 73
     0
 74
     0
 46
0.0
  0
MTEXT
  5
1759
330
1F
100
AcDbEntity
  8
0
 62
     1
100
AcDbMText
 10
7326.773973277639
 20
5005.110427389529
 30
0.0
 40
5.467340309529101
 41
17.90634104736734
 46
0.0
 71
     1
 72
     5
  1
\pxqc;D
 73
     1
 44
1.0
101
Embedded Object
 70
     1
 10
1.0
 20
0.0
 30
0.0
 11
7326.773973277639
 21
5005.110427389529
 31
0.0
 40
17.90634104736734
 41
0.0
 42
4.520065794781221
 43
5.467340309529101
 71
     2
 72
     1
 44
17.90634104736734
 45
27.33670154764551
 73
     0
 74
     0
 46
0.0
  0
LINE
  5
175A
330
1F
100
AcDbEntity
  8
0
 62
     1
100
AcDbLine
 10
7330.83559712665
 20
5009.064894094756
 30
0.0
 11
7330.83559712665
 21
5022.917336996012
 31
0.0
  0
LINE
  5
175B
330
1F
100
AcDbEntity
  8
0
 62
     1
100
AcDbLine
 10
7375.301503911754
 20
5022.917336996012
 30
0.0
 11
7330.83559712665
 21
5022.917336996012
 31
0.0
  0
LINE
  5
175C
330
1F
100
AcDbEntity
  8
0
 62
     1
100
AcDbLine
 10
7360.469593001553
 20
4981.179264069919
 30
0.0
 11
7357.328670625436
 21
4986.748655548344
 31
0.0
  0
LINE
  5
175D
330
1F
100
AcDbEntity
  8
0
 62
     1
100
AcDbLine
 10
7357.328670625436
 20
4986.748655548344
 30
0.0
 11
7363.459020767637
 21
4986.748655548344
 31
0.0
  0
LINE
  5
175E
330
1F
100
AcDbEntity
  8
0
 62
     1
100
AcDbLine
 10
7363.459020767637
 20
4986.748655548344
 30
0.0
 11
7360.469593001553
 21
4981.179264069919
 31
0.0
  0
LINE
  5
175F
330
1F
100
AcDbEntity
  8
0
 62
     1
100
AcDbLine
 10
7360.393845696536
 20
4986.748655548344
 30
0.0
 11
7360.493075322458
 21
4990.893044704694
 31
0.0
  0
MTEXT
  5
1760
330
1F
100
AcDbEntity
  8
0
 62
     1
100
AcDbMText
 10
7369.59969574996
 20
5018.617741724308
 30
0.0
 40
3.792703333416225
 41
24.49475352448821
 46
0.0
 71
     1
 72
     5
  1
{\C0;ES}
 73
     1
 44
1.0
101
Embedded Object
 70
     1
 10
1.0
 20
0.0
 30
0.0
 11
7369.59969574996
 21
5018.617741724308
 31
0.0
 40
24.49475352448821
 41
0.0
 42
6.372052053345268
 43
3.922058835920189
 71
     2
 72
     1
 44
24.49475352448821
 45
18.96351666708113
 73
     0
 74
     0
 46
0.0
  0
LWPOLYLINE
  5
1761
330
1F
100
AcDbEntity
  8
Area_Boundary
370
     9
100
AcDbPolyline
 90
        4
 70
     1
 43
0.0
 10
7308.821695925158
 20
5232.432383209178
 10
7393.189952425562
 20
5232.432383209178
 10
7393.189952425562
 20
4981.555007634499
 10
7308.821695925158
 20
4981.555007634499
  0
MTEXT
  5
1762
330
1F
100
AcDbEntity
  8
0
 62
     1
100
AcDbMText
 10
7312.357758712301
 20
5228.392048395775
 30
0.0
 40
6.570799341885865
 41
42.43677825267445
 46
0.0
 71
     1
 72
     5
  1
{\C0;INCOMING}
 73
     1
 44
1.0
101
Embedded Object
 70
     1
 10
1.0
 20
0.0
 30
0.0
 11
7312.357758712301
 21
5228.392048395775
 31
0.0
 40
42.43677825267445
 41
0.0
 42
45.4846328250053
 43
6.799387859236601
 71
     2
 72
     1
 44
42.43677825267445
 45
32.85399670942933
 73
     0
 74
     0
 46
0.0
  0
MTEXT
  5
1763
330
1F
100
AcDbEntity
  8
0
 62
     1
100
AcDbMText
 10
7292.950767491695
 20
5144.159648384538
 30
0.0
 40
3.792703333416225
 41
84.46424397181093
 46
0.0
 71
     1
 72
     5
  1
{\C0;3 Phase 16 kA 630A 50 Hz 20kV}
 73
     1
 44
1.0
101
Embedded Object
 70
     1
 10
1.0
 20
0.0
 30
0.0
 11
7292.950767491695
 21
5144.159648384538
 31
0.0
 40
84.46424397181093
 41
0.0
 42
76.90702045870678
 43
3.875490855018762
 71
     2
 72
     1
 44
84.46424397181093
 45
18.96351666708113
 73
     0
 74
     0
 46
0.0
  0
LINE
  5
1764
330
1F
100
AcDbEntity
  8
0
 62
     1
100
AcDbLine
 10
7360.469593001553
 20
4981.179264069919
 30
0.0
 11
7360.469593001553
 21
4893.496355790483
 31
0.0
  0
LINE
  5
1765
330
1F
100
AcDbEntity
  8
0
 62
     1
100
AcDbLine
 10
7360.469593001553
 20
4893.496355790483
 30
0.0
 11
7227.471334373979
 21
4893.496355790483
 31
0.0
  0
CIRCLE
  5
1766
330
1F
100
AcDbEntity
  8
0
 62
     1
100
AcDbCircle
 10
7517.306420088917
 20
4822.305539721049
 30
0.0
 40
17.37460387832848
  0
CIRCLE
  5
1767
330
1F
100
AcDbEntity
  8
0
 62
     1
100
AcDbCircle
 10
7517.225272664295
 20
4846.876806170984
 30
0.0
 40
17.37460387832848
  0
LWPOLYLINE
  5
1768
330
1F
100
AcDbEntity
  8
0
 62
     1
100
AcDbPolyline
 90
        3
 70
     1
 43
0.0
 10
7517.545706979213
 20
4855.184368194584
 10
7512.430415638502
 20
4846.32442369697
 10
7522.660998319924
 20
4846.32442369697
  0
LINE
  5
1769
330
1F
100
AcDbEntity
  8
0
 62
     1
100
AcDbLine
 10
7517.489894577342
 20
4825.549015025325
 30
0.0
 11
7517.489894577342
 21
4819.642385360244
 31
0.0
  0
LINE
  5
176A
330
1F
100
AcDbEntity
  8
0
 62
     1
100
AcDbLine
 10
7517.489894577342
 20
4819.642385360244
 30
0.0
 11
7512.374603236648
 21
4816.689070527692
 31
0.0
  0
LINE
  5
176B
330
1F
100
AcDbEntity
  8
0
 62
     1
100
AcDbLine
 10
7512.374603236648
 20
4816.689070527692
 30
0.0
 11
7517.489894577342
 21
4819.642385360244
 31
0.0
  0
LINE
  5
176C
330
1F
100
AcDbEntity
  8
0
 62
     1
100
AcDbLine
 10
7517.489894577342
 20
4819.642385360244
 30
0.0
 11
7522.605185918052
 21
4816.689070527692
 31
0.0
  0
LWPOLYLINE
  5
176D
330
1F
100
AcDbEntity
  8
0
 62
     1
100
AcDbPolyline
 90
        2
 70
     0
 43
0.0
 10
7562.74175824886
 20
4802.457877706796
 10
7551.276283179482
 20
4802.553750946991
  0
LINE
  5
176E
330
1F
100
AcDbEntity
  8
0
 62
     1
100
AcDbLine
 10
7554.490381962257
 20
4796.877684681052
 30
0.0
 11
7559.464089449235
 21
4796.877684681052
 31
0.0
  0
LINE
  5
176F
330
1F
100
AcDbEntity
  8
0
 62
     1
100
AcDbLine
 10
7552.910004355195
 20
4799.665776999458
 30
0.0
 11
7561.104020359741
 21
4799.665776999458
 31
0.0
  0
LINE
  5
1770
330
1F
100
AcDbEntity
  8
0
 62
     1
100
AcDbLine
 10
7529.615718429238
 20
4834.653355076456
 30
0.0
 11
7557.009020714211
 21
4834.65335507646
 31
0.0
  0
LINE
  5
1771
330
1F
100
AcDbEntity
  8
0
 62
     1
100
AcDbLine
 10
7556.993636635455
 20
4802.505942967134
 30
0.0
 11
7557.009020714211
 21
4834.65335507646
 31
0.0
  0
LWPOLYLINE
  5
1772
330
1F
100
AcDbEntity
  8
0
 62
     1
100
AcDbPolyline
 90
        2
 70
     0
 43
0.0
 10
7528.261849223529
 20
4812.53098366626
 10
7522.872264549356
 20
4812.57605087393
  0
LINE
  5
1773
330
1F
100
AcDbEntity
  8
0
 62
     1
100
AcDbLine
 10
7524.383118433395
 20
4809.907898043684
 30
0.0
 11
7526.72111293283
 21
4809.907898043684
 31
0.0
  0
LINE
  5
1774
330
1F
100
AcDbEntity
  8
0
 62
     1
100
AcDbLine
 10
7523.640229117524
 20
4811.218498741738
 30
0.0
 11
7527.491996515805
 21
4811.218498741738
 31
0.0
  0
LINE
  5
1775
330
1F
100
AcDbEntity
  8
0
 62
     1
100
AcDbLine
 10
7525.567056886441
 20
4812.553517270095
 30
0.0
 11
7525.567056886441
 21
4819.746274361
 31
0.0
  0
LINE
  5
1776
330
1F
100
AcDbEntity
  8
0
 62
     1
100
AcDbLine
 10
7517.489894577342
 20
4819.642385360244
 30
0.0
 11
7525.567056886441
 21
4819.642385360244
 31
0.0
  0
LINE
  5
1777
330
1F
100
AcDbEntity
  8
0
100
AcDbLine
 10
7525.567056886441
 20
4816.149895815547
 30
0.0
 11
7521.507833999179
 21
4812.465491635051
 31
0.0
  0
LINE
  5
1778
330
1F
100
AcDbEntity
  8
0
100
AcDbLine
 10
7521.507833999179
 20
4812.465491635051
 30
0.0
 11
7456.98056514908
 21
4812.465491635051
 31
0.0
  0
MTEXT
  5
1779
330
1F
100
AcDbEntity
  8
0
 62
     1
100
AcDbMText
 10
7454.313868361085
 20
4817.473159131212
 30
0.0
 40
3.792703333416225
 41
42.20091130833664
 46
0.0
 71
     1
 72
     5
  1
{\C0;NYA 1x95 mm^ 2}
 73
     1
 44
1.0
101
Embedded Object
 70
     1
 10
1.0
 20
0.0
 30
0.0
 11
7454.313868361085
 21
4817.473159131212
 31
0.0
 40
42.20091130833664
 41
0.0
 42
38.90496093309222
 43
3.872903744968683
 71
     2
 72
     1
 44
42.20091130833664
 45
18.96351666708113
 73
     0
 74
     0
 46
0.0
  0
LINE
  5
177A
330
1F
100
AcDbEntity
  8
0
 62
     1
100
AcDbLine
 10
7477.234024310651
 20
4868.418521923974
 30
0.0
 11
7477.234024310653
 21
4834.308831323561
 31
0.0
  0
LINE
  5
177B
330
1F
100
AcDbEntity
  8
0
 62
     1
100
AcDbLine
 10
7517.894937533217
 20
4982.122595510684
 30
0.0
 11
7517.894937533217
 21
4886.461331150536
 31
0.0
  0
LWPOLYLINE
  5
177C
330
1F
100
AcDbEntity
  8
0
 62
     1
100
AcDbPolyline
 90
        4
 70
     1
 43
0.0
 10
7473.899444484178
 20
4884.178631376585
 10
7480.748130101308
 20
4884.178631376585
 10
7480.748130101308
 20
4868.418521923974
 10
7473.899444484178
 20
4868.418521923974
  0
LINE
  5
177D
330
1F
100
AcDbEntity
  8
0
 62
     1
100
AcDbLine
 10
7505.028717864658
 20
4834.308831323561
 30
0.0
 11
7477.234024310653
 21
4834.308831323561
 31
0.0
  0
MTEXT
  5
177E
330
1F
100
AcDbEntity
  8
0
 62
     1
100
AcDbMText
 10
7459.227241207106
 20
4880.390749790756
 30
0.0
 40
5.945780760951763
 41
38.40016511889258
 46
0.0
 71
     1
 72
     5
  1
{\C0;TR}
 73
     1
 44
1.0
101
Embedded Object
 70
     1
 10
1.0
 20
0.0
 30
0.0
 11
7459.227241207106
 21
4880.390749790756
 31
0.0
 40
38.40016511889258
 41
0.0
 42
10.77216487113771
 43
5.945780760951764
 71
     2
 72
     1
 44
38.40016511889258
 45
29.72890380475882
 73
     0
 74
     0
 46
0.0
  0
MTEXT
  5
177F
330
1F
100
AcDbEntity
  8
0
 62
     1
100
AcDbMText
 10
7470.711592059557
 20
4908.768071691518
 30
0.0
 40
3.792703333416225
 41
50.90897091072784
 46
0.0
 71
     1
 72
     5
  1
{\C0;N2X2Y 2x2,5 mm^ 2}
 11
0.0000000000000001
 21
1.0
 31
0.0
 73
     1
 44
1.0
101
Embedded Object
 70
     1
 10
0.0000000000000001
 20
1.0
 30
0.0
 11
7470.711592059557
 21
4908.768071691518
 31
0.0
 40
50.90897091072784
 41
0.0
 42
46.27046324566793
 43
4.558487908239692
 71
     2
 72
     1
 44
50.90897091072784
 45
18.96351666708113
 73
     0
 74
     0
 46
0.0
  0
MTEXT
  5
1780
330
1F
100
AcDbEntity
  8
0
 62
     1
100
AcDbMText
 10
7479.295871822149
 20
4885.00871640611
 30
0.0
 40
3.792703333416225
 41
109.9716478834069
 46
0.0
 71
     1
 72
     5
  1
\pxi-3,l5,t5;{\C0;(0)PE CONDUIT 1 Phase 20 mm}
 11
0.0000000000000001
 21
1.0
 31
0.0
 73
     1
 44
1.0
101
Embedded Object
 70
     1
 10
0.0000000000000001
 20
1.0
 30
0.0
 11
7479.295871822149
 21
4885.00871640611
 31
0.0
 40
109.9716478834069
 41
0.0
 42
77.06742128181168
 43
4.975012626302456
 71
     2
 72
     1
 44
109.9716478834069
 45
18.96351666708113
 73
     0
 74
     0
 46
4.975012626302458
  0
MTEXT
  5
1781
330
1F
100
AcDbEntity
  8
0
 62
     1
100
AcDbMText
 10
7512.315932223966
 20
4901.017317978768
 30
0.0
 40
3.792703333416225
 41
62.28679749986135
 46
0.0
 71
     1
 72
     5
  1
{\C0;3x (N2X2Y 1x50 mm^ 2)}
 11
0.0000000000000001
 21
1.0
 31
0.0
 73
     1
 44
1.0
101
Embedded Object
 70
     1
 10
0.0000000000000001
 20
1.0
 30
0.0
 11
7512.315932223966
 21
4901.017317978768
 31
0.0
 40
62.28679749986135
 41
0.0
 42
55.6642598375058
 43
4.972425516252377
 71
     2
 72
     1
 44
62.28679749986135
 45
18.96351666708113
 73
     0
 74
     0
 46
0.0
  0
MTEXT
  5
1782
330
1F
100
AcDbEntity
  8
0
 62
     1
100
AcDbMText
 10
7519.565987818959
 20
4893.78349156853
 30
0.0
 40
3.792703333416225
 41
81.40156355690438
 46
0.0
 71
     1
 72
     5
  1
{\C0;(MV CABLE SINGLE CORE)}
 11
0.0000000000000001
 21
1.0
 31
0.0
 73
     1
 44
1.0
101
Embedded Object
 70
     1
 10
0.0000000000000001
 20
1.0
 30
0.0
 11
7519.565987818959
 21
4893.78349156853
 31
0.0
 40
81.40156355690438
 41
0.0
 42
67.49770120656844
 43
4.975012626302456
 71
     2
 72
     1
 44
81.40156355690438
 45
18.96351666708113
 73
     0
 74
     0
 46
0.0
  0
LINE
  5
1783
330
1F
100
AcDbEntity
  8
0
 62
     1
100
AcDbLine
 10
7517.894937533217
 20
4886.461331150536
 30
0.0
 11
7517.894937533217
 21
4864.238499892858
 31
0.0
  0
MTEXT
  5
1784
330
1F
100
AcDbEntity
  8
0
 62
     1
100
AcDbMText
 10
7525.131793771689
 20
4876.288398445544
 30
0.0
 40
3.792703333416225
 41
45.91154105336875
 46
0.0
 71
     1
 72
     5
  1
\pxqc;{\C0;TRANSFORMER^JOIL TYPE\P20 kV/380V^J500kVA ^J3 Phase^Jdyn5}
 73
     1
 44
1.0
101
Embedded Object
 70
     1
 10
1.0
 20
0.0
 30
0.0
 11
7525.131793771689
 21
4876.288398445544
 31
0.0
 40
45.91154105336875
 41
0.0
 42
40.72369929829796
 43
36.74386167125933
 71
     2
 72
     1
 44
45.91154105336875
 45
18.96351666708113
 73
     0
 74
     0
 46
0.0
  0
HATCH
  5
1785
330
1F
100
AcDbEntity
  8
0
 62
     4
100
AcDbHatch
 10
0.0
 20
0.0
 30
0.0
210
0.0
220
0.0
230
1.0
  2
SOLID
 70
     1
 71
     0
 91
        1
 92
        1
 93
        4
 72
     1
 10
7095.515752429117
 20
4554.07451943521
 11
7969.178669729534
 21
4554.07451943521
 72
     1
 10
7969.178669729534
 20
4554.07451943521
 11
7969.178669729534
 21
4554.993891072377
 72
     1
 10
7969.178669729534
 20
4554.993891072377
 11
7095.515752429117
 21
4556.917025279016
 72
     1
 10
7095.515752429117
 20
4556.917025279015
 11
7095.515752429117
 21
4554.074519435209
 97
        0
 75
     1
 76
     1
 98
        1
 10
7193.840122973448
 20
4554.26045275579
450
        0
451
        0
460
0.0
461
0.0
452
        0
462
0.0
453
        2
463
0.0
 63
     5
421
      255
463
1.0
 63
     2
421
 16776960
470
LINEAR
1001
GradientColor1ACI
1070
     5
1001
GradientColor2ACI
1070
     2
1001
ACAD
1010
0.0
1020
0.0
1030
0.0
  0
CIRCLE
  5
1786
330
1F
100
AcDbEntity
  8
0
 62
     1
100
AcDbCircle
 10
7123.132486683278
 20
4497.899859453666
 30
0.0
 40
6.749423001290658
  0
MTEXT
  5
1787
330
1F
100
AcDbEntity
  8
0
 62
     1
100
AcDbMText
 10
7117.704037598882
 20
4499.991267244165
 30
0.0
 40
3.329083633277356
 41
10.90323695577813
 46
0.0
 71
     1
 72
     5
  1
\pxqc;H
 73
     1
 44
1.0
101
Embedded Object
 70
     1
 10
1.0
 20
0.0
 30
0.0
 11
7117.704037598882
 21
4499.991267244165
 31
0.0
 40
10.90323695577813
 41
0.0
 42
2.61149125393517
 43
3.329083633277356
 71
     2
 72
     1
 44
10.90323695577813
 45
16.64541816638677
 73
     0
 74
     0
 46
0.0
  0
LINE
  5
1788
330
1F
100
AcDbEntity
  8
0
 62
     1
370
    50
100
AcDbLine
 10
7137.466943505547
 20
4505.937792058453
 30
0.0
 11
7153.195651867993
 21
4490.209083696001
 31
0.0
  0
LINE
  5
1789
330
1F
100
AcDbEntity
  8
0
 62
     1
370
    50
100
AcDbLine
 10
7153.195651867993
 20
4505.937792058453
 30
0.0
 11
7137.466943505547
 21
4490.209083696001
 31
0.0
  0
LINE
  5
178A
330
1F
100
AcDbEntity
  8
0
 62
     1
100
AcDbLine
 10
7129.181131874794
 20
4500.678324404304
 30
0.0
 11
7142.725455366188
 21
4500.678324404304
 31
0.0
  0
LINE
  5
178B
330
1F
100
AcDbEntity
  8
0
 62
     1
100
AcDbLine
 10
7142.990769733754
 20
4495.801772649828
 30
0.0
 11
7129.518669391867
 21
4495.801772649828
 31
0.0
  0
LINE
  5
178C
330
1F
100
AcDbEntity
  8
0
 62
     1
100
AcDbLine
 10
7145.33129768677
 20
4508.211901704257
 30
0.0
 11
7145.33129768677
 21
4526.787743452148
 31
0.0
  0
LINE
  5
178D
330
1F
100
AcDbEntity
  8
0
 62
     1
100
AcDbLine
 10
7145.33129768677
 20
4519.392040348773
 30
0.0
 11
7147.149785176307
 21
4517.01297691721
 31
0.0
  0
LINE
  5
178E
330
1F
100
AcDbEntity
  8
0
 62
     1
100
AcDbLine
 10
7147.149785176307
 20
4517.01297691721
 30
0.0
 11
7145.33129768677
 21
4519.392040348773
 31
0.0
  0
LINE
  5
178F
330
1F
100
AcDbEntity
  8
0
 62
     1
100
AcDbLine
 10
7145.33129768677
 20
4519.392040348773
 30
0.0
 11
7143.349303730913
 21
4516.843044376339
 31
0.0
  0
LINE
  5
1790
330
1F
100
AcDbEntity
  8
0
 62
     1
100
AcDbLine
 10
7147.149785176307
 20
4513.276845025012
 30
0.0
 11
7145.33129768677
 21
4515.655908456574
 31
0.0
  0
LINE
  5
1791
330
1F
100
AcDbEntity
  8
0
 62
     1
100
AcDbLine
 10
7145.33129768677
 20
4515.655908456574
 30
0.0
 11
7143.349303730913
 21
4513.106912484141
 31
0.0
  0
LINE
  5
1792
330
1F
100
AcDbEntity
  8
0
 62
     1
100
AcDbLine
 10
7147.149785176307
 20
4484.431717722489
 30
0.0
 11
7145.33129768677
 21
4482.052654290926
 31
0.0
  0
LINE
  5
1793
330
1F
100
AcDbEntity
  8
0
 62
     1
100
AcDbLine
 10
7145.33129768677
 20
4482.052654290926
 30
0.0
 11
7143.349303730913
 21
4484.60165026336
 31
0.0
  0
LINE
  5
1794
330
1F
100
AcDbEntity
  8
0
 62
     1
100
AcDbLine
 10
7145.33129768677
 20
4488.869709126399
 30
0.0
 11
7145.33129768677
 21
4475.616458977951
 31
0.0
  0
LINE
  5
1795
330
1F
100
AcDbEntity
  8
0
 62
     1
100
AcDbLine
 10
7147.149785176307
 20
4480.614477197508
 30
0.0
 11
7145.33129768677
 21
4478.235413765946
 31
0.0
  0
LINE
  5
1796
330
1F
100
AcDbEntity
  8
0
 62
     1
100
AcDbLine
 10
7145.33129768677
 20
4478.235413765946
 30
0.0
 11
7143.349303730913
 21
4480.784409738379
 31
0.0
  0
CIRCLE
  5
1797
330
1F
100
AcDbEntity
  8
0
 62
     1
100
AcDbCircle
 10
7145.33129768677
 20
4488.869709126399
 30
0.0
 40
0.7062453641275325
  0
CIRCLE
  5
1798
330
1F
100
AcDbEntity
  8
0
 62
     1
100
AcDbCircle
 10
7145.33129768677
 20
4508.211901704257
 30
0.0
 40
0.7062453641275325
  0
CIRCLE
  5
1799
330
1F
100
AcDbEntity
  8
0
 62
     1
100
AcDbCircle
 10
7145.33129768677
 20
4430.733569459964
 30
0.0
 40
3.084219181265164
  0
LINE
  5
179A
330
1F
100
AcDbEntity
  8
0
 62
     1
100
AcDbLine
 10
7147.72688723657
 20
4432.676134431072
 30
0.0
 11
7149.977157485654
 21
4434.500861109213
 31
0.0
  0
LINE
  5
179B
330
1F
100
AcDbEntity
  8
0
 62
     1
100
AcDbLine
 10
7147.625770431536
 20
4428.672549619785
 30
0.0
 11
7150.08046701722
 21
4427.288475042991
 31
0.0
  0
LINE
  5
179C
330
1F
100
AcDbEntity
  8
0
 62
     1
100
AcDbLine
 10
7148.415516868036
 20
4430.733569459964
 30
0.0
 11
7152.107048855821
 21
4430.733569459964
 31
0.0
  0
LWPOLYLINE
  5
179D
330
1F
100
AcDbEntity
  8
0
 62
     1
100
AcDbPolyline
 90
        4
 70
     1
 43
0.0
 10
7168.916347429526
 20
4414.118604477026
 10
7168.916347429526
 20
4408.688838600355
 10
7155.352780946079
 20
4408.688838600355
 10
7155.352780946079
 20
4414.118604477026
  0
LINE
  5
179E
330
1F
100
AcDbEntity
  8
0
 62
     1
100
AcDbLine
 10
7166.856020470437
 20
4414.148060939771
 30
0.0
 11
7166.856020470437
 21
4408.718295063101
 31
0.0
  0
LINE
  5
179F
330
1F
100
AcDbEntity
  8
0
 62
     1
100
AcDbLine
 10
7157.31964900887
 20
4414.118604477026
 30
0.0
 11
7157.31964900887
 21
4408.688838600355
 31
0.0
  0
LINE
  5
17A0
330
1F
100
AcDbEntity
  8
0
 62
     1
100
AcDbLine
 10
7168.916347429526
 20
4411.40372153869
 30
0.0
 11
7171.807467053456
 21
4411.40372153869
 31
0.0
  0
LINE
  5
17A1
330
1F
100
AcDbEntity
  8
0
 62
     1
100
AcDbLine
 10
7155.352780946079
 20
4411.40372153869
 30
0.0
 11
7152.603927281686
 21
4411.40372153869
 31
0.0
  0
LINE
  5
17A2
330
1F
100
AcDbEntity
  8
0
 62
     1
100
AcDbLine
 10
7145.33129768677
 20
4475.616458977951
 30
0.0
 11
7145.33129768677
 21
4285.586983667053
 31
0.0
  0
LINE
  5
17A3
330
1F
100
AcDbEntity
  8
0
 62
     1
100
AcDbLine
 10
7152.603927281686
 20
4411.40372153869
 30
0.0
 11
7145.33129768677
 21
4411.40372153869
 31
0.0
  0
LWPOLYLINE
  5
17A4
330
1F
100
AcDbEntity
  8
0
 62
     1
100
AcDbPolyline
 90
        4
 70
     1
 43
0.0
 10
7158.49727619854
 20
4452.549740171924
 10
7179.09829287495
 20
4452.549740171924
 10
7179.09829287495
 20
4437.874962106785
 10
7158.49727619854
 20
4437.874962106785
  0
MTEXT
  5
17A5
330
1F
100
AcDbEntity
  8
0
 62
     1
100
AcDbMText
 10
7160.295946108397
 20
4448.319360844016
 30
0.0
 40
5.467340309529101
 41
17.90634104736734
 46
0.0
 71
     1
 72
     5
  1
\pxqc;MM
 73
     1
 44
1.0
101
Embedded Object
 70
     1
 10
1.0
 20
0.0
 30
0.0
 11
7160.295946108397
 21
4448.319360844016
 31
0.0
 40
17.90634104736734
 41
0.0
 42
11.57987152870932
 43
5.467340309529101
 71
     2
 72
     1
 44
17.90634104736734
 45
27.33670154764551
 73
     0
 74
     0
 46
0.0
  0
LINE
  5
17A6
330
1F
100
AcDbEntity
  8
0
 62
     1
100
AcDbLine
 10
7171.807467053456
 20
4411.40372153869
 30
0.0
 11
7173.111498120634
 21
4411.40372153869
 31
0.0
  0
LINE
  5
17A7
330
1F
100
AcDbEntity
  8
0
 62
     1
100
AcDbLine
 10
7173.111498120634
 20
4411.40372153869
 30
0.0
 11
7173.111498120634
 21
4437.874962106785
 31
0.0
  0
LINE
  5
17A8
330
1F
100
AcDbEntity
  8
0
 62
     1
100
AcDbLine
 10
7152.107048855821
 20
4430.733569459964
 30
0.0
 11
7163.185181646382
 21
4430.733569459964
 31
0.0
  0
LINE
  5
17A9
330
1F
100
AcDbEntity
  8
0
 62
     1
100
AcDbLine
 10
7163.185181646382
 20
4430.733569459964
 30
0.0
 11
7163.185181646382
 21
4437.874962106785
 31
0.0
  0
HATCH
  5
17AA
330
1F
100
AcDbEntity
  8
0
 62
     1
100
AcDbHatch
 10
0.0
 20
0.0
 30
0.0
210
0.0
220
0.0
230
1.0
  2
SOLID
 70
     1
 71
     0
 91
        1
 92
        7
 72
     1
 73
     1
 93
        2
 10
7159.605078025949
 20
4469.424032307471
 42
1.0
 10
7156.73847811089
 20
4469.424032307471
 42
1.0
 97
        0
 75
     1
 76
     1
 47
0.0618727635981666
 98
        1
 10
7158.643790532292
 20
4469.227448664492
450
        0
451
        0
460
0.0
461
0.0
452
        0
462
0.0
453
        2
463
0.0
 63
     5
421
      255
463
1.0
 63
     2
421
 16776960
470
LINEAR
1001
GradientColor1ACI
1070
     5
1001
GradientColor2ACI
1070
     2
1001
ACAD
1010
0.0
1020
0.0
1030
0.0
  0
CIRCLE
  5
17AB
330
1F
100
AcDbEntity
  8
0
 62
     1
100
AcDbCircle
 10
7158.17177806842
 20
4469.424032307471
 30
0.0
 40
1.433299957529925
  0
HATCH
  5
17AC
330
1F
100
AcDbEntity
  8
0
 62
     1
100
AcDbHatch
 10
0.0
 20
0.0
 30
0.0
210
0.0
220
0.0
230
1.0
  2
SOLID
 70
     1
 71
     0
 91
        1
 92
        7
 72
     1
 73
     1
 93
        2
 10
7180.566177594426
 20
4469.424032307471
 42
1.0
 10
7177.699577679366
 20
4469.424032307471
 42
1.0
 97
        0
 75
     1
 76
     1
 47
0.0618727635981666
 98
        1
 10
7179.604890100769
 20
4469.227448664492
450
        0
451
        0
460
0.0
461
0.0
452
        0
462
0.0
453
        2
463
0.0
 63
     5
421
      255
463
1.0
 63
     2
421
 16776960
470
LINEAR
1001
GradientColor1ACI
1070
     5
1001
GradientColor2ACI
1070
     2
1001
ACAD
1010
0.0
1020
0.0
1030
0.0
  0
CIRCLE
  5
17AD
330
1F
100
AcDbEntity
  8
0
 62
     1
100
AcDbCircle
 10
7179.132877636895
 20
4469.424032307471
 30
0.0
 40
1.433299957529925
  0
HATCH
  5
17AE
330
1F
100
AcDbEntity
  8
0
 62
     1
100
AcDbHatch
 10
0.0
 20
0.0
 30
0.0
210
0.0
220
0.0
230
1.0
  2
SOLID
 70
     1
 71
     0
 91
        1
 92
        7
 72
     1
 73
     1
 93
        2
 10
7169.570990120745
 20
4469.424032307471
 42
1.0
 10
7166.704390205684
 20
4469.424032307471
 42
1.0
 97
        0
 75
     1
 76
     1
 47
0.0618727635981666
 98
        1
 10
7168.609702627088
 20
4469.227448664492
450
        0
451
        0
460
0.0
461
0.0
452
        0
462
0.0
453
        2
463
0.0
 63
     5
421
      255
463
1.0
 63
     2
421
 16776960
470
LINEAR
1001
GradientColor1ACI
1070
     5
1001
GradientColor2ACI
1070
     2
1001
ACAD
1010
0.0
1020
0.0
1030
0.0
  0
CIRCLE
  5
17AF
330
1F
100
AcDbEntity
  8
0
 62
     1
100
AcDbCircle
 10
7168.137690163213
 20
4469.424032307471
 30
0.0
 40
1.433299957529925
  0
MTEXT
  5
17B0
330
1F
100
AcDbEntity
  8
0
 62
     1
100
AcDbMText
 10
7149.210812306894
 20
4480.209175244197
 30
0.0
 40
5.467340309529101
 41
17.90634104736734
 46
0.0
 71
     1
 72
     5
  1
\pxqc;R
 73
     1
 44
1.0
101
Embedded Object
 70
     1
 10
1.0
 20
0.0
 30
0.0
 11
7149.210812306894
 21
4480.209175244197
 31
0.0
 40
17.90634104736734
 41
0.0
 42
4.818419972654569
 43
5.467340309529101
 71
     2
 72
     1
 44
17.90634104736734
 45
27.33670154764551
 73
     0
 74
     0
 46
0.0
  0
MTEXT
  5
17B1
330
1F
100
AcDbEntity
  8
0
 62
     1
100
AcDbMText
 10
7159.087364225459
 20
4480.089629083632
 30
0.0
 40
5.467340309529101
 41
17.90634104736734
 46
0.0
 71
     1
 72
     5
  1
\pxqc;S
 73
     1
 44
1.0
101
Embedded Object
 70
     1
 10
1.0
 20
0.0
 30
0.0
 11
7159.087364225459
 21
4480.089629083632
 31
0.0
 40
17.90634104736734
 41
0.0
 42
4.352241569727463
 43
5.653811670699944
 71
     2
 72
     1
 44
17.90634104736734
 45
27.33670154764551
 73
     0
 74
     0
 46
0.0
  0
MTEXT
  5
17B2
330
1F
100
AcDbEntity
  8
0
 62
     1
100
AcDbMText
 10
7170.068331131819
 20
4480.164843193683
 30
0.0
 40
5.467340309529101
 41
17.90634104736734
 46
0.0
 71
     1
 72
     5
  1
\pxqc;T
 73
     1
 44
1.0
101
Embedded Object
 70
     1
 10
1.0
 20
0.0
 30
0.0
 11
7170.068331131819
 21
4480.164843193683
 31
0.0
 40
17.90634104736734
 41
0.0
 42
4.33359443361038
 43
5.467340309529101
 71
     2
 72
     1
 44
17.90634104736734
 45
27.33670154764551
 73
     0
 74
     0
 46
0.0
  0
LINE
  5
17B3
330
1F
100
AcDbEntity
  8
0
 62
     1
100
AcDbLine
 10
7145.33129768677
 20
4526.787743452148
 30
0.0
 11
7145.33129768677
 21
4554.159295087411
 31
0.0
  0
LINE
  5
17B4
330
1F
100
AcDbEntity
  8
0
 62
     1
100
AcDbLine
 10
7145.33129768677
 20
4498.073437877227
 30
0.0
 11
7199.371508610783
 21
4498.073437877227
 31
0.0
  0
LINE
  5
17B5
330
1F
100
AcDbEntity
  8
0
 62
     1
100
AcDbLine
 10
7201.20253003775
 20
4501.214141902056
 30
0.0
 11
7198.061607661633
 21
4495.644750423632
 31
0.0
  0
LINE
  5
17B6
330
1F
100
AcDbEntity
  8
0
 62
     1
100
AcDbLine
 10
7198.061607661633
 20
4495.644750423632
 30
0.0
 11
7204.191957803833
 21
4495.644750423632
 31
0.0
  0
LINE
  5
17B7
330
1F
100
AcDbEntity
  8
0
 62
     1
100
AcDbLine
 10
7204.191957803833
 20
4495.644750423632
 30
0.0
 11
7201.20253003775
 21
4501.214141902056
 31
0.0
  0
LINE
  5
17B8
330
1F
100
AcDbEntity
  8
0
 62
     1
100
AcDbLine
 10
7201.20253003775
 20
4501.214141902056
 30
0.0
 11
7201.20253003775
 21
4551.909046761984
 31
0.0
  0
LINE
  5
17B9
330
1F
100
AcDbEntity
  8
0
 62
     1
100
AcDbLine
 10
7201.20253003775
 20
4558.11025482539
 30
0.0
 11
7201.20253003775
 21
4581.32121915584
 31
0.0
  0
LINE
  5
17BA
330
1F
100
AcDbEntity
  8
0
 62
     1
100
AcDbLine
 10
7123.132486683278
 20
4504.649282454958
 30
0.0
 11
7123.132486683278
 21
4551.909046761984
 31
0.0
  0
LINE
  5
17BB
330
1F
100
AcDbEntity
  8
0
 62
     1
100
AcDbLine
 10
7123.132486683278
 20
4558.279933246836
 30
0.0
 11
7123.132486683278
 21
4581.32121915584
 31
0.0
  0
LINE
  5
17BC
330
1F
100
AcDbEntity
  8
0
 62
     1
100
AcDbLine
 10
7123.132486683278
 20
4581.32121915584
 30
0.0
 11
7201.20253003775
 21
4581.32121915584
 31
0.0
  0
LWPOLYLINE
  5
17BD
330
1F
100
AcDbEntity
  8
0
100
AcDbPolyline
 90
        4
 70
     1
 43
0.0
 10
7181.613373342355
 20
4531.143363485518
 10
7221.00388962102
 20
4531.143363485518
 10
7221.00388962102
 20
4518.144070334632
 10
7181.613373342355
 20
4518.144070334632
  0
MTEXT
  5
17BE
330
1F
100
AcDbEntity
  8
0
100
AcDbMText
 10
7182.037755146261
 20
4527.38337599499
 30
0.0
 40
5.467340309529101
 41
38.64912464285171
 46
0.0
 71
     1
 72
     5
  1
\pxqc;ATS / AMF
 73
     1
 44
1.0
101
Embedded Object
 70
     1
 10
1.0
 20
0.0
 30
0.0
 11
7182.037755146261
 21
4527.38337599499
 31
0.0
 40
38.64912464285171
 41
0.0
 42
36.99218862907173
 43
5.653811670699944
 71
     2
 72
     1
 44
38.64912464285171
 45
27.33670154764551
 73
     0
 74
     0
 46
0.0
  0
MTEXT
  5
17BF
330
1F
100
AcDbEntity
  8
0
100
AcDbMText
 10
7182.324461159784
 20
4511.128713564851
 30
0.0
 40
5.467340309529101
 41
38.64912464285171
 46
0.0
 71
     1
 72
     5
  1
\pxqc;INTERCLOCK
 73
     1
 44
1.0
101
Embedded Object
 70
     1
 10
1.0
 20
0.0
 30
0.0
 11
7182.324461159784
 21
4511.128713564851
 31
0.0
 40
38.64912464285171
 41
0.0
 42
48.50120104053614
 43
5.657541097923361
 71
     2
 72
     1
 44
38.64912464285171
 45
27.33670154764551
 73
     0
 74
     0
 46
0.0
  0
LWPOLYLINE
  5
17C0
330
1F
100
AcDbEntity
  8
Area_Boundary
370
     9
100
AcDbPolyline
 90
        4
 70
     1
 43
0.0
 10
7102.041126500624
 20
4650.017835901031
 10
7239.047932900345
 20
4650.017835901031
 10
7239.047932900345
 20
4399.140460326353
 10
7102.041126500624
 20
4399.140460326353
  0
LINE
  5
17C1
330
1F
100
AcDbEntity
  8
0
 62
     1
100
AcDbLine
 10
7201.20253003775
 20
4581.32121915584
 30
0.0
 11
7364.818292057886
 21
4581.32121915584
 31
0.0
  0
CIRCLE
  5
17C2
330
1F
100
AcDbEntity
  8
0
 62
     1
100
AcDbCircle
 10
7257.461999271145
 20
4497.899859453666
 30
0.0
 40
6.749423001290658
  0
MTEXT
  5
17C3
330
1F
100
AcDbEntity
  8
0
 62
     1
100
AcDbMText
 10
7252.033550186748
 20
4499.991267244165
 30
0.0
 40
3.329083633277356
 41
10.90323695577813
 46
0.0
 71
     1
 72
     5
  1
\pxqc;H
 73
     1
 44
1.0
101
Embedded Object
 70
     1
 10
1.0
 20
0.0
 30
0.0
 11
7252.033550186748
 21
4499.991267244165
 31
0.0
 40
10.90323695577813
 41
0.0
 42
2.61149125393517
 43
3.329083633277356
 71
     2
 72
     1
 44
10.90323695577813
 45
16.64541816638677
 73
     0
 74
     0
 46
0.0
  0
LINE
  5
17C4
330
1F
100
AcDbEntity
  8
0
 62
     1
370
    50
100
AcDbLine
 10
7271.796456093413
 20
4505.937792058453
 30
0.0
 11
7287.52516445586
 21
4490.209083696001
 31
0.0
  0
LINE
  5
17C5
330
1F
100
AcDbEntity
  8
0
 62
     1
370
    50
100
AcDbLine
 10
7287.52516445586
 20
4505.937792058453
 30
0.0
 11
7271.796456093413
 21
4490.209083696001
 31
0.0
  0
LINE
  5
17C6
330
1F
100
AcDbEntity
  8
0
 62
     1
100
AcDbLine
 10
7263.51064446266
 20
4500.678324404304
 30
0.0
 11
7277.054967954055
 21
4500.678324404304
 31
0.0
  0
LINE
  5
17C7
330
1F
100
AcDbEntity
  8
0
 62
     1
100
AcDbLine
 10
7277.320282321621
 20
4495.801772649828
 30
0.0
 11
7263.848181979733
 21
4495.801772649828
 31
0.0
  0
LINE
  5
17C8
330
1F
100
AcDbEntity
  8
0
 62
     1
100
AcDbLine
 10
7279.660810274638
 20
4508.211901704257
 30
0.0
 11
7279.660810274638
 21
4526.787743452148
 31
0.0
  0
LINE
  5
17C9
330
1F
100
AcDbEntity
  8
0
 62
     1
100
AcDbLine
 10
7279.660810274638
 20
4519.392040348773
 30
0.0
 11
7281.479297764175
 21
4517.01297691721
 31
0.0
  0
LINE
  5
17CA
330
1F
100
AcDbEntity
  8
0
 62
     1
100
AcDbLine
 10
7281.479297764175
 20
4517.01297691721
 30
0.0
 11
7279.660810274638
 21
4519.392040348773
 31
0.0
  0
LINE
  5
17CB
330
1F
100
AcDbEntity
  8
0
 62
     1
100
AcDbLine
 10
7279.660810274638
 20
4519.392040348773
 30
0.0
 11
7277.678816318779
 21
4516.843044376339
 31
0.0
  0
LINE
  5
17CC
330
1F
100
AcDbEntity
  8
0
 62
     1
100
AcDbLine
 10
7281.479297764175
 20
4513.276845025012
 30
0.0
 11
7279.660810274638
 21
4515.655908456574
 31
0.0
  0
LINE
  5
17CD
330
1F
100
AcDbEntity
  8
0
 62
     1
100
AcDbLine
 10
7279.660810274638
 20
4515.655908456574
 30
0.0
 11
7277.678816318779
 21
4513.106912484141
 31
0.0
  0
LINE
  5
17CE
330
1F
100
AcDbEntity
  8
0
 62
     1
100
AcDbLine
 10
7281.479297764175
 20
4484.431717722489
 30
0.0
 11
7279.660810274638
 21
4482.052654290926
 31
0.0
  0
LINE
  5
17CF
330
1F
100
AcDbEntity
  8
0
 62
     1
100
AcDbLine
 10
7279.660810274638
 20
4482.052654290926
 30
0.0
 11
7277.678816318779
 21
4484.60165026336
 31
0.0
  0
LINE
  5
17D0
330
1F
100
AcDbEntity
  8
0
 62
     1
100
AcDbLine
 10
7279.660810274638
 20
4488.869709126399
 30
0.0
 11
7279.660810274638
 21
4475.616458977951
 31
0.0
  0
LINE
  5
17D1
330
1F
100
AcDbEntity
  8
0
 62
     1
100
AcDbLine
 10
7281.479297764175
 20
4480.614477197508
 30
0.0
 11
7279.660810274638
 21
4478.235413765946
 31
0.0
  0
LINE
  5
17D2
330
1F
100
AcDbEntity
  8
0
 62
     1
100
AcDbLine
 10
7279.660810274638
 20
4478.235413765946
 30
0.0
 11
7277.678816318779
 21
4480.784409738379
 31
0.0
  0
CIRCLE
  5
17D3
330
1F
100
AcDbEntity
  8
0
 62
     1
100
AcDbCircle
 10
7279.660810274638
 20
4488.869709126399
 30
0.0
 40
0.7062453641275325
  0
CIRCLE
  5
17D4
330
1F
100
AcDbEntity
  8
0
 62
     1
100
AcDbCircle
 10
7279.660810274638
 20
4508.211901704257
 30
0.0
 40
0.7062453641275325
  0
CIRCLE
  5
17D5
330
1F
100
AcDbEntity
  8
0
 62
     1
100
AcDbCircle
 10
7279.660810274638
 20
4430.733569459964
 30
0.0
 40
3.084219181265164
  0
LINE
  5
17D6
330
1F
100
AcDbEntity
  8
0
 62
     1
100
AcDbLine
 10
7282.056399824437
 20
4432.676134431072
 30
0.0
 11
7284.306670073521
 21
4434.500861109213
 31
0.0
  0
LINE
  5
17D7
330
1F
100
AcDbEntity
  8
0
 62
     1
100
AcDbLine
 10
7281.955283019401
 20
4428.672549619785
 30
0.0
 11
7284.409979605086
 21
4427.288475042991
 31
0.0
  0
LINE
  5
17D8
330
1F
100
AcDbEntity
  8
0
 62
     1
100
AcDbLine
 10
7282.745029455902
 20
4430.733569459964
 30
0.0
 11
7286.436561443688
 21
4430.733569459964
 31
0.0
  0
LWPOLYLINE
  5
17D9
330
1F
100
AcDbEntity
  8
0
 62
     1
100
AcDbPolyline
 90
        4
 70
     1
 43
0.0
 10
7303.245860017392
 20
4414.118604477026
 10
7303.245860017392
 20
4408.688838600355
 10
7289.682293533946
 20
4408.688838600355
 10
7289.682293533946
 20
4414.118604477026
  0
LINE
  5
17DA
330
1F
100
AcDbEntity
  8
0
 62
     1
100
AcDbLine
 10
7301.185533058305
 20
4414.148060939771
 30
0.0
 11
7301.185533058305
 21
4408.718295063101
 31
0.0
  0
LINE
  5
17DB
330
1F
100
AcDbEntity
  8
0
 62
     1
100
AcDbLine
 10
7291.649161596737
 20
4414.118604477026
 30
0.0
 11
7291.649161596737
 21
4408.688838600355
 31
0.0
  0
LINE
  5
17DC
330
1F
100
AcDbEntity
  8
0
 62
     1
100
AcDbLine
 10
7303.245860017392
 20
4411.40372153869
 30
0.0
 11
7306.136979641323
 21
4411.40372153869
 31
0.0
  0
LINE
  5
17DD
330
1F
100
AcDbEntity
  8
0
 62
     1
100
AcDbLine
 10
7289.682293533946
 20
4411.40372153869
 30
0.0
 11
7286.933439869551
 21
4411.40372153869
 31
0.0
  0
LINE
  5
17DE
330
1F
100
AcDbEntity
  8
0
 62
     1
100
AcDbLine
 10
7279.660810274638
 20
4475.616458977951
 30
0.0
 11
7279.660810274638
 21
4311.3931511004
 31
0.0
  0
LINE
  5
17DF
330
1F
100
AcDbEntity
  8
0
 62
     1
100
AcDbLine
 10
7286.933439869551
 20
4411.40372153869
 30
0.0
 11
7279.660810274638
 21
4411.40372153869
 31
0.0
  0
LWPOLYLINE
  5
17E0
330
1F
100
AcDbEntity
  8
0
 62
     1
100
AcDbPolyline
 90
        4
 70
     1
 43
0.0
 10
7292.826788786406
 20
4452.549740171924
 10
7313.427805462817
 20
4452.549740171924
 10
7313.427805462817
 20
4437.874962106785
 10
7292.826788786406
 20
4437.874962106785
  0
MTEXT
  5
17E1
330
1F
100
AcDbEntity
  8
0
 62
     1
100
AcDbMText
 10
7294.625458696263
 20
4448.319360844016
 30
0.0
 40
5.467340309529101
 41
17.90634104736734
 46
0.0
 71
     1
 72
     5
  1
\pxqc;MM
 73
     1
 44
1.0
101
Embedded Object
 70
     1
 10
1.0
 20
0.0
 30
0.0
 11
7294.625458696263
 21
4448.319360844016
 31
0.0
 40
17.90634104736734
 41
0.0
 42
11.57987152870932
 43
5.467340309529101
 71
     2
 72
     1
 44
17.90634104736734
 45
27.33670154764551
 73
     0
 74
     0
 46
0.0
  0
LINE
  5
17E2
330
1F
100
AcDbEntity
  8
0
 62
     1
100
AcDbLine
 10
7306.136979641323
 20
4411.40372153869
 30
0.0
 11
7307.441010708503
 21
4411.40372153869
 31
0.0
  0
LINE
  5
17E3
330
1F
100
AcDbEntity
  8
0
 62
     1
100
AcDbLine
 10
7307.441010708503
 20
4411.40372153869
 30
0.0
 11
7307.441010708503
 21
4437.874962106785
 31
0.0
  0
LINE
  5
17E4
330
1F
100
AcDbEntity
  8
0
 62
     1
100
AcDbLine
 10
7286.436561443688
 20
4430.733569459964
 30
0.0
 11
7297.514694234248
 21
4430.733569459964
 31
0.0
  0
LINE
  5
17E5
330
1F
100
AcDbEntity
  8
0
 62
     1
100
AcDbLine
 10
7297.514694234248
 20
4430.733569459964
 30
0.0
 11
7297.514694234248
 21
4437.874962106785
 31
0.0
  0
HATCH
  5
17E6
330
1F
100
AcDbEntity
  8
0
 62
     1
100
AcDbHatch
 10
0.0
 20
0.0
 30
0.0
210
0.0
220
0.0
230
1.0
  2
SOLID
 70
     1
 71
     0
 91
        1
 92
        7
 72
     1
 73
     1
 93
        2
 10
7293.934590613815
 20
4469.424032307471
 42
1.0
 10
7291.067990698756
 20
4469.424032307471
 42
1.0
 97
        0
 75
     1
 76
     1
 47
0.0618727635981666
 98
        1
 10
7292.97330312016
 20
4469.227448664492
450
        0
451
        0
460
0.0
461
0.0
452
        0
462
0.0
453
        2
463
0.0
 63
     5
421
      255
463
1.0
 63
     2
421
 16776960
470
LINEAR
1001
GradientColor1ACI
1070
     5
1001
GradientColor2ACI
1070
     2
1001
ACAD
1010
0.0
1020
0.0
1030
0.0
  0
CIRCLE
  5
17E7
330
1F
100
AcDbEntity
  8
0
 62
     1
100
AcDbCircle
 10
7292.501290656286
 20
4469.424032307471
 30
0.0
 40
1.433299957529925
  0
HATCH
  5
17E8
330
1F
100
AcDbEntity
  8
0
 62
     1
100
AcDbHatch
 10
0.0
 20
0.0
 30
0.0
210
0.0
220
0.0
230
1.0
  2
SOLID
 70
     1
 71
     0
 91
        1
 92
        7
 72
     1
 73
     1
 93
        2
 10
7314.895690182293
 20
4469.424032307471
 42
1.0
 10
7312.029090267232
 20
4469.424032307471
 42
1.0
 97
        0
 75
     1
 76
     1
 47
0.0618727635981666
 98
        1
 10
7313.934402688636
 20
4469.227448664492
450
        0
451
        0
460
0.0
461
0.0
452
        0
462
0.0
453
        2
463
0.0
 63
     5
421
      255
463
1.0
 63
     2
421
 16776960
470
LINEAR
1001
GradientColor1ACI
1070
     5
1001
GradientColor2ACI
1070
     2
1001
ACAD
1010
0.0
1020
0.0
1030
0.0
  0
CIRCLE
  5
17E9
330
1F
100
AcDbEntity
  8
0
 62
     1
100
AcDbCircle
 10
7313.462390224763
 20
4469.424032307471
 30
0.0
 40
1.433299957529925
  0
HATCH
  5
17EA
330
1F
100
AcDbEntity
  8
0
 62
     1
100
AcDbHatch
 10
0.0
 20
0.0
 30
0.0
210
0.0
220
0.0
230
1.0
  2
SOLID
 70
     1
 71
     0
 91
        1
 92
        7
 72
     1
 73
     1
 93
        2
 10
7303.900502708612
 20
4469.424032307471
 42
1.0
 10
7301.033902793552
 20
4469.424032307471
 42
1.0
 97
        0
 75
     1
 76
     1
 47
0.0618727635981666
 98
        1
 10
7302.939215214955
 20
4469.227448664492
450
        0
451
        0
460
0.0
461
0.0
452
        0
462
0.0
453
        2
463
0.0
 63
     5
421
      255
463
1.0
 63
     2
421
 16776960
470
LINEAR
1001
GradientColor1ACI
1070
     5
1001
GradientColor2ACI
1070
     2
1001
ACAD
1010
0.0
1020
0.0
1030
0.0
  0
CIRCLE
  5
17EB
330
1F
100
AcDbEntity
  8
0
 62
     1
100
AcDbCircle
 10
7302.46720275108
 20
4469.424032307471
 30
0.0
 40
1.433299957529925
  0
MTEXT
  5
17EC
330
1F
100
AcDbEntity
  8
0
 62
     1
100
AcDbMText
 10
7283.54032489476
 20
4480.209175244197
 30
0.0
 40
5.467340309529101
 41
17.90634104736734
 46
0.0
 71
     1
 72
     5
  1
\pxqc;R
 73
     1
 44
1.0
101
Embedded Object
 70
     1
 10
1.0
 20
0.0
 30
0.0
 11
7283.54032489476
 21
4480.209175244197
 31
0.0
 40
17.90634104736734
 41
0.0
 42
4.818419972654569
 43
5.467340309529101
 71
     2
 72
     1
 44
17.90634104736734
 45
27.33670154764551
 73
     0
 74
     0
 46
0.0
  0
MTEXT
  5
17ED
330
1F
100
AcDbEntity
  8
0
 62
     1
100
AcDbMText
 10
7293.416876813326
 20
4480.089629083632
 30
0.0
 40
5.467340309529101
 41
17.90634104736734
 46
0.0
 71
     1
 72
     5
  1
\pxqc;S
 73
     1
 44
1.0
101
Embedded Object
 70
     1
 10
1.0
 20
0.0
 30
0.0
 11
7293.416876813326
 21
4480.089629083632
 31
0.0
 40
17.90634104736734
 41
0.0
 42
4.352241569727463
 43
5.653811670699944
 71
     2
 72
     1
 44
17.90634104736734
 45
27.33670154764551
 73
     0
 74
     0
 46
0.0
  0
MTEXT
  5
17EE
330
1F
100
AcDbEntity
  8
0
 62
     1
100
AcDbMText
 10
7304.397843719687
 20
4480.164843193683
 30
0.0
 40
5.467340309529101
 41
17.90634104736734
 46
0.0
 71
     1
 72
     5
  1
\pxqc;T
 73
     1
 44
1.0
101
Embedded Object
 70
     1
 10
1.0
 20
0.0
 30
0.0
 11
7304.397843719687
 21
4480.164843193683
 31
0.0
 40
17.90634104736734
 41
0.0
 42
4.33359443361038
 43
5.467340309529101
 71
     2
 72
     1
 44
17.90634104736734
 45
27.33670154764551
 73
     0
 74
     0
 46
0.0
  0
LINE
  5
17EF
330
1F
100
AcDbEntity
  8
0
 62
     1
100
AcDbLine
 10
7279.660810274638
 20
4526.787743452148
 30
0.0
 11
7279.660810274638
 21
4554.159295087411
 31
0.0
  0
LINE
  5
17F0
330
1F
100
AcDbEntity
  8
0
 62
     1
100
AcDbLine
 10
7279.660810274638
 20
4498.073437877227
 30
0.0
 11
7333.701021198649
 21
4498.073437877227
 31
0.0
  0
LINE
  5
17F1
330
1F
100
AcDbEntity
  8
0
 62
     1
100
AcDbLine
 10
7257.461999271145
 20
4504.649282454958
 30
0.0
 11
7257.461999271145
 21
4551.909046761984
 31
0.0
  0
LINE
  5
17F2
330
1F
100
AcDbEntity
  8
0
 62
     1
100
AcDbLine
 10
7257.461999271145
 20
4557.771479575406
 30
0.0
 11
7257.461999271145
 21
4581.32121915584
 31
0.0
  0
CIRCLE
  5
17F3
330
1F
100
AcDbEntity
  8
0
 62
     1
100
AcDbCircle
 10
7364.818292057886
 20
4497.899859453666
 30
0.0
 40
6.749423001290658
  0
MTEXT
  5
17F4
330
1F
100
AcDbEntity
  8
0
 62
     1
100
AcDbMText
 10
7359.389842973489
 20
4499.991267244165
 30
0.0
 40
3.329083633277356
 41
10.90323695577813
 46
0.0
 71
     1
 72
     5
  1
\pxqc;H
 73
     1
 44
1.0
101
Embedded Object
 70
     1
 10
1.0
 20
0.0
 30
0.0
 11
7359.389842973489
 21
4499.991267244165
 31
0.0
 40
10.90323695577813
 41
0.0
 42
2.61149125393517
 43
3.329083633277356
 71
     2
 72
     1
 44
10.90323695577813
 45
16.64541816638677
 73
     0
 74
     0
 46
0.0
  0
LINE
  5
17F5
330
1F
100
AcDbEntity
  8
0
 62
     1
370
    50
100
AcDbLine
 10
7379.152748880155
 20
4505.937792058453
 30
0.0
 11
7394.881457242601
 21
4490.209083696001
 31
0.0
  0
LINE
  5
17F6
330
1F
100
AcDbEntity
  8
0
 62
     1
370
    50
100
AcDbLine
 10
7394.881457242601
 20
4505.937792058453
 30
0.0
 11
7379.152748880155
 21
4490.209083696001
 31
0.0
  0
LINE
  5
17F7
330
1F
100
AcDbEntity
  8
0
 62
     1
100
AcDbLine
 10
7370.866937249402
 20
4500.678324404304
 30
0.0
 11
7384.411260740797
 21
4500.678324404304
 31
0.0
  0
LINE
  5
17F8
330
1F
100
AcDbEntity
  8
0
 62
     1
100
AcDbLine
 10
7384.676575108362
 20
4495.801772649828
 30
0.0
 11
7371.204474766475
 21
4495.801772649828
 31
0.0
  0
LINE
  5
17F9
330
1F
100
AcDbEntity
  8
0
 62
     1
100
AcDbLine
 10
7387.017103061379
 20
4508.211901704257
 30
0.0
 11
7387.017103061379
 21
4526.787743452148
 31
0.0
  0
LINE
  5
17FA
330
1F
100
AcDbEntity
  8
0
 62
     1
100
AcDbLine
 10
7387.017103061379
 20
4519.392040348773
 30
0.0
 11
7388.835590550915
 21
4517.01297691721
 31
0.0
  0
LINE
  5
17FB
330
1F
100
AcDbEntity
  8
0
 62
     1
100
AcDbLine
 10
7388.835590550915
 20
4517.01297691721
 30
0.0
 11
7387.017103061379
 21
4519.392040348773
 31
0.0
  0
LINE
  5
17FC
330
1F
100
AcDbEntity
  8
0
 62
     1
100
AcDbLine
 10
7387.017103061379
 20
4519.392040348773
 30
0.0
 11
7385.035109105522
 21
4516.843044376339
 31
0.0
  0
LINE
  5
17FD
330
1F
100
AcDbEntity
  8
0
 62
     1
100
AcDbLine
 10
7388.835590550915
 20
4513.276845025012
 30
0.0
 11
7387.017103061379
 21
4515.655908456574
 31
0.0
  0
LINE
  5
17FE
330
1F
100
AcDbEntity
  8
0
 62
     1
100
AcDbLine
 10
7387.017103061379
 20
4515.655908456574
 30
0.0
 11
7385.035109105522
 21
4513.106912484141
 31
0.0
  0
LINE
  5
17FF
330
1F
100
AcDbEntity
  8
0
 62
     1
100
AcDbLine
 10
7388.835590550915
 20
4484.431717722489
 30
0.0
 11
7387.017103061379
 21
4482.052654290926
 31
0.0
  0
LINE
  5
1800
330
1F
100
AcDbEntity
  8
0
 62
     1
100
AcDbLine
 10
7387.017103061379
 20
4482.052654290926
 30
0.0
 11
7385.035109105522
 21
4484.60165026336
 31
0.0
  0
LINE
  5
1801
330
1F
100
AcDbEntity
  8
0
 62
     1
100
AcDbLine
 10
7387.017103061379
 20
4488.869709126399
 30
0.0
 11
7387.017103061379
 21
4475.616458977951
 31
0.0
  0
LINE
  5
1802
330
1F
100
AcDbEntity
  8
0
 62
     1
100
AcDbLine
 10
7388.835590550915
 20
4480.614477197508
 30
0.0
 11
7387.017103061379
 21
4478.235413765946
 31
0.0
  0
LINE
  5
1803
330
1F
100
AcDbEntity
  8
0
 62
     1
100
AcDbLine
 10
7387.017103061379
 20
4478.235413765946
 30
0.0
 11
7385.035109105522
 21
4480.784409738379
 31
0.0
  0
CIRCLE
  5
1804
330
1F
100
AcDbEntity
  8
0
 62
     1
100
AcDbCircle
 10
7387.017103061379
 20
4488.869709126399
 30
0.0
 40
0.7062453641275325
  0
CIRCLE
  5
1805
330
1F
100
AcDbEntity
  8
0
 62
     1
100
AcDbCircle
 10
7387.017103061379
 20
4508.211901704257
 30
0.0
 40
0.7062453641275325
  0
CIRCLE
  5
1806
330
1F
100
AcDbEntity
  8
0
 62
     1
100
AcDbCircle
 10
7387.017103061379
 20
4430.733569459964
 30
0.0
 40
3.084219181265164
  0
LINE
  5
1807
330
1F
100
AcDbEntity
  8
0
 62
     1
100
AcDbLine
 10
7389.412692611178
 20
4432.676134431072
 30
0.0
 11
7391.662962860262
 21
4434.500861109213
 31
0.0
  0
LINE
  5
1808
330
1F
100
AcDbEntity
  8
0
 62
     1
100
AcDbLine
 10
7389.311575806144
 20
4428.672549619785
 30
0.0
 11
7391.766272391828
 21
4427.288475042991
 31
0.0
  0
LINE
  5
1809
330
1F
100
AcDbEntity
  8
0
 62
     1
100
AcDbLine
 10
7390.101322242644
 20
4430.733569459964
 30
0.0
 11
7393.792854230429
 21
4430.733569459964
 31
0.0
  0
LWPOLYLINE
  5
180A
330
1F
100
AcDbEntity
  8
0
 62
     1
100
AcDbPolyline
 90
        4
 70
     1
 43
0.0
 10
7410.602152804135
 20
4414.118604477026
 10
7410.602152804135
 20
4408.688838600355
 10
7397.038586320687
 20
4408.688838600355
 10
7397.038586320687
 20
4414.118604477026
  0
LINE
  5
180B
330
1F
100
AcDbEntity
  8
0
 62
     1
100
AcDbLine
 10
7408.541825845046
 20
4414.148060939771
 30
0.0
 11
7408.541825845046
 21
4408.718295063101
 31
0.0
  0
LINE
  5
180C
330
1F
100
AcDbEntity
  8
0
 62
     1
100
AcDbLine
 10
7399.00545438348
 20
4414.118604477026
 30
0.0
 11
7399.00545438348
 21
4408.688838600355
 31
0.0
  0
LINE
  5
180D
330
1F
100
AcDbEntity
  8
0
 62
     1
100
AcDbLine
 10
7410.602152804135
 20
4411.40372153869
 30
0.0
 11
7413.493272428064
 21
4411.40372153869
 31
0.0
  0
LINE
  5
180E
330
1F
100
AcDbEntity
  8
0
 62
     1
100
AcDbLine
 10
7397.038586320687
 20
4411.40372153869
 30
0.0
 11
7394.289732656294
 21
4411.40372153869
 31
0.0
  0
LINE
  5
180F
330
1F
100
AcDbEntity
  8
0
 62
     1
100
AcDbLine
 10
7387.017103061379
 20
4475.616458977951
 30
0.0
 11
7387.017103061379
 21
4311.3931511004
 31
0.0
  0
LINE
  5
1810
330
1F
100
AcDbEntity
  8
0
 62
     1
100
AcDbLine
 10
7394.289732656294
 20
4411.40372153869
 30
0.0
 11
7387.017103061379
 21
4411.40372153869
 31
0.0
  0
LWPOLYLINE
  5
1811
330
1F
100
AcDbEntity
  8
0
 62
     1
100
AcDbPolyline
 90
        4
 70
     1
 43
0.0
 10
7400.183081573148
 20
4452.549740171924
 10
7420.784098249558
 20
4452.549740171924
 10
7420.784098249558
 20
4437.874962106785
 10
7400.183081573148
 20
4437.874962106785
  0
MTEXT
  5
1812
330
1F
100
AcDbEntity
  8
0
 62
     1
100
AcDbMText
 10
7401.981751483005
 20
4448.319360844016
 30
0.0
 40
5.467340309529101
 41
17.90634104736734
 46
0.0
 71
     1
 72
     5
  1
\pxqc;MM
 73
     1
 44
1.0
101
Embedded Object
 70
     1
 10
1.0
 20
0.0
 30
0.0
 11
7401.981751483005
 21
4448.319360844016
 31
0.0
 40
17.90634104736734
 41
0.0
 42
11.57987152870932
 43
5.467340309529101
 71
     2
 72
     1
 44
17.90634104736734
 45
27.33670154764551
 73
     0
 74
     0
 46
0.0
  0
LINE
  5
1813
330
1F
100
AcDbEntity
  8
0
 62
     1
100
AcDbLine
 10
7413.493272428064
 20
4411.40372153869
 30
0.0
 11
7414.797303495245
 21
4411.40372153869
 31
0.0
  0
LINE
  5
1814
330
1F
100
AcDbEntity
  8
0
 62
     1
100
AcDbLine
 10
7414.797303495245
 20
4411.40372153869
 30
0.0
 11
7414.797303495245
 21
4437.874962106785
 31
0.0
  0
LINE
  5
1815
330
1F
100
AcDbEntity
  8
0
 62
     1
100
AcDbLine
 10
7393.792854230429
 20
4430.733569459964
 30
0.0
 11
7404.870987020989
 21
4430.733569459964
 31
0.0
  0
LINE
  5
1816
330
1F
100
AcDbEntity
  8
0
 62
     1
100
AcDbLine
 10
7404.870987020989
 20
4430.733569459964
 30
0.0
 11
7404.870987020989
 21
4437.874962106785
 31
0.0
  0
HATCH
  5
1817
330
1F
100
AcDbEntity
  8
0
 62
     1
100
AcDbHatch
 10
0.0
 20
0.0
 30
0.0
210
0.0
220
0.0
230
1.0
  2
SOLID
 70
     1
 71
     0
 91
        1
 92
        7
 72
     1
 73
     1
 93
        2
 10
7401.290883400557
 20
4469.424032307471
 42
1.0
 10
7398.424283485498
 20
4469.424032307471
 42
1.0
 97
        0
 75
     1
 76
     1
 47
0.0618727635981666
 98
        1
 10
7400.329595906902
 20
4469.227448664492
450
        0
451
        0
460
0.0
461
0.0
452
        0
462
0.0
453
        2
463
0.0
 63
     5
421
      255
463
1.0
 63
     2
421
 16776960
470
LINEAR
1001
GradientColor1ACI
1070
     5
1001
GradientColor2ACI
1070
     2
1001
ACAD
1010
0.0
1020
0.0
1030
0.0
  0
CIRCLE
  5
1818
330
1F
100
AcDbEntity
  8
0
 62
     1
100
AcDbCircle
 10
7399.857583443028
 20
4469.424032307471
 30
0.0
 40
1.433299957529925
  0
HATCH
  5
1819
330
1F
100
AcDbEntity
  8
0
 62
     1
100
AcDbHatch
 10
0.0
 20
0.0
 30
0.0
210
0.0
220
0.0
230
1.0
  2
SOLID
 70
     1
 71
     0
 91
        1
 92
        7
 72
     1
 73
     1
 93
        2
 10
7422.251982969034
 20
4469.424032307471
 42
1.0
 10
7419.385383053974
 20
4469.424032307471
 42
1.0
 97
        0
 75
     1
 76
     1
 47
0.0618727635981666
 98
        1
 10
7421.290695475377
 20
4469.227448664492
450
        0
451
        0
460
0.0
461
0.0
452
        0
462
0.0
453
        2
463
0.0
 63
     5
421
      255
463
1.0
 63
     2
421
 16776960
470
LINEAR
1001
GradientColor1ACI
1070
     5
1001
GradientColor2ACI
1070
     2
1001
ACAD
1010
0.0
1020
0.0
1030
0.0
  0
CIRCLE
  5
181A
330
1F
100
AcDbEntity
  8
0
 62
     1
100
AcDbCircle
 10
7420.818683011505
 20
4469.424032307471
 30
0.0
 40
1.433299957529925
  0
HATCH
  5
181B
330
1F
100
AcDbEntity
  8
0
 62
     1
100
AcDbHatch
 10
0.0
 20
0.0
 30
0.0
210
0.0
220
0.0
230
1.0
  2
SOLID
 70
     1
 71
     0
 91
        1
 92
        7
 72
     1
 73
     1
 93
        2
 10
7411.256795495353
 20
4469.424032307471
 42
1.0
 10
7408.390195580293
 20
4469.424032307471
 42
1.0
 97
        0
 75
     1
 76
     1
 47
0.0618727635981666
 98
        1
 10
7410.295508001697
 20
4469.227448664492
450
        0
451
        0
460
0.0
461
0.0
452
        0
462
0.0
453
        2
463
0.0
 63
     5
421
      255
463
1.0
 63
     2
421
 16776960
470
LINEAR
1001
GradientColor1ACI
1070
     5
1001
GradientColor2ACI
1070
     2
1001
ACAD
1010
0.0
1020
0.0
1030
0.0
  0
CIRCLE
  5
181C
330
1F
100
AcDbEntity
  8
0
 62
     1
100
AcDbCircle
 10
7409.823495537823
 20
4469.424032307471
 30
0.0
 40
1.433299957529925
  0
MTEXT
  5
181D
330
1F
100
AcDbEntity
  8
0
 62
     1
100
AcDbMText
 10
7390.896617681502
 20
4480.209175244197
 30
0.0
 40
5.467340309529101
 41
17.90634104736734
 46
0.0
 71
     1
 72
     5
  1
\pxqc;R
 73
     1
 44
1.0
101
Embedded Object
 70
     1
 10
1.0
 20
0.0
 30
0.0
 11
7390.896617681502
 21
4480.209175244197
 31
0.0
 40
17.90634104736734
 41
0.0
 42
4.818419972654569
 43
5.467340309529101
 71
     2
 72
     1
 44
17.90634104736734
 45
27.33670154764551
 73
     0
 74
     0
 46
0.0
  0
MTEXT
  5
181E
330
1F
100
AcDbEntity
  8
0
 62
     1
100
AcDbMText
 10
7400.773169600069
 20
4480.089629083632
 30
0.0
 40
5.467340309529101
 41
17.90634104736734
 46
0.0
 71
     1
 72
     5
  1
\pxqc;S
 73
     1
 44
1.0
101
Embedded Object
 70
     1
 10
1.0
 20
0.0
 30
0.0
 11
7400.773169600069
 21
4480.089629083632
 31
0.0
 40
17.90634104736734
 41
0.0
 42
4.352241569727463
 43
5.653811670699944
 71
     2
 72
     1
 44
17.90634104736734
 45
27.33670154764551
 73
     0
 74
     0
 46
0.0
  0
MTEXT
  5
181F
330
1F
100
AcDbEntity
  8
0
 62
     1
100
AcDbMText
 10
7411.754136506428
 20
4480.164843193683
 30
0.0
 40
5.467340309529101
 41
17.90634104736734
 46
0.0
 71
     1
 72
     5
  1
\pxqc;T
 73
     1
 44
1.0
101
Embedded Object
 70
     1
 10
1.0
 20
0.0
 30
0.0
 11
7411.754136506428
 21
4480.164843193683
 31
0.0
 40
17.90634104736734
 41
0.0
 42
4.33359443361038
 43
5.467340309529101
 71
     2
 72
     1
 44
17.90634104736734
 45
27.33670154764551
 73
     0
 74
     0
 46
0.0
  0
LINE
  5
1820
330
1F
100
AcDbEntity
  8
0
 62
     1
100
AcDbLine
 10
7387.017103061379
 20
4526.787743452148
 30
0.0
 11
7387.017103061379
 21
4554.159295087411
 31
0.0
  0
LINE
  5
1821
330
1F
100
AcDbEntity
  8
0
 62
     1
100
AcDbLine
 10
7364.818292057886
 20
4504.649282454958
 30
0.0
 11
7364.818292057886
 21
4551.909046761984
 31
0.0
  0
LINE
  5
1822
330
1F
100
AcDbEntity
  8
0
 62
     1
100
AcDbLine
 10
7364.818292057887
 20
4557.468721169203
 30
0.0
 11
7364.818292057886
 21
4581.32121915584
 31
0.0
  0
LWPOLYLINE
  5
1823
330
1F
100
AcDbEntity
  8
Area_Boundary
370
     9
100
AcDbPolyline
 90
        4
 70
     1
 43
0.0
 10
7239.047932900345
 20
4650.017835901031
 10
7343.45216064112
 20
4650.017835901031
 10
7343.45216064112
 20
4399.140460326353
 10
7239.047932900345
 20
4399.140460326353
  0
LWPOLYLINE
  5
1824
330
1F
100
AcDbEntity
  8
Area_Boundary
370
     9
100
AcDbPolyline
 90
        4
 70
     1
 43
0.0
 10
7343.45216064112
 20
4650.017835901031
 10
7451.407999861384
 20
4650.017835901031
 10
7451.407999861384
 20
4399.140460326353
 10
7343.45216064112
 20
4399.140460326353
  0
MTEXT
  5
1825
330
1F
100
AcDbEntity
  8
0
 62
     1
100
AcDbMText
 10
7107.817608552791
 20
4646.221335224821
 30
0.0
 40
6.570799341885865
 41
75.92111903943859
 46
0.0
 71
     1
 72
     5
  1
{\C0;INCOMING - PLN}
 73
     1
 44
1.0
101
Embedded Object
 70
     1
 10
1.0
 20
0.0
 30
0.0
 11
7107.817608552791
 21
4646.221335224821
 31
0.0
 40
75.92111903943859
 41
0.0
 42
71.31961741342967
 43
6.799387859236601
 71
     2
 72
     1
 44
75.92111903943859
 45
32.85399670942933
 73
     0
 74
     0
 46
0.0
  0
MTEXT
  5
1826
330
1F
100
AcDbEntity
  8
0
 62
     1
100
AcDbMText
 10
7244.301789411102
 20
4646.989352239881
 30
0.0
 40
6.570799341885865
 41
89.34097845283103
 46
0.0
 71
     1
 72
     5
  1
{\C0;GENSET BACK-UP}
 73
     1
 44
1.0
101
Embedded Object
 70
     1
 10
1.0
 20
0.0
 30
0.0
 11
7244.301789411102
 21
4646.989352239881
 31
0.0
 40
89.34097845283103
 41
0.0
 42
80.21215895115243
 43
6.79490573144541
 71
     2
 72
     1
 44
89.34097845283103
 45
32.85399670942933
 73
     0
 74
     0
 46
0.0
  0
LINE
  5
1827
330
1F
100
AcDbEntity
  8
0
 62
     1
100
AcDbLine
 10
7517.306420088917
 20
4804.930935842719
 30
0.0
 11
7517.306420088917
 21
4776.201716070963
 31
0.0
  0
LWPOLYLINE
  5
1828
330
1F
100
AcDbEntity
  8
0
 62
     1
100
AcDbPolyline
 90
        4
 70
     1
 43
0.0
 10
7243.164293057837
 20
4238.400116666801
 10
7316.157327491436
 20
4238.400116666801
 10
7316.157327491436
 20
4311.3931511004
 10
7243.164293057837
 20
4311.3931511004
  0
CIRCLE
  5
1829
330
1F
100
AcDbEntity
  8
0
 62
     1
100
AcDbCircle
 10
7278.849850868742
 20
4275.892269302208
 30
0.0
 40
22.96361767515074
  0
MTEXT
  5
182A
330
1F
100
AcDbEntity
  8
0
 62
     1
100
AcDbMText
 10
7262.914380188611
 20
4281.334809100673
 30
0.0
 40
10.16355672233584
 41
33.28713828316339
 46
0.0
 71
     1
 72
     5
  1
\pxqc;G
 73
     1
 44
1.0
101
Embedded Object
 70
     1
 10
1.0
 20
0.0
 30
0.0
 11
7262.914380188611
 21
4281.334809100673
 31
0.0
 40
33.28713828316339
 41
0.0
 42
9.400943325707636
 43
10.51019917534866
 71
     2
 72
     1
 44
33.28713828316339
 45
50.81778361167919
 73
     0
 74
     0
 46
0.0
  0
LWPOLYLINE
  5
182B
330
1F
100
AcDbEntity
  8
0
 62
     1
100
AcDbPolyline
 90
        4
 70
     1
 43
0.0
 10
7350.520585844581
 20
4238.400116666801
 10
7423.513620278177
 20
4238.400116666801
 10
7423.513620278177
 20
4311.3931511004
 10
7350.520585844581
 20
4311.3931511004
  0
LINE
  5
182C
330
1F
100
AcDbEntity
  8
0
 62
     1
100
AcDbLine
 10
7350.520585844581
 20
4238.400116666801
 30
0.0
 11
7423.513620278177
 21
4311.3931511004
 31
0.0
  0
LINE
  5
182D
330
1F
100
AcDbEntity
  8
0
 62
     1
100
AcDbLine
 10
7357.548978712651
 20
4299.967040571781
 30
0.0
 11
7400.298101956798
 21
4299.967040571781
 31
0.0
  0
LWPOLYLINE
  5
182E
330
1F
100
AcDbEntity
  8
Area_Boundary
 62
     1
370
     9
100
AcDbPolyline
 90
        2
 70
     0
 43
0.0
 10
7357.59658302823
 20
4293.563639763493
 10
7400.451544865534
 20
4293.563639763493
  0
ARC
  5
182F
330
1F
100
AcDbEntity
  8
0
 62
     1
100
AcDbCircle
 10
7389.211503048364
 20
4263.105251484095
 30
0.0
 40
12.19388664905329
100
AcDbArc
 50
204.9126217638084
 51
331.9076358853238
  0
ARC
  5
1830
330
1F
100
AcDbEntity
  8
0
 62
     1
100
AcDbCircle
 10
7411.0280840445
 20
4252.226720218342
 30
0.0
 40
12.19388664905329
100
AcDbArc
 50
28.09236411467617
 51
155.0873782361916
  0
LINE
  5
1831
330
1F
100
AcDbEntity
  8
0
 62
     1
370
    50
100
AcDbLine
 10
7464.460632932507
 20
4538.415977928366
 30
0.0
 11
7466.712048372795
 21
4536.164562488077
 31
0.0
  0
LINE
  5
1832
330
1F
100
AcDbEntity
  8
0
 62
     1
370
    50
100
AcDbLine
 10
7466.712048372795
 20
4538.415977928366
 30
0.0
 11
7464.460632932507
 21
4536.164562488077
 31
0.0
  0
LINE
  5
1833
330
1F
100
AcDbEntity
  8
0
 62
     1
370
    50
100
AcDbLine
 10
7465.586340652649
 20
4529.410316167206
 30
0.0
 11
7462.595945773178
 21
4535.823238681287
 31
0.0
  0
LINE
  5
1834
330
1F
100
AcDbEntity
  8
0
 62
     1
100
AcDbLine
 10
7465.586340652652
 20
4537.290270208222
 30
0.0
 11
7465.586340652652
 21
4554.240786209224
 31
0.0
  0
LINE
  5
1835
330
1F
100
AcDbEntity
  8
0
 62
     1
100
AcDbLine
 10
7465.586340652649
 20
4529.410316167206
 30
0.0
 11
7465.586340652649
 21
4317.637420753247
 31
0.0
  0
HATCH
  5
1836
330
1F
100
AcDbEntity
  8
0
 62
     1
100
AcDbHatch
 10
0.0
 20
0.0
 30
0.0
210
0.0
220
0.0
230
1.0
  2
SOLID
 70
     1
 71
     1
 91
        1
 92
        7
 72
     0
 73
     1
 93
        3
 10
7465.552657653794
 20
4304.365169125449
 10
7469.119102485379
 20
4317.837289610229
 10
7461.638259486718
 20
4317.837289610229
 97
        3
330
1837
330
1839
330
1838
 75
     1
 76
     1
 47
0.2283572508359924
 98
        1
 10
7465.221382322559
 20
4314.462469750111
450
        0
451
        0
460
0.0
461
0.0
452
        0
462
0.0
453
        2
463
0.0
 63
     5
421
      255
463
1.0
 63
     2
421
 16776960
470
LINEAR
1001
GradientColor1ACI
1070
     5
1001
GradientColor2ACI
1070
     2
1001
ACAD
1010
0.0
1020
0.0
1030
0.0
  0
LINE
  5
1837
102
{ACAD_REACTORS
330
1836
102
}
330
1F
100
AcDbEntity
  8
0
 62
     1
100
AcDbLine
 10
7461.638259486718
 20
4317.837289610229
 30
0.0
 11
7469.119102485379
 21
4317.837289610229
 31
0.0
  0
LINE
  5
1838
102
{ACAD_REACTORS
330
1836
102
}
330
1F
100
AcDbEntity
  8
0
 62
     1
100
AcDbLine
 10
7469.119102485379
 20
4317.837289610229
 30
0.0
 11
7465.552657653794
 21
4304.365169125449
 31
0.0
  0
LINE
  5
1839
102
{ACAD_REACTORS
330
1836
102
}
330
1F
100
AcDbEntity
  8
0
 62
     1
100
AcDbLine
 10
7465.552657653794
 20
4304.365169125449
 30
0.0
 11
7461.638259486718
 21
4317.837289610229
 31
0.0
  0
LINE
  5
183A
330
1F
100
AcDbEntity
  8
0
 62
     1
370
    50
100
AcDbLine
 10
7489.712944100467
 20
4538.415977928366
 30
0.0
 11
7491.964359540755
 21
4536.164562488077
 31
0.0
  0
LINE
  5
183B
330
1F
100
AcDbEntity
  8
0
 62
     1
370
    50
100
AcDbLine
 10
7491.964359540755
 20
4538.415977928366
 30
0.0
 11
7489.712944100467
 21
4536.164562488077
 31
0.0
  0
LINE
  5
183C
330
1F
100
AcDbEntity
  8
0
 62
     1
370
    50
100
AcDbLine
 10
7490.838651820609
 20
4529.410316167206
 30
0.0
 11
7487.848256941138
 21
4535.823238681287
 31
0.0
  0
LINE
  5
183D
330
1F
100
AcDbEntity
  8
0
 62
     1
100
AcDbLine
 10
7490.838651820611
 20
4537.290270208222
 30
0.0
 11
7490.838651820611
 21
4554.240786209224
 31
0.0
  0
LINE
  5
183E
330
1F
100
AcDbEntity
  8
0
 62
     1
100
AcDbLine
 10
7490.838651820609
 20
4529.410316167206
 30
0.0
 11
7490.838651820609
 21
4317.637420753247
 31
0.0
  0
LINE
  5
183F
330
1F
100
AcDbEntity
  8
0
 62
     1
370
    50
100
AcDbLine
 10
7511.020459245976
 20
4538.415977928366
 30
0.0
 11
7513.271874686265
 21
4536.164562488077
 31
0.0
  0
LINE
  5
1840
330
1F
100
AcDbEntity
  8
0
 62
     1
370
    50
100
AcDbLine
 10
7513.271874686265
 20
4538.415977928366
 30
0.0
 11
7511.020459245976
 21
4536.164562488077
 31
0.0
  0
LINE
  5
1841
330
1F
100
AcDbEntity
  8
0
 62
     1
370
    50
100
AcDbLine
 10
7512.146166966118
 20
4529.410316167206
 30
0.0
 11
7509.155772086647
 21
4535.823238681287
 31
0.0
  0
LINE
  5
1842
330
1F
100
AcDbEntity
  8
0
 62
     1
100
AcDbLine
 10
7512.14616696612
 20
4537.290270208222
 30
0.0
 11
7512.14616696612
 21
4554.240786209224
 31
0.0
  0
LINE
  5
1843
330
1F
100
AcDbEntity
  8
0
 62
     1
100
AcDbLine
 10
7512.146166966118
 20
4529.410316167206
 30
0.0
 11
7512.146166966118
 21
4317.637420753247
 31
0.0
  0
LINE
  5
1844
330
1F
100
AcDbEntity
  8
0
 62
     1
370
    50
100
AcDbLine
 10
7532.612072310246
 20
4538.415977928366
 30
0.0
 11
7534.863487750536
 21
4536.164562488077
 31
0.0
  0
LINE
  5
1845
330
1F
100
AcDbEntity
  8
0
 62
     1
370
    50
100
AcDbLine
 10
7534.863487750536
 20
4538.415977928366
 30
0.0
 11
7532.612072310246
 21
4536.164562488077
 31
0.0
  0
LINE
  5
1846
330
1F
100
AcDbEntity
  8
0
 62
     1
370
    50
100
AcDbLine
 10
7533.737780030389
 20
4529.410316167206
 30
0.0
 11
7530.747385150919
 21
4535.823238681287
 31
0.0
  0
LINE
  5
1847
330
1F
100
AcDbEntity
  8
0
 62
     1
100
AcDbLine
 10
7533.737780030391
 20
4537.290270208222
 30
0.0
 11
7533.737780030391
 21
4554.240786209224
 31
0.0
  0
LINE
  5
1848
330
1F
100
AcDbEntity
  8
0
 62
     1
100
AcDbLine
 10
7533.737780030389
 20
4529.410316167206
 30
0.0
 11
7533.737780030389
 21
4317.637420753247
 31
0.0
  0
LINE
  5
1849
330
1F
100
AcDbEntity
  8
0
 62
     1
370
    50
100
AcDbLine
 10
7555.908299231467
 20
4538.415977928366
 30
0.0
 11
7558.159714671756
 21
4536.164562488077
 31
0.0
  0
LINE
  5
184A
330
1F
100
AcDbEntity
  8
0
 62
     1
370
    50
100
AcDbLine
 10
7558.159714671756
 20
4538.415977928366
 30
0.0
 11
7555.908299231467
 21
4536.164562488077
 31
0.0
  0
LINE
  5
184B
330
1F
100
AcDbEntity
  8
0
 62
     1
370
    50
100
AcDbLine
 10
7557.034006951609
 20
4529.410316167206
 30
0.0
 11
7554.043612072138
 21
4535.823238681287
 31
0.0
  0
LINE
  5
184C
330
1F
100
AcDbEntity
  8
0
 62
     1
100
AcDbLine
 10
7557.034006951612
 20
4537.290270208222
 30
0.0
 11
7557.034006951612
 21
4554.240786209224
 31
0.0
  0
LINE
  5
184D
330
1F
100
AcDbEntity
  8
0
 62
     1
100
AcDbLine
 10
7557.034006951609
 20
4529.410316167206
 30
0.0
 11
7557.034006951609
 21
4317.637420753247
 31
0.0
  0
LINE
  5
184E
330
1F
100
AcDbEntity
  8
0
 62
     1
370
    50
100
AcDbLine
 10
7579.20451298049
 20
4538.415977928366
 30
0.0
 11
7581.455928420779
 21
4536.164562488077
 31
0.0
  0
LINE
  5
184F
330
1F
100
AcDbEntity
  8
0
 62
     1
370
    50
100
AcDbLine
 10
7581.455928420779
 20
4538.415977928366
 30
0.0
 11
7579.20451298049
 21
4536.164562488077
 31
0.0
  0
LINE
  5
1850
330
1F
100
AcDbEntity
  8
0
 62
     1
370
    50
100
AcDbLine
 10
7580.330220700632
 20
4529.410316167206
 30
0.0
 11
7577.339825821161
 21
4535.823238681287
 31
0.0
  0
LINE
  5
1851
330
1F
100
AcDbEntity
  8
0
 62
     1
100
AcDbLine
 10
7580.330220700634
 20
4537.290270208222
 30
0.0
 11
7580.330220700634
 21
4554.240786209224
 31
0.0
  0
LINE
  5
1852
330
1F
100
AcDbEntity
  8
0
 62
     1
100
AcDbLine
 10
7580.330220700632
 20
4529.410316167206
 30
0.0
 11
7580.330220700632
 21
4317.637420753247
 31
0.0
  0
LINE
  5
1853
330
1F
100
AcDbEntity
  8
0
 62
     1
370
    50
100
AcDbLine
 10
7598.807427441248
 20
4538.415977928366
 30
0.0
 11
7601.058842881535
 21
4536.164562488077
 31
0.0
  0
LINE
  5
1854
330
1F
100
AcDbEntity
  8
0
 62
     1
370
    50
100
AcDbLine
 10
7601.058842881535
 20
4538.415977928366
 30
0.0
 11
7598.807427441248
 21
4536.164562488077
 31
0.0
  0
LINE
  5
1855
330
1F
100
AcDbEntity
  8
0
 62
     1
370
    50
100
AcDbLine
 10
7599.933135161389
 20
4529.410316167206
 30
0.0
 11
7596.942740281919
 21
4535.823238681287
 31
0.0
  0
LINE
  5
1856
330
1F
100
AcDbEntity
  8
0
 62
     1
100
AcDbLine
 10
7599.933135161392
 20
4537.290270208222
 30
0.0
 11
7599.933135161392
 21
4554.240786209224
 31
0.0
  0
LINE
  5
1857
330
1F
100
AcDbEntity
  8
0
 62
     1
100
AcDbLine
 10
7599.933135161389
 20
4529.410316167206
 30
0.0
 11
7599.933135161389
 21
4317.637420753247
 31
0.0
  0
LINE
  5
1858
330
1F
100
AcDbEntity
  8
0
 62
     1
370
    50
100
AcDbLine
 10
7617.273950226966
 20
4538.415977928366
 30
0.0
 11
7619.525365667255
 21
4536.164562488077
 31
0.0
  0
LINE
  5
1859
330
1F
100
AcDbEntity
  8
0
 62
     1
370
    50
100
AcDbLine
 10
7619.525365667255
 20
4538.415977928366
 30
0.0
 11
7617.273950226966
 21
4536.164562488077
 31
0.0
  0
LINE
  5
185A
330
1F
100
AcDbEntity
  8
0
 62
     1
370
    50
100
AcDbLine
 10
7618.399657947108
 20
4529.410316167206
 30
0.0
 11
7615.409263067637
 21
4535.823238681287
 31
0.0
  0
LINE
  5
185B
330
1F
100
AcDbEntity
  8
0
 62
     1
100
AcDbLine
 10
7618.399657947112
 20
4537.290270208222
 30
0.0
 11
7618.399657947112
 21
4554.240786209224
 31
0.0
  0
LINE
  5
185C
330
1F
100
AcDbEntity
  8
0
 62
     1
100
AcDbLine
 10
7618.399657947108
 20
4529.410316167206
 30
0.0
 11
7618.399657947108
 21
4317.637420753247
 31
0.0
  0
LINE
  5
185D
330
1F
100
AcDbEntity
  8
0
 62
     1
370
    50
100
AcDbLine
 10
7639.717857047514
 20
4538.415977928366
 30
0.0
 11
7641.969272487802
 21
4536.164562488077
 31
0.0
  0
LINE
  5
185E
330
1F
100
AcDbEntity
  8
0
 62
     1
370
    50
100
AcDbLine
 10
7641.969272487802
 20
4538.415977928366
 30
0.0
 11
7639.717857047514
 21
4536.164562488077
 31
0.0
  0
LINE
  5
185F
330
1F
100
AcDbEntity
  8
0
 62
     1
370
    50
100
AcDbLine
 10
7640.843564767656
 20
4529.410316167206
 30
0.0
 11
7637.853169888185
 21
4535.823238681287
 31
0.0
  0
LINE
  5
1860
330
1F
100
AcDbEntity
  8
0
 62
     1
100
AcDbLine
 10
7640.843564767658
 20
4537.290270208222
 30
0.0
 11
7640.843564767658
 21
4554.240786209224
 31
0.0
  0
LINE
  5
1861
330
1F
100
AcDbEntity
  8
0
 62
     1
100
AcDbLine
 10
7640.843564767656
 20
4529.410316167206
 30
0.0
 11
7640.843564767656
 21
4317.637420753247
 31
0.0
  0
LINE
  5
1862
330
1F
100
AcDbEntity
  8
0
 62
     1
370
    50
100
AcDbLine
 10
7659.60488259923
 20
4538.415977928366
 30
0.0
 11
7661.856298039518
 21
4536.164562488077
 31
0.0
  0
LINE
  5
1863
330
1F
100
AcDbEntity
  8
0
 62
     1
370
    50
100
AcDbLine
 10
7661.856298039518
 20
4538.415977928366
 30
0.0
 11
7659.60488259923
 21
4536.164562488077
 31
0.0
  0
LINE
  5
1864
330
1F
100
AcDbEntity
  8
0
 62
     1
370
    50
100
AcDbLine
 10
7660.730590319372
 20
4529.410316167206
 30
0.0
 11
7657.740195439901
 21
4535.823238681287
 31
0.0
  0
LINE
  5
1865
330
1F
100
AcDbEntity
  8
0
 62
     1
100
AcDbLine
 10
7660.730590319374
 20
4537.290270208222
 30
0.0
 11
7660.730590319374
 21
4554.240786209224
 31
0.0
  0
LINE
  5
1866
330
1F
100
AcDbEntity
  8
0
 62
     1
100
AcDbLine
 10
7660.730590319372
 20
4529.410316167206
 30
0.0
 11
7660.730590319372
 21
4317.637420753247
 31
0.0
  0
LINE
  5
1867
330
1F
100
AcDbEntity
  8
0
 62
     1
370
    50
100
AcDbLine
 10
7678.875120083159
 20
4538.415977928366
 30
0.0
 11
7681.126535523446
 21
4536.164562488077
 31
0.0
  0
LINE
  5
1868
330
1F
100
AcDbEntity
  8
0
 62
     1
370
    50
100
AcDbLine
 10
7681.126535523446
 20
4538.415977928366
 30
0.0
 11
7678.875120083159
 21
4536.164562488077
 31
0.0
  0
LINE
  5
1869
330
1F
100
AcDbEntity
  8
0
 62
     1
370
    50
100
AcDbLine
 10
7680.000827803302
 20
4529.410316167206
 30
0.0
 11
7677.010432923829
 21
4535.823238681287
 31
0.0
  0
LINE
  5
186A
330
1F
100
AcDbEntity
  8
0
 62
     1
100
AcDbLine
 10
7680.000827803303
 20
4537.290270208222
 30
0.0
 11
7680.000827803303
 21
4554.240786209224
 31
0.0
  0
LINE
  5
186B
330
1F
100
AcDbEntity
  8
0
 62
     1
100
AcDbLine
 10
7680.000827803302
 20
4529.410316167206
 30
0.0
 11
7680.000827803302
 21
4317.637420753247
 31
0.0
  0
LINE
  5
186C
330
1F
100
AcDbEntity
  8
0
 62
     1
370
    50
100
AcDbLine
 10
7705.17969211166
 20
4538.415977928366
 30
0.0
 11
7707.431107551949
 21
4536.164562488077
 31
0.0
  0
LINE
  5
186D
330
1F
100
AcDbEntity
  8
0
 62
     1
370
    50
100
AcDbLine
 10
7707.431107551949
 20
4538.415977928366
 30
0.0
 11
7705.17969211166
 21
4536.164562488077
 31
0.0
  0
LINE
  5
186E
330
1F
100
AcDbEntity
  8
0
 62
     1
370
    50
100
AcDbLine
 10
7706.305399831802
 20
4529.410316167206
 30
0.0
 11
7703.315004952331
 21
4535.823238681287
 31
0.0
  0
LINE
  5
186F
330
1F
100
AcDbEntity
  8
0
 62
     1
100
AcDbLine
 10
7706.305399831804
 20
4537.290270208222
 30
0.0
 11
7706.305399831804
 21
4554.240786209224
 31
0.0
  0
LINE
  5
1870
330
1F
100
AcDbEntity
  8
0
 62
     1
100
AcDbLine
 10
7706.305399831802
 20
4529.410316167206
 30
0.0
 11
7706.305399831802
 21
4317.637420753247
 31
0.0
  0
LINE
  5
1871
330
1F
100
AcDbEntity
  8
0
 62
     1
370
    50
100
AcDbLine
 10
7729.768743705098
 20
4538.415977928366
 30
0.0
 11
7732.020159145386
 21
4536.164562488077
 31
0.0
  0
LINE
  5
1872
330
1F
100
AcDbEntity
  8
0
 62
     1
370
    50
100
AcDbLine
 10
7732.020159145386
 20
4538.415977928366
 30
0.0
 11
7729.768743705098
 21
4536.164562488077
 31
0.0
  0
LINE
  5
1873
330
1F
100
AcDbEntity
  8
0
 62
     1
370
    50
100
AcDbLine
 10
7730.89445142524
 20
4529.410316167206
 30
0.0
 11
7727.904056545767
 21
4535.823238681287
 31
0.0
  0
LINE
  5
1874
330
1F
100
AcDbEntity
  8
0
 62
     1
100
AcDbLine
 10
7730.894451425242
 20
4537.290270208222
 30
0.0
 11
7730.894451425242
 21
4554.240786209224
 31
0.0
  0
LINE
  5
1875
330
1F
100
AcDbEntity
  8
0
 62
     1
100
AcDbLine
 10
7730.89445142524
 20
4529.410316167206
 30
0.0
 11
7730.89445142524
 21
4317.637420753247
 31
0.0
  0
LINE
  5
1876
330
1F
100
AcDbEntity
  8
0
 62
     1
370
    50
100
AcDbLine
 10
7754.35780847073
 20
4538.415977928366
 30
0.0
 11
7756.609223911019
 21
4536.164562488077
 31
0.0
  0
LINE
  5
1877
330
1F
100
AcDbEntity
  8
0
 62
     1
370
    50
100
AcDbLine
 10
7756.609223911019
 20
4538.415977928366
 30
0.0
 11
7754.35780847073
 21
4536.164562488077
 31
0.0
  0
LINE
  5
1878
330
1F
100
AcDbEntity
  8
0
 62
     1
370
    50
100
AcDbLine
 10
7755.483516190873
 20
4529.410316167206
 30
0.0
 11
7752.493121311402
 21
4535.823238681287
 31
0.0
  0
LINE
  5
1879
330
1F
100
AcDbEntity
  8
0
 62
     1
100
AcDbLine
 10
7755.483516190874
 20
4537.290270208222
 30
0.0
 11
7755.483516190874
 21
4554.240786209224
 31
0.0
  0
LINE
  5
187A
330
1F
100
AcDbEntity
  8
0
 62
     1
100
AcDbLine
 10
7755.483516190873
 20
4529.410316167206
 30
0.0
 11
7755.483516190873
 21
4317.637420753247
 31
0.0
  0
LINE
  5
187B
330
1F
100
AcDbEntity
  8
0
 62
     1
370
    50
100
AcDbLine
 10
7779.117163383514
 20
4538.415977928366
 30
0.0
 11
7781.368578823801
 21
4536.164562488077
 31
0.0
  0
LINE
  5
187C
330
1F
100
AcDbEntity
  8
0
 62
     1
370
    50
100
AcDbLine
 10
7781.368578823801
 20
4538.415977928366
 30
0.0
 11
7779.117163383514
 21
4536.164562488077
 31
0.0
  0
LINE
  5
187D
330
1F
100
AcDbEntity
  8
0
 62
     1
370
    50
100
AcDbLine
 10
7780.242871103656
 20
4529.410316167206
 30
0.0
 11
7777.252476224184
 21
4535.823238681287
 31
0.0
  0
LINE
  5
187E
330
1F
100
AcDbEntity
  8
0
 62
     1
100
AcDbLine
 10
7780.242871103658
 20
4537.290270208222
 30
0.0
 11
7780.242871103658
 21
4554.240786209224
 31
0.0
  0
LINE
  5
187F
330
1F
100
AcDbEntity
  8
0
 62
     1
100
AcDbLine
 10
7780.242871103656
 20
4529.410316167206
 30
0.0
 11
7780.242871103656
 21
4317.637420753247
 31
0.0
  0
LINE
  5
1880
330
1F
100
AcDbEntity
  8
0
 62
     1
370
    50
100
AcDbLine
 10
7805.453533092644
 20
4538.415977928366
 30
0.0
 11
7807.704948532934
 21
4536.164562488077
 31
0.0
  0
LINE
  5
1881
330
1F
100
AcDbEntity
  8
0
 62
     1
370
    50
100
AcDbLine
 10
7807.704948532934
 20
4538.415977928366
 30
0.0
 11
7805.453533092644
 21
4536.164562488077
 31
0.0
  0
LINE
  5
1882
330
1F
100
AcDbEntity
  8
0
 62
     1
370
    50
100
AcDbLine
 10
7806.579240812787
 20
4529.410316167206
 30
0.0
 11
7803.588845933315
 21
4535.823238681287
 31
0.0
  0
LINE
  5
1883
330
1F
100
AcDbEntity
  8
0
 62
     1
100
AcDbLine
 10
7806.579240812787
 20
4537.290270208222
 30
0.0
 11
7806.579240812787
 21
4554.240786209224
 31
0.0
  0
LINE
  5
1884
330
1F
100
AcDbEntity
  8
0
 62
     1
100
AcDbLine
 10
7806.579240812787
 20
4529.410316167206
 30
0.0
 11
7806.579240812787
 21
4317.637420753247
 31
0.0
  0
LINE
  5
1885
330
1F
100
AcDbEntity
  8
0
 62
     1
370
    50
100
AcDbLine
 10
7831.789889629582
 20
4538.415977928366
 30
0.0
 11
7834.041305069868
 21
4536.164562488077
 31
0.0
  0
LINE
  5
1886
330
1F
100
AcDbEntity
  8
0
 62
     1
370
    50
100
AcDbLine
 10
7834.041305069868
 20
4538.415977928366
 30
0.0
 11
7831.789889629582
 21
4536.164562488077
 31
0.0
  0
LINE
  5
1887
330
1F
100
AcDbEntity
  8
0
 62
     1
370
    50
100
AcDbLine
 10
7832.915597349722
 20
4529.410316167206
 30
0.0
 11
7829.925202470251
 21
4535.823238681287
 31
0.0
  0
LINE
  5
1888
330
1F
100
AcDbEntity
  8
0
 62
     1
100
AcDbLine
 10
7832.915597349725
 20
4537.290270208222
 30
0.0
 11
7832.915597349725
 21
4554.240786209224
 31
0.0
  0
LINE
  5
1889
330
1F
100
AcDbEntity
  8
0
 62
     1
100
AcDbLine
 10
7832.915597349722
 20
4529.410316167206
 30
0.0
 11
7832.915597349722
 21
4317.637420753247
 31
0.0
  0
HATCH
  5
188A
330
1F
100
AcDbEntity
  8
0
 62
     1
100
AcDbHatch
 10
0.0
 20
0.0
 30
0.0
210
0.0
220
0.0
230
1.0
  2
SOLID
 70
     1
 71
     1
 91
        1
 92
        7
 72
     0
 73
     1
 93
        3
 10
7491.012628488353
 20
4304.165300268468
 10
7494.579073319939
 20
4317.637420753247
 10
7487.098230321278
 20
4317.637420753247
 97
        3
330
188B
330
188D
330
188C
 75
     1
 76
     1
 47
0.2283572508359924
 98
        1
 10
7490.681353157119
 20
4314.262600893129
450
        0
451
        0
460
0.0
461
0.0
452
        0
462
0.0
453
        2
463
0.0
 63
     5
421
      255
463
1.0
 63
     2
421
 16776960
470
LINEAR
1001
GradientColor1ACI
1070
     5
1001
GradientColor2ACI
1070
     2
1001
ACAD
1010
0.0
1020
0.0
1030
0.0
  0
LINE
  5
188B
102
{ACAD_REACTORS
330
188A
102
}
330
1F
100
AcDbEntity
  8
0
 62
     1
100
AcDbLine
 10
7487.098230321278
 20
4317.637420753247
 30
0.0
 11
7494.579073319939
 21
4317.637420753247
 31
0.0
  0
LINE
  5
188C
102
{ACAD_REACTORS
330
188A
102
}
330
1F
100
AcDbEntity
  8
0
 62
     1
100
AcDbLine
 10
7494.579073319939
 20
4317.637420753247
 30
0.0
 11
7491.012628488353
 21
4304.165300268468
 31
0.0
  0
LINE
  5
188D
102
{ACAD_REACTORS
330
188A
102
}
330
1F
100
AcDbEntity
  8
0
 62
     1
100
AcDbLine
 10
7491.012628488353
 20
4304.165300268468
 30
0.0
 11
7487.098230321278
 21
4317.637420753247
 31
0.0
  0
HATCH
  5
188E
330
1F
100
AcDbEntity
  8
0
 62
     1
100
AcDbHatch
 10
0.0
 20
0.0
 30
0.0
210
0.0
220
0.0
230
1.0
  2
SOLID
 70
     1
 71
     1
 91
        1
 92
        7
 72
     0
 73
     1
 93
        3
 10
7512.320143633862
 20
4304.365169125449
 10
7515.886588465448
 20
4317.837289610229
 10
7508.405745466787
 20
4317.837289610229
 97
        3
330
188F
330
1891
330
1890
 75
     1
 76
     1
 47
0.2283572508359924
 98
        1
 10
7511.988868302627
 20
4314.462469750111
450
        0
451
        0
460
0.0
461
0.0
452
        0
462
0.0
453
        2
463
0.0
 63
     5
421
      255
463
1.0
 63
     2
421
 16776960
470
LINEAR
1001
GradientColor1ACI
1070
     5
1001
GradientColor2ACI
1070
     2
1001
ACAD
1010
0.0
1020
0.0
1030
0.0
  0
LINE
  5
188F
102
{ACAD_REACTORS
330
188E
102
}
330
1F
100
AcDbEntity
  8
0
 62
     1
100
AcDbLine
 10
7508.405745466787
 20
4317.837289610229
 30
0.0
 11
7515.886588465448
 21
4317.837289610229
 31
0.0
  0
LINE
  5
1890
102
{ACAD_REACTORS
330
188E
102
}
330
1F
100
AcDbEntity
  8
0
 62
     1
100
AcDbLine
 10
7515.886588465448
 20
4317.837289610229
 30
0.0
 11
7512.320143633862
 21
4304.365169125449
 31
0.0
  0
LINE
  5
1891
102
{ACAD_REACTORS
330
188E
102
}
330
1F
100
AcDbEntity
  8
0
 62
     1
100
AcDbLine
 10
7512.320143633862
 20
4304.365169125449
 30
0.0
 11
7508.405745466787
 21
4317.837289610229
 31
0.0
  0
HATCH
  5
1892
330
1F
100
AcDbEntity
  8
0
 62
     1
100
AcDbHatch
 10
0.0
 20
0.0
 30
0.0
210
0.0
220
0.0
230
1.0
  2
SOLID
 70
     1
 71
     1
 91
        1
 92
        7
 72
     0
 73
     1
 93
        3
 10
7533.911756698133
 20
4304.165300268468
 10
7537.47820152972
 20
4317.637420753247
 10
7529.997358531058
 20
4317.637420753247
 97
        3
330
1893
330
1895
330
1894
 75
     1
 76
     1
 47
0.2283572508359924
 98
        1
 10
7533.5804813669
 20
4314.262600893129
450
        0
451
        0
460
0.0
461
0.0
452
        0
462
0.0
453
        2
463
0.0
 63
     5
421
      255
463
1.0
 63
     2
421
 16776960
470
LINEAR
1001
GradientColor1ACI
1070
     5
1001
GradientColor2ACI
1070
     2
1001
ACAD
1010
0.0
1020
0.0
1030
0.0
  0
LINE
  5
1893
102
{ACAD_REACTORS
330
1892
102
}
330
1F
100
AcDbEntity
  8
0
 62
     1
100
AcDbLine
 10
7529.997358531058
 20
4317.637420753247
 30
0.0
 11
7537.47820152972
 21
4317.637420753247
 31
0.0
  0
LINE
  5
1894
102
{ACAD_REACTORS
330
1892
102
}
330
1F
100
AcDbEntity
  8
0
 62
     1
100
AcDbLine
 10
7537.47820152972
 20
4317.637420753247
 30
0.0
 11
7533.911756698133
 21
4304.165300268468
 31
0.0
  0
LINE
  5
1895
102
{ACAD_REACTORS
330
1892
102
}
330
1F
100
AcDbEntity
  8
0
 62
     1
100
AcDbLine
 10
7533.911756698133
 20
4304.165300268468
 30
0.0
 11
7529.997358531058
 21
4317.637420753247
 31
0.0
  0
HATCH
  5
1896
330
1F
100
AcDbEntity
  8
0
 62
     1
100
AcDbHatch
 10
0.0
 20
0.0
 30
0.0
210
0.0
220
0.0
230
1.0
  2
SOLID
 70
     1
 71
     1
 91
        1
 92
        7
 72
     0
 73
     1
 93
        3
 10
7557.207983619353
 20
4304.165300268468
 10
7560.774428450939
 20
4317.637420753247
 10
7553.293585452279
 20
4317.637420753247
 97
        3
330
1897
330
1899
330
1898
 75
     1
 76
     1
 47
0.2283572508359924
 98
        1
 10
7556.876708288119
 20
4314.262600893129
450
        0
451
        0
460
0.0
461
0.0
452
        0
462
0.0
453
        2
463
0.0
 63
     5
421
      255
463
1.0
 63
     2
421
 16776960
470
LINEAR
1001
GradientColor1ACI
1070
     5
1001
GradientColor2ACI
1070
     2
1001
ACAD
1010
0.0
1020
0.0
1030
0.0
  0
LINE
  5
1897
102
{ACAD_REACTORS
330
1896
102
}
330
1F
100
AcDbEntity
  8
0
 62
     1
100
AcDbLine
 10
7553.293585452279
 20
4317.637420753247
 30
0.0
 11
7560.774428450939
 21
4317.637420753247
 31
0.0
  0
LINE
  5
1898
102
{ACAD_REACTORS
330
1896
102
}
330
1F
100
AcDbEntity
  8
0
 62
     1
100
AcDbLine
 10
7560.774428450939
 20
4317.637420753247
 30
0.0
 11
7557.207983619353
 21
4304.165300268468
 31
0.0
  0
LINE
  5
1899
102
{ACAD_REACTORS
330
1896
102
}
330
1F
100
AcDbEntity
  8
0
 62
     1
100
AcDbLine
 10
7557.207983619353
 20
4304.165300268468
 30
0.0
 11
7553.293585452279
 21
4317.637420753247
 31
0.0
  0
HATCH
  5
189A
330
1F
100
AcDbEntity
  8
0
 62
     1
100
AcDbHatch
 10
0.0
 20
0.0
 30
0.0
210
0.0
220
0.0
230
1.0
  2
SOLID
 70
     1
 71
     1
 91
        1
 92
        7
 72
     0
 73
     1
 93
        3
 10
7580.504197368377
 20
4304.365169125449
 10
7584.070642199963
 20
4317.837289610229
 10
7576.589799201302
 20
4317.837289610229
 97
        3
330
189B
330
189D
330
189C
 75
     1
 76
     1
 47
0.2283572508359924
 98
        1
 10
7580.172922037141
 20
4314.462469750111
450
        0
451
        0
460
0.0
461
0.0
452
        0
462
0.0
453
        2
463
0.0
 63
     5
421
      255
463
1.0
 63
     2
421
 16776960
470
LINEAR
1001
GradientColor1ACI
1070
     5
1001
GradientColor2ACI
1070
     2
1001
ACAD
1010
0.0
1020
0.0
1030
0.0
  0
LINE
  5
189B
102
{ACAD_REACTORS
330
189A
102
}
330
1F
100
AcDbEntity
  8
0
 62
     1
100
AcDbLine
 10
7576.589799201302
 20
4317.837289610229
 30
0.0
 11
7584.070642199963
 21
4317.837289610229
 31
0.0
  0
LINE
  5
189C
102
{ACAD_REACTORS
330
189A
102
}
330
1F
100
AcDbEntity
  8
0
 62
     1
100
AcDbLine
 10
7584.070642199963
 20
4317.837289610229
 30
0.0
 11
7580.504197368377
 21
4304.365169125449
 31
0.0
  0
LINE
  5
189D
102
{ACAD_REACTORS
330
189A
102
}
330
1F
100
AcDbEntity
  8
0
 62
     1
100
AcDbLine
 10
7580.504197368377
 20
4304.365169125449
 30
0.0
 11
7576.589799201302
 21
4317.837289610229
 31
0.0
  0
HATCH
  5
189E
330
1F
100
AcDbEntity
  8
0
 62
     1
100
AcDbHatch
 10
0.0
 20
0.0
 30
0.0
210
0.0
220
0.0
230
1.0
  2
SOLID
 70
     1
 71
     1
 91
        1
 92
        7
 72
     0
 73
     1
 93
        3
 10
7600.107111829135
 20
4304.165300268468
 10
7603.67355666072
 20
4317.637420753247
 10
7596.19271366206
 20
4317.637420753247
 97
        3
330
189F
330
18A1
330
18A0
 75
     1
 76
     1
 47
0.2283572508359924
 98
        1
 10
7599.775836497901
 20
4314.262600893129
450
        0
451
        0
460
0.0
461
0.0
452
        0
462
0.0
453
        2
463
0.0
 63
     5
421
      255
463
1.0
 63
     2
421
 16776960
470
LINEAR
1001
GradientColor1ACI
1070
     5
1001
GradientColor2ACI
1070
     2
1001
ACAD
1010
0.0
1020
0.0
1030
0.0
  0
LINE
  5
189F
102
{ACAD_REACTORS
330
189E
102
}
330
1F
100
AcDbEntity
  8
0
 62
     1
100
AcDbLine
 10
7596.19271366206
 20
4317.637420753247
 30
0.0
 11
7603.67355666072
 21
4317.637420753247
 31
0.0
  0
LINE
  5
18A0
102
{ACAD_REACTORS
330
189E
102
}
330
1F
100
AcDbEntity
  8
0
 62
     1
100
AcDbLine
 10
7603.67355666072
 20
4317.637420753247
 30
0.0
 11
7600.107111829135
 21
4304.165300268468
 31
0.0
  0
LINE
  5
18A1
102
{ACAD_REACTORS
330
189E
102
}
330
1F
100
AcDbEntity
  8
0
 62
     1
100
AcDbLine
 10
7600.107111829135
 20
4304.165300268468
 30
0.0
 11
7596.19271366206
 21
4317.637420753247
 31
0.0
  0
HATCH
  5
18A2
330
1F
100
AcDbEntity
  8
0
 62
     1
100
AcDbHatch
 10
0.0
 20
0.0
 30
0.0
210
0.0
220
0.0
230
1.0
  2
SOLID
 70
     1
 71
     1
 91
        1
 92
        7
 72
     0
 73
     1
 93
        3
 10
7618.573634614853
 20
4304.165300268468
 10
7622.140079446438
 20
4317.637420753247
 10
7614.659236447778
 20
4317.637420753247
 97
        3
330
18A3
330
18A5
330
18A4
 75
     1
 76
     1
 47
0.2283572508359924
 98
        1
 10
7618.242359283619
 20
4314.262600893129
450
        0
451
        0
460
0.0
461
0.0
452
        0
462
0.0
453
        2
463
0.0
 63
     5
421
      255
463
1.0
 63
     2
421
 16776960
470
LINEAR
1001
GradientColor1ACI
1070
     5
1001
GradientColor2ACI
1070
     2
1001
ACAD
1010
0.0
1020
0.0
1030
0.0
  0
LINE
  5
18A3
102
{ACAD_REACTORS
330
18A2
102
}
330
1F
100
AcDbEntity
  8
0
 62
     1
100
AcDbLine
 10
7614.659236447778
 20
4317.637420753247
 30
0.0
 11
7622.140079446438
 21
4317.637420753247
 31
0.0
  0
LINE
  5
18A4
102
{ACAD_REACTORS
330
18A2
102
}
330
1F
100
AcDbEntity
  8
0
 62
     1
100
AcDbLine
 10
7622.140079446438
 20
4317.637420753247
 30
0.0
 11
7618.573634614853
 21
4304.165300268468
 31
0.0
  0
LINE
  5
18A5
102
{ACAD_REACTORS
330
18A2
102
}
330
1F
100
AcDbEntity
  8
0
 62
     1
100
AcDbLine
 10
7618.573634614853
 20
4304.165300268468
 30
0.0
 11
7614.659236447778
 21
4317.637420753247
 31
0.0
  0
HATCH
  5
18A6
330
1F
100
AcDbEntity
  8
0
 62
     1
100
AcDbHatch
 10
0.0
 20
0.0
 30
0.0
210
0.0
220
0.0
230
1.0
  2
SOLID
 70
     1
 71
     1
 91
        1
 92
        7
 72
     0
 73
     1
 93
        3
 10
7641.017541435402
 20
4304.365169125449
 10
7644.583986266987
 20
4317.837289610229
 10
7637.103143268326
 20
4317.837289610229
 97
        3
330
18A7
330
18A9
330
18A8
 75
     1
 76
     1
 47
0.2283572508359924
 98
        1
 10
7640.686266104167
 20
4314.462469750111
450
        0
451
        0
460
0.0
461
0.0
452
        0
462
0.0
453
        2
463
0.0
 63
     5
421
      255
463
1.0
 63
     2
421
 16776960
470
LINEAR
1001
GradientColor1ACI
1070
     5
1001
GradientColor2ACI
1070
     2
1001
ACAD
1010
0.0
1020
0.0
1030
0.0
  0
LINE
  5
18A7
102
{ACAD_REACTORS
330
18A6
102
}
330
1F
100
AcDbEntity
  8
0
 62
     1
100
AcDbLine
 10
7637.103143268326
 20
4317.837289610229
 30
0.0
 11
7644.583986266987
 21
4317.837289610229
 31
0.0
  0
LINE
  5
18A8
102
{ACAD_REACTORS
330
18A6
102
}
330
1F
100
AcDbEntity
  8
0
 62
     1
100
AcDbLine
 10
7644.583986266987
 20
4317.837289610229
 30
0.0
 11
7641.017541435402
 21
4304.365169125449
 31
0.0
  0
LINE
  5
18A9
102
{ACAD_REACTORS
330
18A6
102
}
330
1F
100
AcDbEntity
  8
0
 62
     1
100
AcDbLine
 10
7641.017541435402
 20
4304.365169125449
 30
0.0
 11
7637.103143268326
 21
4317.837289610229
 31
0.0
  0
HATCH
  5
18AA
330
1F
100
AcDbEntity
  8
0
 62
     1
100
AcDbHatch
 10
0.0
 20
0.0
 30
0.0
210
0.0
220
0.0
230
1.0
  2
SOLID
 70
     1
 71
     1
 91
        1
 92
        7
 72
     0
 73
     1
 93
        3
 10
7660.904566987117
 20
4304.165300268468
 10
7664.471011818702
 20
4317.637420753247
 10
7656.990168820041
 20
4317.637420753247
 97
        3
330
18AB
330
18AD
330
18AC
 75
     1
 76
     1
 47
0.2283572508359924
 98
        1
 10
7660.573291655882
 20
4314.262600893129
450
        0
451
        0
460
0.0
461
0.0
452
        0
462
0.0
453
        2
463
0.0
 63
     5
421
      255
463
1.0
 63
     2
421
 16776960
470
LINEAR
1001
GradientColor1ACI
1070
     5
1001
GradientColor2ACI
1070
     2
1001
ACAD
1010
0.0
1020
0.0
1030
0.0
  0
LINE
  5
18AB
102
{ACAD_REACTORS
330
18AA
102
}
330
1F
100
AcDbEntity
  8
0
 62
     1
100
AcDbLine
 10
7656.990168820041
 20
4317.637420753247
 30
0.0
 11
7664.471011818702
 21
4317.637420753247
 31
0.0
  0
LINE
  5
18AC
102
{ACAD_REACTORS
330
18AA
102
}
330
1F
100
AcDbEntity
  8
0
 62
     1
100
AcDbLine
 10
7664.471011818702
 20
4317.637420753247
 30
0.0
 11
7660.904566987117
 21
4304.165300268468
 31
0.0
  0
LINE
  5
18AD
102
{ACAD_REACTORS
330
18AA
102
}
330
1F
100
AcDbEntity
  8
0
 62
     1
100
AcDbLine
 10
7660.904566987117
 20
4304.165300268468
 30
0.0
 11
7656.990168820041
 21
4317.637420753247
 31
0.0
  0
HATCH
  5
18AE
330
1F
100
AcDbEntity
  8
0
 62
     1
100
AcDbHatch
 10
0.0
 20
0.0
 30
0.0
210
0.0
220
0.0
230
1.0
  2
SOLID
 70
     1
 71
     1
 91
        1
 92
        7
 72
     0
 73
     1
 93
        3
 10
7680.174804471045
 20
4304.165300268468
 10
7683.741249302632
 20
4317.637420753247
 10
7676.26040630397
 20
4317.637420753247
 97
        3
330
18AF
330
18B1
330
18B0
 75
     1
 76
     1
 47
0.2283572508359924
 98
        1
 10
7679.843529139811
 20
4314.262600893129
450
        0
451
        0
460
0.0
461
0.0
452
        0
462
0.0
453
        2
463
0.0
 63
     5
421
      255
463
1.0
 63
     2
421
 16776960
470
LINEAR
1001
GradientColor1ACI
1070
     5
1001
GradientColor2ACI
1070
     2
1001
ACAD
1010
0.0
1020
0.0
1030
0.0
  0
LINE
  5
18AF
102
{ACAD_REACTORS
330
18AE
102
}
330
1F
100
AcDbEntity
  8
0
 62
     1
100
AcDbLine
 10
7676.26040630397
 20
4317.637420753247
 30
0.0
 11
7683.741249302632
 21
4317.637420753247
 31
0.0
  0
LINE
  5
18B0
102
{ACAD_REACTORS
330
18AE
102
}
330
1F
100
AcDbEntity
  8
0
 62
     1
100
AcDbLine
 10
7683.741249302632
 20
4317.637420753247
 30
0.0
 11
7680.174804471045
 21
4304.165300268468
 31
0.0
  0
LINE
  5
18B1
102
{ACAD_REACTORS
330
18AE
102
}
330
1F
100
AcDbEntity
  8
0
 62
     1
100
AcDbLine
 10
7680.174804471045
 20
4304.165300268468
 30
0.0
 11
7676.26040630397
 21
4317.637420753247
 31
0.0
  0
HATCH
  5
18B2
330
1F
100
AcDbEntity
  8
0
 62
     1
100
AcDbHatch
 10
0.0
 20
0.0
 30
0.0
210
0.0
220
0.0
230
1.0
  2
SOLID
 70
     1
 71
     1
 91
        1
 92
        7
 72
     0
 73
     1
 93
        3
 10
7706.479376499547
 20
4304.165300268468
 10
7710.045821331132
 20
4317.637420753247
 10
7702.564978332472
 20
4317.637420753247
 97
        3
330
18B3
330
18B5
330
18B4
 75
     1
 76
     1
 47
0.2283572508359924
 98
        1
 10
7706.148101168311
 20
4314.262600893129
450
        0
451
        0
460
0.0
461
0.0
452
        0
462
0.0
453
        2
463
0.0
 63
     5
421
      255
463
1.0
 63
     2
421
 16776960
470
LINEAR
1001
GradientColor1ACI
1070
     5
1001
GradientColor2ACI
1070
     2
1001
ACAD
1010
0.0
1020
0.0
1030
0.0
  0
LINE
  5
18B3
102
{ACAD_REACTORS
330
18B2
102
}
330
1F
100
AcDbEntity
  8
0
 62
     1
100
AcDbLine
 10
7702.564978332472
 20
4317.637420753247
 30
0.0
 11
7710.045821331132
 21
4317.637420753247
 31
0.0
  0
LINE
  5
18B4
102
{ACAD_REACTORS
330
18B2
102
}
330
1F
100
AcDbEntity
  8
0
 62
     1
100
AcDbLine
 10
7710.045821331132
 20
4317.637420753247
 30
0.0
 11
7706.479376499547
 21
4304.165300268468
 31
0.0
  0
LINE
  5
18B5
102
{ACAD_REACTORS
330
18B2
102
}
330
1F
100
AcDbEntity
  8
0
 62
     1
100
AcDbLine
 10
7706.479376499547
 20
4304.165300268468
 30
0.0
 11
7702.564978332472
 21
4317.637420753247
 31
0.0
  0
HATCH
  5
18B6
330
1F
100
AcDbEntity
  8
0
 62
     1
100
AcDbHatch
 10
0.0
 20
0.0
 30
0.0
210
0.0
220
0.0
230
1.0
  2
SOLID
 70
     1
 71
     1
 91
        1
 92
        7
 72
     0
 73
     1
 93
        3
 10
7731.068428092983
 20
4304.165300268468
 10
7734.63487292457
 20
4317.637420753247
 10
7727.154029925909
 20
4317.637420753247
 97
        3
330
18B7
330
18B9
330
18B8
 75
     1
 76
     1
 47
0.2283572508359924
 98
        1
 10
7730.737152761751
 20
4314.262600893129
450
        0
451
        0
460
0.0
461
0.0
452
        0
462
0.0
453
        2
463
0.0
 63
     5
421
      255
463
1.0
 63
     2
421
 16776960
470
LINEAR
1001
GradientColor1ACI
1070
     5
1001
GradientColor2ACI
1070
     2
1001
ACAD
1010
0.0
1020
0.0
1030
0.0
  0
LINE
  5
18B7
102
{ACAD_REACTORS
330
18B6
102
}
330
1F
100
AcDbEntity
  8
0
 62
     1
100
AcDbLine
 10
7727.154029925909
 20
4317.637420753247
 30
0.0
 11
7734.63487292457
 21
4317.637420753247
 31
0.0
  0
LINE
  5
18B8
102
{ACAD_REACTORS
330
18B6
102
}
330
1F
100
AcDbEntity
  8
0
 62
     1
100
AcDbLine
 10
7734.63487292457
 20
4317.637420753247
 30
0.0
 11
7731.068428092983
 21
4304.165300268468
 31
0.0
  0
LINE
  5
18B9
102
{ACAD_REACTORS
330
18B6
102
}
330
1F
100
AcDbEntity
  8
0
 62
     1
100
AcDbLine
 10
7731.068428092983
 20
4304.165300268468
 30
0.0
 11
7727.154029925909
 21
4317.637420753247
 31
0.0
  0
HATCH
  5
18BA
330
1F
100
AcDbEntity
  8
0
 62
     1
100
AcDbHatch
 10
0.0
 20
0.0
 30
0.0
210
0.0
220
0.0
230
1.0
  2
SOLID
 70
     1
 71
     1
 91
        1
 92
        7
 72
     0
 73
     1
 93
        3
 10
7755.657492858617
 20
4304.165300268468
 10
7759.223937690203
 20
4317.637420753247
 10
7751.743094691542
 20
4317.637420753247
 97
        3
330
18BB
330
18BD
330
18BC
 75
     1
 76
     1
 47
0.2283572508359924
 98
        1
 10
7755.326217527382
 20
4314.262600893129
450
        0
451
        0
460
0.0
461
0.0
452
        0
462
0.0
453
        2
463
0.0
 63
     5
421
      255
463
1.0
 63
     2
421
 16776960
470
LINEAR
1001
GradientColor1ACI
1070
     5
1001
GradientColor2ACI
1070
     2
1001
ACAD
1010
0.0
1020
0.0
1030
0.0
  0
LINE
  5
18BB
102
{ACAD_REACTORS
330
18BA
102
}
330
1F
100
AcDbEntity
  8
0
 62
     1
100
AcDbLine
 10
7751.743094691542
 20
4317.637420753247
 30
0.0
 11
7759.223937690203
 21
4317.637420753247
 31
0.0
  0
LINE
  5
18BC
102
{ACAD_REACTORS
330
18BA
102
}
330
1F
100
AcDbEntity
  8
0
 62
     1
100
AcDbLine
 10
7759.223937690203
 20
4317.637420753247
 30
0.0
 11
7755.657492858617
 21
4304.165300268468
 31
0.0
  0
LINE
  5
18BD
102
{ACAD_REACTORS
330
18BA
102
}
330
1F
100
AcDbEntity
  8
0
 62
     1
100
AcDbLine
 10
7755.657492858617
 20
4304.165300268468
 30
0.0
 11
7751.743094691542
 21
4317.637420753247
 31
0.0
  0
HATCH
  5
18BE
330
1F
100
AcDbEntity
  8
0
 62
     1
100
AcDbHatch
 10
0.0
 20
0.0
 30
0.0
210
0.0
220
0.0
230
1.0
  2
SOLID
 70
     1
 71
     1
 91
        1
 92
        7
 72
     0
 73
     1
 93
        3
 10
7780.4168477714
 20
4304.165300268468
 10
7783.983292602987
 20
4317.637420753247
 10
7776.502449604326
 20
4317.637420753247
 97
        3
330
18BF
330
18C1
330
18C0
 75
     1
 76
     1
 47
0.2283572508359924
 98
        1
 10
7780.085572440166
 20
4314.262600893129
450
        0
451
        0
460
0.0
461
0.0
452
        0
462
0.0
453
        2
463
0.0
 63
     5
421
      255
463
1.0
 63
     2
421
 16776960
470
LINEAR
1001
GradientColor1ACI
1070
     5
1001
GradientColor2ACI
1070
     2
1001
ACAD
1010
0.0
1020
0.0
1030
0.0
  0
LINE
  5
18BF
102
{ACAD_REACTORS
330
18BE
102
}
330
1F
100
AcDbEntity
  8
0
 62
     1
100
AcDbLine
 10
7776.502449604326
 20
4317.637420753247
 30
0.0
 11
7783.983292602987
 21
4317.637420753247
 31
0.0
  0
LINE
  5
18C0
102
{ACAD_REACTORS
330
18BE
102
}
330
1F
100
AcDbEntity
  8
0
 62
     1
100
AcDbLine
 10
7783.983292602987
 20
4317.637420753247
 30
0.0
 11
7780.4168477714
 21
4304.165300268468
 31
0.0
  0
LINE
  5
18C1
102
{ACAD_REACTORS
330
18BE
102
}
330
1F
100
AcDbEntity
  8
0
 62
     1
100
AcDbLine
 10
7780.4168477714
 20
4304.165300268468
 30
0.0
 11
7776.502449604326
 21
4317.637420753247
 31
0.0
  0
HATCH
  5
18C2
330
1F
100
AcDbEntity
  8
0
 62
     1
100
AcDbHatch
 10
0.0
 20
0.0
 30
0.0
210
0.0
220
0.0
230
1.0
  2
SOLID
 70
     1
 71
     1
 91
        1
 92
        7
 72
     0
 73
     1
 93
        3
 10
7806.753217480532
 20
4304.165300268468
 10
7810.319662312116
 20
4317.637420753247
 10
7802.838819313456
 20
4317.637420753247
 97
        3
330
18C3
330
18C5
330
18C4
 75
     1
 76
     1
 47
0.2283572508359924
 98
        1
 10
7806.421942149298
 20
4314.262600893129
450
        0
451
        0
460
0.0
461
0.0
452
        0
462
0.0
453
        2
463
0.0
 63
     5
421
      255
463
1.0
 63
     2
421
 16776960
470
LINEAR
1001
GradientColor1ACI
1070
     5
1001
GradientColor2ACI
1070
     2
1001
ACAD
1010
0.0
1020
0.0
1030
0.0
  0
LINE
  5
18C3
102
{ACAD_REACTORS
330
18C2
102
}
330
1F
100
AcDbEntity
  8
0
 62
     1
100
AcDbLine
 10
7802.838819313456
 20
4317.637420753247
 30
0.0
 11
7810.319662312116
 21
4317.637420753247
 31
0.0
  0
LINE
  5
18C4
102
{ACAD_REACTORS
330
18C2
102
}
330
1F
100
AcDbEntity
  8
0
 62
     1
100
AcDbLine
 10
7810.319662312116
 20
4317.637420753247
 30
0.0
 11
7806.753217480532
 21
4304.165300268468
 31
0.0
  0
LINE
  5
18C5
102
{ACAD_REACTORS
330
18C2
102
}
330
1F
100
AcDbEntity
  8
0
 62
     1
100
AcDbLine
 10
7806.753217480532
 20
4304.165300268468
 30
0.0
 11
7802.838819313456
 21
4317.637420753247
 31
0.0
  0
HATCH
  5
18C6
330
1F
100
AcDbEntity
  8
0
 62
     1
100
AcDbHatch
 10
0.0
 20
0.0
 30
0.0
210
0.0
220
0.0
230
1.0
  2
SOLID
 70
     1
 71
     1
 91
        1
 92
        7
 72
     0
 73
     1
 93
        3
 10
7833.089574017468
 20
4304.165300268468
 10
7836.656018849054
 20
4317.637420753247
 10
7829.175175850392
 20
4317.637420753247
 97
        3
330
18C7
330
18C9
330
18C8
 75
     1
 76
     1
 47
0.2283572508359924
 98
        1
 10
7832.758298686233
 20
4314.262600893129
450
        0
451
        0
460
0.0
461
0.0
452
        0
462
0.0
453
        2
463
0.0
 63
     5
421
      255
463
1.0
 63
     2
421
 16776960
470
LINEAR
1001
GradientColor1ACI
1070
     5
1001
GradientColor2ACI
1070
     2
1001
ACAD
1010
0.0
1020
0.0
1030
0.0
  0
LINE
  5
18C7
102
{ACAD_REACTORS
330
18C6
102
}
330
1F
100
AcDbEntity
  8
0
 62
     1
100
AcDbLine
 10
7829.175175850392
 20
4317.637420753247
 30
0.0
 11
7836.656018849054
 21
4317.637420753247
 31
0.0
  0
LINE
  5
18C8
102
{ACAD_REACTORS
330
18C6
102
}
330
1F
100
AcDbEntity
  8
0
 62
     1
100
AcDbLine
 10
7836.656018849054
 20
4317.637420753247
 30
0.0
 11
7833.089574017468
 21
4304.165300268468
 31
0.0
  0
LINE
  5
18C9
102
{ACAD_REACTORS
330
18C6
102
}
330
1F
100
AcDbEntity
  8
0
 62
     1
100
AcDbLine
 10
7833.089574017468
 20
4304.165300268468
 30
0.0
 11
7829.175175850392
 21
4317.637420753247
 31
0.0
  0
MTEXT
  5
18CA
330
1F
100
AcDbEntity
  8
0
 62
     1
100
AcDbMText
 10
7462.164085637116
 20
4548.210249854788
 30
0.0
 40
3.792703333416225
 41
24.49475352448821
 46
0.0
 71
     1
 72
     5
  1
\pxqc;{\C0;MCCB\P3P \P100 A}
 73
     1
 44
1.0
101
Embedded Object
 70
     1
 10
1.0
 20
0.0
 30
0.0
 11
7462.164085637116
 21
4548.210249854788
 31
0.0
 40
24.49475352448821
 41
0.0
 42
14.92503787890737
 43
16.59544860124189
 71
     2
 72
     1
 44
24.49475352448821
 45
18.96351666708113
 73
     0
 74
     0
 46
0.0
  0
MTEXT
  5
18CB
330
1F
100
AcDbEntity
  8
0
 62
     1
100
AcDbMText
 10
7457.936676770957
 20
4326.65178723687
 30
0.0
 40
3.792703333416225
 41
48.93863434814408
 46
0.0
 71
     1
 72
     5
  1
{\C0;    CRITICAL LOAD 1}
 11
0.0000000000000001
 21
1.0
 31
0.0
 73
     1
 44
1.0
101
Embedded Object
 70
     1
 10
0.0000000000000001
 20
1.0
 30
0.0
 11
7457.936676770957
 21
4326.65178723687
 31
0.0
 40
48.93863434814408
 41
0.0
 42
49.37499530576308
 43
3.924645945970268
 71
     2
 72
     1
 44
48.93863434814408
 45
18.96351666708113
 73
     0
 74
     0
 46
0.0
  0
MTEXT
  5
18CC
330
1F
100
AcDbEntity
  8
0
 62
     1
100
AcDbMText
 10
7484.777330823644
 20
4326.65178723687
 30
0.0
 40
3.792703333416225
 41
58.07259055695702
 46
0.0
 71
     1
 72
     5
  1
{\C0;    CRITICAL LOAD 2}
 11
0.0000000000000001
 21
1.0
 31
0.0
 73
     1
 44
1.0
101
Embedded Object
 70
     1
 10
0.0000000000000001
 20
1.0
 30
0.0
 11
7484.777330823644
 21
4326.65178723687
 31
0.0
 40
58.07259055695702
 41
0.0
 42
50.06834079918432
 43
3.924645945970268
 71
     2
 72
     1
 44
58.07259055695702
 45
18.96351666708113
 73
     0
 74
     0
 46
3.924645945970269
  0
MTEXT
  5
18CD
330
1F
100
AcDbEntity
  8
0
 62
     1
100
AcDbMText
 10
7505.711163946839
 20
4326.65178723687
 30
0.0
 40
3.792703333416225
 41
58.62511148148787
 46
0.0
 71
     1
 72
     5
  1
{\C0;    CRITICAL LOAD 3}
 11
0.0000000000000001
 21
1.0
 31
0.0
 73
     1
 44
1.0
101
Embedded Object
 70
     1
 10
0.0000000000000001
 20
1.0
 30
0.0
 11
7505.711163946839
 21
4326.65178723687
 31
0.0
 40
58.62511148148787
 41
0.0
 42
50.10714744993551
 43
3.927233056020348
 71
     2
 72
     1
 44
58.62511148148787
 45
18.96351666708113
 73
     0
 74
     0
 46
0.0
  0
MTEXT
  5
18CE
330
1F
100
AcDbEntity
  8
0
 62
     1
100
AcDbMText
 10
7528.001627858653
 20
4338.402106994859
 30
0.0
 40
3.792703333416225
 41
48.93863434814408
 46
0.0
 71
     1
 72
     5
  1
{\C0;LIGHTING 1}
 11
0.0000000000000001
 21
1.0
 31
0.0
 73
     1
 44
1.0
101
Embedded Object
 70
     1
 10
0.0000000000000001
 20
1.0
 30
0.0
 11
7528.001627858653
 21
4338.402106994859
 31
0.0
 40
48.93863434814408
 41
0.0
 42
28.08049248356052
 43
3.922058835920189
 71
     2
 72
     1
 44
48.93863434814408
 45
18.96351666708113
 73
     0
 74
     0
 46
0.0
  0
MTEXT
  5
18CF
330
1F
100
AcDbEntity
  8
0
 62
     1
100
AcDbMText
 10
7551.619446127519
 20
4338.402106994859
 30
0.0
 40
3.792703333416225
 41
48.93863434814408
 46
0.0
 71
     1
 72
     5
  1
{\C0;LIGHTING 2}
 11
0.0000000000000001
 21
1.0
 31
0.0
 73
     1
 44
1.0
101
Embedded Object
 70
     1
 10
0.0000000000000001
 20
1.0
 30
0.0
 11
7551.619446127519
 21
4338.402106994859
 31
0.0
 40
48.93863434814408
 41
0.0
 42
28.77383797698176
 43
3.922058835920189
 71
     2
 72
     1
 44
48.93863434814408
 45
18.96351666708113
 73
     0
 74
     0
 46
0.0
  0
MTEXT
  5
18D0
330
1F
100
AcDbEntity
  8
0
 62
     1
100
AcDbMText
 10
7575.374104978755
 20
4338.402106994859
 30
0.0
 40
3.792703333416225
 41
48.93863434814408
 46
0.0
 71
     1
 72
     5
  1
{\C0;LIGHTING 3}
 11
0.0000000000000001
 21
1.0
 31
0.0
 73
     1
 44
1.0
101
Embedded Object
 70
     1
 10
0.0000000000000001
 20
1.0
 30
0.0
 11
7575.374104978755
 21
4338.402106994859
 31
0.0
 40
48.93863434814408
 41
0.0
 42
28.81264462773295
 43
3.924645945970268
 71
     2
 72
     1
 44
48.93863434814408
 45
18.96351666708113
 73
     0
 74
     0
 46
0.0
  0
MTEXT
  5
18D1
330
1F
100
AcDbEntity
  8
0
 62
     1
100
AcDbMText
 10
7594.189677780665
 20
4338.402106994859
 30
0.0
 40
3.792703333416225
 41
48.93863434814408
 46
0.0
 71
     1
 72
     5
  1
{\C0;LIGHTING 4}
 11
0.0000000000000001
 21
1.0
 31
0.0
 73
     1
 44
1.0
101
Embedded Object
 70
     1
 10
0.0000000000000001
 20
1.0
 30
0.0
 11
7594.189677780665
 21
4338.402106994859
 31
0.0
 40
48.93863434814408
 41
0.0
 42
28.79712196743247
 43
3.922058835920189
 71
     2
 72
     1
 44
48.93863434814408
 45
18.96351666708113
 73
     0
 74
     0
 46
0.0
  0
MTEXT
  5
18D2
330
1F
100
AcDbEntity
  8
0
 62
     1
100
AcDbMText
 10
7613.240440138373
 20
4338.402106994859
 30
0.0
 40
3.792703333416225
 41
48.93863434814408
 46
0.0
 71
     1
 72
     5
  1
{\C0;LIGHTING 5}
 11
0.0000000000000001
 21
1.0
 31
0.0
 73
     1
 44
1.0
101
Embedded Object
 70
     1
 10
0.0000000000000001
 20
1.0
 30
0.0
 11
7613.240440138373
 21
4338.402106994859
 31
0.0
 40
48.93863434814408
 41
0.0
 42
28.84110283828383
 43
3.922058835920189
 71
     2
 72
     1
 44
48.93863434814408
 45
18.96351666708113
 73
     0
 74
     0
 46
0.0
  0
MTEXT
  5
18D3
330
1F
100
AcDbEntity
  8
0
 62
     1
100
AcDbMText
 10
7635.348732582436
 20
4338.402106994859
 30
0.0
 40
3.792703333416225
 41
48.93863434814408
 46
0.0
 71
     1
 72
     5
  1
{\C0;LIGHTING 6}
 11
0.0000000000000001
 21
1.0
 31
0.0
 73
     1
 44
1.0
101
Embedded Object
 70
     1
 10
0.0000000000000001
 20
1.0
 30
0.0
 11
7635.348732582436
 21
4338.402106994859
 31
0.0
 40
48.93863434814408
 41
0.0
 42
28.81005751768287
 43
3.922058835920189
 71
     2
 72
     1
 44
48.93863434814408
 45
18.96351666708113
 73
     0
 74
     0
 46
0.0
  0
MTEXT
  5
18D4
330
1F
100
AcDbEntity
  8
0
 62
     1
100
AcDbMText
 10
7655.385288900737
 20
4338.402106994859
 30
0.0
 40
3.792703333416225
 41
48.93863434814408
 46
0.0
 71
     1
 72
     5
  1
{\C0;POWER 1}
 11
0.0000000000000001
 21
1.0
 31
0.0
 73
     1
 44
1.0
101
Embedded Object
 70
     1
 10
0.0000000000000001
 20
1.0
 30
0.0
 11
7655.385288900737
 21
4338.402106994859
 31
0.0
 40
48.93863434814408
 41
0.0
 42
23.05373765625647
 43
3.924645945970268
 71
     2
 72
     1
 44
48.93863434814408
 45
18.96351666708113
 73
     0
 74
     0
 46
0.0
  0
MTEXT
  5
18D5
330
1F
100
AcDbEntity
  8
0
 62
     1
100
AcDbMText
 10
7674.5907533383
 20
4338.402106994859
 30
0.0
 40
3.792703333416225
 41
48.93863434814408
 46
0.0
 71
     1
 72
     5
  1
{\C0;POWER 2}
 11
0.0000000000000001
 21
1.0
 31
0.0
 73
     1
 44
1.0
101
Embedded Object
 70
     1
 10
0.0000000000000001
 20
1.0
 30
0.0
 11
7674.5907533383
 21
4338.402106994859
 31
0.0
 40
48.93863434814408
 41
0.0
 42
23.74708314967772
 43
3.924645945970268
 71
     2
 72
     1
 44
48.93863434814408
 45
18.96351666708113
 73
     0
 74
     0
 46
0.0
  0
MTEXT
  5
18D6
330
1F
100
AcDbEntity
  8
0
 62
     1
100
AcDbMText
 10
7701.380207065958
 20
4338.402106994859
 30
0.0
 40
3.792703333416225
 41
48.93863434814408
 46
0.0
 71
     1
 72
     5
  1
{\C0;POWER 3}
 11
0.0000000000000001
 21
1.0
 31
0.0
 73
     1
 44
1.0
101
Embedded Object
 70
     1
 10
0.0000000000000001
 20
1.0
 30
0.0
 11
7701.380207065958
 21
4338.402106994859
 31
0.0
 40
48.93863434814408
 41
0.0
 42
23.78588980042891
 43
3.927233056020348
 71
     2
 72
     1
 44
48.93863434814408
 45
18.96351666708113
 73
     0
 74
     0
 46
0.0
  0
MTEXT
  5
18D7
330
1F
100
AcDbEntity
  8
0
 62
     1
100
AcDbMText
 10
7725.913711509758
 20
4338.402106994859
 30
0.0
 40
3.792703333416225
 41
48.93863434814408
 46
0.0
 71
     1
 72
     5
  1
{\C0;POWER 4}
 11
0.0000000000000001
 21
1.0
 31
0.0
 73
     1
 44
1.0
101
Embedded Object
 70
     1
 10
0.0000000000000001
 20
1.0
 30
0.0
 11
7725.913711509758
 21
4338.402106994859
 31
0.0
 40
48.93863434814408
 41
0.0
 42
23.77036714012843
 43
3.924645945970268
 71
     2
 72
     1
 44
48.93863434814408
 45
18.96351666708113
 73
     0
 74
     0
 46
0.0
  0
MTEXT
  5
18D8
330
1F
100
AcDbEntity
  8
0
 62
     1
100
AcDbMText
 10
7749.996911268343
 20
4338.402106994859
 30
0.0
 40
3.792703333416225
 41
48.93863434814408
 46
0.0
 71
     1
 72
     5
  1
{\C0;POWER 5}
 11
0.0000000000000001
 21
1.0
 31
0.0
 73
     1
 44
1.0
101
Embedded Object
 70
     1
 10
0.0000000000000001
 20
1.0
 30
0.0
 11
7749.996911268343
 21
4338.402106994859
 31
0.0
 40
48.93863434814408
 41
0.0
 42
23.81434801097978
 43
3.924645945970268
 71
     2
 72
     1
 44
48.93863434814408
 45
18.96351666708113
 73
     0
 74
     0
 46
0.0
  0
MTEXT
  5
18D9
330
1F
100
AcDbEntity
  8
0
 62
     1
100
AcDbMText
 10
7774.43262533061
 20
4338.402106994859
 30
0.0
 40
3.792703333416225
 41
48.93863434814408
 46
0.0
 71
     1
 72
     5
  1
{\C0;SPARE}
 11
0.0000000000000001
 21
1.0
 31
0.0
 73
     1
 44
1.0
101
Embedded Object
 70
     1
 10
0.0000000000000001
 20
1.0
 30
0.0
 11
7774.43262533061
 21
4338.402106994859
 31
0.0
 40
48.93863434814408
 41
0.0
 42
17.43970884758443
 43
3.922058835920189
 71
     2
 72
     1
 44
48.93863434814408
 45
18.96351666708113
 73
     0
 74
     0
 46
0.0
  0
MTEXT
  5
18DA
330
1F
100
AcDbEntity
  8
0
 62
     1
100
AcDbMText
 10
7801.576653584169
 20
4338.402106994859
 30
0.0
 40
3.792703333416225
 41
48.93863434814408
 46
0.0
 71
     1
 72
     5
  1
{\C0;SPARE}
 11
0.0000000000000001
 21
1.0
 31
0.0
 73
     1
 44
1.0
101
Embedded Object
 70
     1
 10
0.0000000000000001
 20
1.0
 30
0.0
 11
7801.576653584169
 21
4338.402106994859
 31
0.0
 40
48.93863434814408
 41
0.0
 42
17.43970884758443
 43
3.922058835920189
 71
     2
 72
     1
 44
48.93863434814408
 45
18.96351666708113
 73
     0
 74
     0
 46
0.0
  0
MTEXT
  5
18DB
330
1F
100
AcDbEntity
  8
0
 62
     1
100
AcDbMText
 10
7827.838653075881
 20
4338.402106994859
 30
0.0
 40
3.792703333416225
 41
48.93863434814408
 46
0.0
 71
     1
 72
     5
  1
{\C0;SPARE}
 11
0.0000000000000001
 21
1.0
 31
0.0
 73
     1
 44
1.0
101
Embedded Object
 70
     1
 10
0.0000000000000001
 20
1.0
 30
0.0
 11
7827.838653075881
 21
4338.402106994859
 31
0.0
 40
48.93863434814408
 41
0.0
 42
17.43970884758443
 43
3.922058835920189
 71
     2
 72
     1
 44
48.93863434814408
 45
18.96351666708113
 73
     0
 74
     0
 46
0.0
  0
LINE
  5
18DC
330
1F
100
AcDbEntity
  8
0
 62
     1
100
AcDbLine
 10
7333.701021198649
 20
4498.073437877227
 30
0.0
 11
7358.068892790683
 21
4497.917758677959
 31
0.0
  0
LINE
  5
18DD
330
1F
100
AcDbEntity
  8
0
 62
     1
100
AcDbLine
 10
7202.939421767341
 20
4498.073437877227
 30
0.0
 11
7250.712606400964
 21
4497.920027108667
 31
0.0
  0
LWPOLYLINE
  5
18DE
330
1F
100
AcDbEntity
  8
Area_Boundary
370
     9
100
AcDbPolyline
 90
        4
 70
     1
 43
0.0
 10
7451.407999861384
 20
4650.017835901031
 10
7862.890522701427
 20
4650.017835901031
 10
7862.890522701427
 20
4399.140460326353
 10
7451.407999861384
 20
4399.140460326353
  0
MTEXT
  5
18DF
330
1F
100
AcDbEntity
  8
0
 62
     1
100
AcDbMText
 10
7459.371948951506
 20
4643.842939839169
 30
0.0
 40
6.570799341885865
 41
42.43677825267445
 46
0.0
 71
     1
 72
     5
  1
{\C0;OUTGOING}
 73
     1
 44
1.0
101
Embedded Object
 70
     1
 10
1.0
 20
0.0
 30
0.0
 11
7459.371948951506
 21
4643.842939839169
 31
0.0
 40
42.43677825267445
 41
0.0
 42
48.95828186317825
 43
6.799387859236601
 71
     2
 72
     1
 44
42.43677825267445
 45
32.85399670942933
 73
     0
 74
     0
 46
0.0
  0
LINE
  5
18E0
330
1F
100
AcDbEntity
  8
0
 62
     1
370
    50
100
AcDbLine
 10
7940.543000976751
 20
4518.473589717725
 30
0.0
 11
7956.271709339198
 21
4502.744881355273
 31
0.0
  0
LINE
  5
18E1
330
1F
100
AcDbEntity
  8
0
 62
     1
370
    50
100
AcDbLine
 10
7956.271709339198
 20
4518.473589717725
 30
0.0
 11
7940.543000976751
 21
4502.744881355273
 31
0.0
  0
LINE
  5
18E2
330
1F
100
AcDbEntity
  8
0
 62
     1
100
AcDbLine
 10
7948.407355157975
 20
4520.747699363528
 30
0.0
 11
7948.407355157975
 21
4539.323541111421
 31
0.0
  0
LINE
  5
18E3
330
1F
100
AcDbEntity
  8
0
 62
     1
100
AcDbLine
 10
7948.407355157975
 20
4531.927838008043
 30
0.0
 11
7950.225842647512
 21
4529.548774576482
 31
0.0
  0
LINE
  5
18E4
330
1F
100
AcDbEntity
  8
0
 62
     1
100
AcDbLine
 10
7950.225842647512
 20
4529.548774576482
 30
0.0
 11
7948.407355157975
 21
4531.927838008043
 31
0.0
  0
LINE
  5
18E5
330
1F
100
AcDbEntity
  8
0
 62
     1
100
AcDbLine
 10
7948.407355157975
 20
4531.927838008043
 30
0.0
 11
7946.425361202118
 21
4529.378842035611
 31
0.0
  0
LINE
  5
18E6
330
1F
100
AcDbEntity
  8
0
 62
     1
100
AcDbLine
 10
7950.225842647512
 20
4525.812642684283
 30
0.0
 11
7948.407355157975
 21
4528.191706115847
 31
0.0
  0
LINE
  5
18E7
330
1F
100
AcDbEntity
  8
0
 62
     1
100
AcDbLine
 10
7948.407355157975
 20
4528.191706115847
 30
0.0
 11
7946.425361202118
 21
4525.642710143412
 31
0.0
  0
LINE
  5
18E8
330
1F
100
AcDbEntity
  8
0
 62
     1
100
AcDbLine
 10
7950.225842647512
 20
4496.96751538176
 30
0.0
 11
7948.407355157975
 21
4494.588451950198
 31
0.0
  0
LINE
  5
18E9
330
1F
100
AcDbEntity
  8
0
 62
     1
100
AcDbLine
 10
7948.407355157975
 20
4494.588451950198
 30
0.0
 11
7946.425361202118
 21
4497.137447922632
 31
0.0
  0
LINE
  5
18EA
330
1F
100
AcDbEntity
  8
0
 62
     1
100
AcDbLine
 10
7948.407355157975
 20
4501.405506785671
 30
0.0
 11
7948.407355157975
 21
4488.152256637222
 31
0.0
  0
LINE
  5
18EB
330
1F
100
AcDbEntity
  8
0
 62
     1
100
AcDbLine
 10
7950.225842647512
 20
4493.150274856779
 30
0.0
 11
7948.407355157975
 21
4490.771211425217
 31
0.0
  0
LINE
  5
18EC
330
1F
100
AcDbEntity
  8
0
 62
     1
100
AcDbLine
 10
7948.407355157975
 20
4490.771211425217
 30
0.0
 11
7946.425361202118
 21
4493.320207397651
 31
0.0
  0
CIRCLE
  5
18ED
330
1F
100
AcDbEntity
  8
0
 62
     1
100
AcDbCircle
 10
7948.407355157975
 20
4501.405506785671
 30
0.0
 40
0.7062453641275325
  0
CIRCLE
  5
18EE
330
1F
100
AcDbEntity
  8
0
 62
     1
100
AcDbCircle
 10
7948.407355157975
 20
4520.747699363528
 30
0.0
 40
0.7062453641275325
  0
LINE
  5
18EF
330
1F
100
AcDbEntity
  8
0
 62
     1
370
    50
100
AcDbLine
 10
7947.28418308552
 20
4482.384064593887
 30
0.0
 11
7949.535598525807
 21
4480.132649153598
 31
0.0
  0
LINE
  5
18F0
330
1F
100
AcDbEntity
  8
0
 62
     1
370
    50
100
AcDbLine
 10
7949.535598525807
 20
4482.384064593887
 30
0.0
 11
7947.28418308552
 21
4480.132649153598
 31
0.0
  0
LINE
  5
18F1
330
1F
100
AcDbEntity
  8
0
 62
     1
370
    50
100
AcDbLine
 10
7948.409890805662
 20
4473.378402832728
 30
0.0
 11
7945.419495926191
 21
4479.791325346808
 31
0.0
  0
LINE
  5
18F2
330
1F
100
AcDbEntity
  8
0
 62
     1
100
AcDbLine
 10
7948.407355157975
 20
4488.152256637222
 30
0.0
 11
7948.409890805663
 21
4481.258356873743
 31
0.0
  0
LINE
  5
18F3
330
1F
100
AcDbEntity
  8
0
 62
     1
370
    50
100
AcDbLine
 10
7947.286718733209
 20
4461.9270566506
 30
0.0
 11
7949.538134173497
 21
4459.675641210313
 31
0.0
  0
LINE
  5
18F4
330
1F
100
AcDbEntity
  8
0
 62
     1
370
    50
100
AcDbLine
 10
7949.538134173497
 20
4461.9270566506
 30
0.0
 11
7947.286718733209
 21
4459.675641210313
 31
0.0
  0
LINE
  5
18F5
330
1F
100
AcDbEntity
  8
0
 62
     1
370
    50
100
AcDbLine
 10
7948.412426453351
 20
4452.921394889441
 30
0.0
 11
7945.42203157388
 21
4459.334317403522
 31
0.0
  0
LINE
  5
18F6
330
1F
100
AcDbEntity
  8
0
 62
     1
100
AcDbLine
 10
7948.409890805662
 20
4473.378402832728
 30
0.0
 11
7948.412426453353
 21
4460.801348930456
 31
0.0
  0
LINE
  5
18F7
330
1F
100
AcDbEntity
  8
0
 62
     1
370
    50
100
AcDbLine
 10
7908.448927548113
 20
4482.384064593887
 30
0.0
 11
7910.7003429884
 21
4480.132649153598
 31
0.0
  0
LINE
  5
18F8
330
1F
100
AcDbEntity
  8
0
 62
     1
370
    50
100
AcDbLine
 10
7910.7003429884
 20
4482.384064593887
 30
0.0
 11
7908.448927548113
 21
4480.132649153598
 31
0.0
  0
LINE
  5
18F9
330
1F
100
AcDbEntity
  8
0
 62
     1
370
    50
100
AcDbLine
 10
7909.574635268255
 20
4473.378402832728
 30
0.0
 11
7906.584240388784
 21
4479.791325346808
 31
0.0
  0
LINE
  5
18FA
330
1F
100
AcDbEntity
  8
0
 62
     1
100
AcDbLine
 10
7909.572099620568
 20
4488.152256637222
 30
0.0
 11
7909.574635268256
 21
4481.258356873743
 31
0.0
  0
LINE
  5
18FB
330
1F
100
AcDbEntity
  8
0
 62
     1
370
    50
100
AcDbLine
 10
7908.451463195802
 20
4461.9270566506
 30
0.0
 11
7910.70287863609
 21
4459.675641210313
 31
0.0
  0
LINE
  5
18FC
330
1F
100
AcDbEntity
  8
0
 62
     1
370
    50
100
AcDbLine
 10
7910.70287863609
 20
4461.9270566506
 30
0.0
 11
7908.451463195802
 21
4459.675641210313
 31
0.0
  0
LINE
  5
18FD
330
1F
100
AcDbEntity
  8
0
 62
     1
370
    50
100
AcDbLine
 10
7909.577170915944
 20
4452.921394889441
 30
0.0
 11
7906.586776036474
 21
4459.334317403522
 31
0.0
  0
LINE
  5
18FE
330
1F
100
AcDbEntity
  8
0
 62
     1
100
AcDbLine
 10
7909.574635268255
 20
4473.378402832728
 30
0.0
 11
7909.577170915946
 21
4460.801348930456
 31
0.0
  0
LINE
  5
18FF
330
1F
100
AcDbEntity
  8
0
 62
     1
100
AcDbLine
 10
7909.572099620568
 20
4488.152256637222
 30
0.0
 11
7948.407355157975
 21
4488.152256637222
 31
0.0
  0
LINE
  5
1900
330
1F
100
AcDbEntity
  8
0
 62
     1
100
AcDbLine
 10
7909.577170915944
 20
4452.921394889441
 30
0.0
 11
7948.412426453351
 21
4452.921394889441
 31
0.0
  0
LINE
  5
1901
330
1F
100
AcDbEntity
  8
0
 62
     1
100
AcDbLine
 10
7948.444658816447
 20
4444.862318444755
 30
0.0
 11
7944.04757021163
 21
4436.503285057727
 31
0.0
  0
LINE
  5
1902
330
1F
100
AcDbEntity
  8
0
 62
     1
100
AcDbLine
 10
7938.708577607487
 20
4426.596434793871
 30
0.0
 11
7948.354885562699
 21
4426.596434793871
 31
0.0
  0
LINE
  5
1903
330
1F
100
AcDbEntity
  8
0
 62
     1
100
AcDbLine
 10
7953.450322156465
 20
4436.503285057727
 30
0.0
 11
7948.444658816447
 21
4444.862318444755
 31
0.0
  0
LINE
  5
1904
330
1F
100
AcDbEntity
  8
0
 62
     1
100
AcDbLine
 10
7948.354885562699
 20
4428.603473783244
 30
0.0
 11
7948.354885562699
 21
4424.332702733237
 31
0.0
  0
LINE
  5
1905
330
1F
100
AcDbEntity
  8
0
 62
     1
100
AcDbLine
 10
7950.166768624085
 20
4428.603473783244
 30
0.0
 11
7950.166768624085
 21
4424.332702733237
 31
0.0
  0
LINE
  5
1906
330
1F
100
AcDbEntity
  8
0
 62
     1
100
AcDbLine
 10
7959.397889495807
 20
4426.596434793871
 30
0.0
 11
7950.166768624085
 21
4426.596434793871
 31
0.0
  0
LINE
  5
1907
330
1F
100
AcDbEntity
  8
0
 62
     1
100
AcDbLine
 10
7955.274493828783
 20
4437.613361203902
 30
0.0
 11
7951.626150484145
 21
4435.393208911553
 31
0.0
  0
LINE
  5
1908
330
1F
100
AcDbEntity
  8
0
 62
     1
100
AcDbLine
 10
7956.216397828107
 20
4436.065544327074
 30
0.0
 11
7952.568054483471
 21
4433.845392034725
 31
0.0
  0
LINE
  5
1909
330
1F
100
AcDbEntity
  8
0
 62
     1
100
AcDbLine
 10
7959.397889495807
 20
4426.596434793871
 30
0.0
 11
7954.392226155789
 21
4434.955468180899
 31
0.0
  0
LINE
  5
190A
330
1F
100
AcDbEntity
  8
0
 62
     1
100
AcDbLine
 10
7942.223398539312
 20
4437.613361203902
 30
0.0
 11
7945.871741883948
 21
4435.393208911553
 31
0.0
  0
LINE
  5
190B
330
1F
100
AcDbEntity
  8
0
 62
     1
100
AcDbLine
 10
7941.281494539985
 20
4436.065544327074
 30
0.0
 11
7944.929837884622
 21
4433.845392034725
 31
0.0
  0
LINE
  5
190C
330
1F
100
AcDbEntity
  8
0
 62
     1
100
AcDbLine
 10
7938.708577607487
 20
4426.596434793871
 30
0.0
 11
7943.105666212304
 21
4434.955468180899
 31
0.0
  0
LINE
  5
190D
330
1F
100
AcDbEntity
  8
0
 62
     1
100
AcDbLine
 10
7948.412426453351
 20
4452.921394889441
 30
0.0
 11
7948.444658816447
 21
4444.862318444755
 31
0.0
  0
LINE
  5
190E
330
1F
100
AcDbEntity
  8
0
 62
     1
100
AcDbLine
 10
7909.309340658985
 20
4444.862318444755
 30
0.0
 11
7904.912252054169
 21
4436.503285057727
 31
0.0
  0
LINE
  5
190F
330
1F
100
AcDbEntity
  8
0
 62
     1
100
AcDbLine
 10
7899.573259450026
 20
4426.596434793871
 30
0.0
 11
7909.219567405237
 21
4426.596434793871
 31
0.0
  0
LINE
  5
1910
330
1F
100
AcDbEntity
  8
0
 62
     1
100
AcDbLine
 10
7914.315003999004
 20
4436.503285057727
 30
0.0
 11
7909.309340658985
 21
4444.862318444755
 31
0.0
  0
LINE
  5
1911
330
1F
100
AcDbEntity
  8
0
 62
     1
100
AcDbLine
 10
7909.219567405237
 20
4428.603473783244
 30
0.0
 11
7909.219567405237
 21
4424.332702733237
 31
0.0
  0
LINE
  5
1912
330
1F
100
AcDbEntity
  8
0
 62
     1
100
AcDbLine
 10
7911.031450466623
 20
4428.603473783244
 30
0.0
 11
7911.031450466623
 21
4424.332702733237
 31
0.0
  0
LINE
  5
1913
330
1F
100
AcDbEntity
  8
0
 62
     1
100
AcDbLine
 10
7920.262571338345
 20
4426.596434793871
 30
0.0
 11
7911.031450466623
 21
4426.596434793871
 31
0.0
  0
LINE
  5
1914
330
1F
100
AcDbEntity
  8
0
 62
     1
100
AcDbLine
 10
7916.139175671322
 20
4437.613361203902
 30
0.0
 11
7912.490832326685
 21
4435.393208911553
 31
0.0
  0
LINE
  5
1915
330
1F
100
AcDbEntity
  8
0
 62
     1
100
AcDbLine
 10
7917.081079670646
 20
4436.065544327074
 30
0.0
 11
7913.43273632601
 21
4433.845392034725
 31
0.0
  0
LINE
  5
1916
330
1F
100
AcDbEntity
  8
0
 62
     1
100
AcDbLine
 10
7920.262571338345
 20
4426.596434793871
 30
0.0
 11
7915.256907998328
 21
4434.955468180899
 31
0.0
  0
LINE
  5
1917
330
1F
100
AcDbEntity
  8
0
 62
     1
100
AcDbLine
 10
7903.088080381849
 20
4437.613361203902
 30
0.0
 11
7906.736423726487
 21
4435.393208911553
 31
0.0
  0
LINE
  5
1918
330
1F
100
AcDbEntity
  8
0
 62
     1
100
AcDbLine
 10
7902.146176382524
 20
4436.065544327074
 30
0.0
 11
7905.794519727161
 21
4433.845392034725
 31
0.0
  0
LINE
  5
1919
330
1F
100
AcDbEntity
  8
0
 62
     1
100
AcDbLine
 10
7899.573259450026
 20
4426.596434793871
 30
0.0
 11
7903.970348054844
 21
4434.955468180899
 31
0.0
  0
LINE
  5
191A
330
1F
100
AcDbEntity
  8
0
 62
     1
100
AcDbLine
 10
7909.577170915944
 20
4452.921394889441
 30
0.0
 11
7909.309340658985
 21
4444.862318444755
 31
0.0
  0
LWPOLYLINE
  5
191B
330
1F
100
AcDbEntity
  8
0
 62
     1
100
AcDbPolyline
 90
        4
 70
     1
 43
0.0
 10
7869.939030528664
 20
4494.44849742967
 10
7890.540047205073
 20
4494.44849742967
 10
7890.540047205073
 20
4479.773719364532
 10
7869.939030528664
 20
4479.773719364532
  0
MTEXT
  5
191C
330
1F
100
AcDbEntity
  8
0
 62
     1
100
AcDbMText
 10
7871.737700438521
 20
4490.218118101763
 30
0.0
 40
5.467340309529101
 41
17.90634104736734
 46
0.0
 71
     1
 72
     5
  1
\pxqc;REG
 73
     1
 44
1.0
101
Embedded Object
 70
     1
 10
1.0
 20
0.0
 30
0.0
 11
7871.737700438521
 21
4490.218118101763
 31
0.0
 40
17.90634104736734
 41
0.0
 42
15.47339354995651
 43
5.653811670699944
 71
     2
 72
     1
 44
17.90634104736734
 45
27.33670154764551
 73
     0
 74
     0
 46
0.0
  0
LINE
  5
191D
330
1F
100
AcDbEntity
  8
0
 62
     1
100
AcDbLine
 10
7909.572099620568
 20
4488.152256637222
 30
0.0
 11
7890.540047205073
 21
4488.152256637222
 31
0.0
  0
MTEXT
  5
191E
330
1F
100
AcDbEntity
  8
0
 62
     1
100
AcDbMText
 10
7915.868409207321
 20
4543.303882368319
 30
0.0
 40
3.792703333416225
 41
24.49475352448821
 46
0.0
 71
     1
 72
     5
  1
\pxqc;{\C0;ACB\P1000A\P3POLE}
 73
     1
 44
1.0
101
Embedded Object
 70
     1
 10
1.0
 20
0.0
 30
0.0
 11
7915.868409207321
 21
4543.303882368319
 31
0.0
 40
24.49475352448821
 41
0.0
 42
16.57561409085795
 43
16.64977791229356
 71
     2
 72
     1
 44
24.49475352448821
 45
18.96351666708113
 73
     0
 74
     0
 46
0.0
  0
MTEXT
  5
191F
330
1F
100
AcDbEntity
  8
0
 62
     1
100
AcDbMText
 10
7905.781378772255
 20
4479.09920027073
 30
0.0
 40
3.792703333416225
 41
24.49475352448821
 46
0.0
 71
     1
 72
     5
  1
{\C0;    MCCB}
 73
     1
 44
1.0
101
Embedded Object
 70
     1
 10
1.0
 20
0.0
 30
0.0
 11
7905.781378772255
 21
4479.09920027073
 31
0.0
 40
24.49475352448821
 41
0.0
 42
21.20654108049986
 43
3.922058835920189
 71
     2
 72
     1
 44
24.49475352448821
 45
18.96351666708113
 73
     0
 74
     0
 46
0.0
  0
MTEXT
  5
1920
330
1F
100
AcDbEntity
  8
0
 62
     1
100
AcDbMText
 10
7944.058963056576
 20
4478.868795166213
 30
0.0
 40
3.792703333416225
 41
24.49475352448821
 46
0.0
 71
     1
 72
     5
  1
{\C0;    MCCB}
 73
     1
 44
1.0
101
Embedded Object
 70
     1
 10
1.0
 20
0.0
 30
0.0
 11
7944.058963056576
 21
4478.868795166213
 31
0.0
 40
24.49475352448821
 41
0.0
 42
21.20654108049986
 43
3.922058835920189
 71
     2
 72
     1
 44
24.49475352448821
 45
18.96351666708113
 73
     0
 74
     0
 46
0.0
  0
MTEXT
  5
1921
330
1F
100
AcDbEntity
  8
0
 62
     1
100
AcDbMText
 10
7908.087250678152
 20
4460.436538752478
 30
0.0
 40
3.792703333416225
 41
24.49475352448821
 46
0.0
 71
     1
 72
     5
  1
{\C0;    MC}
 73
     1
 44
1.0
101
Embedded Object
 70
     1
 10
1.0
 20
0.0
 30
0.0
 11
7908.087250678152
 21
4460.436538752478
 31
0.0
 40
24.49475352448821
 41
0.0
 42
13.91865206942653
 43
3.922058835920189
 71
     2
 72
     1
 44
24.49475352448821
 45
18.96351666708113
 73
     0
 74
     0
 46
0.0
  0
MTEXT
  5
1922
330
1F
100
AcDbEntity
  8
0
 62
     1
100
AcDbMText
 10
7948.209535121629
 20
4460.436538752478
 30
0.0
 40
3.792703333416225
 41
24.49475352448821
 46
0.0
 71
     1
 72
     5
  1
{\C0;    MC}
 73
     1
 44
1.0
101
Embedded Object
 70
     1
 10
1.0
 20
0.0
 30
0.0
 11
7948.209535121629
 21
4460.436538752478
 31
0.0
 40
24.49475352448821
 41
0.0
 42
13.91865206942653
 43
3.922058835920189
 71
     2
 72
     1
 44
24.49475352448821
 45
18.96351666708113
 73
     0
 74
     0
 46
0.0
  0
MTEXT
  5
1923
330
1F
100
AcDbEntity
  8
0
 62
     1
100
AcDbMText
 10
7909.057922957976
 20
4422.751435080641
 30
0.0
 40
3.792703333416225
 41
24.49475352448821
 46
0.0
 71
     1
 72
     5
  1
{\C0;1}
 73
     1
 44
1.0
101
Embedded Object
 70
     1
 10
1.0
 20
0.0
 30
0.0
 11
7909.057922957976
 21
4422.751435080641
 31
0.0
 40
24.49475352448821
 41
0.0
 42
1.397039427042811
 43
3.808225993716701
 71
     2
 72
     1
 44
24.49475352448821
 45
18.96351666708113
 73
     0
 74
     0
 46
0.0
  0
MTEXT
  5
1924
330
1F
100
AcDbEntity
  8
0
 62
     1
100
AcDbMText
 10
7946.188222161345
 20
4422.751435080641
 30
0.0
 40
3.792703333416225
 41
24.49475352448821
 46
0.0
 71
     1
 72
     5
  1
{\C0;12}
 73
     1
 44
1.0
101
Embedded Object
 70
     1
 10
1.0
 20
0.0
 30
0.0
 11
7946.188222161345
 21
4422.751435080641
 31
0.0
 40
24.49475352448821
 41
0.0
 42
5.037103267504359
 43
3.808225993716701
 71
     2
 72
     1
 44
24.49475352448821
 45
18.96351666708113
 73
     0
 74
     0
 46
0.0
  0
MTEXT
  5
1925
330
1F
100
AcDbEntity
  8
0
 62
     1
100
AcDbMText
 10
7905.579422666429
 20
4415.774395038879
 30
0.0
 40
3.792703333416225
 41
51.41420365238084
 46
0.0
 71
     1
 72
     5
  1
{\C0;CAPACITOR BANK\P\pxqc;720 KVAR 525V}
 73
     1
 44
1.0
101
Embedded Object
 70
     1
 10
1.0
 20
0.0
 30
0.0
 11
7905.579422666429
 21
4415.774395038879
 31
0.0
 40
51.41420365238084
 41
0.0
 42
46.5369355808261
 43
10.26134082863112
 71
     2
 72
     1
 44
51.41420365238084
 45
18.96351666708113
 73
     0
 74
     0
 46
0.0
  0
LINE
  5
1926
330
1F
100
AcDbEntity
  8
0
100
AcDbLine
 10
7914.498948700004
 20
4420.56182101182
 30
0.0
 11
7943.025248647706
 21
4420.56182101182
 31
0.0
  0
LINE
  5
1927
330
1F
100
AcDbEntity
  8
0
 62
     1
100
AcDbLine
 10
7948.407355157975
 20
4539.323541111421
 30
0.0
 11
7948.407355157975
 21
4554.257778153417
 31
0.0
  0
LWPOLYLINE
  5
1928
330
1F
100
AcDbEntity
  8
Area_Boundary
370
     9
100
AcDbPolyline
 90
        4
 70
     1
 43
0.0
 10
7862.890522701427
 20
4650.017835901031
 10
7970.846361921691
 20
4650.017835901031
 10
7970.846361921691
 20
4399.140460326353
 10
7862.890522701427
 20
4399.140460326353
  0
MTEXT
  5
1929
330
1F
100
AcDbEntity
  8
0
 62
     1
100
AcDbMText
 10
7867.196434471411
 20
4641.928079241948
 30
0.0
 40
6.570799341885865
 41
88.05260598278847
 46
0.0
 71
     1
 72
     5
  1
{\C0;CAPACITOR BANK}
 73
     1
 44
1.0
101
Embedded Object
 70
     1
 10
1.0
 20
0.0
 30
0.0
 11
7867.196434471411
 21
4641.928079241948
 31
0.0
 40
88.05260598278847
 41
0.0
 42
80.62451470794199
 43
6.799387859236601
 71
     2
 72
     1
 44
88.05260598278847
 45
32.85399670942933
 73
     0
 74
     0
 46
0.0
  0
LINE
  5
192A
330
1F
100
AcDbEntity
  8
0
 62
     1
100
AcDbLine
 10
7168.797784536744
 20
4452.549740171924
 30
0.0
 11
7168.797784536744
 21
4459.938309589181
 31
0.0
  0
LINE
  5
192B
330
1F
100
AcDbEntity
  8
0
 62
     1
100
AcDbLine
 10
7168.797784536744
 20
4459.938309589181
 30
0.0
 11
7433.154985197193
 21
4459.938309589181
 31
0.0
  0
LINE
  5
192C
330
1F
100
AcDbEntity
  8
0
 62
     1
100
AcDbLine
 10
7433.154985197193
 20
4459.938309589181
 30
0.0
 11
7433.154985197193
 21
4432.910309077207
 31
0.0
  0
LINE
  5
192D
330
1F
100
AcDbEntity
  8
0
 62
     1
100
AcDbLine
 10
7433.154985197193
 20
4432.910309077207
 30
0.0
 11
7463.247538257282
 21
4432.910309077208
 31
0.0
  0
LINE
  5
192E
330
1F
100
AcDbEntity
  8
0
 62
     1
100
AcDbLine
 10
7876.601421780759
 20
4432.910309077207
 30
0.0
 11
7876.601421780759
 21
4479.773719364532
 31
0.0
  0
MTEXT
  5
192F
330
1F
100
AcDbEntity
  8
0
100
AcDbMText
 10
7248.565405260409
 20
4234.931926845345
 30
0.0
 40
5.467340309529101
 41
67.71548461786784
 46
0.0
 71
     1
 72
     5
  1
\pxqc;GENSET \PSILENT TYPE\P100 kVA
 73
     1
 44
1.0
101
Embedded Object
 70
     1
 10
1.0
 20
0.0
 30
0.0
 11
7248.565405260409
 21
4234.931926845345
 31
0.0
 40
67.71548461786784
 41
0.0
 42
48.05739920094953
 43
23.99389161305621
 71
     2
 72
     1
 44
67.71548461786784
 45
27.33670154764551
 73
     0
 74
     0
 46
0.0
  0
MTEXT
  5
1930
330
1F
100
AcDbEntity
  8
0
100
AcDbMText
 10
7351.92342367983
 20
4235.248564183869
 30
0.0
 40
5.467340309529101
 41
67.71548461786784
 46
0.0
 71
     1
 72
     5
  1
\pxqc;INVERTER PV\P20 kWp
 73
     1
 44
1.0
101
Embedded Object
 70
     1
 10
1.0
 20
0.0
 30
0.0
 11
7351.92342367983
 21
4235.248564183869
 31
0.0
 40
67.71548461786784
 41
0.0
 42
50.15706672773323
 43
16.11982760201543
 71
     2
 72
     1
 44
67.71548461786784
 45
27.33670154764551
 73
     0
 74
     0
 46
0.0
  0
MTEXT
  5
1931
330
1F
100
AcDbEntity
  8
0
 62
     1
100
AcDbMText
 10
7138.073061518807
 20
4307.932846194993
 30
0.0
 40
3.792703333416225
 41
96.92494360449686
 46
0.0
 71
     1
 72
     5
  1
{\C0;9x(NYY 1x300 mm^ 2) + BC 70 mm^ 2}
 11
0.0000000000000001
 21
1.0
 31
0.0
 73
     1
 44
1.0
101
Embedded Object
 70
     1
 10
0.0000000000000001
 20
1.0
 30
0.0
 11
7138.073061518807
 21
4307.932846194993
 31
0.0
 40
96.92494360449686
 41
0.0
 42
87.65646271678617
 43
4.972425516252377
 71
     2
 72
     1
 44
96.92494360449686
 45
18.96351666708113
 73
     0
 74
     0
 46
0.0
  0
MTEXT
  5
1932
330
1F
100
AcDbEntity
  8
0
 62
     1
100
AcDbMText
 10
7147.140604155843
 20
4333.7993480314
 30
0.0
 40
3.792703333416225
 41
96.92494360449686
 46
0.0
 71
     1
 72
     5
  1
{\C0;INCOMING}
 11
0.0000000000000001
 21
1.0
 31
0.0
 73
     1
 44
1.0
101
Embedded Object
 70
     1
 10
0.0000000000000001
 20
1.0
 30
0.0
 11
7147.140604155843
 21
4333.7993480314
 31
0.0
 40
96.92494360449686
 41
0.0
 42
26.25399278820454
 43
3.924645945970268
 71
     2
 72
     1
 44
96.92494360449686
 45
18.96351666708113
 73
     0
 74
     0
 46
0.0
  0
ARC
  5
1933
330
1F
100
AcDbEntity
  8
0
 62
     1
100
AcDbCircle
 10
7465.586340652649
 20
4433.690407210632
 30
0.0
 40
2.465471505076521
100
AcDbArc
 50
198.4459134255893
 51
341.5540865744107
  0
ARC
  5
1934
330
1F
100
AcDbEntity
  8
0
 62
     1
100
AcDbCircle
 10
7490.902431592616
 20
4433.690407210632
 30
0.0
 40
2.465471505076521
100
AcDbArc
 50
198.4459134255893
 51
341.5540865744107
  0
ARC
  5
1935
330
1F
100
AcDbEntity
  8
0
 62
     1
100
AcDbCircle
 10
7512.146166966118
 20
4433.690407210632
 30
0.0
 40
2.465471505076521
100
AcDbArc
 50
198.4459134255893
 51
341.5540865744107
  0
ARC
  5
1936
330
1F
100
AcDbEntity
  8
0
 62
     1
100
AcDbCircle
 10
7533.737780030389
 20
4433.690407210632
 30
0.0
 40
2.465471505076521
100
AcDbArc
 50
198.4459134255893
 51
341.5540865744107
  0
ARC
  5
1937
330
1F
100
AcDbEntity
  8
0
 62
     1
100
AcDbCircle
 10
7557.034006951609
 20
4433.690407210632
 30
0.0
 40
2.465471505076521
100
AcDbArc
 50
198.4459134255893
 51
341.5540865744107
  0
ARC
  5
1938
330
1F
100
AcDbEntity
  8
0
 62
     1
100
AcDbCircle
 10
7580.330220700632
 20
4433.690407210632
 30
0.0
 40
2.465471505076521
100
AcDbArc
 50
198.4459134255893
 51
341.5540865744107
  0
ARC
  5
1939
330
1F
100
AcDbEntity
  8
0
 62
     1
100
AcDbCircle
 10
7599.933135161389
 20
4433.690407210632
 30
0.0
 40
2.465471505076521
100
AcDbArc
 50
198.4459134255893
 51
341.5540865744107
  0
ARC
  5
193A
330
1F
100
AcDbEntity
  8
0
 62
     1
100
AcDbCircle
 10
7618.399657947108
 20
4433.690407210632
 30
0.0
 40
2.465471505076521
100
AcDbArc
 50
198.4459134255893
 51
341.5540865744107
  0
ARC
  5
193B
330
1F
100
AcDbEntity
  8
0
 62
     1
100
AcDbCircle
 10
7640.843564767656
 20
4433.690407210632
 30
0.0
 40
2.465471505076521
100
AcDbArc
 50
198.4459134255893
 51
341.5540865744107
  0
ARC
  5
193C
330
1F
100
AcDbEntity
  8
0
 62
     1
100
AcDbCircle
 10
7660.730590319372
 20
4433.690407210632
 30
0.0
 40
2.465471505076521
100
AcDbArc
 50
198.4459134255893
 51
341.5540865744107
  0
ARC
  5
193D
330
1F
100
AcDbEntity
  8
0
 62
     1
100
AcDbCircle
 10
7680.000827803302
 20
4433.690407210632
 30
0.0
 40
2.465471505076521
100
AcDbArc
 50
198.4459134255893
 51
341.5540865744107
  0
ARC
  5
193E
330
1F
100
AcDbEntity
  8
0
 62
     1
100
AcDbCircle
 10
7706.305399831802
 20
4433.690407210632
 30
0.0
 40
2.465471505076521
100
AcDbArc
 50
198.4459134255893
 51
341.5540865744107
  0
ARC
  5
193F
330
1F
100
AcDbEntity
  8
0
 62
     1
100
AcDbCircle
 10
7730.89445142524
 20
4433.690407210632
 30
0.0
 40
2.465471505076521
100
AcDbArc
 50
198.4459134255893
 51
341.5540865744107
  0
ARC
  5
1940
330
1F
100
AcDbEntity
  8
0
 62
     1
100
AcDbCircle
 10
7755.483516190873
 20
4433.690407210632
 30
0.0
 40
2.465471505076521
100
AcDbArc
 50
198.4459134255893
 51
341.5540865744107
  0
ARC
  5
1941
330
1F
100
AcDbEntity
  8
0
 62
     1
100
AcDbCircle
 10
7780.242871103656
 20
4433.690407210632
 30
0.0
 40
2.465471505076521
100
AcDbArc
 50
198.4459134255893
 51
341.5540865744107
  0
ARC
  5
1942
330
1F
100
AcDbEntity
  8
0
 62
     1
100
AcDbCircle
 10
7806.579240812787
 20
4433.690407210632
 30
0.0
 40
2.465471505076521
100
AcDbArc
 50
198.4459134255893
 51
341.5540865744107
  0
ARC
  5
1943
330
1F
100
AcDbEntity
  8
0
 62
     1
100
AcDbCircle
 10
7832.915597349722
 20
4433.690407210632
 30
0.0
 40
2.465471505076521
100
AcDbArc
 50
198.4459134255893
 51
341.5540865744107
  0
LINE
  5
1944
330
1F
100
AcDbEntity
  8
0
 62
     1
100
AcDbLine
 10
7467.925143048015
 20
4432.910309077209
 30
0.0
 11
7488.56362919725
 21
4432.910309077208
 31
0.0
  0
LINE
  5
1945
330
1F
100
AcDbEntity
  8
0
 62
     1
100
AcDbLine
 10
7493.241233987983
 20
4432.910309077209
 30
0.0
 11
7509.807364570751
 21
4432.910309077208
 31
0.0
  0
LINE
  5
1946
330
1F
100
AcDbEntity
  8
0
 62
     1
100
AcDbLine
 10
7514.484969361486
 20
4432.910309077209
 30
0.0
 11
7531.398977635022
 21
4432.910309077208
 31
0.0
  0
LINE
  5
1947
330
1F
100
AcDbEntity
  8
0
 62
     1
100
AcDbLine
 10
7536.076582425756
 20
4432.910309077209
 30
0.0
 11
7536.255223745036
 21
4432.910309077209
 31
0.0
  0
LINE
  5
1948
330
1F
100
AcDbEntity
  8
0
 62
     1
100
AcDbLine
 10
7536.255223745036
 20
4432.910309077209
 30
0.0
 11
7554.695204556243
 21
4432.910309077208
 31
0.0
  0
LINE
  5
1949
330
1F
100
AcDbEntity
  8
0
 62
     1
100
AcDbLine
 10
7559.372809346976
 20
4432.910309077209
 30
0.0
 11
7577.991418305265
 21
4432.910309077208
 31
0.0
  0
LINE
  5
194A
330
1F
100
AcDbEntity
  8
0
 62
     1
100
AcDbLine
 10
7582.669023095998
 20
4432.910309077209
 30
0.0
 11
7597.594332766023
 21
4432.910309077208
 31
0.0
  0
LINE
  5
194B
330
1F
100
AcDbEntity
  8
0
 62
     1
100
AcDbLine
 10
7602.271937556757
 20
4432.910309077209
 30
0.0
 11
7616.060855551743
 21
4432.910309077208
 31
0.0
  0
LINE
  5
194C
330
1F
100
AcDbEntity
  8
0
 62
     1
100
AcDbLine
 10
7620.738460342476
 20
4432.910309077209
 30
0.0
 11
7638.504762372291
 21
4432.910309077208
 31
0.0
  0
LINE
  5
194D
330
1F
100
AcDbEntity
  8
0
 62
     1
100
AcDbLine
 10
7643.182367163024
 20
4432.910309077209
 30
0.0
 11
7658.391787924005
 21
4432.910309077208
 31
0.0
  0
LINE
  5
194E
330
1F
100
AcDbEntity
  8
0
 62
     1
100
AcDbLine
 10
7663.069392714739
 20
4432.910309077209
 30
0.0
 11
7677.662025407935
 21
4432.910309077208
 31
0.0
  0
LINE
  5
194F
330
1F
100
AcDbEntity
  8
0
 62
     1
100
AcDbLine
 10
7682.339630198668
 20
4432.910309077209
 30
0.0
 11
7703.966597436435
 21
4432.910309077208
 31
0.0
  0
LINE
  5
1950
330
1F
100
AcDbEntity
  8
0
 62
     1
100
AcDbLine
 10
7708.644202227169
 20
4432.910309077209
 30
0.0
 11
7728.555649029873
 21
4432.910309077208
 31
0.0
  0
LINE
  5
1951
330
1F
100
AcDbEntity
  8
0
 62
     1
100
AcDbLine
 10
7733.233253820606
 20
4432.910309077209
 30
0.0
 11
7753.144713795506
 21
4432.910309077208
 31
0.0
  0
LINE
  5
1952
330
1F
100
AcDbEntity
  8
0
 62
     1
100
AcDbLine
 10
7757.822318586239
 20
4432.910309077209
 30
0.0
 11
7777.904068708288
 21
4432.910309077208
 31
0.0
  0
LINE
  5
1953
330
1F
100
AcDbEntity
  8
0
 62
     1
100
AcDbLine
 10
7782.581673499023
 20
4432.910309077209
 30
0.0
 11
7804.24043841742
 21
4432.910309077208
 31
0.0
  0
LINE
  5
1954
330
1F
100
AcDbEntity
  8
0
 62
     1
100
AcDbLine
 10
7808.918043208153
 20
4432.910309077209
 30
0.0
 11
7830.576794954357
 21
4432.910309077208
 31
0.0
  0
LINE
  5
1955
330
1F
100
AcDbEntity
  8
0
 62
     1
100
AcDbLine
 10
7835.254399745091
 20
4432.910309077209
 30
0.0
 11
7876.601421780759
 21
4432.910309077209
 31
0.0
  0
ARC
  5
1956
330
1F
100
AcDbEntity
  8
0
 62
     1
100
AcDbCircle
 10
7366.21041675071
 20
4554.688883965592
 30
0.0
 40
3.108939696896893
100
AcDbArc
 50
116.6014157744255
 51
243.3985842255745
  0
ARC
  5
1957
330
1F
100
AcDbEntity
  8
0
 62
     1
100
AcDbCircle
 10
7259.064193761425
 20
4554.840263168695
 30
0.0
 40
3.340517446094322
100
AcDbArc
 50
118.6608897825466
 51
241.3391102174533
  0
ARC
  5
1958
330
1F
100
AcDbEntity
  8
0
 62
     1
100
AcDbCircle
 10
7203.039784716914
 20
4555.009650793688
 30
0.0
 40
3.604060226677359
100
AcDbArc
 50
120.648749103087
 51
239.3512508969129
  0
ARC
  5
1959
330
1F
100
AcDbEntity
  8
0
 62
     1
100
AcDbCircle
 10
7125.087473226845
 20
4555.09449000441
 30
0.0
 40
3.737515355988121
100
AcDbArc
 50
121.5384861390399
 51
238.46151386096
  0
ARC
  5
195A
330
1F
100
AcDbEntity
  8
0
 62
     1
100
AcDbCircle
 10
7404.407436914439
 20
5137.932279763386
 30
0.0
 40
4.414296813526324
100
AcDbArc
 50
125.1647324355804
 51
234.8352675644195
  0
ARC
  5
195B
330
1F
100
AcDbEntity
  8
0
 62
     1
100
AcDbCircle
 10
7543.723044503142
 20
5067.308940453739
 30
0.0
 40
2.465471505076437
100
AcDbArc
 50
198.4459134255893
 51
341.5540865744107
  0
ARC
  5
195C
330
1F
100
AcDbEntity
  8
0
 62
     1
100
AcDbCircle
 10
7543.721279005092
 20
5074.894236246234
 30
0.0
 40
2.465471505076437
100
AcDbArc
 50
198.4459134255893
 51
341.5540865744107
  0
LINE
  5
195D
330
1F
100
AcDbEntity
  8
0
 62
     1
100
AcDbLine
 10
7546.061846898507
 20
5066.528842320316
 30
0.0
 11
7587.599908989378
 21
5066.528842320316
 31
0.0
  0
MTEXT
  5
195E
330
1F
100
AcDbEntity
  8
0
 62
     1
100
AcDbMText
 10
7103.016895090097
 20
4669.537728337561
 30
0.0
 40
12.61616835721677
 41
145.7712478851847
 46
0.0
 71
     1
 72
     5
  1
{\C0;MDP }
 73
     1
 44
1.0
101
Embedded Object
 70
     1
 10
1.0
 20
0.0
 30
0.0
 11
7103.016895090097
 21
4669.537728337561
 31
0.0
 40
145.7712478851847
 41
0.0
 42
37.09119073642859
 43
12.61616835721677
 71
     2
 72
     1
 44
145.7712478851847
 45
63.08084178608389
 73
     0
 74
     0
 46
0.0
  0
LWPOLYLINE
  5
195F
330
1F
100
AcDbEntity
  8
Area_Boundary
370
     9
100
AcDbPolyline
 90
        4
 70
     1
 43
0.0
 10
7284.223595033212
 20
5243.67954200193
 10
7631.459602281316
 20
5243.67954200193
 10
7631.459602281316
 20
4766.286306223658
 10
7284.223595033212
 20
4766.286306223658
  0
MTEXT
  5
1960
330
1F
100
AcDbEntity
  8
0
 62
     1
100
AcDbMText
 10
7283.112428113111
 20
5268.574687592701
 30
0.0
 40
12.61616835721677
 41
218.2808136170123
 46
0.0
 71
     1
 72
     5
  1
{\C0;GARDU PELANGGAN}
 73
     1
 44
1.0
101
Embedded Object
 70
     1
 10
1.0
 20
0.0
 30
0.0
 11
7283.112428113111
 21
5268.574687592701
 31
0.0
 40
218.2808136170123
 41
0.0
 42
175.8604368210947
 43
13.04646059313822
 71
     2
 72
     1
 44
218.2808136170123
 45
63.08084178608389
 73
     0
 74
     0
 46
0.0
  0
CIRCLE
  5
1961
330
1F
100
AcDbEntity
  8
0
 62
     1
100
AcDbCircle
 10
7517.515291282137
 20
4884.955021233711
 30
0.0
 40
3.084219181265164
  0
CIRCLE
  5
1962
330
1F
100
AcDbEntity
  8
0
 62
     1
100
AcDbCircle
 10
7557.001328674833
 20
4818.579649021797
 30
0.0
 40
3.084219181265164
  0
LWPOLYLINE
  5
1963
330
1F
100
AcDbEntity
  8
0
 62
     1
100
AcDbPolyline
 90
        4
 70
     1
 43
0.0
 10
7574.893120988692
 20
4823.992600183383
 10
7592.487545764055
 20
4823.992600183383
 10
7592.487545764055
 20
4812.037001441266
 10
7574.893120988692
 20
4812.037001441266
  0
LWPOLYLINE
  5
1964
330
1F
100
AcDbEntity
  8
0
 62
     1
100
AcDbPolyline
 90
        4
 70
     1
 43
0.0
 10
7602.255001357656
 20
4823.992600183383
 10
7619.849426133021
 20
4823.992600183383
 10
7619.849426133021
 20
4812.037001441266
 10
7602.255001357656
 20
4812.037001441266
  0
LINE
  5
1965
330
1F
100
AcDbEntity
  8
0
 62
     1
100
AcDbLine
 10
7560.085835475716
 20
4818.713191332058
 30
0.0
 11
7574.893120988692
 21
4818.713191332058
 31
0.0
  0
LINE
  5
1966
330
1F
100
AcDbEntity
  8
0
 62
     1
100
AcDbLine
 10
7592.487545764055
 20
4818.014800812326
 30
0.0
 11
7602.255001357656
 21
4818.014800812326
 31
0.0
  0
MTEXT
  5
1967
330
1F
100
AcDbEntity
  8
0
 62
     1
100
AcDbMText
 10
7605.27273109681
 20
4821.79063798465
 30
0.0
 40
3.543074110242694
 41
13.62424239427506
 46
0.0
 71
     1
 72
     5
  1
{\fArial|b0|i1|c0|p34;I\H0.50195x;            \H1.99229x;>}
 73
     1
 44
1.0
101
Embedded Object
 70
     1
 10
1.0
 20
0.0
 30
0.0
 11
7605.27273109681
 21
4821.79063798465
 31
0.0
 40
13.62424239427506
 41
0.0
 42
12.28801231509155
 43
3.543180280229945
 71
     2
 72
     1
 44
13.62424239427506
 45
17.71537055121347
 73
     0
 74
     0
 46
0.0
  0
LWPOLYLINE
  5
1968
330
1F
100
AcDbEntity
  8
0
 62
     1
100
AcDbPolyline
 90
        2
 70
     0
 43
0.0
 10
7613.271704549489
 20
4818.425714025983
 10
7609.001359266644
 20
4818.461422257553
  0
LINE
  5
1969
330
1F
100
AcDbEntity
  8
0
 62
     1
100
AcDbLine
 10
7610.198458513945
 20
4816.347356973989
 30
0.0
 11
7612.050928488077
 21
4816.347356973989
 31
0.0
  0
LINE
  5
196A
330
1F
100
AcDbEntity
  8
0
 62
     1
100
AcDbLine
 10
7609.609842864036
 20
4817.385789032671
 30
0.0
 11
7612.661724916986
 21
4817.385789032671
 31
0.0
  0
LINE
  5
196B
330
1F
100
AcDbEntity
  8
0
 62
     1
100
AcDbLine
 10
7611.136531908067
 20
4818.443568141767
 30
0.0
 11
7611.164173741838
 21
4821.749253393009
 31
0.0
  0
LINE
  5
196C
330
1F
100
AcDbEntity
  8
0
 62
     1
100
AcDbLine
 10
7605.3999831374
 20
4814.813999462002
 30
0.0
 11
7605.3999831374
 21
4813.394440900562
 31
0.0
  0
LINE
  5
196D
330
1F
100
AcDbEntity
  8
0
 62
     1
100
AcDbLine
 10
7617.211092948521
 20
4814.813999462002
 30
0.0
 11
7617.211092948521
 21
4813.394440900562
 31
0.0
  0
LINE
  5
196E
330
1F
100
AcDbEntity
  8
0
 62
     1
100
AcDbLine
 10
7605.3999831374
 20
4814.104220181284
 30
0.0
 11
7617.211092948519
 21
4814.104220181284
 31
0.0
  0
LINE
  5
196F
330
1F
100
AcDbEntity
  8
0
 62
     1
100
AcDbLine
 10
7609.377608506084
 20
4815.016792119626
 30
0.0
 11
7613.639350481284
 21
4813.191648242938
 31
0.0
  0
MTEXT
  5
1970
330
1F
100
AcDbEntity
  8
0
 62
     1
100
AcDbMText
 10
7577.44678940101
 20
4820.632346531491
 30
0.0
 40
3.543074110242694
 41
13.62424239427506
 46
0.0
 71
     1
 72
     5
  1
{\fArial|b0|i1|c0|p34;I\H0.50195x;            \H1.99229x;>}
 73
     1
 44
1.0
101
Embedded Object
 70
     1
 10
1.0
 20
0.0
 30
0.0
 11
7577.44678940101
 21
4820.632346531491
 31
0.0
 40
13.62424239427506
 41
0.0
 42
12.28801231509155
 43
3.543180280229945
 71
     2
 72
     1
 44
13.62424239427506
 45
17.71537055121347
 73
     0
 74
     0
 46
0.0
  0
LWPOLYLINE
  5
1971
330
1F
100
AcDbEntity
  8
0
 62
     1
100
AcDbPolyline
 90
        2
 70
     0
 43
0.0
 10
7585.445762853691
 20
4817.267422572822
 10
7581.175417570844
 20
4817.303130804393
  0
LINE
  5
1972
330
1F
100
AcDbEntity
  8
0
 62
     1
100
AcDbLine
 10
7582.372516818144
 20
4815.189065520828
 30
0.0
 11
7584.224986792276
 21
4815.189065520828
 31
0.0
  0
LINE
  5
1973
330
1F
100
AcDbEntity
  8
0
 62
     1
100
AcDbLine
 10
7581.783901168235
 20
4816.227497579512
 30
0.0
 11
7584.835783221186
 21
4816.227497579512
 31
0.0
  0
LINE
  5
1974
330
1F
100
AcDbEntity
  8
0
 62
     1
100
AcDbLine
 10
7583.310590212267
 20
4817.285276688608
 30
0.0
 11
7583.338232046037
 21
4820.590961939849
 31
0.0
  0
LWPOLYLINE
  5
1975
330
1F
100
AcDbEntity
  8
0
 62
     1
100
AcDbPolyline
 90
        4
 70
     1
 43
0.0
 10
7564.934845834334
 20
4890.280621397333
 10
7582.681534765301
 20
4890.280621397333
 10
7582.681534765301
 20
4878.221557542237
 10
7564.934845834334
 20
4878.221557542237
  0
MTEXT
  5
1976
330
1F
100
AcDbEntity
  8
0
 62
     1
100
AcDbMText
 10
7570.503250529751
 20
4887.990951474026
 30
0.0
 40
3.573736277066559
 41
13.7421481394398
 46
0.0
 71
     1
 72
     5
  1
{\fArial|b0|i1|c0|p34;I\H0.50195x;   \H1.99229x;>}
 73
     1
 44
1.0
101
Embedded Object
 70
     1
 10
1.0
 20
0.0
 30
0.0
 11
7570.503250529751
 21
4887.990951474026
 31
0.0
 40
13.7421481394398
 41
0.0
 42
6.128161206269986
 43
3.57384336586097
 71
     2
 72
     1
 44
13.7421481394398
 45
17.8686813853328
 73
     0
 74
     0
 46
0.0
  0
LINE
  5
1977
330
1F
100
AcDbEntity
  8
0
 62
     1
100
AcDbLine
 10
7567.91045596605
 20
4883.155702896666
 30
0.0
 11
7567.91045596605
 21
4881.723859313781
 31
0.0
  0
LINE
  5
1978
330
1F
100
AcDbEntity
  8
0
 62
     1
100
AcDbLine
 10
7579.823780466489
 20
4883.155702896666
 30
0.0
 11
7579.823780466489
 21
4881.723859313781
 31
0.0
  0
LINE
  5
1979
330
1F
100
AcDbEntity
  8
0
 62
     1
100
AcDbLine
 10
7567.91045596605
 20
4882.439781105226
 30
0.0
 11
7579.823780466487
 21
4882.439781105226
 31
0.0
  0
LINE
  5
197A
330
1F
100
AcDbEntity
  8
0
 62
     1
100
AcDbLine
 10
7571.922504157633
 20
4883.360250545043
 30
0.0
 11
7576.221127733202
 21
4881.519311665404
 31
0.0
  0
LINE
  5
197B
330
1F
100
AcDbEntity
  8
0
 62
     1
100
AcDbLine
 10
7520.599510463402
 20
4884.955021233711
 30
0.0
 11
7564.934845834334
 21
4884.955021233711
 31
0.0
  0
MTEXT
  5
197C
330
1F
100
AcDbEntity
  8
0
 62
     1
100
AcDbMText
 10
7014.613927686784
 20
5152.163354016439
 30
0.0
 40
8.677195902009412
 41
193.2428474436886
 46
0.0
 71
     1
 72
     5
  1
{\C0;CONNECTION POINT 20 kV}
 73
     1
 44
1.0
101
Embedded Object
 70
     1
 10
1.0
 20
0.0
 30
0.0
 11
7014.613927686784
 21
5152.163354016439
 31
0.0
 40
193.2428474436886
 41
0.0
 42
155.5621164369791
 43
8.979062880865129
 71
     2
 72
     1
 44
193.2428474436886
 45
43.38597951004706
 73
     0
 74
     0
 46
0.0
  0
LINE
  5
197D
330
1F
100
AcDbEntity
  8
0
 62
     1
100
AcDbLine
 10
7191.376452575219
 20
5097.498186797124
 30
0.0
 11
7192.496142175207
 21
4940.82001817804
 31
0.0
  0
MTEXT
  5
197E
330
1F
100
AcDbEntity
  8
0
 62
     1
100
AcDbMText
 10
7177.084142163508
 20
5160.655027868872
 30
0.0
 40
3.792703333416225
 41
67.25242552369829
 46
0.0
 71
     1
 72
     5
  1
\pxqc;{\C0;VCB 3P\P20 kV \P3150A 40 kA}
 73
     1
 44
1.0
101
Embedded Object
 70
     1
 10
1.0
 20
0.0
 30
0.0
 11
7177.084142163508
 21
5160.655027868872
 31
0.0
 40
67.25242552369829
 41
0.0
 42
30.12689653317322
 43
16.59803571129197
 71
     2
 72
     1
 44
67.25242552369829
 45
18.96351666708113
 73
     0
 74
     0
 46
0.0
  0
MTEXT
  5
197F
330
1F
100
AcDbEntity
  8
0
 62
     1
100
AcDbMText
 10
7178.346460030283
 20
5129.099768906933
 30
0.0
 40
3.792703333416225
 41
67.25242552369829
 46
0.0
 71
     1
 72
     5
  1
\pxqc;{\C0;VCB 3P\P20 kV \P3150A 40 kA}
 73
     1
 44
1.0
101
Embedded Object
 70
     1
 10
1.0
 20
0.0
 30
0.0
 11
7178.346460030283
 21
5129.099768906933
 31
0.0
 40
67.25242552369829
 41
0.0
 42
30.12689653317322
 43
16.59803571129197
 71
     2
 72
     1
 44
67.25242552369829
 45
18.96351666708113
 73
     0
 74
     0
 46
0.0
  0
LINE
  5
1980
330
1F
100
AcDbEntity
  8
0
 62
     1
100
AcDbLine
 10
7191.376452575221
 20
5116.359574828025
 30
0.0
 11
7191.376452575221
 21
5133.089094752409
 31
0.0
  0
LINE
  5
1981
330
1F
100
AcDbEntity
  8
0
 62
     1
100
AcDbLine
 10
7191.376452575219
 20
5106.710651512497
 30
0.0
 11
7191.376452575219
 21
5097.498186797124
 31
0.0
  0
LINE
  5
1982
330
1F
100
AcDbEntity
  8
0
 62
     1
100
AcDbLine
 10
7191.376452575219
 20
5146.006677760379
 30
0.0
 11
7191.376452575219
 21
5139.544499391204
 31
0.0
  0
LINE
  5
1983
330
1F
100
AcDbEntity
  8
0
 62
     1
100
AcDbLine
 10
7191.376452575221
 20
5187.071290863833
 30
0.0
 11
7191.376452575221
 21
5158.960710531576
 31
0.0
  0
MTEXT
  5
1984
330
1F
100
AcDbEntity
  8
0
 62
     1
100
AcDbMText
 10
7331.316394732667
 20
5129.763513646214
 30
0.0
 40
3.792703333416225
 41
24.49475352448821
 46
0.0
 71
     1
 72
     5
  1
{\C0;    LBS^J3P 630 A}
 73
     1
 44
1.0
101
Embedded Object
 70
     1
 10
1.0
 20
0.0
 30
0.0
 11
7331.316394732667
 21
5129.763513646214
 31
0.0
 40
24.49475352448821
 41
0.0
 42
21.58425914781144
 43
10.26134082863112
 71
     2
 72
     1
 44
24.49475352448821
 45
18.96351666708113
 73
     0
 74
     0
 46
0.0
  0
MTEXT
  5
1985
330
1F
100
AcDbEntity
  8
0
 62
     1
100
AcDbMText
 10
7489.327945857858
 20
4548.210249854788
 30
0.0
 40
3.792703333416225
 41
24.49475352448821
 46
0.0
 71
     1
 72
     5
  1
\pxqc;{\C0;MCCB\P3P \P100 A}
 73
     1
 44
1.0
101
Embedded Object
 70
     1
 10
1.0
 20
0.0
 30
0.0
 11
7489.327945857858
 21
4548.210249854788
 31
0.0
 40
24.49475352448821
 41
0.0
 42
14.92503787890737
 43
16.59544860124189
 71
     2
 72
     1
 44
24.49475352448821
 45
18.96351666708113
 73
     0
 74
     0
 46
0.0
  0
MTEXT
  5
1986
330
1F
100
AcDbEntity
  8
0
 62
     1
100
AcDbMText
 10
7508.723911950585
 20
4548.210249854788
 30
0.0
 40
3.792703333416225
 41
24.49475352448821
 46
0.0
 71
     1
 72
     5
  1
\pxqc;{\C0;MCCB\P3P \P100 A}
 73
     1
 44
1.0
101
Embedded Object
 70
     1
 10
1.0
 20
0.0
 30
0.0
 11
7508.723911950585
 21
4548.210249854788
 31
0.0
 40
24.49475352448821
 41
0.0
 42
14.92503787890737
 43
16.59544860124189
 71
     2
 72
     1
 44
24.49475352448821
 45
18.96351666708113
 73
     0
 74
     0
 46
0.0
  0
MTEXT
  5
1987
330
1F
100
AcDbEntity
  8
0
 62
     1
100
AcDbMText
 10
7530.315525014856
 20
4548.210249854788
 30
0.0
 40
3.792703333416225
 41
24.49475352448821
 46
0.0
 71
     1
 72
     5
  1
\pxqc;{\C0;MCCB\P3P \P100 A}
 73
     1
 44
1.0
101
Embedded Object
 70
     1
 10
1.0
 20
0.0
 30
0.0
 11
7530.315525014856
 21
4548.210249854788
 31
0.0
 40
24.49475352448821
 41
0.0
 42
14.92503787890737
 43
16.59544860124189
 71
     2
 72
     1
 44
24.49475352448821
 45
18.96351666708113
 73
     0
 74
     0
 46
0.0
  0
MTEXT
  5
1988
330
1F
100
AcDbEntity
  8
0
 62
     1
100
AcDbMText
 10
7554.470039041437
 20
4548.210249854788
 30
0.0
 40
3.792703333416225
 41
24.49475352448821
 46
0.0
 71
     1
 72
     5
  1
\pxqc;{\C0;MCCB\P3P \P100 A}
 73
     1
 44
1.0
101
Embedded Object
 70
     1
 10
1.0
 20
0.0
 30
0.0
 11
7554.470039041437
 21
4548.210249854788
 31
0.0
 40
24.49475352448821
 41
0.0
 42
14.92503787890737
 43
16.59544860124189
 71
     2
 72
     1
 44
24.49475352448821
 45
18.96351666708113
 73
     0
 74
     0
 46
0.0
  0
MTEXT
  5
1989
330
1F
100
AcDbEntity
  8
0
 62
     1
100
AcDbMText
 10
7576.907965685099
 20
4548.210249854788
 30
0.0
 40
3.792703333416225
 41
24.49475352448821
 46
0.0
 71
     1
 72
     5
  1
\pxqc;{\C0;MCCB\P3P \P100 A}
 73
     1
 44
1.0
101
Embedded Object
 70
     1
 10
1.0
 20
0.0
 30
0.0
 11
7576.907965685099
 21
4548.210249854788
 31
0.0
 40
24.49475352448821
 41
0.0
 42
14.92503787890737
 43
16.59544860124189
 71
     2
 72
     1
 44
24.49475352448821
 45
18.96351666708113
 73
     0
 74
     0
 46
0.0
  0
MTEXT
  5
198A
330
1F
100
AcDbEntity
  8
0
 62
     1
100
AcDbMText
 10
7596.510880145856
 20
4548.210249854788
 30
0.0
 40
3.792703333416225
 41
24.49475352448821
 46
0.0
 71
     1
 72
     5
  1
\pxqc;{\C0;MCCB\P3P \P100 A}
 73
     1
 44
1.0
101
Embedded Object
 70
     1
 10
1.0
 20
0.0
 30
0.0
 11
7596.510880145856
 21
4548.210249854788
 31
0.0
 40
24.49475352448821
 41
0.0
 42
14.92503787890737
 43
16.59544860124189
 71
     2
 72
     1
 44
24.49475352448821
 45
18.96351666708113
 73
     0
 74
     0
 46
0.0
  0
MTEXT
  5
198B
330
1F
100
AcDbEntity
  8
0
 62
     1
100
AcDbMText
 10
7615.591029672369
 20
4548.210249854788
 30
0.0
 40
3.792703333416225
 41
24.49475352448821
 46
0.0
 71
     1
 72
     5
  1
\pxqc;{\C0;MCCB\P3P \P100 A}
 73
     1
 44
1.0
101
Embedded Object
 70
     1
 10
1.0
 20
0.0
 30
0.0
 11
7615.591029672369
 21
4548.210249854788
 31
0.0
 40
24.49475352448821
 41
0.0
 42
14.92503787890737
 43
16.59544860124189
 71
     2
 72
     1
 44
24.49475352448821
 45
18.96351666708113
 73
     0
 74
     0
 46
0.0
  0
MTEXT
  5
198C
330
1F
100
AcDbEntity
  8
0
 62
     1
100
AcDbMText
 10
7637.421309752125
 20
4548.210249854788
 30
0.0
 40
3.792703333416225
 41
24.49475352448821
 46
0.0
 71
     1
 72
     5
  1
\pxqc;{\C0;MCCB\P3P \P100 A}
 73
     1
 44
1.0
101
Embedded Object
 70
     1
 10
1.0
 20
0.0
 30
0.0
 11
7637.421309752125
 21
4548.210249854788
 31
0.0
 40
24.49475352448821
 41
0.0
 42
14.92503787890737
 43
16.59544860124189
 71
     2
 72
     1
 44
24.49475352448821
 45
18.96351666708113
 73
     0
 74
     0
 46
0.0
  0
MTEXT
  5
198D
330
1F
100
AcDbEntity
  8
0
 62
     1
100
AcDbMText
 10
7658.751020047539
 20
4548.210249854788
 30
0.0
 40
3.792703333416225
 41
24.49475352448821
 46
0.0
 71
     1
 72
     5
  1
\pxqc;{\C0;MCCB\P3P \P100 A}
 73
     1
 44
1.0
101
Embedded Object
 70
     1
 10
1.0
 20
0.0
 30
0.0
 11
7658.751020047539
 21
4548.210249854788
 31
0.0
 40
24.49475352448821
 41
0.0
 42
14.92503787890737
 43
16.59544860124189
 71
     2
 72
     1
 44
24.49475352448821
 45
18.96351666708113
 73
     0
 74
     0
 46
0.0
  0
MTEXT
  5
198E
330
1F
100
AcDbEntity
  8
0
 62
     1
100
AcDbMText
 10
7678.588531315284
 20
4548.210249854788
 30
0.0
 40
3.792703333416225
 41
24.49475352448821
 46
0.0
 71
     1
 72
     5
  1
\pxqc;{\C0;MCCB\P3P \P100 A}
 73
     1
 44
1.0
101
Embedded Object
 70
     1
 10
1.0
 20
0.0
 30
0.0
 11
7678.588531315284
 21
4548.210249854788
 31
0.0
 40
24.49475352448821
 41
0.0
 42
14.92503787890737
 43
16.59544860124189
 71
     2
 72
     1
 44
24.49475352448821
 45
18.96351666708113
 73
     0
 74
     0
 46
0.0
  0
MTEXT
  5
198F
330
1F
100
AcDbEntity
  8
0
 62
     1
100
AcDbMText
 10
7705.127897733707
 20
4548.210249854788
 30
0.0
 40
3.792703333416225
 41
24.49475352448821
 46
0.0
 71
     1
 72
     5
  1
\pxqc;{\C0;MCCB\P3P \P100 A}
 73
     1
 44
1.0
101
Embedded Object
 70
     1
 10
1.0
 20
0.0
 30
0.0
 11
7705.127897733707
 21
4548.210249854788
 31
0.0
 40
24.49475352448821
 41
0.0
 42
14.92503787890737
 43
16.59544860124189
 71
     2
 72
     1
 44
24.49475352448821
 45
18.96351666708113
 73
     0
 74
     0
 46
0.0
  0
MTEXT
  5
1990
330
1F
100
AcDbEntity
  8
0
 62
     1
100
AcDbMText
 10
7730.594981553993
 20
4548.210249854788
 30
0.0
 40
3.792703333416225
 41
24.49475352448821
 46
0.0
 71
     1
 72
     5
  1
\pxqc;{\C0;MCCB\P3P \P100 A}
 73
     1
 44
1.0
101
Embedded Object
 70
     1
 10
1.0
 20
0.0
 30
0.0
 11
7730.594981553993
 21
4548.210249854788
 31
0.0
 40
24.49475352448821
 41
0.0
 42
14.92503787890737
 43
16.59544860124189
 71
     2
 72
     1
 44
24.49475352448821
 45
18.96351666708113
 73
     0
 74
     0
 46
0.0
  0
MTEXT
  5
1991
330
1F
100
AcDbEntity
  8
0
 62
     1
100
AcDbMText
 10
7754.185528017905
 20
4548.210249854788
 30
0.0
 40
3.792703333416225
 41
24.49475352448821
 46
0.0
 71
     1
 72
     5
  1
\pxqc;{\C0;MCCB\P3P \P100 A}
 73
     1
 44
1.0
101
Embedded Object
 70
     1
 10
1.0
 20
0.0
 30
0.0
 11
7754.185528017905
 21
4548.210249854788
 31
0.0
 40
24.49475352448821
 41
0.0
 42
14.92503787890737
 43
16.59544860124189
 71
     2
 72
     1
 44
24.49475352448821
 45
18.96351666708113
 73
     0
 74
     0
 46
0.0
  0
MTEXT
  5
1992
330
1F
100
AcDbEntity
  8
0
 62
     1
100
AcDbMText
 10
7778.663933166722
 20
4548.210249854788
 30
0.0
 40
3.792703333416225
 41
24.49475352448821
 46
0.0
 71
     1
 72
     5
  1
\pxqc;{\C0;MCCB\P3P \P100 A}
 73
     1
 44
1.0
101
Embedded Object
 70
     1
 10
1.0
 20
0.0
 30
0.0
 11
7778.663933166722
 21
4548.210249854788
 31
0.0
 40
24.49475352448821
 41
0.0
 42
14.92503787890737
 43
16.59544860124189
 71
     2
 72
     1
 44
24.49475352448821
 45
18.96351666708113
 73
     0
 74
     0
 46
0.0
  0
MTEXT
  5
1993
330
1F
100
AcDbEntity
  8
0
 62
     1
100
AcDbMText
 10
7804.580030797035
 20
4548.801177635162
 30
0.0
 40
3.792703333416225
 41
24.49475352448821
 46
0.0
 71
     1
 72
     5
  1
\pxqc;{\C0;MCCB\P3P \P100 A}
 73
     1
 44
1.0
101
Embedded Object
 70
     1
 10
1.0
 20
0.0
 30
0.0
 11
7804.580030797035
 21
4548.801177635162
 31
0.0
 40
24.49475352448821
 41
0.0
 42
14.92503787890737
 43
16.59544860124189
 71
     2
 72
     1
 44
24.49475352448821
 45
18.96351666708113
 73
     0
 74
     0
 46
0.0
  0
MTEXT
  5
1994
330
1F
100
AcDbEntity
  8
0
 62
     1
100
AcDbMText
 10
7831.736461899352
 20
4549.125135364894
 30
0.0
 40
3.792703333416225
 41
24.49475352448821
 46
0.0
 71
     1
 72
     5
  1
\pxqc;{\C0;MCCB\P3P \P100 A}
 73
     1
 44
1.0
101
Embedded Object
 70
     1
 10
1.0
 20
0.0
 30
0.0
 11
7831.736461899352
 21
4549.125135364894
 31
0.0
 40
24.49475352448821
 41
0.0
 42
14.92503787890737
 43
16.59544860124189
 71
     2
 72
     1
 44
24.49475352448821
 45
18.96351666708113
 73
     0
 74
     0
 46
0.0
  0
HATCH
  5
1995
330
1F
100
AcDbEntity
  8
0
 62
     0
100
AcDbHatch
 10
0.0
 20
0.0
 30
-0.1786006726848441
210
0.0
220
0.0
230
1.0
  2
ANSI37
 70
     0
 71
     0
 91
        1
 92
        7
 72
     0
 73
     1
 93
        4
 10
8218.822499138813
 20
4943.808777713977
 10
8187.051463703101
 20
4943.808777713977
 10
8187.051463703101
 20
4912.037742278263
 10
8218.822499138813
 20
4912.037742278263
 97
        0
 75
     1
 76
     1
 52
0.0
 41
2.647586286309094
 77
     0
 78
     2
 53
44.99999999999999
 43
8028.788145600527
 44
4619.808727542366
 45
-5.944000738421501
 46
5.944000738421496
 79
     0
 53
135.0
 43
8028.788145600527
 44
4619.808727542366
 45
-5.944000738421501
 46
-5.944000738421496
 79
     0
 47
0.0156210321812842
 98
        1
 10
8209.311084382617
 20
4912.647087440831
1001
GradientColor1ACI
1070
     5
1001
GradientColor2ACI
1070
     2
1001
ACAD
1010
0.0
1020
0.0
1030
0.0
  0
LINE
  5
1996
330
1F
100
AcDbEntity
  8
0
 62
     0
100
AcDbLine
 10
8187.051463703101
 20
4912.037742278263
 30
-0.1786006726848441
 11
8187.051463703101
 21
4943.808777713977
 31
-0.1786006726848441
  0
LINE
  5
1997
330
1F
100
AcDbEntity
  8
0
 62
     0
100
AcDbLine
 10
8187.051463703101
 20
4943.808777713977
 30
-0.1786006726848441
 11
8218.822499138813
 21
4943.808777713977
 31
-0.1786006726848441
  0
LINE
  5
1998
330
1F
100
AcDbEntity
  8
0
 62
     0
100
AcDbLine
 10
8218.822499138813
 20
4943.808777713977
 30
-0.1786006726848441
 11
8218.822499138813
 21
4912.037742278263
 31
-0.1786006726848441
  0
LINE
  5
1999
330
1F
100
AcDbEntity
  8
0
 62
     0
100
AcDbLine
 10
8218.822499138813
 20
4912.037742278263
 30
-0.1786006726848441
 11
8187.051463703101
 21
4912.037742278263
 31
-0.1786006726848441
  0
MTEXT
  5
199A
330
1F
100
AcDbEntity
  8
0
 62
     1
100
AcDbMText
 10
8232.158311047426
 20
4928.84506560149
 30
-0.1786006726848441
 40
5.379895333780082
 41
133.7823132199292
 46
0.0
 71
     1
 72
     5
  1
\pxqc;UTILITY GRID PLN TM (20 kV)
 73
     1
 44
1.0
101
Embedded Object
 70
     1
 10
1.0
 20
0.0
 30
0.0
 11
8232.158311047426
 21
4928.84506560149
 31
-0.1786006726848441
 40
133.7823132199292
 41
0.0
 42
103.9538165893509
 43
7.053314346197351
 71
     2
 72
     1
 44
133.7823132199292
 45
26.89947666890041
 73
     0
 74
     0
 46
0.0
  0
MTEXT
  5
199B
330
1F
100
AcDbEntity
  8
0
 62
     1
100
AcDbMText
 10
8232.649261104713
 20
4879.085775736958
 30
-0.1786006726848441
 40
5.379895333780082
 41
133.7823132199292
 46
0.0
 71
     1
 72
     5
  1
\pxqc;TRANSFORMATOR
 73
     1
 44
1.0
101
Embedded Object
 70
     1
 10
1.0
 20
0.0
 30
0.0
 11
8232.649261104713
 21
4879.085775736958
 31
-0.1786006726848441
 40
133.7823132199292
 41
0.0
 42
68.20283409161175
 43
5.567054039116224
 71
     2
 72
     1
 44
133.7823132199292
 45
26.89947666890041
 73
     0
 74
     0
 46
0.0
  0
MTEXT
  5
199C
330
1F
100
AcDbEntity
  8
0
 62
     1
100
AcDbMText
 10
8239.883444308263
 20
4818.026673236595
 30
-0.1786006726848441
 40
5.379895333780082
 41
133.7823132199292
 46
0.0
 71
     1
 72
     5
  1
\pxqc;CIRCUIT BREAKER
 73
     1
 44
1.0
101
Embedded Object
 70
     1
 10
1.0
 20
0.0
 30
0.0
 11
8239.883444308263
 21
4818.026673236595
 31
-0.1786006726848441
 40
133.7823132199292
 41
0.0
 42
68.0156753862756
 43
5.563384260580221
 71
     2
 72
     1
 44
133.7823132199292
 45
26.89947666890041
 73
     0
 74
     0
 46
0.0
  0
MTEXT
  5
199D
330
1F
100
AcDbEntity
  8
0
 62
     1
100
AcDbMText
 10
8239.883444308263
 20
4662.986268916228
 30
-0.1786006726848441
 40
5.379895333780082
 41
133.7823132199292
 46
0.0
 71
     1
 72
     5
  1
\pxqc;OVER CURRENT RELAY
 73
     1
 44
1.0
101
Embedded Object
 70
     1
 10
1.0
 20
0.0
 30
0.0
 11
8239.883444308263
 21
4662.986268916228
 31
-0.1786006726848441
 40
133.7823132199292
 41
0.0
 42
86.44163341554557
 43
5.567054039116224
 71
     2
 72
     1
 44
133.7823132199292
 45
26.89947666890041
 73
     0
 74
     0
 46
0.0
  0
MTEXT
  5
199E
330
1F
100
AcDbEntity
  8
0
 62
     1
100
AcDbMText
 10
8232.860570219964
 20
4615.573276306053
 30
-0.1786006726848441
 40
5.379895333780082
 41
133.7823132199292
 46
0.0
 71
     1
 72
     5
  1
\pxqc;GROUND FAULT RELAY
 73
     1
 44
1.0
101
Embedded Object
 70
     1
 10
1.0
 20
0.0
 30
0.0
 11
8232.860570219964
 21
4615.573276306053
 31
-0.1786006726848441
 40
133.7823132199292
 41
0.0
 42
85.56822612397693
 43
5.567054039116224
 71
     2
 72
     1
 44
133.7823132199292
 45
26.89947666890041
 73
     0
 74
     0
 46
0.0
  0
MTEXT
  5
199F
330
1F
100
AcDbEntity
  8
0
 62
     1
100
AcDbMText
 10
8232.396729709497
 20
4560.87669827428
 30
-0.1786006726848441
 40
5.379895333780082
 41
133.7823132199292
 46
0.0
 71
     1
 72
     5
  1
\pxqc;GROUND OVERCURRENT RELAY
 73
     1
 44
1.0
101
Embedded Object
 70
     1
 10
1.0
 20
0.0
 30
0.0
 11
8232.396729709497
 21
4560.87669827428
 31
-0.1786006726848441
 40
133.7823132199292
 41
0.0
 42
119.8072598648829
 43
5.567054039116224
 71
     2
 72
     1
 44
133.7823132199292
 45
26.89947666890041
 73
     0
 74
     0
 46
0.0
  0
MTEXT
  5
19A0
330
1F
100
AcDbEntity
  8
0
 62
     1
100
AcDbMText
 10
8230.069954886753
 20
4472.142533275529
 30
-0.1786006726848441
 40
5.379895333780082
 41
133.7823132199292
 46
0.0
 71
     1
 72
     5
  1
\pxqc;EARTHING SWITCH
 73
     1
 44
1.0
101
Embedded Object
 70
     1
 10
1.0
 20
0.0
 30
0.0
 11
8230.069954886753
 21
4472.142533275529
 31
-0.1786006726848441
 40
133.7823132199292
 41
0.0
 42
69.36248410898864
 43
5.563384260580221
 71
     2
 72
     1
 44
133.7823132199292
 45
26.89947666890041
 73
     0
 74
     0
 46
21.69144133695198
  0
MTEXT
  5
19A1
330
1F
100
AcDbEntity
  8
0
 62
     1
100
AcDbMText
 10
8237.82556075398
 20
4427.090005656268
 30
-0.1786006726848441
 40
5.379895333780082
 41
133.7823132199292
 46
0.0
 71
     1
 72
     5
  1
\pxqc;CURRENT TRANSFORMER
 73
     1
 44
1.0
101
Embedded Object
 70
     1
 10
1.0
 20
0.0
 30
0.0
 11
8237.82556075398
 21
4427.090005656268
 31
-0.1786006726848441
 40
133.7823132199292
 41
0.0
 42
96.39774258372113
 43
5.567054039116224
 71
     2
 72
     1
 44
133.7823132199292
 45
26.89947666890041
 73
     0
 74
     0
 46
0.0
  0
MTEXT
  5
19A2
330
1F
100
AcDbEntity
  8
0
 62
     1
100
AcDbMText
 10
8230.157673971902
 20
4377.017487767401
 30
-0.1786006726848441
 40
5.379895333780082
 41
133.7823132199292
 46
0.0
 71
     1
 72
     5
  1
\pxqc;MEASURING METER
 73
     1
 44
1.0
101
Embedded Object
 70
     1
 10
1.0
 20
0.0
 30
0.0
 11
8230.157673971902
 21
4377.017487767401
 31
-0.1786006726848441
 40
133.7823132199292
 41
0.0
 42
73.25611913568758
 43
5.563384260580221
 71
     2
 72
     1
 44
133.7823132199292
 45
26.89947666890041
 73
     0
 74
     0
 46
0.0
  0
HATCH
  5
19A3
330
1F
100
AcDbEntity
  8
0
 62
     4
100
AcDbHatch
 10
0.0
 20
0.0
 30
-0.1786006726848441
210
0.0
220
0.0
230
1.0
  2
SOLID
 70
     1
 71
     0
 91
        1
 92
        7
 72
     0
 73
     1
 93
        4
 10
8183.85662299606
 20
4973.925512686681
 10
8221.777611314278
 20
4973.925512686681
 10
8221.777611314278
 20
4976.952730118912
 10
8183.85662299606
 20
4976.952730118912
 97
        0
 75
     1
 76
     1
 47
0.0851111690504572
 98
        1
 10
8124.606628594513
 20
4974.537735825333
450
        0
451
        0
460
0.0
461
0.0
452
        0
462
0.0
453
        2
463
0.0
 63
     5
421
      255
463
1.0
 63
     2
421
 16776960
470
LINEAR
1001
GradientColor1ACI
1070
     5
1001
GradientColor2ACI
1070
     2
1001
ACAD
1010
0.0
1020
0.0
1030
0.0
  0
LWPOLYLINE
  5
19A4
330
1F
100
AcDbEntity
  8
0
 62
     4
370
    53
100
AcDbPolyline
 90
        4
 70
     1
 43
0.0
 38
-0.1786006726848441
 39
38.57774529992613
 10
8183.85662299606
 20
4976.952730118912
 10
8221.777611314278
 20
4976.952730118912
 10
8221.777611314278
 20
4973.925512686681
 10
8183.85662299606
 20
4973.925512686681
  0
MTEXT
  5
19A5
330
1F
100
AcDbEntity
  8
0
 62
     1
100
AcDbMText
 10
8228.72163805739
 20
4977.122057761311
 30
-0.1786006726848441
 40
5.379895333780082
 41
133.7823132199292
 46
0.0
 71
     1
 72
     5
  1
\pxqc;BUSBAR
 73
     1
 44
1.0
101
Embedded Object
 70
     1
 10
1.0
 20
0.0
 30
0.0
 11
8228.72163805739
 21
4977.122057761311
 31
-0.1786006726848441
 40
133.7823132199292
 41
0.0
 42
30.26099380787896
 43
5.563384260580221
 71
     2
 72
     1
 44
133.7823132199292
 45
26.89947666890041
 73
     0
 74
     0
 46
0.0
  0
LINE
  5
19A6
330
1F
100
AcDbEntity
  8
0
 62
     1
100
AcDbLine
 10
8202.848618563901
 20
4832.579707144516
 30
-0.1786006726848441
 11
8210.261860165564
 21
4825.166465542854
 31
-0.1786006726848441
  0
LINE
  5
19A7
330
1F
100
AcDbEntity
  8
0
 62
     1
100
AcDbLine
 10
8210.261860165564
 20
4832.579707144516
 30
-0.1786006726848441
 11
8202.848618563901
 21
4825.166465542854
 31
-0.1786006726848441
  0
LINE
  5
19A8
330
1F
100
AcDbEntity
  8
0
 62
     1
100
AcDbLine
 10
8206.555239364726
 20
4797.102050907979
 30
-0.1786006726848441
 11
8206.555239364726
 21
4802.926740737857
 31
-0.1786006726848441
  0
LINE
  5
19A9
330
1F
100
AcDbEntity
  8
0
 62
     1
100
AcDbLine
 10
8206.555239364726
 20
4802.926740737857
 30
-0.1786006726848441
 11
8196.708758200394
 21
4824.042587737428
 31
-0.1786006726848441
  0
CIRCLE
  5
19AA
330
1F
100
AcDbEntity
  8
0
 62
     1
100
AcDbCircle
 10
8204.681331305328
 20
4864.319573555786
 30
-0.1786006726848441
 40
12.87393193980825
  0
CIRCLE
  5
19AB
330
1F
100
AcDbEntity
  8
0
 62
     1
100
AcDbCircle
 10
8204.621204097305
 20
4882.525963420358
 30
-0.1786006726848441
 40
12.87393193980825
  0
LWPOLYLINE
  5
19AC
330
1F
100
AcDbEntity
  8
0
 62
     1
100
AcDbPolyline
 90
        4
 70
     1
 43
0.0
 38
-0.1786006726848441
 10
8185.822695533596
 20
4674.773359336511
 10
8227.190440499652
 20
4674.773359336511
 10
8227.190440499652
 20
4646.663536708333
 10
8185.822695533596
 20
4646.663536708333
  0
MTEXT
  5
19AD
330
1F
100
AcDbEntity
  8
0
 62
     1
100
AcDbMText
 10
8198.802713733261
 20
4669.43611125535
 30
-0.1786006726848441
 40
8.33042216836637
 41
32.03311230221253
 46
0.0
 71
     1
 72
     5
  1
{\fArial|b0|i1|c0|p34;I\H0.50195x;   \H1.99229x;>}
 73
     1
 44
1.0
101
Embedded Object
 70
     1
 10
1.0
 20
0.0
 30
0.0
 11
8198.802713733261
 21
4669.43611125535
 31
-0.1786006726848441
 40
32.03311230221253
 41
0.0
 42
14.28481734694143
 43
8.330671793631857
 71
     2
 72
     1
 44
32.03311230221253
 45
41.65211084183185
 73
     0
 74
     0
 46
0.0
  0
LINE
  5
19AE
330
1F
100
AcDbEntity
  8
0
 62
     1
100
AcDbLine
 10
8192.758878476004
 20
4658.165088769197
 30
-0.1786006726848441
 11
8192.758878476004
 21
4654.827444186679
 31
-0.1786006726848441
  0
LINE
  5
19AF
330
1F
100
AcDbEntity
  8
0
 62
     1
100
AcDbLine
 10
8220.528980918723
 20
4658.165088769197
 30
-0.1786006726848441
 11
8220.528980918723
 21
4654.827444186679
 31
-0.1786006726848441
  0
LINE
  5
19B0
330
1F
100
AcDbEntity
  8
0
 62
     1
100
AcDbLine
 10
8192.758878476004
 20
4656.496266477941
 30
-0.1786006726848441
 11
8220.528980918716
 21
4656.496266477941
 31
-0.1786006726848441
  0
LINE
  5
19B1
330
1F
100
AcDbEntity
  8
0
 62
     1
100
AcDbLine
 10
8202.111010979512
 20
4658.641891793377
 30
-0.1786006726848441
 11
8212.131154143735
 21
4654.350641162499
 31
-0.1786006726848441
  0
LWPOLYLINE
  5
19B2
330
1F
100
AcDbEntity
  8
0
 62
     1
100
AcDbPolyline
 90
        4
 70
     1
 43
0.0
 38
-0.1786006726848441
 10
8185.56423682085
 20
4628.182718802164
 10
8226.931981786908
 20
4628.182718802164
 10
8226.931981786908
 20
4600.072896173984
 10
8185.56423682085
 20
4600.072896173984
  0
MTEXT
  5
19B3
330
1F
100
AcDbEntity
  8
0
 62
     1
100
AcDbMText
 10
8191.547399800693
 20
4619.280738585433
 30
-0.1786006726848441
 40
8.33042216836637
 41
32.03311230221253
 46
0.0
 71
     1
 72
     5
  1
{\fArial|b0|i1|c0|p34;I\H0.50195x;            \H1.99229x;>}
 73
     1
 44
1.0
101
Embedded Object
 70
     1
 10
1.0
 20
0.0
 30
0.0
 11
8191.547399800693
 21
4619.280738585433
 31
-0.1786006726848441
 40
32.03311230221253
 41
0.0
 42
28.89138838470016
 43
8.330671793631857
 71
     2
 72
     1
 44
32.03311230221253
 45
41.65211084183185
 73
     0
 74
     0
 46
0.0
  0
LWPOLYLINE
  5
19B4
330
1F
100
AcDbEntity
  8
0
 62
     1
100
AcDbPolyline
 90
        2
 70
     0
 43
0.0
 38
-0.1786006726848441
 10
8210.354464993526
 20
4611.369180354369
 10
8200.314093862717
 20
4611.453137007437
  0
LINE
  5
19B5
330
1F
100
AcDbEntity
  8
0
 62
     1
100
AcDbLine
 10
8203.128695476218
 20
4606.48257874204
 30
-0.1786006726848441
 11
8207.4841948134
 21
4606.48257874204
 31
-0.1786006726848441
  0
LINE
  5
19B6
330
1F
100
AcDbEntity
  8
0
 62
     1
100
AcDbLine
 10
8201.744751278024
 20
4608.924124465565
 30
-0.1786006726848441
 11
8208.920290123129
 21
4608.924124465565
 31
-0.1786006726848441
  0
LINE
  5
19B7
330
1F
100
AcDbEntity
  8
0
 62
     1
100
AcDbLine
 10
8205.334279428122
 20
4611.411158680902
 30
-0.1786006726848441
 11
8205.399270488895
 21
4619.183435760565
 31
-0.1786006726848441
  0
LWPOLYLINE
  5
19B8
330
1F
100
AcDbEntity
  8
0
 62
     1
100
AcDbPolyline
 90
        4
 70
     1
 43
0.0
 38
-0.1786006726848441
 10
8186.185312378929
 20
4575.293330824464
 10
8227.553057344982
 20
4575.293330824464
 10
8227.553057344982
 20
4547.183508196286
 10
8186.185312378929
 20
4547.183508196286
  0
MTEXT
  5
19B9
330
1F
100
AcDbEntity
  8
0
 62
     1
100
AcDbMText
 10
8192.94417285015
 20
4571.481140490128
 30
-0.1786006726848441
 40
8.33042216836637
 41
32.03311230221253
 46
0.0
 71
     1
 72
     5
  1
{\fArial|b0|i1|c0|p34;I\H0.50195x;            \H1.99229x;>}
 73
     1
 44
1.0
101
Embedded Object
 70
     1
 10
1.0
 20
0.0
 30
0.0
 11
8192.94417285015
 21
4571.481140490128
 31
-0.1786006726848441
 40
32.03311230221253
 41
0.0
 42
28.89138838470016
 43
8.330671793631857
 71
     2
 72
     1
 44
32.03311230221253
 45
41.65211084183185
 73
     0
 74
     0
 46
0.0
  0
LWPOLYLINE
  5
19BA
330
1F
100
AcDbEntity
  8
0
 62
     1
100
AcDbPolyline
 90
        2
 70
     0
 43
0.0
 38
-0.1786006726848441
 10
8211.751238042987
 20
4563.569582259066
 10
8201.710866912174
 20
4563.653538912133
  0
LINE
  5
19BB
330
1F
100
AcDbEntity
  8
0
 62
     1
100
AcDbLine
 10
8204.525468525677
 20
4558.682980646737
 30
-0.1786006726848441
 11
8208.880967862858
 21
4558.682980646737
 31
-0.1786006726848441
  0
LINE
  5
19BC
330
1F
100
AcDbEntity
  8
0
 62
     1
100
AcDbLine
 10
8203.141524327481
 20
4561.124526370262
 30
-0.1786006726848441
 11
8210.317063172588
 21
4561.124526370262
 31
-0.1786006726848441
  0
LINE
  5
19BD
330
1F
100
AcDbEntity
  8
0
 62
     1
100
AcDbLine
 10
8206.73105247758
 20
4563.611560585599
 30
-0.1786006726848441
 11
8206.796043538354
 21
4571.383837665262
 31
-0.1786006726848441
  0
LINE
  5
19BE
330
1F
100
AcDbEntity
  8
0
 62
     1
100
AcDbLine
 10
8193.243365920039
 20
4555.077773695813
 30
-0.1786006726848441
 11
8193.243365920039
 21
4551.740129113296
 31
-0.1786006726848441
  0
LINE
  5
19BF
330
1F
100
AcDbEntity
  8
0
 62
     1
100
AcDbLine
 10
8221.013468362761
 20
4555.077773695813
 30
-0.1786006726848441
 11
8221.013468362761
 21
4551.740129113296
 31
-0.1786006726848441
  0
LINE
  5
19C0
330
1F
100
AcDbEntity
  8
0
 62
     1
100
AcDbLine
 10
8193.243365920039
 20
4553.408951404558
 30
-0.1786006726848441
 11
8221.013468362752
 21
4553.408951404558
 31
-0.1786006726848441
  0
LINE
  5
19C1
330
1F
100
AcDbEntity
  8
0
 62
     1
100
AcDbLine
 10
8202.595498423551
 20
4555.554576719994
 30
-0.1786006726848441
 11
8212.61564158777
 21
4551.263326089116
 31
-0.1786006726848441
  0
MTEXT
  5
19C2
330
1F
100
AcDbEntity
  8
DOOR WINDOW 1 300
 62
     7
440
 33554687
370
     9
100
AcDbMText
 10
8175.038564809552
 20
5062.106247239428
 30
-0.1786006726848441
 40
10.19631943335555
 41
190.9003123667866
 46
0.0
 71
     1
 72
     5
  1
Ahmad Farel Desadvi Akbar\P     22/494867/TK/54326
 73
     1
 44
1.0
101
Embedded Object
 70
     1
 10
1.0
 20
0.0
 30
0.0
 11
8175.038564809552
 21
5062.106247239428
 31
-0.1786006726848441
 40
190.9003123667866
 41
0.0
 42
178.3243069248316
 43
27.54490022457876
 71
     2
 72
     1
 44
190.9003123667866
 45
50.98159716677776
 73
     0
 74
     0
 46
0.0
  0
LWPOLYLINE
  5
19C3
330
1F
100
AcDbEntity
  8
DOOR WINDOW 1 300
 62
     7
440
 33554687
370
    30
100
AcDbPolyline
 90
        4
 70
     1
 43
0.0
 38
-0.1786006726848441
 10
6718.9277727168
 20
5347.436582936581
 10
8431.909437520527
 20
5347.436582936581
 10
8431.909437520527
 20
4136.113834253912
 10
6718.9277727168
 20
4136.113834253912
  0
LWPOLYLINE
  5
19C4
330
1F
100
AcDbEntity
  8
DOOR WINDOW 1 300
 62
     7
440
 33554687
370
    30
100
AcDbPolyline
 90
        4
 70
     1
 43
0.0
 38
-0.1786006726848441
 10
6800.49832818363
 20
5306.651305203136
 10
8391.124159787134
 20
5306.651305203136
 10
8391.124159787134
 20
4176.899111987295
 10
6800.49832818363
 20
4176.899111987295
  0
LINE
  5
19C5
330
1F
100
AcDbEntity
  8
DOOR WINDOW 1 300
 62
     7
440
 33554687
370
    30
100
AcDbLine
 10
8146.41249338659
 20
5306.651305203136
 30
-0.1786006726848441
 11
8146.41249338659
 21
4176.899111987295
 31
-0.1786006726848441
  0
TEXT
  5
19C6
330
1F
100
AcDbEntity
  8
DOOR WINDOW 1 300
 62
     7
440
 33554687
100
AcDbText
 10
8208.615440222013
 20
4324.315832187022
 30
-0.1786006726848441
 40
7.024203672378463
  1
JUDUL
100
AcDbText
  0
TEXT
  5
19C7
330
1F
100
AcDbEntity
  8
DOOR WINDOW 1 300
 62
     7
440
 33554687
100
AcDbText
 10
8336.276661931709
 20
4241.300992267328
 30
-0.1786006726848441
 40
7.024203672378463
  1
DATE
100
AcDbText
  0
TEXT
  5
19C8
330
1F
100
AcDbEntity
  8
DOOR WINDOW 1 300
 62
     7
440
 33554687
100
AcDbText
 10
8334.292457702442
 20
4324.868933821394
 30
-0.1786006726848441
 40
7.024203672378463
  1
SKALA
100
AcDbText
  0
TEXT
  5
19C9
330
1F
100
AcDbEntity
  8
DOOR WINDOW 1 300
 62
     7
440
 33554687
100
AcDbText
 10
8177.428027464165
 20
5216.916198866536
 30
-0.1786006726848441
 40
9.512018568552287
  1
GADJAH MADA UNIVERSITY
100
AcDbText
  0
TEXT
  5
19CA
330
1F
100
AcDbEntity
  8
DOOR WINDOW 1 300
 62
     7
440
 33554687
100
AcDbText
 10
8213.695810004102
 20
5205.184211623499
 30
-0.1786006726848441
 40
5.707211141131373
  1
FACULTY OF ENGINEERING
100
AcDbText
  0
TEXT
  5
19CB
330
1F
100
AcDbEntity
  8
DOOR WINDOW 1 300
 62
     7
440
 33554687
100
AcDbText
 10
8207.788107626173
 20
5163.897562950124
 30
-0.1786006726848441
 40
8.157055546684443
  1
Ujian Tengah Semester
100
AcDbText
  0
TEXT
  5
19CC
330
1F
100
AcDbEntity
  8
DOOR WINDOW 1 300
 62
     7
440
 33554687
100
AcDbText
 10
8181.762960633072
 20
5148.119721019238
 30
-0.1786006726848441
 40
9.511942472988712
  1
Perlengkapan Sistem Tenaga
100
AcDbText
  0
LINE
  5
19CD
330
1F
100
AcDbEntity
  8
DOOR WINDOW 1 300
 62
     7
440
 33554687
100
AcDbLine
 10
8309.553604320303
 20
4233.006147013776
 30
-0.1786006726848441
 11
8391.124159787134
 21
4233.006147013776
 31
-0.1786006726848441
  0
LINE
  5
19CE
330
1F
100
AcDbEntity
  8
DOOR WINDOW 1 300
 62
     7
440
 33554687
100
AcDbLine
 10
8309.553604320303
 20
4253.3987858805
 30
-0.1786006726848441
 11
8391.124159787134
 21
4253.3987858805
 31
-0.1786006726848441
  0
LINE
  5
19CF
330
1F
100
AcDbEntity
  8
DOOR WINDOW 1 300
 62
     7
440
 33554687
100
AcDbLine
 10
8146.41249338659
 20
5074.1752221226
 30
-0.1786006726848441
 11
8391.124159787134
 21
5074.1752221226
 31
-0.1786006726848441
  0
LINE
  5
19D0
330
1F
100
AcDbEntity
  8
DOOR WINDOW 1 300
 62
     7
440
 33554687
100
AcDbLine
 10
8146.41249338659
 20
5184.295472002869
 30
-0.1786006726848441
 11
8391.124159787134
 21
5184.295472002869
 31
-0.1786006726848441
  0
LINE
  5
19D1
330
1F
100
AcDbEntity
  8
DOOR WINDOW 1 300
 62
     7
440
 33554687
100
AcDbLine
 10
8146.41249338659
 20
5098.64638876273
 30
-0.1786006726848441
 11
8391.124159787134
 21
5098.64638876273
 31
-0.1786006726848441
  0
LINE
  5
19D2
330
1F
100
AcDbEntity
  8
DOOR WINDOW 1 300
 62
     7
440
 33554687
100
AcDbLine
 10
8146.41249338659
 20
5123.117555402753
 30
-0.1786006726848441
 11
8391.124159787134
 21
5123.117555402753
 31
-0.1786006726848441
  0
LINE
  5
19D3
330
1F
100
AcDbEntity
  8
DOOR WINDOW 1 300
 62
     7
440
 33554687
100
AcDbLine
 10
8146.41249338659
 20
5074.1752221226
 30
-0.1786006726848441
 11
8391.124159787134
 21
5074.1752221226
 31
-0.1786006726848441
  0
LINE
  5
19D4
330
1F
100
AcDbEntity
  8
DOOR WINDOW 1 300
 62
     7
440
 33554687
100
AcDbLine
 10
8142.796142490906
 20
4321.706438012403
 30
-0.1786006726848441
 11
8387.507808891449
 21
4321.706438012403
 31
-0.1786006726848441
  0
LINE
  5
19D5
330
1F
100
AcDbEntity
  8
DOOR WINDOW 1 300
 62
     7
440
 33554687
100
AcDbLine
 10
8233.844093256312
 20
5234.376496741697
 30
-0.1786006726848441
 11
8233.844093256312
 21
5293.640894383077
 31
-0.1786006726848441
1001
ACAD
1000
OLEBEGIN
1070
    70
1070
     1
1070
    71
1070
     1
1070
    40
1040
0.0
1070
    41
1040
29.08555843465729
1070
    42
1040
30.77078868793615
1070
    72
1070
     0
1070
     3
1000

1070
    90
1071
        0
1070
    43
1040
0.0
1070
     4
1000

1070
    91
1071
        0
1070
    44
1040
0.0
1000
OLEEND
  0
LINE
  5
19D6
330
1F
100
AcDbEntity
  8
DOOR WINDOW 1 300
 62
     7
440
 33554687
100
AcDbLine
 10
8293.157222195615
 20
5293.640894383077
 30
-0.1786006726848441
 11
8293.157222195615
 21
5234.376496741697
 31
-0.1786006726848441
1001
ACAD
1000
OLEBEGIN
1070
    70
1070
     1
1070
    71
1070
     1
1070
    40
1040
0.0
1070
    41
1040
29.08555843465729
1070
    42
1040
30.77078868793615
1070
    72
1070
     0
1070
     3
1000

1070
    90
1071
        0
1070
    43
1040
0.0
1070
     4
1000

1070
    91
1071
        0
1070
    44
1040
0.0
1000
OLEEND
  0
LINE
  5
19D7
330
1F
100
AcDbEntity
  8
DOOR WINDOW 1 300
 62
     7
440
 33554687
100
AcDbLine
 10
8293.157222195615
 20
5234.376496741697
 30
-0.1786006726848441
 11
8233.844093256312
 21
5234.376496741697
 31
-0.1786006726848441
1001
ACAD
1000
OLEBEGIN
1070
    70
1070
     1
1070
    71
1070
     1
1070
    40
1040
0.0
1070
    41
1040
29.08555843465729
1070
    42
1040
30.77078868793615
1070
    72
1070
     0
1070
     3
1000

1070
    90
1071
        0
1070
    43
1040
0.0
1070
     4
1000

1070
    91
1071
        0
1070
    44
1040
0.0
1000
OLEEND
  0
LINE
  5
19D8
330
1F
100
AcDbEntity
  8
DOOR WINDOW 1 300
 62
     7
440
 33554687
100
AcDbLine
 10
8309.553604320303
 20
4334.002141213431
 30
-0.1786006726848441
 11
8309.553604320303
 21
4258.469667454179
 31
-0.1786006726848441
  0
LINE
  5
19D9
330
1F
100
AcDbEntity
  8
DOOR WINDOW 1 300
 62
     7
440
 33554687
100
AcDbLine
 10
8146.41249338659
 20
4334.002141213431
 30
-0.1786006726848441
 11
8391.124159787134
 21
4334.002141213431
 31
-0.1786006726848441
  0
LINE
  5
19DA
330
1F
100
AcDbEntity
  8
DOOR WINDOW 1 300
 62
     7
440
 33554687
100
AcDbLine
 10
8309.553604320303
 20
4233.006147013776
 30
-0.1786006726848441
 11
8391.124159787134
 21
4233.006147013776
 31
-0.1786006726848441
  0
LINE
  5
19DB
330
1F
100
AcDbEntity
  8
DOOR WINDOW 1 300
 62
     7
440
 33554687
100
AcDbLine
 10
8309.553604320303
 20
4253.3987858805
 30
-0.1786006726848441
 11
8391.124159787134
 21
4253.3987858805
 31
-0.1786006726848441
  0
LINE
  5
19DC
330
1F
100
AcDbEntity
  8
DOOR WINDOW 1 300
 62
     7
440
 33554687
100
AcDbLine
 10
8146.41249338659
 20
5184.295472002869
 30
-0.1786006726848441
 11
8391.124159787134
 21
5184.295472002869
 31
-0.1786006726848441
  0
LINE
  5
19DD
330
1F
100
AcDbEntity
  8
DOOR WINDOW 1 300
 62
     7
440
 33554687
100
AcDbLine
 10
8146.41249338659
 20
5123.117555402753
 30
-0.1786006726848441
 11
8391.124159787134
 21
5123.117555402753
 31
-0.1786006726848441
  0
LINE
  5
19DE
330
1F
100
AcDbEntity
  8
DOOR WINDOW 1 300
 62
     7
440
 33554687
100
AcDbLine
 10
8146.41249338659
 20
5098.64638876273
 30
-0.1786006726848441
 11
8391.124159787134
 21
5098.64638876273
 31
-0.1786006726848441
  0
LINE
  5
19DF
330
1F
100
AcDbEntity
  8
DOOR WINDOW 1 300
 62
     7
440
 33554687
100
AcDbLine
 10
8309.553604320303
 20
4334.002141213431
 30
-0.1786006726848441
 11
8309.553604320303
 21
4176.899111987295
 31
-0.1786006726848441
  0
OLE2FRAME
  5
19E0
330
1F
100
AcDbEntity
  8
DOOR WINDOW 1 300
 62
     7
440
 33554687
100
AcDbOle2Frame
 70
     2
  1
OLE
1001
ACAD
1000
OLEBEGIN
1070
    70
1070
     1
1070
    71
1070
     1
1070
    40
1040
0.0
1070
    41
1040
59.31312893930408
1070
    42
1040
59.26439764138013
1070
    72
1070
     0
1070
     3
1000

1070
    90
1071
        0
1070
    43
1040
0.0
1070
     4
1000

1070
    91
1071
        0
1070
    44
1040
0.0
1000
OLEEND
  0
LINE
  5
19E1
330
1F
100
AcDbEntity
  8
DOOR WINDOW 1 300
 62
     7
440
 33554687
100
AcDbLine
 10
8146.41249338659
 20
5184.295472002869
 30
-0.1786006726848441
 11
8391.124159787134
 21
5184.295472002869
 31
-0.1786006726848441
  0
TEXT
  5
19E2
330
1F
100
AcDbEntity
  8
DOOR WINDOW 1 300
 62
     7
440
 33554687
100
AcDbText
 10
8250.540890963492
 20
5082.045522529806
 30
-0.1786006726848441
 40
10.19631943335554
  1
NAME
100
AcDbText
  0
TEXT
  5
19E3
330
1F
100
AcDbEntity
  8
DOOR WINDOW 1 300
 62
     7
440
 33554687
100
AcDbText
 10
8166.128133415645
 20
5106.555052699057
 30
-0.1786006726848441
 40
10.19631943335554
  1
UNIVERSITAS GADJAH MADA
100
AcDbText
  0
MTEXT
  5
19E4
102
{ACAD_XDICTIONARY
360
19E5
102
}
330
1F
100
AcDbEntity
  8
DOOR WINDOW 1 300
 62
     7
440
 33554687
100
AcDbMText
 10
8309.553604320303
 20
4208.025164402086
 30
-0.1786006726848441
 40
9.176687490019999
 41
81.97128491373037
 46
12.847362486028
 71
     1
 72
     5
  1
\pxqc;26/10/2025
  7
750 judulskala150)
 73
     1
 44
1.0
1001
AcDbBlockRepETag
1070
     1
1071
       67
1005
0
  0
MTEXT
  5
19E6
102
{ACAD_XDICTIONARY
360
19E7
102
}
330
1F
100
AcDbEntity
  8
DOOR WINDOW 1 300
 62
     7
440
 33554687
100
AcDbMText
 10
7679.268546062488
 20
4234.520759292871
 30
-0.1786006726848441
 40
16.31436261863322
 41
474.2138755200821
 46
32.97960106638644
 71
     1
 72
     5
  1
\pxqc;Single Line Diagram Standar IEC 60617
  7
750 judulskala150)
 73
     1
 44
1.0
1001
AcDbBlockRepETag
1070
     1
1071
       67
1005
0
  0
LINE
  5
19E8
330
1F
100
AcDbEntity
  8
DOOR WINDOW 1 300
 62
     7
100
AcDbLine
 10
7729.657734952218
 20
4212.327545733696
 30
-0.1786006726848441
 11
8110.942978432039
 21
4212.327545733696
 31
-0.1786006726848441
  0
MTEXT
  5
19E9
102
{ACAD_XDICTIONARY
360
19EA
102
}
330
1F
100
AcDbEntity
  8
DOOR WINDOW 1 300
 62
     7
440
 33554687
100
AcDbMText
 10
8109.605553870569
 20
4267.587325275719
 30
-0.2161151190065091
 40
8.249186716306043
 41
239.7812831596847
 46
16.67579012343294
 71
     1
 72
     5
  1
\pxqc;Single Line Diagram UTS^JPerlengkapan Sistem Tenaga
  7
750 judulskala150)
 73
     1
 44
1.0
1001
AcDbBlockRepETag
1070
     1
1071
       67
1005
0
  0
LINE
  5
19EB
330
1F
100
AcDbEntity
  8
DOOR WINDOW 1 300
 62
     7
440
 33554687
100
AcDbLine
 10
8146.41249338659
 20
5019.348538352896
 30
-0.1786006726848441
 11
8391.124159787134
 21
5019.348538352896
 31
-0.1786006726848441
  0
LINE
  5
19EC
330
1F
100
AcDbEntity
  8
0
 62
     1
100
AcDbLine
 10
7517.306420088917
 20
4776.201716070963
 30
0.0
 11
7018.616914013915
 21
4776.201716070963
 31
0.0
  0
LINE
  5
19ED
330
1F
100
AcDbEntity
  8
0
 62
     1
100
AcDbLine
 10
7018.616914013915
 20
4776.201716070963
 30
0.0
 11
7018.616914013915
 21
4285.586983667053
 31
0.0
  0
LINE
  5
19EE
330
1F
100
AcDbEntity
  8
0
 62
     1
100
AcDbLine
 10
7018.616914013915
 20
4285.586983667053
 30
0.0
 11
7145.33129768677
 21
4285.586983667053
 31
0.0
  0
LINE
  5
19EF
330
1F
100
AcDbEntity
  8
0
 62
     1
100
AcDbLine
 10
7145.33129768677
 20
4193.787168762816
 30
0.0
 11
7145.33129768677
 21
4190.542122760316
 31
0.0
  0
MTEXT
  5
19F0
330
1F
100
AcDbEntity
  8
0
 62
     1
100
AcDbMText
 10
7043.787561829383
 20
4562.757497837043
 30
0.0
 40
3.792703333416225
 41
84.46424397181093
 46
0.0
 71
     1
 72
     5
  1
{\C0;Bus MDP 3 Phase  50 Hz 380 V}
 73
     1
 44
1.0
101
Embedded Object
 70
     1
 10
1.0
 20
0.0
 30
0.0
 11
7043.787561829383
 21
4562.757497837043
 31
0.0
 40
84.46424397181093
 41
0.0
 42
74.96410081109724
 43
3.875490855018762
 71
     2
 72
     1
 44
84.46424397181093
 45
18.96351666708113
 73
     0
 74
     0
 46
0.0
  0
MTEXT
  5
19F1
330
1F
100
AcDbEntity
  8
0
 62
     1
100
AcDbMText
 10
7353.074125731808
 20
4899.011297196832
 30
0.0
 40
3.792703333416225
 41
81.29442880885781
 46
0.0
 71
     1
 72
     5
  1
{\C0;3 × 1-core NA2XSY 95 mm^ 2 (Al) }
 11
0.0000000000000001
 21
1.0
 31
0.0
 73
     1
 44
1.0
101
Embedded Object
 70
     1
 10
0.0000000000000001
 20
1.0
 30
0.0
 11
7353.074125731808
 21
4899.011297196832
 31
0.0
 40
81.29442880885781
 41
0.0
 42
78.78008813496418
 43
4.972425516252377
 71
     2
 72
     1
 44
81.29442880885781
 45
18.96351666708113
 73
     0
 74
     0
 46
0.0
  0
LINE
  5
19F2
330
1F
100
AcDbEntity
  8
0
 62
     1
100
AcDbLine
 10
7192.496142175207
 20
4940.82001817804
 30
0.0
 11
7192.496142175207
 21
4892.877390114088
 31
0.0
  0
LINE
  5
19F3
330
1F
100
AcDbEntity
  8
0
 62
     1
100
AcDbLine
 10
7227.471334373979
 20
4893.496355790483
 30
0.0
 11
7192.496142175207
 21
4893.496355790483
 31
0.0
  0
MTEXT
  5
19F4
330
1F
100
AcDbEntity
  8
0
 62
     1
100
AcDbMText
 10
7362.005615040053
 20
4924.237050781967
 30
0.0
 40
3.792703333416225
 41
96.92494360449686
 46
0.0
 71
     1
 72
     5
  1
{\C0;INCOMING}
 11
0.0000000000000001
 21
1.0
 31
0.0
 73
     1
 44
1.0
101
Embedded Object
 70
     1
 10
0.0000000000000001
 20
1.0
 30
0.0
 11
7362.005615040053
 21
4924.237050781967
 31
0.0
 40
96.92494360449686
 41
0.0
 42
26.25399278820454
 43
3.924645945970268
 71
     2
 72
     1
 44
96.92494360449686
 45
18.96351666708113
 73
     0
 74
     0
 46
0.0
  0
MTEXT
  5
19F5
102
{ACAD_XDICTIONARY
360
19F6
102
}
330
1F
100
AcDbEntity
  8
DOOR WINDOW 1 300
 62
     7
440
 33554687
100
AcDbMText
 10
8307.30497816779
 20
4291.438931505856
 30
-0.1786006726848441
 40
9.176687490019999
 41
81.97128491373037
 46
12.847362486028
 71
     1
 72
     5
  1
\pxqc;1 : 100
  7
750 judulskala150)
 73
     1
 44
1.0
1001
AcDbBlockRepETag
1070
     1
1071
       67
1005
0
  0
CIRCLE
  5
19F7
330
1F
100
AcDbEntity
  8
0
 62
     1
100
AcDbCircle
 10
8202.672033952664
 20
4425.783199072628
 30
0.0
 40
13.77958514325497
  0
LINE
  5
19F8
330
1F
100
AcDbEntity
  8
0
 62
     1
100
AcDbLine
 10
8216.451619095918
 20
4425.783199072628
 30
0.0
 11
8225.924643052184
 21
4425.783199072628
 31
0.0
  0
LWPOLYLINE
  5
19F9
330
1F
100
AcDbEntity
  8
0
 62
     1
100
AcDbPolyline
 90
        4
 70
     1
 43
0.0
 10
8196.209041930146
 20
4526.446217374398
 10
8208.594182756275
 20
4526.446217374398
 10
8208.594182756275
 20
4495.508109762091
 10
8196.209041930146
 20
4495.508109762091
  0
LINE
  5
19FA
330
1F
100
AcDbEntity
  8
0
 62
     1
100
AcDbLine
 10
8196.141852580252
 20
4521.746670448109
 30
0.0
 11
8208.52699340638
 21
4521.746670448109
 31
0.0
  0
LINE
  5
19FB
330
1F
100
AcDbEntity
  8
0
 62
     1
100
AcDbLine
 10
8196.209041930146
 20
4499.994479616225
 30
0.0
 11
8208.594182756275
 21
4499.994479616225
 31
0.0
  0
LINE
  5
19FC
330
1F
100
AcDbEntity
  8
0
 62
     1
100
AcDbLine
 10
8202.40161234321
 20
4526.446217374398
 30
0.0
 11
8202.40161234321
 21
4533.040778631893
 31
0.0
  0
LINE
  5
19FD
330
1F
100
AcDbEntity
  8
0
 62
     1
100
AcDbLine
 10
8202.40161234321
 20
4495.508109762091
 30
0.0
 11
8202.40161234321
 21
4489.238053093496
 31
0.0
  0
MTEXT
  5
19FE
330
1F
100
AcDbEntity
  8
0
 62
     1
100
AcDbMText
 10
8226.715720529963
 20
4513.57855741537
 30
-0.1786006726848441
 40
5.379895333780082
 41
133.7823132199292
 46
0.0
 71
     1
 72
     5
  1
\pxqc;FUSE
 73
     1
 44
1.0
101
Embedded Object
 70
     1
 10
1.0
 20
0.0
 30
0.0
 11
8226.715720529963
 21
4513.57855741537
 31
-0.1786006726848441
 40
133.7823132199292
 41
0.0
 42
19.02413193063843
 43
5.563384260580221
 71
     2
 72
     1
 44
133.7823132199292
 45
26.89947666890041
 73
     0
 74
     0
 46
0.0
  0
LWPOLYLINE
  5
19FF
330
1F
100
AcDbEntity
  8
0
 62
     1
100
AcDbPolyline
 90
        4
 70
     1
 43
0.0
 10
8184.312115881104
 20
4720.250666251396
 10
8224.523874240444
 20
4720.250666251396
 10
8224.523874240444
 20
4691.606515392183
 10
8184.312115881104
 20
4691.606515392183
  0
MTEXT
  5
1A00
330
1F
100
AcDbEntity
  8
0
 62
     1
100
AcDbMText
 10
8187.82299502457
 20
4711.993258669326
 30
0.0
 40
10.67186978431043
 41
34.95193808183051
 46
0.0
 71
     1
 72
     5
  1
\pxqc;REG
 73
     1
 44
1.0
101
Embedded Object
 70
     1
 10
1.0
 20
0.0
 30
0.0
 11
8187.82299502457
 21
4711.993258669326
 31
0.0
 40
34.95193808183051
 41
0.0
 42
30.20299299802455
 43
11.03584897204271
 71
     2
 72
     1
 44
34.95193808183051
 45
53.35934892155216
 73
     0
 74
     0
 46
0.0
  0
LWPOLYLINE
  5
1A01
330
1F
100
AcDbEntity
  8
0
 62
     1
100
AcDbPolyline
 90
        4
 70
     1
 43
0.0
 10
8188.363675998456
 20
4388.661579227726
 10
8232.430728134728
 20
4388.661579227726
 10
8232.430728134728
 20
4357.271176499437
 10
8188.363675998456
 20
4357.271176499437
  0
MTEXT
  5
1A02
330
1F
100
AcDbEntity
  8
0
 62
     1
100
AcDbMText
 10
8192.211159932796
 20
4379.612494450637
 30
0.0
 40
11.69503302925137
 41
38.30294770878044
 46
0.0
 71
     1
 72
     5
  1
\pxqc;MM
 73
     1
 44
1.0
101
Embedded Object
 70
     1
 10
1.0
 20
0.0
 30
0.0
 11
8192.211159932796
 21
4379.612494450637
 31
0.0
 40
38.30294770878044
 41
0.0
 42
24.77017568610198
 43
11.69503302925137
 71
     2
 72
     1
 44
38.30294770878044
 45
58.47516514625684
 73
     0
 74
     0
 46
0.0
  0
LWPOLYLINE
  5
1A03
330
1F
100
AcDbEntity
  8
0
 62
     1
100
AcDbPolyline
 90
        4
 70
     1
 43
0.0
 10
8183.21165456631
 20
4763.254206275559
 10
8225.371744980993
 20
4763.254206275559
 10
8225.371744980993
 20
4733.222194760803
 10
8183.21165456631
 20
4733.222194760803
  0
MTEXT
  5
1A04
330
1F
100
AcDbEntity
  8
0
 62
     1
100
AcDbMText
 10
8186.892642122257
 20
4754.596712436572
 30
0.0
 40
11.18894107986116
 41
36.64542237945107
 46
0.0
 71
     1
 72
     5
  1
\pxqc;PR
 73
     1
 44
1.0
101
Embedded Object
 70
     1
 10
1.0
 20
0.0
 30
0.0
 11
8186.892642122257
 21
4754.596712436572
 31
0.0
 40
36.64542237945107
 41
0.0
 42
20.30953084141239
 43
11.18894107986116
 71
     2
 72
     1
 44
36.64542237945107
 45
55.94470539930583
 73
     0
 74
     0
 46
0.0
  0
LINE
  5
1A05
330
1F
100
AcDbEntity
  8
0
 62
     1
370
    50
100
AcDbLine
 10
8193.62171996676
 20
4474.99079186667
 30
0.0
 11
8196.588311448776
 21
4472.024200384651
 31
0.0
  0
LINE
  5
1A06
330
1F
100
AcDbEntity
  8
0
 62
     1
370
    50
100
AcDbLine
 10
8193.62171996676
 20
4472.024200384651
 30
0.0
 11
8196.588311448776
 21
4474.99079186667
 31
0.0
  0
LINE
  5
1A07
330
1F
100
AcDbEntity
  8
0
 62
     1
370
    50
100
AcDbLine
 10
8205.488085894842
 20
4473.507496125663
 30
0.0
 11
8197.038058874204
 21
4477.447808437004
 31
0.0
  0
LINE
  5
1A08
330
1F
100
AcDbEntity
  8
0
 62
     1
100
AcDbLine
 10
8205.488085894842
 20
4473.507496125663
 30
0.0
 11
8209.07064473573
 21
4473.507496125663
 31
0.0
  0
LINE
  5
1A09
330
1F
100
AcDbEntity
  8
0
 62
     1
100
AcDbLine
 10
8209.07064473573
 20
4473.507496125663
 30
0.0
 11
8209.07064473573
 21
4455.491178398136
 31
0.0
  0
LWPOLYLINE
  5
1A0A
330
1F
100
AcDbEntity
  8
0
 62
     1
100
AcDbPolyline
 90
        2
 70
     0
 43
0.0
 10
8212.636816237589
 20
4455.461358402463
 10
8205.504473233876
 20
4455.520998393811
  0
LINE
  5
1A0B
330
1F
100
AcDbEntity
  8
0
 62
     1
100
AcDbLine
 10
8207.503871848224
 20
4451.990080461889
 30
0.0
 11
8210.597872540093
 21
4451.990080461889
 31
0.0
  0
LINE
  5
1A0C
330
1F
100
AcDbEntity
  8
0
 62
     1
100
AcDbLine
 10
8206.520764292651
 20
4453.724472680316
 30
0.0
 11
8211.618026496676
 21
4453.724472680316
 31
0.0
  0
LINE
  5
1A0D
330
1F
100
AcDbEntity
  8
0
 62
     1
100
AcDbLine
 10
8206.114931652665
 20
4776.381525431576
 30
0.0
 11
8200.184258133289
 21
4786.897621853216
 31
0.0
  0
LINE
  5
1A0E
330
1F
100
AcDbEntity
  8
0
 62
     1
100
AcDbLine
 10
8200.184258133289
 20
4786.897621853216
 30
0.0
 11
8211.75955382646
 21
4786.897621853216
 31
0.0
  0
LINE
  5
1A0F
330
1F
100
AcDbEntity
  8
0
 62
     1
100
AcDbLine
 10
8211.75955382646
 20
4786.897621853216
 30
0.0
 11
8206.114931652665
 21
4776.381525431576
 31
0.0
  0
LWPOLYLINE
  5
1A10
330
1F
100
AcDbEntity
  8
Area_Boundary
 62
     1
370
     9
100
AcDbPolyline
 90
        2
 70
     0
 43
0.0
 10
8209.316336651012
 20
4782.233425230797
 10
8219.123986807328
 20
4782.233425230797
  0
LWPOLYLINE
  5
1A11
330
1F
100
AcDbEntity
  8
Area_Boundary
 62
     1
370
     9
100
AcDbPolyline
 90
        2
 70
     0
 43
0.0
 10
8192.155402611243
 20
4782.233425230797
 10
8202.699071250881
 20
4782.233425230797
  0
MTEXT
  5
1A12
330
1F
100
AcDbEntity
  8
0
 62
     1
100
AcDbMText
 10
8239.857839593577
 20
4784.988686053841
 30
-0.1786006726848441
 40
5.379895333780082
 41
133.7823132199292
 46
0.0
 71
     1
 72
     5
  1
\pxqc;MECHANICAL INTERLOCK
 73
     1
 44
1.0
101
Embedded Object
 70
     1
 10
1.0
 20
0.0
 30
0.0
 11
8239.857839593577
 21
4784.988686053841
 31
-0.1786006726848441
 40
133.7823132199292
 41
0.0
 42
93.80687893730316
 43
5.567054039116224
 71
     2
 72
     1
 44
133.7823132199292
 45
26.89947666890041
 73
     0
 74
     0
 46
0.0
  0
MTEXT
  5
1A13
330
1F
100
AcDbEntity
  8
0
 62
     1
100
AcDbMText
 10
8237.076535128158
 20
4746.528279827644
 30
-0.1786006726848441
 40
5.379895333780082
 41
133.7823132199292
 46
0.0
 71
     1
 72
     5
  1
\pxqc;POWER FACTOR REGULATOR
 73
     1
 44
1.0
101
Embedded Object
 70
     1
 10
1.0
 20
0.0
 30
0.0
 11
8237.076535128158
 21
4746.528279827644
 31
-0.1786006726848441
 40
133.7823132199292
 41
0.0
 42
109.5612381923631
 43
5.567054039116224
 71
     2
 72
     1
 44
133.7823132199292
 45
26.89947666890041
 73
     0
 74
     0
 46
0.0
  0
MTEXT
  5
1A14
330
1F
100
AcDbEntity
  8
0
 62
     1
100
AcDbMText
 10
8233.018817650131
 20
4709.357591348587
 30
-0.1786006726848441
 40
5.379895333780082
 41
133.7823132199292
 46
0.0
 71
     1
 72
     5
  1
\pxqc;REGULATOR
 73
     1
 44
1.0
101
Embedded Object
 70
     1
 10
1.0
 20
0.0
 30
0.0
 11
8233.018817650131
 21
4709.357591348587
 31
-0.1786006726848441
 40
133.7823132199292
 41
0.0
 42
46.08507885512297
 43
5.567054039116224
 71
     2
 72
     1
 44
133.7823132199292
 45
26.89947666890041
 73
     0
 74
     0
 46
0.0
  0
LINE
  5
1A1B
330
1F
100
AcDbEntity
  8
0
100
AcDbLine
 10
2038.479475478056
 20
1336.708397373931
 30
0.0
 11
2022.429824943195
 21
1336.708397373931
 31
0.0
  0
LWPOLYLINE
  5
1A2C
330
1F
100
AcDbEntity
  8
0
100
AcDbPolyline
 90
        4
 70
     1
 43
0.0
 10
2004.240622439817
 20
1138.304153539215
 10
2074.099726322773
 20
1138.304153539215
 10
2074.099726322773
 20
1208.163257422171
 10
2004.240622439817
 20
1208.163257422171
  0
MTEXT
  5
1A34
330
1F
100
AcDbEntity
  8
0
100
AcDbMText
 10
2005.263427192555
 20
1174.868090786749
 30
0.0
 40
5.467340309529101
 41
67.71548461786784
 46
0.0
 71
     1
 72
     5
  1
\pxqc;Panel MDP
 73
     1
 44
1.0
101
Embedded Object
 70
     1
 10
1.0
 20
0.0
 30
0.0
 11
2005.263427192555
 21
1174.868090786749
 31
0.0
 40
67.71548461786784
 41
0.0
 42
37.70823865596778
 43
5.556846562891106
 71
     2
 72
     1
 44
67.71548461786784
 45
27.33670154764551
 73
     0
 74
     0
 46
0.0
  0
ENDSEC
  0
SECTION
  2
OBJECTS
  0
DICTIONARY
  5
C
330
0
100
AcDbDictionary
281
     1
  3
ACAD_CIP_PREVIOUS_PRODUCT_INFO
350
1A5
  3
ACAD_COLOR
350
73
  3
ACAD_DETAILVIEWSTYLE
350
1AB
  3
ACAD_GROUP
350
D
  3
ACAD_LAST_SAVED_VERSION_INFO
350
251
  3
ACAD_LAYOUT
350
1A
  3
ACAD_MATERIAL
350
72
  3
ACAD_MLEADERSTYLE
350
D7
  3
ACAD_MLINESTYLE
350
17
  3
ACAD_PLOTSETTINGS
350
19
  3
ACAD_PLOTSTYLENAME
350
E
  3
ACAD_SCALELIST
350
B6
  3
ACAD_SECTIONVIEWSTYLE
350
1A8
  3
ACAD_TABLESTYLE
350
86
  3
ACAD_VISUALSTYLE
350
99
  3
ACDB_RECOMPOSE_DATA
350
1AC3
  3
AcDbVariableDictionary
350
66
  0
DICTIONARY
  5
18E
330
2
100
AcDbDictionary
280
     1
281
     1
  3
ACAD_LAYERSTATES
360
18F
  0
DICTIONARY
  5
E6
330
10
100
AcDbDictionary
280
     1
281
     1
  0
DICTIONARY
  5
15D
330
1F
100
AcDbDictionary
280
     1
281
     1
  3
ACAD_SORTENTS
360
505
  0
DICTIONARY
  5
356
330
354
100
AcDbDictionary
280
     1
281
     1
  0
DICTIONARY
  5
375
330
373
100
AcDbDictionary
280
     1
281
     1
  0
DICTIONARY
  5
413
330
411
100
AcDbDictionary
280
     1
281
     1
  0
DICTIONARY
  5
E8F
330
E8E
100
AcDbDictionary
280
     1
281
     1
  0
DICTIONARY
  5
E91
330
E90
100
AcDbDictionary
280
     1
281
     1
  0
DICTIONARY
  5
E94
330
E93
100
AcDbDictionary
280
     1
281
     1
  0
DICTIONARY
  5
122E
330
122D
100
AcDbDictionary
280
     1
281
     1
  0
DICTIONARY
  5
19E5
330
19E4
100
AcDbDictionary
280
     1
281
     1
  0
DICTIONARY
  5
19E7
330
19E6
100
AcDbDictionary
280
     1
281
     1
  0
DICTIONARY
  5
19EA
330
19E9
100
AcDbDictionary
280
     1
281
     1
  0
DICTIONARY
  5
19F6
330
19F5
100
AcDbDictionary
280
     1
281
     1
  0
XRECORD
  5
1A5
102
{ACAD_REACTORS
330
C
102
}
330
C
100
AcDbXrecord
280
     1
300

300

300

  0
DICTIONARY
  5
73
102
{ACAD_REACTORS
330
C
102
}
330
C
100
AcDbDictionary
281
     1
  0
DICTIONARY
  5
1AB
102
{ACAD_REACTORS
330
C
102
}
330
C
100
AcDbDictionary
281
     1
  3
Imperial24
350
1AC
  0
DICTIONARY
  5
D
102
{ACAD_REACTORS
330
C
102
}
330
C
100
AcDbDictionary
281
     1
  3
*A1
350
349
  3
*A10
350
779
  3
*A11
350
77A
  3
*A12
350
1288
  3
*A13
350
77E
  3
*A14
350
84A
  3
*A15
350
1291
  3
*A16
350
3C8
  3
*A17
350
1295
  3
*A18
350
442
  3
*A19
350
12A8
  3
*A2
350
4EB
  3
*A20
350
4F1
  3
*A21
350
1270
  3
*A22
350
1276
  3
*A23
350
586
  3
*A24
350
1281
  3
*A25
350
1284
  3
*A26
350
34F
  3
*A27
350
698
  3
*A3
350
587
  3
*A4
350
1285
  3
*A5
350
389
  3
*A6
350
764
  3
*A7
350
768
  3
*A8
350
76B
  3
*A9
350
778
  0
XRECORD
  5
251
102
{ACAD_REACTORS
330
C
102
}
330
C
100
AcDbXrecord
280
     1
300
{76080FC4-C162-8040-AEF9-4BFFA969D16C}
301
{0FBBE061-3061-E74D-97C6-4EFBEC32ED96}
302
{76080FC4-C162-8040-AEF9-4BFFA969D16C}
303
C:\Users\ACER\Documents\Portofolio Electrical Engineer_Ahmad Farel Desadvi Akbar\Grid Utility to MDP Connection IEC 60617 Standard_Ahmad Farel Desadvi Akbar.dwg
  0
DICTIONARY
  5
1A
102
{ACAD_REACTORS
330
C
102
}
330
C
100
AcDbDictionary
281
     1
  3
Layout1
350
59
  3
Layout2
350
5E
  3
Model
350
22
  0
DICTIONARY
  5
72
102
{ACAD_REACTORS
330
C
102
}
330
C
100
AcDbDictionary
281
     1
  3
ByBlock
350
97
  3
ByLayer
350
96
  3
Global
350
98
  0
DICTIONARY
  5
D7
102
{ACAD_REACTORS
330
C
102
}
330
C
100
AcDbDictionary
281
     1
  3
Annotative
350
E5
  3
Standard
350
D8
  0
DICTIONARY
  5
17
102
{ACAD_REACTORS
330
C
102
}
330
C
100
AcDbDictionary
281
     1
  3
Standard
350
18
  0
DICTIONARY
  5
19
102
{ACAD_REACTORS
330
C
102
}
330
C
100
AcDbDictionary
281
     1
  0
ACDBDICTIONARYWDFLT
  5
E
102
{ACAD_REACTORS
330
C
102
}
330
C
100
AcDbDictionary
281
     1
  3
Normal
350
F
100
AcDbDictionaryWithDefault
340
F
  0
DICTIONARY
  5
B6
102
{ACAD_REACTORS
330
C
102
}
330
C
100
AcDbDictionary
281
     1
  3
A0
350
B7
  3
A1
350
124
  3
A2
350
125
  3
A3
350
126
  3
A4
350
127
  3
A5
350
128
  3
A6
350
129
  3
A7
350
12A
  3
A8
350
12B
  3
A9
350
12C
  3
B0
350
12D
  3
B1
350
12E
  3
B2
350
12F
  3
B3
350
130
  3
B4
350
131
  3
B5
350
132
  3
B6
350
133
  3
B7
350
134
  3
B8
350
135
  3
B9
350
136
  3
C0
350
137
  3
C1
350
138
  3
C2
350
139
  3
C3
350
13A
  3
C4
350
13B
  3
C5
350
13C
  3
C6
350
13D
  3
C7
350
13E
  3
C8
350
13F
  3
C9
350
140
  3
D0
350
141
  3
D1
350
142
  3
D2
350
143
  0
DICTIONARY
  5
1A8
102
{ACAD_REACTORS
330
C
102
}
330
C
100
AcDbDictionary
281
     1
  3
Imperial24
350
1AA
  0
DICTIONARY
  5
86
102
{ACAD_REACTORS
330
C
102
}
330
C
100
AcDbDictionary
281
     1
  3
Standard
350
87
  0
DICTIONARY
  5
99
102
{ACAD_REACTORS
330
C
102
}
330
C
100
AcDbDictionary
281
     1
  3
2dWireframe
350
9F
  3
Basic
350
9E
  3
Brighten
350
A5
  3
ColorChange
350
A9
  3
Conceptual
350
A2
  3
Dim
350
A4
  3
EdgeColorOff
350
175
  3
Facepattern
350
A8
  3
Flat
350
9A
  3
FlatWithEdges
350
9B
  3
Gouraud
350
9C
  3
GouraudWithEdges
350
9D
  3
Hidden
350
A1
  3
JitterOff
350
173
  3
Linepattern
350
A7
  3
OverhangOff
350
174
  3
Realistic
350
A3
  3
Shaded
350
182
  3
Shaded with edges
350
181
  3
Shades of Gray
350
17E
  3
Sketchy
350
17F
  3
Thicken
350
A6
  3
Wireframe
350
A0
  3
X-Ray
350
180
  0
XRECORD
  5
1AC3
102
{ACAD_REACTORS
330
C
102
}
330
C
100
AcDbXrecord
280
     1
 90
        1
330
87
  0
DICTIONARY
  5
66
102
{ACAD_REACTORS
330
C
102
}
330
C
100
AcDbDictionary
281
     1
  3
CANNOSCALE
350
F0
  3
CMLEADERSTYLE
350
EF
  3
CTABLESTYLE
350
89
  3
CVIEWDETAILSTYLE
350
1B7
  3
CVIEWSECTIONSTYLE
350
1B8
  3
DIMASSOC
350
67
  3
HIDETEXT
350
6B
  3
HPCOLOR
350
504
  3
HPTRANSPARENCY
350
508
  3
LAYEREVAL
350
14D
  3
LAYERNOTIFY
350
14E
  0
DICTIONARY
  5
18F
102
{ACAD_REACTORS
330
18E
102
}
330
18E
100
AcDbDictionary
281
     1
  0
SORTENTSTABLE
  5
505
102
{ACAD_REACTORS
330
15D
102
}
330
15D
100
AcDbSortentsTable
330
1F
331
2CA
  5
2CC
331
2CB
  5
2CD
331
2CC
  5
2CE
331
2CD
  5
2D2
331
2CE
  5
2D3
331
2D2
  5
2D4
331
2D3
  5
2D5
331
2D4
  5
300
331
2D5
  5
301
331
300
  5
302
331
301
  5
304
331
302
  5
33A
331
304
  5
33B
331
33A
  5
33C
331
33B
  5
33D
331
33C
  5
33E
331
33D
  5
33F
331
33E
  5
346
331
33F
  5
347
331
346
  5
348
331
347
  5
34A
331
348
  5
34B
331
34A
  5
34C
331
34B
  5
34D
331
34C
  5
34E
331
34D
  5
350
331
34E
  5
351
331
350
  5
353
331
351
  5
362
331
353
  5
364
331
362
  5
365
331
364
  5
366
331
365
  5
367
331
366
  5
368
331
367
  5
369
331
368
  5
36A
331
369
  5
370
331
36A
  5
371
331
370
  5
372
331
371
  5
378
331
372
  5
379
331
378
  5
381
331
379
  5
388
331
381
  5
38A
331
388
  5
38B
331
38A
  5
392
331
38B
  5
393
331
392
  5
394
331
393
  5
395
331
394
  5
396
331
395
  5
397
331
396
  5
398
331
397
  5
39A
331
398
  5
39B
331
399
  5
39D
331
39A
  5
39E
331
39B
  5
39F
331
39D
  5
3A0
331
39E
  5
3A1
331
39F
  5
3A2
331
3A0
  5
3A3
331
3A1
  5
3A5
331
3A2
  5
3A6
331
3A3
  5
3A7
331
3A4
  5
3A8
331
3A5
  5
3A9
331
3A6
  5
3AA
331
3A7
  5
3AB
331
3A8
  5
3AC
331
3A9
  5
3AD
331
3AA
  5
3AE
331
3AB
  5
3AF
331
3AC
  5
3B1
331
3AD
  5
3B2
331
3AE
  5
3B3
331
3AF
  5
3BA
331
3B1
  5
3C1
331
3B2
  5
3C2
331
3B3
  5
3C4
331
3BA
  5
3C5
331
3C1
  5
3C6
331
3C2
  5
3C7
331
3C4
  5
3C9
331
3C5
  5
3CA
331
3C6
  5
3D1
331
3C7
  5
3D8
331
3C9
  5
3DF
331
3CA
  5
3E6
331
3D1
  5
3ED
331
3D8
  5
3F4
331
3DF
  5
3FB
331
3E6
  5
402
331
3ED
  5
40D
331
3F4
  5
40F
331
3FB
  5
410
331
402
  5
41C
331
40D
  5
423
331
40F
  5
42C
331
410
  5
42D
331
41C
  5
42E
331
423
  5
42F
331
42C
  5
430
331
42D
  5
431
331
42E
  5
432
331
42F
  5
433
331
430
  5
434
331
431
  5
435
331
432
  5
436
331
433
  5
437
331
434
  5
438
331
435
  5
439
331
436
  5
43A
331
437
  5
43B
331
438
  5
43C
331
439
  5
43D
331
43A
  5
43E
331
43B
  5
43F
331
43C
  5
440
331
43D
  5
441
331
43E
  5
443
331
43F
  5
44A
331
440
  5
44B
331
441
  5
452
331
443
  5
459
331
44A
  5
45A
331
44B
  5
45B
331
452
  5
45C
331
459
  5
45D
331
45A
  5
45E
331
45B
  5
45F
331
45C
  5
460
331
45D
  5
461
331
45E
  5
462
331
45F
  5
464
331
460
  5
465
331
461
  5
466
331
462
  5
467
331
464
  5
46B
331
465
  5
46E
331
466
  5
46F
331
467
  5
471
331
46B
  5
472
331
46F
  5
473
331
470
  5
474
331
471
  5
475
331
472
  5
47C
331
473
  5
47E
331
474
  5
47F
331
475
  5
487
331
47C
  5
488
331
47E
  5
48F
331
47F
  5
496
331
487
  5
49D
331
488
  5
4A4
331
48F
  5
4AB
331
496
  5
4AC
331
49D
  5
4B3
331
4A4
  5
4C9
331
4AB
  5
4CA
331
4AC
  5
4CB
331
4B3
  5
4CD
331
4C9
  5
4CE
331
4CA
  5
4CF
331
4CB
  5
4D1
331
4CD
  5
4D2
331
4CE
  5
4D3
331
4CF
  5
4D4
331
4D1
  5
4D5
331
4D2
  5
4D6
331
4D3
  5
4D7
331
4D4
  5
4D8
331
4D5
  5
4D9
331
4D6
  5
4DA
331
4D7
  5
4DB
331
4D8
  5
4DC
331
4D9
  5
4DD
331
4DA
  5
4DE
331
4DB
  5
4E7
331
4DC
  5
4E8
331
4DD
  5
4E9
331
4DE
  5
4EA
331
4E7
  5
4EC
331
4E8
  5
4ED
331
4E9
  5
4EE
331
4EA
  5
4EF
331
4EC
  5
4F0
331
4ED
  5
4F2
331
4EE
  5
4F3
331
4EF
  5
4F4
331
4F0
  5
4F5
331
4F2
  5
4F6
331
4F3
  5
4F7
331
4F4
  5
4F8
331
4F5
  5
4F9
331
4F6
  5
503
331
4F7
  5
506
331
4F8
  5
50B
331
4F9
  5
50C
331
501
  5
50E
331
50A
  5
50D
331
50B
  5
516
331
50C
  5
51E
331
50D
  5
526
331
50E
  5
527
331
516
  5
528
331
51E
  5
529
331
526
  5
52A
331
527
  5
52B
331
528
  5
52C
331
529
  5
531
331
52A
  5
532
331
52B
  5
533
331
52C
  5
53B
331
531
  5
54B
331
532
  5
54D
331
533
  5
54E
331
53B
  5
54F
331
54A
  5
550
331
54B
  5
551
331
54C
  5
552
331
54D
  5
553
331
54E
  5
554
331
54F
  5
555
331
550
  5
556
331
551
  5
557
331
552
  5
558
331
553
  5
559
331
554
  5
55A
331
555
  5
55B
331
556
  5
55C
331
557
  5
55D
331
558
  5
55E
331
559
  5
55F
331
55A
  5
560
331
55B
  5
561
331
55C
  5
562
331
55D
  5
563
331
55E
  5
564
331
55F
  5
565
331
560
  5
566
331
561
  5
567
331
562
  5
568
331
563
  5
569
331
564
  5
56A
331
565
  5
56B
331
566
  5
56C
331
567
  5
56D
331
568
  5
56E
331
569
  5
56F
331
56A
  5
570
331
56B
  5
571
331
56C
  5
572
331
56D
  5
573
331
56E
  5
574
331
56F
  5
575
331
570
  5
576
331
571
  5
577
331
572
  5
578
331
573
  5
579
331
574
  5
57A
331
575
  5
57B
331
576
  5
580
331
577
  5
588
331
578
  5
589
331
579
  5
58A
331
57A
  5
58B
331
580
  5
58D
331
5C3
  5
5E0
331
5C4
  5
5E8
331
5CC
  5
5E9
331
5D4
  5
5EA
331
5DD
  5
5EC
331
5DF
  5
5F7
331
5E0
  5
5F9
331
5E8
  5
5FA
331
5F9
  5
603
331
5FA
  5
608
331
5FB
  5
609
331
5FC
  5
60A
331
5FD
  5
60B
331
5FE
  5
611
331
5FF
  5
612
331
600
  5
613
331
607
  5
60C
331
6F0
  5
706
331
716
  5
71E
331
72B
  5
73E
331
734
  5
740
331
737
  5
741
331
738
  5
742
331
73B
  5
743
331
73C
  5
744
331
73D
  5
745
331
73E
  5
746
331
73F
  5
747
331
740
  5
74A
331
741
  5
74B
331
742
  5
74C
331
743
  5
74D
331
744
  5
74E
331
745
  5
74F
331
746
  5
750
331
747
  5
751
331
74A
  5
752
331
74B
  5
753
331
74C
  5
754
331
74D
  5
755
331
74E
  5
756
331
74F
  5
757
331
750
  5
758
331
751
  5
759
331
752
  5
75A
331
753
  5
75B
331
754
  5
75C
331
755
  5
75D
331
756
  5
75E
331
757
  5
75F
331
758
  5
760
331
759
  5
761
331
75A
  5
762
331
75B
  5
763
331
75C
  5
765
331
75D
  5
766
331
75E
  5
767
331
75F
  5
769
331
760
  5
76A
331
761
  5
76C
331
762
  5
76D
331
763
  5
76E
331
765
  5
76F
331
766
  5
770
331
767
  5
771
331
769
  5
772
331
76A
  5
773
331
76C
  5
774
331
76D
  5
775
331
76E
  5
776
331
76F
  5
777
331
770
  5
77B
331
771
  5
77C
331
772
  5
77D
331
773
  5
77F
331
774
  5
787
331
775
  5
788
331
776
  5
789
331
777
  5
78A
331
77B
  5
78B
331
77C
  5
793
331
77D
  5
79B
331
77F
  5
7A3
331
787
  5
7A4
331
788
  5
7A5
331
789
  5
7A6
331
78A
  5
7AE
331
78B
  5
7B0
331
793
  5
7B1
331
79B
  5
7B2
331
7A3
  5
7B3
331
7A4
  5
7B4
331
7A5
  5
7BC
331
7A6
  5
7C4
331
7AE
  5
7C5
331
7B0
  5
7CD
331
7B1
  5
7D0
331
7B2
  5
7D1
331
7B4
  5
7D3
331
7BC
  5
7D4
331
7C5
  5
7D6
331
7CD
  5
7D7
331
7D0
  5
7D8
331
800
  5
808
331
803
  5
80A
331
804
  5
80C
331
805
  5
80D
331
806
  5
80E
331
807
  5
3A4
331
808
  5
54C
331
809
  5
54A
331
80A
  5
58E
331
80C
  5
80F
331
80D
  5
825
331
80E
  5
399
331
80F
  5
826
331
825
  5
82E
331
826
  5
82F
331
82E
  5
830
331
82F
  5
832
331
830
  5
833
331
832
  5
834
331
833
  5
835
331
834
  5
836
331
835
  5
837
331
836
  5
838
331
837
  5
839
331
838
  5
83A
331
839
  5
83B
331
83A
  5
83C
331
83B
  5
83D
331
83C
  5
83E
331
83D
  5
83F
331
83E
  5
840
331
83F
  5
841
331
840
  5
842
331
841
  5
843
331
842
  5
844
331
843
  5
845
331
844
  5
846
331
845
  5
847
331
846
  5
848
331
847
  5
849
331
848
  5
84B
331
849
  5
856
331
84B
  5
857
331
856
  5
858
331
857
  5
860
331
860
  5
869
331
868
  5
86A
331
869
  5
86B
331
86A
  5
86C
331
86B
  5
875
331
86C
  5
876
331
875
  5
877
331
87F
  5
2CB
  0
ACDBDETAILVIEWSTYLE
  5
1AC
102
{ACAD_REACTORS
330
1AB
102
}
330
1AB
100
AcDbModelDocViewStyle
 70
     0
  3
Imperial24
290
     0
300
Imperial24
 90
        0
100
AcDbDetailViewStyle
 70
     0
 71
     0
 90
        3
 71
     1
340
11
 62
   256
 40
0.24
340
0
 62
   256
 40
0.24
300

 40
0.36
280
     3
 71
     2
340
16
 90
       25
 62
   256
 71
     3
340
11
 62
   256
 40
0.24
 90
        1
 40
0.75
 90
        1
300
%<\AcVar ViewType \f "%tc1">% %<\AcVar ViewDetailId>%\PSCALE %<\AcVar ViewScale \f "%sn">%
 71
     4
340
16
 90
       25
 62
   256
340
16
 90
       25
 62
   256
280
     0
  0
GROUP
  5
349
102
{ACAD_REACTORS
330
D
102
}
330
D
100
AcDbGroup
300

 70
     1
 71
     1
340
348
340
347
340
346
340
33F
340
33E
  0
GROUP
  5
779
102
{ACAD_REACTORS
330
D
102
}
330
D
100
AcDbGroup
300

 70
     1
 71
     1
340
773
340
772
  0
GROUP
  5
77A
102
{ACAD_REACTORS
330
D
102
}
330
D
100
AcDbGroup
300

 70
     1
 71
     1
340
776
340
775
  0
GROUP
  5
1288
102
{ACAD_REACTORS
330
D
102
}
330
D
100
AcDbGroup
300

 70
     1
 71
     1
340
1287
340
1286
  0
GROUP
  5
77E
102
{ACAD_REACTORS
330
D
102
}
330
D
100
AcDbGroup
300

 70
     1
 71
     1
340
77C
340
77D
  0
GROUP
  5
84A
102
{ACAD_REACTORS
330
D
102
}
330
D
100
AcDbGroup
300

 70
     1
 71
     1
340
849
340
848
340
847
340
846
340
845
340
844
  0
GROUP
  5
1291
102
{ACAD_REACTORS
330
D
102
}
330
D
100
AcDbGroup
300

 70
     1
 71
     1
340
1290
340
128F
340
128E
340
128D
340
128C
340
128B
340
128A
340
1289
  0
GROUP
  5
3C8
102
{ACAD_REACTORS
330
D
102
}
330
D
100
AcDbGroup
300

 70
     1
 71
     1
340
3C7
340
3C6
340
3C5
  0
GROUP
  5
1295
102
{ACAD_REACTORS
330
D
102
}
330
D
100
AcDbGroup
300

 70
     1
 71
     1
340
1294
340
1293
340
1292
  0
GROUP
  5
442
102
{ACAD_REACTORS
330
D
102
}
330
D
100
AcDbGroup
300

 70
     1
 71
     1
340
441
340
440
340
43F
  0
GROUP
  5
12A8
102
{ACAD_REACTORS
330
D
102
}
330
D
100
AcDbGroup
300

 70
     1
 71
     1
340
129F
340
1296
340
1294
340
1293
340
1292
  0
GROUP
  5
4EB
102
{ACAD_REACTORS
330
D
102
}
330
D
100
AcDbGroup
300

 70
     1
 71
     1
340
4EA
340
4E9
340
4E8
340
4E7
  0
GROUP
  5
4F1
102
{ACAD_REACTORS
330
D
102
}
330
D
100
AcDbGroup
300

 70
     1
 71
     1
340
4F0
340
4EF
340
4EE
340
4ED
340
4EC
  0
GROUP
  5
1270
102
{ACAD_REACTORS
330
D
102
}
330
D
100
AcDbGroup
300

 70
     1
 71
     1
340
126F
340
126E
  0
GROUP
  5
1276
102
{ACAD_REACTORS
330
D
102
}
330
D
100
AcDbGroup
300

 70
     1
 71
     1
340
1275
340
1274
340
1273
340
1272
340
1271
  0
GROUP
  5
586
102
{ACAD_REACTORS
330
D
102
}
330
D
100
AcDbGroup
300

 70
     1
 71
     1
340
563
340
562
340
561
340
560
  0
GROUP
  5
1281
102
{ACAD_REACTORS
330
D
102
}
330
D
100
AcDbGroup
300

 70
     1
 71
     1
340
127F
340
1280
  0
GROUP
  5
1284
102
{ACAD_REACTORS
330
D
102
}
330
D
100
AcDbGroup
300

 70
     1
 71
     1
340
1283
340
1282
  0
GROUP
  5
34F
102
{ACAD_REACTORS
330
D
102
}
330
D
100
AcDbGroup
300

 70
     1
 71
     1
340
34E
340
34D
340
34C
340
34B
340
34A
  0
GROUP
  5
698
102
{ACAD_REACTORS
330
D
102
}
330
D
100
AcDbGroup
300

 70
     1
 71
     1
340
607
340
5FF
340
5FE
340
600
  0
GROUP
  5
587
102
{ACAD_REACTORS
330
D
102
}
330
D
100
AcDbGroup
300

 70
     1
 71
     1
340
568
340
567
340
566
340
565
340
564
  0
GROUP
  5
1285
102
{ACAD_REACTORS
330
D
102
}
330
D
100
AcDbGroup
300

 70
     1
 71
     1
340
392
340
38B
  0
GROUP
  5
389
102
{ACAD_REACTORS
330
D
102
}
330
D
100
AcDbGroup
300

 70
     1
 71
     1
340
388
340
381
  0
GROUP
  5
764
102
{ACAD_REACTORS
330
D
102
}
330
D
100
AcDbGroup
300

 70
     1
 71
     1
340
763
340
762
  0
GROUP
  5
768
102
{ACAD_REACTORS
330
D
102
}
330
D
100
AcDbGroup
300

 70
     1
 71
     1
340
767
340
766
  0
GROUP
  5
76B
102
{ACAD_REACTORS
330
D
102
}
330
D
100
AcDbGroup
300

 70
     1
 71
     1
340
769
340
767
340
766
340
765
340
763
340
762
340
761
340
760
340
75F
340
75E
340
75D
340
75C
  0
GROUP
  5
778
102
{ACAD_REACTORS
330
D
102
}
330
D
100
AcDbGroup
300

 70
     1
 71
     1
340
777
340
776
340
775
340
774
340
773
340
772
340
771
340
770
340
76F
340
76E
340
76D
340
76C
  0
LAYOUT
  5
59
102
{ACAD_REACTORS
330
1A
102
}
330
1A
100
AcDbPlotSettings
  1

  2
None
  4

  6

 40
0.0
 41
0.0
 42
0.0
 43
0.0
 44
0.0
 45
0.0
 46
0.0
 47
0.0
 48
0.0
 49
0.0
140
0.0
141
0.0
142
1.0
143
1.0
 70
   688
 72
     0
 73
     0
 74
     5
  7

 75
    16
147
1.0
 76
     0
 77
     2
 78
   300
148
0.0
149
0.0
100
AcDbLayout
  1
Layout1
 70
     1
 71
     1
 10
0.0
 20
0.0
 11
12.0
 21
9.0
 12
0.0
 22
0.0
 32
0.0
 14
0.0
 24
0.0
 34
0.0
 15
0.0
 25
0.0
 35
0.0
146
0.0
 13
0.0
 23
0.0
 33
0.0
 16
1.0
 26
0.0
 36
0.0
 17
0.0
 27
1.0
 37
0.0
 76
     0
330
58
  0
LAYOUT
  5
5E
102
{ACAD_REACTORS
330
1A
102
}
330
1A
100
AcDbPlotSettings
  1

  2
None
  4

  6

 40
0.0
 41
0.0
 42
0.0
 43
0.0
 44
0.0
 45
0.0
 46
0.0
 47
0.0
 48
0.0
 49
0.0
140
0.0
141
0.0
142
1.0
143
1.0
 70
   688
 72
     0
 73
     0
 74
     5
  7

 75
    16
147
1.0
 76
     0
 77
     2
 78
   300
148
0.0
149
0.0
100
AcDbLayout
  1
Layout2
 70
     1
 71
     2
 10
0.0
 20
0.0
 11
12.0
 21
9.0
 12
0.0
 22
0.0
 32
0.0
 14
0.0
 24
0.0
 34
0.0
 15
0.0
 25
0.0
 35
0.0
146
0.0
 13
0.0
 23
0.0
 33
0.0
 16
1.0
 26
0.0
 36
0.0
 17
0.0
 27
1.0
 37
0.0
 76
     0
330
5D
  0
LAYOUT
  5
22
102
{ACAD_XDICTIONARY
360
194
102
}
102
{ACAD_REACTORS
330
1A
102
}
330
1A
100
AcDbPlotSettings
  1

  2
none_device
  4
ANSI_A_(8.50_x_11.00_Inches)
  6

 40
6.349999904632568
 41
19.04999923706055
 42
6.350006103515625
 43
19.04998779296875
 44
215.8999938964844
 45
279.3999938964844
 46
0.0
 47
0.0
 48
0.0
 49
0.0
140
0.0
141
0.0
142
1.0
143
2.584895464708373
 70
 11952
 72
     0
 73
     1
 74
     0
  7

 75
     0
147
0.3868628397755418
 76
     0
 77
     2
 78
   300
148
0.0
149
0.0
100
AcDbLayout
  1
Model
 70
     1
 71
     0
 10
0.0
 20
0.0
 11
12.0
 21
9.0
 12
0.0
 22
0.0
 32
0.0
 14
0.0
 24
0.0
 34
0.0
 15
0.0
 25
0.0
 35
0.0
146
0.0
 13
0.0
 23
0.0
 33
0.0
 16
1.0
 26
0.0
 36
0.0
 17
0.0
 27
1.0
 37
0.0
 76
     0
330
1F
331
94
  0
MATERIAL
  5
97
102
{ACAD_XDICTIONARY
360
188
102
}
102
{ACAD_REACTORS
330
72
102
}
330
72
100
AcDbMaterial
  1
ByBlock
 94
       63
  0
MATERIAL
  5
96
102
{ACAD_XDICTIONARY
360
186
102
}
102
{ACAD_REACTORS
330
72
102
}
330
72
100
AcDbMaterial
  1
ByLayer
 94
       63
  0
MATERIAL
  5
98
102
{ACAD_XDICTIONARY
360
110
102
}
102
{ACAD_REACTORS
330
72
102
}
330
72
100
AcDbMaterial
  1
Global
 43
0.0208000000566244
 43
0.0
 43
0.0
 43
0.0
 43
0.0
 43
0.0208000000566244
 43
0.0
 43
0.0
 43
0.0
 43
0.0
 43
1.0
 43
0.0
 43
0.0
 43
0.0
 43
0.0
 43
1.0
 49
0.0208000000566244
 49
0.0
 49
0.0
 49
0.0
 49
0.0
 49
0.0208000000566244
 49
0.0
 49
0.0
 49
0.0
 49
0.0
 49
1.0
 49
0.0
 49
0.0
 49
0.0
 49
0.0
 49
1.0
142
0.0208000000566244
142
0.0
142
0.0
142
0.0
142
0.0
142
0.0208000000566244
142
0.0
142
0.0
142
0.0
142
0.0
142
1.0
142
0.0
142
0.0
142
0.0
142
0.0
142
1.0
144
0.0208000000566244
144
0.0
144
0.0
144
0.0
144
0.0
144
0.0208000000566244
144
0.0
144
0.0
144
0.0
144
0.0
144
1.0
144
0.0
144
0.0
144
0.0
144
0.0
144
1.0
 94
       63
1001
ACAD
1070
    -1
1070
     3
1070
     0
1000

1071
        0
1070
     0
  0
MLEADERSTYLE
  5
E5
102
{ACAD_REACTORS
330
D7
102
}
330
D7
100
AcDbMLeaderStyle
179
     2
170
     2
171
     1
172
     0
 90
        2
 40
0.0
 41
0.0
173
     1
 91
-1056964608
340
14
 92
       -2
290
     1
 42
0.09
291
     1
 43
0.36
  3
Standard
 44
0.18
300

342
11
174
     1
178
     1
175
     1
176
     0
 93
-1056964608
 45
0.18
292
     0
297
     0
 46
0.18
 94
-1056964608
 47
1.0
 49
1.0
140
1.0
293
     1
141
0.0
294
     1
177
     0
142
1.0
295
     0
296
     1
143
0.125
271
     0
272
     9
273
     9
298
     0
  0
MLEADERSTYLE
  5
D8
102
{ACAD_REACTORS
330
D7
102
}
330
D7
100
AcDbMLeaderStyle
179
     2
170
     2
171
     1
172
     0
 90
        2
 40
0.0
 41
0.0
173
     1
 91
-1056964608
340
14
 92
       -2
290
     1
 42
0.09
291
     1
 43
0.36
  3
Standard
 44
0.18
300

342
11
174
     1
178
     1
175
     1
176
     0
 93
-1056964608
 45
0.18
292
     0
297
     0
 46
0.18
 94
-1056964608
 47
1.0
 49
1.0
140
1.0
293
     1
141
0.0
294
     1
177
     0
142
1.0
295
     0
296
     0
143
0.125
271
     0
272
     9
273
     9
298
     0
  0
MLINESTYLE
  5
18
102
{ACAD_REACTORS
330
17
102
}
330
17
100
AcDbMlineStyle
  2
STANDARD
 70
     0
  3

 62
   256
 51
90.0
 52
90.0
 71
     2
 49
0.5
 62
   256
  6
BYLAYER
 49
-0.5
 62
   256
  6
BYLAYER
  0
ACDBPLACEHOLDER
  5
F
102
{ACAD_REACTORS
330
E
102
}
330
E
  0
SCALE
  5
B7
102
{ACAD_REACTORS
330
B6
102
}
330
B6
100
AcDbScale
 70
     0
300
1:1
140
1.0
141
1.0
290
     1
  0
SCALE
  5
124
102
{ACAD_REACTORS
330
B6
102
}
330
B6
100
AcDbScale
 70
     0
300
1:2
140
1.0
141
2.0
290
     0
  0
SCALE
  5
125
102
{ACAD_REACTORS
330
B6
102
}
330
B6
100
AcDbScale
 70
     0
300
1:4
140
1.0
141
4.0
290
     0
  0
SCALE
  5
126
102
{ACAD_REACTORS
330
B6
102
}
330
B6
100
AcDbScale
 70
     0
300
1:5
140
1.0
141
5.0
290
     0
  0
SCALE
  5
127
102
{ACAD_REACTORS
330
B6
102
}
330
B6
100
AcDbScale
 70
     0
300
1:8
140
1.0
141
8.0
290
     0
  0
SCALE
  5
128
102
{ACAD_REACTORS
330
B6
102
}
330
B6
100
AcDbScale
 70
     0
300
1:10
140
1.0
141
10.0
290
     0
  0
SCALE
  5
129
102
{ACAD_REACTORS
330
B6
102
}
330
B6
100
AcDbScale
 70
     0
300
1:16
140
1.0
141
16.0
290
     0
  0
SCALE
  5
12A
102
{ACAD_REACTORS
330
B6
102
}
330
B6
100
AcDbScale
 70
     0
300
1:20
140
1.0
141
20.0
290
     0
  0
SCALE
  5
12B
102
{ACAD_REACTORS
330
B6
102
}
330
B6
100
AcDbScale
 70
     0
300
1:30
140
1.0
141
30.0
290
     0
  0
SCALE
  5
12C
102
{ACAD_REACTORS
330
B6
102
}
330
B6
100
AcDbScale
 70
     0
300
1:40
140
1.0
141
40.0
290
     0
  0
SCALE
  5
12D
102
{ACAD_REACTORS
330
B6
102
}
330
B6
100
AcDbScale
 70
     0
300
1:50
140
1.0
141
50.0
290
     0
  0
SCALE
  5
12E
102
{ACAD_REACTORS
330
B6
102
}
330
B6
100
AcDbScale
 70
     0
300
1:100
140
1.0
141
100.0
290
     0
  0
SCALE
  5
12F
102
{ACAD_REACTORS
330
B6
102
}
330
B6
100
AcDbScale
 70
     0
300
2:1
140
2.0
141
1.0
290
     0
  0
SCALE
  5
130
102
{ACAD_REACTORS
330
B6
102
}
330
B6
100
AcDbScale
 70
     0
300
4:1
140
4.0
141
1.0
290
     0
  0
SCALE
  5
131
102
{ACAD_REACTORS
330
B6
102
}
330
B6
100
AcDbScale
 70
     0
300
8:1
140
8.0
141
1.0
290
     0
  0
SCALE
  5
132
102
{ACAD_REACTORS
330
B6
102
}
330
B6
100
AcDbScale
 70
     0
300
10:1
140
10.0
141
1.0
290
     0
  0
SCALE
  5
133
102
{ACAD_REACTORS
330
B6
102
}
330
B6
100
AcDbScale
 70
     0
300
100:1
140
100.0
141
1.0
290
     0
  0
SCALE
  5
134
102
{ACAD_REACTORS
330
B6
102
}
330
B6
100
AcDbScale
 70
     0
300
1/128" = 1'-0"
140
0.0078125
141
12.0
290
     0
  0
SCALE
  5
135
102
{ACAD_REACTORS
330
B6
102
}
330
B6
100
AcDbScale
 70
     0
300
1/64" = 1'-0"
140
0.015625
141
12.0
290
     0
  0
SCALE
  5
136
102
{ACAD_REACTORS
330
B6
102
}
330
B6
100
AcDbScale
 70
     0
300
1/32" = 1'-0"
140
0.03125
141
12.0
290
     0
  0
SCALE
  5
137
102
{ACAD_REACTORS
330
B6
102
}
330
B6
100
AcDbScale
 70
     0
300
1/16" = 1'-0"
140
0.0625
141
12.0
290
     0
  0
SCALE
  5
138
102
{ACAD_REACTORS
330
B6
102
}
330
B6
100
AcDbScale
 70
     0
300
3/32" = 1'-0"
140
0.09375
141
12.0
290
     0
  0
SCALE
  5
139
102
{ACAD_REACTORS
330
B6
102
}
330
B6
100
AcDbScale
 70
     0
300
1/8" = 1'-0"
140
0.125
141
12.0
290
     0
  0
SCALE
  5
13A
102
{ACAD_REACTORS
330
B6
102
}
330
B6
100
AcDbScale
 70
     0
300
3/16" = 1'-0"
140
0.1875
141
12.0
290
     0
  0
SCALE
  5
13B
102
{ACAD_REACTORS
330
B6
102
}
330
B6
100
AcDbScale
 70
     0
300
1/4" = 1'-0"
140
0.25
141
12.0
290
     0
  0
SCALE
  5
13C
102
{ACAD_REACTORS
330
B6
102
}
330
B6
100
AcDbScale
 70
     0
300
3/8" = 1'-0"
140
0.375
141
12.0
290
     0
  0
SCALE
  5
13D
102
{ACAD_REACTORS
330
B6
102
}
330
B6
100
AcDbScale
 70
     0
300
1/2" = 1'-0"
140
0.5
141
12.0
290
     0
  0
SCALE
  5
13E
102
{ACAD_REACTORS
330
B6
102
}
330
B6
100
AcDbScale
 70
     0
300
3/4" = 1'-0"
140
0.75
141
12.0
290
     0
  0
SCALE
  5
13F
102
{ACAD_REACTORS
330
B6
102
}
330
B6
100
AcDbScale
 70
     0
300
1" = 1'-0"
140
1.0
141
12.0
290
     0
  0
SCALE
  5
140
102
{ACAD_REACTORS
330
B6
102
}
330
B6
100
AcDbScale
 70
     0
300
1-1/2" = 1'-0"
140
1.5
141
12.0
290
     0
  0
SCALE
  5
141
102
{ACAD_REACTORS
330
B6
102
}
330
B6
100
AcDbScale
 70
     0
300
3" = 1'-0"
140
3.0
141
12.0
290
     0
  0
SCALE
  5
142
102
{ACAD_REACTORS
330
B6
102
}
330
B6
100
AcDbScale
 70
     0
300
6" = 1'-0"
140
6.0
141
12.0
290
     0
  0
SCALE
  5
143
102
{ACAD_REACTORS
330
B6
102
}
330
B6
100
AcDbScale
 70
     0
300
1'-0" = 1'-0"
140
12.0
141
12.0
290
     0
  0
ACDBSECTIONVIEWSTYLE
  5
1AA
102
{ACAD_REACTORS
330
1A8
102
}
330
1A8
100
AcDbModelDocViewStyle
 70
     0
  3
Imperial24
290
     0
300
Imperial24
 90
        0
100
AcDbSectionViewStyle
 70
     0
 71
     0
 90
       78
 71
     1
340
11
 62
   256
 40
0.24
340
0
340
0
 62
   256
 40
0.24
300
I, O, Q, S, X, Z
 40
0.48
 90
        3
 40
0.18
 90
        1
 71
     2
340
16
 90
       25
 62
   256
340
16
 90
       50
 62
   256
 40
0.24
 40
0.0
 40
0.24
 71
     3
340
11
 62
   256
 40
0.24
 90
        1
 40
0.75
 90
        1
300
%<\AcVar ViewType \f "%tc1">% %<\AcVar ViewSectionStartId>%-%<\AcVar ViewSectionEndId>%\PSCALE %<\AcVar ViewScale \f "%sn">%
 71
     4
 62
   256
 62
   257
300
ANSI31
 40
1.0
 90
        0
290
     0
290
     0
 90
        6
 40
0.0
 40
1.570796326794896
 40
0.2617993877991494
 40
1.308996938995747
 40
-0.2617993877991494
 40
1.832595714594046
  0
TABLESTYLE
  5
87
102
{ACAD_XDICTIONARY
360
104
102
}
102
{ACAD_REACTORS
330
86
102
}
330
86
100
AcDbTableStyle
280
     0
  3
Standard
 70
     0
 71
     0
 40
0.06
 41
0.06
280
     0
281
     0
  7
Standard
140
0.18
170
     2
 62
     0
 63
     7
283
     0
 90
      512
 91
        0
  1

274
    -2
284
     1
 64
     0
275
    -2
285
     1
 65
     0
276
    -2
286
     1
 66
     0
277
    -2
287
     1
 67
     0
278
    -2
288
     1
 68
     0
279
    -2
289
     1
 69
     0
  7
Standard
140
0.25
170
     5
 62
     0
 63
     7
283
     0
 90
      512
 91
        0
  1

274
    -2
284
     1
 64
     0
275
    -2
285
     1
 65
     0
276
    -2
286
     1
 66
     0
277
    -2
287
     1
 67
     0
278
    -2
288
     1
 68
     0
279
    -2
289
     1
 69
     0
  7
Standard
140
0.18
170
     5
 62
     0
 63
     7
283
     0
 90
      512
 91
        0
  1

274
    -2
284
     1
 64
     0
275
    -2
285
     1
 65
     0
276
    -2
286
     1
 66
     0
277
    -2
287
     1
 67
     0
278
    -2
288
     1
 68
     0
279
    -2
289
     1
 69
     0
  0
VISUALSTYLE
  5
9F
102
{ACAD_REACTORS
330
99
102
}
330
99
100
AcDbVisualStyle
  2
2dWireframe
 70
     4
177
     3
291
     0
 70
    58
 90
        0
176
     1
 90
        2
176
     1
 90
        1
176
     1
 90
        0
176
     1
 40
0.6
176
     1
 40
30.0
176
     1
 62
     7
420
 16777215
176
     1
 90
        1
176
     1
 90
        4
176
     1
 62
     7
176
     1
 62
   257
176
     1
 90
        1
176
     1
 90
        1
176
     1
 40
1.0
176
     1
 90
        0
176
     1
 62
   257
176
     1
 40
1.0
176
     1
 90
        1
176
     1
 90
        6
176
     1
 90
        2
176
     1
 62
     7
176
     1
 90
        5
176
     1
 90
        0
176
     1
 90
        0
176
     1
290
     0
176
     1
 90
        1
176
     1
 40
0.0
176
     1
 90
        0
176
     1
290
     1
176
     1
290
     1
176
     1
290
     0
176
     1
290
     0
176
     1
290
     0
176
     1
290
     0
176
     1
290
     0
176
     1
290
     0
176
     1
290
     0
176
     1
 90
       50
176
     1
 40
0.0
176
     1
 40
1.0
176
     1
 90
        0
176
     1
 62
    18
420
        0
176
     1
 90
       50
176
     1
 90
        3
176
     1
 62
     5
420
      255
176
     1
290
     0
176
     1
 90
       50
176
     1
 90
       50
176
     1
 90
       50
176
     1
290
     0
176
     1
 90
       50
176
     1
 62
   256
176
     0
 40
1.0
176
     0
 90
        2
176
     1
  1
strokes_ogs.tif
176
     1
290
     0
176
     1
 40
1.0
176
     1
 40
1.0
176
     1
  0
VISUALSTYLE
  5
9E
102
{ACAD_REACTORS
330
99
102
}
330
99
100
AcDbVisualStyle
  2
Basic
 70
     7
177
     3
291
     1
 70
    58
 90
        1
176
     1
 90
        0
176
     1
 90
        1
176
     1
 90
        0
176
     1
 40
0.6
176
     1
 40
30.0
176
     1
 62
     7
420
 16777215
176
     1
 90
        0
176
     1
 90
        4
176
     1
 62
     7
176
     1
 62
   257
176
     1
 90
        1
176
     1
 90
        1
176
     1
 40
1.0
176
     1
 90
        8
176
     1
 62
     7
176
     1
 40
1.0
176
     1
 90
        1
176
     1
 90
        6
176
     1
 90
        2
176
     1
 62
     7
176
     1
 90
        5
176
     1
 90
        0
176
     1
 90
        0
176
     1
290
     0
176
     1
 90
        1
176
     1
 40
0.0
176
     1
 90
        0
176
     1
290
     0
176
     1
290
     1
176
     1
290
     1
176
     1
290
     0
176
     1
290
     0
176
     1
290
     0
176
     1
290
     0
176
     1
290
     0
176
     1
290
     0
176
     1
 90
       50
176
     1
 40
0.0
176
     1
 40
1.0
176
     1
 90
        0
176
     1
 62
    18
420
        0
176
     1
 90
       50
176
     1
 90
        3
176
     1
 62
     5
420
      255
176
     1
290
     0
176
     1
 90
       50
176
     1
 90
       50
176
     1
 90
       50
176
     1
290
     0
176
     1
 90
       50
176
     1
 62
   256
176
     0
 40
1.0
176
     0
 90
        2
176
     1
  1
strokes_ogs.tif
176
     1
290
     0
176
     1
 40
1.0
176
     1
 40
1.0
176
     1
  0
VISUALSTYLE
  5
A5
102
{ACAD_REACTORS
330
99
102
}
330
99
100
AcDbVisualStyle
  2
Brighten
 70
    12
177
     3
291
     1
 70
    58
 90
        2
176
     1
 90
        2
176
     1
 90
        1
176
     1
 90
        0
176
     1
 40
0.6
176
     1
 40
30.0
176
     1
 62
     7
420
 16777215
176
     1
 90
        1
176
     1
 90
        4
176
     1
 62
     7
176
     1
 62
   257
176
     1
 90
        1
176
     1
 90
        1
176
     1
 40
1.0
176
     1
 90
        8
176
     1
 62
     7
176
     1
 40
1.0
176
     1
 90
        1
176
     1
 90
        6
176
     1
 90
        2
176
     1
 62
     7
176
     1
 90
        5
176
     1
 90
        0
176
     1
 90
        0
176
     1
290
     0
176
     1
 90
        1
176
     1
 40
50.0
176
     1
 90
        0
176
     1
290
     0
176
     1
290
     1
176
     1
290
     1
176
     1
290
     0
176
     1
290
     0
176
     1
290
     0
176
     1
290
     0
176
     1
290
     0
176
     1
290
     0
176
     1
 90
       50
176
     1
 40
0.0
176
     1
 40
1.0
176
     1
 90
        0
176
     1
 62
    18
420
        0
176
     1
 90
       50
176
     1
 90
        3
176
     1
 62
     5
420
      255
176
     1
290
     0
176
     1
 90
       50
176
     1
 90
       50
176
     1
 90
       50
176
     1
290
     0
176
     1
 90
       50
176
     1
 62
   256
176
     0
 40
1.0
176
     0
 90
        2
176
     1
  1
strokes_ogs.tif
176
     1
290
     0
176
     1
 40
1.0
176
     1
 40
1.0
176
     1
  0
VISUALSTYLE
  5
A9
102
{ACAD_REACTORS
330
99
102
}
330
99
100
AcDbVisualStyle
  2
ColorChange
 70
    16
177
     3
291
     1
 70
    58
 90
        2
176
     1
 90
        2
176
     1
 90
        3
176
     1
 90
        0
176
     1
 40
0.6
176
     1
 40
30.0
176
     1
 62
     8
420
  8421504
176
     1
 90
        1
176
     1
 90
        4
176
     1
 62
     7
176
     1
 62
   257
176
     1
 90
        1
176
     1
 90
        1
176
     1
 40
1.0
176
     1
 90
        8
176
     1
 62
     8
420
  8421504
176
     1
 40
1.0
176
     1
 90
        1
176
     1
 90
        6
176
     1
 90
        2
176
     1
 62
     7
176
     1
 90
        5
176
     1
 90
        0
176
     1
 90
        0
176
     1
290
     0
176
     1
 90
        1
176
     1
 40
0.0
176
     1
 90
        0
176
     1
290
     0
176
     1
290
     1
176
     1
290
     1
176
     1
290
     0
176
     1
290
     0
176
     1
290
     0
176
     1
290
     0
176
     1
290
     0
176
     1
290
     0
176
     1
 90
       50
176
     1
 40
0.0
176
     1
 40
1.0
176
     1
 90
        0
176
     1
 62
    18
420
        0
176
     1
 90
       50
176
     1
 90
        3
176
     1
 62
     5
420
      255
176
     1
290
     0
176
     1
 90
       50
176
     1
 90
       50
176
     1
 90
       50
176
     1
290
     0
176
     1
 90
       50
176
     1
 62
   256
176
     0
 40
1.0
176
     0
 90
        2
176
     1
  1
strokes_ogs.tif
176
     1
290
     0
176
     1
 40
1.0
176
     1
 40
1.0
176
     1
  0
VISUALSTYLE
  5
A2
102
{ACAD_REACTORS
330
99
102
}
330
99
100
AcDbVisualStyle
  2
Conceptual
 70
     9
177
     3
291
     0
 70
    58
 90
        3
176
     1
 90
        2
176
     1
 90
        1
176
     1
 90
        0
176
     1
 40
0.6
176
     1
 40
30.0
176
     1
 62
     7
420
 16777215
176
     1
 90
        2
176
     1
 90
        2
176
     1
 62
     7
176
     1
 62
   257
176
     1
 90
        1
176
     1
 90
        1
176
     1
 40
40.0
176
     1
 90
        8
176
     1
 62
     7
176
     1
 40
1.0
176
     1
 90
        1
176
     1
 90
        6
176
     1
 90
        2
176
     1
 62
     7
176
     1
 90
        3
176
     1
 90
        0
176
     1
 90
        0
176
     1
290
     0
176
     1
 90
        1
176
     1
 40
0.0
176
     1
 90
        0
176
     1
290
     0
176
     1
290
     1
176
     1
290
     1
176
     1
290
     0
176
     1
290
     0
176
     1
290
     0
176
     1
290
     0
176
     1
290
     0
176
     1
290
     0
176
     1
 90
       50
176
     1
 40
0.0
176
     1
 40
1.0
176
     1
 90
        0
176
     1
 62
    18
420
        0
176
     1
 90
       50
176
     1
 90
        3
176
     1
 62
     5
420
      255
176
     1
290
     0
176
     1
 90
       50
176
     1
 90
       50
176
     1
 90
       50
176
     1
290
     0
176
     1
 90
       50
176
     1
 62
   256
176
     0
 40
1.0
176
     0
 90
        2
176
     1
  1
strokes_ogs.tif
176
     1
290
     0
176
     1
 40
1.0
176
     1
 40
1.0
176
     1
  0
VISUALSTYLE
  5
A4
102
{ACAD_REACTORS
330
99
102
}
330
99
100
AcDbVisualStyle
  2
Dim
 70
    11
177
     3
291
     1
 70
    58
 90
        2
176
     1
 90
        2
176
     1
 90
        1
176
     1
 90
        0
176
     1
 40
0.6
176
     1
 40
30.0
176
     1
 62
     7
420
 16777215
176
     1
 90
        1
176
     1
 90
        4
176
     1
 62
     7
176
     1
 62
   257
176
     1
 90
        1
176
     1
 90
        1
176
     1
 40
1.0
176
     1
 90
        8
176
     1
 62
     7
176
     1
 40
1.0
176
     1
 90
        1
176
     1
 90
        6
176
     1
 90
        2
176
     1
 62
     7
176
     1
 90
        5
176
     1
 90
        0
176
     1
 90
        0
176
     1
290
     0
176
     1
 90
        1
176
     1
 40
-50.0
176
     1
 90
        0
176
     1
290
     0
176
     1
290
     1
176
     1
290
     1
176
     1
290
     0
176
     1
290
     0
176
     1
290
     0
176
     1
290
     0
176
     1
290
     0
176
     1
290
     0
176
     1
 90
       50
176
     1
 40
0.0
176
     1
 40
1.0
176
     1
 90
        0
176
     1
 62
    18
420
        0
176
     1
 90
       50
176
     1
 90
        3
176
     1
 62
     5
420
      255
176
     1
290
     0
176
     1
 90
       50
176
     1
 90
       50
176
     1
 90
       50
176
     1
290
     0
176
     1
 90
       50
176
     1
 62
   256
176
     0
 40
1.0
176
     0
 90
        2
176
     1
  1
strokes_ogs.tif
176
     1
290
     0
176
     1
 40
1.0
176
     1
 40
1.0
176
     1
  0
VISUALSTYLE
  5
175
102
{ACAD_REACTORS
330
99
102
}
330
99
100
AcDbVisualStyle
  2
EdgeColorOff
 70
    22
177
     3
291
     1
 70
    58
 90
        2
176
     0
 90
        2
176
     0
 90
        0
176
     0
 90
        0
176
     0
 40
0.6
176
     0
 40
30.0
176
     0
 62
     7
420
 16777215
176
     0
 90
        1
176
     0
 90
        4
176
     0
 62
     7
176
     0
 62
   257
176
     0
 90
        1
176
     0
 90
        1
176
     0
 40
1.0
176
     0
 90
        8
176
     2
 62
     7
176
     0
 40
1.0
176
     0
 90
        1
176
     0
 90
        6
176
     0
 90
        2
176
     0
 62
     7
176
     0
 90
        5
176
     0
 90
        0
176
     0
 90
        0
176
     0
290
     0
176
     0
 90
        1
176
     0
 40
0.0
176
     0
 90
        0
176
     0
290
     0
176
     1
290
     1
176
     1
290
     1
176
     1
290
     0
176
     1
290
     0
176
     1
290
     0
176
     1
290
     0
176
     1
290
     0
176
     1
290
     0
176
     1
 90
       50
176
     1
 40
0.0
176
     1
 40
1.0
176
     1
 90
        0
176
     1
 62
    18
420
        0
176
     1
 90
       50
176
     1
 90
        3
176
     1
 62
     5
420
      255
176
     1
290
     0
176
     1
 90
       50
176
     1
 90
       50
176
     1
 90
       50
176
     1
290
     0
176
     1
 90
       50
176
     1
 62
   256
176
     0
 40
1.0
176
     0
 90
        2
176
     1
  1
strokes_ogs.tif
176
     1
290
     0
176
     1
 40
1.0
176
     1
 40
1.0
176
     1
  0
VISUALSTYLE
  5
A8
102
{ACAD_REACTORS
330
99
102
}
330
99
100
AcDbVisualStyle
  2
Facepattern
 70
    15
177
     3
291
     1
 70
    58
 90
        2
176
     1
 90
        2
176
     1
 90
        1
176
     1
 90
        0
176
     1
 40
0.6
176
     1
 40
30.0
176
     1
 62
     7
420
 16777215
176
     1
 90
        1
176
     1
 90
        4
176
     1
 62
     7
176
     1
 62
   257
176
     1
 90
        1
176
     1
 90
        1
176
     1
 40
1.0
176
     1
 90
        8
176
     1
 62
     7
176
     1
 40
1.0
176
     1
 90
        1
176
     1
 90
        6
176
     1
 90
        2
176
     1
 62
     7
176
     1
 90
        5
176
     1
 90
        0
176
     1
 90
        0
176
     1
290
     0
176
     1
 90
        1
176
     1
 40
0.0
176
     1
 90
        0
176
     1
290
     0
176
     1
290
     1
176
     1
290
     1
176
     1
290
     0
176
     1
290
     0
176
     1
290
     0
176
     1
290
     0
176
     1
290
     0
176
     1
290
     0
176
     1
 90
       50
176
     1
 40
0.0
176
     1
 40
1.0
176
     1
 90
        0
176
     1
 62
    18
420
        0
176
     1
 90
       50
176
     1
 90
        3
176
     1
 62
     5
420
      255
176
     1
290
     0
176
     1
 90
       50
176
     1
 90
       50
176
     1
 90
       50
176
     1
290
     0
176
     1
 90
       50
176
     1
 62
   256
176
     0
 40
1.0
176
     0
 90
        2
176
     1
  1
strokes_ogs.tif
176
     1
290
     0
176
     1
 40
1.0
176
     1
 40
1.0
176
     1
  0
VISUALSTYLE
  5
9A
102
{ACAD_REACTORS
330
99
102
}
330
99
100
AcDbVisualStyle
  2
Flat
 70
     0
177
     3
291
     1
 70
    58
 90
        2
176
     1
 90
        1
176
     1
 90
        1
176
     1
 90
        2
176
     1
 40
0.6
176
     1
 40
30.0
176
     1
 62
     7
420
 16777215
176
     1
 90
        0
176
     1
 90
        0
176
     1
 62
     7
176
     1
 62
   257
176
     1
 90
        1
176
     1
 90
        1
176
     1
 40
1.0
176
     1
 90
        8
176
     1
 62
     7
176
     1
 40
1.0
176
     1
 90
        1
176
     1
 90
        6
176
     1
 90
        2
176
     1
 62
     7
176
     1
 90
        5
176
     1
 90
        0
176
     1
 90
        0
176
     1
290
     0
176
     1
 90
       13
176
     1
 40
0.0
176
     1
 90
        0
176
     1
290
     0
176
     1
290
     1
176
     1
290
     1
176
     1
290
     0
176
     1
290
     0
176
     1
290
     0
176
     1
290
     0
176
     1
290
     0
176
     1
290
     0
176
     1
 90
       50
176
     1
 40
0.0
176
     1
 40
1.0
176
     1
 90
        0
176
     1
 62
    18
420
        0
176
     1
 90
       50
176
     1
 90
        3
176
     1
 62
     5
420
      255
176
     1
290
     0
176
     1
 90
       50
176
     1
 90
       50
176
     1
 90
       50
176
     1
290
     0
176
     1
 90
       50
176
     1
 62
   256
176
     0
 40
1.0
176
     0
 90
        2
176
     1
  1
strokes_ogs.tif
176
     1
290
     0
176
     1
 40
1.0
176
     1
 40
1.0
176
     1
  0
VISUALSTYLE
  5
9B
102
{ACAD_REACTORS
330
99
102
}
330
99
100
AcDbVisualStyle
  2
FlatWithEdges
 70
     1
177
     3
291
     1
 70
    58
 90
        2
176
     1
 90
        1
176
     1
 90
        1
176
     1
 90
        2
176
     1
 40
0.6
176
     1
 40
30.0
176
     1
 62
     7
420
 16777215
176
     1
 90
        1
176
     1
 90
        0
176
     1
 62
     7
176
     1
 62
   257
176
     1
 90
        1
176
     1
 90
        1
176
     1
 40
1.0
176
     1
 90
        0
176
     1
 62
   257
176
     1
 40
1.0
176
     1
 90
        1
176
     1
 90
        6
176
     1
 90
        2
176
     1
 62
     7
176
     1
 90
        5
176
     1
 90
        0
176
     1
 90
        0
176
     1
290
     0
176
     1
 90
       13
176
     1
 40
0.0
176
     1
 90
        0
176
     1
290
     0
176
     1
290
     1
176
     1
290
     1
176
     1
290
     0
176
     1
290
     0
176
     1
290
     0
176
     1
290
     0
176
     1
290
     0
176
     1
290
     0
176
     1
 90
       50
176
     1
 40
0.0
176
     1
 40
1.0
176
     1
 90
        0
176
     1
 62
    18
420
        0
176
     1
 90
       50
176
     1
 90
        3
176
     1
 62
     5
420
      255
176
     1
290
     0
176
     1
 90
       50
176
     1
 90
       50
176
     1
 90
       50
176
     1
290
     0
176
     1
 90
       50
176
     1
 62
   256
176
     0
 40
1.0
176
     0
 90
        2
176
     1
  1
strokes_ogs.tif
176
     1
290
     0
176
     1
 40
1.0
176
     1
 40
1.0
176
     1
  0
VISUALSTYLE
  5
9C
102
{ACAD_REACTORS
330
99
102
}
330
99
100
AcDbVisualStyle
  2
Gouraud
 70
     2
177
     3
291
     1
 70
    58
 90
        2
176
     1
 90
        2
176
     1
 90
        1
176
     1
 90
        2
176
     1
 40
0.6
176
     1
 40
30.0
176
     1
 62
     7
420
 16777215
176
     1
 90
        0
176
     1
 90
        0
176
     1
 62
     7
176
     1
 62
   257
176
     1
 90
        1
176
     1
 90
        1
176
     1
 40
1.0
176
     1
 90
        0
176
     1
 62
     7
176
     1
 40
1.0
176
     1
 90
        1
176
     1
 90
        6
176
     1
 90
        2
176
     1
 62
     7
176
     1
 90
        5
176
     1
 90
        0
176
     1
 90
        0
176
     1
290
     0
176
     1
 90
       13
176
     1
 40
0.0
176
     1
 90
        0
176
     1
290
     0
176
     1
290
     1
176
     1
290
     1
176
     1
290
     0
176
     1
290
     0
176
     1
290
     0
176
     1
290
     0
176
     1
290
     0
176
     1
290
     0
176
     1
 90
       50
176
     1
 40
0.0
176
     1
 40
1.0
176
     1
 90
        0
176
     1
 62
    18
420
        0
176
     1
 90
       50
176
     1
 90
        3
176
     1
 62
     5
420
      255
176
     1
290
     0
176
     1
 90
       50
176
     1
 90
       50
176
     1
 90
       50
176
     1
290
     0
176
     1
 90
       50
176
     1
 62
   256
176
     0
 40
1.0
176
     0
 90
        2
176
     1
  1
strokes_ogs.tif
176
     1
290
     0
176
     1
 40
1.0
176
     1
 40
1.0
176
     1
  0
VISUALSTYLE
  5
9D
102
{ACAD_REACTORS
330
99
102
}
330
99
100
AcDbVisualStyle
  2
GouraudWithEdges
 70
     3
177
     3
291
     1
 70
    58
 90
        2
176
     1
 90
        2
176
     1
 90
        1
176
     1
 90
        2
176
     1
 40
0.6
176
     1
 40
30.0
176
     1
 62
     7
420
 16777215
176
     1
 90
        1
176
     1
 90
        0
176
     1
 62
     7
176
     1
 62
   257
176
     1
 90
        1
176
     1
 90
        1
176
     1
 40
1.0
176
     1
 90
        0
176
     1
 62
   257
176
     1
 40
1.0
176
     1
 90
        1
176
     1
 90
        6
176
     1
 90
        2
176
     1
 62
     7
176
     1
 90
        5
176
     1
 90
        0
176
     1
 90
        0
176
     1
290
     0
176
     1
 90
       13
176
     1
 40
0.0
176
     1
 90
        0
176
     1
290
     0
176
     1
290
     1
176
     1
290
     1
176
     1
290
     0
176
     1
290
     0
176
     1
290
     0
176
     1
290
     0
176
     1
290
     0
176
     1
290
     0
176
     1
 90
       50
176
     1
 40
0.0
176
     1
 40
1.0
176
     1
 90
        0
176
     1
 62
    18
420
        0
176
     1
 90
       50
176
     1
 90
        3
176
     1
 62
     5
420
      255
176
     1
290
     0
176
     1
 90
       50
176
     1
 90
       50
176
     1
 90
       50
176
     1
290
     0
176
     1
 90
       50
176
     1
 62
   256
176
     0
 40
1.0
176
     0
 90
        2
176
     1
  1
strokes_ogs.tif
176
     1
290
     0
176
     1
 40
1.0
176
     1
 40
1.0
176
     1
  0
VISUALSTYLE
  5
A1
102
{ACAD_REACTORS
330
99
102
}
330
99
100
AcDbVisualStyle
  2
Hidden
 70
     6
177
     3
291
     0
 70
    58
 90
        1
176
     1
 90
        2
176
     1
 90
        2
176
     1
 90
        0
176
     1
 40
0.6
176
     1
 40
30.0
176
     1
 62
     7
420
 16777215
176
     1
 90
        2
176
     1
 90
        2
176
     1
 62
     7
176
     1
 62
   257
176
     1
 90
        2
176
     1
 90
        1
176
     1
 40
40.0
176
     1
 90
        0
176
     1
 62
   257
176
     1
 40
1.0
176
     1
 90
        1
176
     1
 90
        6
176
     1
 90
        2
176
     1
 62
     7
176
     1
 90
        3
176
     1
 90
        0
176
     1
 90
        0
176
     1
290
     0
176
     1
 90
        1
176
     1
 40
0.0
176
     1
 90
        0
176
     1
290
     0
176
     1
290
     1
176
     1
290
     1
176
     1
290
     0
176
     1
290
     0
176
     1
290
     0
176
     1
290
     0
176
     1
290
     0
176
     1
290
     0
176
     1
 90
       50
176
     1
 40
0.0
176
     1
 40
1.0
176
     1
 90
        0
176
     1
 62
    18
420
        0
176
     1
 90
       50
176
     1
 90
        3
176
     1
 62
     5
420
      255
176
     1
290
     0
176
     1
 90
       50
176
     1
 90
       50
176
     1
 90
       50
176
     1
290
     0
176
     1
 90
       50
176
     1
 62
   256
176
     0
 40
1.0
176
     0
 90
        2
176
     1
  1
strokes_ogs.tif
176
     1
290
     0
176
     1
 40
1.0
176
     1
 40
1.0
176
     1
  0
VISUALSTYLE
  5
173
102
{ACAD_REACTORS
330
99
102
}
330
99
100
AcDbVisualStyle
  2
JitterOff
 70
    20
177
     3
291
     1
 70
    58
 90
        2
176
     0
 90
        2
176
     0
 90
        0
176
     0
 90
        0
176
     0
 40
0.6
176
     0
 40
30.0
176
     0
 62
     7
420
 16777215
176
     0
 90
        1
176
     0
 90
        4
176
     0
 62
     7
176
     0
 62
   257
176
     0
 90
        1
176
     0
 90
        1
176
     0
 40
1.0
176
     0
 90
       10
176
     2
 62
     7
176
     0
 40
1.0
176
     0
 90
        1
176
     0
 90
        6
176
     0
 90
        2
176
     0
 62
     7
176
     0
 90
        5
176
     0
 90
        0
176
     0
 90
        0
176
     0
290
     0
176
     0
 90
        1
176
     0
 40
0.0
176
     0
 90
        0
176
     0
290
     0
176
     1
290
     1
176
     1
290
     1
176
     1
290
     0
176
     1
290
     0
176
     1
290
     0
176
     1
290
     0
176
     1
290
     0
176
     1
290
     0
176
     1
 90
       50
176
     1
 40
0.0
176
     1
 40
1.0
176
     1
 90
        0
176
     1
 62
    18
420
        0
176
     1
 90
       50
176
     1
 90
        3
176
     1
 62
     5
420
      255
176
     1
290
     0
176
     1
 90
       50
176
     1
 90
       50
176
     1
 90
       50
176
     1
290
     0
176
     1
 90
       50
176
     1
 62
   256
176
     0
 40
1.0
176
     0
 90
        2
176
     1
  1
strokes_ogs.tif
176
     1
290
     0
176
     1
 40
1.0
176
     1
 40
1.0
176
     1
  0
VISUALSTYLE
  5
A7
102
{ACAD_REACTORS
330
99
102
}
330
99
100
AcDbVisualStyle
  2
Linepattern
 70
    14
177
     3
291
     1
 70
    58
 90
        2
176
     1
 90
        2
176
     1
 90
        1
176
     1
 90
        0
176
     1
 40
0.6
176
     1
 40
30.0
176
     1
 62
     7
420
 16777215
176
     1
 90
        1
176
     1
 90
        4
176
     1
 62
     7
176
     1
 62
   257
176
     1
 90
        7
176
     1
 90
        7
176
     1
 40
1.0
176
     1
 90
        8
176
     1
 62
     7
176
     1
 40
1.0
176
     1
 90
        1
176
     1
 90
        6
176
     1
 90
        2
176
     1
 62
     7
176
     1
 90
        5
176
     1
 90
        0
176
     1
 90
        0
176
     1
290
     0
176
     1
 90
        1
176
     1
 40
0.0
176
     1
 90
        0
176
     1
290
     0
176
     1
290
     1
176
     1
290
     1
176
     1
290
     0
176
     1
290
     0
176
     1
290
     0
176
     1
290
     0
176
     1
290
     0
176
     1
290
     0
176
     1
 90
       50
176
     1
 40
0.0
176
     1
 40
1.0
176
     1
 90
        0
176
     1
 62
    18
420
        0
176
     1
 90
       50
176
     1
 90
        3
176
     1
 62
     5
420
      255
176
     1
290
     0
176
     1
 90
       50
176
     1
 90
       50
176
     1
 90
       50
176
     1
290
     0
176
     1
 90
       50
176
     1
 62
   256
176
     0
 40
1.0
176
     0
 90
        2
176
     1
  1
strokes_ogs.tif
176
     1
290
     0
176
     1
 40
1.0
176
     1
 40
1.0
176
     1
  0
VISUALSTYLE
  5
174
102
{ACAD_REACTORS
330
99
102
}
330
99
100
AcDbVisualStyle
  2
OverhangOff
 70
    21
177
     3
291
     1
 70
    58
 90
        2
176
     0
 90
        2
176
     0
 90
        0
176
     0
 90
        0
176
     0
 40
0.6
176
     0
 40
30.0
176
     0
 62
     7
420
 16777215
176
     0
 90
        1
176
     0
 90
        4
176
     0
 62
     7
176
     0
 62
   257
176
     0
 90
        1
176
     0
 90
        1
176
     0
 40
1.0
176
     0
 90
        9
176
     2
 62
     7
176
     0
 40
1.0
176
     0
 90
        1
176
     0
 90
        6
176
     0
 90
        2
176
     0
 62
     7
176
     0
 90
        5
176
     0
 90
        0
176
     0
 90
        0
176
     0
290
     0
176
     0
 90
        1
176
     0
 40
0.0
176
     0
 90
        0
176
     0
290
     0
176
     1
290
     1
176
     1
290
     1
176
     1
290
     0
176
     1
290
     0
176
     1
290
     0
176
     1
290
     0
176
     1
290
     0
176
     1
290
     0
176
     1
 90
       50
176
     1
 40
0.0
176
     1
 40
1.0
176
     1
 90
        0
176
     1
 62
    18
420
        0
176
     1
 90
       50
176
     1
 90
        3
176
     1
 62
     5
420
      255
176
     1
290
     0
176
     1
 90
       50
176
     1
 90
       50
176
     1
 90
       50
176
     1
290
     0
176
     1
 90
       50
176
     1
 62
   256
176
     0
 40
1.0
176
     0
 90
        2
176
     1
  1
strokes_ogs.tif
176
     1
290
     0
176
     1
 40
1.0
176
     1
 40
1.0
176
     1
  0
VISUALSTYLE
  5
A3
102
{ACAD_REACTORS
330
99
102
}
330
99
100
AcDbVisualStyle
  2
Realistic
 70
     8
177
     3
291
     0
 70
    58
 90
        2
176
     1
 90
        3
176
     1
 90
        0
176
     1
 90
        2
176
     1
 40
0.6
176
     1
 40
30.0
176
     1
 62
     7
420
 16777215
176
     1
 90
        0
176
     1
 90
        0
176
     1
 62
     7
176
     1
 62
   257
176
     1
 90
        1
176
     1
 90
        1
176
     1
 40
1.0
176
     1
 90
        8
176
     1
 62
   257
176
     1
 40
1.0
176
     1
 90
        1
176
     1
 90
        6
176
     1
 90
        2
176
     1
 62
     7
176
     1
 90
        3
176
     1
 90
        0
176
     1
 90
        0
176
     1
290
     0
176
     1
 90
       13
176
     1
 40
0.0
176
     1
 90
        0
176
     1
290
     0
176
     1
290
     1
176
     1
290
     1
176
     1
290
     0
176
     1
290
     0
176
     1
290
     0
176
     1
290
     0
176
     1
290
     0
176
     1
290
     0
176
     1
 90
       50
176
     1
 40
0.0
176
     1
 40
1.0
176
     1
 90
        0
176
     1
 62
    18
420
        0
176
     1
 90
       50
176
     1
 90
        3
176
     1
 62
     5
420
      255
176
     1
290
     0
176
     1
 90
       50
176
     1
 90
       50
176
     1
 90
       50
176
     1
290
     0
176
     1
 90
       50
176
     1
 62
   256
176
     0
 40
1.0
176
     0
 90
        2
176
     1
  1
strokes_ogs.tif
176
     1
290
     0
176
     1
 40
1.0
176
     1
 40
1.0
176
     1
  0
VISUALSTYLE
  5
182
102
{ACAD_REACTORS
330
99
102
}
330
99
100
AcDbVisualStyle
  2
Shaded
 70
    27
177
     3
291
     0
 70
    58
 90
        2
176
     1
 90
        2
176
     1
 90
        1
176
     1
 90
        2
176
     1
 40
0.6
176
     1
 40
30.0
176
     1
 62
     7
420
 16777215
176
     1
 90
        0
176
     1
 90
        4
176
     1
 62
     7
176
     1
 62
   257
176
     1
 90
        1
176
     1
 90
        1
176
     1
 40
1.0
176
     1
 90
        8
176
     1
 62
   257
176
     1
 40
1.0
176
     1
 90
        1
176
     1
 90
        6
176
     1
 90
        2
176
     1
 62
     8
420
  7895160
176
     1
 90
        3
176
     1
 90
        0
176
     1
 90
        0
176
     1
290
     0
176
     1
 90
        5
176
     1
 40
0.0
176
     1
 90
        0
176
     1
290
     0
176
     1
290
     1
176
     1
290
     1
176
     1
290
     0
176
     1
290
     0
176
     1
290
     0
176
     1
290
     0
176
     1
290
     0
176
     1
290
     0
176
     1
 90
       50
176
     1
 40
0.0
176
     1
 40
1.0
176
     1
 90
        0
176
     1
 62
    18
420
        0
176
     1
 90
       50
176
     1
 90
        3
176
     1
 62
     5
420
      255
176
     1
290
     0
176
     1
 90
       50
176
     1
 90
       50
176
     1
 90
       50
176
     1
290
     0
176
     1
 90
       50
176
     1
 62
   256
176
     0
 40
1.0
176
     0
 90
        2
176
     1
  1
strokes_ogs.tif
176
     1
290
     0
176
     1
 40
1.0
176
     1
 40
1.0
176
     1
  0
VISUALSTYLE
  5
181
102
{ACAD_REACTORS
330
99
102
}
330
99
100
AcDbVisualStyle
  2
Shaded with edges
 70
    26
177
     3
291
     0
 70
    58
 90
        2
176
     1
 90
        2
176
     1
 90
        1
176
     1
 90
        2
176
     1
 40
0.6
176
     1
 40
30.0
176
     1
 62
     7
420
 16777215
176
     1
 90
        1
176
     1
 90
        2
176
     1
 62
     7
176
     1
 62
   257
176
     1
 90
        2
176
     1
 90
        1
176
     1
 40
1.0
176
     1
 90
        8
176
     1
 62
   257
176
     1
 40
1.0
176
     1
 90
        1
176
     1
 90
        6
176
     1
 90
        2
176
     1
 62
     7
176
     1
 90
        3
176
     1
 90
        0
176
     1
 90
        0
176
     1
290
     0
176
     1
 90
        5
176
     1
 40
0.0
176
     1
 90
        0
176
     1
290
     0
176
     1
290
     1
176
     1
290
     1
176
     1
290
     0
176
     1
290
     0
176
     1
290
     0
176
     1
290
     0
176
     1
290
     0
176
     1
290
     0
176
     1
 90
       50
176
     1
 40
0.0
176
     1
 40
1.0
176
     1
 90
        0
176
     1
 62
    18
420
        0
176
     1
 90
       50
176
     1
 90
        3
176
     1
 62
     5
420
      255
176
     1
290
     0
176
     1
 90
       50
176
     1
 90
       50
176
     1
 90
       50
176
     1
290
     0
176
     1
 90
       50
176
     1
 62
   256
176
     0
 40
1.0
176
     0
 90
        2
176
     1
  1
strokes_ogs.tif
176
     1
290
     0
176
     1
 40
1.0
176
     1
 40
1.0
176
     1
  0
VISUALSTYLE
  5
17E
102
{ACAD_REACTORS
330
99
102
}
330
99
100
AcDbVisualStyle
  2
Shades of Gray
 70
    23
177
     3
291
     0
 70
    58
 90
        2
176
     1
 90
        2
176
     1
 90
        3
176
     1
 90
        0
176
     1
 40
0.6
176
     1
 40
30.0
176
     1
 62
     7
420
 16777215
176
     1
 90
        2
176
     1
 90
        2
176
     1
 62
     7
176
     1
 62
     7
176
     1
 90
        1
176
     1
 90
        1
176
     1
 40
40.0
176
     1
 90
        8
176
     1
 62
     7
176
     1
 40
1.0
176
     1
 90
        1
176
     1
 90
        6
176
     1
 90
        2
176
     1
 62
     7
176
     1
 90
        3
176
     1
 90
        0
176
     1
 90
        0
176
     1
290
     0
176
     1
 90
        1
176
     1
 40
0.0
176
     1
 90
        0
176
     1
290
     0
176
     1
290
     1
176
     1
290
     1
176
     1
290
     0
176
     1
290
     0
176
     1
290
     0
176
     1
290
     0
176
     1
290
     0
176
     1
290
     0
176
     1
 90
       50
176
     1
 40
0.0
176
     1
 40
1.0
176
     1
 90
        0
176
     1
 62
    18
420
        0
176
     1
 90
       50
176
     1
 90
        3
176
     1
 62
     5
420
      255
176
     1
290
     0
176
     1
 90
       50
176
     1
 90
       50
176
     1
 90
       50
176
     1
290
     0
176
     1
 90
       50
176
     1
 62
   256
176
     0
 40
1.0
176
     0
 90
        2
176
     1
  1
strokes_ogs.tif
176
     1
290
     0
176
     1
 40
1.0
176
     1
 40
1.0
176
     1
  0
VISUALSTYLE
  5
17F
102
{ACAD_REACTORS
330
99
102
}
330
99
100
AcDbVisualStyle
  2
Sketchy
 70
    24
177
     3
291
     0
 70
    58
 90
        1
176
     1
 90
        2
176
     1
 90
        2
176
     1
 90
        0
176
     1
 40
0.6
176
     1
 40
30.0
176
     1
 62
     7
420
 16777215
176
     1
 90
        2
176
     1
 90
        2
176
     1
 62
     7
176
     1
 62
     7
176
     1
 90
        1
176
     1
 90
        1
176
     1
 40
40.0
176
     1
 90
       11
176
     1
 62
     7
176
     1
 40
1.0
176
     1
 90
        1
176
     1
 90
        6
176
     1
 90
        2
176
     1
 62
     7
176
     1
 90
        6
176
     1
 90
        0
176
     1
 90
        0
176
     1
290
     0
176
     1
 90
        1
176
     1
 40
0.0
176
     1
 90
        0
176
     1
290
     0
176
     1
290
     1
176
     1
290
     1
176
     1
290
     0
176
     1
290
     0
176
     1
290
     0
176
     1
290
     0
176
     1
290
     0
176
     1
290
     0
176
     1
 90
       50
176
     1
 40
0.0
176
     1
 40
1.0
176
     1
 90
        0
176
     1
 62
    18
420
        0
176
     1
 90
       50
176
     1
 90
        3
176
     1
 62
     5
420
      255
176
     1
290
     0
176
     1
 90
       50
176
     1
 90
       50
176
     1
 90
       50
176
     1
290
     0
176
     1
 90
       50
176
     1
 62
   256
176
     0
 40
1.0
176
     0
 90
        2
176
     1
  1
strokes_ogs.tif
176
     1
290
     0
176
     1
 40
1.0
176
     1
 40
1.0
176
     1
  0
VISUALSTYLE
  5
A6
102
{ACAD_REACTORS
330
99
102
}
330
99
100
AcDbVisualStyle
  2
Thicken
 70
    13
177
     3
291
     1
 70
    58
 90
        2
176
     1
 90
        2
176
     1
 90
        1
176
     1
 90
        0
176
     1
 40
0.6
176
     1
 40
30.0
176
     1
 62
     7
420
 16777215
176
     1
 90
        1
176
     1
 90
        4
176
     1
 62
     7
176
     1
 62
   257
176
     1
 90
        1
176
     1
 90
        1
176
     1
 40
1.0
176
     1
 90
       12
176
     1
 62
     7
176
     1
 40
1.0
176
     1
 90
        1
176
     1
 90
        6
176
     1
 90
        2
176
     1
 62
     7
176
     1
 90
        5
176
     1
 90
        0
176
     1
 90
        0
176
     1
290
     0
176
     1
 90
        1
176
     1
 40
0.0
176
     1
 90
        0
176
     1
290
     0
176
     1
290
     1
176
     1
290
     1
176
     1
290
     0
176
     1
290
     0
176
     1
290
     0
176
     1
290
     0
176
     1
290
     0
176
     1
290
     0
176
     1
 90
       50
176
     1
 40
0.0
176
     1
 40
1.0
176
     1
 90
        0
176
     1
 62
    18
420
        0
176
     1
 90
       50
176
     1
 90
        3
176
     1
 62
     5
420
      255
176
     1
290
     0
176
     1
 90
       50
176
     1
 90
       50
176
     1
 90
       50
176
     1
290
     0
176
     1
 90
       50
176
     1
 62
   256
176
     0
 40
1.0
176
     0
 90
        2
176
     1
  1
strokes_ogs.tif
176
     1
290
     0
176
     1
 40
1.0
176
     1
 40
1.0
176
     1
  0
VISUALSTYLE
  5
A0
102
{ACAD_REACTORS
330
99
102
}
330
99
100
AcDbVisualStyle
  2
Wireframe
 70
     5
177
     3
291
     0
 70
    58
 90
        0
176
     1
 90
        2
176
     1
 90
        0
176
     1
 90
        0
176
     1
 40
0.6
176
     1
 40
30.0
176
     1
 62
     7
420
 16777215
176
     1
 90
        1
176
     1
 90
        4
176
     1
 62
     7
176
     1
 62
   257
176
     1
 90
        1
176
     1
 90
        1
176
     1
 40
1.0
176
     1
 90
        0
176
     1
 62
   257
176
     1
 40
1.0
176
     1
 90
        1
176
     1
 90
        6
176
     1
 90
        2
176
     1
 62
     7
176
     1
 90
        3
176
     1
 90
        0
176
     1
 90
        0
176
     1
290
     0
176
     1
 90
        1
176
     1
 40
0.0
176
     1
 90
        0
176
     1
290
     0
176
     1
290
     1
176
     1
290
     1
176
     1
290
     0
176
     1
290
     0
176
     1
290
     0
176
     1
290
     0
176
     1
290
     0
176
     1
290
     0
176
     1
 90
       50
176
     1
 40
0.0
176
     1
 40
1.0
176
     1
 90
        0
176
     1
 62
    18
420
        0
176
     1
 90
       50
176
     1
 90
        3
176
     1
 62
     5
420
      255
176
     1
290
     0
176
     1
 90
       50
176
     1
 90
       50
176
     1
 90
       50
176
     1
290
     0
176
     1
 90
       50
176
     1
 62
   256
176
     0
 40
1.0
176
     0
 90
        2
176
     1
  1
strokes_ogs.tif
176
     1
290
     0
176
     1
 40
1.0
176
     1
 40
1.0
176
     1
  0
VISUALSTYLE
  5
180
102
{ACAD_REACTORS
330
99
102
}
330
99
100
AcDbVisualStyle
  2
X-Ray
 70
    25
177
     3
291
     0
 70
    58
 90
        2
176
     1
 90
        2
176
     1
 90
        1
176
     1
 90
        1
176
     1
 40
0.5
176
     1
 40
30.0
176
     1
 62
     7
420
 16777215
176
     1
 90
        1
176
     1
 90
        0
176
     1
 62
     7
176
     1
 62
   257
176
     1
 90
        1
176
     1
 90
        1
176
     1
 40
1.0
176
     1
 90
        8
176
     1
 62
     7
176
     1
 40
1.0
176
     1
 90
        1
176
     1
 90
        6
176
     1
 90
        2
176
     1
 62
     7
176
     1
 90
        3
176
     1
 90
        0
176
     1
 90
        0
176
     1
290
     0
176
     1
 90
       13
176
     1
 40
0.0
176
     1
 90
        0
176
     1
290
     0
176
     1
290
     1
176
     1
290
     1
176
     1
290
     0
176
     1
290
     0
176
     1
290
     0
176
     1
290
     0
176
     1
290
     0
176
     1
290
     0
176
     1
 90
       50
176
     1
 40
0.0
176
     1
 40
1.0
176
     1
 90
        0
176
     1
 62
    18
420
        0
176
     1
 90
       50
176
     1
 90
        3
176
     1
 62
     5
420
      255
176
     1
290
     0
176
     1
 90
       50
176
     1
 90
       50
176
     1
 90
       50
176
     1
290
     0
176
     1
 90
       50
176
     1
 62
   256
176
     0
 40
1.0
176
     0
 90
        2
176
     1
  1
strokes_ogs.tif
176
     1
290
     0
176
     1
 40
1.0
176
     1
 40
1.0
176
     1
  0
DICTIONARYVAR
  5
F0
102
{ACAD_REACTORS
330
66
102
}
330
66
100
DictionaryVariables
280
     0
  1
1:1
  0
DICTIONARYVAR
  5
EF
102
{ACAD_REACTORS
330
66
102
}
330
66
100
DictionaryVariables
280
     0
  1
STANDARD
  0
DICTIONARYVAR
  5
89
102
{ACAD_REACTORS
330
66
102
}
330
66
100
DictionaryVariables
280
     0
  1
STANDARD
  0
DICTIONARYVAR
  5
1B7
102
{ACAD_REACTORS
330
66
102
}
330
66
100
DictionaryVariables
280
     0
  1
Imperial24
  0
DICTIONARYVAR
  5
1B8
102
{ACAD_REACTORS
330
66
102
}
330
66
100
DictionaryVariables
280
     0
  1
Imperial24
  0
DICTIONARYVAR
  5
67
102
{ACAD_REACTORS
330
66
102
}
330
66
100
DictionaryVariables
280
     0
  1
2
  0
DICTIONARYVAR
  5
6B
102
{ACAD_REACTORS
330
66
102
}
330
66
100
DictionaryVariables
280
     0
  1
1
  0
DICTIONARYVAR
  5
504
102
{ACAD_REACTORS
330
66
102
}
330
66
100
DictionaryVariables
280
     0
  1
4
  0
DICTIONARYVAR
  5
508
102
{ACAD_REACTORS
330
66
102
}
330
66
100
DictionaryVariables
280
     0
  1
ByLayer
  0
DICTIONARYVAR
  5
14D
102
{ACAD_REACTORS
330
66
102
}
330
66
100
DictionaryVariables
280
     0
  1
0
  0
DICTIONARYVAR
  5
14E
102
{ACAD_REACTORS
330
66
102
}
330
66
100
DictionaryVariables
280
     0
  1
0
  0
DICTIONARY
  5
194
330
22
100
AcDbDictionary
280
     1
281
     1
  0
DICTIONARY
  5
188
330
97
100
AcDbDictionary
280
     1
281
     1
  3
FBXASSET
360
189
  0
DICTIONARY
  5
186
330
96
100
AcDbDictionary
280
     1
281
     1
  3
FBXASSET
360
187
  0
DICTIONARY
  5
110
330
98
100
AcDbDictionary
280
     1
281
     1
  3
BUMPTILE
360
112
  3
DIFFUSETILE
360
111
  3
FBXASSET
360
18A
  3
OPACITYTILE
360
113
  3
REFLECTIONTILE
360
114
  0
DICTIONARY
  5
104
330
87
100
AcDbDictionary
280
     1
281
     1
  3
ACAD_ROUNDTRIP_2008_TABLESTYLE_CELLSTYLEMAP
360
1AC2
  0
XRECORD
  5
189
102
{ACAD_REACTORS
330
188
102
}
330
188
100
AcDbXrecord
280
     1
 70
     1
 90
429727718
  1
508B35C9-AEE7-456F-BE74-D52651303AC6
310
504B03040A0000080000B670623B3DEE336E79000000790000001B0000006175746F6465736B2D64657369676E2D7061636B6167652E786D6C3C3F786D6C2076657273696F6E3D22312E302220656E636F64696E673D227574662D3822203F3E3C666F726D6174733E3C666F726D61743E687474703A2F2F736368656D612E
310
6175746F6465736B2E636F6D2F64657369676E2D7061636B6167652F323030393C2F666F726D61743E3C2F666F726D6174733E504B0304140006080800B670623BD486FD9CA0000000F4000000130000005B436F6E74656E745F54797065735D2E786D6C7D8EC10E82300C865F65E91D8A1E8C310C0EEA1BF002731658846E
310
D98AC1B77784ABF1D8FE5FBFBF75BBCE937A534CCEB38643598122B6FEE978D0B0485F9C41B54DDD7D022595594E1A469170414C76A4D9A4D207E29CF43ECE46F218070CC6BECC4078ACAA135ACF422C856C0E68EA1BF5669944DDD7BCDE7B1F8E415D77AECB980613C2E4AC91FC167A2B244592486606FC29C8FD7F045B9A
310
EF7053A7E60B504B0304140006080800B670623B28ED286BEB0000007C01000008000000636F72652E786D6C8D90416EC3201045AF82665B6183218D6D61A254764FD00B204C5C94182C03558F5F9C3852BBEB6A467FFE9B197D71FA9E6FE8CBACC17AD7012D0820E3B41FAD9B3A48F1826B40272956EFE32F1B20A766D3C1
310
268314D3EAD3B24BDABB685CCCAAF3A3D94515828980F42D371D04FD696655A814B3235C8B45E9AB9A4C419F5D8653B2237A1CB163DE672FD6AC209BF3C08E0D1B30EB19C3FC9D72FCC6EB231EFA33EDE96BDD341517E5064B11EDFCBCAF57A3A2194156843498524CAA0FCA5B7268F9E185D42D21A2DCEC7FA0B48CFF8492
310
759155FBBB0F2C80A4F991FB408A72CB22977B50B96EB9C91F504B0304140006080800B670623B55019EA25F0000007C00000007000000636E782E786D6C4DCB3B0E80201045D1AD90E915ED2CF8AC45050C11660C8261F98AB1B07AC9C97D42D718D865D3E909258CFD00CCE24AC6E326A164D74DC0B4128928FF32603847
310
2BA13128B1252AC747C6BAB984FC68F0B87FE8960A5C09FE86CFB69FBA01504B0304140006080800B670623B7BC41AC871010000D40300000C0000006662782F636F72652E786D6CC553ED6E8320147D15C2DF4501B56B6D90A64BBB27D80B50A5CE54C120983EFEAE1F4DD7A56BBA5FF3879273EEE59E7310BE393735EA95
310
ED2AA333CC428A91D2B9292A5D66D8BB63B0C26823B835C67D2BC348CB46657880B1E0A535BE9DA1DC68A7B403549B42CDA0EC3AE530CA6B5864B8CB3F552343E91D5474A7B095F949962A6421D0502778E72C0840D390E18DC5F170E664C205F7BE2A66B62A605A75AC94C522DDEEE3651AEF837817C741F2CE92E02D592D
310
83FD6ECB76EC7595A651C2C9D02CB8AB9A8BBADC2AE954814544691A3016D0E883256BBA58278B17BA5A53CAC9507ED3E4DBE2C9265F691747B3DCA9ADC382819091F8E1162272A8933DE82182932144F88C09DF060D8140C84E1EEA8B8F1340BDCA9DB1093085F157AA97B557309586747CD0EF0B4EA64E983A6E0EAEEFCE
310
889E9EF17847386AA94B30211D2C0FDE0D3AF9A4610EAD5536E8DD1969631B593F67E381C33F5157F17725E5A636F6BF1491F980C8FC7B90E13E8A2F504B0304140006080800B670623B70102A487D0000009D0000000B0000006662782F636E782E786D6C4DCCD10A83201886E15B91FFDC95A5C30335ACCDFB886521330D
310
A76397BF1A1DECE883878F57749FD5A3B74D2F17830472A901D9F088930B8B849267CC01754AA418F3DF0D5018572BE160506249B16C274D761E8BCFBB7A179E27F65CB39A0F14D396184C9921B81F34C3ACA1B4B99ABB6E6F062A25AA5F69DF23ACBE504B0304140006080800B670623B3610CA3329010000120200003100
310
00006662782F42384135303843342D343331462D343546312D424341352D3532343432364645413344462F636F72652E786D6C8D515B6EC32010BC0AE22B55850D0E446E848992B43E412FE000495162B07854397EA176A4F62F3F2C9A9D991D58BEBB8F37F0AD7D30CE76905418026DA553C65E3A98E219B510EC04F7CEC5
310
3F3408EC30EA0E16180A7EF12E4D0B249D8DDAC68C5AA7F4020E21E80881BCE54B0783FCD2E3500D296646B856D320AFC34557A4CAEDCC133C449F0380794839A138B47B86DB2345744D7A44594FD0E1B867883594369BFE63BF7EEF793D0B054FC9A8456E548E63CE46FB674D8A58F068C6477CE9F510B582A2C1F80D1182
310
70F349E816B32D65AFB8DD62CCEB42FF274A937A52948C8DEB66893BCB021484D7734370E5D2E9F608A3EF93F3119479ABA0E50B14B8C298119A43CCC4FCFCECB8A18B6388CEE7EF5D5D4F994BD86CBBA182D76543B9FCAE2FD7B24DF103504B0304140006080800B670623B1B8617914E0100003303000030000000666278
310
2F42384135303843342D343331462D343546312D424341352D3532343432364645413344462F636E782E786D6CD593C16EC32010447F0571AD6CE3D489D20813A9877E410FBD62D82434182CC055F3F75D1292E692438FBD206B7698593D61BEFD1E2DF982108D773D6D6B460938E5B571FB9ECE6957AD29D90A1EBC4F7736
310
4A9C1CA1A759A682EF839FA72269D8C9D92654AD71C72206887E0E0A22CAF926B15E498B01E0AA19451807D01A34B919F16B070157417138917400F2F6FA41FCF0092A45DEE414C19BDC21783E4BD39D891265658C3D8DEA00A3ACE59CBC8678ACB54CB26EEB6BD7839D7E9348BE70AD9C8321B9BCA7F9A4A26C542347DEE0
310
50F09802D22BA6749A800A394DD62899107273365E3C82CFC6A55557BC06C10774B7ABE7AEC3B0F34CF06446280E154026D0542C187BA9DAB6628BF7B6DBB0E5A65B3EB1F58631DE64BBE083F7B65CC218087E22CABB042E51D1F2268F1FE12B3EA24D40D63E9CFE00120194D60B9D5BC67FE6D39CDF37E20AF817881F504B
310
0304140006080800B670623BBFEF2E3B690500003C100000340000006662782F42384135303843342D343331462D343546312D424341352D3532343432364645413344462F6F626A656374732E786D6CAD575D739B3814FD2B0CFB0C98D84E931D4227B6938EA793B6534F3BFB90198F0099B001899144EAECAFDF231018B0
310
D37A3FFC609090EEE7B94757C1FB7D915B2F54C88CB31BDB7727B64559CC938CA53776A576CE956DBD0F03C1B9EA2DB32D460A7A63EB693B0C52C1ABD24C257447AA5C8D66EF177F5832A68CDA569C13296F6C193FD182B8A4523CA1F2D94D88226EBADBBBBEDB2C1C8A4D05299F46424B222853B014F30C52ACC6287F389C
310
D85E1878FA7B18E87FB36AFAF62AAFF667A83F635211161F291B8999FAB3D5DDC5FCDA99CF6653677679E13B8BFBC5CAF1DF4D27CBCBE5F2FAF6EE1A8AA51290642C117467871F101B91C581D77CEA2C36869F3229E68CD1B8F61F1ED6361B89092D294B90C78C4A68EB793D190E7D1D9BDEE7A91E1B95FDE9F3BCEAEFE809
310
6A6D6F9F7D4B79F4275C90E7A04248AA51D5C4C738DAE06F72885AC4796EBE65D22A88A22223B995679120E2D50EB1542F098381188D4EA111AE3DB043FF20AF6F2B4AE3D7D83D65E5AECA730D4D3BAC91BD05FEA992B565D95F549CD6069B90AB2A63EACA38A45E4B6A87D781574F86817E4C2FCCC72690D62E2729520E37
310
9BAF234797BAF6D62B3BFC781FED37BA1E4F2B2F052FA9501A3E80569BB8F6A9A364D4FA67654E6F803383981F82F21591FF84F23D9882BC896C3FDBCF8C162508933B2E0AE4C69DD43F6BD2BE38DDDBF10BF86CB4FA784D37F3AF16075E67EC9030DECA1FC0A55373F5DFF3378C591FA9BDF485C10B0A8C8BA909E5262639
310
A8E72163488806A595734C81CB77D1DE0ED7604A303B76913CEC0272F412782FF88EFF4636D8AA56DF7B322474C4B767303F625997056C7B032C473C592B36CEBD15F3F9FF5233B7ABCDC74D257624A60F8658567497B14CE1EC3C80B76FD02011038F9EE9EB0F2E12387A9C844D3F09855125116D1D731DF8B43D2CF4E0A0
310
79A020C6BE946BCE0B7EA1E1219331CD73C228AF5A2DDD31A4B1DA918CE91350854D40A71723140BFA92E94E62B0626016CEFA5864A50E5977E8753CEDBEE1CBB7F52780D20E17AF0BA0F5F9B02A3AD07DCC732EB6D1EBB661421BE0C39E21BABF0FE16D22EA6929407C8DE596724C88B749B6DB5512BC7B228ADFD7CB7EA6
310
3A22397E690BA8D5D8D4E40CEC8CDA23C2C0B7D5898640101CEC9C6D331CE328CB93CAFBBAC70A642DF70DF95155945B52F08AA973C23469FD69ADEF84F7BB18F983A8F8C90E37F5D35980B2139A1C523540813E824EF83448CF7C72B598CE97D7CEEDDDDD3B6736BFBC771677EF66CE6A7E7139F7A793E9EDF2B2B3A8B624
310
0CDA13AA5F8388264EC4A0129909F3B7F5A16CEDF08128E97D680ACA4B9BE7B7B58BB638F0B00700EF36AE8B32A705658A68F83EE897FC2B41573190D1CCAF0B92D233A47CFEB019D9809933F67DD1A5467F8CF69AD9A5AE859342D45355448C64F968A371DC2D596ADC6E43D93D1B466F877A64E2893E54F23C4B40388995
310
525E5005DA3983ED45412510D3EFCA13737B3863F74BD30F2A12E5B4B5E489A025CE25500DB855B11ACE5BBFA185D35DD48D8DC3CE7DC69F2944DB42AA6F6CF09BCA622ADD08C7A36E7C6AE18000BAB08E040135C2D21C9D75B3A91B77BB746C403F38018DFE6EC939DD92F16B40BC05294B9CDA035AAD6D330AE27FE4786B
310
8E45145EA34A75BE1C263A676A35A8ACC6297337400BF16C54EF515F3F77CB77EB3583889C754FFA29081AA98E2222ADEF05DA3E63D2EDEA8B8756C05A7FB6CABC4A91CBF325398202CC952E70A008A830324BA200D5E5EF8F5F04C75DB4B0EE3340E071C98B823333B83577596BF3849B69F2085AA0FAFA212F26BEFF5877
310
FDE622B28D88A42E49E43326DA82D31E8CB006401E1DA726059ECEC168F97A6599036306A135688F9AD2E61A6EA178F4CD51974A9F2CCB9F36FE5EBD14601068D9C3BF01504B0304140006080000B670623B000000000000000000000000350000006662782F42384135303843342D343331462D343546312D424341352D35
310
32343432364645413344462F76657274696365732E62696E504B0304140006080800B670623BF270F1330600000004000000360000006662782F42384135303843342D343331462D343546312D424341352D3532343432364645413344462F747269616E676C65732E62696E636660600000504B0304140006080000B67062
310
3B000000000000000000000000370000006662782F42384135303843342D343331462D343546312D424341352D3532343432364645413344462F617474726962757465732E62696E504B0304140006080800B670623B08DA0BD19000000041010000360000006662782F42384135303843342D343331462D343546312D4243
310
41352D3532343432364645413344462F6469726563746F72792E786D6C858F410AC3201045AF22B36F53E9A60B35CBEEBAE80D244E44489C6234F4F835464A48035D0DF398FF9F8AF63D0E6CC63039F212F8F9020C7D47C6792B21C5FE7403D62A1188E2E60C98D7234A5830286103A55745067B9D86B8A3CF9C7F90C11DE6
310
07FB144396D7B6A82D282E9A152AD114D5EF2CB866EEE831B8EEA07A7BB5A8D7D61A2BAAEB7FD5F70921FF497D00504B0304140006080800B670623B3B4606F3FE000000A00100003B0000006662782F42384135303843342D343331462D343546312D424341352D3532343432364645413344462F7265736F75726365732F
310
636F72652E786D6C8D504B6E833010BD0A9A6D65B08134808CA354A427E8052C332156828DFCA97AFC9A40A576D7CDCCE87D344F8F9FBEE647F689CE6B6B7A6039850C8DB2A336530F315C4903D94970676DF82583CCC8197B5861107C72362E3BA4AC096842428D1D7107A5F71820538F74F4E0D50D6799CB1892C2DFF345
310
AABB9C306779A2934E701F5C0A906D4FD609C2A1B7D129F4BCD858C163D4E3AED163FAA9AF1A1D88F67CA98E6D35906AA82A52BFB39ABCD5CD915C86331BD86BD3B665CD8BD52C78D0F34F46E550061C419494B6843142CB0F5677F4D0D58717DA7494F26295FF31C565FCA7296A13AA728FBBD93C0896823C09C18BB5AFB4
310
9E65A6BD762BBE01504B010214000A0000080000B670623B3DEE336E79000000790000001B00000000000000000000000000000000006175746F6465736B2D64657369676E2D7061636B6167652E786D6C504B01021400140006080800B670623BD486FD9CA0000000F40000001300000000000000000000000000B2000000
310
5B436F6E74656E745F54797065735D2E786D6C504B01021400140006080800B670623B28ED286BEB0000007C010000080000000000000000000000000083010000636F72652E786D6C504B01021400140006080800B670623B55019EA25F0000007C000000070000000000000000000000000094020000636E782E786D6C50
310
4B01021400140006080800B670623B7BC41AC871010000D40300000C00000000000000000000000000180300006662782F636F72652E786D6C504B01021400140006080800B670623B70102A487D0000009D0000000B00000000000000000000000000B30400006662782F636E782E786D6C504B01021400140006080800B6
310
70623B3610CA3329010000120200003100000000000000000000000000590500006662782F42384135303843342D343331462D343546312D424341352D3532343432364645413344462F636F72652E786D6C504B01021400140006080800B670623B1B8617914E010000330300003000000000000000000000000000D10600
310
006662782F42384135303843342D343331462D343546312D424341352D3532343432364645413344462F636E782E786D6C504B01021400140006080800B670623BBFEF2E3B690500003C10000034000000000000000000000000006D0800006662782F42384135303843342D343331462D343546312D424341352D35323434
310
32364645413344462F6F626A656374732E786D6C504B01021400140006080000B670623B0000000000000000000000003500000000000000000000000000280E00006662782F42384135303843342D343331462D343546312D424341352D3532343432364645413344462F76657274696365732E62696E504B010214001400
310
06080800B670623BF270F133060000000400000036000000000000000000000000007B0E00006662782F42384135303843342D343331462D343546312D424341352D3532343432364645413344462F747269616E676C65732E62696E504B01021400140006080000B670623B00000000000000000000000037000000000000
310
00000000000000D50E00006662782F42384135303843342D343331462D343546312D424341352D3532343432364645413344462F617474726962757465732E62696E504B01021400140006080800B670623B08DA0BD1900000004101000036000000000000000000000000002A0F00006662782F42384135303843342D3433
310
31462D343546312D424341352D3532343432364645413344462F6469726563746F72792E786D6C504B01021400140006080800B670623B3B4606F3FE000000A00100003B000000000000000000000000000E1000006662782F42384135303843342D343331462D343546312D424341352D3532343432364645413344462F72
310
65736F75726365732F636F72652E786D6C504B0506000000000E000E0080040000651100000000
  0
XRECORD
  5
187
102
{ACAD_REACTORS
330
186
102
}
330
186
100
AcDbXrecord
280
     1
 70
     1
 90
429727718
  1
887D55A9-D0DD-414E-B741-A7DCD4DA2B4C
310
504B03040A0000080000B670623B3DEE336E79000000790000001B0000006175746F6465736B2D64657369676E2D7061636B6167652E786D6C3C3F786D6C2076657273696F6E3D22312E302220656E636F64696E673D227574662D3822203F3E3C666F726D6174733E3C666F726D61743E687474703A2F2F736368656D612E
310
6175746F6465736B2E636F6D2F64657369676E2D7061636B6167652F323030393C2F666F726D61743E3C2F666F726D6174733E504B0304140006080800B670623BD486FD9CA0000000F4000000130000005B436F6E74656E745F54797065735D2E786D6C7D8EC10E82300C865F65E91D8A1E8C310C0EEA1BF002731658846E
310
D98AC1B77784ABF1D8FE5FBFBF75BBCE937A534CCEB38643598122B6FEE978D0B0485F9C41B54DDD7D022595594E1A469170414C76A4D9A4D207E29CF43ECE46F218070CC6BECC4078ACAA135ACF422C856C0E68EA1BF5669944DDD7BCDE7B1F8E415D77AECB980613C2E4AC91FC167A2B244592486606FC29C8FD7F045B9A
310
EF7053A7E60B504B0304140006080800B670623BBC1638F5EC0000007C01000008000000636F72652E786D6C8D90416EC3201045AF82665B61836BE2D8C24471DB9CA01740401C94182C03558F5F9C3852BBEB6A467FFE9B197D7EF89E6EE8CB2CC17AD7032D0820E394D7D68D3DA478C67B4007C117EFE32F1B202727D3C3
310
2A83E0E3E2D3BC49CABB685CCCAAF3DA6CA20CC14440EA969B1E82BA98491632C5EC08D76296EA2A4753D06797E194AC468F2356E77DF66CCD02825543D50CACC62D39ED70FDC68EB8FD68F6F8787A6784342D1DDA1D2F5758F068A7E77DB518198D065111D2624A31A93E69DD11D6D5EC85EC3B4278B9DAFF4069D6FF8492
310
75F1B5DADE7D600104CD8FDC0782976B16B9DC83CA75CD4DFC00504B0304140006080800B670623B55019EA25F0000007C00000007000000636E782E786D6C4DCB3B0E80201045D1AD90E915ED2CF8AC45050C11660C8261F98AB1B07AC9C97D42D718D865D3E909258CFD00CCE24AC6E326A164D74DC0B4128928FF326038
310
472BA13128B1252AC747C6BAB984FC68F0B87FE8960A5C09FE86CFB69FBA01504B0304140006080800B670623B3586FFB671010000D40300000C0000006662782F636F72652E786D6CC553ED6E8320147D15C2DF4541A76D6D90A6DDD627D80B50A4CE54C120983EFEAE1F4DD7A55BBA5FF3879273EEE59E7310B6393735EA
310
95ED2AA3731C851423A5A5292A5DE6D8BB63B0C268C39935C67D29C3488B46E578803167A535BE9D2169B453DA01AA4DA16650749D7218C91A1639EEE4876A4428BC838AEE14B6429E44A9C228041AEA38EB9C0501681A32BC313F1ECE8C4C3867DE57C5CC56054CAB8E95B298A7F12E5EEED224C8E87E11242FE936C8DE96
310
AB60BB7F4D295D66D12E5B30323473E6AAE6A24E5A259C2A308F29CD82280A68FC1E256B9AAE93F489AED694323294DF34F9B678B0C957DA3DC7B3DCA9ADC33C022123F1CD2D44E450277AD04338234388F01913BE0D1A0281909D38D4171F27807A259DB1093085F157AA17B557309586747CD0CF0B46A64E983A6E0EAEEF
310
CE881F9EF1FB8E70D44297604238581EBC1B74B249C31C5AAB6CD0BB33D2C636A27ECCC62F0EFF445DC5DF95244D6DEC7F2922F30191F9F720C37DE49F504B0304140006080800B670623B4220A0FF7D0000009D0000000B0000006662782F636E782E786D6C4DCCD10A83201886E15B91FFDCE542CB0335D0EC3E6259C84A
310
C3E9D8E5AF46073BFAE0E1E315DD675BD1DBA5978F41C2FD4600B9F088930F8B849267CC01754AA418F3DF0D50183727E164506249B1EC174D6E1ECB9A0F5D7D785E68DB8151CD286E5A5363CA6B8A39E90D36D40E96B086F55A43A544F52B1D7B86D517504B0304140006080800B670623B2FA3FEDE290100001202000031
310
0000006662782F45374635344235342D363743322D343832342D383044432D4334454645303536354442422F636F72652E786D6C8D515B6EC32010BC0AE22B55850D2E386E848994D7097A0117488A1283C5A3CAF10BB523B57FF961D1ECCCECC0F2ED7DBC816FED8371B687A4C210682B9D32F6D2C314CFA883602BB8772E
310
FEA141608751F7B0C050F08B77695A20E96CD43666D43AA5177008414708E42D5F7A18E4971E876A483133C2B59A06791D2EBA22556E679EE021FA1C00CC43CA09C5717D6274C7286AD7FB06D1AEA1A8C3873DDAD3E3E98859CB0EBB1DAF67A1E02919B5C88DCA71CCD968FFAC49110B1ECDF8882FBD1EA256503418BF2342
310
106E3E08DD60B6A1EC15771B8C795DE8FF4469524F8A92B1F1AD59E2CEB20005E1F5DC105CB9F4797B84D1F7C9F908CABC55D0F2050A5C61CC1AD2F27A26E6E767C7962E8E213A9FBF7775FDCC5CC266DB960A5E970DE5F2BBBE5CCB36C50F504B0304140006080800B670623B1B8617914E01000033030000300000006662
310
782F45374635344235342D363743322D343832342D383044432D4334454645303536354442422F636E782E786D6CD593C16EC32010447F0571AD6CE3D489D20813A9877E410FBD62D82434182CC055F3F75D1292E692438FBD206B7698593D61BEFD1E2DF982108D773D6D6B460938E5B571FB9ECE6957AD29D90A1EBC4F77
310
364A9C1CA1A759A682EF839FA72269D8C9D92654AD71C72206887E0E0A22CAF926B15E498B01E0AA19451807D01A34B919F16B070157417138917400F2F6FA41FCF0092A45DEE414C19BDC21783E4BD39D891265658C3D8DEA00A3ACE59CBC8678ACB54CB26EEB6BD7839D7E9348BE70AD9C8321B9BCA7F9A4A26C542347DE
310
E050F09802D22BA6749A800A394DD62899107273365E3C82CFC6A55557BC06C10774B7ABE7AEC3B0F34CF06446280E154026D0542C187BA9DAB6628BF7B6DBB0E5A65B3EB1F58631DE64BBE083F7B65CC218087E22CABB042E51D1F2268F1FE12B3EA24D40D63E9CFE00120194D60B9D5BC67FE6D39CDF37E20AF817881F50
310
4B0304140006080800B670623B29652116630500003C100000340000006662782F45374635344235342D363743322D343832342D383044432D4334454645303536354442422F6F626A656374732E786D6CAD575D739B3814FD2B0CFB0C989834C90EA1639B24E3E9A6EDD4D3CE3E64C623834CD8006224913AFDF57B040203
310
B65BEF871F0C12D2FD3CF7E8CA7FBFCB33E3957291B2E2D674ED8969D02262715A24B76625B7D6B569BC0F7CCE98EC2D338D82E4F4D654D366E0279C55A59E8AE99654991CCDDECFFF3444440B6A1A514684B83545F44C7362934AB2988A173B2692D8C97667BB76B3702836E1A47C1E092D09A78584A5982F20C5688C7287
310
C389E904BEA3BE07BEFAD7ABA6A75739B53F43FD69212429A20365233153D70BEF2E2E6FAC4BCF9B5ADEBB0BD79ADFCF43CBBD9A4E16EF168B9BD9DD0D140BC921495BC2E9D60C1E101B9E46BED37CEA2CD6861F3329624541A3DA7F7858DBAC25C6B4A4458C3CA654405BCFEBC970E8AAD8F43E4FD558ABEC4F9FE7557F47
310
4F506B7BFBEC5BCA367FC105710E2AB8A00A554D7CB4A30DFE26FBA86D18CBF4B75418399194A72433B274C3097F33032C554B027F2046A1932B842B0FCCC0DDCBEBDB8AD2F835768F59B9ADB24C41D30C6A64AF817F2A456D59FA83F2E3DA60137255A585BCD60EC9B7929AC18DEFD49381AF1ED30BFDB109A4B1CD488294
310
C3CDE6EBC8D185AABD6568061FEE37BB95AAC7E3CA4BCE4ACAA5820FA0D526AE7DAA2869B5EE5999531BE0CC20E6FBA07C41E43FA27CF7A6206F3CDD793B4F6B919C1462CB788EDCD893FA674CDA17AB7B3B7C019F8D561FAEE966FED562DFE98C1D12C6A9FC015C2A35D7FF3D7FC398F591DA4B5FE0BFA2C0189FEA50AE22
310
92817A1ED3020951A03432862970F976B33383259812CC8E5D240BBA801CBCF8CE2BBEE3BF910DB6AAD5F79E05123AE2DB33981FB1ACCB02B69D00CB014FD68AB573A7627EF9BFD4CC2C5C7D58557C4B22FAA88925A4DBB44825CECE3D78FB060D1231F0E885BE7D673C86A3874958F593906B5502D1563157814FDAC3420D
310
F69A070A22EC4B98E23CFF171A1E5311D12C23056555ABA53B8614563B92D17D02AAB009E8F46284624E5F53D5490C560CCCC2591FF1B45421EB0EBD8EA7ED13BE7C5D7E0428CD60FEF60779EB13E6664FF711CB185F6FDED60D139A001FF60CD1FD6D086F1D51474901E26B2CB794A343BC8ED3EDB612E0DD2351FCB65CF4
310
33D511C9E14B5B40ADC6A6263DB0336A8F700DDF56271A024E70B0B3629DE21847591E55DED73D56206AB927E46FAABC5C939C55853C274C93D69FD6FA4E78BF8B11DF898C9ECD60553FAD39283BA6F18984AA23E8884F83F45C5F5F859797B31B2B9C84A1E5B9DE9D35BFF25C6B76152E422F9C5DCC3D847F5801ED09D5AF
310
41441327A25FF15487F9EB725FB666F048A4701E9A827292E6F97569A32DF61DEC01C0BB8DCBBCCC684E0B49147C1FD54BF685A0AB18C868E6973949E819523E3DAC463660E68C7D9F55A9D1EFA3BD7A76A16AE1A810F95CE59B82A4D968A376DC2E8B44BBDD86B27B368CDE0ED548C7137DA860591A83706223A12CA712B4
310
7306DBF39C0A20A6DF95C7FAF670C6EED7A61F946493D1D6926782963813403548A78AE470DEF80D2D9CEAA26E4D1C76F60BFE74219A06527D6B82DF641A51616F703CAAC6A7160E08A00BEB4810A0274592A1B36E3675E36E978A0DE80727A0D6DF2D39A75BD27E0D8837276589537B40ABB56D5A41F48F1C6FCD3188C4EB
310
A6929D2FFB89CE995A4D00AE813BDD032DC48B56BD437DFDDC2DD7AED70C2272D63DE9A72068A45A92F0A4BE17A8A06B9366E16707AD80B1FC649459952097E74BB23805982B55E0401150A165964402AA8BDF9F3E7386BB686EDCA780C0D382E5392BF460A6EFB2C6EA1937D3F809B440D5F5435C4C5CF7A9EEFAF54564BD
310
2182DA24162F98680B4E7930C21A0079709CEAEB99A372305ABE0C0D7D6078105A83F6A0296DAEE1068A47DD1C55A9F4C9B2FC69E3EFD44B81028E963DF81B504B0304140006080000B670623B000000000000000000000000350000006662782F45374635344235342D363743322D343832342D383044432D433445464530
310
3536354442422F76657274696365732E62696E504B0304140006080800B670623BF270F1330600000004000000360000006662782F45374635344235342D363743322D343832342D383044432D4334454645303536354442422F747269616E676C65732E62696E636660600000504B0304140006080000B670623B00000000
310
0000000000000000370000006662782F45374635344235342D363743322D343832342D383044432D4334454645303536354442422F617474726962757465732E62696E504B0304140006080800B670623B08DA0BD19000000041010000360000006662782F45374635344235342D363743322D343832342D383044432D4334
310
454645303536354442422F6469726563746F72792E786D6C858F410AC3201045AF22B36F53E9A60B35CBEEBAE80D244E44489C6234F4F835464A48035D0DF398FF9F8AF63D0E6CC63039F212F8F9020C7D47C6792B21C5FE7403D62A1188E2E60C98D7234A5830286103A55745067B9D86B8A3CF9C7F90C11DE607FB144396
310
D7B6A82D282E9A152AD114D5EF2CB866EEE831B8EEA07A7BB5A8D7D61A2BAAEB7FD5F70921FF497D00504B0304140006080800B670623B6378F24DFF000000A00100003B0000006662782F45374635344235342D363743322D343832342D383044432D4334454645303536354442422F7265736F75726365732F636F72652E
310
786D6C8D504B6E833010BD0A9A6D65B0094E42641C85B639412F6099496225D8C89FAAC7AF09546A77DDCC8CDE47F3F4C4F16B7C149FE88371B603565228D06A37187BED20C50BD9437194C23B177FC9A0B06AC40E6618A4B87A97A615D2CE46B431A3D60DB8822A048C50E8473E3A08FA86A32A558A5911EEE5A4F45D5DB1
310
6465A6B34E8A107D0E502C4FE609D26370C96B0CA25A58295232C3AA3143FE692E063D485EF7F5AEE71BD2D2F39634AFFC44DAF7DD9E9CCE6F9CD25DCBFA762BAAD92C4534E34F46ED51451C40D694B6843142EB0FD61C283F34FC85EE0F948A6A96FF31A569F8A729191B37F51A77B105902C0779125254735F793DCBCC7B
310
EE567E03504B010214000A0000080000B670623B3DEE336E79000000790000001B00000000000000000000000000000000006175746F6465736B2D64657369676E2D7061636B6167652E786D6C504B01021400140006080800B670623BD486FD9CA0000000F40000001300000000000000000000000000B20000005B436F6E
310
74656E745F54797065735D2E786D6C504B01021400140006080800B670623BBC1638F5EC0000007C010000080000000000000000000000000083010000636F72652E786D6C504B01021400140006080800B670623B55019EA25F0000007C000000070000000000000000000000000095020000636E782E786D6C504B010214
310
00140006080800B670623B3586FFB671010000D40300000C00000000000000000000000000190300006662782F636F72652E786D6C504B01021400140006080800B670623B4220A0FF7D0000009D0000000B00000000000000000000000000B40400006662782F636E782E786D6C504B01021400140006080800B670623B2F
310
A3FEDE290100001202000031000000000000000000000000005A0500006662782F45374635344235342D363743322D343832342D383044432D4334454645303536354442422F636F72652E786D6C504B01021400140006080800B670623B1B8617914E010000330300003000000000000000000000000000D2060000666278
310
2F45374635344235342D363743322D343832342D383044432D4334454645303536354442422F636E782E786D6C504B01021400140006080800B670623B29652116630500003C10000034000000000000000000000000006E0800006662782F45374635344235342D363743322D343832342D383044432D4334454645303536
310
354442422F6F626A656374732E786D6C504B01021400140006080000B670623B0000000000000000000000003500000000000000000000000000230E00006662782F45374635344235342D363743322D343832342D383044432D4334454645303536354442422F76657274696365732E62696E504B01021400140006080800
310
B670623BF270F13306000000040000003600000000000000000000000000760E00006662782F45374635344235342D363743322D343832342D383044432D4334454645303536354442422F747269616E676C65732E62696E504B01021400140006080000B670623B0000000000000000000000003700000000000000000000
310
000000D00E00006662782F45374635344235342D363743322D343832342D383044432D4334454645303536354442422F617474726962757465732E62696E504B01021400140006080800B670623B08DA0BD190000000410100003600000000000000000000000000250F00006662782F45374635344235342D363743322D34
310
3832342D383044432D4334454645303536354442422F6469726563746F72792E786D6C504B01021400140006080800B670623B6378F24DFF000000A00100003B00000000000000000000000000091000006662782F45374635344235342D363743322D343832342D383044432D4334454645303536354442422F7265736F75
310
726365732F636F72652E786D6C504B0506000000000E000E0080040000611100000000
  0
XRECORD
  5
112
102
{ACAD_REACTORS
330
110
102
}
330
110
100
AcDbXrecord
280
     1
270
     1
271
     1
  0
XRECORD
  5
111
102
{ACAD_REACTORS
330
110
102
}
330
110
100
AcDbXrecord
280
     1
270
     1
271
     1
  0
XRECORD
  5
18A
102
{ACAD_REACTORS
330
110
102
}
330
110
100
AcDbXrecord
280
     1
 70
     0
 90
1778669749
  1
9BF507EE-FAF7-4A99-A33D-4EE51894BC40
310
504B03040A0000080000B670623B3DEE336E79000000790000001B0000006175746F6465736B2D64657369676E2D7061636B6167652E786D6C3C3F786D6C2076657273696F6E3D22312E302220656E636F64696E673D227574662D3822203F3E3C666F726D6174733E3C666F726D61743E687474703A2F2F736368656D612E
310
6175746F6465736B2E636F6D2F64657369676E2D7061636B6167652F323030393C2F666F726D61743E3C2F666F726D6174733E504B0304140006080800B670623BD486FD9CA0000000F4000000130000005B436F6E74656E745F54797065735D2E786D6C7D8EC10E82300C865F65E91D8A1E8C310C0EEA1BF002731658846E
310
D98AC1B77784ABF1D8FE5FBFBF75BBCE937A534CCEB38643598122B6FEE978D0B0485F9C41B54DDD7D022595594E1A469170414C76A4D9A4D207E29CF43ECE46F218070CC6BECC4078ACAA135ACF422C856C0E68EA1BF5669944DDD7BCDE7B1F8E415D77AECB980613C2E4AC91FC167A2B244592486606FC29C8FD7F045B9A
310
EF7053A7E60B504B0304140006080800B670623BCA089DFFEC0000007C01000008000000636F72652E786D6C8D90416E83301045AF62CDB632D8402020E32882F604BD80653BC44AB011B6AB1EBF262152BBEB6A467FFE9B197D76FA9EEFE84BAFDE38DB03CD08206DA553C64E3DC470C1474027CE56E7C22F1B202B66DDC3
310
260367D3EAE2B24BD2D9A06D48AA754AEFA2F05E0740F29E9A1EBCBCEA59642286E4F0B76C11F226269DD15797E0188D42CF2346A57DE662F40ABCAEC77628C6120F654571D50C04B7F5B9C1E3997CD4F550BE3745C3F20DE62C98F9755FAE5A04AD801784B498524C8A4F5A75E4D055873772EC0861F966FF03C545FD138A
310
C686B2D8DF7D621E384D8F3C069CE55B16A93C824A75CB8DFF00504B0304140006080800B670623B55019EA25F0000007C00000007000000636E782E786D6C4DCB3B0E80201045D1AD90E915ED2CF8AC45050C11660C8261F98AB1B07AC9C97D42D718D865D3E909258CFD00CCE24AC6E326A164D74DC0B4128928FF326038
310
472BA13128B1252AC747C6BAB984FC68F0B87FE8960A5C09FE86CFB69FBA01504B0304140006080800B670623B68FC0B7272010000D40300000C0000006662782F636F72652E786D6CC5535B6E833010BC8AE5DF0A6C1E8124328E22D29EA01770C0A128602363A31CBFCB234A53A555FA553EC09AD9F5CE8C31DB5DDA060D
310
D2F4B556190E7C8A9154852E6B5565D8D993B7C668C799D1DA7E29C3488956667884316795D1AE5BA0422B2B950554E9522EA0E87B69312A1A5864B82F3E642B7CE12C54F467BF13C55954D20F7CA0A18EB3DE1A1080E621E31BF3D3F1C2C88C73E65C5D2E6C5DC2B4FA544B8379921C36797888BC3C8A032F4E73EA6D927D
310
EA1DF6F42D49F2E8350D5346C666CE6CDD5ED515460A2B4BCC434A375E1078347C0FE22D5D6DE3D50B5D6F2965642CBF6B725DF96493AB958DC245EEDCD6631E809089F8E61622B2A81703E8219C913144F84C09DF070D8140C8561C9BAB8F3340832CAC363130A576376A108D933095FA747AD0CF0B46E64E983A6D0EAE1F
310
CE089F9EF1FB8E70D44255604258581E9D1D75B259C3125A278D37D80B52DAB4A279CEC62F0EFF44DDC43F9454E8469BFF5244960322CBEF41C6FBC83F01504B0304140006080800B670623B0F71DDB67E0000009D0000000B0000006662782F636E782E786D6C4DCCD10A83201886E15B91FFDCA54DB73F502386BB8F5816
310
32D3703976F9ABD1C18E3E78F87855FB990379BBFCF2296AE02706C4C5471A7C9C349475A408A4352AA7B4FEDD80C47E761A7606A3A69CCA72D0E0C6BE8475D3E0E3F3409428EA6B27A84079A782899AA2EC1A7AE3ECCC2FD858CB2D544655BFD2B67BD87C01504B0304140006080800B670623BE134B4FB28010000120200
310
00310000006662782F38353834323741342D343835462D343034322D383541392D4331303331363839454531452F636F72652E786D6C8D515B6EC32010BC0AE22B55850D0EA424C24451959EA0172086A42831583CAA1CBF503B52FB971F16CDCECC0EACD8DFC71BF836215AEF7A481A0C817183D7D65D7A98D3197108F652
310
04EFD31F1A044E8DA6871586525C82CFD3020DDE25E352419DD76601558C264130DCCAA58771F832A36A544E8511AFCDA486ABBA988634A55D7852C4144A00300FA927949C71DABD1D28A29C7D208A6987383B6CD13BC16BB2E1DBE3911C453B0BA5C8D9EA456E758963CFD684674DAA588A64C747FC2118958C86B2C3788B
310
0841B8FB247487D98EB257CC77188BB6D2FF89F2A49F1465EBD2BA5BE2CEB2082511EDDC9042FB7CBA3DC298FBE4430275DE2A9AE1054ADC60CC08E3A29D89E5F9C5714317C7987C28DFBBBA9E0A97B0D97643A568EB864AF95D5FA9759BF207504B0304140006080800B670623B1B8617914E010000330300003000000066
310
62782F38353834323741342D343835462D343034322D383541392D4331303331363839454531452F636E782E786D6CD593C16EC32010447F0571AD6CE3D489D20813A9877E410FBD62D82434182CC055F3F75D1292E692438FBD206B7698593D61BEFD1E2DF982108D773D6D6B460938E5B571FB9ECE6957AD29D90A1EBC4F
310
77364A9C1CA1A759A682EF839FA72269D8C9D92654AD71C72206887E0E0A22CAF926B15E498B01E0AA19451807D01A34B919F16B070157417138917400F2F6FA41FCF0092A45DEE414C19BDC21783E4BD39D891265658C3D8DEA00A3ACE59CBC8678ACB54CB26EEB6BD7839D7E9348BE70AD9C8321B9BCA7F9A4A26C542347
310
DEE050F09802D22BA6749A800A394DD62899107273365E3C82CFC6A55557BC06C10774B7ABE7AEC3B0F34CF06446280E154026D0542C187BA9DAB6628BF7B6DBB0E5A65B3EB1F58631DE64BBE083F7B65CC218087E22CABB042E51D1F2268F1FE12B3EA24D40D63E9CFE00120194D60B9D5BC67FE6D39CDF37E20AF817881F
310
504B0304140006080800B670623B5933D422630500003B100000340000006662782F38353834323741342D343835462D343034322D383541392D4331303331363839454531452F6F626A656374732E786D6CAD575B6FA33814FE2B887D0642934E9B156594264D158D3A534DD4D13E548A0C38942D60649B4EBABF7E3F8321
310
40924EF6928780CDF1B97EE762EFF32E4B8D37CA45C2F21BD3B547A641F39045491EDF98A5DC5AD7A6F1D9F73863B243661A39C9E88DA9B64DDF8B392B0BBD15D12D295339D85DDEFE618890E6D434C2940871638AF08566C426A5641115AF764424B1E3EDCE76ED9AB0CF36E6A47819302D08A7B984A6D8CFC1C5A89572FB
310
CB91E9F89EA3BEFB9EFAD754E3D3544E654F5F7E920B49F2F040D880CDD89D2CEE2E2EA7D6E56432B6269F2E5CEB7679BBB0DCABF168FE693E9FCEEEA6102C240727AD09A75BD3BF876F78127A4EFDA9D5582B7E4CA590E5390D2BFB6161A5B3E618D182E611E2985001691DAB47FDA5AB7CD3F93C566B2DB2BB7D9E55DD13
310
1D468DEECDB3AB290BFE8409E21C54704115AA6AFF68436BFC8DF65E0B184BF5B74418199194272435D224E084BF9B3E481589EFF5D828747285706581E9BB7B7E5D5D911ABFC6EE312DB7659A2A689A7E85EC0DF04FA5A8344BFEA2FCB834E8845895492EAFB541F2BDA0A63FF59C6AD3F7D4637CA13FD68E34B629891172
310
98597F1D183A57B9B75A98FE9765B05BAB7C3C2EBCE0ACA05C2AF8005A4DE09AA7F29216EB9E15397500C6F47CBE77CA7778FE2BD277AF0AE2C693DD6437D1522427B9D8329E2136F6A8FA19A3E6C56ADF0E5F50CF06D48734EDCEBF22F69C56D97EC138153F804B85E6FABFC7AFEFB32E523BE1F3BD372418E363EDCA7548
310
52949E8724474014288D94610BB57C1BEC4C7F854A89CA8E5324F55B871CBC78CE1BBEE3BFE68D6A5589EF3C730474506FCFA8FCF0659516D0ED04580EEA6425581B77CAE797FF4BCECC16EB2FEB926F49481F746159D06D922712BD730FDEAE42BD40F42C7AA5EF3F198F60E86110D6DD20645A9480B795CF95E3E3A659A8
310
C55E724F408873315335CFFB8584874484344D494E59D94869DB90C26A5B64F49C802CAC1D3ABE18A098D3B7444D123D8A9E5AE8F5214F0AE5B2B6E9B575DA3E61CBD3EA2B4009FA940524DD1305FB6A1FB294F14DF0BEA90BA109ECE1481FDC3FFAE8D60E75141700BE82725371B4873751B2DD960265F788137FACE6DD40
310
B575E4F0A5C99F46629D92131467A41EE11ABD8D4CCC039CA0AFB37C93A08B232B8F0AEFCA1E0A1015DF13FC83322B362463652ECF71D3A8B1A7D1BE65DE1D62C44F22C317D35F574FEB16153BA2D13E543D10A80E74C4A65E78A6B7CBCBD1D5DD9DB59C2DAFACC96C3AB566E3F1C29ADCDD5DBAD7D3C9ED7C822ED74F80A6
310
41755310DE4443F44A9E68373FADF6596BFA0F440AE7BECE2727AE9F4F2B1B53B1E7E00CF0DD1E5C65454A339A4BA2D0FBA05ED2EF0443458F47BDBFCA484CCFE0F2ED7E3DD0013B679C7B5499467F0ECEEADDB9CA85A34CE44B99053949D2C1416DB85DE4B136BB7165FBAC0B7AB3542BED4F8CA182A549847A1319316519
310
95A83A67147B9E5101C47487F2485F1ECE38FD568F839204296D3479219888530154036E6528FBFBC66F98E0D4107563A2D7D9AFF8D389681A08F58D89F22693900A3B407754734FC51C10C010D6D640809EE4718AC1BA3ED4AEDB53CA37283F68805A7E4B72CEB0A4EDEAD5DD8C14059A76AFAA56BA6901E13F32BC51C720
310
12AF41295B5BF61BAD3195181FB506E6B40F4C10AF5AF40EF9F5B159AE5DD1F43C72D635E94310D45C2D49785C5D0B94D3B54AB3C5A38349C0587D338AB48C11CBF339599C02CCA54A70A008A8D03C0B2201D5F9EFCF8F9CE12A9A19CB0410789EB32C63B95ECCF455D658BFE0621A3DA32C5075FB101723D77DAE867E7D0F
310
D90444509B44E2151B4DC2290B065803200FBAA9BE9D392A0603F2D5C2D00D6302A615680F66D2FA166E2079D4C551A54AB758161FCEFD4E450A14704CECFEDF504B0304140006080000B670623B000000000000000000000000350000006662782F38353834323741342D343835462D343034322D383541392D4331303331
310
363839454531452F76657274696365732E62696E504B0304140006080800B670623BF270F1330600000004000000360000006662782F38353834323741342D343835462D343034322D383541392D4331303331363839454531452F747269616E676C65732E62696E636660600000504B0304140006080000B670623B000000
310
000000000000000000370000006662782F38353834323741342D343835462D343034322D383541392D4331303331363839454531452F617474726962757465732E62696E504B0304140006080800B670623B08DA0BD19000000041010000360000006662782F38353834323741342D343835462D343034322D383541392D43
310
31303331363839454531452F6469726563746F72792E786D6C858F410AC3201045AF22B36F53E9A60B35CBEEBAE80D244E44489C6234F4F835464A48035D0DF398FF9F8AF63D0E6CC63039F212F8F9020C7D47C6792B21C5FE7403D62A1188E2E60C98D7234A5830286103A55745067B9D86B8A3CF9C7F90C11DE607FB1443
310
96D7B6A82D282E9A152AD114D5EF2CB866EEE831B8EEA07A7BB5A8D7D61A2BAAEB7FD5F70921FF497D00504B0304140006080800B670623BD9A3B367FE000000A00100003B0000006662782F38353834323741342D343835462D343034322D383541392D4331303331363839454531452F7265736F75726365732F636F7265
310
2E786D6C8D504B6E833010BD0A9A6D65B01D0201194711694FD00B586642AD043BF2A7EAF16B122AB5BB6E6646EFA3797AE2F8B5DC8A4FF4C1383B002B291468B59B8C9D0748F1420E501CA5F0CEC55F3228AC5A708015062966EFD27D83B4B3116DCCA875136EA00A012314FA968F0182FEC045952AC5AC08D7F2AEF455CD
310
58B232D3592745883E07289E4FD609D26370C96B0CA27AB252A464A64D63A6FCD35C0C7A904D73EE467EE664DCD58CD4ED4849D79C5A723ED1B7A61977AF2D6F45B59AA58866F9C9A83DAA8813484E6947182394BFB3BAA7FBBEDEBFD0434FA9A856F91F53BA4FFF342563E38E6F719FB60092E5200F428A6AED2BAF479979
310
AFDDCA6F504B010214000A0000080000B670623B3DEE336E79000000790000001B00000000000000000000000000000000006175746F6465736B2D64657369676E2D7061636B6167652E786D6C504B01021400140006080800B670623BD486FD9CA0000000F40000001300000000000000000000000000B20000005B436F6E
310
74656E745F54797065735D2E786D6C504B01021400140006080800B670623BCA089DFFEC0000007C010000080000000000000000000000000083010000636F72652E786D6C504B01021400140006080800B670623B55019EA25F0000007C000000070000000000000000000000000095020000636E782E786D6C504B010214
310
00140006080800B670623B68FC0B7272010000D40300000C00000000000000000000000000190300006662782F636F72652E786D6C504B01021400140006080800B670623B0F71DDB67E0000009D0000000B00000000000000000000000000B50400006662782F636E782E786D6C504B01021400140006080800B670623BE1
310
34B4FB280100001202000031000000000000000000000000005C0500006662782F38353834323741342D343835462D343034322D383541392D4331303331363839454531452F636F72652E786D6C504B01021400140006080800B670623B1B8617914E010000330300003000000000000000000000000000D3060000666278
310
2F38353834323741342D343835462D343034322D383541392D4331303331363839454531452F636E782E786D6C504B01021400140006080800B670623B5933D422630500003B10000034000000000000000000000000006F0800006662782F38353834323741342D343835462D343034322D383541392D4331303331363839
310
454531452F6F626A656374732E786D6C504B01021400140006080000B670623B0000000000000000000000003500000000000000000000000000240E00006662782F38353834323741342D343835462D343034322D383541392D4331303331363839454531452F76657274696365732E62696E504B01021400140006080800
310
B670623BF270F13306000000040000003600000000000000000000000000770E00006662782F38353834323741342D343835462D343034322D383541392D4331303331363839454531452F747269616E676C65732E62696E504B01021400140006080000B670623B0000000000000000000000003700000000000000000000
310
000000D10E00006662782F38353834323741342D343835462D343034322D383541392D4331303331363839454531452F617474726962757465732E62696E504B01021400140006080800B670623B08DA0BD190000000410100003600000000000000000000000000260F00006662782F38353834323741342D343835462D34
310
3034322D383541392D4331303331363839454531452F6469726563746F72792E786D6C504B01021400140006080800B670623BD9A3B367FE000000A00100003B000000000000000000000000000A1000006662782F38353834323741342D343835462D343034322D383541392D4331303331363839454531452F7265736F75
310
726365732F636F72652E786D6C504B0506000000000E000E0080040000611100000000
  0
XRECORD
  5
113
102
{ACAD_REACTORS
330
110
102
}
330
110
100
AcDbXrecord
280
     1
270
     1
271
     1
  0
XRECORD
  5
114
102
{ACAD_REACTORS
330
110
102
}
330
110
100
AcDbXrecord
280
     1
270
     1
271
     1
  0
CELLSTYLEMAP
  5
1AC2
102
{ACAD_REACTORS
330
104
102
}
330
104
100
AcDbCellStyleMap
 90
        3
300
CELLSTYLE
  1
TABLEFORMAT_BEGIN
 90
        5
170
     1
 91
        0
 92
    32768
 62
   257
 93
        1
300
CONTENTFORMAT
  1
CONTENTFORMAT_BEGIN
 90
        0
 91
        0
 92
      512
 93
        0
300

 40
0.0
140
1.0
 94
        5
 62
     0
340
11
144
0.25
309
CONTENTFORMAT_END
171
     1
301
MARGIN
  1
CELLMARGIN_BEGIN
 40
0.06
 40
0.06
 40
0.06
 40
0.06
 40
0.18
 40
0.18
309
CELLMARGIN_END
 94
        6
 95
        1
302
GRIDFORMAT
  1
GRIDFORMAT_BEGIN
 90
        0
 91
        1
 62
     0
 92
       -2
340
0
 93
        0
 40
0.045
309
GRIDFORMAT_END
 95
        2
302
GRIDFORMAT
  1
GRIDFORMAT_BEGIN
 90
        0
 91
        1
 62
     0
 92
       -2
340
0
 93
        0
 40
0.045
309
GRIDFORMAT_END
 95
        4
302
GRIDFORMAT
  1
GRIDFORMAT_BEGIN
 90
        0
 91
        1
 62
     0
 92
       -2
340
0
 93
        0
 40
0.045
309
GRIDFORMAT_END
 95
        8
302
GRIDFORMAT
  1
GRIDFORMAT_BEGIN
 90
        0
 91
        1
 62
     0
 92
       -2
340
0
 93
        0
 40
0.045
309
GRIDFORMAT_END
 95
       16
302
GRIDFORMAT
  1
GRIDFORMAT_BEGIN
 90
        0
 91
        1
 62
     0
 92
       -2
340
0
 93
        0
 40
0.045
309
GRIDFORMAT_END
 95
       32
302
GRIDFORMAT
  1
GRIDFORMAT_BEGIN
 90
        0
 91
        1
 62
     0
 92
       -2
340
0
 93
        0
 40
0.045
309
GRIDFORMAT_END
309
TABLEFORMAT_END
  1
CELLSTYLE_BEGIN
 90
        1
 91
        1
300
_TITLE
309
CELLSTYLE_END
300
CELLSTYLE
  1
TABLEFORMAT_BEGIN
 90
        5
170
     1
 91
        0
 92
        0
 62
   257
 93
        1
300
CONTENTFORMAT
  1
CONTENTFORMAT_BEGIN
 90
        0
 91
        0
 92
      512
 93
        0
300

 40
0.0
140
1.0
 94
        5
 62
     0
340
11
144
0.18
309
CONTENTFORMAT_END
171
     1
301
MARGIN
  1
CELLMARGIN_BEGIN
 40
0.06
 40
0.06
 40
0.06
 40
0.06
 40
0.18
 40
0.18
309
CELLMARGIN_END
 94
        6
 95
        1
302
GRIDFORMAT
  1
GRIDFORMAT_BEGIN
 90
        0
 91
        1
 62
     0
 92
       -2
340
0
 93
        0
 40
0.045
309
GRIDFORMAT_END
 95
        2
302
GRIDFORMAT
  1
GRIDFORMAT_BEGIN
 90
        0
 91
        1
 62
     0
 92
       -2
340
0
 93
        0
 40
0.045
309
GRIDFORMAT_END
 95
        4
302
GRIDFORMAT
  1
GRIDFORMAT_BEGIN
 90
        0
 91
        1
 62
     0
 92
       -2
340
0
 93
        0
 40
0.045
309
GRIDFORMAT_END
 95
        8
302
GRIDFORMAT
  1
GRIDFORMAT_BEGIN
 90
        0
 91
        1
 62
     0
 92
       -2
340
0
 93
        0
 40
0.045
309
GRIDFORMAT_END
 95
       16
302
GRIDFORMAT
  1
GRIDFORMAT_BEGIN
 90
        0
 91
        1
 62
     0
 92
       -2
340
0
 93
        0
 40
0.045
309
GRIDFORMAT_END
 95
       32
302
GRIDFORMAT
  1
GRIDFORMAT_BEGIN
 90
        0
 91
        1
 62
     0
 92
       -2
340
0
 93
        0
 40
0.045
309
GRIDFORMAT_END
309
TABLEFORMAT_END
  1
CELLSTYLE_BEGIN
 90
        2
 91
        1
300
_HEADER
309
CELLSTYLE_END
300
CELLSTYLE
  1
TABLEFORMAT_BEGIN
 90
        5
170
     1
 91
        0
 92
        0
 62
   257
 93
        1
300
CONTENTFORMAT
  1
CONTENTFORMAT_BEGIN
 90
        0
 91
        0
 92
      512
 93
        0
300

 40
0.0
140
1.0
 94
        2
 62
     0
340
11
144
0.18
309
CONTENTFORMAT_END
171
     1
301
MARGIN
  1
CELLMARGIN_BEGIN
 40
0.06
 40
0.06
 40
0.06
 40
0.06
 40
0.18
 40
0.18
309
CELLMARGIN_END
 94
        6
 95
        1
302
GRIDFORMAT
  1
GRIDFORMAT_BEGIN
 90
        0
 91
        1
 62
     0
 92
       -2
340
0
 93
        0
 40
0.045
309
GRIDFORMAT_END
 95
        2
302
GRIDFORMAT
  1
GRIDFORMAT_BEGIN
 90
        0
 91
        1
 62
     0
 92
       -2
340
0
 93
        0
 40
0.045
309
GRIDFORMAT_END
 95
        4
302
GRIDFORMAT
  1
GRIDFORMAT_BEGIN
 90
        0
 91
        1
 62
     0
 92
       -2
340
0
 93
        0
 40
0.045
309
GRIDFORMAT_END
 95
        8
302
GRIDFORMAT
  1
GRIDFORMAT_BEGIN
 90
        0
 91
        1
 62
     0
 92
       -2
340
0
 93
        0
 40
0.045
309
GRIDFORMAT_END
 95
       16
302
GRIDFORMAT
  1
GRIDFORMAT_BEGIN
 90
        0
 91
        1
 62
     0
 92
       -2
340
0
 93
        0
 40
0.045
309
GRIDFORMAT_END
 95
       32
302
GRIDFORMAT
  1
GRIDFORMAT_BEGIN
 90
        0
 91
        1
 62
     0
 92
       -2
340
0
 93
        0
 40
0.045
309
GRIDFORMAT_END
309
TABLEFORMAT_END
  1
CELLSTYLE_BEGIN
 90
        3
 91
        2
300
_DATA
309
CELLSTYLE_END
  0
ENDSEC
  0
SECTION
  2
ACDSDATA
 70
     2
 71
     8
  0
ACDSSCHEMA
 90
        0
  1
AcDb_Thumbnail_Schema
  2
AcDbDs::ID
280
    10
 91
        8
  2
Thumbnail_Data
280
    15
 91
        0
101
ACDSRECORD
 95
        0
 90
        1
  2
AcDbDs::TreatedAsObjectData
280
     1
291
     1
101
ACDSRECORD
 95
        0
 90
        2
  2
AcDbDs::Legacy
280
     1
291
     1
101
ACDSRECORD
  1
AcDbDs::ID
 90
        3
  2
AcDs:Indexable
280
     1
291
     1
101
ACDSRECORD
  1
AcDbDs::ID
 90
        4
  2
AcDbDs::HandleAttribute
280
     7
282
     1
  0
ACDSSCHEMA
 90
        1
  1
AcDbDs::TreatedAsObjectDataSchema
  2
AcDbDs::TreatedAsObjectData
280
     1
 91
        0
  0
ACDSSCHEMA
 90
        2
  1
AcDbDs::LegacySchema
  2
AcDbDs::Legacy
280
     1
 91
        0
  0
ACDSSCHEMA
 90
        3
  1
AcDbDs::IndexedPropertySchema
  2
AcDs:Indexable
280
     1
 91
        0
  0
ACDSSCHEMA
 90
        4
  1
AcDbDs::HandleAttributeSchema
  2
AcDbDs::HandleAttribute
280
     7
 91
        1
284
     1
  0
ACDSRECORD
 90
        0
  2
AcDbDs::ID
280
    10
320
22
  2
Thumbnail_Data
280
    15
 94
     1872
310
89504E470D0A1A0A0000000D494844520000010000000065080300000095E2CD0900000300504C5445212830FFFFFF2128300000000000000000000000000000000000000000000000000000330000660000990000CC0000FF0033000033330033660033990033CC0033FF0066000066330066660066990066CC0066FF0099
310
000099330099660099990099CC0099FF00CC0000CC3300CC6600CC9900CCCC00CCFF00FF0000FF3300FF6600FF9900FFCC00FFFF3300003300333300663300993300CC3300FF3333003333333333663333993333CC3333FF3366003366333366663366993366CC3366FF3399003399333399663399993399CC3399FF33CC00
310
33CC3333CC6633CC9933CCCC33CCFF33FF0033FF3333FF6633FF9933FFCC33FFFF6600006600336600666600996600CC6600FF6633006633336633666633996633CC6633FF6666006666336666666666996666CC6666FF6699006699336699666699996699CC6699FF66CC0066CC3366CC6666CC9966CCCC66CCFF66FF0066
310
FF3366FF6666FF9966FFCC66FFFF9900009900339900669900999900CC9900FF9933009933339933669933999933CC9933FF9966009966339966669966999966CC9966FF9999009999339999669999999999CC9999FF99CC0099CC3399CC6699CC9999CCCC99CCFF99FF0099FF3399FF6699FF9999FFCC99FFFFCC0000CC00
310
33CC0066CC0099CC00CCCC00FFCC3300CC3333CC3366CC3399CC33CCCC33FFCC6600CC6633CC6666CC6699CC66CCCC66FFCC9900CC9933CC9966CC9999CC99CCCC99FFCCCC00CCCC33CCCC66CCCC99CCCCCCCCCCFFCCFF00CCFF33CCFF66CCFF99CCFFCCCCFFFFFF0000FF0033FF0066FF0099FF00CCFF00FFFF3300FF3333
310
FF3366FF3399FF33CCFF33FFFF6600FF6633FF6666FF6699FF66CCFF66FFFF9900FF9933FF9966FF9999FF99CCFF99FFFFCC00FFCC33FFCC66FFCC99FFCCCCFFCCFFFFFF00FFFF33FFFF66FFFF99FFFFCCFFFFFF0000000D0D0D1A1A1A2828283535354343435050505D5D5D6B6B6B787878868686939393A1A1A1AEAEAEBB
310
BBBBC9C9C9D6D6D6E4E4E4F1F1F1FFFFFF0000000000000000000000000000000000000000000000000000000000002E4550F1000002AF4944415478DAED9CDB8E83300C44FDFF5F9B97795F5A15706E2526E98A8963692B5077ABE4EC78624CA8882040B6D7ED27608BD7115E67DBB9E888CFF2C0E59B9067460EA038E549
310
01842C701EDA01E0CD904C018DC39C3705168005601F25E458016E02E0F68005601800A8580A7005C0BD094EB00CF60228FF3D5D1D50C8E4360010D02B40BBF76D05249F420100232A417E05BCA650CC632F1E80DA52EE641578B744E07615A83A60BB0750033866D001803A05760B2C2AA135051235F100D0B33E30DC0740
310
9B02D57AD8C32A300040D64CE604D0B30CA609856703401EDD0D11702B40BA005426EA0740A58AF006204B294F009C7B001D80D014139BA04ED51055EFFA0D93024435C50814A08F358090FE9215004B0AD4B2FC3E007806C07731B414301C802C0F8064EDC5070300BCA7C050008C26E85D01EAB24D1F4727965298CF04CF
310
11073DC8A0066FAF04D3FE121100C4006007006E05F401E034417C4D019307CC0860FE1438863C40016F9A640D9173C83100E5E0B39B603905D44A660500A2AE703854505200AC0A20ED07A8D69F02708EDB0280EDF6782AD75E00745B6462056400AC1EC0B74FF002805D017A8F0C0B80DDAB437A4F6F7F993F053E0F4EA6
310
8590FD7298CF048F14285682307784E8B6C95D00B0DE1A234C81FA83B3776E8E6A1044DBE5D152CF4DBA5738B4C79CA5703276A0F74328374B0F045079DCC29D02C836498D04E0DE0316006E001D04487B82D93D2C7700D4C1D57E710B009A52F81819D26ADE9102F67BDA0300F099E0E78BB3E019C028057C0D120F40F5B1
310
C9B90188FCC603C0B60CBA041077C17BEB003E0072B44407D6D35C003AFEE90D00F6C2702940E81F9ABAB30CBA074050070CAE29E3293B5340958963005429809E98611558007E0120DA7BF5F82F53F30EC06725887F0A070AB8A59105600158009C98E0A0AECB8AD1F107FA79BEC74B3E94D10000000049454E44AE426082
310
4E44AE4260821C16161616161666C27E004AFCB7A55425996A0000000049454E44AE4260825BB66CD9B265CB962D5BB6EC79F603B4DB899BBD9BB9570000000049454E44AE42608282400BC0C026F02E00507A7C7C2960F98005C00C008D45D1BB002002A0789BFA00E41F5F0A28402F8082E28B87E57A0028CA056A00FCA8
310
20E00774F9801B8782E00FFB4B02D01D05E211F9CD0C6601D0F9AF0F440068FDABB2B529B97C40FC70A463291CEE91FFCDB3C13FA2EEC3C0F61CF6F10000000049454E44AE426082E46B49F65B662E03A05E01ADC780F72E901A11910800D53120F1BB840058C2D6AB9582190A88061964019827B751E70511008E0A78BB1E
310
D40F061C07C03306E4208A18D402E09B05729CC46F92A80620FC5F6C4431C06F813EABFD720098C34170F71A45C480390DEA04E06640280A5D008EFE4FB42D80C8FF45298011807FB6C12A3AD0369D570000000049454E44AE4260826082
  0
ENDSEC
  0
EOF
