  0
SECTION
  2
HEADER
  9
$ACADVER
  1
AC1032
  9
$ACADMAINTVER
 90
      427
  9
$DWGCODEPAGE
  3
ANSI_1252
  9
$LASTSAVEDBY
  1
Tomas
  9
$REQUIREDVERSIONS
160
                 0
  9
$INSBASE
 10
0.0
 20
0.0
 30
0.0
  9
$EXTMIN
 10
706.4526689800937
 20
1021.631477683104
 30
0.0
  9
$EXTMAX
 10
1807.464124237214
 20
1800.203863900662
 30
24.79567666480364
  9
$LIMMIN
 10
0.0
 20
0.0
  9
$LIMMAX
 10
12.0
 20
9.0
  9
$ORTHOMODE
 70
     0
  9
$REGENMODE
 70
     1
  9
$FILLMODE
 70
     1
  9
$QTEXTMODE
 70
     0
  9
$MIRRTEXT
 70
     0
  9
$LTSCALE
 40
1.0
  9
$ATTMODE
 70
     1
  9
$TEXTSIZE
 40
0.2
  9
$TRACEWID
 40
0.05
  9
$TEXTSTYLE
  7
Standard
  9
$CLAYER
  8
0
  9
$CELTYPE
  6
ByLayer
  9
$CECOLOR
 62
   256
  9
$CELTSCALE
 40
1.0
  9
$DISPSILH
 70
     0
  9
$DIMSCALE
 40
1.0
  9
$DIMASZ
 40
0.18
  9
$DIMEXO
 40
0.0625
  9
$DIMDLI
 40
0.38
  9
$DIMRND
 40
0.0
  9
$DIMDLE
 40
0.0
  9
$DIMEXE
 40
0.18
  9
$DIMTP
 40
0.0
  9
$DIMTM
 40
0.0
  9
$DIMTXT
 40
0.18
  9
$DIMCEN
 40
0.09
  9
$DIMTSZ
 40
0.0
  9
$DIMTOL
 70
     0
  9
$DIMLIM
 70
     0
  9
$DIMTIH
 70
     1
  9
$DIMTOH
 70
     1
  9
$DIMSE1
 70
     0
  9
$DIMSE2
 70
     0
  9
$DIMTAD
 70
     0
  9
$DIMZIN
 70
     0
  9
$DIMBLK
  1

  9
$DIMASO
 70
     1
  9
$DIMSHO
 70
     1
  9
$DIMPOST
  1

  9
$DIMAPOST
  1

  9
$DIMALT
 70
     0
  9
$DIMALTD
 70
     2
  9
$DIMALTF
 40
25.4
  9
$DIMLFAC
 40
1.0
  9
$DIMTOFL
 70
     0
  9
$DIMTVP
 40
0.0
  9
$DIMTIX
 70
     0
  9
$DIMSOXD
 70
     0
  9
$DIMSAH
 70
     0
  9
$DIMBLK1
  1

  9
$DIMBLK2
  1

  9
$DIMSTYLE
  2
Standard
  9
$DIMCLRD
 70
     0
  9
$DIMCLRE
 70
     0
  9
$DIMCLRT
 70
     0
  9
$DIMTFAC
 40
1.0
  9
$DIMGAP
 40
0.09
  9
$DIMJUST
 70
     0
  9
$DIMSD1
 70
     0
  9
$DIMSD2
 70
     0
  9
$DIMTOLJ
 70
     1
  9
$DIMTZIN
 70
     0
  9
$DIMALTZ
 70
     0
  9
$DIMALTTZ
 70
     0
  9
$DIMUPT
 70
     0
  9
$DIMDEC
 70
     4
  9
$DIMTDEC
 70
     4
  9
$DIMALTU
 70
     2
  9
$DIMALTTD
 70
     2
  9
$DIMTXSTY
  7
Standard
  9
$DIMAUNIT
 70
     0
  9
$DIMADEC
 70
     0
  9
$DIMALTRND
 40
0.0
  9
$DIMAZIN
 70
     0
  9
$DIMDSEP
 70
    46
  9
$DIMATFIT
 70
     3
  9
$DIMFRAC
 70
     0
  9
$DIMLDRBLK
  1

  9
$DIMLUNIT
 70
     2
  9
$DIMLWD
 70
    -2
  9
$DIMLWE
 70
    -2
  9
$DIMTMOVE
 70
     0
  9
$DIMFXL
 40
1.0
  9
$DIMFXLON
 70
     0
  9
$DIMJOGANG
 40
0.7853981633974483
  9
$DIMTFILL
 70
     0
  9
$DIMTFILLCLR
 70
     0
  9
$DIMARCSYM
 70
     0
  9
$DIMLTYPE
  6

  9
$DIMLTEX1
  6

  9
$DIMLTEX2
  6

  9
$DIMTXTDIRECTION
 70
     0
  9
$LUNITS
 70
     2
  9
$LUPREC
 70
     4
  9
$SKETCHINC
 40
0.1
  9
$FILLETRAD
 40
0.0
  9
$AUNITS
 70
     0
  9
$AUPREC
 70
     0
  9
$MENU
  1
.
  9
$ELEVATION
 40
0.0
  9
$PELEVATION
 40
0.0
  9
$THICKNESS
 40
0.0
  9
$LIMCHECK
 70
     0
  9
$CHAMFERA
 40
0.0
  9
$CHAMFERB
 40
0.0
  9
$CHAMFERC
 40
0.0
  9
$CHAMFERD
 40
0.0
  9
$SKPOLY
 70
     0
  9
$TDCREATE
 40
2460970.161562500
  9
$TDUCREATE
 40
2460970.286562500
  9
$TDUPDATE
 40
2461295.909618055
  9
$TDUUPDATE
 40
2461296.034618055
  9
$TDINDWG
 40
0.6534722222
  9
$TDUSRTIMER
 40
0.6534722222
  9
$USRTIMER
 70
     1
  9
$ANGBASE
 50
0.0
  9
$ANGDIR
 70
     0
  9
$PDMODE
 70
     0
  9
$PDSIZE
 40
0.0
  9
$PLINEWID
 40
0.0
  9
$SPLFRAME
 70
     0
  9
$SPLINETYPE
 70
     6
  9
$SPLINESEGS
 70
     8
  9
$HANDSEED
  5
10F7
  9
$SURFTAB1
 70
     6
  9
$SURFTAB2
 70
     6
  9
$SURFTYPE
 70
     6
  9
$SURFU
 70
     6
  9
$SURFV
 70
     6
  9
$UCSBASE
  2

  9
$UCSNAME
  2

  9
$UCSORG
 10
0.0
 20
0.0
 30
0.0
  9
$UCSXDIR
 10
1.0
 20
0.0
 30
0.0
  9
$UCSYDIR
 10
0.0
 20
1.0
 30
0.0
  9
$UCSORTHOREF
  2

  9
$UCSORTHOVIEW
 70
     0
  9
$UCSORGTOP
 10
0.0
 20
0.0
 30
0.0
  9
$UCSORGBOTTOM
 10
0.0
 20
0.0
 30
0.0
  9
$UCSORGLEFT
 10
0.0
 20
0.0
 30
0.0
  9
$UCSORGRIGHT
 10
0.0
 20
0.0
 30
0.0
  9
$UCSORGFRONT
 10
0.0
 20
0.0
 30
0.0
  9
$UCSORGBACK
 10
0.0
 20
0.0
 30
0.0
  9
$PUCSBASE
  2

  9
$PUCSNAME
  2

  9
$PUCSORG
 10
0.0
 20
0.0
 30
0.0
  9
$PUCSXDIR
 10
1.0
 20
0.0
 30
0.0
  9
$PUCSYDIR
 10
0.0
 20
1.0
 30
0.0
  9
$PUCSORTHOREF
  2

  9
$PUCSORTHOVIEW
 70
     0
  9
$PUCSORGTOP
 10
0.0
 20
0.0
 30
0.0
  9
$PUCSORGBOTTOM
 10
0.0
 20
0.0
 30
0.0
  9
$PUCSORGLEFT
 10
0.0
 20
0.0
 30
0.0
  9
$PUCSORGRIGHT
 10
0.0
 20
0.0
 30
0.0
  9
$PUCSORGFRONT
 10
0.0
 20
0.0
 30
0.0
  9
$PUCSORGBACK
 10
0.0
 20
0.0
 30
0.0
  9
$USERI1
 70
     0
  9
$USERI2
 70
     0
  9
$USERI3
 70
     0
  9
$USERI4
 70
     0
  9
$USERI5
 70
     0
  9
$USERR1
 40
0.0
  9
$USERR2
 40
0.0
  9
$USERR3
 40
0.0
  9
$USERR4
 40
0.0
  9
$USERR5
 40
0.0
  9
$WORLDVIEW
 70
     1
  9
$SHADEDGE
 70
     3
  9
$SHADEDIF
 70
    70
  9
$TILEMODE
 70
     1
  9
$MAXACTVP
 70
    64
  9
$PINSBASE
 10
0.0
 20
0.0
 30
0.0
  9
$PLIMCHECK
 70
     0
  9
$PEXTMIN
 10
0.0
 20
0.0
 30
0.0
  9
$PEXTMAX
 10
0.0
 20
0.0
 30
0.0
  9
$PLIMMIN
 10
0.0
 20
0.0
  9
$PLIMMAX
 10
12.0
 20
9.0
  9
$UNITMODE
 70
     0
  9
$VISRETAIN
 70
     1
  9
$PLINEGEN
 70
     0
  9
$PSLTSCALE
 70
     1
  9
$TREEDEPTH
 70
  3020
  9
$CMLSTYLE
  2
Standard
  9
$CMLJUST
 70
     0
  9
$CMLSCALE
 40
1.0
  9
$PROXYGRAPHICS
 70
     1
  9
$MEASUREMENT
 70
     0
  9
$CELWEIGHT
370
    -1
  9
$ENDCAPS
280
     0
  9
$JOINSTYLE
280
     0
  9
$LWDISPLAY
290
     0
  9
$INSUNITS
 70
     1
  9
$HYPERLINKBASE
  1

  9
$STYLESHEET
  1

  9
$XEDIT
290
     1
  9
$CEPSNTYPE
380
     0
  9
$PSTYLEMODE
290
     1
  9
$FINGERPRINTGUID
  2
{37269D0B-2F32-DB44-A2A8-FC381118DCE7}
  9
$VERSIONGUID
  2
{AD8D772E-9A00-D94E-9FE0-710F1D440D6B}
  9
$EXTNAMES
290
     1
  9
$PSVPSCALE
 40
0.0
  9
$OLESTARTUP
290
     0
  9
$SORTENTS
280
   127
  9
$INDEXCTL
280
     0
  9
$HIDETEXT
280
     1
  9
$XCLIPFRAME
280
     2
  9
$HALOGAP
280
     0
  9
$OBSCOLOR
 70
   257
  9
$OBSLTYPE
280
     0
  9
$INTERSECTIONDISPLAY
280
     0
  9
$INTERSECTIONCOLOR
 70
   257
  9
$DIMASSOC
280
     2
  9
$PROJECTNAME
  1

  9
$CAMERADISPLAY
290
     0
  9
$LENSLENGTH
 40
50.0
  9
$CAMERAHEIGHT
 40
0.0
  9
$STEPSPERSEC
 40
2.0
  9
$STEPSIZE
 40
6.0
  9
$3DDWFPREC
 40
2.0
  9
$PSOLWIDTH
 40
0.25
  9
$PSOLHEIGHT
 40
4.0
  9
$LOFTANG1
 40
1.570796326794896
  9
$LOFTANG2
 40
1.570796326794896
  9
$LOFTMAG1
 40
0.0
  9
$LOFTMAG2
 40
0.0
  9
$LOFTPARAM
 70
     7
  9
$LOFTNORMALS
280
     1
  9
$LATITUDE
 40
37.795
  9
$LONGITUDE
 40
-122.394
  9
$NORTHDIRECTION
 40
0.0
  9
$TIMEZONE
 70
 -8000
  9
$LIGHTGLYPHDISPLAY
280
     1
  9
$TILEMODELIGHTSYNCH
280
     1
  9
$CMATERIAL
347
96
  9
$SOLIDHIST
280
     0
  9
$SHOWHIST
280
     1
  9
$DWFFRAME
280
     2
  9
$DGNFRAME
280
     0
  9
$REALWORLDSCALE
290
     1
  9
$INTERFERECOLOR
 62
     1
  9
$INTERFEREOBJVS
345
A3
  9
$INTERFEREVPVS
346
A0
  9
$CSHADOW
280
     0
  9
$SHADOWPLANELOCATION
 40
0.0
  0
ENDSEC
  0
SECTION
  2
CLASSES
  0
CLASS
  1
ACDBDICTIONARYWDFLT
  2
AcDbDictionaryWithDefault
  3
ObjectDBX Classes
 90
        0
 91
        1
280
     0
281
     0
  0
CLASS
  1
DICTIONARYVAR
  2
AcDbDictionaryVar
  3
ObjectDBX Classes
 90
        0
 91
        9
280
     0
281
     0
  0
CLASS
  1
TABLESTYLE
  2
AcDbTableStyle
  3
ObjectDBX Classes
 90
     4095
 91
        1
280
     0
281
     0
  0
CLASS
  1
MATERIAL
  2
AcDbMaterial
  3
ObjectDBX Classes
 90
     1153
 91
        3
280
     0
281
     0
  0
CLASS
  1
VISUALSTYLE
  2
AcDbVisualStyle
  3
ObjectDBX Classes
 90
     4095
 91
       24
280
     0
281
     0
  0
CLASS
  1
SCALE
  2
AcDbScale
  3
ObjectDBX Classes
 90
     1153
 91
       33
280
     0
281
     0
  0
CLASS
  1
MLEADERSTYLE
  2
AcDbMLeaderStyle
  3
ACDB_MLEADERSTYLE_CLASS
 90
     4095
 91
        2
280
     0
281
     0
  0
CLASS
  1
CELLSTYLEMAP
  2
AcDbCellStyleMap
  3
ObjectDBX Classes
 90
     1152
 91
        1
280
     0
281
     0
  0
CLASS
  1
EXACXREFPANELOBJECT
  2
ExAcXREFPanelObject
  3
EXAC_ESW
 90
     1025
 91
        0
280
     0
281
     0
  0
CLASS
  1
NPOCOLLECTION
  2
AcDbImpNonPersistentObjectsCollection
  3
ObjectDBX Classes
 90
     1153
 91
        0
280
     0
281
     0
  0
CLASS
  1
LAYER_INDEX
  2
AcDbLayerIndex
  3
ObjectDBX Classes
 90
        0
 91
        0
280
     0
281
     0
  0
CLASS
  1
SPATIAL_INDEX
  2
AcDbSpatialIndex
  3
ObjectDBX Classes
 90
        0
 91
        0
280
     0
281
     0
  0
CLASS
  1
IDBUFFER
  2
AcDbIdBuffer
  3
ObjectDBX Classes
 90
        0
 91
        0
280
     0
281
     0
  0
CLASS
  1
ACDBSECTIONVIEWSTYLE
  2
AcDbSectionViewStyle
  3
ObjectDBX Classes
 90
     1025
 91
        1
280
     0
281
     0
  0
CLASS
  1
ACDBDETAILVIEWSTYLE
  2
AcDbDetailViewStyle
  3
ObjectDBX Classes
 90
     1025
 91
        1
280
     0
281
     0
  0
CLASS
  1
SORTENTSTABLE
  2
AcDbSortentsTable
  3
ObjectDBX Classes
 90
        0
 91
        0
280
     0
281
     0
  0
ENDSEC
  0
SECTION
  2
TABLES
  0
TABLE
  2
VPORT
  5
8
330
0
100
AcDbSymbolTable
 70
     1
  0
VPORT
  5
94
330
8
100
AcDbSymbolTableRecord
100
AcDbViewportTableRecord
  2
*Active
 70
     0
 10
0.0
 20
0.0
 11
1.0
 21
1.0
 12
1421.193783455849
 22
1526.846122406897
 13
0.0
 23
0.0
 14
0.5
 24
0.5
 15
0.5
 25
0.5
 16
0.0
 26
0.0
 36
1.0
 17
0.0
 27
0.0
 37
0.0
 40
920.9457117991769
 41
1.765478424015009
 42
50.0
 43
0.0
 44
0.0
 50
0.0
 51
0.0
 71
     0
 72
  1000
 73
     1
 74
     3
 75
     0
 76
     1
 77
     0
 78
     0
281
     0
 65
     1
110
0.0
120
0.0
130
0.0
111
1.0
121
0.0
131
0.0
112
0.0
122
1.0
132
0.0
 79
     0
146
0.0
348
9F
 60
     3
 61
     5
292
     1
282
     1
141
0.0
142
0.0
 63
   250
421
  3355443
1001
ACAD_NAV_VCDISPLAY
1070
     3
  0
ENDTAB
  0
TABLE
  2
LTYPE
  5
5
330
0
100
AcDbSymbolTable
 70
     2
  0
LTYPE
  5
14
330
5
100
AcDbSymbolTableRecord
100
AcDbLinetypeTableRecord
  2
ByBlock
 70
     0
  3

 72
    65
 73
     0
 40
0.0
  0
LTYPE
  5
15
330
5
100
AcDbSymbolTableRecord
100
AcDbLinetypeTableRecord
  2
ByLayer
 70
     0
  3

 72
    65
 73
     0
 40
0.0
  0
LTYPE
  5
16
330
5
100
AcDbSymbolTableRecord
100
AcDbLinetypeTableRecord
  2
Continuous
 70
     0
  3
Solid line
 72
    65
 73
     0
 40
0.0
  0
LTYPE
  5
EDF
330
5
100
AcDbSymbolTableRecord
100
AcDbLinetypeTableRecord
  2
ACAD_ISO02W100
 70
     0
  3
ISO dash __ __ __ __ __ __ __ __ __ __ __ __ __
 72
    65
 73
     2
 40
15.0
 49
12.0
 74
     0
 49
-3.0
 74
     0
  0
ENDTAB
  0
TABLE
  2
LAYER
  5
2
102
{ACAD_XDICTIONARY
360
18E
102
}
330
0
100
AcDbSymbolTable
 70
     4
  0
LAYER
  5
10
102
{ACAD_XDICTIONARY
360
E6
102
}
330
2
100
AcDbSymbolTableRecord
100
AcDbLayerTableRecord
  2
0
 70
     0
 62
     7
  6
Continuous
370
    -3
390
F
347
98
348
0
  0
LAYER
  5
251
330
2
100
AcDbSymbolTableRecord
100
AcDbLayerTableRecord
  2
SER
 70
     0
 62
     4
  6
Continuous
370
    -3
390
F
347
98
348
0
1001
RAK
1000
{ACET-LAYISO
1070
     0
1070
     4
1000
Continuous
1071
       -3
1071
        1
1005
F
1000
ACET-LAYISO}
  0
LAYER
  5
252
330
2
100
AcDbSymbolTableRecord
100
AcDbLayerTableRecord
  2
DOOR WINDOW 1 300
 70
     0
 62
    90
  6
Continuous
370
     5
390
F
347
98
348
0
1001
AcAecLayerStandard
1000

1000

1001
AcCmTransparency
1071
        0
  0
LAYER
  5
EDC
330
2
100
AcDbSymbolTableRecord
100
AcDbLayerTableRecord
  2
Area_Boundary
 70
     0
 62
     9
  6
ACAD_ISO02W100
370
    -3
390
F
347
98
348
0
1001
AcAecLayerStandard
1000

1000

1001
AcCmTransparency
1071
        0
  0
ENDTAB
  0
TABLE
  2
STYLE
  5
3
330
0
100
AcDbSymbolTable
 70
     4
  0
STYLE
  5
11
330
3
100
AcDbSymbolTableRecord
100
AcDbTextStyleTableRecord
  2
Standard
 70
     0
 40
0.0
 41
1.0
 50
0.0
 71
     0
 42
0.2
  3
arial.ttf
  4

1001
ACAD
1000
Arial
1071
       34
  0
STYLE
  5
DC
330
3
100
AcDbSymbolTableRecord
100
AcDbTextStyleTableRecord
  2
Annotative
 70
     0
 40
0.0
 41
1.0
 50
0.0
 71
     0
 42
0.2
  3
arial.ttf
  4

1001
AcadAnnotative
1000
AnnotativeData
1002
{
1070
     1
1070
     1
1002
}
1001
ACAD
1000
Arial
1071
       34
  0
STYLE
  5
253
330
3
100
AcDbSymbolTableRecord
100
AcDbTextStyleTableRecord
  2
750 judulskala150)
 70
     0
 40
750.0
 41
1.0
 50
0.0
 71
     0
 42
750.0
  3
arial.ttf
  4

1001
ACAD
1000
Arial
1071
       34
  0
STYLE
  5
EDE
330
3
100
AcDbSymbolTableRecord
100
AcDbTextStyleTableRecord
  2

 70
     1
 40
0.0
 41
1.0
 50
0.0
 71
     0
 42
0.2
  3
ltypeshp.shx
  4

  0
ENDTAB
  0
TABLE
  2
VIEW
  5
6
330
0
100
AcDbSymbolTable
 70
     0
  0
ENDTAB
  0
TABLE
  2
UCS
  5
7
330
0
100
AcDbSymbolTable
 70
     0
  0
ENDTAB
  0
TABLE
  2
APPID
  5
9
330
0
100
AcDbSymbolTable
 70
    15
  0
APPID
  5
12
330
9
100
AcDbSymbolTableRecord
100
AcDbRegAppTableRecord
  2
ACAD
 70
     0
  0
APPID
  5
DD
330
9
100
AcDbSymbolTableRecord
100
AcDbRegAppTableRecord
  2
AcadAnnoPO
 70
     0
  0
APPID
  5
DE
330
9
100
AcDbSymbolTableRecord
100
AcDbRegAppTableRecord
  2
AcadAnnotative
 70
     0
  0
APPID
  5
DF
330
9
100
AcDbSymbolTableRecord
100
AcDbRegAppTableRecord
  2
ACAD_DSTYLE_DIMJAG
 70
     0
  0
APPID
  5
E0
330
9
100
AcDbSymbolTableRecord
100
AcDbRegAppTableRecord
  2
ACAD_DSTYLE_DIMTALN
 70
     0
  0
APPID
  5
107
330
9
100
AcDbSymbolTableRecord
100
AcDbRegAppTableRecord
  2
ACAD_MLEADERVER
 70
     0
  0
APPID
  5
1A6
330
9
100
AcDbSymbolTableRecord
100
AcDbRegAppTableRecord
  2
ACAD_NAV_VCDISPLAY
 70
     0
  0
APPID
  5
254
330
9
100
AcDbSymbolTableRecord
100
AcDbRegAppTableRecord
  2
ACAD_PSEXT
 70
     0
  0
APPID
  5
255
330
9
100
AcDbSymbolTableRecord
100
AcDbRegAppTableRecord
  2
GradientColor1ACI
 70
     0
  0
APPID
  5
256
330
9
100
AcDbSymbolTableRecord
100
AcDbRegAppTableRecord
  2
GradientColor2ACI
 70
     0
  0
APPID
  5
257
330
9
100
AcDbSymbolTableRecord
100
AcDbRegAppTableRecord
  2
AcAecLayerStandard
 70
     0
  0
APPID
  5
258
330
9
100
AcDbSymbolTableRecord
100
AcDbRegAppTableRecord
  2
RAK
 70
     0
  0
APPID
  5
259
330
9
100
AcDbSymbolTableRecord
100
AcDbRegAppTableRecord
  2
AcCmTransparency
 70
     0
  0
APPID
  5
25A
330
9
100
AcDbSymbolTableRecord
100
AcDbRegAppTableRecord
  2
AcDbBlockRepETag
 70
     0
  0
APPID
  5
706
330
9
100
AcDbSymbolTableRecord
100
AcDbRegAppTableRecord
  2
ACAD_EXEMPT_FROM_CAD_STANDARDS
 70
     0
  0
ENDTAB
  0
TABLE
  2
DIMSTYLE
  5
A
330
0
100
AcDbSymbolTable
 70
     2
100
AcDbDimStyleTable
 71
     2
340
27
340
E1
  0
DIMSTYLE
105
27
330
A
100
AcDbSymbolTableRecord
100
AcDbDimStyleTableRecord
  2
Standard
 70
     0
340
11
  0
DIMSTYLE
105
E1
330
A
100
AcDbSymbolTableRecord
100
AcDbDimStyleTableRecord
  2
Annotative
 70
     0
 40
0.0
340
11
1001
AcadAnnotative
1000
AnnotativeData
1002
{
1070
     1
1070
     1
1002
}
1001
ACAD_DSTYLE_DIMJAG
1070
   388
1040
1.5
1001
ACAD_DSTYLE_DIMTALN
1070
   392
1070
     0
  0
ENDTAB
  0
TABLE
  2
BLOCK_RECORD
  5
1
330
0
100
AcDbSymbolTable
 70
     6
  0
BLOCK_RECORD
  5
1F
102
{ACAD_XDICTIONARY
360
15D
102
}
330
1
100
AcDbSymbolTableRecord
100
AcDbBlockTableRecord
  2
*Model_Space
340
22
 70
     0
280
     1
281
     0
  0
BLOCK_RECORD
  5
58
330
1
100
AcDbSymbolTableRecord
100
AcDbBlockTableRecord
  2
*Paper_Space
340
59
 70
     0
280
     1
281
     0
  0
BLOCK_RECORD
  5
5D
330
1
100
AcDbSymbolTableRecord
100
AcDbBlockTableRecord
  2
*Paper_Space0
340
5E
 70
     0
280
     1
281
     0
  0
BLOCK_RECORD
  5
A56
102
{ACAD_XDICTIONARY
360
A58
102
}
330
1
100
AcDbSymbolTableRecord
100
AcDbBlockTableRecord
  2
A$Cf6926587
340
0
 70
     1
280
     1
281
     0
  0
BLOCK_RECORD
  5
A5B
102
{ACAD_XDICTIONARY
360
A5D
102
}
330
1
100
AcDbSymbolTableRecord
100
AcDbBlockTableRecord
  2
A$C17d829ae
340
0
 70
     1
280
     1
281
     0
  0
BLOCK_RECORD
  5
A60
102
{ACAD_XDICTIONARY
360
A62
102
}
330
1
100
AcDbSymbolTableRecord
100
AcDbBlockTableRecord
  2
A$C599f284f
340
0
 70
     1
280
     1
281
     0
  0
BLOCK_RECORD
  5
B5E
102
{ACAD_XDICTIONARY
360
B60
102
}
330
1
100
AcDbSymbolTableRecord
100
AcDbBlockTableRecord
  2
A$C56a95cbc
340
0
 70
     1
280
     1
281
     0
  0
BLOCK_RECORD
  5
BDD
102
{ACAD_XDICTIONARY
360
BDF
102
}
330
1
100
AcDbSymbolTableRecord
100
AcDbBlockTableRecord
  2
A$C7b5064f3
340
0
 70
     1
280
     1
281
     0
  0
ENDTAB
  0
ENDSEC
  0
SECTION
  2
BLOCKS
  0
BLOCK
  5
20
330
1F
100
AcDbEntity
  8
0
100
AcDbBlockBegin
  2
*Model_Space
 70
     0
 10
0.0
 20
0.0
 30
0.0
  3
*Model_Space
  1

  0
ENDBLK
  5
21
330
1F
100
AcDbEntity
  8
0
100
AcDbBlockEnd
  0
BLOCK
  5
5A
330
58
100
AcDbEntity
 67
     1
  8
0
100
AcDbBlockBegin
  2
*Paper_Space
 70
     0
 10
0.0
 20
0.0
 30
0.0
  3
*Paper_Space
  1

  0
ENDBLK
  5
5B
330
58
100
AcDbEntity
 67
     1
  8
0
100
AcDbBlockEnd
  0
BLOCK
  5
5F
330
5D
100
AcDbEntity
 67
     1
  8
0
100
AcDbBlockBegin
  2
*Paper_Space0
 70
     0
 10
0.0
 20
0.0
 30
0.0
  3
*Paper_Space0
  1

  0
ENDBLK
  5
60
330
5D
100
AcDbEntity
 67
     1
  8
0
100
AcDbBlockEnd
  0
BLOCK
  5
A59
330
A56
100
AcDbEntity
  8
0
 62
     1
100
AcDbBlockBegin
  2
A$Cf6926587
 70
     0
 10
0.0
 20
0.0
 30
0.0
  3
A$Cf6926587
  1

  0
MTEXT
  5
A57
330
A56
100
AcDbEntity
  8
0
 62
     1
100
AcDbMText
 10
0.0
 20
1.959848577083334
 30
0.0
 40
1.630611812715206
 41
21.14020188875315
 46
0.0
 71
     1
 72
     5
  1
{\C0;Busbar 13,8 kV}
 73
     1
 44
1.0
101
Embedded Object
 70
     1
 10
1.0
 20
0.0
 30
0.0
 11
0.0
 21
1.959848577083334
 31
0.0
 40
21.14020188875315
 41
0.0
 42
15.39070644784469
 43
1.959848577083351
 71
     2
 72
     1
 44
21.14020188875315
 45
8.153059063576032
 73
     0
 74
     0
 46
0.0
  0
ENDBLK
  5
A5A
330
A56
100
AcDbEntity
  8
0
 62
     1
100
AcDbBlockEnd
  0
BLOCK
  5
A5E
330
A5B
100
AcDbEntity
  8
0
 62
     1
100
AcDbBlockBegin
  2
A$C17d829ae
 70
     0
 10
0.0
 20
0.0
 30
0.0
  3
A$C17d829ae
  1

  0
MTEXT
  5
A5C
330
A5B
100
AcDbEntity
  8
0
 62
     1
100
AcDbMText
 10
0.0
 20
1.959848577083334
 30
0.0
 40
1.630611812715206
 41
21.14020188875315
 46
0.0
 71
     1
 72
     5
  1
{\C0;Busbar 13,8 kV}
 73
     1
 44
1.0
101
Embedded Object
 70
     1
 10
1.0
 20
0.0
 30
0.0
 11
0.0
 21
1.959848577083334
 31
0.0
 40
21.14020188875315
 41
0.0
 42
15.39070644784469
 43
1.959848577083351
 71
     2
 72
     1
 44
21.14020188875315
 45
8.153059063576032
 73
     0
 74
     0
 46
0.0
  0
ENDBLK
  5
A5F
330
A5B
100
AcDbEntity
  8
0
 62
     1
100
AcDbBlockEnd
  0
BLOCK
  5
A63
330
A60
100
AcDbEntity
  8
0
 62
     1
100
AcDbBlockBegin
  2
A$C599f284f
 70
     0
 10
0.0
 20
0.0
 30
0.0
  3
A$C599f284f
  1

  0
MTEXT
  5
A61
330
A60
100
AcDbEntity
  8
0
100
AcDbMText
 10
0.0
 20
1.959848577083334
 30
0.0
 40
1.630611812715206
 41
21.14020188875315
 46
0.0
 71
     1
 72
     5
  1
{\C0;Busbar 13,8 kV}
 73
     1
 44
1.0
101
Embedded Object
 70
     1
 10
1.0
 20
0.0
 30
0.0
 11
0.0
 21
1.959848577083334
 31
0.0
 40
21.14020188875315
 41
0.0
 42
15.39070644784469
 43
1.959848577083351
 71
     2
 72
     1
 44
21.14020188875315
 45
8.153059063576032
 73
     0
 74
     0
 46
0.0
  0
ENDBLK
  5
A64
330
A60
100
AcDbEntity
  8
0
 62
     1
100
AcDbBlockEnd
  0
BLOCK
  5
B61
330
B5E
100
AcDbEntity
  8
0
 62
     1
100
AcDbBlockBegin
  2
A$C56a95cbc
 70
     0
 10
0.0
 20
0.0
 30
0.0
  3
A$C56a95cbc
  1

  0
HATCH
  5
B5F
330
B5E
100
AcDbEntity
  8
0
 62
     4
100
AcDbHatch
 10
0.0
 20
0.0
 30
0.0
210
0.0
220
0.0
230
1.0
  2
SOLID
 70
     1
 71
     0
 91
        1
 92
        1
 93
        4
 72
     1
 10
0.0
 20
0.0
 11
139.3641675617591
 21
0.0
 72
     1
 10
139.3641675617591
 20
0.0
 11
139.3641675617591
 21
0.7847056401806185
 72
     1
 10
139.3641675617591
 20
0.7847056401806185
 11
0.0
 21
0.7847056401806185
 72
     1
 10
0.0
 20
0.7847056401806185
 11
0.0
 21
0.0
 97
        0
 75
     1
 76
     1
 98
        1
 10
29.8505050890526
 20
0.1586985278408974
450
        0
451
        0
460
0.0
461
0.0
452
        0
462
0.0
453
        2
463
0.0
 63
     5
421
      255
463
1.0
 63
     2
421
 16776960
470
LINEAR
1001
GradientColor1ACI
1070
     5
1001
GradientColor2ACI
1070
     2
1001
ACAD
1010
0.0
1020
0.0
1030
0.0
  0
ENDBLK
  5
B62
330
B5E
100
AcDbEntity
  8
0
 62
     1
100
AcDbBlockEnd
  0
BLOCK
  5
BE0
330
BDD
100
AcDbEntity
  8
0
 62
     1
100
AcDbBlockBegin
  2
A$C7b5064f3
 70
     0
 10
0.0
 20
0.0
 30
0.0
  3
A$C7b5064f3
  1

  0
HATCH
  5
BDE
330
BDD
100
AcDbEntity
  8
0
 62
     4
100
AcDbHatch
 10
0.0
 20
0.0
 30
0.0
210
0.0
220
0.0
230
1.0
  2
SOLID
 70
     1
 71
     0
 91
        1
 92
        1
 93
        4
 72
     1
 10
0.0
 20
0.0
 11
139.3641675617591
 21
0.0
 72
     1
 10
139.3641675617591
 20
0.0
 11
139.3641675617591
 21
0.7847056401806185
 72
     1
 10
139.3641675617591
 20
0.7847056401806185
 11
0.0
 21
0.7847056401806185
 72
     1
 10
0.0
 20
0.7847056401806185
 11
0.0
 21
0.0
 97
        0
 75
     1
 76
     1
 98
        1
 10
29.8505050890526
 20
0.1586985278408974
450
        0
451
        0
460
0.0
461
0.0
452
        0
462
0.0
453
        2
463
0.0
 63
     5
421
      255
463
1.0
 63
     2
421
 16776960
470
LINEAR
1001
GradientColor1ACI
1070
     5
1001
GradientColor2ACI
1070
     2
1001
ACAD
1010
0.0
1020
0.0
1030
0.0
  0
ENDBLK
  5
BE1
330
BDD
100
AcDbEntity
  8
0
 62
     1
100
AcDbBlockEnd
  0
ENDSEC
  0
SECTION
  2
ENTITIES
  0
HATCH
  5
73E
330
1F
100
AcDbEntity
  8
0
100
AcDbHatch
 10
0.0
 20
0.0
 30
0.0
210
0.0
220
0.0
230
1.0
  2
ANSI37
 70
     0
 71
     0
 91
        1
 92
        7
 72
     0
 73
     1
 93
        4
 10
1142.547166124658
 20
1722.805052255485
 10
1130.429752204171
 20
1722.805052255485
 10
1130.429752204171
 20
1710.687638334998
 10
1142.547166124658
 20
1710.687638334998
 97
        0
 75
     1
 76
     1
 52
0.0
 41
1.009784493373842
 77
     0
 78
     2
 53
44.99999999999997
 43
1070.068416554317
 44
1599.232034746116
 45
-2.267030844395291
 46
2.267030844395288
 79
     0
 53
135.0
 43
1070.068416554317
 44
1599.232034746116
 45
-2.267030844395291
 46
-2.267030844395288
 79
     0
 47
0.0156210321812842
 98
        1
 10
1138.919530198112
 20
1710.920041448525
1001
GradientColor1ACI
1070
     5
1001
GradientColor2ACI
1070
     2
1001
ACAD
1010
0.0
1020
0.0
1030
0.0
  0
LINE
  5
73F
330
1F
100
AcDbEntity
  8
0
100
AcDbLine
 10
1130.429752204171
 20
1710.687638334999
 30
0.0
 11
1130.429752204171
 21
1722.805052255486
 31
0.0
  0
LINE
  5
740
330
1F
100
AcDbEntity
  8
0
100
AcDbLine
 10
1130.429752204171
 20
1722.805052255486
 30
0.0
 11
1142.547166124658
 21
1722.805052255486
 31
0.0
  0
LINE
  5
741
330
1F
100
AcDbEntity
  8
0
100
AcDbLine
 10
1142.547166124658
 20
1722.805052255486
 30
0.0
 11
1142.547166124658
 21
1710.687638334999
 31
0.0
  0
LINE
  5
742
330
1F
100
AcDbEntity
  8
0
100
AcDbLine
 10
1142.547166124658
 20
1710.687638334999
 30
0.0
 11
1130.429752204171
 21
1710.687638334999
 31
0.0
  0
HATCH
  5
743
330
1F
100
AcDbEntity
  8
0
100
AcDbHatch
 10
0.0
 20
0.0
 30
0.0
210
0.0
220
0.0
230
1.0
  2
SOLID
 70
     1
 71
     0
 91
        1
 92
        1
 93
        4
 72
     1
 10
1175.673758327756
 20
1686.861069721317
 11
1101.244128159252
 21
1686.861069721317
 72
     1
 10
1101.244128159252
 20
1686.861069721317
 11
1101.244128159252
 21
1686.072753286452
 72
     1
 10
1101.244128159252
 20
1686.072753286452
 11
1175.673758327756
 21
1686.072753286452
 72
     1
 10
1175.673758327756
 20
1686.072753286452
 11
1175.673758327756
 21
1686.861069721317
 97
        0
 75
     1
 76
     1
 98
        1
 10
1113.547145989177
 20
1686.232182059842
450
        0
451
        0
460
0.0
461
0.0
452
        0
462
0.0
453
        2
463
0.0
 63
     5
421
      255
463
1.0
 63
     2
421
 16776960
470
LINEAR
1001
GradientColor1ACI
1070
     5
1001
GradientColor2ACI
1070
     2
1001
ACAD
1010
0.0
1020
0.0
1030
0.0
  0
LWPOLYLINE
  5
744
330
1F
100
AcDbEntity
  8
0
370
    53
100
AcDbPolyline
 90
        4
 70
     1
 43
0.0
 39
10.04601463910954
 10
1101.244128159252
 20
1686.861069721318
 10
1160.501095835623
 20
1686.861069721318
 10
1160.501095835623
 20
1686.072753286453
 10
1101.244128159252
 20
1686.072753286453
  0
LINE
  5
77F
330
1F
100
AcDbEntity
  8
0
370
    50
100
AcDbLine
 10
1136.146809501893
 20
1682.291113999423
 30
0.0
 11
1138.077288669987
 21
1680.360634831328
 31
0.0
  0
LINE
  5
780
330
1F
100
AcDbEntity
  8
0
370
    50
100
AcDbLine
 10
1138.077288669987
 20
1682.291113999423
 30
0.0
 11
1136.146809501893
 21
1680.360634831328
 31
0.0
  0
LINE
  5
781
330
1F
100
AcDbEntity
  8
0
370
    50
100
AcDbLine
 10
1137.112049085939
 20
1673.052392266397
 30
0.0
 11
1137.112049085939
 21
1674.569197327043
 31
0.0
  0
LINE
  5
782
330
1F
100
AcDbEntity
  8
0
370
    50
100
AcDbLine
 10
1137.112049085939
 20
1674.569197327043
 30
0.0
 11
1134.547931013419
 21
1680.067966278563
 31
0.0
  0
LINE
  5
783
330
1F
100
AcDbEntity
  8
0
370
    50
100
AcDbLine
 10
1136.146809501893
 20
1603.708733513166
 30
0.0
 11
1138.077288669987
 21
1601.778254345072
 31
0.0
  0
LINE
  5
784
330
1F
100
AcDbEntity
  8
0
370
    50
100
AcDbLine
 10
1138.077288669987
 20
1603.708733513166
 30
0.0
 11
1136.146809501893
 21
1601.778254345072
 31
0.0
  0
LINE
  5
786
330
1F
100
AcDbEntity
  8
0
370
    50
100
AcDbLine
 10
1137.112049085939
 20
1595.986816840786
 30
0.0
 11
1134.547931013419
 21
1601.485585792306
 31
0.0
  0
LINE
  5
787
330
1F
100
AcDbEntity
  8
0
370
    50
100
AcDbLine
 10
1136.146809501893
 20
1698.933761959415
 30
0.0
 11
1138.077288669987
 21
1697.003282791321
 31
0.0
  0
LINE
  5
788
330
1F
100
AcDbEntity
  8
0
370
    50
100
AcDbLine
 10
1138.077288669987
 20
1698.933761959415
 30
0.0
 11
1136.146809501893
 21
1697.003282791321
 31
0.0
  0
LINE
  5
789
330
1F
100
AcDbEntity
  8
0
370
    50
100
AcDbLine
 10
1137.112049085939
 20
1689.695040226389
 30
0.0
 11
1137.112049085939
 21
1691.211845287035
 31
0.0
  0
LINE
  5
78A
330
1F
100
AcDbEntity
  8
0
370
    50
100
AcDbLine
 10
1137.112049085939
 20
1691.211845287035
 30
0.0
 11
1134.547931013419
 21
1696.710614238555
 31
0.0
  0
CIRCLE
  5
7AB
102
{ACAD_REACTORS
330
C39
102
}
330
1F
100
AcDbEntity
  8
0
100
AcDbCircle
 10
1137.034192326701
 20
1627.862054024151
 30
0.0
 40
7.033353607981331
  0
CIRCLE
  5
7AC
102
{ACAD_REACTORS
330
C39
102
}
330
1F
100
AcDbEntity
  8
0
100
AcDbCircle
 10
1137.001343316977
 20
1637.808663843203
 30
0.0
 40
7.033353607981331
  0
LWPOLYLINE
  5
7AD
102
{ACAD_REACTORS
330
C39
102
}
330
1F
100
AcDbEntity
  8
0
100
AcDbPolyline
 90
        3
 70
     1
 43
0.0
 10
1137.131057229348
 20
1641.171619438703
 10
1135.060353744018
 20
1637.585055794709
 10
1139.201760714677
 20
1637.585055794709
  0
LINE
  5
7AE
102
{ACAD_REACTORS
330
C39
102
}
330
1F
100
AcDbEntity
  8
0
100
AcDbLine
 10
1137.108464003003
 20
1629.175034100905
 30
0.0
 11
1137.108464003003
 21
1626.783991671573
 31
0.0
  0
LINE
  5
7AF
102
{ACAD_REACTORS
330
C39
102
}
330
1F
100
AcDbEntity
  8
0
100
AcDbLine
 10
1137.108464003003
 20
1626.783991671573
 30
0.0
 11
1135.037760517681
 21
1625.588470456903
 31
0.0
  0
LINE
  5
7B0
102
{ACAD_REACTORS
330
C39
102
}
330
1F
100
AcDbEntity
  8
0
100
AcDbLine
 10
1135.037760517681
 20
1625.588470456903
 30
0.0
 11
1137.108464003003
 21
1626.783991671573
 31
0.0
  0
LINE
  5
7B1
102
{ACAD_REACTORS
330
C39
102
}
330
1F
100
AcDbEntity
  8
0
100
AcDbLine
 10
1137.108464003003
 20
1626.783991671573
 30
0.0
 11
1139.179167488332
 21
1625.588470456903
 31
0.0
  0
LINE
  5
7B2
330
1F
100
AcDbEntity
  8
0
100
AcDbLine
 10
1147.919076481349
 20
1614.904328365609
 30
0.0
 11
1147.919076481322
 21
1613.770456324117
 31
0.0
  0
LWPOLYLINE
  5
7B3
330
1F
100
AcDbEntity
  8
0
100
AcDbPolyline
 90
        2
 70
     0
 43
0.0
 10
1150.239726235732
 20
1613.751051265892
 10
1145.598426726911
 20
1613.789861382343
  0
LINE
  5
7B4
330
1F
100
AcDbEntity
  8
0
100
AcDbLine
 10
1146.899514995085
 20
1611.492152529225
 30
0.0
 11
1148.91290440779
 21
1611.492152529225
 31
0.0
  0
LINE
  5
7B5
330
1F
100
AcDbEntity
  8
0
100
AcDbLine
 10
1146.25976777423
 20
1612.620790586493
 30
0.0
 11
1149.576759196482
 21
1612.620790586493
 31
0.0
  0
LINE
  5
7B6
330
1F
100
AcDbEntity
  8
0
100
AcDbLine
 10
1137.108464003003
 20
1626.783991671573
 30
0.0
 11
1147.919076481338
 21
1626.783991671574
 31
0.0
  0
LWPOLYLINE
  5
7BA
330
1F
100
AcDbEntity
  8
0
100
AcDbPolyline
 90
        2
 70
     0
 43
0.0
 10
1130.297052957254
 20
1611.655458983843
 10
1137.758870796081
 20
1611.655458983843
  0
ARC
  5
7BB
330
1F
100
AcDbEntity
  8
0
100
AcDbCircle
 10
1137.60372781846
 20
1612.824227663574
 30
0.0
 40
1.179020597879572
100
AcDbArc
 50
277.5612691034867
 51
82.43873089651325
  0
LWPOLYLINE
  5
7BC
330
1F
100
AcDbEntity
  8
0
100
AcDbPolyline
 90
        2
 70
     0
 43
0.0
 10
1137.758870796081
 20
1616.330535931506
 10
1133.681806869835
 20
1616.330535931506
  0
ARC
  5
7BD
330
1F
100
AcDbEntity
  8
0
100
AcDbCircle
 10
1137.60372781846
 20
1615.161767251773
 30
0.0
 40
1.179020597879572
100
AcDbArc
 50
277.5612691034867
 51
82.43873089651325
  0
LWPOLYLINE
  5
7BE
330
1F
100
AcDbEntity
  8
0
100
AcDbPolyline
 90
        2
 70
     0
 43
0.0
 10
1134.003819923465
 20
1659.168911469073
 10
1137.734728842877
 20
1659.168911469073
  0
ARC
  5
7BF
330
1F
100
AcDbEntity
  8
0
100
AcDbCircle
 10
1137.579585865257
 20
1660.337680148803
 30
0.0
 40
1.179020597879572
100
AcDbArc
 50
277.5612691034867
 51
82.43873089651325
  0
LWPOLYLINE
  5
7C0
330
1F
100
AcDbEntity
  8
0
100
AcDbPolyline
 90
        2
 70
     0
 43
0.0
 10
1137.734728842877
 20
1663.843988416735
 10
1130.272911004051
 20
1663.843988416735
  0
ARC
  5
7C1
330
1F
100
AcDbEntity
  8
0
100
AcDbCircle
 10
1137.579585865257
 20
1662.675219737004
 30
0.0
 40
1.179020597879572
100
AcDbArc
 50
277.5612691034867
 51
82.43873089651325
  0
LINE
  5
7CA
330
1F
100
AcDbEntity
  8
0
100
AcDbLine
 10
1137.112049085939
 20
1667.576824287991
 30
0.0
 11
1137.11204908594
 21
1644.80761681413
 31
0.0
  0
LWPOLYLINE
  5
7CE
330
1F
100
AcDbEntity
  8
0
100
AcDbPolyline
 90
        4
 70
     1
 43
0.0
 10
1155.779626233983
 20
1625.427415620899
 10
1166.552183527961
 20
1625.427415620899
 10
1166.552183527961
 20
1618.107348379281
 10
1155.779626233983
 20
1618.107348379281
  0
LWPOLYLINE
  5
7CF
102
{ACAD_REACTORS
330
C3F
102
}
330
1F
100
AcDbEntity
  8
0
100
AcDbPolyline
 90
        4
 70
     1
 43
0.0
 10
1104.093342241217
 20
1643.00694486988
 10
1114.865899535195
 20
1643.00694486988
 10
1114.865899535195
 20
1635.686877628262
 10
1104.093342241217
 20
1635.686877628262
  0
MTEXT
  5
7D0
102
{ACAD_REACTORS
330
C3F
102
}
330
1F
100
AcDbEntity
  8
0
100
AcDbMText
 10
1107.688580144226
 20
1640.59694083663
 30
0.0
 40
2.16932177872851
 41
7.104846856467202
 46
0.0
 71
     1
 72
     5
  1
{\fArial|b0|i1|c0|p34;I\H0.50195x;d  \H1.99229x;>}
 73
     1
 44
1.0
101
Embedded Object
 70
     1
 10
1.0
 20
0.0
 30
0.0
 11
1107.688580144226
 21
1640.59694083663
 31
0.0
 40
7.104846856467202
 41
0.0
 42
4.143278463225753
 43
2.187213103870411
 71
     2
 72
     1
 44
7.104846856467202
 45
10.84660889364255
 73
     0
 74
     0
 46
0.0
  0
LINE
  5
7D1
330
1F
100
AcDbEntity
  8
0
100
AcDbLine
 10
1130.272911004051
 20
1663.843988416735
 30
0.0
 11
1109.047455504804
 21
1663.843988416735
 31
0.0
  0
LINE
  5
7D2
330
1F
100
AcDbEntity
  8
0
100
AcDbLine
 10
1109.047455504804
 20
1663.843988416735
 30
0.0
 11
1109.047455504804
 21
1643.00694486988
 31
0.0
  0
LINE
  5
7D3
330
1F
100
AcDbEntity
  8
0
100
AcDbLine
 10
1109.1707948947
 20
1611.655458983843
 30
0.0
 11
1109.1707948947
 21
1635.686877628262
 31
0.0
  0
LWPOLYLINE
  5
7D4
330
1F
100
AcDbEntity
  8
0
100
AcDbPolyline
 90
        2
 70
     0
 43
0.0
 10
1140.431853768554
 20
1649.862744007909
 10
1136.700944849141
 20
1649.862744007909
  0
ARC
  5
7D5
330
1F
100
AcDbEntity
  8
0
100
AcDbCircle
 10
1136.856087826762
 20
1651.031512687639
 30
0.0
 40
1.179020597879572
100
AcDbArc
 50
97.56126910338164
 51
262.4387308966184
  0
LWPOLYLINE
  5
7D6
330
1F
100
AcDbEntity
  8
0
100
AcDbPolyline
 90
        2
 70
     0
 43
0.0
 10
1136.700944849141
 20
1654.537820955572
 10
1144.162762687968
 20
1654.537820955572
  0
ARC
  5
7D7
330
1F
100
AcDbEntity
  8
0
100
AcDbCircle
 10
1136.856087826762
 20
1653.36905227584
 30
0.0
 40
1.179020597879572
100
AcDbArc
 50
97.56126910338164
 51
262.4387308966184
  0
LWPOLYLINE
  5
7D8
330
1F
100
AcDbEntity
  8
0
100
AcDbPolyline
 90
        4
 70
     1
 43
0.0
 10
1160.761324680916
 20
1657.524900477751
 10
1171.533881974894
 20
1657.524900477751
 10
1171.533881974894
 20
1650.204833236134
 10
1160.761324680916
 20
1650.204833236134
  0
LINE
  5
7D9
330
1F
100
AcDbEntity
  8
0
100
AcDbLine
 10
1144.162762687968
 20
1654.537820955572
 30
0.0
 11
1160.761324680916
 21
1654.537820955572
 31
0.0
  0
ARC
  5
7DB
330
1F
100
AcDbEntity
  8
0
100
AcDbCircle
 10
1147.681553639537
 20
1618.688678043379
 30
0.0
 40
1.179020597879572
100
AcDbArc
 50
97.56126910338164
 51
262.4387308966184
  0
LWPOLYLINE
  5
7DC
330
1F
100
AcDbEntity
  8
0
100
AcDbPolyline
 90
        2
 70
     0
 43
0.0
 10
1149.03449926069
 20
1622.194986311311
 10
1154.988228500744
 20
1622.194986311311
  0
ARC
  5
7DD
330
1F
100
AcDbEntity
  8
0
100
AcDbCircle
 10
1147.681553639537
 20
1621.026217631579
 30
0.0
 40
1.179020597879572
100
AcDbArc
 50
97.56126910338164
 51
262.4387308966184
  0
LWPOLYLINE
  5
7DE
330
1F
100
AcDbEntity
  8
0
100
AcDbPolyline
 90
        4
 70
     1
 43
0.0
 10
1172.532514021389
 20
1625.427415620899
 10
1183.305071315368
 20
1625.427415620899
 10
1183.305071315368
 20
1618.107348379281
 10
1172.532514021389
 20
1618.107348379281
  0
LINE
  5
7DF
330
1F
100
AcDbEntity
  8
0
100
AcDbLine
 10
1154.988228500744
 20
1622.194986311311
 30
0.0
 11
1155.779626233983
 21
1622.194986311311
 31
0.0
  0
LINE
  5
7E0
330
1F
100
AcDbEntity
  8
0
100
AcDbLine
 10
1166.552183527961
 20
1621.767382000091
 30
0.0
 11
1172.532514021389
 21
1621.767382000091
 31
0.0
  0
LINE
  5
7E1
330
1F
100
AcDbEntity
  8
0
100
AcDbLine
 10
1147.91907648134
 20
1614.51526383861
 30
0.0
 11
1147.919076481338
 21
1626.783991671574
 31
0.0
  0
LINE
  5
7E2
330
1F
100
AcDbEntity
  8
0
100
AcDbLine
 10
1147.526410661917
 20
1617.519909363649
 30
0.0
 11
1148.616506808631
 21
1617.519909363649
 31
0.0
  0
LINE
  5
7E3
330
1F
100
AcDbEntity
  8
0
100
AcDbLine
 10
1147.526410661917
 20
1622.194986311309
 30
0.0
 11
1149.03449926069
 21
1622.194986311311
 31
0.0
  0
LINE
  5
7E4
330
1F
100
AcDbEntity
  8
0
100
AcDbLine
 10
1137.11204908594
 20
1681.325874415376
 30
0.0
 11
1137.11204908594
 21
1686.072753286453
 31
0.0
  0
LINE
  5
7E5
330
1F
100
AcDbEntity
  8
0
100
AcDbLine
 10
1137.112049085939
 20
1689.695040226389
 30
0.0
 11
1137.112049085939
 21
1686.861069721318
 31
0.0
  0
LINE
  5
7E6
330
1F
100
AcDbEntity
  8
0
100
AcDbLine
 10
1137.11204908594
 20
1697.968522375368
 30
0.0
 11
1137.11204908594
 21
1710.687638334999
 31
0.0
  0
LINE
  5
7E7
330
1F
100
AcDbEntity
  8
0
100
AcDbLine
 10
1137.112049085939
 20
1667.576824287991
 30
0.0
 11
1137.112049085939
 21
1673.052392266397
 31
0.0
  0
MTEXT
  5
897
330
1F
100
AcDbEntity
  8
0
100
AcDbMText
 10
1123.518980469314
 20
1728.517885382959
 30
0.0
 40
2.542859422926466
 41
32.96711158118701
 46
0.0
 71
     1
 72
     5
  1
{\C0;GRID UTILITI 20 kV}
 73
     1
 44
1.0
101
Embedded Object
 70
     1
 10
1.0
 20
0.0
 30
0.0
 11
1123.518980469314
 21
1728.517885382959
 31
0.0
 40
32.96711158118701
 41
0.0
 42
31.56371959003609
 43
2.629587234076755
 71
     2
 72
     1
 44
32.96711158118701
 45
12.71429711463233
 73
     0
 74
     0
 46
0.0
  0
MTEXT
  5
898
330
1F
100
AcDbEntity
  8
0
100
AcDbMText
 10
1093.562995912766
 20
1690.030505503969
 30
0.0
 40
2.507601620252727
 41
32.51000887846862
 46
0.0
 71
     1
 72
     5
  1
{\C0;Busbar 20 kV}
 73
     1
 44
1.0
101
Embedded Object
 70
     1
 10
1.0
 20
0.0
 30
0.0
 11
1093.562995912766
 21
1690.030505503969
 31
0.0
 40
32.51000887846862
 41
0.0
 42
20.74672581994907
 43
2.560627302536379
 71
     2
 72
     1
 44
32.51000887846862
 45
12.53800810126363
 73
     0
 74
     0
 46
0.0
  0
MTEXT
  5
8B4
330
1F
100
AcDbEntity
  8
0
100
AcDbMText
 10
1174.380182639592
 20
1624.079217868039
 30
0.0
 40
2.16932177872851
 41
8.34172947699157
 46
0.0
 71
     1
 72
     5
  1
{\fArial|b0|i1|c0|p34;I\H0.50195x;            \H1.99229x;>}
 73
     1
 44
1.0
101
Embedded Object
 70
     1
 10
1.0
 20
0.0
 30
0.0
 11
1174.380182639592
 21
1624.079217868039
 31
0.0
 40
8.34172947699157
 41
0.0
 42
7.523594455828728
 43
2.16938678354027
 71
     2
 72
     1
 44
8.34172947699157
 45
10.84660889364255
 73
     0
 74
     0
 46
0.0
  0
LWPOLYLINE
  5
8B5
330
1F
100
AcDbEntity
  8
0
100
AcDbPolyline
 90
        2
 70
     0
 43
0.0
 10
1179.277722679245
 20
1622.018972273344
 10
1176.663113801043
 20
1622.040835390517
  0
LINE
  5
8B6
330
1F
100
AcDbEntity
  8
0
100
AcDbLine
 10
1177.396063038814
 20
1620.746454376009
 30
0.0
 11
1178.530276813148
 21
1620.746454376009
 31
0.0
  0
LINE
  5
8B7
330
1F
100
AcDbEntity
  8
0
100
AcDbLine
 10
1177.035670704666
 20
1621.382256284335
 30
0.0
 11
1178.904249796601
 21
1621.382256284335
 31
0.0
  0
LINE
  5
8B8
330
1F
100
AcDbEntity
  8
0
100
AcDbLine
 10
1177.970418240144
 20
1622.02990383193
 30
0.0
 11
1177.987342535301
 21
1624.053879279808
 31
0.0
  0
LINE
  5
8B9
330
1F
100
AcDbEntity
  8
0
100
AcDbLine
 10
1174.458095382721
 20
1619.807623930518
 30
0.0
 11
1174.458095382721
 21
1618.938469290312
 31
0.0
  0
LINE
  5
8BA
330
1F
100
AcDbEntity
  8
0
100
AcDbLine
 10
1181.689696231868
 20
1619.807623930518
 30
0.0
 11
1181.689696231868
 21
1618.938469290312
 31
0.0
  0
LINE
  5
8BB
330
1F
100
AcDbEntity
  8
0
100
AcDbLine
 10
1174.458095382721
 20
1619.373046610416
 30
0.0
 11
1181.689696231866
 21
1619.373046610416
 31
0.0
  0
LINE
  5
8BC
330
1F
100
AcDbEntity
  8
0
100
AcDbLine
 10
1176.89348032569
 20
1619.931788008114
 30
0.0
 11
1179.50282164751
 21
1618.814305212717
 31
0.0
  0
MTEXT
  5
8BD
330
1F
100
AcDbEntity
  8
0
100
AcDbMText
 10
1157.343163526776
 20
1623.370029519934
 30
0.0
 40
2.16932177872851
 41
8.34172947699157
 46
0.0
 71
     1
 72
     5
  1
{\fArial|b0|i1|c0|p34;I\H0.50195x;            \H1.99229x;>}
 73
     1
 44
1.0
101
Embedded Object
 70
     1
 10
1.0
 20
0.0
 30
0.0
 11
1157.343163526776
 21
1623.370029519934
 31
0.0
 40
8.34172947699157
 41
0.0
 42
7.523594455828728
 43
2.16938678354027
 71
     2
 72
     1
 44
8.34172947699157
 45
10.84660889364255
 73
     0
 74
     0
 46
0.0
  0
LWPOLYLINE
  5
8BE
330
1F
100
AcDbEntity
  8
0
100
AcDbPolyline
 90
        2
 70
     0
 43
0.0
 10
1162.240703566429
 20
1621.309783925239
 10
1159.626094688226
 20
1621.331647042412
  0
LINE
  5
8BF
330
1F
100
AcDbEntity
  8
0
100
AcDbLine
 10
1160.359043925997
 20
1620.037266027905
 30
0.0
 11
1161.493257700332
 21
1620.037266027905
 31
0.0
  0
LINE
  5
8C0
330
1F
100
AcDbEntity
  8
0
100
AcDbLine
 10
1159.99865159185
 20
1620.673067936231
 30
0.0
 11
1161.867230683785
 21
1620.673067936231
 31
0.0
  0
LINE
  5
8C1
330
1F
100
AcDbEntity
  8
0
100
AcDbLine
 10
1160.933399127327
 20
1621.320715483826
 30
0.0
 11
1160.950323422484
 21
1623.344690931703
 31
0.0
  0
MTEXT
  5
8C2
330
1F
100
AcDbEntity
  8
0
100
AcDbMText
 10
1164.141445832009
 20
1656.135029920542
 30
0.0
 40
2.16932177872851
 41
8.34172947699157
 46
0.0
 71
     1
 72
     5
  1
{\fArial|b0|i1|c0|p34;I\H0.50195x;   \H1.99229x;>}
 73
     1
 44
1.0
101
Embedded Object
 70
     1
 10
1.0
 20
0.0
 30
0.0
 11
1164.141445832009
 21
1656.135029920542
 31
0.0
 40
8.34172947699157
 41
0.0
 42
3.719903355384906
 43
2.16938678354027
 71
     2
 72
     1
 44
8.34172947699157
 45
10.84660889364255
 73
     0
 74
     0
 46
0.0
  0
LINE
  5
8C3
330
1F
100
AcDbEntity
  8
0
100
AcDbLine
 10
1162.567573201592
 20
1653.199947633764
 30
0.0
 11
1162.567573201592
 21
1652.330792993558
 31
0.0
  0
LINE
  5
8C4
330
1F
100
AcDbEntity
  8
0
100
AcDbLine
 10
1169.799174050739
 20
1653.199947633764
 30
0.0
 11
1169.799174050739
 21
1652.330792993558
 31
0.0
  0
LINE
  5
8C5
330
1F
100
AcDbEntity
  8
0
100
AcDbLine
 10
1162.567573201592
 20
1652.765370313662
 30
0.0
 11
1169.799174050737
 21
1652.765370313662
 31
0.0
  0
LINE
  5
8C6
330
1F
100
AcDbEntity
  8
0
100
AcDbLine
 10
1165.002958144561
 20
1653.324111711359
 30
0.0
 11
1167.612299466381
 21
1652.206628915962
 31
0.0
  0
MTEXT
  5
8FB
330
1F
100
AcDbEntity
  8
0
  6
Continuous
100
AcDbMText
 10
1137.648236081237
 20
1696.447261278036
 30
0.0
 40
1.46339588122841
 41
33.65831094758114
 46
0.0
 71
     1
 72
     5
  1
\pxqc;VCB 3P,  20kV  3150A  40kA
 73
     1
 44
1.0
101
Embedded Object
 70
     1
 10
1.0
 20
0.0
 30
0.0
 11
1137.648236081237
 21
1696.447261278036
 31
0.0
 40
33.65831094758114
 41
0.0
 42
26.47289138484137
 43
1.77783633319768
 71
     2
 72
     1
 44
33.65831094758114
 45
11.51491411385846
 73
     0
 74
     0
 46
0.0
  0
HATCH
  5
91B
330
1F
100
AcDbEntity
  8
0
100
AcDbHatch
 10
0.0
 20
0.0
 30
0.0
210
0.0
220
0.0
230
1.0
  2
SOLID
 70
     1
 71
     0
 91
        1
 92
        1
 93
        4
 72
     1
 10
943.8577124495401
 20
1490.838597200501
 11
1337.270834856317
 21
1490.904291500398
 72
     1
 10
1337.270834856317
 20
1490.904291500398
 11
1337.270834856317
 21
1491.692607935262
 72
     1
 10
1337.270834856317
 20
1491.692607935262
 11
943.8577124495404
 21
1491.626913635365
 72
     1
 10
943.8577124495401
 20
1491.626913635365
 11
943.8577124495401
 21
1490.838597200501
 97
        0
 75
     1
 76
     1
 98
        1
 10
1114.290132639107
 20
1491.063720273787
450
        0
451
        0
460
0.0
461
0.0
452
        0
462
0.0
453
        2
463
0.0
 63
     5
421
      255
463
1.0
 63
     2
421
 16776960
470
LINEAR
1001
GradientColor1ACI
1070
     5
1001
GradientColor2ACI
1070
     2
1001
ACAD
1010
0.0
1020
0.0
1030
0.0
  0
HATCH
  5
91C
330
1F
100
AcDbEntity
  8
0
100
AcDbHatch
 10
0.0
 20
0.0
 30
0.0
210
0.0
220
0.0
230
1.0
  2
SOLID
 70
     1
 71
     0
 91
        1
 92
        1
 93
        4
 72
     1
 10
1083.946632388866
 20
1591.52576252967
 11
1253.56845271418
 21
1591.52576252967
 72
     1
 10
1253.56845271418
 20
1591.52576252967
 11
1253.56845271418
 21
1592.314078964534
 72
     1
 10
1253.56845271418
 20
1592.314078964535
 11
1083.946632388866
 21
1592.314078964535
 72
     1
 10
1083.946632388866
 20
1592.314078964535
 11
1083.946632388866
 21
1591.52576252967
 97
        0
 75
     1
 76
     1
 98
        1
 10
1113.93449349981
 20
1591.685191303059
450
        0
451
        0
460
0.0
461
0.0
452
        0
462
0.0
453
        2
463
0.0
 63
     5
421
      255
463
1.0
 63
     2
421
 16776960
470
LINEAR
1001
GradientColor1ACI
1070
     5
1001
GradientColor2ACI
1070
     2
1001
ACAD
1010
0.0
1020
0.0
1030
0.0
  0
LINE
  5
987
330
1F
100
AcDbEntity
  8
0
370
    50
100
AcDbLine
 10
1137.025235149514
 20
1493.372987745203
 30
0.0
 11
1137.025235149514
 21
1494.889792805848
 31
0.0
  0
LINE
  5
9E4
330
1F
100
AcDbEntity
  8
0
100
AcDbLine
 10
1137.025235149514
 20
1493.372987745203
 30
0.0
 11
1137.025235149514
 21
1491.669915645189
 31
0.0
  0
LINE
  5
9E5
330
1F
100
AcDbEntity
  8
0
100
AcDbLine
 10
945.8005184274545
 20
1482.1208701187
 30
0.0
 11
947.7309975955487
 21
1480.190390950607
 31
0.0
  0
LINE
  5
9E6
330
1F
100
AcDbEntity
  8
0
100
AcDbLine
 10
947.7309975955487
 20
1482.1208701187
 30
0.0
 11
945.8005184274545
 21
1480.190390950607
 31
0.0
  0
LINE
  5
9E7
330
1F
100
AcDbEntity
  8
0
100
AcDbLine
 10
946.7657580114998
 20
1472.882148385675
 30
0.0
 11
946.7657580114998
 21
1474.398953446321
 31
0.0
  0
LINE
  5
9E8
330
1F
100
AcDbEntity
  8
0
100
AcDbLine
 10
946.7657580114998
 20
1474.398953446321
 30
0.0
 11
944.20163993898
 21
1479.897722397841
 31
0.0
  0
LWPOLYLINE
  5
9E9
330
1F
100
AcDbEntity
  8
0
100
AcDbPolyline
 90
        4
 70
     1
 43
0.0
 10
941.5538043525689
 20
1460.931152353308
 10
951.6202204175867
 20
1460.931152353308
 10
951.6202204175867
 20
1455.879255153001
 10
941.5538043525689
 20
1455.879255153001
  0
LINE
  5
9EA
330
1F
100
AcDbEntity
  8
0
100
AcDbLine
 10
946.7657580115016
 20
1459.607039022454
 30
0.0
 11
949.7110829567192
 21
1459.607039022454
 31
0.0
  0
LINE
  5
9EB
330
1F
100
AcDbEntity
  8
0
100
AcDbLine
 10
949.7110829567192
 20
1459.607039022454
 30
0.0
 11
949.7110829567192
 21
1456.716646275206
 31
0.0
  0
LINE
  5
9EC
330
1F
100
AcDbEntity
  8
0
100
AcDbLine
 10
949.7110829567192
 20
1456.716646275206
 30
0.0
 11
946.4054015330805
 21
1456.716646275206
 31
0.0
  0
LINE
  5
9ED
330
1F
100
AcDbEntity
  8
0
100
AcDbLine
 10
946.4054015330805
 20
1456.716646275206
 30
0.0
 11
946.4054015330805
 21
1453.413339988014
 31
0.0
  0
LINE
  5
9EE
330
1F
100
AcDbEntity
  8
0
100
AcDbLine
 10
946.7657580114998
 20
1472.882148385675
 30
0.0
 11
946.7657580114998
 21
1466.509128120707
 31
0.0
  0
LINE
  5
9EF
330
1F
100
AcDbEntity
  8
0
100
AcDbLine
 10
946.7657580114998
 20
1460.931152353308
 30
0.0
 11
946.7657580114998
 21
1459.607039022454
 31
0.0
  0
LINE
  5
9F0
330
1F
100
AcDbEntity
  8
0
100
AcDbLine
 10
946.4054015330805
 20
1453.413339988014
 30
0.0
 11
946.3236892836873
 21
1443.815550309385
 31
0.0
  0
LINE
  5
9F1
330
1F
100
AcDbEntity
  8
0
100
AcDbLine
 10
946.7657580114998
 20
1466.509128120707
 30
0.0
 11
946.7657580114998
 21
1460.931152353308
 31
0.0
  0
LWPOLYLINE
  5
9F2
330
1F
100
AcDbEntity
  8
0
100
AcDbPolyline
 90
        4
 70
     1
 43
0.0
 10
956.2722583638917
 20
1473.410140687532
 10
967.0448156578695
 20
1473.410140687532
 10
967.0448156578695
 20
1466.090073445914
 10
956.2722583638917
 20
1466.090073445914
  0
LWPOLYLINE
  5
9F3
330
1F
100
AcDbEntity
  8
0
100
AcDbPolyline
 90
        2
 70
     0
 43
0.0
 10
950.2605488434383
 20
1464.923833275587
 10
946.5296399240259
 20
1464.923833275587
  0
ARC
  5
9F4
330
1F
100
AcDbEntity
  8
0
100
AcDbCircle
 10
946.6847829016465
 20
1466.092601955317
 30
0.0
 40
1.179020597879572
100
AcDbArc
 50
97.56126910338164
 51
262.4387308966184
  0
LWPOLYLINE
  5
9F5
330
1F
100
AcDbEntity
  8
0
100
AcDbPolyline
 90
        2
 70
     0
 43
0.0
 10
946.5296399240259
 20
1469.598910223249
 10
950.6368348470584
 20
1469.598910223249
  0
ARC
  5
9F6
330
1F
100
AcDbEntity
  8
0
100
AcDbCircle
 10
946.6847829016465
 20
1468.430141543517
 30
0.0
 40
1.179020597879572
100
AcDbArc
 50
97.56126910338164
 51
262.4387308966184
  0
LINE
  5
9F7
330
1F
100
AcDbEntity
  8
0
100
AcDbLine
 10
950.6368348470584
 20
1469.598910223249
 30
0.0
 11
956.2722583638917
 21
1469.598910223249
 31
0.0
  0
MTEXT
  5
9FE
330
1F
100
AcDbEntity
  8
0
100
AcDbMText
 10
958.1385630457923
 20
1472.068329983253
 30
0.0
 40
2.16932177872851
 41
8.34172947699157
 46
0.0
 71
     1
 72
     5
  1
{\fArial|b0|i1|c0|p34;I\H0.50195x;            \H1.99229x;>}
 73
     1
 44
1.0
101
Embedded Object
 70
     1
 10
1.0
 20
0.0
 30
0.0
 11
958.1385630457923
 21
1472.068329983253
 31
0.0
 40
8.34172947699157
 41
0.0
 42
7.523594455828728
 43
2.16938678354027
 71
     2
 72
     1
 44
8.34172947699157
 45
10.84660889364255
 73
     0
 74
     0
 46
0.0
  0
LWPOLYLINE
  5
9FF
330
1F
100
AcDbEntity
  8
0
100
AcDbPolyline
 90
        2
 70
     0
 43
0.0
 10
963.0361030854446
 20
1470.008084388559
 10
960.4214942072422
 20
1470.029947505732
  0
LINE
  5
A00
330
1F
100
AcDbEntity
  8
0
100
AcDbLine
 10
961.1544434450131
 20
1468.735566491225
 30
0.0
 11
962.2886572193481
 21
1468.735566491225
 31
0.0
  0
LINE
  5
A01
330
1F
100
AcDbEntity
  8
0
100
AcDbLine
 10
960.7940511108658
 20
1469.37136839955
 30
0.0
 11
962.6626302028009
 21
1469.37136839955
 31
0.0
  0
LINE
  5
A02
330
1F
100
AcDbEntity
  8
0
100
AcDbLine
 10
961.7287986463434
 20
1470.019015947145
 30
0.0
 11
961.7457229415006
 21
1472.042991395023
 31
0.0
  0
LINE
  5
A03
330
1F
100
AcDbEntity
  8
0
100
AcDbLine
 10
958.2164757889209
 20
1467.796736045733
 30
0.0
 11
958.2164757889209
 21
1466.927581405527
 31
0.0
  0
LINE
  5
A04
330
1F
100
AcDbEntity
  8
0
100
AcDbLine
 10
965.4480766380679
 20
1467.796736045733
 30
0.0
 11
965.4480766380679
 21
1466.927581405527
 31
0.0
  0
LINE
  5
A05
330
1F
100
AcDbEntity
  8
0
100
AcDbLine
 10
958.2164757889209
 20
1467.362158725631
 30
0.0
 11
965.4480766380659
 21
1467.362158725631
 31
0.0
  0
LINE
  5
A06
330
1F
100
AcDbEntity
  8
0
100
AcDbLine
 10
960.6518607318902
 20
1467.920900123329
 30
0.0
 11
963.2612020537102
 21
1466.803417327932
 31
0.0
  0
LINE
  5
A09
330
1F
100
AcDbEntity
  8
0
100
AcDbLine
 10
1011.975716374805
 20
1481.592978924158
 30
0.0
 11
1013.906195542899
 21
1479.662499756063
 31
0.0
  0
LINE
  5
A0A
330
1F
100
AcDbEntity
  8
0
100
AcDbLine
 10
1013.906195542899
 20
1481.592978924158
 30
0.0
 11
1011.975716374805
 21
1479.662499756063
 31
0.0
  0
LINE
  5
A0B
330
1F
100
AcDbEntity
  8
0
100
AcDbLine
 10
1012.94095595885
 20
1472.354257191132
 30
0.0
 11
1012.94095595885
 21
1473.871062251778
 31
0.0
  0
LINE
  5
A0C
330
1F
100
AcDbEntity
  8
0
100
AcDbLine
 10
1012.94095595885
 20
1473.871062251778
 30
0.0
 11
1010.37683788633
 21
1479.369831203298
 31
0.0
  0
LINE
  5
A0D
330
1F
100
AcDbEntity
  8
0
100
AcDbLine
 10
1012.940955958852
 20
1480.627739340111
 30
0.0
 11
1012.940955958852
 21
1489.108956502443
 31
0.0
  0
LWPOLYLINE
  5
A0E
330
1F
100
AcDbEntity
  8
0
100
AcDbPolyline
 90
        4
 70
     1
 43
0.0
 10
1007.729002299919
 20
1460.403261158765
 10
1017.795418364937
 20
1460.403261158765
 10
1017.795418364937
 20
1455.351363958458
 10
1007.729002299919
 20
1455.351363958458
  0
LINE
  5
A0F
330
1F
100
AcDbEntity
  8
0
100
AcDbLine
 10
1012.940955958852
 20
1459.079147827912
 30
0.0
 11
1015.886280904069
 21
1459.079147827912
 31
0.0
  0
LINE
  5
A10
330
1F
100
AcDbEntity
  8
0
100
AcDbLine
 10
1015.886280904069
 20
1459.079147827912
 30
0.0
 11
1015.886280904069
 21
1456.188755080663
 31
0.0
  0
LINE
  5
A11
330
1F
100
AcDbEntity
  8
0
100
AcDbLine
 10
1015.886280904069
 20
1456.188755080663
 30
0.0
 11
1012.580599480431
 21
1456.188755080663
 31
0.0
  0
LINE
  5
A12
330
1F
100
AcDbEntity
  8
0
100
AcDbLine
 10
1012.580599480431
 20
1456.188755080663
 30
0.0
 11
1012.580599480431
 21
1452.885448793471
 31
0.0
  0
LINE
  5
A13
330
1F
100
AcDbEntity
  8
0
100
AcDbLine
 10
1012.94095595885
 20
1472.354257191132
 30
0.0
 11
1012.94095595885
 21
1465.981236926164
 31
0.0
  0
LINE
  5
A14
330
1F
100
AcDbEntity
  8
0
100
AcDbLine
 10
1012.94095595885
 20
1460.403261158765
 30
0.0
 11
1012.94095595885
 21
1459.079147827912
 31
0.0
  0
LINE
  5
A15
330
1F
100
AcDbEntity
  8
0
100
AcDbLine
 10
1012.580599480431
 20
1452.885448793471
 30
0.0
 11
1012.496943367934
 21
1443.206459422718
 31
0.0
  0
LINE
  5
A16
330
1F
100
AcDbEntity
  8
0
100
AcDbLine
 10
1012.94095595885
 20
1465.981236926164
 30
0.0
 11
1012.94095595885
 21
1460.403261158765
 31
0.0
  0
LWPOLYLINE
  5
A17
330
1F
100
AcDbEntity
  8
0
100
AcDbPolyline
 90
        4
 70
     1
 43
0.0
 10
1022.447456311242
 20
1472.882249492989
 10
1033.22001360522
 20
1472.882249492989
 10
1033.22001360522
 20
1465.562182251371
 10
1022.447456311242
 20
1465.562182251371
  0
LWPOLYLINE
  5
A18
330
1F
100
AcDbEntity
  8
0
100
AcDbPolyline
 90
        2
 70
     0
 43
0.0
 10
1016.435746790789
 20
1464.395942081044
 10
1012.704837871376
 20
1464.395942081044
  0
ARC
  5
A19
330
1F
100
AcDbEntity
  8
0
100
AcDbCircle
 10
1012.859980848997
 20
1465.564710760774
 30
0.0
 40
1.179020597879572
100
AcDbArc
 50
97.56126910338164
 51
262.4387308966184
  0
LWPOLYLINE
  5
A1A
330
1F
100
AcDbEntity
  8
0
100
AcDbPolyline
 90
        2
 70
     0
 43
0.0
 10
1012.704837871376
 20
1469.071019028706
 10
1016.812032794409
 20
1469.071019028706
  0
ARC
  5
A1B
330
1F
100
AcDbEntity
  8
0
100
AcDbCircle
 10
1012.859980848997
 20
1467.902250348975
 30
0.0
 40
1.179020597879572
100
AcDbArc
 50
97.56126910338164
 51
262.4387308966184
  0
LINE
  5
A1C
330
1F
100
AcDbEntity
  8
0
100
AcDbLine
 10
1016.812032794409
 20
1469.071019028706
 30
0.0
 11
1022.447456311242
 21
1469.071019028706
 31
0.0
  0
LINE
  5
A21
330
1F
100
AcDbEntity
  8
0
100
AcDbLine
 10
1012.496943367934
 20
1443.206459422718
 30
0.0
 11
1012.515186937651
 21
1442.584839007517
 31
0.0
  0
MTEXT
  5
A23
330
1F
100
AcDbEntity
  8
0
100
AcDbMText
 10
1024.227480435036
 20
1471.587983464639
 30
0.0
 40
2.16932177872851
 41
8.34172947699157
 46
0.0
 71
     1
 72
     5
  1
{\fArial|b0|i1|c0|p34;I\H0.50195x;            \H1.99229x;>}
 73
     1
 44
1.0
101
Embedded Object
 70
     1
 10
1.0
 20
0.0
 30
0.0
 11
1024.227480435036
 21
1471.587983464639
 31
0.0
 40
8.34172947699157
 41
0.0
 42
7.523594455828728
 43
2.16938678354027
 71
     2
 72
     1
 44
8.34172947699157
 45
10.84660889364255
 73
     0
 74
     0
 46
0.0
  0
LWPOLYLINE
  5
A24
330
1F
100
AcDbEntity
  8
0
100
AcDbPolyline
 90
        2
 70
     0
 43
0.0
 10
1029.125020474688
 20
1469.527737869945
 10
1026.510411596486
 20
1469.549600987118
  0
LINE
  5
A25
330
1F
100
AcDbEntity
  8
0
100
AcDbLine
 10
1027.243360834257
 20
1468.255219972611
 30
0.0
 11
1028.377574608591
 21
1468.255219972611
 31
0.0
  0
LINE
  5
A26
330
1F
100
AcDbEntity
  8
0
100
AcDbLine
 10
1026.882968500109
 20
1468.891021880936
 30
0.0
 11
1028.751547592044
 21
1468.891021880936
 31
0.0
  0
LINE
  5
A27
330
1F
100
AcDbEntity
  8
0
100
AcDbLine
 10
1027.817716035587
 20
1469.538669428531
 30
0.0
 11
1027.834640330744
 21
1471.562644876409
 31
0.0
  0
LINE
  5
A28
330
1F
100
AcDbEntity
  8
0
100
AcDbLine
 10
1024.305393178164
 20
1467.316389527119
 30
0.0
 11
1024.305393178164
 21
1466.447234886913
 31
0.0
  0
LINE
  5
A29
330
1F
100
AcDbEntity
  8
0
100
AcDbLine
 10
1031.536994027311
 20
1467.316389527119
 30
0.0
 11
1031.536994027311
 21
1466.447234886913
 31
0.0
  0
LINE
  5
A2A
330
1F
100
AcDbEntity
  8
0
100
AcDbLine
 10
1024.305393178164
 20
1466.881812207017
 30
0.0
 11
1031.536994027309
 21
1466.881812207017
 31
0.0
  0
LINE
  5
A2B
330
1F
100
AcDbEntity
  8
0
100
AcDbLine
 10
1026.740778121134
 20
1467.440553604715
 30
0.0
 11
1029.350119442953
 21
1466.323070809318
 31
0.0
  0
LINE
  5
A2E
330
1F
100
AcDbEntity
  8
0
100
AcDbLine
 10
1073.126917435314
 20
1482.119769434716
 30
0.0
 11
1075.057396603408
 21
1480.189290266622
 31
0.0
  0
LINE
  5
A2F
330
1F
100
AcDbEntity
  8
0
100
AcDbLine
 10
1075.057396603408
 20
1482.119769434716
 30
0.0
 11
1073.126917435314
 21
1480.189290266622
 31
0.0
  0
LINE
  5
A30
330
1F
100
AcDbEntity
  8
0
100
AcDbLine
 10
1074.092157019359
 20
1472.881047701691
 30
0.0
 11
1074.092157019359
 21
1474.397852762337
 31
0.0
  0
LINE
  5
A31
330
1F
100
AcDbEntity
  8
0
100
AcDbLine
 10
1074.092157019359
 20
1474.397852762337
 30
0.0
 11
1071.528038946839
 21
1479.896621713857
 31
0.0
  0
LWPOLYLINE
  5
A32
330
1F
100
AcDbEntity
  8
0
100
AcDbPolyline
 90
        4
 70
     1
 43
0.0
 10
1068.880203360428
 20
1460.930051669324
 10
1078.946619425446
 20
1460.930051669324
 10
1078.946619425446
 20
1455.878154469016
 10
1068.880203360428
 20
1455.878154469016
  0
LINE
  5
A33
330
1F
100
AcDbEntity
  8
0
100
AcDbLine
 10
1074.092157019361
 20
1459.60593833847
 30
0.0
 11
1077.037481964579
 21
1459.60593833847
 31
0.0
  0
LINE
  5
A34
330
1F
100
AcDbEntity
  8
0
100
AcDbLine
 10
1077.037481964579
 20
1459.60593833847
 30
0.0
 11
1077.037481964579
 21
1456.715545591221
 31
0.0
  0
LINE
  5
A35
330
1F
100
AcDbEntity
  8
0
100
AcDbLine
 10
1077.037481964579
 20
1456.715545591221
 30
0.0
 11
1073.73180054094
 21
1456.715545591221
 31
0.0
  0
LINE
  5
A36
330
1F
100
AcDbEntity
  8
0
100
AcDbLine
 10
1073.73180054094
 20
1456.715545591221
 30
0.0
 11
1073.73180054094
 21
1453.412239304029
 31
0.0
  0
LINE
  5
A37
330
1F
100
AcDbEntity
  8
0
100
AcDbLine
 10
1074.092157019359
 20
1472.881047701691
 30
0.0
 11
1074.092157019359
 21
1466.508027436722
 31
0.0
  0
LINE
  5
A38
330
1F
100
AcDbEntity
  8
0
100
AcDbLine
 10
1074.092157019359
 20
1460.930051669324
 30
0.0
 11
1074.092157019359
 21
1459.60593833847
 31
0.0
  0
LINE
  5
A39
330
1F
100
AcDbEntity
  8
0
100
AcDbLine
 10
1073.73180054094
 20
1453.412239304029
 30
0.0
 11
1073.648144428443
 21
1443.733249933277
 31
0.0
  0
LINE
  5
A3A
330
1F
100
AcDbEntity
  8
0
100
AcDbLine
 10
1074.092157019359
 20
1466.508027436722
 30
0.0
 11
1074.092157019359
 21
1460.930051669324
 31
0.0
  0
LWPOLYLINE
  5
A3B
330
1F
100
AcDbEntity
  8
0
100
AcDbPolyline
 90
        4
 70
     1
 43
0.0
 10
1083.598657371751
 20
1473.409040003547
 10
1094.371214665729
 20
1473.409040003547
 10
1094.371214665729
 20
1466.088972761929
 10
1083.598657371751
 20
1466.088972761929
  0
LWPOLYLINE
  5
A3C
330
1F
100
AcDbEntity
  8
0
100
AcDbPolyline
 90
        2
 70
     0
 43
0.0
 10
1077.586947851298
 20
1464.922732591603
 10
1073.856038931886
 20
1464.922732591603
  0
ARC
  5
A3D
330
1F
100
AcDbEntity
  8
0
100
AcDbCircle
 10
1074.011181909506
 20
1466.091501271333
 30
0.0
 40
1.179020597879572
100
AcDbArc
 50
97.56126910338164
 51
262.4387308966184
  0
LWPOLYLINE
  5
A3E
330
1F
100
AcDbEntity
  8
0
100
AcDbPolyline
 90
        2
 70
     0
 43
0.0
 10
1073.856038931886
 20
1469.597809539265
 10
1077.963233854918
 20
1469.597809539265
  0
ARC
  5
A3F
330
1F
100
AcDbEntity
  8
0
100
AcDbCircle
 10
1074.011181909506
 20
1468.429040859533
 30
0.0
 40
1.179020597879572
100
AcDbArc
 50
97.56126910338164
 51
262.4387308966184
  0
LINE
  5
A40
330
1F
100
AcDbEntity
  8
0
100
AcDbLine
 10
1077.963233854918
 20
1469.597809539265
 30
0.0
 11
1083.598657371751
 21
1469.597809539265
 31
0.0
  0
LINE
  5
A45
330
1F
100
AcDbEntity
  8
0
100
AcDbLine
 10
1073.648144428443
 20
1443.733249933277
 30
0.0
 11
1073.669031391071
 21
1443.138613224554
 31
0.0
  0
MTEXT
  5
A47
330
1F
100
AcDbEntity
  8
0
100
AcDbMText
 10
1085.749733198995
 20
1471.830595256469
 30
0.0
 40
2.16932177872851
 41
8.34172947699157
 46
0.0
 71
     1
 72
     5
  1
{\fArial|b0|i1|c0|p34;I\H0.50195x;            \H1.99229x;>}
 73
     1
 44
1.0
101
Embedded Object
 70
     1
 10
1.0
 20
0.0
 30
0.0
 11
1085.749733198995
 21
1471.830595256469
 31
0.0
 40
8.34172947699157
 41
0.0
 42
7.523594455828728
 43
2.16938678354027
 71
     2
 72
     1
 44
8.34172947699157
 45
10.84660889364255
 73
     0
 74
     0
 46
0.0
  0
LWPOLYLINE
  5
A48
330
1F
100
AcDbEntity
  8
0
100
AcDbPolyline
 90
        2
 70
     0
 43
0.0
 10
1090.647273238647
 20
1469.770349661774
 10
1088.032664360444
 20
1469.792212778947
  0
LINE
  5
A49
330
1F
100
AcDbEntity
  8
0
100
AcDbLine
 10
1088.765613598216
 20
1468.49783176444
 30
0.0
 11
1089.899827372551
 21
1468.49783176444
 31
0.0
  0
LINE
  5
A4A
330
1F
100
AcDbEntity
  8
0
100
AcDbLine
 10
1088.405221264068
 20
1469.133633672766
 30
0.0
 11
1090.273800356003
 21
1469.133633672766
 31
0.0
  0
LINE
  5
A4B
330
1F
100
AcDbEntity
  8
0
100
AcDbLine
 10
1089.339968799546
 20
1469.781281220361
 30
0.0
 11
1089.356893094703
 21
1471.805256668238
 31
0.0
  0
LINE
  5
A4C
330
1F
100
AcDbEntity
  8
0
100
AcDbLine
 10
1085.827645942124
 20
1467.559001318949
 30
0.0
 11
1085.827645942124
 21
1466.689846678742
 31
0.0
  0
LINE
  5
A4D
330
1F
100
AcDbEntity
  8
0
100
AcDbLine
 10
1093.05924679127
 20
1467.559001318949
 30
0.0
 11
1093.05924679127
 21
1466.689846678742
 31
0.0
  0
LINE
  5
A4E
330
1F
100
AcDbEntity
  8
0
100
AcDbLine
 10
1085.827645942124
 20
1467.124423998846
 30
0.0
 11
1093.059246791269
 21
1467.124423998846
 31
0.0
  0
LINE
  5
A4F
330
1F
100
AcDbEntity
  8
0
100
AcDbLine
 10
1088.263030885093
 20
1467.683165396544
 30
0.0
 11
1090.872372206912
 21
1466.565682601147
 31
0.0
  0
LINE
  5
A53
330
1F
100
AcDbEntity
  8
0
100
AcDbLine
 10
946.7657580115016
 20
1481.155630534654
 30
0.0
 11
946.7657580115016
 21
1490.852820809167
 31
0.0
  0
LINE
  5
A54
330
1F
100
AcDbEntity
  8
0
100
AcDbLine
 10
1012.940955958852
 20
1489.108956502443
 30
0.0
 11
1012.940955958852
 21
1490.901713191191
 31
0.0
  0
LINE
  5
A55
330
1F
100
AcDbEntity
  8
0
100
AcDbLine
 10
1074.092157019361
 20
1481.15452985067
 30
0.0
 11
1074.092157019361
 21
1490.863707003602
 31
0.0
  0
LINE
  5
A74
330
1F
100
AcDbEntity
  8
0
370
    50
100
AcDbLine
 10
1248.965822375055
 20
1388.235955209099
 30
0.0
 11
1248.965822375055
 21
1389.752760269745
 31
0.0
  0
LINE
  5
ACD
330
1F
100
AcDbEntity
  8
0
100
AcDbLine
 10
1248.965822375057
 20
1481.224868944841
 30
0.0
 11
1248.965822375057
 21
1490.868538946044
 31
0.0
  0
HATCH
  5
ACE
330
1F
100
AcDbEntity
  8
0
100
AcDbHatch
 10
0.0
 20
0.0
 30
0.0
210
0.0
220
0.0
230
1.0
  2
SOLID
 70
     1
 71
     0
 91
        1
 92
        1
 93
        4
 72
     1
 10
1195.71416238835
 20
1386.069446933166
 11
1335.719609137625
 21
1386.069446933166
 72
     1
 10
1335.719609137625
 20
1386.069446933166
 11
1335.719609137625
 21
1386.85776336803
 72
     1
 10
1335.719609137625
 20
1386.857763368031
 11
1195.714162388351
 21
1386.857763368031
 72
     1
 10
1195.71416238835
 20
1386.857763368031
 11
1195.71416238835
 21
1386.069446933166
 97
        0
 75
     1
 76
     1
 98
        1
 10
1225.702023499294
 20
1386.228875706555
450
        0
451
        0
460
0.0
461
0.0
452
        0
462
0.0
453
        2
463
0.0
 63
     5
421
      255
463
1.0
 63
     2
421
 16776960
470
LINEAR
1001
GradientColor1ACI
1070
     5
1001
GradientColor2ACI
1070
     2
1001
ACAD
1010
0.0
1020
0.0
1030
0.0
  0
LINE
  5
ACF
330
1F
100
AcDbEntity
  8
0
100
AcDbLine
 10
1248.965822375055
 20
1388.235955209099
 30
0.0
 11
1248.965822375055
 21
1386.844505779801
 31
0.0
  0
LINE
  5
AD2
330
1F
100
AcDbEntity
  8
0
100
AcDbLine
 10
1331.447755812665
 20
1483.863874652719
 30
0.0
 11
1333.378234980759
 21
1481.933395484625
 31
0.0
  0
LINE
  5
AD3
330
1F
100
AcDbEntity
  8
0
100
AcDbLine
 10
1333.378234980759
 20
1483.863874652719
 30
0.0
 11
1331.447755812665
 21
1481.933395484625
 31
0.0
  0
LINE
  5
AD4
330
1F
100
AcDbEntity
  8
0
100
AcDbLine
 10
1332.41299539671
 20
1474.625152919693
 30
0.0
 11
1332.41299539671
 21
1476.141957980339
 31
0.0
  0
LINE
  5
AD5
330
1F
100
AcDbEntity
  8
0
100
AcDbLine
 10
1332.41299539671
 20
1476.141957980339
 30
0.0
 11
1329.84887732419
 21
1481.640726931859
 31
0.0
  0
LINE
  5
AD6
330
1F
100
AcDbEntity
  8
0
100
AcDbLine
 10
1332.412995396712
 20
1482.898635068672
 30
0.0
 11
1332.412995396712
 21
1490.892867419213
 31
0.0
  0
LWPOLYLINE
  5
AD7
330
1F
100
AcDbEntity
  8
0
100
AcDbPolyline
 90
        4
 70
     1
 43
0.0
 10
1327.201041737779
 20
1468.252132654725
 10
1337.267457802797
 20
1468.252132654725
 10
1337.267457802797
 20
1463.200235454418
 10
1327.201041737779
 20
1463.200235454418
  0
LINE
  5
AD8
330
1F
100
AcDbEntity
  8
0
100
AcDbLine
 10
1332.412995396712
 20
1466.928019323872
 30
0.0
 11
1335.35832034193
 21
1466.928019323872
 31
0.0
  0
LINE
  5
AD9
330
1F
100
AcDbEntity
  8
0
100
AcDbLine
 10
1335.35832034193
 20
1466.928019323872
 30
0.0
 11
1335.35832034193
 21
1464.037626576623
 31
0.0
  0
LINE
  5
ADA
330
1F
100
AcDbEntity
  8
0
100
AcDbLine
 10
1335.35832034193
 20
1464.037626576623
 30
0.0
 11
1332.052638918291
 21
1464.037626576623
 31
0.0
  0
LINE
  5
ADB
330
1F
100
AcDbEntity
  8
0
100
AcDbLine
 10
1332.052638918291
 20
1464.037626576623
 30
0.0
 11
1332.052638918291
 21
1460.73432028943
 31
0.0
  0
LINE
  5
ADC
330
1F
100
AcDbEntity
  8
0
100
AcDbLine
 10
1332.41299539671
 20
1474.625152919693
 30
0.0
 11
1332.41299539671
 21
1468.252132654725
 31
0.0
  0
LINE
  5
ADD
330
1F
100
AcDbEntity
  8
0
100
AcDbLine
 10
1332.41299539671
 20
1468.252132654725
 30
0.0
 11
1332.41299539671
 21
1466.928019323872
 31
0.0
  0
LINE
  5
ADE
330
1F
100
AcDbEntity
  8
0
100
AcDbLine
 10
1332.052638918291
 20
1460.73432028943
 30
0.0
 11
1331.968982805794
 21
1451.055330918678
 31
0.0
  0
LINE
  5
AF1
330
1F
100
AcDbEntity
  8
0
370
    50
100
AcDbLine
 10
1248.864330171459
 20
1289.72496589386
 30
0.0
 11
1248.864330171459
 21
1291.241770954506
 31
0.0
  0
LINE
  5
B4B
330
1F
100
AcDbEntity
  8
0
100
AcDbLine
 10
1248.864330171461
 20
1379.490460831053
 30
0.0
 11
1248.864330171461
 21
1386.120904948785
 31
0.0
  0
LINE
  5
B4E
330
1F
100
AcDbEntity
  8
0
100
AcDbLine
 10
1329.619019152842
 20
1378.265963914962
 30
0.0
 11
1331.549498320935
 21
1376.335484746867
 31
0.0
  0
LINE
  5
B4F
330
1F
100
AcDbEntity
  8
0
100
AcDbLine
 10
1331.549498320935
 20
1378.265963914962
 30
0.0
 11
1329.619019152842
 21
1376.335484746867
 31
0.0
  0
LINE
  5
B50
330
1F
100
AcDbEntity
  8
0
100
AcDbLine
 10
1330.584258736887
 20
1369.027242181936
 30
0.0
 11
1330.584258736887
 21
1370.544047242582
 31
0.0
  0
LINE
  5
B51
330
1F
100
AcDbEntity
  8
0
100
AcDbLine
 10
1330.584258736887
 20
1370.544047242582
 30
0.0
 11
1328.020140664367
 21
1376.042816194102
 31
0.0
  0
LINE
  5
B52
330
1F
100
AcDbEntity
  8
0
100
AcDbLine
 10
1330.584258736889
 20
1377.300724330914
 30
0.0
 11
1330.584258736889
 21
1385.975190312436
 31
0.0
  0
LWPOLYLINE
  5
B53
330
1F
100
AcDbEntity
  8
0
100
AcDbPolyline
 90
        4
 70
     1
 43
0.0
 10
1325.34557449497
 20
1362.654221916967
 10
1335.411990559988
 20
1362.654221916967
 10
1335.411990559988
 20
1357.60232471666
 10
1325.34557449497
 20
1357.60232471666
  0
LINE
  5
B54
330
1F
100
AcDbEntity
  8
0
100
AcDbLine
 10
1330.584258736887
 20
1361.330108586114
 30
0.0
 11
1333.50285309912
 21
1361.330108586114
 31
0.0
  0
LINE
  5
B55
330
1F
100
AcDbEntity
  8
0
100
AcDbLine
 10
1333.50285309912
 20
1361.330108586114
 30
0.0
 11
1333.50285309912
 21
1358.439715838865
 31
0.0
  0
LINE
  5
B56
330
1F
100
AcDbEntity
  8
0
100
AcDbLine
 10
1333.50285309912
 20
1358.439715838865
 30
0.0
 11
1330.197171675482
 21
1358.439715838865
 31
0.0
  0
LINE
  5
B57
330
1F
100
AcDbEntity
  8
0
100
AcDbLine
 10
1330.197171675482
 20
1358.439715838865
 30
0.0
 11
1330.197171675482
 21
1355.136409551673
 31
0.0
  0
LINE
  5
B58
330
1F
100
AcDbEntity
  8
0
100
AcDbLine
 10
1330.584258736887
 20
1369.027242181936
 30
0.0
 11
1330.584258736887
 21
1362.654221916967
 31
0.0
  0
LINE
  5
B59
330
1F
100
AcDbEntity
  8
0
100
AcDbLine
 10
1330.584258736887
 20
1362.654221916967
 30
0.0
 11
1330.584258736887
 21
1361.330108586114
 31
0.0
  0
LINE
  5
B5A
330
1F
100
AcDbEntity
  8
0
100
AcDbLine
 10
1330.197171675482
 20
1355.136409551673
 30
0.0
 11
1330.266030234321
 21
1345.477321147897
 31
0.0
  0
HATCH
  5
B63
330
1F
100
AcDbEntity
  8
0
100
AcDbHatch
 10
0.0
 20
0.0
 30
0.0
210
0.0
220
0.0
230
1.0
  2
SOLID
 70
     1
 71
     0
 91
        1
 92
        1
 93
        4
 72
     1
 10
1195.71416238835
 20
1288.93494952749
 11
1335.719609137625
 21
1288.93494952749
 72
     1
 10
1335.719609137625
 20
1288.93494952749
 11
1335.719609137625
 21
1289.723265962355
 72
     1
 10
1335.719609137625
 20
1289.723265962355
 11
1195.714162388351
 21
1289.723265962355
 72
     1
 10
1195.71416238835
 20
1289.723265962355
 11
1195.71416238835
 21
1288.934949527491
 97
        0
 75
     1
 76
     1
 98
        1
 10
1225.702023499294
 20
1289.09437830088
450
        0
451
        0
460
0.0
461
0.0
452
        0
462
0.0
453
        2
463
0.0
 63
     5
421
      255
463
1.0
 63
     2
421
 16776960
470
LINEAR
1001
GradientColor1ACI
1070
     5
1001
GradientColor2ACI
1070
     2
1001
ACAD
1010
0.0
1020
0.0
1030
0.0
  0
LINE
  5
B71
330
1F
100
AcDbEntity
  8
0
370
    50
100
AcDbLine
 10
1248.889679109921
 20
1189.918769046806
 30
0.0
 11
1248.889679109921
 21
1191.435574107452
 31
0.0
  0
LINE
  5
BCA
330
1F
100
AcDbEntity
  8
0
100
AcDbLine
 10
1248.889679109923
 20
1281.980992547739
 30
0.0
 11
1248.864330171459
 21
1288.938689724168
 31
0.0
  0
LINE
  5
BCD
330
1F
100
AcDbEntity
  8
0
100
AcDbLine
 10
1325.962067360319
 20
1281.468070787447
 30
0.0
 11
1327.892546528413
 21
1279.537591619353
 31
0.0
  0
LINE
  5
BCE
330
1F
100
AcDbEntity
  8
0
100
AcDbLine
 10
1327.892546528413
 20
1281.468070787447
 30
0.0
 11
1325.962067360319
 21
1279.537591619353
 31
0.0
  0
LINE
  5
BCF
330
1F
100
AcDbEntity
  8
0
100
AcDbLine
 10
1326.927306944364
 20
1272.229349054422
 30
0.0
 11
1326.927306944364
 21
1273.746154115067
 31
0.0
  0
LINE
  5
BD0
330
1F
100
AcDbEntity
  8
0
100
AcDbLine
 10
1326.927306944364
 20
1273.746154115067
 30
0.0
 11
1324.363188871844
 21
1279.244923066588
 31
0.0
  0
LINE
  5
BD1
330
1F
100
AcDbEntity
  8
0
100
AcDbLine
 10
1326.927306944366
 20
1280.5028312034
 30
0.0
 11
1326.927306944366
 21
1289.177297184922
 31
0.0
  0
LWPOLYLINE
  5
BD2
330
1F
100
AcDbEntity
  8
0
100
AcDbPolyline
 90
        4
 70
     1
 43
0.0
 10
1321.621446947353
 20
1265.856328789453
 10
1331.687863012371
 20
1265.856328789453
 10
1331.687863012371
 20
1260.804431589146
 10
1321.621446947353
 20
1260.804431589146
  0
LINE
  5
BD3
330
1F
100
AcDbEntity
  8
0
100
AcDbLine
 10
1326.927306944364
 20
1264.532215458599
 30
0.0
 11
1329.778725551503
 21
1264.532215458599
 31
0.0
  0
LINE
  5
BD4
330
1F
100
AcDbEntity
  8
0
100
AcDbLine
 10
1329.778725551503
 20
1264.532215458599
 30
0.0
 11
1329.778725551503
 21
1261.64182271135
 31
0.0
  0
LINE
  5
BD5
330
1F
100
AcDbEntity
  8
0
100
AcDbLine
 10
1329.778725551503
 20
1261.64182271135
 30
0.0
 11
1326.473044127865
 21
1261.64182271135
 31
0.0
  0
LINE
  5
BD6
330
1F
100
AcDbEntity
  8
0
100
AcDbLine
 10
1326.473044127865
 20
1261.64182271135
 30
0.0
 11
1326.473044127865
 21
1258.338516424158
 31
0.0
  0
LINE
  5
BD7
330
1F
100
AcDbEntity
  8
0
100
AcDbLine
 10
1326.927306944364
 20
1272.229349054422
 30
0.0
 11
1326.927306944364
 21
1265.856328789453
 31
0.0
  0
LINE
  5
BD8
330
1F
100
AcDbEntity
  8
0
100
AcDbLine
 10
1326.927306944364
 20
1265.856328789453
 30
0.0
 11
1326.927306944364
 21
1264.532215458599
 31
0.0
  0
LINE
  5
BD9
330
1F
100
AcDbEntity
  8
0
100
AcDbLine
 10
1326.473044127865
 20
1258.338516424158
 30
0.0
 11
1326.447496644669
 21
1249.074595184964
 31
0.0
  0
HATCH
  5
BE2
330
1F
100
AcDbEntity
  8
0
100
AcDbHatch
 10
0.0
 20
0.0
 30
0.0
210
0.0
220
0.0
230
1.0
  2
SOLID
 70
     1
 71
     0
 91
        1
 92
        1
 93
        4
 72
     1
 10
1195.739511326813
 20
1189.275168898949
 11
1304.387449690711
 21
1189.275168898949
 72
     1
 10
1304.387449690711
 20
1189.275168898949
 11
1304.387449690711
 21
1190.063485333813
 72
     1
 10
1304.387449690711
 20
1190.063485333813
 11
1195.739511326813
 21
1190.063485333813
 72
     1
 10
1195.739511326813
 20
1190.063485333813
 11
1195.739511326813
 21
1189.275168898949
 97
        0
 75
     1
 76
     1
 98
        1
 10
1225.727372437756
 20
1189.434597672338
450
        0
451
        0
460
0.0
461
0.0
452
        0
462
0.0
453
        2
463
0.0
 63
     5
421
      255
463
1.0
 63
     2
421
 16776960
470
LINEAR
1001
GradientColor1ACI
1070
     5
1001
GradientColor2ACI
1070
     2
1001
ACAD
1010
0.0
1020
0.0
1030
0.0
  0
CIRCLE
  5
BE3
102
{ACAD_REACTORS
330
C29
102
}
330
1F
100
AcDbEntity
  8
0
100
AcDbCircle
 10
1248.79767785136
 20
1145.028211262739
 30
0.0
 40
6.961551499096746
  0
LWPOLYLINE
  5
BE4
102
{ACAD_REACTORS
330
C29
102
}
330
1F
100
AcDbEntity
  8
0
100
AcDbPolyline
 90
        3
 70
     1
 43
0.0
 10
1248.79767785136
 20
1138.066659763643
 10
1254.965444024725
 20
1148.546192185067
 10
1242.806019641305
 20
1148.647868165083
  0
LINE
  5
BE5
102
{ACAD_REACTORS
330
C29
102
}
330
1F
100
AcDbEntity
  8
0
100
AcDbLine
 10
1246.214652155274
 20
1142.628257277789
 30
0.0
 11
1251.489393910594
 21
1142.628257277789
 31
0.0
  0
LINE
  5
BE6
102
{ACAD_REACTORS
330
C29
102
}
330
1F
100
AcDbEntity
  8
0
100
AcDbLine
 10
1244.538621995685
 20
1145.585099232836
 30
0.0
 11
1253.228581844842
 21
1145.585099232836
 31
0.0
  0
LINE
  5
BE7
330
1F
100
AcDbEntity
  8
0
100
AcDbLine
 10
1247.701796327518
 20
1184.44838596804
 30
0.0
 11
1249.632275495612
 21
1182.517906799946
 31
0.0
  0
LINE
  5
BE8
330
1F
100
AcDbEntity
  8
0
100
AcDbLine
 10
1249.632275495612
 20
1184.44838596804
 30
0.0
 11
1247.701796327518
 21
1182.517906799946
 31
0.0
  0
LINE
  5
BE9
330
1F
100
AcDbEntity
  8
0
100
AcDbLine
 10
1248.667035911563
 20
1175.209664235014
 30
0.0
 11
1248.667035911563
 21
1176.72646929566
 31
0.0
  0
LINE
  5
BEA
330
1F
100
AcDbEntity
  8
0
100
AcDbLine
 10
1248.667035911563
 20
1176.72646929566
 30
0.0
 11
1246.102917839043
 21
1182.22523824718
 31
0.0
  0
LINE
  5
BEB
330
1F
100
AcDbEntity
  8
0
100
AcDbLine
 10
1248.667035911563
 20
1175.209664235014
 30
0.0
 11
1248.667035911563
 21
1168.836643970046
 31
0.0
  0
LWPOLYLINE
  5
BEC
330
1F
100
AcDbEntity
  8
0
100
AcDbPolyline
 90
        4
 70
     1
 43
0.0
 10
1257.739858077558
 20
1171.545741939749
 10
1268.512415371536
 20
1171.545741939749
 10
1268.512415371536
 20
1164.225674698131
 10
1257.739858077558
 20
1164.225674698131
  0
LWPOLYLINE
  5
BED
330
1F
100
AcDbEntity
  8
0
100
AcDbPolyline
 90
        2
 70
     0
 43
0.0
 10
1249.862694097397
 20
1163.059434527805
 10
1247.997239637692
 20
1163.059434527805
  0
ARC
  5
BEE
330
1F
100
AcDbEntity
  8
0
100
AcDbCircle
 10
1248.152382615313
 20
1164.228203207535
 30
0.0
 40
1.179020597879572
100
AcDbArc
 50
97.56126910338164
 51
262.4387308966184
  0
LWPOLYLINE
  5
BEF
330
1F
100
AcDbEntity
  8
0
100
AcDbPolyline
 90
        2
 70
     0
 43
0.0
 10
1247.997239637692
 20
1167.734511475467
 10
1252.104434560725
 20
1167.734511475467
  0
ARC
  5
BF0
330
1F
100
AcDbEntity
  8
0
100
AcDbCircle
 10
1248.152382615313
 20
1166.565742795735
 30
0.0
 40
1.179020597879572
100
AcDbArc
 50
97.56126910338164
 51
262.4387308966184
  0
LINE
  5
BF1
330
1F
100
AcDbEntity
  8
0
100
AcDbLine
 10
1252.104434560725
 20
1167.734511475467
 30
0.0
 11
1257.739858077558
 21
1167.734511475467
 31
0.0
  0
LINE
  5
BF2
330
1F
100
AcDbEntity
  8
0
100
AcDbLine
 10
1248.667035911563
 20
1168.836643970046
 30
0.0
 11
1248.771804109028
 21
1151.979988214612
 31
0.0
  0
MTEXT
  5
BF4
330
1F
100
AcDbEntity
  8
0
100
AcDbMText
 10
1261.079328318507
 20
1169.975891454819
 30
0.0
 40
2.16932177872851
 41
8.34172947699157
 46
0.0
 71
     1
 72
     5
  1
{\fArial|b0|i1|c0|p34;I\H0.50195x;   \H1.99229x;>}
 73
     1
 44
1.0
101
Embedded Object
 70
     1
 10
1.0
 20
0.0
 30
0.0
 11
1261.079328318507
 21
1169.975891454819
 31
0.0
 40
8.34172947699157
 41
0.0
 42
3.719903355384906
 43
2.16938678354027
 71
     2
 72
     1
 44
8.34172947699157
 45
10.84660889364255
 73
     0
 74
     0
 46
0.0
  0
LINE
  5
BF5
330
1F
100
AcDbEntity
  8
0
100
AcDbLine
 10
1259.50545568809
 20
1167.040809168042
 30
0.0
 11
1259.50545568809
 21
1166.171654527836
 31
0.0
  0
LINE
  5
BF6
330
1F
100
AcDbEntity
  8
0
100
AcDbLine
 10
1266.737056537237
 20
1167.040809168042
 30
0.0
 11
1266.737056537237
 21
1166.171654527836
 31
0.0
  0
LINE
  5
BF7
330
1F
100
AcDbEntity
  8
0
100
AcDbLine
 10
1259.50545568809
 20
1166.60623184794
 30
0.0
 11
1266.737056537235
 21
1166.60623184794
 31
0.0
  0
LINE
  5
BF8
330
1F
100
AcDbEntity
  8
0
100
AcDbLine
 10
1261.94084063106
 20
1167.164973245638
 30
0.0
 11
1264.55018195288
 21
1166.04749045024
 31
0.0
  0
LINE
  5
BFA
330
1F
100
AcDbEntity
  8
0
100
AcDbLine
 10
1248.667035911565
 20
1183.483146383993
 30
0.0
 11
1248.667035911565
 21
1189.499404151152
 31
0.0
  0
CIRCLE
  5
C02
330
1F
100
AcDbEntity
  8
0
100
AcDbCircle
 10
1237.903690308165
 20
1544.532945528898
 30
0.0
 40
6.830799961044904
  0
MTEXT
  5
C03
330
1F
100
AcDbEntity
  8
0
100
AcDbMText
 10
1233.143837946999
 20
1545.844511364231
 30
0.0
 40
2.854527195594137
 41
9.348995050519565
 46
0.0
 71
     1
 72
     5
  1
\pxqc;M
 73
     1
 44
1.0
101
Embedded Object
 70
     1
 10
1.0
 20
0.0
 30
0.0
 11
1233.143837946999
 21
1545.844511364231
 31
0.0
 40
9.348995050519565
 41
0.0
 42
2.724067903571758
 43
2.854527195594137
 71
     2
 72
     1
 44
9.348995050519565
 45
14.27263597797068
 73
     0
 74
     0
 46
0.0
  0
LINE
  5
C04
330
1F
100
AcDbEntity
  8
0
100
AcDbLine
 10
1237.441500142681
 20
1584.172034099246
 30
0.0
 11
1239.371979310775
 21
1582.241554931152
 31
0.0
  0
LINE
  5
C05
330
1F
100
AcDbEntity
  8
0
100
AcDbLine
 10
1239.371979310775
 20
1584.172034099246
 30
0.0
 11
1237.441500142681
 21
1582.241554931152
 31
0.0
  0
LINE
  5
C06
330
1F
100
AcDbEntity
  8
0
100
AcDbLine
 10
1238.406739726726
 20
1574.933312366221
 30
0.0
 11
1238.406739726726
 21
1576.450117426866
 31
0.0
  0
LINE
  5
C07
330
1F
100
AcDbEntity
  8
0
100
AcDbLine
 10
1238.406739726726
 20
1576.450117426866
 30
0.0
 11
1235.842621654206
 21
1581.948886378387
 31
0.0
  0
LINE
  5
C08
330
1F
100
AcDbEntity
  8
0
100
AcDbLine
 10
1238.406739726728
 20
1583.206794515199
 30
0.0
 11
1238.406739726728
 21
1591.526914867847
 31
0.0
  0
LWPOLYLINE
  5
C09
330
1F
100
AcDbEntity
  8
0
100
AcDbPolyline
 90
        4
 70
     1
 43
0.0
 10
1233.194786067795
 20
1568.560292101252
 10
1243.261202132813
 20
1568.560292101252
 10
1243.261202132813
 20
1563.508394900945
 10
1233.194786067795
 20
1563.508394900945
  0
LINE
  5
C0A
330
1F
100
AcDbEntity
  8
0
100
AcDbLine
 10
1238.406739726728
 20
1567.236178770399
 30
0.0
 11
1241.352064671945
 21
1567.236178770399
 31
0.0
  0
LINE
  5
C0B
330
1F
100
AcDbEntity
  8
0
100
AcDbLine
 10
1241.352064671945
 20
1567.236178770399
 30
0.0
 11
1241.352064671945
 21
1564.34578602315
 31
0.0
  0
LINE
  5
C0C
330
1F
100
AcDbEntity
  8
0
100
AcDbLine
 10
1241.352064671945
 20
1564.34578602315
 30
0.0
 11
1238.046383248307
 21
1564.34578602315
 31
0.0
  0
LINE
  5
C0D
330
1F
100
AcDbEntity
  8
0
100
AcDbLine
 10
1238.046383248307
 20
1564.34578602315
 30
0.0
 11
1238.046383248307
 21
1561.042479735958
 31
0.0
  0
LINE
  5
C0E
330
1F
100
AcDbEntity
  8
0
100
AcDbLine
 10
1238.406739726726
 20
1574.933312366221
 30
0.0
 11
1238.406739726726
 21
1568.560292101252
 31
0.0
  0
LINE
  5
C0F
330
1F
100
AcDbEntity
  8
0
100
AcDbLine
 10
1238.406739726726
 20
1568.560292101252
 30
0.0
 11
1238.406739726726
 21
1567.236178770399
 31
0.0
  0
LINE
  5
C10
330
1F
100
AcDbEntity
  8
0
100
AcDbLine
 10
1238.046383248307
 20
1561.042479735958
 30
0.0
 11
1237.96272713581
 21
1551.363490365205
 31
0.0
  0
MTEXT
  5
C11
330
1F
100
AcDbEntity
  8
0
100
AcDbMText
 10
1221.74118173557
 20
1533.654476879485
 30
0.0
 40
3.041185505098062
 41
39.42770134350274
 46
0.0
 71
     1
 72
     5
  1
{\C0;Motor Mill Drive A\P      7 MW}
 73
     1
 44
1.0
101
Embedded Object
 70
     1
 10
1.0
 20
0.0
 30
0.0
 11
1221.74118173557
 21
1533.654476879485
 31
0.0
 40
39.42770134350274
 41
0.0
 42
33.21032656965546
 43
8.111902492111273
 71
     2
 72
     1
 44
39.42770134350274
 45
15.20592752549031
 73
     0
 74
     0
 46
0.0
  0
CIRCLE
  5
C14
330
1F
100
AcDbEntity
  8
0
100
AcDbCircle
 10
1331.909945978149
 20
1444.224786082371
 30
0.0
 40
6.830799961044904
  0
MTEXT
  5
C15
330
1F
100
AcDbEntity
  8
0
100
AcDbMText
 10
1327.150093616983
 20
1445.536351917704
 30
0.0
 40
2.854527195594137
 41
9.348995050519565
 46
0.0
 71
     1
 72
     5
  1
\pxqc;M
 73
     1
 44
1.0
101
Embedded Object
 70
     1
 10
1.0
 20
0.0
 30
0.0
 11
1327.150093616983
 21
1445.536351917704
 31
0.0
 40
9.348995050519565
 41
0.0
 42
2.724067903571758
 43
2.854527195594137
 71
     2
 72
     1
 44
9.348995050519565
 45
14.27263597797068
 73
     0
 74
     0
 46
0.0
  0
MTEXT
  5
C16
330
1F
100
AcDbEntity
  8
0
100
AcDbMText
 10
1311.324834250822
 20
1435.058056916417
 30
0.0
 40
3.041185505098062
 41
42.85164084152461
 46
0.0
 71
     1
 72
     5
  1
{\C0;Motor Cane Shredder  ^J        13,5 MW}
 73
     1
 44
1.0
101
Embedded Object
 70
     1
 10
1.0
 20
0.0
 30
0.0
 11
1311.324834250822
 21
1435.058056916417
 31
0.0
 40
42.85164084152461
 41
0.0
 42
40.59754456669106
 43
8.775735617371424
 71
     2
 72
     1
 44
42.85164084152461
 45
15.20592752549031
 73
     0
 74
     0
 46
0.0
  0
CIRCLE
  5
C17
330
1F
100
AcDbEntity
  8
0
100
AcDbCircle
 10
1330.165337721512
 20
1338.647263379059
 30
0.0
 40
6.830799961044904
  0
MTEXT
  5
C18
330
1F
100
AcDbEntity
  8
0
100
AcDbMText
 10
1325.405485360346
 20
1339.958829214392
 30
0.0
 40
2.854527195594137
 41
9.348995050519565
 46
0.0
 71
     1
 72
     5
  1
\pxqc;M
 73
     1
 44
1.0
101
Embedded Object
 70
     1
 10
1.0
 20
0.0
 30
0.0
 11
1325.405485360346
 21
1339.958829214392
 31
0.0
 40
9.348995050519565
 41
0.0
 42
2.724067903571758
 43
2.854527195594137
 71
     2
 72
     1
 44
9.348995050519565
 45
14.27263597797068
 73
     0
 74
     0
 46
0.0
  0
MTEXT
  5
C19
330
1F
100
AcDbEntity
  8
0
100
AcDbMText
 10
1314.176667603985
 20
1329.480534213105
 30
0.0
 40
3.041185505098062
 41
42.85164084152461
 46
0.0
 71
     1
 72
     5
  1
{\C0;Motor Mill Drive B  ^J        2,5 MW}
 73
     1
 44
1.0
101
Embedded Object
 70
     1
 10
1.0
 20
0.0
 30
0.0
 11
1314.176667603985
 21
1329.480534213105
 31
0.0
 40
42.85164084152461
 41
0.0
 42
32.9779849758144
 43
8.723873654460474
 71
     2
 72
     1
 44
42.85164084152461
 45
15.20592752549031
 73
     0
 74
     0
 46
0.0
  0
CIRCLE
  5
C1A
330
1F
100
AcDbEntity
  8
0
100
AcDbCircle
 10
1326.215251603297
 20
1242.247744494597
 30
0.0
 40
6.830799961044904
  0
MTEXT
  5
C1B
330
1F
100
AcDbEntity
  8
0
100
AcDbMText
 10
1321.455399242131
 20
1243.559310329931
 30
0.0
 40
2.854527195594137
 41
9.348995050519565
 46
0.0
 71
     1
 72
     5
  1
\pxqc;M
 73
     1
 44
1.0
101
Embedded Object
 70
     1
 10
1.0
 20
0.0
 30
0.0
 11
1321.455399242131
 21
1243.559310329931
 31
0.0
 40
9.348995050519565
 41
0.0
 42
2.724067903571758
 43
2.854527195594137
 71
     2
 72
     1
 44
9.348995050519565
 45
14.27263597797068
 73
     0
 74
     0
 46
0.0
  0
MTEXT
  5
C1C
330
1F
100
AcDbEntity
  8
0
100
AcDbMText
 10
1310.080025374732
 20
1233.391434208042
 30
0.0
 40
3.041185505098062
 41
42.85164084152461
 46
0.0
 71
     1
 72
     5
  1
{\C0;Motor Mill Drive C  ^J        990 kW}
 73
     1
 44
1.0
101
Embedded Object
 70
     1
 10
1.0
 20
0.0
 30
0.0
 11
1310.080025374732
 21
1233.391434208042
 31
0.0
 40
42.85164084152461
 41
0.0
 42
33.27048644663216
 43
8.225998810515362
 71
     2
 72
     1
 44
42.85164084152461
 45
15.20592752549031
 73
     0
 74
     0
 46
0.0
  0
MTEXT
  5
C1F
330
1F
100
AcDbEntity
  8
0
100
AcDbMText
 10
1233.724383987269
 20
1136.810133635216
 30
0.0
 40
3.041185505098062
 41
23.48398677924333
 46
0.0
 71
     1
 72
     5
  1
{\C0;       Lighting ^J        65 kW}
 73
     1
 44
1.0
101
Embedded Object
 70
     1
 10
1.0
 20
0.0
 30
0.0
 11
1233.724383987269
 21
1136.810133635216
 31
0.0
 40
23.48398677924333
 41
0.0
 42
22.86075325114643
 43
8.174136847604412
 71
     2
 72
     1
 44
23.48398677924333
 45
15.20592752549031
 73
     0
 74
     0
 46
0.0
  0
MTEXT
  5
C22
330
1F
100
AcDbEntity
  8
0
100
AcDbMText
 10
1063.005727006579
 20
1426.234703586125
 30
0.0
 40
3.041185505098062
 41
42.85164084152461
 46
0.0
 71
     1
 72
     5
  1
{\C0;Lump Load 3^J   2,7 MW}
 73
     1
 44
1.0
101
Embedded Object
 70
     1
 10
1.0
 20
0.0
 30
0.0
 11
1063.005727006579
 21
1426.234703586125
 31
0.0
 40
42.85164084152461
 41
0.0
 42
24.29836686303794
 43
8.736320525559101
 71
     2
 72
     1
 44
42.85164084152461
 45
15.20592752549031
 73
     0
 74
     0
 46
0.0
  0
MTEXT
  5
C25
330
1F
100
AcDbEntity
  8
0
100
AcDbMText
 10
996.0705556784555
 20
1426.696001300681
 30
0.0
 40
3.041185505098062
 41
42.85164084152461
 46
0.0
 71
     1
 72
     5
  1
{\C0;    Lump Load 2  ^J        7,5 MW}
 73
     1
 44
1.0
101
Embedded Object
 70
     1
 10
1.0
 20
0.0
 30
0.0
 11
996.0705556784555
 21
1426.696001300681
 31
0.0
 40
42.85164084152461
 41
0.0
 42
29.29993456616988
 43
8.723873654460474
 71
     2
 72
     1
 44
42.85164084152461
 45
15.20592752549031
 73
     0
 74
     0
 46
0.0
  0
MTEXT
  5
C28
330
1F
100
AcDbEntity
  8
0
100
AcDbMText
 10
927.8282588265614
 20
1427.898906687216
 30
0.0
 40
3.041185505098062
 41
42.85164084152461
 46
0.0
 71
     1
 72
     5
  1
{\C0;      Lump Load 1  ^J        10,5 MW}
 73
     1
 44
1.0
101
Embedded Object
 70
     1
 10
1.0
 20
0.0
 30
0.0
 11
927.8282588265614
 21
1427.898906687216
 31
0.0
 40
42.85164084152461
 41
0.0
 42
31.10473087547092
 43
8.736320525559101
 71
     2
 72
     1
 44
42.85164084152461
 45
15.20592752549031
 73
     0
 74
     0
 46
0.0
  0
CIRCLE
  5
C2A
102
{ACAD_REACTORS
330
C2E
102
}
330
1F
100
AcDbEntity
  8
0
100
AcDbCircle
 10
946.1570824062006
 20
1436.85599274996
 30
0.0
 40
6.961551499096746
  0
LWPOLYLINE
  5
C2B
102
{ACAD_REACTORS
330
C2E
102
}
330
1F
100
AcDbEntity
  8
0
100
AcDbPolyline
 90
        3
 70
     1
 43
0.0
 10
946.1570824062006
 20
1429.894441250864
 10
952.3248485795649
 20
1440.373973672288
 10
940.1654241961454
 20
1440.475649652304
  0
LINE
  5
C2C
102
{ACAD_REACTORS
330
C2E
102
}
330
1F
100
AcDbEntity
  8
0
100
AcDbLine
 10
943.5740567101142
 20
1434.456038765011
 30
0.0
 11
948.8487984654339
 21
1434.456038765011
 31
0.0
  0
LINE
  5
C2D
102
{ACAD_REACTORS
330
C2E
102
}
330
1F
100
AcDbEntity
  8
0
100
AcDbLine
 10
941.8980265505254
 20
1437.412880720057
 30
0.0
 11
950.5879863996826
 21
1437.412880720057
 31
0.0
  0
CIRCLE
  5
C2F
102
{ACAD_REACTORS
330
C33
102
}
330
1F
100
AcDbEntity
  8
0
100
AcDbCircle
 10
1012.407746974584
 20
1435.624116636318
 30
0.0
 40
6.961551499096746
  0
LWPOLYLINE
  5
C30
102
{ACAD_REACTORS
330
C33
102
}
330
1F
100
AcDbEntity
  8
0
100
AcDbPolyline
 90
        3
 70
     1
 43
0.0
 10
1012.407746974584
 20
1428.662565137222
 10
1018.575513147948
 20
1439.142097558647
 10
1006.416088764529
 20
1439.243773538662
  0
LINE
  5
C31
102
{ACAD_REACTORS
330
C33
102
}
330
1F
100
AcDbEntity
  8
0
100
AcDbLine
 10
1009.824721278497
 20
1433.224162651369
 30
0.0
 11
1015.099463033817
 21
1433.224162651369
 31
0.0
  0
LINE
  5
C32
102
{ACAD_REACTORS
330
C33
102
}
330
1F
100
AcDbEntity
  8
0
100
AcDbLine
 10
1008.148691118909
 20
1436.181004606416
 30
0.0
 11
1016.838650968066
 21
1436.181004606416
 31
0.0
  0
CIRCLE
  5
C34
102
{ACAD_REACTORS
330
C38
102
}
330
1F
100
AcDbEntity
  8
0
100
AcDbCircle
 10
1073.434763187136
 20
1436.181004606416
 30
0.0
 40
6.961551499096746
  0
LWPOLYLINE
  5
C35
102
{ACAD_REACTORS
330
C38
102
}
330
1F
100
AcDbEntity
  8
0
100
AcDbPolyline
 90
        3
 70
     1
 43
0.0
 10
1073.434763187136
 20
1429.219453107319
 10
1079.6025293605
 20
1439.698985528744
 10
1067.44310497708
 20
1439.80066150876
  0
LINE
  5
C36
102
{ACAD_REACTORS
330
C38
102
}
330
1F
100
AcDbEntity
  8
0
100
AcDbLine
 10
1070.851737491049
 20
1433.781050621466
 30
0.0
 11
1076.126479246369
 21
1433.781050621466
 31
0.0
  0
LINE
  5
C37
102
{ACAD_REACTORS
330
C38
102
}
330
1F
100
AcDbEntity
  8
0
100
AcDbLine
 10
1069.17570733146
 20
1436.737892576513
 30
0.0
 11
1077.865667180618
 21
1436.737892576513
 31
0.0
  0
LINE
  5
C3C
330
1F
100
AcDbEntity
  8
0
100
AcDbLine
 10
1130.297052957254
 20
1611.655458983843
 30
0.0
 11
1109.1707948947
 21
1611.655458983843
 31
0.0
  0
LINE
  5
C3D
330
1F
100
AcDbEntity
  8
0
100
AcDbLine
 10
1137.11204908594
 20
1602.743493929119
 30
0.0
 11
1137.055992600522
 21
1620.828734201836
 31
0.0
  0
LINE
  5
C3E
330
1F
100
AcDbEntity
  8
0
100
AcDbLine
 10
1137.112049085939
 20
1595.986816840786
 30
0.0
 11
1137.112049085939
 21
1592.206385287902
 31
0.0
  0
LINE
  5
CD9
330
1F
100
AcDbEntity
  8
0
370
    50
100
AcDbLine
 10
1136.146809501893
 20
1588.501447459124
 30
0.0
 11
1138.077288669987
 21
1586.570968291031
 31
0.0
  0
LINE
  5
CDA
330
1F
100
AcDbEntity
  8
0
370
    50
100
AcDbLine
 10
1138.077288669987
 20
1588.501447459124
 30
0.0
 11
1136.146809501893
 21
1586.570968291031
 31
0.0
  0
LINE
  5
CDB
330
1F
100
AcDbEntity
  8
0
370
    50
100
AcDbLine
 10
1137.112049085939
 20
1579.2627257261
 30
0.0
 11
1137.112049085939
 21
1580.779530786745
 31
0.0
  0
LINE
  5
CDC
330
1F
100
AcDbEntity
  8
0
370
    50
100
AcDbLine
 10
1137.112049085939
 20
1580.779530786745
 30
0.0
 11
1134.547931013419
 21
1586.278299738265
 31
0.0
  0
LINE
  5
CDD
330
1F
100
AcDbEntity
  8
0
370
    50
100
AcDbLine
 10
1136.146809501893
 20
1509.919066972868
 30
0.0
 11
1138.077288669987
 21
1507.988587804774
 31
0.0
  0
LINE
  5
CDE
330
1F
100
AcDbEntity
  8
0
370
    50
100
AcDbLine
 10
1138.077288669987
 20
1509.919066972868
 30
0.0
 11
1136.146809501893
 21
1507.988587804774
 31
0.0
  0
LINE
  5
CDF
330
1F
100
AcDbEntity
  8
0
370
    50
100
AcDbLine
 10
1137.112049085939
 20
1502.197150300488
 30
0.0
 11
1134.547931013419
 21
1507.695919252008
 31
0.0
  0
CIRCLE
  5
CE0
102
{ACAD_REACTORS
330
D22
102
}
330
1F
100
AcDbEntity
  8
0
100
AcDbCircle
 10
1137.034192326701
 20
1534.072387483853
 30
0.0
 40
7.033353607981331
  0
CIRCLE
  5
CE1
102
{ACAD_REACTORS
330
D22
102
}
330
1F
100
AcDbEntity
  8
0
100
AcDbCircle
 10
1137.001343316977
 20
1544.018997302905
 30
0.0
 40
7.033353607981331
  0
LWPOLYLINE
  5
CE2
102
{ACAD_REACTORS
330
D22
102
}
330
1F
100
AcDbEntity
  8
0
100
AcDbPolyline
 90
        3
 70
     1
 43
0.0
 10
1137.131057229348
 20
1547.381952898405
 10
1135.060353744018
 20
1543.795389254411
 10
1139.201760714677
 20
1543.795389254411
  0
LINE
  5
CE3
102
{ACAD_REACTORS
330
D22
102
}
330
1F
100
AcDbEntity
  8
0
100
AcDbLine
 10
1137.108464003003
 20
1535.385367560607
 30
0.0
 11
1137.108464003003
 21
1532.994325131275
 31
0.0
  0
LINE
  5
CE4
102
{ACAD_REACTORS
330
D22
102
}
330
1F
100
AcDbEntity
  8
0
100
AcDbLine
 10
1137.108464003003
 20
1532.994325131275
 30
0.0
 11
1135.037760517681
 21
1531.798803916605
 31
0.0
  0
LINE
  5
CE5
102
{ACAD_REACTORS
330
D22
102
}
330
1F
100
AcDbEntity
  8
0
100
AcDbLine
 10
1135.037760517681
 20
1531.798803916605
 30
0.0
 11
1137.108464003003
 21
1532.994325131275
 31
0.0
  0
LINE
  5
CE6
102
{ACAD_REACTORS
330
D22
102
}
330
1F
100
AcDbEntity
  8
0
100
AcDbLine
 10
1137.108464003003
 20
1532.994325131275
 30
0.0
 11
1139.179167488332
 21
1531.798803916605
 31
0.0
  0
LINE
  5
CE7
330
1F
100
AcDbEntity
  8
0
100
AcDbLine
 10
1147.919076481349
 20
1521.114661825311
 30
0.0
 11
1147.919076481322
 21
1519.98078978382
 31
0.0
  0
LWPOLYLINE
  5
CE8
330
1F
100
AcDbEntity
  8
0
100
AcDbPolyline
 90
        2
 70
     0
 43
0.0
 10
1150.239726235732
 20
1519.961384725594
 10
1145.598426726911
 20
1520.000194842046
  0
LINE
  5
CE9
330
1F
100
AcDbEntity
  8
0
100
AcDbLine
 10
1146.899514995085
 20
1517.702485988927
 30
0.0
 11
1148.91290440779
 21
1517.702485988927
 31
0.0
  0
LINE
  5
CEA
330
1F
100
AcDbEntity
  8
0
100
AcDbLine
 10
1146.25976777423
 20
1518.831124046196
 30
0.0
 11
1149.576759196482
 21
1518.831124046196
 31
0.0
  0
LINE
  5
CEB
330
1F
100
AcDbEntity
  8
0
100
AcDbLine
 10
1137.108464003003
 20
1532.994325131275
 30
0.0
 11
1147.919076481338
 21
1532.994325131277
 31
0.0
  0
LWPOLYLINE
  5
CEC
330
1F
100
AcDbEntity
  8
0
100
AcDbPolyline
 90
        2
 70
     0
 43
0.0
 10
1130.297052957254
 20
1517.865792443546
 10
1137.758870796081
 20
1517.865792443546
  0
ARC
  5
CED
330
1F
100
AcDbEntity
  8
0
100
AcDbCircle
 10
1137.60372781846
 20
1519.034561123276
 30
0.0
 40
1.179020597879572
100
AcDbArc
 50
277.5612691034867
 51
82.43873089651325
  0
LWPOLYLINE
  5
CEE
330
1F
100
AcDbEntity
  8
0
100
AcDbPolyline
 90
        2
 70
     0
 43
0.0
 10
1137.758870796081
 20
1522.540869391208
 10
1133.681806869835
 20
1522.540869391208
  0
ARC
  5
CEF
330
1F
100
AcDbEntity
  8
0
100
AcDbCircle
 10
1137.60372781846
 20
1521.372100711477
 30
0.0
 40
1.179020597879572
100
AcDbArc
 50
277.5612691034867
 51
82.43873089651325
  0
LWPOLYLINE
  5
CF0
330
1F
100
AcDbEntity
  8
0
100
AcDbPolyline
 90
        2
 70
     0
 43
0.0
 10
1134.003819923465
 20
1565.379244928776
 10
1137.734728842877
 20
1565.379244928776
  0
ARC
  5
CF1
330
1F
100
AcDbEntity
  8
0
100
AcDbCircle
 10
1137.579585865257
 20
1566.548013608505
 30
0.0
 40
1.179020597879572
100
AcDbArc
 50
277.5612691034867
 51
82.43873089651325
  0
LWPOLYLINE
  5
CF2
330
1F
100
AcDbEntity
  8
0
100
AcDbPolyline
 90
        2
 70
     0
 43
0.0
 10
1137.734728842877
 20
1570.054321876438
 10
1130.272911004051
 20
1570.054321876438
  0
ARC
  5
CF3
330
1F
100
AcDbEntity
  8
0
100
AcDbCircle
 10
1137.579585865257
 20
1568.885553196706
 30
0.0
 40
1.179020597879572
100
AcDbArc
 50
277.5612691034867
 51
82.43873089651325
  0
LINE
  5
CF4
330
1F
100
AcDbEntity
  8
0
100
AcDbLine
 10
1137.112049085939
 20
1573.787157747693
 30
0.0
 11
1137.11204908594
 21
1551.017950273833
 31
0.0
  0
LWPOLYLINE
  5
CF5
330
1F
100
AcDbEntity
  8
0
100
AcDbPolyline
 90
        4
 70
     1
 43
0.0
 10
1155.779626233983
 20
1531.637749080601
 10
1166.552183527961
 20
1531.637749080601
 10
1166.552183527961
 20
1524.317681838983
 10
1155.779626233983
 20
1524.317681838983
  0
LWPOLYLINE
  5
CF6
102
{ACAD_REACTORS
330
D24
102
}
330
1F
100
AcDbEntity
  8
0
100
AcDbPolyline
 90
        4
 70
     1
 43
0.0
 10
1104.093342241217
 20
1549.217278329582
 10
1114.865899535195
 20
1549.217278329582
 10
1114.865899535195
 20
1541.897211087964
 10
1104.093342241217
 20
1541.897211087964
  0
MTEXT
  5
CF7
102
{ACAD_REACTORS
330
D24
102
}
330
1F
100
AcDbEntity
  8
0
100
AcDbMText
 10
1107.688580144226
 20
1546.807274296332
 30
0.0
 40
2.16932177872851
 41
7.104846856467202
 46
0.0
 71
     1
 72
     5
  1
{\fArial|b0|i1|c0|p34;I\H0.50195x;d  \H1.99229x;>}
 73
     1
 44
1.0
101
Embedded Object
 70
     1
 10
1.0
 20
0.0
 30
0.0
 11
1107.688580144226
 21
1546.807274296332
 31
0.0
 40
7.104846856467202
 41
0.0
 42
4.143278463225753
 43
2.187213103870411
 71
     2
 72
     1
 44
7.104846856467202
 45
10.84660889364255
 73
     0
 74
     0
 46
0.0
  0
LINE
  5
CF8
330
1F
100
AcDbEntity
  8
0
100
AcDbLine
 10
1130.272911004051
 20
1570.054321876438
 30
0.0
 11
1109.047455504804
 21
1570.054321876438
 31
0.0
  0
LINE
  5
CF9
330
1F
100
AcDbEntity
  8
0
100
AcDbLine
 10
1109.047455504804
 20
1570.054321876438
 30
0.0
 11
1109.047455504804
 21
1549.217278329582
 31
0.0
  0
LINE
  5
CFA
330
1F
100
AcDbEntity
  8
0
100
AcDbLine
 10
1109.1707948947
 20
1517.865792443546
 30
0.0
 11
1109.1707948947
 21
1541.897211087964
 31
0.0
  0
LWPOLYLINE
  5
CFB
330
1F
100
AcDbEntity
  8
0
100
AcDbPolyline
 90
        2
 70
     0
 43
0.0
 10
1140.431853768554
 20
1556.073077467612
 10
1136.700944849141
 20
1556.073077467612
  0
ARC
  5
CFC
330
1F
100
AcDbEntity
  8
0
100
AcDbCircle
 10
1136.856087826762
 20
1557.241846147342
 30
0.0
 40
1.179020597879572
100
AcDbArc
 50
97.56126910338164
 51
262.4387308966184
  0
LWPOLYLINE
  5
CFD
330
1F
100
AcDbEntity
  8
0
100
AcDbPolyline
 90
        2
 70
     0
 43
0.0
 10
1136.700944849141
 20
1560.748154415274
 10
1144.162762687968
 20
1560.748154415274
  0
ARC
  5
CFE
330
1F
100
AcDbEntity
  8
0
100
AcDbCircle
 10
1136.856087826762
 20
1559.579385735542
 30
0.0
 40
1.179020597879572
100
AcDbArc
 50
97.56126910338164
 51
262.4387308966184
  0
LWPOLYLINE
  5
CFF
330
1F
100
AcDbEntity
  8
0
100
AcDbPolyline
 90
        4
 70
     1
 43
0.0
 10
1160.761324680916
 20
1563.735233937454
 10
1171.533881974894
 20
1563.735233937454
 10
1171.533881974894
 20
1556.415166695836
 10
1160.761324680916
 20
1556.415166695836
  0
LINE
  5
D00
330
1F
100
AcDbEntity
  8
0
100
AcDbLine
 10
1144.162762687968
 20
1560.748154415274
 30
0.0
 11
1160.761324680916
 21
1560.748154415274
 31
0.0
  0
ARC
  5
D01
330
1F
100
AcDbEntity
  8
0
100
AcDbCircle
 10
1147.681553639537
 20
1524.899011503081
 30
0.0
 40
1.179020597879572
100
AcDbArc
 50
97.56126910338164
 51
262.4387308966184
  0
LWPOLYLINE
  5
D02
330
1F
100
AcDbEntity
  8
0
100
AcDbPolyline
 90
        2
 70
     0
 43
0.0
 10
1149.03449926069
 20
1528.405319771013
 10
1154.988228500744
 20
1528.405319771013
  0
ARC
  5
D03
330
1F
100
AcDbEntity
  8
0
100
AcDbCircle
 10
1147.681553639537
 20
1527.236551091282
 30
0.0
 40
1.179020597879572
100
AcDbArc
 50
97.56126910338164
 51
262.4387308966184
  0
LWPOLYLINE
  5
D04
330
1F
100
AcDbEntity
  8
0
100
AcDbPolyline
 90
        4
 70
     1
 43
0.0
 10
1172.532514021389
 20
1531.637749080601
 10
1183.305071315368
 20
1531.637749080601
 10
1183.305071315368
 20
1524.317681838983
 10
1172.532514021389
 20
1524.317681838983
  0
LINE
  5
D05
330
1F
100
AcDbEntity
  8
0
100
AcDbLine
 10
1154.988228500744
 20
1528.405319771013
 30
0.0
 11
1155.779626233983
 21
1528.405319771013
 31
0.0
  0
LINE
  5
D06
330
1F
100
AcDbEntity
  8
0
100
AcDbLine
 10
1166.552183527961
 20
1527.977715459793
 30
0.0
 11
1172.532514021389
 21
1527.977715459793
 31
0.0
  0
LINE
  5
D07
330
1F
100
AcDbEntity
  8
0
100
AcDbLine
 10
1147.91907648134
 20
1520.725597298313
 30
0.0
 11
1147.919076481338
 21
1532.994325131277
 31
0.0
  0
LINE
  5
D08
330
1F
100
AcDbEntity
  8
0
100
AcDbLine
 10
1147.526410661917
 20
1523.730242823351
 30
0.0
 11
1148.616506808631
 21
1523.730242823351
 31
0.0
  0
LINE
  5
D09
330
1F
100
AcDbEntity
  8
0
100
AcDbLine
 10
1147.526410661917
 20
1528.405319771011
 30
0.0
 11
1149.03449926069
 21
1528.405319771013
 31
0.0
  0
LINE
  5
D0A
330
1F
100
AcDbEntity
  8
0
100
AcDbLine
 10
1137.112049085939
 20
1573.787157747693
 30
0.0
 11
1137.112049085939
 21
1579.2627257261
 31
0.0
  0
MTEXT
  5
D0B
330
1F
100
AcDbEntity
  8
0
100
AcDbMText
 10
1174.380182639592
 20
1530.289551327741
 30
0.0
 40
2.16932177872851
 41
8.34172947699157
 46
0.0
 71
     1
 72
     5
  1
{\fArial|b0|i1|c0|p34;I\H0.50195x;            \H1.99229x;>}
 73
     1
 44
1.0
101
Embedded Object
 70
     1
 10
1.0
 20
0.0
 30
0.0
 11
1174.380182639592
 21
1530.289551327741
 31
0.0
 40
8.34172947699157
 41
0.0
 42
7.523594455828728
 43
2.16938678354027
 71
     2
 72
     1
 44
8.34172947699157
 45
10.84660889364255
 73
     0
 74
     0
 46
0.0
  0
LWPOLYLINE
  5
D0C
330
1F
100
AcDbEntity
  8
0
100
AcDbPolyline
 90
        2
 70
     0
 43
0.0
 10
1179.277722679245
 20
1528.229305733046
 10
1176.663113801043
 20
1528.251168850219
  0
LINE
  5
D0D
330
1F
100
AcDbEntity
  8
0
100
AcDbLine
 10
1177.396063038814
 20
1526.956787835712
 30
0.0
 11
1178.530276813148
 21
1526.956787835712
 31
0.0
  0
LINE
  5
D0E
330
1F
100
AcDbEntity
  8
0
100
AcDbLine
 10
1177.035670704666
 20
1527.592589744038
 30
0.0
 11
1178.904249796601
 21
1527.592589744038
 31
0.0
  0
LINE
  5
D0F
330
1F
100
AcDbEntity
  8
0
100
AcDbLine
 10
1177.970418240144
 20
1528.240237291633
 30
0.0
 11
1177.987342535301
 21
1530.26421273951
 31
0.0
  0
LINE
  5
D10
330
1F
100
AcDbEntity
  8
0
100
AcDbLine
 10
1174.458095382721
 20
1526.017957390221
 30
0.0
 11
1174.458095382721
 21
1525.148802750014
 31
0.0
  0
LINE
  5
D11
330
1F
100
AcDbEntity
  8
0
100
AcDbLine
 10
1181.689696231868
 20
1526.017957390221
 30
0.0
 11
1181.689696231868
 21
1525.148802750014
 31
0.0
  0
LINE
  5
D12
330
1F
100
AcDbEntity
  8
0
100
AcDbLine
 10
1174.458095382721
 20
1525.583380070118
 30
0.0
 11
1181.689696231866
 21
1525.583380070118
 31
0.0
  0
LINE
  5
D13
330
1F
100
AcDbEntity
  8
0
100
AcDbLine
 10
1176.89348032569
 20
1526.142121467816
 30
0.0
 11
1179.50282164751
 21
1525.024638672419
 31
0.0
  0
MTEXT
  5
D14
330
1F
100
AcDbEntity
  8
0
100
AcDbMText
 10
1157.343163526776
 20
1529.580362979636
 30
0.0
 40
2.16932177872851
 41
8.34172947699157
 46
0.0
 71
     1
 72
     5
  1
{\fArial|b0|i1|c0|p34;I\H0.50195x;            \H1.99229x;>}
 73
     1
 44
1.0
101
Embedded Object
 70
     1
 10
1.0
 20
0.0
 30
0.0
 11
1157.343163526776
 21
1529.580362979636
 31
0.0
 40
8.34172947699157
 41
0.0
 42
7.523594455828728
 43
2.16938678354027
 71
     2
 72
     1
 44
8.34172947699157
 45
10.84660889364255
 73
     0
 74
     0
 46
0.0
  0
LWPOLYLINE
  5
D15
330
1F
100
AcDbEntity
  8
0
100
AcDbPolyline
 90
        2
 70
     0
 43
0.0
 10
1162.240703566429
 20
1527.520117384942
 10
1159.626094688226
 20
1527.541980502115
  0
LINE
  5
D16
330
1F
100
AcDbEntity
  8
0
100
AcDbLine
 10
1160.359043925997
 20
1526.247599487608
 30
0.0
 11
1161.493257700332
 21
1526.247599487608
 31
0.0
  0
LINE
  5
D17
330
1F
100
AcDbEntity
  8
0
100
AcDbLine
 10
1159.99865159185
 20
1526.883401395933
 30
0.0
 11
1161.867230683785
 21
1526.883401395933
 31
0.0
  0
LINE
  5
D18
330
1F
100
AcDbEntity
  8
0
100
AcDbLine
 10
1160.933399127327
 20
1527.531048943528
 30
0.0
 11
1160.950323422484
 21
1529.555024391405
 31
0.0
  0
MTEXT
  5
D19
330
1F
100
AcDbEntity
  8
0
100
AcDbMText
 10
1164.141445832009
 20
1562.345363380244
 30
0.0
 40
2.16932177872851
 41
8.34172947699157
 46
0.0
 71
     1
 72
     5
  1
{\fArial|b0|i1|c0|p34;I\H0.50195x;   \H1.99229x;>}
 73
     1
 44
1.0
101
Embedded Object
 70
     1
 10
1.0
 20
0.0
 30
0.0
 11
1164.141445832009
 21
1562.345363380244
 31
0.0
 40
8.34172947699157
 41
0.0
 42
3.719903355384906
 43
2.16938678354027
 71
     2
 72
     1
 44
8.34172947699157
 45
10.84660889364255
 73
     0
 74
     0
 46
0.0
  0
LINE
  5
D1A
330
1F
100
AcDbEntity
  8
0
100
AcDbLine
 10
1162.567573201592
 20
1559.410281093466
 30
0.0
 11
1162.567573201592
 21
1558.54112645326
 31
0.0
  0
LINE
  5
D1B
330
1F
100
AcDbEntity
  8
0
100
AcDbLine
 10
1169.799174050739
 20
1559.410281093466
 30
0.0
 11
1169.799174050739
 21
1558.54112645326
 31
0.0
  0
LINE
  5
D1C
330
1F
100
AcDbEntity
  8
0
100
AcDbLine
 10
1162.567573201592
 20
1558.975703773364
 30
0.0
 11
1169.799174050737
 21
1558.975703773364
 31
0.0
  0
LINE
  5
D1D
330
1F
100
AcDbEntity
  8
0
100
AcDbLine
 10
1165.002958144561
 20
1559.534445171062
 30
0.0
 11
1167.612299466381
 21
1558.416962375664
 31
0.0
  0
LINE
  5
D20
330
1F
100
AcDbEntity
  8
0
100
AcDbLine
 10
1130.297052957254
 20
1517.865792443546
 30
0.0
 11
1109.1707948947
 21
1517.865792443546
 31
0.0
  0
LINE
  5
D21
330
1F
100
AcDbEntity
  8
0
100
AcDbLine
 10
1137.11204908594
 20
1508.953827388821
 30
0.0
 11
1137.055992600522
 21
1527.039067661538
 31
0.0
  0
LINE
  5
D25
330
1F
100
AcDbEntity
  8
0
100
AcDbLine
 10
1137.11204908594
 20
1587.536207875078
 30
0.0
 11
1137.11204908594
 21
1591.509372815936
 31
0.0
  0
LINE
  5
D6C
330
1F
100
AcDbEntity
  8
0
100
AcDbLine
 10
1137.112049085939
 20
1502.197150300488
 30
0.0
 11
1137.025235149514
 21
1494.889792805848
 31
0.0
  0
LINE
  5
D6D
330
1F
100
AcDbEntity
  8
0
370
    50
100
AcDbLine
 10
1248.00058279101
 20
1482.190108528889
 30
0.0
 11
1249.931061959104
 21
1480.259629360794
 31
0.0
  0
LINE
  5
D6E
330
1F
100
AcDbEntity
  8
0
370
    50
100
AcDbLine
 10
1249.931061959104
 20
1482.190108528889
 30
0.0
 11
1248.00058279101
 21
1480.259629360794
 31
0.0
  0
LINE
  5
D6F
330
1F
100
AcDbEntity
  8
0
370
    50
100
AcDbLine
 10
1248.965822375055
 20
1472.951386795863
 30
0.0
 11
1248.965822375055
 21
1474.468191856509
 31
0.0
  0
LINE
  5
D70
330
1F
100
AcDbEntity
  8
0
370
    50
100
AcDbLine
 10
1248.965822375055
 20
1474.468191856509
 30
0.0
 11
1246.401704302536
 21
1479.966960808029
 31
0.0
  0
LINE
  5
D71
330
1F
100
AcDbEntity
  8
0
370
    50
100
AcDbLine
 10
1248.00058279101
 20
1403.607728042631
 30
0.0
 11
1249.931061959104
 21
1401.677248874538
 31
0.0
  0
LINE
  5
D72
330
1F
100
AcDbEntity
  8
0
370
    50
100
AcDbLine
 10
1249.931061959104
 20
1403.607728042631
 30
0.0
 11
1248.00058279101
 21
1401.677248874538
 31
0.0
  0
LINE
  5
D73
330
1F
100
AcDbEntity
  8
0
370
    50
100
AcDbLine
 10
1248.965822375055
 20
1395.885811370252
 30
0.0
 11
1246.401704302536
 21
1401.384580321772
 31
0.0
  0
CIRCLE
  5
D74
102
{ACAD_REACTORS
330
DB7
102
}
330
1F
100
AcDbEntity
  8
0
100
AcDbCircle
 10
1248.887965615818
 20
1427.761048553617
 30
0.0
 40
7.033353607981331
  0
CIRCLE
  5
D75
102
{ACAD_REACTORS
330
DB7
102
}
330
1F
100
AcDbEntity
  8
0
100
AcDbCircle
 10
1248.855116606094
 20
1437.707658372669
 30
0.0
 40
7.033353607981331
  0
LWPOLYLINE
  5
D76
102
{ACAD_REACTORS
330
DB7
102
}
330
1F
100
AcDbEntity
  8
0
100
AcDbPolyline
 90
        3
 70
     1
 43
0.0
 10
1248.984830518465
 20
1441.070613968169
 10
1246.914127033135
 20
1437.484050324175
 10
1251.055534003794
 20
1437.484050324175
  0
LINE
  5
D77
102
{ACAD_REACTORS
330
DB7
102
}
330
1F
100
AcDbEntity
  8
0
100
AcDbLine
 10
1248.96223729212
 20
1429.074028630371
 30
0.0
 11
1248.96223729212
 21
1426.682986201039
 31
0.0
  0
LINE
  5
D78
102
{ACAD_REACTORS
330
DB7
102
}
330
1F
100
AcDbEntity
  8
0
100
AcDbLine
 10
1248.96223729212
 20
1426.682986201039
 30
0.0
 11
1246.891533806798
 21
1425.487464986369
 31
0.0
  0
LINE
  5
D79
102
{ACAD_REACTORS
330
DB7
102
}
330
1F
100
AcDbEntity
  8
0
100
AcDbLine
 10
1246.891533806798
 20
1425.487464986369
 30
0.0
 11
1248.96223729212
 21
1426.682986201039
 31
0.0
  0
LINE
  5
D7A
102
{ACAD_REACTORS
330
DB7
102
}
330
1F
100
AcDbEntity
  8
0
100
AcDbLine
 10
1248.96223729212
 20
1426.682986201039
 30
0.0
 11
1251.032940777449
 21
1425.487464986369
 31
0.0
  0
LINE
  5
D7B
330
1F
100
AcDbEntity
  8
0
100
AcDbLine
 10
1259.772849770466
 20
1414.803322895075
 30
0.0
 11
1259.772849770439
 21
1413.669450853583
 31
0.0
  0
LWPOLYLINE
  5
D7C
330
1F
100
AcDbEntity
  8
0
100
AcDbPolyline
 90
        2
 70
     0
 43
0.0
 10
1262.093499524849
 20
1413.650045795358
 10
1257.452200016028
 20
1413.688855911809
  0
LINE
  5
D7D
330
1F
100
AcDbEntity
  8
0
100
AcDbLine
 10
1258.753288284202
 20
1411.39114705869
 30
0.0
 11
1260.766677696907
 21
1411.39114705869
 31
0.0
  0
LINE
  5
D7E
330
1F
100
AcDbEntity
  8
0
100
AcDbLine
 10
1258.113541063347
 20
1412.519785115959
 30
0.0
 11
1261.430532485598
 21
1412.519785115959
 31
0.0
  0
LINE
  5
D7F
330
1F
100
AcDbEntity
  8
0
100
AcDbLine
 10
1248.96223729212
 20
1426.682986201039
 30
0.0
 11
1259.772849770455
 21
1426.682986201041
 31
0.0
  0
LWPOLYLINE
  5
D80
330
1F
100
AcDbEntity
  8
0
100
AcDbPolyline
 90
        2
 70
     0
 43
0.0
 10
1242.150826246372
 20
1411.55445351331
 10
1249.612644085198
 20
1411.55445351331
  0
ARC
  5
D81
330
1F
100
AcDbEntity
  8
0
100
AcDbCircle
 10
1249.457501107577
 20
1412.723222193039
 30
0.0
 40
1.179020597879572
100
AcDbArc
 50
277.5612691034867
 51
82.43873089651325
  0
LWPOLYLINE
  5
D82
330
1F
100
AcDbEntity
  8
0
100
AcDbPolyline
 90
        2
 70
     0
 43
0.0
 10
1249.612644085198
 20
1416.229530460971
 10
1245.535580158952
 20
1416.229530460971
  0
ARC
  5
D83
330
1F
100
AcDbEntity
  8
0
100
AcDbCircle
 10
1249.457501107577
 20
1415.06076178124
 30
0.0
 40
1.179020597879572
100
AcDbArc
 50
277.5612691034867
 51
82.43873089651325
  0
LWPOLYLINE
  5
D84
330
1F
100
AcDbEntity
  8
0
100
AcDbPolyline
 90
        2
 70
     0
 43
0.0
 10
1245.857593212582
 20
1459.067905998539
 10
1249.588502131994
 20
1459.067905998539
  0
ARC
  5
D85
330
1F
100
AcDbEntity
  8
0
100
AcDbCircle
 10
1249.433359154374
 20
1460.236674678269
 30
0.0
 40
1.179020597879572
100
AcDbArc
 50
277.5612691034867
 51
82.43873089651325
  0
LWPOLYLINE
  5
D86
330
1F
100
AcDbEntity
  8
0
100
AcDbPolyline
 90
        2
 70
     0
 43
0.0
 10
1249.588502131994
 20
1463.742982946201
 10
1242.126684293168
 20
1463.742982946201
  0
ARC
  5
D87
330
1F
100
AcDbEntity
  8
0
100
AcDbCircle
 10
1249.433359154374
 20
1462.574214266469
 30
0.0
 40
1.179020597879572
100
AcDbArc
 50
277.5612691034867
 51
82.43873089651325
  0
LINE
  5
D88
330
1F
100
AcDbEntity
  8
0
100
AcDbLine
 10
1248.965822375055
 20
1467.475818817457
 30
0.0
 11
1248.965822375057
 21
1444.706611343596
 31
0.0
  0
LWPOLYLINE
  5
D89
330
1F
100
AcDbEntity
  8
0
100
AcDbPolyline
 90
        4
 70
     1
 43
0.0
 10
1267.6333995231
 20
1425.326410150365
 10
1278.405956817078
 20
1425.326410150365
 10
1278.405956817078
 20
1418.006342908747
 10
1267.6333995231
 20
1418.006342908747
  0
LWPOLYLINE
  5
D8A
102
{ACAD_REACTORS
330
DB8
102
}
330
1F
100
AcDbEntity
  8
0
100
AcDbPolyline
 90
        4
 70
     1
 43
0.0
 10
1215.947115530334
 20
1442.905939399346
 10
1226.719672824312
 20
1442.905939399346
 10
1226.719672824312
 20
1435.585872157728
 10
1215.947115530334
 20
1435.585872157728
  0
MTEXT
  5
D8B
102
{ACAD_REACTORS
330
DB8
102
}
330
1F
100
AcDbEntity
  8
0
100
AcDbMText
 10
1219.542353433343
 20
1440.495935366096
 30
0.0
 40
2.16932177872851
 41
7.104846856467202
 46
0.0
 71
     1
 72
     5
  1
{\fArial|b0|i1|c0|p34;I\H0.50195x;d  \H1.99229x;>}
 73
     1
 44
1.0
101
Embedded Object
 70
     1
 10
1.0
 20
0.0
 30
0.0
 11
1219.542353433343
 21
1440.495935366096
 31
0.0
 40
7.104846856467202
 41
0.0
 42
4.143278463225753
 43
2.187213103870411
 71
     2
 72
     1
 44
7.104846856467202
 45
10.84660889364255
 73
     0
 74
     0
 46
0.0
  0
LINE
  5
D8C
330
1F
100
AcDbEntity
  8
0
100
AcDbLine
 10
1242.126684293168
 20
1463.742982946201
 30
0.0
 11
1220.901228793921
 21
1463.742982946201
 31
0.0
  0
LINE
  5
D8D
330
1F
100
AcDbEntity
  8
0
100
AcDbLine
 10
1220.901228793921
 20
1463.742982946201
 30
0.0
 11
1220.901228793921
 21
1442.905939399346
 31
0.0
  0
LINE
  5
D8E
330
1F
100
AcDbEntity
  8
0
100
AcDbLine
 10
1221.024568183817
 20
1411.55445351331
 30
0.0
 11
1221.024568183817
 21
1435.585872157728
 31
0.0
  0
LWPOLYLINE
  5
D8F
330
1F
100
AcDbEntity
  8
0
100
AcDbPolyline
 90
        2
 70
     0
 43
0.0
 10
1252.285627057671
 20
1449.761738537375
 10
1248.554718138258
 20
1449.761738537375
  0
ARC
  5
D90
330
1F
100
AcDbEntity
  8
0
100
AcDbCircle
 10
1248.709861115878
 20
1450.930507217105
 30
0.0
 40
1.179020597879572
100
AcDbArc
 50
97.56126910338164
 51
262.4387308966184
  0
LWPOLYLINE
  5
D91
330
1F
100
AcDbEntity
  8
0
100
AcDbPolyline
 90
        2
 70
     0
 43
0.0
 10
1248.554718138258
 20
1454.436815485038
 10
1256.016535977085
 20
1454.436815485038
  0
ARC
  5
D92
330
1F
100
AcDbEntity
  8
0
100
AcDbCircle
 10
1248.709861115878
 20
1453.268046805306
 30
0.0
 40
1.179020597879572
100
AcDbArc
 50
97.56126910338164
 51
262.4387308966184
  0
LWPOLYLINE
  5
D93
330
1F
100
AcDbEntity
  8
0
100
AcDbPolyline
 90
        4
 70
     1
 43
0.0
 10
1272.615097970033
 20
1457.423895007218
 10
1283.387655264011
 20
1457.423895007218
 10
1283.387655264011
 20
1450.1038277656
 10
1272.615097970033
 20
1450.1038277656
  0
LINE
  5
D94
330
1F
100
AcDbEntity
  8
0
100
AcDbLine
 10
1256.016535977085
 20
1454.436815485038
 30
0.0
 11
1272.615097970033
 21
1454.436815485038
 31
0.0
  0
ARC
  5
D95
330
1F
100
AcDbEntity
  8
0
100
AcDbCircle
 10
1259.535326928654
 20
1418.587672572845
 30
0.0
 40
1.179020597879572
100
AcDbArc
 50
97.56126910338164
 51
262.4387308966184
  0
LWPOLYLINE
  5
D96
330
1F
100
AcDbEntity
  8
0
100
AcDbPolyline
 90
        2
 70
     0
 43
0.0
 10
1260.888272549808
 20
1422.093980840777
 10
1266.84200178986
 20
1422.093980840777
  0
ARC
  5
D97
330
1F
100
AcDbEntity
  8
0
100
AcDbCircle
 10
1259.535326928654
 20
1420.925212161045
 30
0.0
 40
1.179020597879572
100
AcDbArc
 50
97.56126910338164
 51
262.4387308966184
  0
LWPOLYLINE
  5
D98
330
1F
100
AcDbEntity
  8
0
100
AcDbPolyline
 90
        4
 70
     1
 43
0.0
 10
1284.386287310506
 20
1425.326410150365
 10
1295.158844604484
 20
1425.326410150365
 10
1295.158844604484
 20
1418.006342908747
 10
1284.386287310506
 20
1418.006342908747
  0
LINE
  5
D99
330
1F
100
AcDbEntity
  8
0
100
AcDbLine
 10
1266.84200178986
 20
1422.093980840777
 30
0.0
 11
1267.6333995231
 21
1422.093980840777
 31
0.0
  0
LINE
  5
D9A
330
1F
100
AcDbEntity
  8
0
100
AcDbLine
 10
1278.405956817078
 20
1421.666376529557
 30
0.0
 11
1284.386287310506
 21
1421.666376529557
 31
0.0
  0
LINE
  5
D9B
330
1F
100
AcDbEntity
  8
0
100
AcDbLine
 10
1259.772849770457
 20
1414.414258368076
 30
0.0
 11
1259.772849770455
 21
1426.682986201041
 31
0.0
  0
LINE
  5
D9C
330
1F
100
AcDbEntity
  8
0
100
AcDbLine
 10
1259.380183951034
 20
1417.418903893115
 30
0.0
 11
1260.470280097748
 21
1417.418903893115
 31
0.0
  0
LINE
  5
D9D
330
1F
100
AcDbEntity
  8
0
100
AcDbLine
 10
1259.380183951034
 20
1422.093980840775
 30
0.0
 11
1260.888272549808
 21
1422.093980840777
 31
0.0
  0
LINE
  5
D9E
330
1F
100
AcDbEntity
  8
0
100
AcDbLine
 10
1248.965822375055
 20
1467.475818817457
 30
0.0
 11
1248.965822375055
 21
1472.951386795863
 31
0.0
  0
MTEXT
  5
D9F
330
1F
100
AcDbEntity
  8
0
100
AcDbMText
 10
1286.233955928709
 20
1423.978212397505
 30
0.0
 40
2.16932177872851
 41
8.34172947699157
 46
0.0
 71
     1
 72
     5
  1
{\fArial|b0|i1|c0|p34;I\H0.50195x;            \H1.99229x;>}
 73
     1
 44
1.0
101
Embedded Object
 70
     1
 10
1.0
 20
0.0
 30
0.0
 11
1286.233955928709
 21
1423.978212397505
 31
0.0
 40
8.34172947699157
 41
0.0
 42
7.523594455828728
 43
2.16938678354027
 71
     2
 72
     1
 44
8.34172947699157
 45
10.84660889364255
 73
     0
 74
     0
 46
0.0
  0
LWPOLYLINE
  5
DA0
330
1F
100
AcDbEntity
  8
0
100
AcDbPolyline
 90
        2
 70
     0
 43
0.0
 10
1291.131495968362
 20
1421.91796680281
 10
1288.516887090159
 20
1421.939829919983
  0
LINE
  5
DA1
330
1F
100
AcDbEntity
  8
0
100
AcDbLine
 10
1289.24983632793
 20
1420.645448905476
 30
0.0
 11
1290.384050102265
 21
1420.645448905476
 31
0.0
  0
LINE
  5
DA2
330
1F
100
AcDbEntity
  8
0
100
AcDbLine
 10
1288.889443993783
 20
1421.281250813801
 30
0.0
 11
1290.758023085718
 21
1421.281250813801
 31
0.0
  0
LINE
  5
DA3
330
1F
100
AcDbEntity
  8
0
100
AcDbLine
 10
1289.824191529261
 20
1421.928898361397
 30
0.0
 11
1289.841115824418
 21
1423.952873809274
 31
0.0
  0
LINE
  5
DA4
330
1F
100
AcDbEntity
  8
0
100
AcDbLine
 10
1286.311868671838
 20
1419.706618459984
 30
0.0
 11
1286.311868671838
 21
1418.837463819778
 31
0.0
  0
LINE
  5
DA5
330
1F
100
AcDbEntity
  8
0
100
AcDbLine
 10
1293.543469520985
 20
1419.706618459984
 30
0.0
 11
1293.543469520985
 21
1418.837463819778
 31
0.0
  0
LINE
  5
DA6
330
1F
100
AcDbEntity
  8
0
100
AcDbLine
 10
1286.311868671838
 20
1419.272041139882
 30
0.0
 11
1293.543469520983
 21
1419.272041139882
 31
0.0
  0
LINE
  5
DA7
330
1F
100
AcDbEntity
  8
0
100
AcDbLine
 10
1288.747253614807
 20
1419.830782537579
 30
0.0
 11
1291.356594936627
 21
1418.713299742182
 31
0.0
  0
MTEXT
  5
DA8
330
1F
100
AcDbEntity
  8
0
100
AcDbMText
 10
1269.196936815893
 20
1423.2690240494
 30
0.0
 40
2.16932177872851
 41
8.34172947699157
 46
0.0
 71
     1
 72
     5
  1
{\fArial|b0|i1|c0|p34;I\H0.50195x;            \H1.99229x;>}
 73
     1
 44
1.0
101
Embedded Object
 70
     1
 10
1.0
 20
0.0
 30
0.0
 11
1269.196936815893
 21
1423.2690240494
 31
0.0
 40
8.34172947699157
 41
0.0
 42
7.523594455828728
 43
2.16938678354027
 71
     2
 72
     1
 44
8.34172947699157
 45
10.84660889364255
 73
     0
 74
     0
 46
0.0
  0
LWPOLYLINE
  5
DA9
330
1F
100
AcDbEntity
  8
0
100
AcDbPolyline
 90
        2
 70
     0
 43
0.0
 10
1274.094476855546
 20
1421.208778454705
 10
1271.479867977343
 20
1421.230641571878
  0
LINE
  5
DAA
330
1F
100
AcDbEntity
  8
0
100
AcDbLine
 10
1272.212817215114
 20
1419.936260557371
 30
0.0
 11
1273.347030989449
 21
1419.936260557371
 31
0.0
  0
LINE
  5
DAB
330
1F
100
AcDbEntity
  8
0
100
AcDbLine
 10
1271.852424880967
 20
1420.572062465697
 30
0.0
 11
1273.721003972902
 21
1420.572062465697
 31
0.0
  0
LINE
  5
DAC
330
1F
100
AcDbEntity
  8
0
100
AcDbLine
 10
1272.787172416444
 20
1421.219710013292
 30
0.0
 11
1272.804096711602
 21
1423.243685461169
 31
0.0
  0
MTEXT
  5
DAD
330
1F
100
AcDbEntity
  8
0
100
AcDbMText
 10
1275.995219121126
 20
1456.034024450008
 30
0.0
 40
2.16932177872851
 41
8.34172947699157
 46
0.0
 71
     1
 72
     5
  1
{\fArial|b0|i1|c0|p34;I\H0.50195x;   \H1.99229x;>}
 73
     1
 44
1.0
101
Embedded Object
 70
     1
 10
1.0
 20
0.0
 30
0.0
 11
1275.995219121126
 21
1456.034024450008
 31
0.0
 40
8.34172947699157
 41
0.0
 42
3.719903355384906
 43
2.16938678354027
 71
     2
 72
     1
 44
8.34172947699157
 45
10.84660889364255
 73
     0
 74
     0
 46
0.0
  0
LINE
  5
DAE
330
1F
100
AcDbEntity
  8
0
100
AcDbLine
 10
1274.421346490709
 20
1453.09894216323
 30
0.0
 11
1274.421346490709
 21
1452.229787523024
 31
0.0
  0
LINE
  5
DAF
330
1F
100
AcDbEntity
  8
0
100
AcDbLine
 10
1281.652947339856
 20
1453.09894216323
 30
0.0
 11
1281.652947339856
 21
1452.229787523024
 31
0.0
  0
LINE
  5
DB0
330
1F
100
AcDbEntity
  8
0
100
AcDbLine
 10
1274.421346490709
 20
1452.664364843128
 30
0.0
 11
1281.652947339854
 21
1452.664364843128
 31
0.0
  0
LINE
  5
DB1
330
1F
100
AcDbEntity
  8
0
100
AcDbLine
 10
1276.856731433678
 20
1453.223106240826
 30
0.0
 11
1279.466072755498
 21
1452.105623445428
 31
0.0
  0
LINE
  5
DB4
330
1F
100
AcDbEntity
  8
0
100
AcDbLine
 10
1242.150826246372
 20
1411.55445351331
 30
0.0
 11
1221.024568183817
 21
1411.55445351331
 31
0.0
  0
LINE
  5
DB5
330
1F
100
AcDbEntity
  8
0
100
AcDbLine
 10
1248.965822375057
 20
1402.642488458585
 30
0.0
 11
1248.909765889639
 21
1420.727728731302
 31
0.0
  0
LINE
  5
DB9
330
1F
100
AcDbEntity
  8
0
100
AcDbLine
 10
1248.965822375055
 20
1395.885811370252
 30
0.0
 11
1248.965822375055
 21
1389.752760269745
 31
0.0
  0
LINE
  5
DBA
330
1F
100
AcDbEntity
  8
0
370
    50
100
AcDbLine
 10
1247.899090587414
 20
1380.455700415099
 30
0.0
 11
1249.829569755508
 21
1378.525221247006
 31
0.0
  0
LINE
  5
DBB
330
1F
100
AcDbEntity
  8
0
370
    50
100
AcDbLine
 10
1249.829569755508
 20
1380.455700415099
 30
0.0
 11
1247.899090587414
 21
1378.525221247006
 31
0.0
  0
LINE
  5
DBC
330
1F
100
AcDbEntity
  8
0
370
    50
100
AcDbLine
 10
1248.864330171459
 20
1371.216978682074
 30
0.0
 11
1248.864330171459
 21
1372.73378374272
 31
0.0
  0
LINE
  5
DBD
330
1F
100
AcDbEntity
  8
0
370
    50
100
AcDbLine
 10
1248.864330171459
 20
1372.73378374272
 30
0.0
 11
1246.300212098939
 21
1378.23255269424
 31
0.0
  0
LINE
  5
DBE
330
1F
100
AcDbEntity
  8
0
370
    50
100
AcDbLine
 10
1247.899090587414
 20
1301.873319928843
 30
0.0
 11
1249.829569755508
 21
1299.942840760749
 31
0.0
  0
LINE
  5
DBF
330
1F
100
AcDbEntity
  8
0
370
    50
100
AcDbLine
 10
1249.829569755508
 20
1301.873319928843
 30
0.0
 11
1247.899090587414
 21
1299.942840760749
 31
0.0
  0
LINE
  5
DC0
330
1F
100
AcDbEntity
  8
0
370
    50
100
AcDbLine
 10
1248.864330171459
 20
1294.151403256463
 30
0.0
 11
1246.300212098939
 21
1299.650172207983
 31
0.0
  0
CIRCLE
  5
DC1
102
{ACAD_REACTORS
330
E04
102
}
330
1F
100
AcDbEntity
  8
0
100
AcDbCircle
 10
1248.786473412221
 20
1326.026640439828
 30
0.0
 40
7.033353607981331
  0
CIRCLE
  5
DC2
102
{ACAD_REACTORS
330
E04
102
}
330
1F
100
AcDbEntity
  8
0
100
AcDbCircle
 10
1248.753624402497
 20
1335.97325025888
 30
0.0
 40
7.033353607981331
  0
LWPOLYLINE
  5
DC3
102
{ACAD_REACTORS
330
E04
102
}
330
1F
100
AcDbEntity
  8
0
100
AcDbPolyline
 90
        3
 70
     1
 43
0.0
 10
1248.883338314868
 20
1339.33620585438
 10
1246.812634829539
 20
1335.749642210386
 10
1250.954041800197
 20
1335.749642210386
  0
LINE
  5
DC4
102
{ACAD_REACTORS
330
E04
102
}
330
1F
100
AcDbEntity
  8
0
100
AcDbLine
 10
1248.860745088524
 20
1327.339620516582
 30
0.0
 11
1248.860745088524
 21
1324.94857808725
 31
0.0
  0
LINE
  5
DC5
102
{ACAD_REACTORS
330
E04
102
}
330
1F
100
AcDbEntity
  8
0
100
AcDbLine
 10
1248.860745088524
 20
1324.94857808725
 30
0.0
 11
1246.790041603202
 21
1323.75305687258
 31
0.0
  0
LINE
  5
DC6
102
{ACAD_REACTORS
330
E04
102
}
330
1F
100
AcDbEntity
  8
0
100
AcDbLine
 10
1246.790041603202
 20
1323.75305687258
 30
0.0
 11
1248.860745088524
 21
1324.94857808725
 31
0.0
  0
LINE
  5
DC7
102
{ACAD_REACTORS
330
E04
102
}
330
1F
100
AcDbEntity
  8
0
100
AcDbLine
 10
1248.860745088524
 20
1324.94857808725
 30
0.0
 11
1250.931448573853
 21
1323.75305687258
 31
0.0
  0
LINE
  5
DC8
330
1F
100
AcDbEntity
  8
0
100
AcDbLine
 10
1259.67135756687
 20
1313.068914781286
 30
0.0
 11
1259.671357566842
 21
1311.935042739794
 31
0.0
  0
LWPOLYLINE
  5
DC9
330
1F
100
AcDbEntity
  8
0
100
AcDbPolyline
 90
        2
 70
     0
 43
0.0
 10
1261.992007321252
 20
1311.915637681569
 10
1257.350707812432
 20
1311.954447798021
  0
LINE
  5
DCA
330
1F
100
AcDbEntity
  8
0
100
AcDbLine
 10
1258.651796080605
 20
1309.656738944902
 30
0.0
 11
1260.665185493311
 21
1309.656738944902
 31
0.0
  0
LINE
  5
DCB
330
1F
100
AcDbEntity
  8
0
100
AcDbLine
 10
1258.01204885975
 20
1310.78537700217
 30
0.0
 11
1261.329040282002
 21
1310.78537700217
 31
0.0
  0
LINE
  5
DCC
330
1F
100
AcDbEntity
  8
0
100
AcDbLine
 10
1248.860745088524
 20
1324.94857808725
 30
0.0
 11
1259.671357566858
 21
1324.948578087252
 31
0.0
  0
LWPOLYLINE
  5
DCD
330
1F
100
AcDbEntity
  8
0
100
AcDbPolyline
 90
        2
 70
     0
 43
0.0
 10
1242.049334042775
 20
1309.820045399521
 10
1249.511151881601
 20
1309.820045399521
  0
ARC
  5
DCE
330
1F
100
AcDbEntity
  8
0
100
AcDbCircle
 10
1249.356008903981
 20
1310.98881407925
 30
0.0
 40
1.179020597879572
100
AcDbArc
 50
277.5612691034867
 51
82.43873089651325
  0
LWPOLYLINE
  5
DCF
330
1F
100
AcDbEntity
  8
0
100
AcDbPolyline
 90
        2
 70
     0
 43
0.0
 10
1249.511151881601
 20
1314.495122347183
 10
1245.434087955356
 20
1314.495122347183
  0
ARC
  5
DD0
330
1F
100
AcDbEntity
  8
0
100
AcDbCircle
 10
1249.356008903981
 20
1313.326353667451
 30
0.0
 40
1.179020597879572
100
AcDbArc
 50
277.5612691034867
 51
82.43873089651325
  0
LWPOLYLINE
  5
DD1
330
1F
100
AcDbEntity
  8
0
100
AcDbPolyline
 90
        2
 70
     0
 43
0.0
 10
1245.756101008985
 20
1357.33349788475
 10
1249.487009928398
 20
1357.33349788475
  0
ARC
  5
DD2
330
1F
100
AcDbEntity
  8
0
100
AcDbCircle
 10
1249.331866950778
 20
1358.50226656448
 30
0.0
 40
1.179020597879572
100
AcDbArc
 50
277.5612691034867
 51
82.43873089651325
  0
LWPOLYLINE
  5
DD3
330
1F
100
AcDbEntity
  8
0
100
AcDbPolyline
 90
        2
 70
     0
 43
0.0
 10
1249.487009928398
 20
1362.008574832412
 10
1242.025192089571
 20
1362.008574832412
  0
ARC
  5
DD4
330
1F
100
AcDbEntity
  8
0
100
AcDbCircle
 10
1249.331866950778
 20
1360.839806152681
 30
0.0
 40
1.179020597879572
100
AcDbArc
 50
277.5612691034867
 51
82.43873089651325
  0
LINE
  5
DD5
330
1F
100
AcDbEntity
  8
0
100
AcDbLine
 10
1248.864330171459
 20
1365.741410703668
 30
0.0
 11
1248.864330171461
 21
1342.972203229807
 31
0.0
  0
LWPOLYLINE
  5
DD6
330
1F
100
AcDbEntity
  8
0
100
AcDbPolyline
 90
        4
 70
     1
 43
0.0
 10
1267.531907319504
 20
1323.592002036576
 10
1278.304464613481
 20
1323.592002036576
 10
1278.304464613481
 20
1316.271934794958
 10
1267.531907319504
 20
1316.271934794958
  0
LWPOLYLINE
  5
DD7
102
{ACAD_REACTORS
330
E05
102
}
330
1F
100
AcDbEntity
  8
0
100
AcDbPolyline
 90
        4
 70
     1
 43
0.0
 10
1215.845623326738
 20
1341.171531285557
 10
1226.618180620716
 20
1341.171531285557
 10
1226.618180620716
 20
1333.851464043939
 10
1215.845623326738
 20
1333.851464043939
  0
MTEXT
  5
DD8
102
{ACAD_REACTORS
330
E05
102
}
330
1F
100
AcDbEntity
  8
0
100
AcDbMText
 10
1219.440861229746
 20
1338.761527252307
 30
0.0
 40
2.16932177872851
 41
7.104846856467202
 46
0.0
 71
     1
 72
     5
  1
{\fArial|b0|i1|c0|p34;I\H0.50195x;d  \H1.99229x;>}
 73
     1
 44
1.0
101
Embedded Object
 70
     1
 10
1.0
 20
0.0
 30
0.0
 11
1219.440861229746
 21
1338.761527252307
 31
0.0
 40
7.104846856467202
 41
0.0
 42
4.143278463225753
 43
2.187213103870411
 71
     2
 72
     1
 44
7.104846856467202
 45
10.84660889364255
 73
     0
 74
     0
 46
0.0
  0
LINE
  5
DD9
330
1F
100
AcDbEntity
  8
0
100
AcDbLine
 10
1242.025192089571
 20
1362.008574832412
 30
0.0
 11
1220.799736590325
 21
1362.008574832412
 31
0.0
  0
LINE
  5
DDA
330
1F
100
AcDbEntity
  8
0
100
AcDbLine
 10
1220.799736590325
 20
1362.008574832412
 30
0.0
 11
1220.799736590325
 21
1341.171531285557
 31
0.0
  0
LINE
  5
DDB
330
1F
100
AcDbEntity
  8
0
100
AcDbLine
 10
1220.923075980221
 20
1309.820045399521
 30
0.0
 11
1220.923075980221
 21
1333.851464043939
 31
0.0
  0
LWPOLYLINE
  5
DDC
330
1F
100
AcDbEntity
  8
0
100
AcDbPolyline
 90
        2
 70
     0
 43
0.0
 10
1252.184134854074
 20
1348.027330423586
 10
1248.453225934662
 20
1348.027330423586
  0
ARC
  5
DDD
330
1F
100
AcDbEntity
  8
0
100
AcDbCircle
 10
1248.608368912282
 20
1349.196099103316
 30
0.0
 40
1.179020597879572
100
AcDbArc
 50
97.56126910338164
 51
262.4387308966184
  0
LWPOLYLINE
  5
DDE
330
1F
100
AcDbEntity
  8
0
100
AcDbPolyline
 90
        2
 70
     0
 43
0.0
 10
1248.453225934662
 20
1352.702407371249
 10
1255.915043773488
 20
1352.702407371249
  0
ARC
  5
DDF
330
1F
100
AcDbEntity
  8
0
100
AcDbCircle
 10
1248.608368912282
 20
1351.533638691517
 30
0.0
 40
1.179020597879572
100
AcDbArc
 50
97.56126910338164
 51
262.4387308966184
  0
LWPOLYLINE
  5
DE0
330
1F
100
AcDbEntity
  8
0
100
AcDbPolyline
 90
        4
 70
     1
 43
0.0
 10
1272.513605766437
 20
1355.689486893429
 10
1283.286163060415
 20
1355.689486893429
 10
1283.286163060415
 20
1348.369419651811
 10
1272.513605766437
 20
1348.369419651811
  0
LINE
  5
DE1
330
1F
100
AcDbEntity
  8
0
100
AcDbLine
 10
1255.915043773488
 20
1352.702407371249
 30
0.0
 11
1272.513605766437
 21
1352.702407371249
 31
0.0
  0
ARC
  5
DE2
330
1F
100
AcDbEntity
  8
0
100
AcDbCircle
 10
1259.433834725057
 20
1316.853264459056
 30
0.0
 40
1.179020597879572
100
AcDbArc
 50
97.56126910338164
 51
262.4387308966184
  0
LWPOLYLINE
  5
DE3
330
1F
100
AcDbEntity
  8
0
100
AcDbPolyline
 90
        2
 70
     0
 43
0.0
 10
1260.786780346211
 20
1320.359572726988
 10
1266.740509586264
 20
1320.359572726988
  0
ARC
  5
DE4
330
1F
100
AcDbEntity
  8
0
100
AcDbCircle
 10
1259.433834725057
 20
1319.190804047256
 30
0.0
 40
1.179020597879572
100
AcDbArc
 50
97.56126910338164
 51
262.4387308966184
  0
LWPOLYLINE
  5
DE5
330
1F
100
AcDbEntity
  8
0
100
AcDbPolyline
 90
        4
 70
     1
 43
0.0
 10
1284.28479510691
 20
1323.592002036576
 10
1295.057352400888
 20
1323.592002036576
 10
1295.057352400888
 20
1316.271934794958
 10
1284.28479510691
 20
1316.271934794958
  0
LINE
  5
DE6
330
1F
100
AcDbEntity
  8
0
100
AcDbLine
 10
1266.740509586264
 20
1320.359572726988
 30
0.0
 11
1267.531907319504
 21
1320.359572726988
 31
0.0
  0
LINE
  5
DE7
330
1F
100
AcDbEntity
  8
0
100
AcDbLine
 10
1278.304464613481
 20
1319.931968415768
 30
0.0
 11
1284.28479510691
 21
1319.931968415768
 31
0.0
  0
LINE
  5
DE8
330
1F
100
AcDbEntity
  8
0
100
AcDbLine
 10
1259.67135756686
 20
1312.679850254287
 30
0.0
 11
1259.671357566858
 21
1324.948578087252
 31
0.0
  0
LINE
  5
DE9
330
1F
100
AcDbEntity
  8
0
100
AcDbLine
 10
1259.278691747438
 20
1315.684495779326
 30
0.0
 11
1260.368787894151
 21
1315.684495779326
 31
0.0
  0
LINE
  5
DEA
330
1F
100
AcDbEntity
  8
0
100
AcDbLine
 10
1259.278691747438
 20
1320.359572726986
 30
0.0
 11
1260.786780346211
 21
1320.359572726988
 31
0.0
  0
LINE
  5
DEB
330
1F
100
AcDbEntity
  8
0
100
AcDbLine
 10
1248.864330171459
 20
1365.741410703668
 30
0.0
 11
1248.864330171459
 21
1371.216978682074
 31
0.0
  0
MTEXT
  5
DEC
330
1F
100
AcDbEntity
  8
0
100
AcDbMText
 10
1286.132463725113
 20
1322.243804283715
 30
0.0
 40
2.16932177872851
 41
8.34172947699157
 46
0.0
 71
     1
 72
     5
  1
{\fArial|b0|i1|c0|p34;I\H0.50195x;            \H1.99229x;>}
 73
     1
 44
1.0
101
Embedded Object
 70
     1
 10
1.0
 20
0.0
 30
0.0
 11
1286.132463725113
 21
1322.243804283715
 31
0.0
 40
8.34172947699157
 41
0.0
 42
7.523594455828728
 43
2.16938678354027
 71
     2
 72
     1
 44
8.34172947699157
 45
10.84660889364255
 73
     0
 74
     0
 46
0.0
  0
LWPOLYLINE
  5
DED
330
1F
100
AcDbEntity
  8
0
100
AcDbPolyline
 90
        2
 70
     0
 43
0.0
 10
1291.030003764766
 20
1320.183558689021
 10
1288.415394886563
 20
1320.205421806194
  0
LINE
  5
DEE
330
1F
100
AcDbEntity
  8
0
100
AcDbLine
 10
1289.148344124334
 20
1318.911040791687
 30
0.0
 11
1290.282557898669
 21
1318.911040791687
 31
0.0
  0
LINE
  5
DEF
330
1F
100
AcDbEntity
  8
0
100
AcDbLine
 10
1288.787951790187
 20
1319.546842700012
 30
0.0
 11
1290.656530882122
 21
1319.546842700012
 31
0.0
  0
LINE
  5
DF0
330
1F
100
AcDbEntity
  8
0
100
AcDbLine
 10
1289.722699325664
 20
1320.194490247607
 30
0.0
 11
1289.739623620821
 21
1322.218465695485
 31
0.0
  0
LINE
  5
DF1
330
1F
100
AcDbEntity
  8
0
100
AcDbLine
 10
1286.210376468242
 20
1317.972210346195
 30
0.0
 11
1286.210376468242
 21
1317.103055705989
 31
0.0
  0
LINE
  5
DF2
330
1F
100
AcDbEntity
  8
0
100
AcDbLine
 10
1293.441977317389
 20
1317.972210346195
 30
0.0
 11
1293.441977317389
 21
1317.103055705989
 31
0.0
  0
LINE
  5
DF3
330
1F
100
AcDbEntity
  8
0
100
AcDbLine
 10
1286.210376468242
 20
1317.537633026093
 30
0.0
 11
1293.441977317387
 21
1317.537633026093
 31
0.0
  0
LINE
  5
DF4
330
1F
100
AcDbEntity
  8
0
100
AcDbLine
 10
1288.645761411211
 20
1318.096374423791
 30
0.0
 11
1291.255102733031
 21
1316.978891628394
 31
0.0
  0
MTEXT
  5
DF5
330
1F
100
AcDbEntity
  8
0
100
AcDbMText
 10
1269.095444612297
 20
1321.534615935611
 30
0.0
 40
2.16932177872851
 41
8.34172947699157
 46
0.0
 71
     1
 72
     5
  1
{\fArial|b0|i1|c0|p34;I\H0.50195x;            \H1.99229x;>}
 73
     1
 44
1.0
101
Embedded Object
 70
     1
 10
1.0
 20
0.0
 30
0.0
 11
1269.095444612297
 21
1321.534615935611
 31
0.0
 40
8.34172947699157
 41
0.0
 42
7.523594455828728
 43
2.16938678354027
 71
     2
 72
     1
 44
8.34172947699157
 45
10.84660889364255
 73
     0
 74
     0
 46
0.0
  0
LWPOLYLINE
  5
DF6
330
1F
100
AcDbEntity
  8
0
100
AcDbPolyline
 90
        2
 70
     0
 43
0.0
 10
1273.992984651949
 20
1319.474370340916
 10
1271.378375773746
 20
1319.496233458089
  0
LINE
  5
DF7
330
1F
100
AcDbEntity
  8
0
100
AcDbLine
 10
1272.111325011518
 20
1318.201852443582
 30
0.0
 11
1273.245538785853
 21
1318.201852443582
 31
0.0
  0
LINE
  5
DF8
330
1F
100
AcDbEntity
  8
0
100
AcDbLine
 10
1271.75093267737
 20
1318.837654351908
 30
0.0
 11
1273.619511769305
 21
1318.837654351908
 31
0.0
  0
LINE
  5
DF9
330
1F
100
AcDbEntity
  8
0
100
AcDbLine
 10
1272.685680212848
 20
1319.485301899503
 30
0.0
 11
1272.702604508005
 21
1321.50927734738
 31
0.0
  0
MTEXT
  5
DFA
330
1F
100
AcDbEntity
  8
0
100
AcDbMText
 10
1275.893726917529
 20
1354.299616336219
 30
0.0
 40
2.16932177872851
 41
8.34172947699157
 46
0.0
 71
     1
 72
     5
  1
{\fArial|b0|i1|c0|p34;I\H0.50195x;   \H1.99229x;>}
 73
     1
 44
1.0
101
Embedded Object
 70
     1
 10
1.0
 20
0.0
 30
0.0
 11
1275.893726917529
 21
1354.299616336219
 31
0.0
 40
8.34172947699157
 41
0.0
 42
3.719903355384906
 43
2.16938678354027
 71
     2
 72
     1
 44
8.34172947699157
 45
10.84660889364255
 73
     0
 74
     0
 46
0.0
  0
LINE
  5
DFB
330
1F
100
AcDbEntity
  8
0
100
AcDbLine
 10
1274.319854287112
 20
1351.364534049441
 30
0.0
 11
1274.319854287112
 21
1350.495379409235
 31
0.0
  0
LINE
  5
DFC
330
1F
100
AcDbEntity
  8
0
100
AcDbLine
 10
1281.551455136259
 20
1351.364534049441
 30
0.0
 11
1281.551455136259
 21
1350.495379409235
 31
0.0
  0
LINE
  5
DFD
330
1F
100
AcDbEntity
  8
0
100
AcDbLine
 10
1274.319854287112
 20
1350.929956729339
 30
0.0
 11
1281.551455136257
 21
1350.929956729339
 31
0.0
  0
LINE
  5
DFE
330
1F
100
AcDbEntity
  8
0
100
AcDbLine
 10
1276.755239230082
 20
1351.488698127037
 30
0.0
 11
1279.364580551902
 21
1350.371215331639
 31
0.0
  0
LINE
  5
E01
330
1F
100
AcDbEntity
  8
0
100
AcDbLine
 10
1242.049334042775
 20
1309.820045399521
 30
0.0
 11
1220.923075980221
 21
1309.820045399521
 31
0.0
  0
LINE
  5
E02
330
1F
100
AcDbEntity
  8
0
100
AcDbLine
 10
1248.864330171461
 20
1300.908080344796
 30
0.0
 11
1248.808273686042
 21
1318.993320617513
 31
0.0
  0
LINE
  5
E06
330
1F
100
AcDbEntity
  8
0
100
AcDbLine
 10
1248.864330171459
 20
1294.151403256463
 30
0.0
 11
1248.864330171459
 21
1291.241770954506
 31
0.0
  0
LINE
  5
E07
330
1F
100
AcDbEntity
  8
0
370
    50
100
AcDbLine
 10
1247.924439525876
 20
1282.946232131786
 30
0.0
 11
1249.85491869397
 21
1281.015752963692
 31
0.0
  0
LINE
  5
E08
330
1F
100
AcDbEntity
  8
0
370
    50
100
AcDbLine
 10
1249.85491869397
 20
1282.946232131786
 30
0.0
 11
1247.924439525876
 21
1281.015752963692
 31
0.0
  0
LINE
  5
E09
330
1F
100
AcDbEntity
  8
0
370
    50
100
AcDbLine
 10
1248.889679109921
 20
1273.707510398761
 30
0.0
 11
1248.889679109921
 21
1275.224315459406
 31
0.0
  0
LINE
  5
E0A
330
1F
100
AcDbEntity
  8
0
370
    50
100
AcDbLine
 10
1248.889679109921
 20
1275.224315459406
 30
0.0
 11
1246.325561037401
 21
1280.723084410927
 31
0.0
  0
LINE
  5
E0B
330
1F
100
AcDbEntity
  8
0
370
    50
100
AcDbLine
 10
1247.924439525876
 20
1204.363851645529
 30
0.0
 11
1249.85491869397
 21
1202.433372477435
 31
0.0
  0
LINE
  5
E0C
330
1F
100
AcDbEntity
  8
0
370
    50
100
AcDbLine
 10
1249.85491869397
 20
1204.363851645529
 30
0.0
 11
1247.924439525876
 21
1202.433372477435
 31
0.0
  0
LINE
  5
E0D
330
1F
100
AcDbEntity
  8
0
370
    50
100
AcDbLine
 10
1248.889679109921
 20
1196.64193497315
 30
0.0
 11
1246.325561037401
 21
1202.14070392467
 31
0.0
  0
CIRCLE
  5
E0E
102
{ACAD_REACTORS
330
E51
102
}
330
1F
100
AcDbEntity
  8
0
100
AcDbCircle
 10
1248.811822350683
 20
1228.517172156515
 30
0.0
 40
7.033353607981331
  0
CIRCLE
  5
E0F
102
{ACAD_REACTORS
330
E51
102
}
330
1F
100
AcDbEntity
  8
0
100
AcDbCircle
 10
1248.778973340959
 20
1238.463781975567
 30
0.0
 40
7.033353607981331
  0
LWPOLYLINE
  5
E10
102
{ACAD_REACTORS
330
E51
102
}
330
1F
100
AcDbEntity
  8
0
100
AcDbPolyline
 90
        3
 70
     1
 43
0.0
 10
1248.908687253331
 20
1241.826737571067
 10
1246.837983768001
 20
1238.240173927073
 10
1250.979390738659
 20
1238.240173927073
  0
LINE
  5
E11
102
{ACAD_REACTORS
330
E51
102
}
330
1F
100
AcDbEntity
  8
0
100
AcDbLine
 10
1248.886094026986
 20
1229.830152233269
 30
0.0
 11
1248.886094026986
 21
1227.439109803937
 31
0.0
  0
LINE
  5
E12
102
{ACAD_REACTORS
330
E51
102
}
330
1F
100
AcDbEntity
  8
0
100
AcDbLine
 10
1248.886094026986
 20
1227.439109803937
 30
0.0
 11
1246.815390541664
 21
1226.243588589267
 31
0.0
  0
LINE
  5
E13
102
{ACAD_REACTORS
330
E51
102
}
330
1F
100
AcDbEntity
  8
0
100
AcDbLine
 10
1246.815390541664
 20
1226.243588589267
 30
0.0
 11
1248.886094026986
 21
1227.439109803937
 31
0.0
  0
LINE
  5
E14
102
{ACAD_REACTORS
330
E51
102
}
330
1F
100
AcDbEntity
  8
0
100
AcDbLine
 10
1248.886094026986
 20
1227.439109803937
 30
0.0
 11
1250.956797512315
 21
1226.243588589267
 31
0.0
  0
LINE
  5
E15
330
1F
100
AcDbEntity
  8
0
100
AcDbLine
 10
1259.696706505332
 20
1215.559446497973
 30
0.0
 11
1259.696706505304
 21
1214.425574456481
 31
0.0
  0
LWPOLYLINE
  5
E16
330
1F
100
AcDbEntity
  8
0
100
AcDbPolyline
 90
        2
 70
     0
 43
0.0
 10
1262.017356259714
 20
1214.406169398255
 10
1257.376056750894
 20
1214.444979514708
  0
LINE
  5
E17
330
1F
100
AcDbEntity
  8
0
100
AcDbLine
 10
1258.677145019067
 20
1212.147270661588
 30
0.0
 11
1260.690534431773
 21
1212.147270661588
 31
0.0
  0
LINE
  5
E18
330
1F
100
AcDbEntity
  8
0
100
AcDbLine
 10
1258.037397798213
 20
1213.275908718857
 30
0.0
 11
1261.354389220464
 21
1213.275908718857
 31
0.0
  0
LINE
  5
E19
330
1F
100
AcDbEntity
  8
0
100
AcDbLine
 10
1248.886094026986
 20
1227.439109803937
 30
0.0
 11
1259.696706505321
 21
1227.439109803939
 31
0.0
  0
LWPOLYLINE
  5
E1A
330
1F
100
AcDbEntity
  8
0
100
AcDbPolyline
 90
        2
 70
     0
 43
0.0
 10
1242.074682981237
 20
1212.310577116207
 10
1249.536500820064
 20
1212.310577116207
  0
ARC
  5
E1B
330
1F
100
AcDbEntity
  8
0
100
AcDbCircle
 10
1249.381357842443
 20
1213.479345795937
 30
0.0
 40
1.179020597879572
100
AcDbArc
 50
277.5612691034867
 51
82.43873089651325
  0
LWPOLYLINE
  5
E1C
330
1F
100
AcDbEntity
  8
0
100
AcDbPolyline
 90
        2
 70
     0
 43
0.0
 10
1249.536500820064
 20
1216.98565406387
 10
1245.459436893818
 20
1216.98565406387
  0
ARC
  5
E1D
330
1F
100
AcDbEntity
  8
0
100
AcDbCircle
 10
1249.381357842443
 20
1215.816885384138
 30
0.0
 40
1.179020597879572
100
AcDbArc
 50
277.5612691034867
 51
82.43873089651325
  0
LWPOLYLINE
  5
E1E
330
1F
100
AcDbEntity
  8
0
100
AcDbPolyline
 90
        2
 70
     0
 43
0.0
 10
1245.781449947448
 20
1259.824029601437
 10
1249.51235886686
 20
1259.824029601437
  0
ARC
  5
E1F
330
1F
100
AcDbEntity
  8
0
100
AcDbCircle
 10
1249.35721588924
 20
1260.992798281167
 30
0.0
 40
1.179020597879572
100
AcDbArc
 50
277.5612691034867
 51
82.43873089651325
  0
LWPOLYLINE
  5
E20
330
1F
100
AcDbEntity
  8
0
100
AcDbPolyline
 90
        2
 70
     0
 43
0.0
 10
1249.51235886686
 20
1264.499106549099
 10
1242.050541028034
 20
1264.499106549099
  0
ARC
  5
E21
330
1F
100
AcDbEntity
  8
0
100
AcDbCircle
 10
1249.35721588924
 20
1263.330337869368
 30
0.0
 40
1.179020597879572
100
AcDbArc
 50
277.5612691034867
 51
82.43873089651325
  0
LINE
  5
E22
330
1F
100
AcDbEntity
  8
0
100
AcDbLine
 10
1248.889679109921
 20
1268.231942420355
 30
0.0
 11
1248.889679109923
 21
1245.462734946494
 31
0.0
  0
LWPOLYLINE
  5
E23
330
1F
100
AcDbEntity
  8
0
100
AcDbPolyline
 90
        4
 70
     1
 43
0.0
 10
1267.557256257966
 20
1226.082533753263
 10
1278.329813551944
 20
1226.082533753263
 10
1278.329813551944
 20
1218.762466511645
 10
1267.557256257966
 20
1218.762466511645
  0
LWPOLYLINE
  5
E24
102
{ACAD_REACTORS
330
E52
102
}
330
1F
100
AcDbEntity
  8
0
100
AcDbPolyline
 90
        4
 70
     1
 43
0.0
 10
1215.8709722652
 20
1243.662063002244
 10
1226.643529559178
 20
1243.662063002244
 10
1226.643529559178
 20
1236.341995760626
 10
1215.8709722652
 20
1236.341995760626
  0
MTEXT
  5
E25
102
{ACAD_REACTORS
330
E52
102
}
330
1F
100
AcDbEntity
  8
0
100
AcDbMText
 10
1219.466210168208
 20
1241.252058968994
 30
0.0
 40
2.16932177872851
 41
7.104846856467202
 46
0.0
 71
     1
 72
     5
  1
{\fArial|b0|i1|c0|p34;I\H0.50195x;d  \H1.99229x;>}
 73
     1
 44
1.0
101
Embedded Object
 70
     1
 10
1.0
 20
0.0
 30
0.0
 11
1219.466210168208
 21
1241.252058968994
 31
0.0
 40
7.104846856467202
 41
0.0
 42
4.143278463225753
 43
2.187213103870411
 71
     2
 72
     1
 44
7.104846856467202
 45
10.84660889364255
 73
     0
 74
     0
 46
0.0
  0
LINE
  5
E26
330
1F
100
AcDbEntity
  8
0
100
AcDbLine
 10
1242.050541028034
 20
1264.499106549099
 30
0.0
 11
1220.825085528787
 21
1264.499106549099
 31
0.0
  0
LINE
  5
E27
330
1F
100
AcDbEntity
  8
0
100
AcDbLine
 10
1220.825085528787
 20
1264.499106549099
 30
0.0
 11
1220.825085528787
 21
1243.662063002244
 31
0.0
  0
LINE
  5
E28
330
1F
100
AcDbEntity
  8
0
100
AcDbLine
 10
1220.948424918683
 20
1212.310577116207
 30
0.0
 11
1220.948424918683
 21
1236.341995760626
 31
0.0
  0
LWPOLYLINE
  5
E29
330
1F
100
AcDbEntity
  8
0
100
AcDbPolyline
 90
        2
 70
     0
 43
0.0
 10
1252.209483792536
 20
1250.517862140273
 10
1248.478574873124
 20
1250.517862140273
  0
ARC
  5
E2A
330
1F
100
AcDbEntity
  8
0
100
AcDbCircle
 10
1248.633717850744
 20
1251.686630820003
 30
0.0
 40
1.179020597879572
100
AcDbArc
 50
97.56126910338164
 51
262.4387308966184
  0
LWPOLYLINE
  5
E2B
330
1F
100
AcDbEntity
  8
0
100
AcDbPolyline
 90
        2
 70
     0
 43
0.0
 10
1248.478574873124
 20
1255.192939087935
 10
1255.940392711951
 20
1255.192939087935
  0
ARC
  5
E2C
330
1F
100
AcDbEntity
  8
0
100
AcDbCircle
 10
1248.633717850744
 20
1254.024170408204
 30
0.0
 40
1.179020597879572
100
AcDbArc
 50
97.56126910338164
 51
262.4387308966184
  0
LWPOLYLINE
  5
E2D
330
1F
100
AcDbEntity
  8
0
100
AcDbPolyline
 90
        4
 70
     1
 43
0.0
 10
1272.538954704899
 20
1258.180018610115
 10
1283.311511998877
 20
1258.180018610115
 10
1283.311511998877
 20
1250.859951368498
 10
1272.538954704899
 20
1250.859951368498
  0
LINE
  5
E2E
330
1F
100
AcDbEntity
  8
0
100
AcDbLine
 10
1255.940392711951
 20
1255.192939087935
 30
0.0
 11
1272.538954704899
 21
1255.192939087935
 31
0.0
  0
ARC
  5
E2F
330
1F
100
AcDbEntity
  8
0
100
AcDbCircle
 10
1259.45918366352
 20
1219.343796175742
 30
0.0
 40
1.179020597879572
100
AcDbArc
 50
97.56126910338164
 51
262.4387308966184
  0
LWPOLYLINE
  5
E30
330
1F
100
AcDbEntity
  8
0
100
AcDbPolyline
 90
        2
 70
     0
 43
0.0
 10
1260.812129284673
 20
1222.850104443675
 10
1266.765858524726
 20
1222.850104443675
  0
ARC
  5
E31
330
1F
100
AcDbEntity
  8
0
100
AcDbCircle
 10
1259.45918366352
 20
1221.681335763943
 30
0.0
 40
1.179020597879572
100
AcDbArc
 50
97.56126910338164
 51
262.4387308966184
  0
LWPOLYLINE
  5
E32
330
1F
100
AcDbEntity
  8
0
100
AcDbPolyline
 90
        4
 70
     1
 43
0.0
 10
1284.310144045372
 20
1226.082533753263
 10
1295.08270133935
 20
1226.082533753263
 10
1295.08270133935
 20
1218.762466511645
 10
1284.310144045372
 20
1218.762466511645
  0
LINE
  5
E33
330
1F
100
AcDbEntity
  8
0
100
AcDbLine
 10
1266.765858524726
 20
1222.850104443675
 30
0.0
 11
1267.557256257966
 21
1222.850104443675
 31
0.0
  0
LINE
  5
E34
330
1F
100
AcDbEntity
  8
0
100
AcDbLine
 10
1278.329813551944
 20
1222.422500132455
 30
0.0
 11
1284.310144045372
 21
1222.422500132455
 31
0.0
  0
LINE
  5
E35
330
1F
100
AcDbEntity
  8
0
100
AcDbLine
 10
1259.696706505322
 20
1215.170381970974
 30
0.0
 11
1259.696706505321
 21
1227.439109803939
 31
0.0
  0
LINE
  5
E36
330
1F
100
AcDbEntity
  8
0
100
AcDbLine
 10
1259.3040406859
 20
1218.175027496013
 30
0.0
 11
1260.394136832614
 21
1218.175027496013
 31
0.0
  0
LINE
  5
E37
330
1F
100
AcDbEntity
  8
0
100
AcDbLine
 10
1259.3040406859
 20
1222.850104443673
 30
0.0
 11
1260.812129284673
 21
1222.850104443675
 31
0.0
  0
LINE
  5
E38
330
1F
100
AcDbEntity
  8
0
100
AcDbLine
 10
1248.889679109921
 20
1268.231942420355
 30
0.0
 11
1248.889679109921
 21
1273.707510398761
 31
0.0
  0
MTEXT
  5
E39
330
1F
100
AcDbEntity
  8
0
100
AcDbMText
 10
1286.157812663575
 20
1224.734336000402
 30
0.0
 40
2.16932177872851
 41
8.34172947699157
 46
0.0
 71
     1
 72
     5
  1
{\fArial|b0|i1|c0|p34;I\H0.50195x;            \H1.99229x;>}
 73
     1
 44
1.0
101
Embedded Object
 70
     1
 10
1.0
 20
0.0
 30
0.0
 11
1286.157812663575
 21
1224.734336000402
 31
0.0
 40
8.34172947699157
 41
0.0
 42
7.523594455828728
 43
2.16938678354027
 71
     2
 72
     1
 44
8.34172947699157
 45
10.84660889364255
 73
     0
 74
     0
 46
0.0
  0
LWPOLYLINE
  5
E3A
330
1F
100
AcDbEntity
  8
0
100
AcDbPolyline
 90
        2
 70
     0
 43
0.0
 10
1291.055352703228
 20
1222.674090405708
 10
1288.440743825025
 20
1222.695953522881
  0
LINE
  5
E3B
330
1F
100
AcDbEntity
  8
0
100
AcDbLine
 10
1289.173693062796
 20
1221.401572508374
 30
0.0
 11
1290.307906837131
 21
1221.401572508374
 31
0.0
  0
LINE
  5
E3C
330
1F
100
AcDbEntity
  8
0
100
AcDbLine
 10
1288.813300728649
 20
1222.037374416699
 30
0.0
 11
1290.681879820584
 21
1222.037374416699
 31
0.0
  0
LINE
  5
E3D
330
1F
100
AcDbEntity
  8
0
100
AcDbLine
 10
1289.748048264126
 20
1222.685021964294
 30
0.0
 11
1289.764972559283
 21
1224.708997412171
 31
0.0
  0
LINE
  5
E3E
330
1F
100
AcDbEntity
  8
0
100
AcDbLine
 10
1286.235725406704
 20
1220.462742062882
 30
0.0
 11
1286.235725406704
 21
1219.593587422676
 31
0.0
  0
LINE
  5
E3F
330
1F
100
AcDbEntity
  8
0
100
AcDbLine
 10
1293.467326255851
 20
1220.462742062882
 30
0.0
 11
1293.467326255851
 21
1219.593587422676
 31
0.0
  0
LINE
  5
E40
330
1F
100
AcDbEntity
  8
0
100
AcDbLine
 10
1286.235725406704
 20
1220.02816474278
 30
0.0
 11
1293.467326255849
 21
1220.02816474278
 31
0.0
  0
LINE
  5
E41
330
1F
100
AcDbEntity
  8
0
100
AcDbLine
 10
1288.671110349673
 20
1220.586906140478
 30
0.0
 11
1291.280451671493
 21
1219.46942334508
 31
0.0
  0
MTEXT
  5
E42
330
1F
100
AcDbEntity
  8
0
100
AcDbMText
 10
1269.120793550759
 20
1224.025147652298
 30
0.0
 40
2.16932177872851
 41
8.34172947699157
 46
0.0
 71
     1
 72
     5
  1
{\fArial|b0|i1|c0|p34;I\H0.50195x;            \H1.99229x;>}
 73
     1
 44
1.0
101
Embedded Object
 70
     1
 10
1.0
 20
0.0
 30
0.0
 11
1269.120793550759
 21
1224.025147652298
 31
0.0
 40
8.34172947699157
 41
0.0
 42
7.523594455828728
 43
2.16938678354027
 71
     2
 72
     1
 44
8.34172947699157
 45
10.84660889364255
 73
     0
 74
     0
 46
0.0
  0
LWPOLYLINE
  5
E43
330
1F
100
AcDbEntity
  8
0
100
AcDbPolyline
 90
        2
 70
     0
 43
0.0
 10
1274.018333590412
 20
1221.964902057603
 10
1271.403724712209
 20
1221.986765174776
  0
LINE
  5
E44
330
1F
100
AcDbEntity
  8
0
100
AcDbLine
 10
1272.13667394998
 20
1220.692384160269
 30
0.0
 11
1273.270887724315
 21
1220.692384160269
 31
0.0
  0
LINE
  5
E45
330
1F
100
AcDbEntity
  8
0
100
AcDbLine
 10
1271.776281615833
 20
1221.328186068595
 30
0.0
 11
1273.644860707768
 21
1221.328186068595
 31
0.0
  0
LINE
  5
E46
330
1F
100
AcDbEntity
  8
0
100
AcDbLine
 10
1272.71102915131
 20
1221.97583361619
 30
0.0
 11
1272.727953446467
 21
1223.999809064067
 31
0.0
  0
MTEXT
  5
E47
330
1F
100
AcDbEntity
  8
0
100
AcDbMText
 10
1275.919075855991
 20
1256.790148052905
 30
0.0
 40
2.16932177872851
 41
8.34172947699157
 46
0.0
 71
     1
 72
     5
  1
{\fArial|b0|i1|c0|p34;I\H0.50195x;   \H1.99229x;>}
 73
     1
 44
1.0
101
Embedded Object
 70
     1
 10
1.0
 20
0.0
 30
0.0
 11
1275.919075855991
 21
1256.790148052905
 31
0.0
 40
8.34172947699157
 41
0.0
 42
3.719903355384906
 43
2.16938678354027
 71
     2
 72
     1
 44
8.34172947699157
 45
10.84660889364255
 73
     0
 74
     0
 46
0.0
  0
LINE
  5
E48
330
1F
100
AcDbEntity
  8
0
100
AcDbLine
 10
1274.345203225575
 20
1253.855065766128
 30
0.0
 11
1274.345203225575
 21
1252.985911125922
 31
0.0
  0
LINE
  5
E49
330
1F
100
AcDbEntity
  8
0
100
AcDbLine
 10
1281.576804074721
 20
1253.855065766128
 30
0.0
 11
1281.576804074721
 21
1252.985911125922
 31
0.0
  0
LINE
  5
E4A
330
1F
100
AcDbEntity
  8
0
100
AcDbLine
 10
1274.345203225575
 20
1253.420488446026
 30
0.0
 11
1281.57680407472
 21
1253.420488446026
 31
0.0
  0
LINE
  5
E4B
330
1F
100
AcDbEntity
  8
0
100
AcDbLine
 10
1276.780588168544
 20
1253.979229843724
 30
0.0
 11
1279.389929490364
 21
1252.861747048326
 31
0.0
  0
LINE
  5
E4E
330
1F
100
AcDbEntity
  8
0
100
AcDbLine
 10
1242.074682981237
 20
1212.310577116207
 30
0.0
 11
1220.948424918683
 21
1212.310577116207
 31
0.0
  0
LINE
  5
E4F
330
1F
100
AcDbEntity
  8
0
100
AcDbLine
 10
1248.889679109923
 20
1203.398612061482
 30
0.0
 11
1248.833622624504
 21
1221.4838523342
 31
0.0
  0
LINE
  5
E53
330
1F
100
AcDbEntity
  8
0
100
AcDbLine
 10
1248.889679109921
 20
1196.64193497315
 30
0.0
 11
1248.889679109921
 21
1191.435574107452
 31
0.0
  0
MTEXT
  5
E54
330
1F
100
AcDbEntity
  8
0
100
AcDbMText
 10
1152.672041424659
 20
1644.265459817505
 30
0.0
 40
1.910817746735852
 41
24.77295492625227
 46
0.0
 71
     1
 72
     5
  1
{\C0; ONAN OLTC^J   20 / 13,8 kV\P     80 MVA}
 73
     1
 44
1.0
101
Embedded Object
 70
     1
 10
1.0
 20
0.0
 30
0.0
 11
1152.672041424659
 21
1644.265459817505
 31
0.0
 40
24.77295492625227
 41
0.0
 42
16.45049848673478
 43
8.387090901088878
 71
     2
 72
     1
 44
24.77295492625227
 45
9.554088733679263
 73
     0
 74
     0
 46
0.0
  0
LWPOLYLINE
  5
E55
330
1F
100
AcDbEntity
  8
0
370
    60
100
AcDbPolyline
 90
        3
 70
     1
 43
0.0
 39
1.004601463910954
 10
1148.118793173746
 20
1644.679380685529
 10
1146.856359566879
 20
1642.492781537266
 10
1149.381226780608
 20
1642.492781537266
  0
LINE
  5
E56
330
1F
100
AcDbEntity
  8
0
370
    60
100
AcDbLine
 39
1.004601463910954
 10
1150.995138177155
 20
1644.543959977622
 30
0.0
 11
1150.995138177155
 21
1643.086227212104
 31
0.0
  0
LINE
  5
E57
330
1F
100
AcDbEntity
  8
0
370
    60
100
AcDbLine
 39
1.004601463910954
 10
1150.995138177155
 20
1643.086227212104
 30
0.0
 11
1149.732704570304
 21
1642.357360829354
 31
0.0
  0
LINE
  5
E58
330
1F
100
AcDbEntity
  8
0
370
    60
100
AcDbLine
 39
1.004601463910954
 10
1149.732704570304
 20
1642.357360829354
 30
0.0
 11
1150.995138177155
 21
1643.086227212104
 31
0.0
  0
LINE
  5
E59
330
1F
100
AcDbEntity
  8
0
370
    60
100
AcDbLine
 39
1.004601463910954
 10
1150.995138177155
 20
1643.086227212104
 30
0.0
 11
1152.257571784021
 21
1642.357360829354
 31
0.0
  0
MTEXT
  5
E5A
330
1F
100
AcDbEntity
  8
0
100
AcDbMText
 10
1150.843833204
 20
1548.144876686317
 30
0.0
 40
1.910817746735852
 41
24.77295492625227
 46
0.0
 71
     1
 72
     5
  1
{\C0; ONAN OLTC^J  13,8 / 11 kV\P     50 MVA}
 73
     1
 44
1.0
101
Embedded Object
 70
     1
 10
1.0
 20
0.0
 30
0.0
 11
1150.843833204
 21
1548.144876686317
 31
0.0
 40
24.77295492625227
 41
0.0
 42
16.20936527858599
 43
8.387090901088878
 71
     2
 72
     1
 44
24.77295492625227
 45
9.554088733679263
 73
     0
 74
     0
 46
0.0
  0
LWPOLYLINE
  5
E5B
330
1F
100
AcDbEntity
  8
0
100
AcDbPolyline
 90
        3
 70
     1
 43
0.0
 10
1146.072001513482
 20
1548.485987790575
 10
1144.809567906616
 20
1546.299388642312
 10
1147.334435120344
 20
1546.299388642312
  0
LINE
  5
E5C
330
1F
100
AcDbEntity
  8
0
100
AcDbLine
 10
1148.948346516891
 20
1548.350567082668
 30
0.0
 11
1148.948346516891
 21
1546.89283431715
 31
0.0
  0
LINE
  5
E5D
330
1F
100
AcDbEntity
  8
0
100
AcDbLine
 10
1148.948346516891
 20
1546.89283431715
 30
0.0
 11
1147.68591291004
 21
1546.1639679344
 31
0.0
  0
LINE
  5
E5E
330
1F
100
AcDbEntity
  8
0
100
AcDbLine
 10
1147.68591291004
 20
1546.1639679344
 30
0.0
 11
1148.948346516891
 21
1546.89283431715
 31
0.0
  0
LINE
  5
E5F
330
1F
100
AcDbEntity
  8
0
100
AcDbLine
 10
1148.948346516891
 20
1546.89283431715
 30
0.0
 11
1150.210780123757
 21
1546.1639679344
 31
0.0
  0
MTEXT
  5
E60
330
1F
100
AcDbEntity
  8
0
100
AcDbMText
 10
1262.637887661154
 20
1441.809116208844
 30
0.0
 40
1.910817746735852
 41
24.77295492625227
 46
0.0
 71
     1
 72
     5
  1
{\C0; ONAN OLTC^J  11 / 6,6 kV\P     5 MVA}
 73
     1
 44
1.0
101
Embedded Object
 70
     1
 10
1.0
 20
0.0
 30
0.0
 11
1262.637887661154
 21
1441.809116208844
 31
0.0
 40
24.77295492625227
 41
0.0
 42
16.20936527858599
 43
8.379270364608377
 71
     2
 72
     1
 44
24.77295492625227
 45
9.554088733679263
 73
     0
 74
     0
 46
0.0
  0
LWPOLYLINE
  5
E61
330
1F
100
AcDbEntity
  8
0
100
AcDbPolyline
 90
        3
 70
     1
 43
0.0
 10
1257.866055970636
 20
1442.150227313102
 10
1256.603622363769
 20
1439.963628164839
 10
1259.128489577498
 20
1439.963628164839
  0
LINE
  5
E62
330
1F
100
AcDbEntity
  8
0
100
AcDbLine
 10
1260.742400974045
 20
1442.014806605195
 30
0.0
 11
1260.742400974045
 21
1440.557073839678
 31
0.0
  0
LINE
  5
E63
330
1F
100
AcDbEntity
  8
0
100
AcDbLine
 10
1260.742400974045
 20
1440.557073839678
 30
0.0
 11
1259.479967367194
 21
1439.828207456927
 31
0.0
  0
LINE
  5
E64
330
1F
100
AcDbEntity
  8
0
100
AcDbLine
 10
1259.479967367194
 20
1439.828207456927
 30
0.0
 11
1260.742400974045
 21
1440.557073839678
 31
0.0
  0
LINE
  5
E65
330
1F
100
AcDbEntity
  8
0
100
AcDbLine
 10
1260.742400974045
 20
1440.557073839678
 30
0.0
 11
1262.004834580911
 21
1439.828207456927
 31
0.0
  0
MTEXT
  5
E66
330
1F
100
AcDbEntity
  8
0
100
AcDbMText
 10
1263.590172251955
 20
1339.172370942208
 30
0.0
 40
1.910817746735852
 41
24.77295492625227
 46
0.0
 71
     1
 72
     5
  1
{\C0; ONAN OLTC^J  6,6 / 3,3 kV\P     2 MVA}
 73
     1
 44
1.0
101
Embedded Object
 70
     1
 10
1.0
 20
0.0
 30
0.0
 11
1263.590172251955
 21
1339.172370942208
 31
0.0
 40
24.77295492625227
 41
0.0
 42
16.20936527858599
 43
8.355808755166872
 71
     2
 72
     1
 44
24.77295492625227
 45
9.554088733679263
 73
     0
 74
     0
 46
0.0
  0
LWPOLYLINE
  5
E67
330
1F
100
AcDbEntity
  8
0
100
AcDbPolyline
 90
        3
 70
     1
 43
0.0
 10
1258.818340561437
 20
1339.513482046466
 10
1257.555906954571
 20
1337.326882898203
 10
1260.080774168299
 20
1337.326882898203
  0
LINE
  5
E68
330
1F
100
AcDbEntity
  8
0
100
AcDbLine
 10
1261.694685564846
 20
1339.378061338559
 30
0.0
 11
1261.694685564846
 21
1337.920328573042
 31
0.0
  0
LINE
  5
E69
330
1F
100
AcDbEntity
  8
0
100
AcDbLine
 10
1261.694685564846
 20
1337.920328573042
 30
0.0
 11
1260.432251957996
 21
1337.191462190291
 31
0.0
  0
LINE
  5
E6A
330
1F
100
AcDbEntity
  8
0
100
AcDbLine
 10
1260.432251957996
 20
1337.191462190291
 30
0.0
 11
1261.694685564846
 21
1337.920328573042
 31
0.0
  0
LINE
  5
E6B
330
1F
100
AcDbEntity
  8
0
100
AcDbLine
 10
1261.694685564846
 20
1337.920328573042
 30
0.0
 11
1262.957119171712
 21
1337.191462190291
 31
0.0
  0
MTEXT
  5
E6C
330
1F
100
AcDbEntity
  8
0
100
AcDbMText
 10
1263.078069032409
 20
1242.40176689556
 30
0.0
 40
1.910817746735852
 41
24.77295492625227
 46
0.0
 71
     1
 72
     5
  1
{\C0; ONAN OLTC^J  3,3 / 0,38 kV\P     100 kVA}
 73
     1
 44
1.0
101
Embedded Object
 70
     1
 10
1.0
 20
0.0
 30
0.0
 11
1263.078069032409
 21
1242.40176689556
 31
0.0
 40
24.77295492625227
 41
0.0
 42
16.45049848673478
 43
8.387090901088878
 71
     2
 72
     1
 44
24.77295492625227
 45
9.554088733679263
 73
     0
 74
     0
 46
0.0
  0
LWPOLYLINE
  5
E6D
330
1F
100
AcDbEntity
  8
0
100
AcDbPolyline
 90
        3
 70
     1
 43
0.0
 10
1258.306237341892
 20
1242.742877999818
 10
1257.043803735025
 20
1240.556278851555
 10
1259.568670948754
 20
1240.556278851555
  0
LINE
  5
E6E
330
1F
100
AcDbEntity
  8
0
100
AcDbLine
 10
1261.1825823453
 20
1242.60745729191
 30
0.0
 11
1261.1825823453
 21
1241.149724526393
 31
0.0
  0
LINE
  5
E6F
330
1F
100
AcDbEntity
  8
0
100
AcDbLine
 10
1261.1825823453
 20
1241.149724526393
 30
0.0
 11
1259.92014873845
 21
1240.420858143643
 31
0.0
  0
LINE
  5
E70
330
1F
100
AcDbEntity
  8
0
100
AcDbLine
 10
1259.92014873845
 20
1240.420858143643
 30
0.0
 11
1261.1825823453
 21
1241.149724526393
 31
0.0
  0
LINE
  5
E71
330
1F
100
AcDbEntity
  8
0
100
AcDbLine
 10
1261.1825823453
 20
1241.149724526393
 30
0.0
 11
1262.445015952167
 21
1240.420858143643
 31
0.0
  0
MTEXT
  5
E78
330
1F
100
AcDbEntity
  8
0
100
AcDbMText
 10
1075.882699762664
 20
1597.08315790076
 30
0.0
 40
2.507601620252727
 41
32.51000887846862
 46
0.0
 71
     1
 72
     5
  1
{\C0;Busbar 13,8 kV}
 73
     1
 44
1.0
101
Embedded Object
 70
     1
 10
1.0
 20
0.0
 30
0.0
 11
1075.882699762664
 21
1597.08315790076
 31
0.0
 40
32.51000887846862
 41
0.0
 42
23.6682698631903
 43
3.013911360767602
 71
     2
 72
     1
 44
32.51000887846862
 45
12.53800810126363
 73
     0
 74
     0
 46
0.0
  0
MTEXT
  5
E79
330
1F
100
AcDbEntity
  8
0
100
AcDbMText
 10
941.4806216396115
 20
1495.742690299367
 30
0.0
 40
2.507601620252727
 41
32.51000887846862
 46
0.0
 71
     1
 72
     5
  1
{\C0;Busbar 11 kV}
 73
     1
 44
1.0
101
Embedded Object
 70
     1
 10
1.0
 20
0.0
 30
0.0
 11
941.4806216396115
 21
1495.742690299367
 31
0.0
 40
32.51000887846862
 41
0.0
 42
20.74672581994907
 43
2.558916796656261
 71
     2
 72
     1
 44
32.51000887846862
 45
12.53800810126363
 73
     0
 74
     0
 46
0.0
  0
MTEXT
  5
E7A
330
1F
100
AcDbEntity
  8
0
100
AcDbMText
 10
1194.405460896481
 20
1390.69613515231
 30
0.0
 40
2.507601620252727
 41
32.51000887846862
 46
0.0
 71
     1
 72
     5
  1
{\C0;Busbar 6,6 kV}
 73
     1
 44
1.0
101
Embedded Object
 70
     1
 10
1.0
 20
0.0
 30
0.0
 11
1194.405460896481
 21
1390.69613515231
 31
0.0
 40
32.51000887846862
 41
0.0
 42
21.72000366573611
 43
3.013911360767602
 71
     2
 72
     1
 44
32.51000887846862
 45
12.53800810126363
 73
     0
 74
     0
 46
0.0
  0
MTEXT
  5
E7B
330
1F
100
AcDbEntity
  8
0
100
AcDbMText
 10
1194.378690896461
 20
1293.555621913934
 30
0.0
 40
2.507601620252727
 41
32.51000887846862
 46
0.0
 71
     1
 72
     5
  1
{\C0;Busbar 3,3 kV}
 73
     1
 44
1.0
101
Embedded Object
 70
     1
 10
1.0
 20
0.0
 30
0.0
 11
1194.378690896461
 21
1293.555621913934
 31
0.0
 40
32.51000887846862
 41
0.0
 42
21.72000366573611
 43
3.013911360767602
 71
     2
 72
     1
 44
32.51000887846862
 45
12.53800810126363
 73
     0
 74
     0
 46
0.0
  0
MTEXT
  5
E7C
330
1F
100
AcDbEntity
  8
0
100
AcDbMText
 10
1193.968883809197
 20
1193.492976405547
 30
0.0
 40
2.507601620252727
 41
32.51000887846862
 46
0.0
 71
     1
 72
     5
  1
{\C0;Busbar 0,38 kV}
 73
     1
 44
1.0
101
Embedded Object
 70
     1
 10
1.0
 20
0.0
 30
0.0
 11
1193.968883809197
 21
1193.492976405547
 31
0.0
 40
32.51000887846862
 41
0.0
 42
23.6682698631903
 43
3.013911360767602
 71
     2
 72
     1
 44
32.51000887846862
 45
12.53800810126363
 73
     0
 74
     0
 46
0.0
  0
MTEXT
  5
E7D
330
1F
100
AcDbEntity
  8
0
  6
Continuous
100
AcDbMText
 10
1137.648236081237
 20
1678.810208249087
 30
0.0
 40
1.46339588122841
 41
33.65831094758114
 46
0.0
 71
     1
 72
     5
  1
\pxqc;VCB 3P,  20kV 3150A  40kA
 73
     1
 44
1.0
101
Embedded Object
 70
     1
 10
1.0
 20
0.0
 30
0.0
 11
1137.648236081237
 21
1678.810208249087
 31
0.0
 40
33.65831094758114
 41
0.0
 42
25.90490212398259
 43
1.77783633319768
 71
     2
 72
     1
 44
33.65831094758114
 45
11.51491411385846
 73
     0
 74
     0
 46
0.0
  0
MTEXT
  5
E7E
330
1F
100
AcDbEntity
  8
0
  6
Continuous
100
AcDbMText
 10
1137.648236081237
 20
1600.322771013689
 30
0.0
 40
1.46339588122841
 41
33.65831094758114
 46
0.0
 71
     1
 72
     5
  1
\pxqc;VCB 3P,  13,8kV 4000A  63kA
 73
     1
 44
1.0
101
Embedded Object
 70
     1
 10
1.0
 20
0.0
 30
0.0
 11
1137.648236081237
 21
1600.322771013689
 31
0.0
 40
33.65831094758114
 41
0.0
 42
27.60986813021597
 43
1.77783633319768
 71
     2
 72
     1
 44
33.65831094758114
 45
11.51491411385846
 73
     0
 74
     0
 46
0.0
  0
MTEXT
  5
E7F
330
1F
100
AcDbEntity
  8
0
  6
Continuous
100
AcDbMText
 10
1137.648236081237
 20
1584.71621446248
 30
0.0
 40
1.46339588122841
 41
33.65831094758114
 46
0.0
 71
     1
 72
     5
  1
\pxqc;VCB 3P,  13,8kV 2500A  40kA
 73
     1
 44
1.0
101
Embedded Object
 70
     1
 10
1.0
 20
0.0
 30
0.0
 11
1137.648236081237
 21
1584.71621446248
 31
0.0
 40
33.65831094758114
 41
0.0
 42
27.60986813021597
 43
1.77783633319768
 71
     2
 72
     1
 44
33.65831094758114
 45
11.51491411385846
 73
     0
 74
     0
 46
0.0
  0
MTEXT
  5
E80
330
1F
100
AcDbEntity
  8
0
  6
Continuous
100
AcDbMText
 10
1139.961137870294
 20
1505.50156938425
 30
0.0
 40
1.46339588122841
 41
33.65831094758114
 46
0.0
 71
     1
 72
     5
  1
\pxqc;VCB 3P,  11kV 3150A  50kA
 73
     1
 44
1.0
101
Embedded Object
 70
     1
 10
1.0
 20
0.0
 30
0.0
 11
1139.961137870294
 21
1505.50156938425
 31
0.0
 40
33.65831094758114
 41
0.0
 42
25.90490212398259
 43
1.77783633319768
 71
     2
 72
     1
 44
33.65831094758114
 45
11.51491411385846
 73
     0
 74
     0
 46
0.0
  0
MTEXT
  5
E81
330
1F
100
AcDbEntity
  8
0
  6
Continuous
100
AcDbMText
 10
1239.314568887878
 20
1581.189589330753
 30
0.0
 40
1.46339588122841
 41
33.65831094758114
 46
0.0
 71
     1
 72
     5
  1
\pxqc;VCB 3P,  13,8kV 630A  40kA
 73
     1
 44
1.0
101
Embedded Object
 70
     1
 10
1.0
 20
0.0
 30
0.0
 11
1239.314568887878
 21
1581.189589330753
 31
0.0
 40
33.65831094758114
 41
0.0
 42
26.47289138484137
 43
1.77783633319768
 71
     2
 72
     1
 44
33.65831094758114
 45
11.51491411385846
 73
     0
 74
     0
 46
0.0
  0
MTEXT
  5
E82
330
1F
100
AcDbEntity
  8
0
  6
Continuous
100
AcDbMText
 10
946.0219565072263
 20
1482.260143571712
 30
0.0
 40
1.46339588122841
 41
33.65831094758114
 46
0.0
 71
     1
 72
     5
  1
\pxqc;VCB 3P,  11kV 1250A  6,3kA
 73
     1
 44
1.0
101
Embedded Object
 70
     1
 10
1.0
 20
0.0
 30
0.0
 11
946.0219565072263
 21
1482.260143571712
 31
0.0
 40
33.65831094758114
 41
0.0
 42
26.47289138484137
 43
1.77783633319768
 71
     2
 72
     1
 44
33.65831094758114
 45
11.51491411385846
 73
     0
 74
     0
 46
0.0
  0
MTEXT
  5
E83
330
1F
100
AcDbEntity
  8
0
  6
Continuous
100
AcDbMText
 10
1011.329222855949
 20
1481.557328380461
 30
0.0
 40
1.46339588122841
 41
33.65831094758114
 46
0.0
 71
     1
 72
     5
  1
\pxqc;VCB 3P,  11kV 1000A  6,3kA
 73
     1
 44
1.0
101
Embedded Object
 70
     1
 10
1.0
 20
0.0
 30
0.0
 11
1011.329222855949
 21
1481.557328380461
 31
0.0
 40
33.65831094758114
 41
0.0
 42
26.47289138484137
 43
1.77783633319768
 71
     2
 72
     1
 44
33.65831094758114
 45
11.51491411385846
 73
     0
 74
     0
 46
0.0
  0
MTEXT
  5
E84
330
1F
100
AcDbEntity
  8
0
  6
Continuous
100
AcDbMText
 10
1072.882561918635
 20
1482.742182254248
 30
0.0
 40
1.46339588122841
 41
33.65831094758114
 46
0.0
 71
     1
 72
     5
  1
\pxqc;VCB 3P,  11kV 400A  6,3kA
 73
     1
 44
1.0
101
Embedded Object
 70
     1
 10
1.0
 20
0.0
 30
0.0
 11
1072.882561918635
 21
1482.742182254248
 31
0.0
 40
33.65831094758114
 41
0.0
 42
25.33591463946677
 43
1.77783633319768
 71
     2
 72
     1
 44
33.65831094758114
 45
11.51491411385846
 73
     0
 74
     0
 46
0.0
  0
MTEXT
  5
E85
330
1F
100
AcDbEntity
  8
0
  6
Continuous
100
AcDbMText
 10
1248.963281198924
 20
1481.990765855322
 30
0.0
 40
1.46339588122841
 41
33.65831094758114
 46
0.0
 71
     1
 72
     5
  1
\pxqc;VCB 3P,  11kV 400A  6,3kA
 73
     1
 44
1.0
101
Embedded Object
 70
     1
 10
1.0
 20
0.0
 30
0.0
 11
1248.963281198924
 21
1481.990765855322
 31
0.0
 40
33.65831094758114
 41
0.0
 42
25.33591463946677
 43
1.77783633319768
 71
     2
 72
     1
 44
33.65831094758114
 45
11.51491411385846
 73
     0
 74
     0
 46
0.0
  0
MTEXT
  5
E86
330
1F
100
AcDbEntity
  8
0
  6
Continuous
100
AcDbMText
 10
1334.716590624127
 20
1480.987675589019
 30
0.0
 40
1.46339588122841
 41
33.65831094758114
 46
0.0
 71
     1
 72
     5
  1
\pxqc;VCB 3P,  11kV 1600A  6,3kA
 73
     1
 44
1.0
101
Embedded Object
 70
     1
 10
1.0
 20
0.0
 30
0.0
 11
1334.716590624127
 21
1480.987675589019
 31
0.0
 40
33.65831094758114
 41
0.0
 42
26.47289138484137
 43
1.77783633319768
 71
     2
 72
     1
 44
33.65831094758114
 45
11.51491411385846
 73
     0
 74
     0
 46
0.0
  0
MTEXT
  5
E87
330
1F
100
AcDbEntity
  8
0
  6
Continuous
100
AcDbMText
 10
1247.525991050777
 20
1401.163781849082
 30
0.0
 40
1.46339588122841
 41
33.65831094758114
 46
0.0
 71
     1
 72
     5
  1
\pxqc;VCB 3P,  6,6kV  630A  12,5kA
 73
     1
 44
1.0
101
Embedded Object
 70
     1
 10
1.0
 20
0.0
 30
0.0
 11
1247.525991050777
 21
1401.163781849082
 31
0.0
 40
33.65831094758114
 41
0.0
 42
27.60886990655892
 43
1.77783633319768
 71
     2
 72
     1
 44
33.65831094758114
 45
11.51491411385846
 73
     0
 74
     0
 46
1.777836333197679
  0
MTEXT
  5
E88
330
1F
100
AcDbEntity
  8
0
  6
Continuous
100
AcDbMText
 10
1247.940188811242
 20
1377.920530422996
 30
0.0
 40
1.46339588122841
 41
33.65831094758114
 46
0.0
 71
     1
 72
     5
  1
\pxqc;VCB 3P,  6,6kV 250A  6,3kA
 73
     1
 44
1.0
101
Embedded Object
 70
     1
 10
1.0
 20
0.0
 30
0.0
 11
1247.940188811242
 21
1377.920530422996
 31
0.0
 40
33.65831094758114
 41
0.0
 42
25.90390390032555
 43
1.77783633319768
 71
     2
 72
     1
 44
33.65831094758114
 45
11.51491411385846
 73
     0
 74
     0
 46
0.0
  0
MTEXT
  5
E89
330
1F
100
AcDbEntity
  8
0
  6
Continuous
100
AcDbMText
 10
1328.644726911569
 20
1375.080382008352
 30
0.0
 40
1.46339588122841
 41
33.65831094758114
 46
0.0
 71
     1
 72
     5
  1
\pxqc;VCB 3P,  6,6kV 630A  6,3kA
 73
     1
 44
1.0
101
Embedded Object
 70
     1
 10
1.0
 20
0.0
 30
0.0
 11
1328.644726911569
 21
1375.080382008352
 31
0.0
 40
33.65831094758114
 41
0.0
 42
25.90390390032555
 43
1.77783633319768
 71
     2
 72
     1
 44
33.65831094758114
 45
11.51491411385846
 73
     0
 74
     0
 46
0.0
  0
MTEXT
  5
E8A
330
1F
100
AcDbEntity
  8
0
  6
Continuous
100
AcDbMText
 10
1248.42539096589
 20
1298.858224357453
 30
0.0
 40
1.46339588122841
 41
33.65831094758114
 46
0.0
 71
     1
 72
     5
  1
\pxqc;VCB 3P,  3,3kV 400A  6,3A
 73
     1
 44
1.0
101
Embedded Object
 70
     1
 10
1.0
 20
0.0
 30
0.0
 11
1248.42539096589
 21
1298.858224357453
 31
0.0
 40
33.65831094758114
 41
0.0
 42
24.88172287551116
 43
1.77783633319768
 71
     2
 72
     1
 44
33.65831094758114
 45
11.51491411385846
 73
     0
 74
     0
 46
0.0
  0
MTEXT
  5
E8B
330
1F
100
AcDbEntity
  8
0
  6
Continuous
100
AcDbMText
 10
1248.791946645529
 20
1280.184161469346
 30
0.0
 40
1.46339588122841
 41
33.65831094758114
 46
0.0
 71
     1
 72
     5
  1
\pxqc;VCB 3P,  3,3kV 25A  4kA
 73
     1
 44
1.0
101
Embedded Object
 70
     1
 10
1.0
 20
0.0
 30
0.0
 11
1248.791946645529
 21
1280.184161469346
 31
0.0
 40
33.65831094758114
 41
0.0
 42
23.06196114871758
 43
1.77783633319768
 71
     2
 72
     1
 44
33.65831094758114
 45
11.51491411385846
 73
     0
 74
     0
 46
0.0
  0
MTEXT
  5
E8C
330
1F
100
AcDbEntity
  8
0
  6
Continuous
100
AcDbMText
 10
1326.126413702499
 20
1278.682648022462
 30
0.0
 40
1.46339588122841
 41
33.65831094758114
 46
0.0
 71
     1
 72
     5
  1
\pxqc;VCB 3P,  3,3kV 400A  4kA
 73
     1
 44
1.0
101
Embedded Object
 70
     1
 10
1.0
 20
0.0
 30
0.0
 11
1326.126413702499
 21
1278.682648022462
 31
0.0
 40
33.65831094758114
 41
0.0
 42
24.19893789409217
 43
1.77783633319768
 71
     2
 72
     1
 44
33.65831094758114
 45
11.51491411385846
 73
     0
 74
     0
 46
0.0
  0
MTEXT
  5
E8D
330
1F
100
AcDbEntity
  8
0
  6
Continuous
100
AcDbMText
 10
1246.927122886236
 20
1180.963369266206
 30
0.0
 40
1.46339588122841
 41
33.65831094758114
 46
0.0
 71
     1
 72
     5
  1
\pxqc;MCB 3P,  380V 250A  10kA
 73
     1
 44
1.0
101
Embedded Object
 70
     1
 10
1.0
 20
0.0
 30
0.0
 11
1246.927122886236
 21
1180.963369266206
 31
0.0
 40
33.65831094758114
 41
0.0
 42
25.07937115960613
 43
1.77783633319768
 71
     2
 72
     1
 44
33.65831094758114
 45
11.51491411385846
 73
     0
 74
     0
 46
0.0
  0
LWPOLYLINE
  5
EE1
330
1F
100
AcDbEntity
  8
Area_Boundary
370
     9
100
AcDbPolyline
 90
        4
 70
     1
 43
0.0
 10
1190.828757741952
 20
1587.857320713281
 10
1375.6407633099
 20
1587.857320713281
 10
1375.6407633099
 20
1115.054605796734
 10
1190.828757741952
 20
1115.054605796734
  0
MTEXT
  5
EE8
330
1F
100
AcDbEntity
  8
0
100
AcDbMText
 10
1294.438759916638
 20
1596.243210500898
 30
0.0
 40
4.490135207093651
 41
84.92968886916818
 46
0.0
 71
     1
 72
     5
  1
{\C0;Preparation & Milling Area}
 73
     1
 44
1.0
101
Embedded Object
 70
     1
 10
1.0
 20
0.0
 30
0.0
 11
1294.438759916638
 21
1596.243210500898
 31
0.0
 40
84.92968886916818
 41
0.0
 42
72.11781963589844
 43
5.88679390725375
 71
     2
 72
     1
 44
84.92968886916818
 45
22.45067603546826
 73
     0
 74
     0
 46
0.0
  0
HATCH
  5
F13
102
{ACAD_REACTORS
330
F98
102
}
330
1F
100
AcDbEntity
  8
0
100
AcDbHatch
 10
0.0
 20
0.0
 30
0.0
210
0.0
220
0.0
230
1.0
  2
ANSI37
 70
     0
 71
     0
 91
        1
 92
        7
 72
     0
 73
     1
 93
        4
 10
1670.503428775936
 20
1540.77386161789
 10
1650.082735035407
 20
1540.77386161789
 10
1650.082735035407
 20
1520.353167877359
 10
1670.503428775936
 20
1520.353167877359
 97
        0
 75
     1
 76
     1
 52
0.0
 41
1.701724478377284
 77
     0
 78
     2
 53
44.99999999999999
 43
1548.359681159113
 44
1332.524249802168
 45
-3.820480415830207
 46
3.820480415830204
 79
     0
 53
135.0
 43
1548.359681159113
 44
1332.524249802168
 45
-3.820480415830207
 46
-3.820480415830204
 79
     0
 47
0.0156210321812842
 98
        1
 10
1664.3900086399
 20
1520.744821809202
1001
GradientColor1ACI
1070
     5
1001
GradientColor2ACI
1070
     2
1001
ACAD
1010
0.0
1020
0.0
1030
0.0
  0
LINE
  5
F14
102
{ACAD_REACTORS
330
F98
102
}
330
1F
100
AcDbEntity
  8
0
100
AcDbLine
 10
1650.082735035407
 20
1520.353167877359
 30
0.0
 11
1650.082735035407
 21
1540.77386161789
 31
0.0
  0
LINE
  5
F15
102
{ACAD_REACTORS
330
F98
102
}
330
1F
100
AcDbEntity
  8
0
100
AcDbLine
 10
1650.082735035407
 20
1540.77386161789
 30
0.0
 11
1670.503428775936
 21
1540.77386161789
 31
0.0
  0
LINE
  5
F16
102
{ACAD_REACTORS
330
F98
102
}
330
1F
100
AcDbEntity
  8
0
100
AcDbLine
 10
1670.503428775936
 20
1540.77386161789
 30
0.0
 11
1670.503428775936
 21
1520.353167877359
 31
0.0
  0
LINE
  5
F17
102
{ACAD_REACTORS
330
F98
102
}
330
1F
100
AcDbEntity
  8
0
100
AcDbLine
 10
1670.503428775936
 20
1520.353167877359
 30
0.0
 11
1650.082735035407
 21
1520.353167877359
 31
0.0
  0
MTEXT
  5
F18
102
{ACAD_REACTORS
330
F98
102
}
330
1F
100
AcDbEntity
  8
0
100
AcDbMText
 10
1671.501583190522
 20
1531.156001259236
 30
0.0
 40
3.457904140062643
 41
85.98799531389934
 46
0.0
 71
     1
 72
     5
  1
\pxqc;UTILITY GRID PLN TM (20 kV)
 73
     1
 44
1.0
101
Embedded Object
 70
     1
 10
1.0
 20
0.0
 30
0.0
 11
1671.501583190522
 21
1531.156001259236
 31
0.0
 40
85.98799531389934
 41
0.0
 42
66.81585987418452
 43
4.533486873942974
 71
     2
 72
     1
 44
85.98799531389934
 45
17.28952070031322
 73
     0
 74
     0
 46
0.0
  0
CIRCLE
  5
F19
102
{ACAD_REACTORS
330
F98
102
}
330
1F
100
AcDbEntity
  8
0
100
AcDbCircle
 10
1659.775507418893
 20
1421.68564405807
 30
0.0
 40
8.274663314363916
  0
MTEXT
  5
F1A
102
{ACAD_REACTORS
330
F98
102
}
330
1F
100
AcDbEntity
  8
0
100
AcDbMText
 10
1654.00953916637
 20
1423.274442700089
 30
0.0
 40
3.457904140062643
 41
11.32514300109447
 46
0.0
 71
     1
 72
     5
  1
\pxqc;M
 73
     1
 44
1.0
101
Embedded Object
 70
     1
 10
1.0
 20
0.0
 30
0.0
 11
1654.00953916637
 21
1423.274442700089
 31
0.0
 40
11.32514300109447
 41
0.0
 42
3.299868957672331
 43
3.457904140062643
 71
     2
 72
     1
 44
11.32514300109447
 45
17.28952070031322
 73
     0
 74
     0
 46
0.0
  0
LWPOLYLINE
  5
F1B
102
{ACAD_REACTORS
330
F98
102
}
330
1F
100
AcDbEntity
  8
0
100
AcDbPolyline
 90
        2
 70
     0
 43
0.0
 10
1665.801698634648
 20
1238.051676116628
 10
1654.250834351023
 20
1238.148263373478
  0
LINE
  5
F1C
102
{ACAD_REACTORS
330
F98
102
}
330
1F
100
AcDbEntity
  8
0
100
AcDbLine
 10
1657.48887015931
 20
1232.429924560153
 30
0.0
 11
1662.499619371236
 21
1232.429924560153
 31
0.0
  0
LINE
  5
F1D
102
{ACAD_REACTORS
330
F98
102
}
330
1F
100
AcDbEntity
  8
0
100
AcDbLine
 10
1655.896722677782
 20
1235.238781217664
 30
0.0
 11
1664.151763679942
 21
1235.238781217664
 31
0.0
  0
CIRCLE
  5
F1E
102
{ACAD_REACTORS
330
F98
102
}
330
1F
100
AcDbEntity
  8
0
100
AcDbCircle
 10
1660.639171985526
 20
1174.054728696831
 30
0.0
 40
8.274663314363916
  0
LWPOLYLINE
  5
F1F
102
{ACAD_REACTORS
330
F98
102
}
330
1F
100
AcDbEntity
  8
0
100
AcDbPolyline
 90
        3
 70
     1
 43
0.0
 10
1660.639171985526
 20
1165.780065382468
 10
1667.970323452686
 20
1178.236283294596
 10
1653.517346572128
 20
1178.357137748075
  0
LINE
  5
F20
102
{ACAD_REACTORS
330
F98
102
}
330
1F
100
AcDbEntity
  8
0
100
AcDbLine
 10
1657.568927088215
 20
1171.202087127205
 30
0.0
 11
1663.838608796546
 21
1171.202087127205
 31
0.0
  0
LINE
  5
F21
102
{ACAD_REACTORS
330
F98
102
}
330
1F
100
AcDbEntity
  8
0
100
AcDbLine
 10
1655.576758348658
 20
1174.716658793444
 30
0.0
 11
1665.905848347697
 21
1174.716658793444
 31
0.0
  0
MTEXT
  5
F22
102
{ACAD_REACTORS
330
F98
102
}
330
1F
100
AcDbEntity
  8
0
100
AcDbMText
 10
1671.501583190522
 20
1499.17343584597
 30
0.0
 40
3.457904140062643
 41
85.98799531389934
 46
0.0
 71
     1
 72
     5
  1
\pxqc;TRANSFORMATOR
 73
     1
 44
1.0
101
Embedded Object
 70
     1
 10
1.0
 20
0.0
 30
0.0
 11
1671.501583190522
 21
1499.17343584597
 31
0.0
 40
85.98799531389934
 41
0.0
 42
43.83707260782007
 43
3.578199577404522
 71
     2
 72
     1
 44
85.98799531389934
 45
17.28952070031322
 73
     0
 74
     0
 46
0.0
  0
MTEXT
  5
F23
102
{ACAD_REACTORS
330
F98
102
}
330
1F
100
AcDbEntity
  8
0
100
AcDbMText
 10
1671.501583190522
 20
1459.927965399955
 30
0.0
 40
3.457904140062643
 41
85.98799531389934
 46
0.0
 71
     1
 72
     5
  1
\pxqc;CIRCUIT BREAKER
 73
     1
 44
1.0
101
Embedded Object
 70
     1
 10
1.0
 20
0.0
 30
0.0
 11
1671.501583190522
 21
1459.927965399955
 31
0.0
 40
85.98799531389934
 41
0.0
 42
43.71677717047819
 43
3.575840843338995
 71
     2
 72
     1
 44
85.98799531389934
 45
17.28952070031322
 73
     0
 74
     0
 46
0.0
  0
MTEXT
  5
F24
102
{ACAD_REACTORS
330
F98
102
}
330
1F
100
AcDbEntity
  8
0
100
AcDbMText
 10
1671.501583190522
 20
1424.618225839018
 30
0.0
 40
3.457904140062643
 41
85.98799531389934
 46
0.0
 71
     1
 72
     5
  1
\pxqc;MOTOR
 73
     1
 44
1.0
101
Embedded Object
 70
     1
 10
1.0
 20
0.0
 30
0.0
 11
1671.501583190522
 21
1424.618225839018
 31
0.0
 40
85.98799531389934
 41
0.0
 42
17.5584163837833
 43
3.578199577404522
 71
     2
 72
     1
 44
85.98799531389934
 45
17.28952070031322
 73
     0
 74
     0
 46
0.0
  0
MTEXT
  5
F25
102
{ACAD_REACTORS
330
F98
102
}
330
1F
100
AcDbEntity
  8
0
100
AcDbMText
 10
1671.501583190522
 20
1393.814660123004
 30
0.0
 40
3.457904140062643
 41
85.98799531389934
 46
0.0
 71
     1
 72
     5
  1
\pxqc;DIFFERENSIAL RELAY 
 73
     1
 44
1.0
101
Embedded Object
 70
     1
 10
1.0
 20
0.0
 30
0.0
 11
1671.501583190522
 21
1393.814660123004
 31
0.0
 40
85.98799531389934
 41
0.0
 42
51.39917402189976
 43
3.575840843338995
 71
     2
 72
     1
 44
85.98799531389934
 45
17.28952070031322
 73
     0
 74
     0
 46
0.0
  0
MTEXT
  5
F26
102
{ACAD_REACTORS
330
F98
102
}
330
1F
100
AcDbEntity
  8
0
100
AcDbMText
 10
1671.501583190522
 20
1361.278717393058
 30
0.0
 40
3.457904140062643
 41
85.98799531389934
 46
0.0
 71
     1
 72
     5
  1
\pxqc;OVER CURRENT RELAY
 73
     1
 44
1.0
101
Embedded Object
 70
     1
 10
1.0
 20
0.0
 30
0.0
 11
1671.501583190522
 21
1361.278717393058
 31
0.0
 40
85.98799531389934
 41
0.0
 42
55.55998091348947
 43
3.578199577404522
 71
     2
 72
     1
 44
85.98799531389934
 45
17.28952070031322
 73
     0
 74
     0
 46
0.0
  0
MTEXT
  5
F27
102
{ACAD_REACTORS
330
F98
102
}
330
1F
100
AcDbEntity
  8
0
100
AcDbMText
 10
1671.501583190522
 20
1330.804221366098
 30
0.0
 40
3.457904140062643
 41
85.98799531389934
 46
0.0
 71
     1
 72
     5
  1
\pxqc;GROUND FAULT RELAY
 73
     1
 44
1.0
101
Embedded Object
 70
     1
 10
1.0
 20
0.0
 30
0.0
 11
1671.501583190522
 21
1330.804221366098
 31
0.0
 40
85.98799531389934
 41
0.0
 42
54.99860220589404
 43
3.578199577404522
 71
     2
 72
     1
 44
85.98799531389934
 45
17.28952070031322
 73
     0
 74
     0
 46
0.0
  0
MTEXT
  5
F28
102
{ACAD_REACTORS
330
F98
102
}
330
1F
100
AcDbEntity
  8
0
100
AcDbMText
 10
1679.228205965153
 20
1294.645946351007
 30
0.0
 40
3.457904140062643
 41
85.98799531389934
 46
0.0
 71
     1
 72
     5
  1
\pxqc;GROUND OVERCURRENT RELAY
 73
     1
 44
1.0
101
Embedded Object
 70
     1
 10
1.0
 20
0.0
 30
0.0
 11
1679.228205965153
 21
1294.645946351007
 31
0.0
 40
85.98799531389934
 41
0.0
 42
77.00559103726134
 43
3.578199577404522
 71
     2
 72
     1
 44
85.98799531389934
 45
17.28952070031322
 73
     0
 74
     0
 46
0.0
  0
MTEXT
  5
F29
102
{ACAD_REACTORS
330
F98
102
}
330
1F
100
AcDbEntity
  8
0
100
AcDbMText
 10
1671.501583190522
 20
1268.316569064046
 30
0.0
 40
3.457904140062643
 41
85.98799531389934
 46
0.0
 71
     1
 72
     5
  1
\pxqc;THERMAL RELAY
 73
     1
 44
1.0
101
Embedded Object
 70
     1
 10
1.0
 20
0.0
 30
0.0
 11
1671.501583190522
 21
1268.316569064046
 31
0.0
 40
85.98799531389934
 41
0.0
 42
40.1149902524184
 43
3.46026287412817
 71
     2
 72
     1
 44
85.98799531389934
 45
17.28952070031322
 73
     0
 74
     0
 46
0.0
  0
MTEXT
  5
F2A
102
{ACAD_REACTORS
330
F98
102
}
330
1F
100
AcDbEntity
  8
0
100
AcDbMText
 10
1671.501583190522
 20
1237.612450812983
 30
0.0
 40
3.457904140062643
 41
85.98799531389934
 46
0.0
 71
     1
 72
     5
  1
\pxqc;GROUND
 73
     1
 44
1.0
101
Embedded Object
 70
     1
 10
1.0
 20
0.0
 30
0.0
 11
1671.501583190522
 21
1237.612450812983
 31
0.0
 40
85.98799531389934
 41
0.0
 42
20.95499343814224
 43
3.578199577404522
 71
     2
 72
     1
 44
85.98799531389934
 45
17.28952070031322
 73
     0
 74
     0
 46
0.0
  0
MTEXT
  5
F2B
102
{ACAD_REACTORS
330
F98
102
}
330
1F
100
AcDbEntity
  8
0
100
AcDbMText
 10
1671.501583190522
 20
1209.900357792201
 30
0.0
 40
3.457904140062643
 41
85.98799531389934
 46
0.0
 71
     1
 72
     5
  1
\pxqc;CURRENT TRANSFORMER
 73
     1
 44
1.0
101
Embedded Object
 70
     1
 10
1.0
 20
0.0
 30
0.0
 11
1671.501583190522
 21
1209.900357792201
 31
0.0
 40
85.98799531389934
 41
0.0
 42
61.95922643326434
 43
3.578199577404522
 71
     2
 72
     1
 44
85.98799531389934
 45
17.28952070031322
 73
     0
 74
     0
 46
0.0
  0
MTEXT
  5
F2C
102
{ACAD_REACTORS
330
F98
102
}
330
1F
100
AcDbEntity
  8
0
100
AcDbMText
 10
1670.311740200637
 20
1177.405163206737
 30
0.0
 40
3.457904140062643
 41
85.98799531389934
 46
0.0
 71
     1
 72
     5
  1
\pxqc;LUMP LOAD
 73
     1
 44
1.0
101
Embedded Object
 70
     1
 10
1.0
 20
0.0
 30
0.0
 11
1670.311740200637
 21
1177.405163206737
 31
0.0
 40
85.98799531389934
 41
0.0
 42
27.30706427660657
 43
3.578199577404522
 71
     2
 72
     1
 44
85.98799531389934
 45
17.28952070031322
 73
     0
 74
     0
 46
0.0
  0
HATCH
  5
F2D
102
{ACAD_REACTORS
330
F98
102
}
330
1F
100
AcDbEntity
  8
0
100
AcDbHatch
 10
0.0
 20
0.0
 30
0.0
210
0.0
220
0.0
230
1.0
  2
SOLID
 70
     1
 71
     0
 91
        1
 92
        7
 72
     0
 73
     1
 93
        4
 10
1648.029265177295
 20
1560.131260988355
 10
1672.40281417136
 20
1560.131260988355
 10
1672.40281417136
 20
1562.076991721452
 10
1648.029265177295
 20
1562.076991721452
 97
        0
 75
     1
 76
     1
 47
0.0851111690504572
 98
        1
 10
1609.946591030576
 20
1560.524764726708
450
        0
451
        0
460
0.0
461
0.0
452
        0
462
0.0
453
        2
463
0.0
 63
     5
421
      255
463
1.0
 63
     2
421
 16776960
470
LINEAR
1001
GradientColor1ACI
1070
     5
1001
GradientColor2ACI
1070
     2
1001
ACAD
1010
0.0
1020
0.0
1030
0.0
  0
LWPOLYLINE
  5
F2E
102
{ACAD_REACTORS
330
F98
102
}
330
1F
100
AcDbEntity
  8
0
370
    53
100
AcDbPolyline
 90
        4
 70
     1
 43
0.0
 39
24.79567666480364
 10
1648.029265177295
 20
1562.076991721452
 10
1672.40281417136
 20
1562.076991721452
 10
1672.40281417136
 20
1560.131260988355
 10
1648.029265177295
 20
1560.131260988355
  0
MTEXT
  5
F2F
102
{ACAD_REACTORS
330
F98
102
}
330
1F
100
AcDbEntity
  8
0
100
AcDbMText
 10
1671.501583190522
 20
1562.185826321263
 30
0.0
 40
3.457904140062643
 41
85.98799531389934
 46
0.0
 71
     1
 72
     5
  1
\pxqc;BUSBAR
 73
     1
 44
1.0
101
Embedded Object
 70
     1
 10
1.0
 20
0.0
 30
0.0
 11
1671.501583190522
 21
1562.185826321263
 31
0.0
 40
85.98799531389934
 41
0.0
 42
19.45012110433599
 43
3.575840843338995
 71
     2
 72
     1
 44
85.98799531389934
 45
17.28952070031322
 73
     0
 74
     0
 46
0.0
  0
LWPOLYLINE
  5
F30
102
{ACAD_REACTORS
330
F98
102
}
330
1F
100
AcDbEntity
  8
0
100
AcDbPolyline
 90
        4
 70
     1
 43
0.0
 10
1649.139864579246
 20
1272.114123493844
 10
1673.985896253325
 20
1272.114123493844
 10
1673.985896253325
 20
1259.644978860609
 10
1649.139864579246
 20
1259.644978860609
  0
LINE
  5
F31
102
{ACAD_REACTORS
330
F98
102
}
330
1F
100
AcDbEntity
  8
0
100
AcDbLine
 10
1661.454584913847
 20
1268.8459333509
 30
0.0
 11
1669.273743535167
 21
1268.8459333509
 31
0.0
  0
LINE
  5
F32
102
{ACAD_REACTORS
330
F98
102
}
330
1F
100
AcDbEntity
  8
0
100
AcDbLine
 10
1669.273743535167
 20
1268.8459333509
 30
0.0
 11
1669.273743535167
 21
1261.711836241777
 31
0.0
  0
LINE
  5
F33
102
{ACAD_REACTORS
330
F98
102
}
330
1F
100
AcDbEntity
  8
0
100
AcDbLine
 10
1669.273743535167
 20
1261.711836241777
 30
0.0
 11
1661.11462664335
 21
1261.711836241777
 31
0.0
  0
LINE
  5
F34
102
{ACAD_REACTORS
330
F98
102
}
330
1F
100
AcDbEntity
  8
0
100
AcDbLine
 10
1661.11462664335
 20
1261.711836241777
 30
0.0
 11
1661.11462664335
 21
1253.558581686169
 31
0.0
  0
LINE
  5
F35
102
{ACAD_REACTORS
330
F98
102
}
330
1F
100
AcDbEntity
  8
0
100
AcDbLine
 10
1661.454584913847
 20
1268.8459333509
 30
0.0
 11
1661.454584913847
 21
1277.015460636159
 31
0.0
  0
LWPOLYLINE
  5
F36
102
{ACAD_REACTORS
330
F98
102
}
330
1F
100
AcDbEntity
  8
0
100
AcDbPolyline
 90
        2
 70
     0
 43
0.0
 10
1667.283664637026
 20
1202.308400363605
 10
1658.074996866283
 20
1202.308400363605
  0
ARC
  5
F37
102
{ACAD_REACTORS
330
F98
102
}
330
1F
100
AcDbEntity
  8
0
100
AcDbCircle
 10
1658.457922359434
 20
1205.193167240781
 30
0.0
 40
2.910070767003844
100
AcDbArc
 50
97.56126910338981
 51
262.4387308966102
  0
LWPOLYLINE
  5
F38
102
{ACAD_REACTORS
330
F98
102
}
330
1F
100
AcDbEntity
  8
0
100
AcDbPolyline
 90
        2
 70
     0
 43
0.0
 10
1658.074996866283
 20
1213.847473373316
 10
1667.283664637026
 20
1213.847473373316
  0
ARC
  5
F39
102
{ACAD_REACTORS
330
F98
102
}
330
1F
100
AcDbEntity
  8
0
100
AcDbCircle
 10
1658.457922359434
 20
1210.962706496135
 30
0.0
 40
2.910070767003844
100
AcDbArc
 50
97.56126910338981
 51
262.4387308966102
  0
LINE
  5
F3A
102
{ACAD_REACTORS
330
F98
102
}
330
1F
100
AcDbEntity
  8
0
100
AcDbLine
 10
1660.236287066688
 20
1469.281864143059
 30
0.0
 11
1665.001115606141
 21
1464.517035603605
 31
0.0
  0
LINE
  5
F3B
102
{ACAD_REACTORS
330
F98
102
}
330
1F
100
AcDbEntity
  8
0
100
AcDbLine
 10
1665.001115606141
 20
1469.281864143059
 30
0.0
 11
1660.236287066688
 21
1464.517035603605
 31
0.0
  0
LINE
  5
F3C
102
{ACAD_REACTORS
330
F98
102
}
330
1F
100
AcDbEntity
  8
0
100
AcDbLine
 10
1662.61870133641
 20
1446.478756132806
 30
0.0
 11
1662.61870133641
 21
1450.222549985236
 31
0.0
  0
LINE
  5
F3D
102
{ACAD_REACTORS
330
F98
102
}
330
1F
100
AcDbEntity
  8
0
100
AcDbLine
 10
1662.61870133641
 20
1450.222549985236
 30
0.0
 11
1656.289918735491
 21
1463.794668071303
 31
0.0
  0
CIRCLE
  5
F3E
102
{ACAD_REACTORS
330
F98
102
}
330
1F
100
AcDbEntity
  8
0
100
AcDbCircle
 10
1661.414255146537
 20
1489.682524129774
 30
0.0
 40
8.274663314363916
  0
CIRCLE
  5
F3F
102
{ACAD_REACTORS
330
F98
102
}
330
1F
100
AcDbEntity
  8
0
100
AcDbCircle
 10
1661.375608647182
 20
1501.384601397524
 30
0.0
 40
8.274663314363916
  0
LWPOLYLINE
  5
F40
102
{ACAD_REACTORS
330
F98
102
}
330
1F
100
AcDbEntity
  8
0
100
AcDbPolyline
 90
        4
 70
     1
 43
0.0
 10
1648.520155268412
 20
1400.839742653788
 10
1675.109091987125
 20
1400.839742653788
 10
1675.109091987125
 20
1382.772277394364
 10
1648.520155268412
 20
1382.772277394364
  0
MTEXT
  5
F41
102
{ACAD_REACTORS
330
F98
102
}
330
1F
100
AcDbEntity
  8
0
100
AcDbMText
 10
1657.393958440966
 20
1394.891345909801
 30
0.0
 40
5.354342327738901
 41
17.5362560910545
 46
0.0
 71
     1
 72
     5
  1
{\fArial|b0|i1|c0|p34;I\H0.50195x;d  \H1.99229x;>}
 73
     1
 44
1.0
101
Embedded Object
 70
     1
 10
1.0
 20
0.0
 30
0.0
 11
1657.393958440966
 21
1394.891345909801
 31
0.0
 40
17.5362560910545
 41
0.0
 42
10.22648252038548
 43
5.398501880482972
 71
     2
 72
     1
 44
17.5362560910545
 45
26.77171163869451
 73
     0
 74
     0
 46
0.0
  0
LWPOLYLINE
  5
F42
102
{ACAD_REACTORS
330
F98
102
}
330
1F
100
AcDbEntity
  8
0
100
AcDbPolyline
 90
        4
 70
     1
 43
0.0
 10
1649.292949681438
 20
1367.852525920218
 10
1675.881886400151
 20
1367.852525920218
 10
1675.881886400151
 20
1349.785060660795
 10
1649.292949681438
 20
1349.785060660795
  0
MTEXT
  5
F43
102
{ACAD_REACTORS
330
F98
102
}
330
1F
100
AcDbEntity
  8
0
100
AcDbMText
 10
1657.635799474238
 20
1364.422033114809
 30
0.0
 40
5.354342327738901
 41
20.58914249751466
 46
0.0
 71
     1
 72
     5
  1
{\fArial|b0|i1|c0|p34;I\H0.50195x;   \H1.99229x;>}
 73
     1
 44
1.0
101
Embedded Object
 70
     1
 10
1.0
 20
0.0
 30
0.0
 11
1657.635799474238
 21
1364.422033114809
 31
0.0
 40
20.58914249751466
 41
0.0
 42
9.181503724408077
 43
5.354502773283924
 71
     2
 72
     1
 44
20.58914249751466
 45
26.77171163869451
 73
     0
 74
     0
 46
0.0
  0
LINE
  5
F44
102
{ACAD_REACTORS
330
F98
102
}
330
1F
100
AcDbEntity
  8
0
100
AcDbLine
 10
1653.751150859106
 20
1357.177632824548
 30
0.0
 11
1653.751150859106
 21
1355.032376401532
 31
0.0
  0
LINE
  5
F45
102
{ACAD_REACTORS
330
F98
102
}
330
1F
100
AcDbEntity
  8
0
100
AcDbLine
 10
1671.600262458675
 20
1357.177632824548
 30
0.0
 11
1671.600262458675
 21
1355.032376401532
 31
0.0
  0
LINE
  5
F46
102
{ACAD_REACTORS
330
F98
102
}
330
1F
100
AcDbEntity
  8
0
100
AcDbLine
 10
1653.751150859106
 20
1356.105004613042
 30
0.0
 11
1671.60026245867
 21
1356.105004613042
 31
0.0
  0
LINE
  5
F47
102
{ACAD_REACTORS
330
F98
102
}
330
1F
100
AcDbEntity
  8
0
100
AcDbLine
 10
1659.76219302553
 20
1357.484095878012
 30
0.0
 11
1666.202596115535
 21
1354.725913348068
 31
0.0
  0
LWPOLYLINE
  5
F48
102
{ACAD_REACTORS
330
F98
102
}
330
1F
100
AcDbEntity
  8
0
100
AcDbPolyline
 90
        4
 70
     1
 43
0.0
 10
1649.126826476917
 20
1337.906595972415
 10
1675.71576319563
 20
1337.906595972415
 10
1675.71576319563
 20
1319.839130712991
 10
1649.126826476917
 20
1319.839130712991
  0
MTEXT
  5
F49
102
{ACAD_REACTORS
330
F98
102
}
330
1F
100
AcDbEntity
  8
0
100
AcDbMText
 10
1652.972478251731
 20
1332.184887214828
 30
0.0
 40
5.354342327738901
 41
20.58914249751466
 46
0.0
 71
     1
 72
     5
  1
{\fArial|b0|i1|c0|p34;I\H0.50195x;            \H1.99229x;>}
 73
     1
 44
1.0
101
Embedded Object
 70
     1
 10
1.0
 20
0.0
 30
0.0
 11
1652.972478251731
 21
1332.184887214828
 31
0.0
 40
20.58914249751466
 41
0.0
 42
18.56981322300503
 43
5.354502773283924
 71
     2
 72
     1
 44
20.58914249751466
 45
26.77171163869451
 73
     0
 74
     0
 46
0.0
  0
LWPOLYLINE
  5
F4A
102
{ACAD_REACTORS
330
F98
102
}
330
1F
100
AcDbEntity
  8
0
100
AcDbPolyline
 90
        2
 70
     0
 43
0.0
 10
1665.06063695333
 20
1327.099767846471
 10
1658.607232426481
 20
1327.15373061716
  0
LINE
  5
F4B
102
{ACAD_REACTORS
330
F98
102
}
330
1F
100
AcDbEntity
  8
0
100
AcDbLine
 10
1660.416305274208
 20
1323.958926083247
 30
0.0
 11
1663.215783378459
 21
1323.958926083247
 31
0.0
  0
LINE
  5
F4C
102
{ACAD_REACTORS
330
F98
102
}
330
1F
100
AcDbEntity
  8
0
100
AcDbLine
 10
1659.526781208097
 20
1325.528218893187
 30
0.0
 11
1664.138827342875
 21
1325.528218893187
 31
0.0
  0
LINE
  5
F4D
102
{ACAD_REACTORS
330
F98
102
}
330
1F
100
AcDbEntity
  8
0
100
AcDbLine
 10
1661.833934689906
 20
1327.126749231814
 30
0.0
 11
1661.875707409294
 21
1332.122346250725
 31
0.0
  0
LWPOLYLINE
  5
F4E
102
{ACAD_REACTORS
330
F98
102
}
330
1F
100
AcDbEntity
  8
0
100
AcDbPolyline
 90
        4
 70
     1
 43
0.0
 10
1649.526020069045
 20
1303.912173719415
 10
1676.114956787758
 20
1303.912173719415
 10
1676.114956787758
 20
1285.844708459992
 10
1649.526020069045
 20
1285.844708459992
  0
MTEXT
  5
F4F
102
{ACAD_REACTORS
330
F98
102
}
330
1F
100
AcDbEntity
  8
0
100
AcDbMText
 10
1653.870248005748
 20
1301.461905094849
 30
0.0
 40
5.354342327738901
 41
20.58914249751466
 46
0.0
 71
     1
 72
     5
  1
{\fArial|b0|i1|c0|p34;I\H0.50195x;            \H1.99229x;>}
 73
     1
 44
1.0
101
Embedded Object
 70
     1
 10
1.0
 20
0.0
 30
0.0
 11
1653.870248005748
 21
1301.461905094849
 31
0.0
 40
20.58914249751466
 41
0.0
 42
18.56981322300503
 43
5.354502773283924
 71
     2
 72
     1
 44
20.58914249751466
 45
26.77171163869451
 73
     0
 74
     0
 46
0.0
  0
LWPOLYLINE
  5
F50
102
{ACAD_REACTORS
330
F98
102
}
330
1F
100
AcDbEntity
  8
0
100
AcDbPolyline
 90
        2
 70
     0
 43
0.0
 10
1665.958406707349
 20
1296.376785726492
 10
1659.505002180498
 20
1296.430748497181
  0
LINE
  5
F51
102
{ACAD_REACTORS
330
F98
102
}
330
1F
100
AcDbEntity
  8
0
100
AcDbLine
 10
1661.314075028226
 20
1293.235943963268
 30
0.0
 11
1664.113553132477
 21
1293.235943963268
 31
0.0
  0
LINE
  5
F52
102
{ACAD_REACTORS
330
F98
102
}
330
1F
100
AcDbEntity
  8
0
100
AcDbLine
 10
1660.424550962115
 20
1294.805236773209
 30
0.0
 11
1665.036597096893
 21
1294.805236773209
 31
0.0
  0
LINE
  5
F53
102
{ACAD_REACTORS
330
F98
102
}
330
1F
100
AcDbEntity
  8
0
100
AcDbLine
 10
1662.731704443924
 20
1296.403767111837
 30
0.0
 11
1662.773477163312
 21
1301.399364130747
 31
0.0
  0
LINE
  5
F54
102
{ACAD_REACTORS
330
F98
102
}
330
1F
100
AcDbEntity
  8
0
100
AcDbLine
 10
1654.062553039744
 20
1290.918713000966
 30
0.0
 11
1654.062553039744
 21
1288.773456577951
 31
0.0
  0
LINE
  5
F55
102
{ACAD_REACTORS
330
F98
102
}
330
1F
100
AcDbEntity
  8
0
100
AcDbLine
 10
1671.911664639312
 20
1290.918713000966
 30
0.0
 11
1671.911664639312
 21
1288.773456577951
 31
0.0
  0
LINE
  5
F56
102
{ACAD_REACTORS
330
F98
102
}
330
1F
100
AcDbEntity
  8
0
100
AcDbLine
 10
1654.062553039744
 20
1289.846084789461
 30
0.0
 11
1671.911664639308
 21
1289.846084789461
 31
0.0
  0
LINE
  5
F57
102
{ACAD_REACTORS
330
F98
102
}
330
1F
100
AcDbEntity
  8
0
100
AcDbLine
 10
1660.073595206167
 20
1291.225176054431
 30
0.0
 11
1666.513998296172
 21
1288.466993524486
 31
0.0
  0
MTEXT
  5
F58
330
1F
100
AcDbEntity
  8
DOOR WINDOW 1 300
 62
     7
440
 33554687
370
     9
100
AcDbMText
 10
1642.361496936716
 20
1616.809041533477
 30
0.0
 40
6.553639614625748
 41
122.7003388574376
 46
0.0
 71
     1
 72
     5
  1
Ahmad Farel Desadvi Akbar\P     22/494867/TK/54326
 73
     1
 44
1.0
101
Embedded Object
 70
     1
 10
1.0
 20
0.0
 30
0.0
 11
1642.361496936716
 21
1616.809041533477
 31
0.0
 40
122.7003388574376
 41
0.0
 42
114.6171664934444
 43
17.70436386115701
 71
     2
 72
     1
 44
122.7003388574376
 45
32.76819807312874
 73
     0
 74
     0
 46
0.0
  0
LWPOLYLINE
  5
F59
330
1F
100
AcDbEntity
  8
DOOR WINDOW 1 300
 62
     7
440
 33554687
370
    30
100
AcDbPolyline
 90
        4
 70
     1
 43
0.0
 10
706.4526689800937
 20
1800.203863900662
 10
1807.464124237214
 20
1800.203863900662
 10
1807.464124237214
 20
1021.631477683104
 10
706.4526689800937
 20
1021.631477683104
  0
LWPOLYLINE
  5
F5A
330
1F
100
AcDbEntity
  8
DOOR WINDOW 1 300
 62
     7
440
 33554687
370
    30
100
AcDbPolyline
 90
        4
 70
     1
 43
0.0
 10
758.8817858970896
 20
1773.989305442144
 10
1781.24956577873
 20
1773.989305442144
 10
1781.24956577873
 20
1047.846036141582
 10
758.8817858970896
 20
1047.846036141582
  0
LINE
  5
F5B
330
1F
100
AcDbEntity
  8
DOOR WINDOW 1 300
 62
     7
440
 33554687
370
    30
100
AcDbLine
 10
1623.962215027706
 20
1773.989305442144
 30
0.0
 11
1623.962215027706
 21
1047.846036141582
 31
0.0
  0
TEXT
  5
F5C
330
1F
100
AcDbEntity
  8
DOOR WINDOW 1 300
 62
     0
440
 33554687
100
AcDbText
 10
1663.94288640541
 20
1142.597486767839
 30
0.0
 40
4.514776115968504
  1
JUDUL
100
AcDbText
  0
TEXT
  5
F5E
330
1F
100
AcDbEntity
  8
DOOR WINDOW 1 300
 62
     7
440
 33554687
100
AcDbText
 10
1745.996576986271
 20
1089.240062350578
 30
0.0
 40
4.514776115968504
  1
DATE
100
AcDbText
  0
TEXT
  5
F5F
330
1F
100
AcDbEntity
  8
DOOR WINDOW 1 300
 62
     7
440
 33554687
100
AcDbText
 10
1744.721238416759
 20
1142.952990418507
 30
0.0
 40
4.514776115968504
  1
SKALA
100
AcDbText
  0
TEXT
  5
F60
330
1F
100
AcDbEntity
  8
DOOR WINDOW 1 300
 62
     7
440
 33554687
100
AcDbText
 10
1643.897313582448
 20
1716.312459247393
 30
0.0
 40
6.113808233781938
  1
GADJAH MADA UNIVERSITY
100
AcDbText
  0
TEXT
  5
F61
330
1F
100
AcDbEntity
  8
DOOR WINDOW 1 300
 62
     7
440
 33554687
100
AcDbText
 10
1667.208271810257
 20
1708.771775880537
 30
0.0
 40
3.668284940269163
  1
FACULTY OF ENGINEERING
100
AcDbText
  0
TEXT
  5
F62
330
1F
100
AcDbEntity
  8
DOOR WINDOW 1 300
 62
     7
440
 33554687
100
AcDbText
 10
1663.4111220065
 20
1682.234963448415
 30
0.0
 40
5.242911691700599
  1
Ujian Tengah Semester
100
AcDbText
  0
TEXT
  5
F63
330
1F
100
AcDbEntity
  8
DOOR WINDOW 1 300
 62
     7
440
 33554687
100
AcDbText
 10
1632.788060044669
 20
1671.252345845695
 30
0.0
 40
6.113759323692057
  1
Perancangan Sistem Listrik Industri
100
AcDbText
  0
LINE
  5
F64
330
1F
100
AcDbEntity
  8
DOOR WINDOW 1 300
 62
     7
440
 33554687
100
AcDbLine
 10
1728.820448861734
 20
1083.908586928864
 30
0.0
 11
1781.24956577873
 21
1083.908586928864
 31
0.0
  0
LINE
  5
F65
330
1F
100
AcDbEntity
  8
DOOR WINDOW 1 300
 62
     7
440
 33554687
100
AcDbLine
 10
1728.820448861734
 20
1097.015866158124
 30
0.0
 11
1781.24956577873
 21
1097.015866158124
 31
0.0
  0
LINE
  5
F67
330
1F
100
AcDbEntity
  8
DOOR WINDOW 1 300
 62
     7
440
 33554687
100
AcDbLine
 10
1623.962215027706
 20
1624.566322228658
 30
0.0
 11
1781.24956577873
 21
1624.566322228658
 31
0.0
  0
LINE
  5
F69
330
1F
100
AcDbEntity
  8
DOOR WINDOW 1 300
 62
     7
440
 33554687
100
AcDbLine
 10
1623.962215027706
 20
1695.345630066635
 30
0.0
 11
1781.24956577873
 21
1695.345630066635
 31
0.0
  0
LINE
  5
F6A
330
1F
100
AcDbEntity
  8
DOOR WINDOW 1 300
 62
     7
440
 33554687
100
AcDbLine
 10
1623.962215027706
 20
1640.29505730381
 30
0.0
 11
1781.24956577873
 21
1640.29505730381
 31
0.0
  0
LINE
  5
F6B
330
1F
100
AcDbEntity
  8
DOOR WINDOW 1 300
 62
     7
440
 33554687
100
AcDbLine
 10
1623.962215027706
 20
1656.023792378892
 30
0.0
 11
1781.24956577873
 21
1656.023792378892
 31
0.0
  0
LINE
  5
F6C
330
1F
100
AcDbEntity
  8
DOOR WINDOW 1 300
 62
     7
440
 33554687
100
AcDbLine
 10
1623.962215027706
 20
1624.566322228658
 30
0.0
 11
1781.24956577873
 21
1624.566322228658
 31
0.0
  0
LINE
  5
F6D
330
1F
100
AcDbEntity
  8
DOOR WINDOW 1 300
 62
     7
440
 33554687
100
AcDbLine
 10
1623.962215027706
 20
1140.920310101813
 30
0.0
 11
1778.925172094788
 21
1140.920310101813
 31
0.0
  0
LINE
  5
F6E
330
1F
100
AcDbEntity
  8
DOOR WINDOW 1 300
 62
     7
440
 33554687
100
AcDbLine
 10
1680.158492539555
 20
1727.534989159853
 30
0.0
 11
1680.158492539555
 21
1765.626920925829
 31
0.0
1001
ACAD
1000
OLEBEGIN
1070
    70
1070
     1
1070
    71
1070
     1
1070
    40
1040
0.0
1070
    41
1040
29.08555843465729
1070
    42
1040
30.77078868793615
1070
    72
1070
     0
1070
     3
1000

1070
    90
1071
        0
1070
    43
1040
0.0
1070
     4
1000

1070
    91
1071
        0
1070
    44
1040
0.0
1000
OLEEND
  0
LINE
  5
F6F
330
1F
100
AcDbEntity
  8
DOOR WINDOW 1 300
 62
     7
440
 33554687
100
AcDbLine
 10
1718.281746133633
 20
1765.626920925829
 30
0.0
 11
1718.281746133633
 21
1727.534989159853
 31
0.0
1001
ACAD
1000
OLEBEGIN
1070
    70
1070
     1
1070
    71
1070
     1
1070
    40
1040
0.0
1070
    41
1040
29.08555843465729
1070
    42
1040
30.77078868793615
1070
    72
1070
     0
1070
     3
1000

1070
    90
1071
        0
1070
    43
1040
0.0
1070
     4
1000

1070
    91
1071
        0
1070
    44
1040
0.0
1000
OLEEND
  0
LINE
  5
F70
330
1F
100
AcDbEntity
  8
DOOR WINDOW 1 300
 62
     7
440
 33554687
100
AcDbLine
 10
1718.281746133633
 20
1727.534989159853
 30
0.0
 11
1680.158492539555
 21
1727.534989159853
 31
0.0
1001
ACAD
1000
OLEBEGIN
1070
    70
1070
     1
1070
    71
1070
     1
1070
    40
1040
0.0
1070
    41
1040
29.08555843465729
1070
    42
1040
30.77078868793615
1070
    72
1070
     0
1070
     3
1000

1070
    90
1071
        0
1070
    43
1040
0.0
1070
     4
1000

1070
    91
1071
        0
1070
    44
1040
0.0
1000
OLEEND
  0
LINE
  5
F72
330
1F
100
AcDbEntity
  8
DOOR WINDOW 1 300
 62
     7
440
 33554687
100
AcDbLine
 10
1728.820448861734
 20
1148.82331942931
 30
0.0
 11
1728.820448861734
 21
1100.275153058613
 31
0.0
  0
LINE
  5
F73
330
1F
100
AcDbEntity
  8
DOOR WINDOW 1 300
 62
     7
440
 33554687
100
AcDbLine
 10
1623.962215027706
 20
1148.82331942931
 30
0.0
 11
1781.24956577873
 21
1148.82331942931
 31
0.0
  0
LINE
  5
F74
330
1F
100
AcDbEntity
  8
DOOR WINDOW 1 300
 62
     7
440
 33554687
100
AcDbLine
 10
1728.820448861734
 20
1083.908586928864
 30
0.0
 11
1781.24956577873
 21
1083.908586928864
 31
0.0
  0
LINE
  5
F75
330
1F
100
AcDbEntity
  8
DOOR WINDOW 1 300
 62
     7
440
 33554687
100
AcDbLine
 10
1728.820448861734
 20
1097.015866158124
 30
0.0
 11
1781.24956577873
 21
1097.015866158124
 31
0.0
  0
LINE
  5
F77
330
1F
100
AcDbEntity
  8
DOOR WINDOW 1 300
 62
     7
440
 33554687
100
AcDbLine
 10
1623.962215027706
 20
1695.345630066635
 30
0.0
 11
1781.24956577873
 21
1695.345630066635
 31
0.0
  0
LINE
  5
F78
330
1F
100
AcDbEntity
  8
DOOR WINDOW 1 300
 62
     7
440
 33554687
100
AcDbLine
 10
1623.962215027706
 20
1656.023792378892
 30
0.0
 11
1781.24956577873
 21
1656.023792378892
 31
0.0
  0
LINE
  5
F79
330
1F
100
AcDbEntity
  8
DOOR WINDOW 1 300
 62
     7
440
 33554687
100
AcDbLine
 10
1623.962215027706
 20
1640.29505730381
 30
0.0
 11
1781.24956577873
 21
1640.29505730381
 31
0.0
  0
LINE
  5
F7A
330
1F
100
AcDbEntity
  8
DOOR WINDOW 1 300
 62
     7
440
 33554687
100
AcDbLine
 10
1728.820448861734
 20
1148.82331942931
 30
0.0
 11
1728.820448861734
 21
1047.846036141582
 31
0.0
  0
OLE2FRAME
  5
F7B
330
1F
100
AcDbEntity
  8
DOOR WINDOW 1 300
 62
     7
440
 33554687
100
AcDbOle2Frame
 70
     2
  1
OLE
1001
ACAD
1000
OLEBEGIN
1070
    70
1070
     1
1070
    71
1070
     1
1070
    40
1040
0.0
1070
    41
1040
23.76899706723998
1070
    42
1040
23.74946860704586
1070
    72
1070
     0
1070
     3
1000

1070
    90
1071
        0
1070
    43
1040
0.0
1070
     4
1000

1070
    91
1071
        0
1070
    44
1040
0.0
1000
OLEEND
  0
LINE
  5
F7C
330
1F
100
AcDbEntity
  8
DOOR WINDOW 1 300
 62
     7
440
 33554687
100
AcDbLine
 10
1623.962215027706
 20
1695.345630066635
 30
0.0
 11
1781.24956577873
 21
1695.345630066635
 31
0.0
  0
TEXT
  5
F7D
330
1F
100
AcDbEntity
  8
DOOR WINDOW 1 300
 62
     7
440
 33554687
100
AcDbText
 10
1690.890286066267
 20
1629.624923311608
 30
0.0
 40
6.553639614625739
  1
NAME
100
AcDbText
  0
TEXT
  5
F7E
330
1F
100
AcDbEntity
  8
DOOR WINDOW 1 300
 62
     7
440
 33554687
100
AcDbText
 10
1636.63435622205
 20
1645.378316376914
 30
0.0
 40
6.553639614625739
  1
UNIVERSITAS GADJAH MADA
100
AcDbText
  0
MTEXT
  5
F7F
102
{ACAD_XDICTIONARY
360
F80
102
}
330
1F
100
AcDbEntity
  8
DOOR WINDOW 1 300
 62
     7
440
 33554687
100
AcDbMText
 10
1728.820448861734
 20
1067.852169873052
 30
0.0
 40
5.898275653163174
 41
52.68668401217441
 46
8.257585914428444
 71
     1
 72
     5
  1
\pxqc;21/10/2025
  7
750 judulskala150)
 73
     1
 44
1.0
1001
AcDbBlockRepETag
1070
     1
1071
       67
1005
0
  0
MTEXT
  5
F81
102
{ACAD_XDICTIONARY
360
F82
102
}
330
1F
100
AcDbEntity
  8
DOOR WINDOW 1 300
 62
     7
440
 33554687
100
AcDbMText
 10
1323.707490867072
 20
1084.882097331118
 30
0.0
 40
10.48598505016215
 41
304.7988895136885
 46
21.19749400123437
 71
     1
 72
     5
  1
\pxqc;SLD Pabrik Gula Standar IEC 60617 
  7
750 judulskala150)
 73
     1
 44
1.0
1001
AcDbBlockRepETag
1070
     1
1071
       67
1005
0
  0
LINE
  5
F83
330
1F
100
AcDbEntity
  8
DOOR WINDOW 1 300
 62
     7
100
AcDbLine
 10
1356.094921117276
 20
1070.617506612094
 30
0.0
 11
1601.164339790757
 21
1070.617506612094
 31
0.0
  0
MTEXT
  5
F84
102
{ACAD_XDICTIONARY
360
F85
102
}
330
1F
100
AcDbEntity
  8
DOOR WINDOW 1 300
 62
     7
440
 33554687
100
AcDbMText
 10
1625.835141746981
 20
1107.033822329271
 30
0.0
 40
7.08136894398111
 41
100.6971722799473
 46
14.31503811921281
 71
     1
 72
     5
  1
\pxqc;SLD Pabrik Gula Standar IEC 60617
  7
750 judulskala150)
 73
     1
 44
1.0
1001
AcDbBlockRepETag
1070
     1
1071
       67
1005
0
  0
LINE
  5
F88
330
1F
100
AcDbEntity
  8
DOOR WINDOW 1 300
 62
     7
440
 33554687
100
AcDbLine
 10
1623.962215027706
 20
1589.326711598547
 30
0.0
 11
1781.24956577873
 21
1589.326711598547
 31
0.0
  0
ENDSEC
  0
SECTION
  2
OBJECTS
  0
DICTIONARY
  5
C
330
0
100
AcDbDictionary
281
     1
  3
ACAD_CIP_PREVIOUS_PRODUCT_INFO
350
1A5
  3
ACAD_COLOR
350
73
  3
ACAD_DETAILVIEWSTYLE
350
1AB
  3
ACAD_GROUP
350
D
  3
ACAD_LAST_SAVED_VERSION_INFO
350
705
  3
ACAD_LAYOUT
350
1A
  3
ACAD_MATERIAL
350
72
  3
ACAD_MLEADERSTYLE
350
D7
  3
ACAD_MLINESTYLE
350
17
  3
ACAD_PLOTSETTINGS
350
19
  3
ACAD_PLOTSTYLENAME
350
E
  3
ACAD_SCALELIST
350
B6
  3
ACAD_SECTIONVIEWSTYLE
350
1A8
  3
ACAD_TABLESTYLE
350
86
  3
ACAD_VISUALSTYLE
350
99
  3
ACDB_RECOMPOSE_DATA
350
10F6
  3
AcDbVariableDictionary
350
66
  0
DICTIONARY
  5
18E
330
2
100
AcDbDictionary
280
     1
281
     1
  3
ACAD_LAYERSTATES
360
18F
  0
DICTIONARY
  5
E6
330
10
100
AcDbDictionary
280
     1
281
     1
  0
DICTIONARY
  5
15D
330
1F
100
AcDbDictionary
280
     1
281
     1
  0
DICTIONARY
  5
A58
330
A56
100
AcDbDictionary
280
     1
281
     1
  0
DICTIONARY
  5
A5D
330
A5B
100
AcDbDictionary
280
     1
281
     1
  0
DICTIONARY
  5
A62
330
A60
100
AcDbDictionary
280
     1
281
     1
  0
DICTIONARY
  5
B60
330
B5E
100
AcDbDictionary
280
     1
281
     1
  0
DICTIONARY
  5
BDF
330
BDD
100
AcDbDictionary
280
     1
281
     1
  0
DICTIONARY
  5
F80
330
F7F
100
AcDbDictionary
280
     1
281
     1
  0
DICTIONARY
  5
F82
330
F81
100
AcDbDictionary
280
     1
281
     1
  0
DICTIONARY
  5
F85
330
F84
100
AcDbDictionary
280
     1
281
     1
  0
XRECORD
  5
1A5
102
{ACAD_REACTORS
330
C
102
}
330
C
100
AcDbXrecord
280
     1
300

300

300

  0
DICTIONARY
  5
73
102
{ACAD_REACTORS
330
C
102
}
330
C
100
AcDbDictionary
281
     1
  0
DICTIONARY
  5
1AB
102
{ACAD_REACTORS
330
C
102
}
330
C
100
AcDbDictionary
281
     1
  3
Imperial24
350
1AC
  0
DICTIONARY
  5
D
102
{ACAD_REACTORS
330
C
102
}
330
C
100
AcDbDictionary
281
     1
  3
*A1
350
C29
  3
*A10
350
C38
  3
*A11
350
C39
  3
*A12
350
C3F
  3
*A13
350
D22
  3
*A14
350
D24
  3
*A15
350
DB7
  3
*A2
350
DB8
  3
*A3
350
E04
  3
*A4
350
E05
  3
*A5
350
C2E
  3
*A6
350
E51
  3
*A7
350
E52
  3
*A8
350
F98
  3
*A9
350
C33
  0
XRECORD
  5
705
102
{ACAD_REACTORS
330
C
102
}
330
C
100
AcDbXrecord
280
     1
300
{B87787A5-F63B-8142-B4D9-62231F0588BA}
301
{0FBBE061-3061-E74D-97C6-4EFBEC32ED96}
302
{B87787A5-F63B-8142-B4D9-62231F0588BA}
303
C:\Users\ACER\Documents\Portofolio Electrical Engineer_Ahmad Farel Desadvi Akbar\SLD Pabrik Gula Standar IEC 60617 _Ahmad Farel Desadvi Akbar.dwg
  0
DICTIONARY
  5
1A
102
{ACAD_REACTORS
330
C
102
}
330
C
100
AcDbDictionary
281
     1
  3
Layout1
350
59
  3
Layout2
350
5E
  3
Model
350
22
  0
DICTIONARY
  5
72
102
{ACAD_REACTORS
330
C
102
}
330
C
100
AcDbDictionary
281
     1
  3
ByBlock
350
97
  3
ByLayer
350
96
  3
Global
350
98
  0
DICTIONARY
  5
D7
102
{ACAD_REACTORS
330
C
102
}
330
C
100
AcDbDictionary
281
     1
  3
Annotative
350
E5
  3
Standard
350
D8
  0
DICTIONARY
  5
17
102
{ACAD_REACTORS
330
C
102
}
330
C
100
AcDbDictionary
281
     1
  3
Standard
350
18
  0
DICTIONARY
  5
19
102
{ACAD_REACTORS
330
C
102
}
330
C
100
AcDbDictionary
281
     1
  0
ACDBDICTIONARYWDFLT
  5
E
102
{ACAD_REACTORS
330
C
102
}
330
C
100
AcDbDictionary
281
     1
  3
Normal
350
F
100
AcDbDictionaryWithDefault
340
F
  0
DICTIONARY
  5
B6
102
{ACAD_REACTORS
330
C
102
}
330
C
100
AcDbDictionary
281
     1
  3
A0
350
B7
  3
A1
350
124
  3
A2
350
125
  3
A3
350
126
  3
A4
350
127
  3
A5
350
128
  3
A6
350
129
  3
A7
350
12A
  3
A8
350
12B
  3
A9
350
12C
  3
B0
350
12D
  3
B1
350
12E
  3
B2
350
12F
  3
B3
350
130
  3
B4
350
131
  3
B5
350
132
  3
B6
350
133
  3
B7
350
134
  3
B8
350
135
  3
B9
350
136
  3
C0
350
137
  3
C1
350
138
  3
C2
350
139
  3
C3
350
13A
  3
C4
350
13B
  3
C5
350
13C
  3
C6
350
13D
  3
C7
350
13E
  3
C8
350
13F
  3
C9
350
140
  3
D0
350
141
  3
D1
350
142
  3
D2
350
143
  0
DICTIONARY
  5
1A8
102
{ACAD_REACTORS
330
C
102
}
330
C
100
AcDbDictionary
281
     1
  3
Imperial24
350
1AA
  0
DICTIONARY
  5
86
102
{ACAD_REACTORS
330
C
102
}
330
C
100
AcDbDictionary
281
     1
  3
Standard
350
87
  0
DICTIONARY
  5
99
102
{ACAD_REACTORS
330
C
102
}
330
C
100
AcDbDictionary
281
     1
  3
2dWireframe
350
9F
  3
Basic
350
9E
  3
Brighten
350
A5
  3
ColorChange
350
A9
  3
Conceptual
350
A2
  3
Dim
350
A4
  3
EdgeColorOff
350
175
  3
Facepattern
350
A8
  3
Flat
350
9A
  3
FlatWithEdges
350
9B
  3
Gouraud
350
9C
  3
GouraudWithEdges
350
9D
  3
Hidden
350
A1
  3
JitterOff
350
173
  3
Linepattern
350
A7
  3
OverhangOff
350
174
  3
Realistic
350
A3
  3
Shaded
350
182
  3
Shaded with edges
350
181
  3
Shades of Gray
350
17E
  3
Sketchy
350
17F
  3
Thicken
350
A6
  3
Wireframe
350
A0
  3
X-Ray
350
180
  0
XRECORD
  5
10F6
102
{ACAD_REACTORS
330
C
102
}
330
C
100
AcDbXrecord
280
     1
 90
        1
330
87
  0
DICTIONARY
  5
66
102
{ACAD_REACTORS
330
C
102
}
330
C
100
AcDbDictionary
281
     1
  3
CANNOSCALE
350
F0
  3
CMLEADERSTYLE
350
EF
  3
CTABLESTYLE
350
89
  3
CVIEWDETAILSTYLE
350
1B7
  3
CVIEWSECTIONSTYLE
350
1B8
  3
DIMASSOC
350
67
  3
HIDETEXT
350
6B
  3
LAYEREVAL
350
14D
  3
LAYERNOTIFY
350
14E
  0
DICTIONARY
  5
18F
102
{ACAD_REACTORS
330
18E
102
}
330
18E
100
AcDbDictionary
281
     1
  0
ACDBDETAILVIEWSTYLE
  5
1AC
102
{ACAD_REACTORS
330
1AB
102
}
330
1AB
100
AcDbModelDocViewStyle
 70
     0
  3
Imperial24
290
     0
300
Imperial24
 90
        0
100
AcDbDetailViewStyle
 70
     0
 71
     0
 90
        3
 71
     1
340
11
 62
   256
 40
0.24
340
0
 62
   256
 40
0.24
300

 40
0.36
280
     3
 71
     2
340
16
 90
       25
 62
   256
 71
     3
340
11
 62
   256
 40
0.24
 90
        1
 40
0.75
 90
        1
300
%<\AcVar ViewType \f "%tc1">% %<\AcVar ViewDetailId>%\PSCALE %<\AcVar ViewScale \f "%sn">%
 71
     4
340
16
 90
       25
 62
   256
340
16
 90
       25
 62
   256
280
     0
  0
GROUP
  5
C29
102
{ACAD_REACTORS
330
D
102
}
330
D
100
AcDbGroup
300

 70
     1
 71
     1
340
BE6
340
BE5
340
BE4
340
BE3
  0
GROUP
  5
C38
102
{ACAD_REACTORS
330
D
102
}
330
D
100
AcDbGroup
300

 70
     1
 71
     1
340
C37
340
C36
340
C35
340
C34
  0
GROUP
  5
C39
102
{ACAD_REACTORS
330
D
102
}
330
D
100
AcDbGroup
300

 70
     1
 71
     1
340
7B1
340
7B0
340
7AF
340
7AE
340
7AD
340
7AC
340
7AB
  0
GROUP
  5
C3F
102
{ACAD_REACTORS
330
D
102
}
330
D
100
AcDbGroup
300

 70
     1
 71
     1
340
7D0
340
7CF
  0
GROUP
  5
D22
102
{ACAD_REACTORS
330
D
102
}
330
D
100
AcDbGroup
300

 70
     1
 71
     1
340
CE6
340
CE5
340
CE4
340
CE3
340
CE2
340
CE1
340
CE0
  0
GROUP
  5
D24
102
{ACAD_REACTORS
330
D
102
}
330
D
100
AcDbGroup
300

 70
     1
 71
     1
340
CF7
340
CF6
  0
GROUP
  5
DB7
102
{ACAD_REACTORS
330
D
102
}
330
D
100
AcDbGroup
300

 70
     1
 71
     1
340
D7A
340
D79
340
D78
340
D77
340
D76
340
D75
340
D74
  0
GROUP
  5
DB8
102
{ACAD_REACTORS
330
D
102
}
330
D
100
AcDbGroup
300

 70
     1
 71
     1
340
D8B
340
D8A
  0
GROUP
  5
E04
102
{ACAD_REACTORS
330
D
102
}
330
D
100
AcDbGroup
300

 70
     1
 71
     1
340
DC7
340
DC6
340
DC5
340
DC4
340
DC3
340
DC2
340
DC1
  0
GROUP
  5
E05
102
{ACAD_REACTORS
330
D
102
}
330
D
100
AcDbGroup
300

 70
     1
 71
     1
340
DD8
340
DD7
  0
GROUP
  5
C2E
102
{ACAD_REACTORS
330
D
102
}
330
D
100
AcDbGroup
300

 70
     1
 71
     1
340
C2D
340
C2C
340
C2B
340
C2A
  0
GROUP
  5
E51
102
{ACAD_REACTORS
330
D
102
}
330
D
100
AcDbGroup
300

 70
     1
 71
     1
340
E14
340
E13
340
E12
340
E11
340
E10
340
E0F
340
E0E
  0
GROUP
  5
E52
102
{ACAD_REACTORS
330
D
102
}
330
D
100
AcDbGroup
300

 70
     1
 71
     1
340
E25
340
E24
  0
GROUP
  5
F98
102
{ACAD_REACTORS
330
D
102
}
330
D
100
AcDbGroup
300

 70
     1
 71
     1
340
F57
340
F56
340
F55
340
F54
340
F53
340
F52
340
F51
340
F50
340
F4F
340
F4E
340
F4D
340
F4C
340
F4B
340
F4A
340
F49
340
F48
340
F47
340
F46
340
F45
340
F44
340
F43
340
F42
340
F41
340
F40
340
F3F
340
F3E
340
F3D
340
F3C
340
F3B
340
F3A
340
F39
340
F38
340
F37
340
F36
340
F35
340
F34
340
F33
340
F32
340
F31
340
F30
340
F2F
340
F2E
340
F2D
340
F2C
340
F2B
340
F2A
340
F29
340
F28
340
F27
340
F26
340
F25
340
F24
340
F23
340
F22
340
F21
340
F20
340
F1F
340
F1E
340
F1D
340
F1C
340
F1B
340
F1A
340
F19
340
F18
340
F17
340
F16
340
F15
340
F14
340
F13
  0
GROUP
  5
C33
102
{ACAD_REACTORS
330
D
102
}
330
D
100
AcDbGroup
300

 70
     1
 71
     1
340
C32
340
C31
340
C30
340
C2F
  0
LAYOUT
  5
59
102
{ACAD_REACTORS
330
1A
102
}
330
1A
100
AcDbPlotSettings
  1

  2
None
  4

  6

 40
0.0
 41
0.0
 42
0.0
 43
0.0
 44
0.0
 45
0.0
 46
0.0
 47
0.0
 48
0.0
 49
0.0
140
0.0
141
0.0
142
1.0
143
1.0
 70
   688
 72
     0
 73
     0
 74
     5
  7

 75
    16
147
1.0
 76
     0
 77
     2
 78
   300
148
0.0
149
0.0
100
AcDbLayout
  1
Layout1
 70
     1
 71
     1
 10
0.0
 20
0.0
 11
12.0
 21
9.0
 12
0.0
 22
0.0
 32
0.0
 14
0.0
 24
0.0
 34
0.0
 15
0.0
 25
0.0
 35
0.0
146
0.0
 13
0.0
 23
0.0
 33
0.0
 16
1.0
 26
0.0
 36
0.0
 17
0.0
 27
1.0
 37
0.0
 76
     0
330
58
  0
LAYOUT
  5
5E
102
{ACAD_REACTORS
330
1A
102
}
330
1A
100
AcDbPlotSettings
  1

  2
None
  4

  6

 40
0.0
 41
0.0
 42
0.0
 43
0.0
 44
0.0
 45
0.0
 46
0.0
 47
0.0
 48
0.0
 49
0.0
140
0.0
141
0.0
142
1.0
143
1.0
 70
   688
 72
     0
 73
     0
 74
     5
  7

 75
    16
147
1.0
 76
     0
 77
     2
 78
   300
148
0.0
149
0.0
100
AcDbLayout
  1
Layout2
 70
     1
 71
     2
 10
0.0
 20
0.0
 11
12.0
 21
9.0
 12
0.0
 22
0.0
 32
0.0
 14
0.0
 24
0.0
 34
0.0
 15
0.0
 25
0.0
 35
0.0
146
0.0
 13
0.0
 23
0.0
 33
0.0
 16
1.0
 26
0.0
 36
0.0
 17
0.0
 27
1.0
 37
0.0
 76
     0
330
5D
  0
LAYOUT
  5
22
102
{ACAD_XDICTIONARY
360
194
102
}
102
{ACAD_REACTORS
330
1A
102
}
330
1A
100
AcDbPlotSettings
  1

  2
none_device
  4
ANSI_A_(8.50_x_11.00_Inches)
  6

 40
6.349999904632568
 41
19.04999923706055
 42
6.350006103515625
 43
19.04998779296875
 44
215.8999938964844
 45
279.3999938964844
 46
0.0
 47
0.0
 48
0.0
 49
0.0
140
0.0
141
0.0
142
1.0
143
2.584895464708373
 70
 11952
 72
     0
 73
     1
 74
     0
  7

 75
     0
147
0.3868628397755418
 76
     0
 77
     2
 78
   300
148
0.0
149
0.0
100
AcDbLayout
  1
Model
 70
     1
 71
     0
 10
0.0
 20
0.0
 11
12.0
 21
9.0
 12
0.0
 22
0.0
 32
0.0
 14
0.0
 24
0.0
 34
0.0
 15
0.0
 25
0.0
 35
0.0
146
0.0
 13
0.0
 23
0.0
 33
0.0
 16
1.0
 26
0.0
 36
0.0
 17
0.0
 27
1.0
 37
0.0
 76
     0
330
1F
331
94
  0
MATERIAL
  5
97
102
{ACAD_XDICTIONARY
360
188
102
}
102
{ACAD_REACTORS
330
72
102
}
330
72
100
AcDbMaterial
  1
ByBlock
 94
       63
  0
MATERIAL
  5
96
102
{ACAD_XDICTIONARY
360
186
102
}
102
{ACAD_REACTORS
330
72
102
}
330
72
100
AcDbMaterial
  1
ByLayer
 94
       63
  0
MATERIAL
  5
98
102
{ACAD_XDICTIONARY
360
110
102
}
102
{ACAD_REACTORS
330
72
102
}
330
72
100
AcDbMaterial
  1
Global
 43
0.0208000000566244
 43
0.0
 43
0.0
 43
0.0
 43
0.0
 43
0.0208000000566244
 43
0.0
 43
0.0
 43
0.0
 43
0.0
 43
1.0
 43
0.0
 43
0.0
 43
0.0
 43
0.0
 43
1.0
 49
0.0208000000566244
 49
0.0
 49
0.0
 49
0.0
 49
0.0
 49
0.0208000000566244
 49
0.0
 49
0.0
 49
0.0
 49
0.0
 49
1.0
 49
0.0
 49
0.0
 49
0.0
 49
0.0
 49
1.0
142
0.0208000000566244
142
0.0
142
0.0
142
0.0
142
0.0
142
0.0208000000566244
142
0.0
142
0.0
142
0.0
142
0.0
142
1.0
142
0.0
142
0.0
142
0.0
142
0.0
142
1.0
144
0.0208000000566244
144
0.0
144
0.0
144
0.0
144
0.0
144
0.0208000000566244
144
0.0
144
0.0
144
0.0
144
0.0
144
1.0
144
0.0
144
0.0
144
0.0
144
0.0
144
1.0
 94
       63
1001
ACAD
1070
    -1
1070
     3
1070
     0
1000

1071
        0
1070
     0
  0
MLEADERSTYLE
  5
E5
102
{ACAD_REACTORS
330
D7
102
}
330
D7
100
AcDbMLeaderStyle
179
     2
170
     2
171
     1
172
     0
 90
        2
 40
0.0
 41
0.0
173
     1
 91
-1056964608
340
14
 92
       -2
290
     1
 42
0.09
291
     1
 43
0.36
  3
Standard
 44
0.18
300

342
11
174
     1
178
     1
175
     1
176
     0
 93
-1056964608
 45
0.18
292
     0
297
     0
 46
0.18
 94
-1056964608
 47
1.0
 49
1.0
140
1.0
293
     1
141
0.0
294
     1
177
     0
142
1.0
295
     0
296
     1
143
0.125
271
     0
272
     9
273
     9
298
     0
  0
MLEADERSTYLE
  5
D8
102
{ACAD_REACTORS
330
D7
102
}
330
D7
100
AcDbMLeaderStyle
179
     2
170
     2
171
     1
172
     0
 90
        2
 40
0.0
 41
0.0
173
     1
 91
-1056964608
340
14
 92
       -2
290
     1
 42
0.09
291
     1
 43
0.36
  3
Standard
 44
0.18
300

342
11
174
     1
178
     1
175
     1
176
     0
 93
-1056964608
 45
0.18
292
     0
297
     0
 46
0.18
 94
-1056964608
 47
1.0
 49
1.0
140
1.0
293
     1
141
0.0
294
     1
177
     0
142
1.0
295
     0
296
     0
143
0.125
271
     0
272
     9
273
     9
298
     0
  0
MLINESTYLE
  5
18
102
{ACAD_REACTORS
330
17
102
}
330
17
100
AcDbMlineStyle
  2
STANDARD
 70
     0
  3

 62
   256
 51
90.0
 52
90.0
 71
     2
 49
0.5
 62
   256
  6
BYLAYER
 49
-0.5
 62
   256
  6
BYLAYER
  0
ACDBPLACEHOLDER
  5
F
102
{ACAD_REACTORS
330
E
102
}
330
E
  0
SCALE
  5
B7
102
{ACAD_REACTORS
330
B6
102
}
330
B6
100
AcDbScale
 70
     0
300
1:1
140
1.0
141
1.0
290
     1
  0
SCALE
  5
124
102
{ACAD_REACTORS
330
B6
102
}
330
B6
100
AcDbScale
 70
     0
300
1:2
140
1.0
141
2.0
290
     0
  0
SCALE
  5
125
102
{ACAD_REACTORS
330
B6
102
}
330
B6
100
AcDbScale
 70
     0
300
1:4
140
1.0
141
4.0
290
     0
  0
SCALE
  5
126
102
{ACAD_REACTORS
330
B6
102
}
330
B6
100
AcDbScale
 70
     0
300
1:5
140
1.0
141
5.0
290
     0
  0
SCALE
  5
127
102
{ACAD_REACTORS
330
B6
102
}
330
B6
100
AcDbScale
 70
     0
300
1:8
140
1.0
141
8.0
290
     0
  0
SCALE
  5
128
102
{ACAD_REACTORS
330
B6
102
}
330
B6
100
AcDbScale
 70
     0
300
1:10
140
1.0
141
10.0
290
     0
  0
SCALE
  5
129
102
{ACAD_REACTORS
330
B6
102
}
330
B6
100
AcDbScale
 70
     0
300
1:16
140
1.0
141
16.0
290
     0
  0
SCALE
  5
12A
102
{ACAD_REACTORS
330
B6
102
}
330
B6
100
AcDbScale
 70
     0
300
1:20
140
1.0
141
20.0
290
     0
  0
SCALE
  5
12B
102
{ACAD_REACTORS
330
B6
102
}
330
B6
100
AcDbScale
 70
     0
300
1:30
140
1.0
141
30.0
290
     0
  0
SCALE
  5
12C
102
{ACAD_REACTORS
330
B6
102
}
330
B6
100
AcDbScale
 70
     0
300
1:40
140
1.0
141
40.0
290
     0
  0
SCALE
  5
12D
102
{ACAD_REACTORS
330
B6
102
}
330
B6
100
AcDbScale
 70
     0
300
1:50
140
1.0
141
50.0
290
     0
  0
SCALE
  5
12E
102
{ACAD_REACTORS
330
B6
102
}
330
B6
100
AcDbScale
 70
     0
300
1:100
140
1.0
141
100.0
290
     0
  0
SCALE
  5
12F
102
{ACAD_REACTORS
330
B6
102
}
330
B6
100
AcDbScale
 70
     0
300
2:1
140
2.0
141
1.0
290
     0
  0
SCALE
  5
130
102
{ACAD_REACTORS
330
B6
102
}
330
B6
100
AcDbScale
 70
     0
300
4:1
140
4.0
141
1.0
290
     0
  0
SCALE
  5
131
102
{ACAD_REACTORS
330
B6
102
}
330
B6
100
AcDbScale
 70
     0
300
8:1
140
8.0
141
1.0
290
     0
  0
SCALE
  5
132
102
{ACAD_REACTORS
330
B6
102
}
330
B6
100
AcDbScale
 70
     0
300
10:1
140
10.0
141
1.0
290
     0
  0
SCALE
  5
133
102
{ACAD_REACTORS
330
B6
102
}
330
B6
100
AcDbScale
 70
     0
300
100:1
140
100.0
141
1.0
290
     0
  0
SCALE
  5
134
102
{ACAD_REACTORS
330
B6
102
}
330
B6
100
AcDbScale
 70
     0
300
1/128" = 1'-0"
140
0.0078125
141
12.0
290
     0
  0
SCALE
  5
135
102
{ACAD_REACTORS
330
B6
102
}
330
B6
100
AcDbScale
 70
     0
300
1/64" = 1'-0"
140
0.015625
141
12.0
290
     0
  0
SCALE
  5
136
102
{ACAD_REACTORS
330
B6
102
}
330
B6
100
AcDbScale
 70
     0
300
1/32" = 1'-0"
140
0.03125
141
12.0
290
     0
  0
SCALE
  5
137
102
{ACAD_REACTORS
330
B6
102
}
330
B6
100
AcDbScale
 70
     0
300
1/16" = 1'-0"
140
0.0625
141
12.0
290
     0
  0
SCALE
  5
138
102
{ACAD_REACTORS
330
B6
102
}
330
B6
100
AcDbScale
 70
     0
300
3/32" = 1'-0"
140
0.09375
141
12.0
290
     0
  0
SCALE
  5
139
102
{ACAD_REACTORS
330
B6
102
}
330
B6
100
AcDbScale
 70
     0
300
1/8" = 1'-0"
140
0.125
141
12.0
290
     0
  0
SCALE
  5
13A
102
{ACAD_REACTORS
330
B6
102
}
330
B6
100
AcDbScale
 70
     0
300
3/16" = 1'-0"
140
0.1875
141
12.0
290
     0
  0
SCALE
  5
13B
102
{ACAD_REACTORS
330
B6
102
}
330
B6
100
AcDbScale
 70
     0
300
1/4" = 1'-0"
140
0.25
141
12.0
290
     0
  0
SCALE
  5
13C
102
{ACAD_REACTORS
330
B6
102
}
330
B6
100
AcDbScale
 70
     0
300
3/8" = 1'-0"
140
0.375
141
12.0
290
     0
  0
SCALE
  5
13D
102
{ACAD_REACTORS
330
B6
102
}
330
B6
100
AcDbScale
 70
     0
300
1/2" = 1'-0"
140
0.5
141
12.0
290
     0
  0
SCALE
  5
13E
102
{ACAD_REACTORS
330
B6
102
}
330
B6
100
AcDbScale
 70
     0
300
3/4" = 1'-0"
140
0.75
141
12.0
290
     0
  0
SCALE
  5
13F
102
{ACAD_REACTORS
330
B6
102
}
330
B6
100
AcDbScale
 70
     0
300
1" = 1'-0"
140
1.0
141
12.0
290
     0
  0
SCALE
  5
140
102
{ACAD_REACTORS
330
B6
102
}
330
B6
100
AcDbScale
 70
     0
300
1-1/2" = 1'-0"
140
1.5
141
12.0
290
     0
  0
SCALE
  5
141
102
{ACAD_REACTORS
330
B6
102
}
330
B6
100
AcDbScale
 70
     0
300
3" = 1'-0"
140
3.0
141
12.0
290
     0
  0
SCALE
  5
142
102
{ACAD_REACTORS
330
B6
102
}
330
B6
100
AcDbScale
 70
     0
300
6" = 1'-0"
140
6.0
141
12.0
290
     0
  0
SCALE
  5
143
102
{ACAD_REACTORS
330
B6
102
}
330
B6
100
AcDbScale
 70
     0
300
1'-0" = 1'-0"
140
12.0
141
12.0
290
     0
  0
ACDBSECTIONVIEWSTYLE
  5
1AA
102
{ACAD_REACTORS
330
1A8
102
}
330
1A8
100
AcDbModelDocViewStyle
 70
     0
  3
Imperial24
290
     0
300
Imperial24
 90
        0
100
AcDbSectionViewStyle
 70
     0
 71
     0
 90
       78
 71
     1
340
11
 62
   256
 40
0.24
340
0
340
0
 62
   256
 40
0.24
300
I, O, Q, S, X, Z
 40
0.48
 90
        3
 40
0.18
 90
        1
 71
     2
340
16
 90
       25
 62
   256
340
16
 90
       50
 62
   256
 40
0.24
 40
0.0
 40
0.24
 71
     3
340
11
 62
   256
 40
0.24
 90
        1
 40
0.75
 90
        1
300
%<\AcVar ViewType \f "%tc1">% %<\AcVar ViewSectionStartId>%-%<\AcVar ViewSectionEndId>%\PSCALE %<\AcVar ViewScale \f "%sn">%
 71
     4
 62
   256
 62
   257
300
ANSI31
 40
1.0
 90
        0
290
     0
290
     0
 90
        6
 40
0.0
 40
1.570796326794896
 40
0.2617993877991494
 40
1.308996938995747
 40
-0.2617993877991494
 40
1.832595714594046
  0
TABLESTYLE
  5
87
102
{ACAD_XDICTIONARY
360
104
102
}
102
{ACAD_REACTORS
330
86
102
}
330
86
100
AcDbTableStyle
280
     0
  3
Standard
 70
     0
 71
     0
 40
0.06
 41
0.06
280
     0
281
     0
  7
Standard
140
0.18
170
     2
 62
     0
 63
     7
283
     0
 90
      512
 91
        0
  1

274
    -2
284
     1
 64
     0
275
    -2
285
     1
 65
     0
276
    -2
286
     1
 66
     0
277
    -2
287
     1
 67
     0
278
    -2
288
     1
 68
     0
279
    -2
289
     1
 69
     0
  7
Standard
140
0.25
170
     5
 62
     0
 63
     7
283
     0
 90
      512
 91
        0
  1

274
    -2
284
     1
 64
     0
275
    -2
285
     1
 65
     0
276
    -2
286
     1
 66
     0
277
    -2
287
     1
 67
     0
278
    -2
288
     1
 68
     0
279
    -2
289
     1
 69
     0
  7
Standard
140
0.18
170
     5
 62
     0
 63
     7
283
     0
 90
      512
 91
        0
  1

274
    -2
284
     1
 64
     0
275
    -2
285
     1
 65
     0
276
    -2
286
     1
 66
     0
277
    -2
287
     1
 67
     0
278
    -2
288
     1
 68
     0
279
    -2
289
     1
 69
     0
  0
VISUALSTYLE
  5
9F
102
{ACAD_REACTORS
330
99
102
}
330
99
100
AcDbVisualStyle
  2
2dWireframe
 70
     4
177
     3
291
     0
 70
    58
 90
        0
176
     1
 90
        2
176
     1
 90
        1
176
     1
 90
        0
176
     1
 40
0.6
176
     1
 40
30.0
176
     1
 62
     7
420
 16777215
176
     1
 90
        1
176
     1
 90
        4
176
     1
 62
     7
176
     1
 62
   257
176
     1
 90
        1
176
     1
 90
        1
176
     1
 40
1.0
176
     1
 90
        0
176
     1
 62
   257
176
     1
 40
1.0
176
     1
 90
        1
176
     1
 90
        6
176
     1
 90
        2
176
     1
 62
     7
176
     1
 90
        5
176
     1
 90
        0
176
     1
 90
        0
176
     1
290
     0
176
     1
 90
        1
176
     1
 40
0.0
176
     1
 90
        0
176
     1
290
     1
176
     1
290
     1
176
     1
290
     0
176
     1
290
     0
176
     1
290
     0
176
     1
290
     0
176
     1
290
     0
176
     1
290
     0
176
     1
290
     0
176
     1
 90
       50
176
     1
 40
0.0
176
     1
 40
1.0
176
     1
 90
        0
176
     1
 62
    18
420
        0
176
     1
 90
       50
176
     1
 90
        3
176
     1
 62
     5
420
      255
176
     1
290
     0
176
     1
 90
       50
176
     1
 90
       50
176
     1
 90
       50
176
     1
290
     0
176
     1
 90
       50
176
     1
 62
   256
176
     0
 40
1.0
176
     0
 90
        2
176
     1
  1
strokes_ogs.tif
176
     1
290
     0
176
     1
 40
1.0
176
     1
 40
1.0
176
     1
  0
VISUALSTYLE
  5
9E
102
{ACAD_REACTORS
330
99
102
}
330
99
100
AcDbVisualStyle
  2
Basic
 70
     7
177
     3
291
     1
 70
    58
 90
        1
176
     1
 90
        0
176
     1
 90
        1
176
     1
 90
        0
176
     1
 40
0.6
176
     1
 40
30.0
176
     1
 62
     7
420
 16777215
176
     1
 90
        0
176
     1
 90
        4
176
     1
 62
     7
176
     1
 62
   257
176
     1
 90
        1
176
     1
 90
        1
176
     1
 40
1.0
176
     1
 90
        8
176
     1
 62
     7
176
     1
 40
1.0
176
     1
 90
        1
176
     1
 90
        6
176
     1
 90
        2
176
     1
 62
     7
176
     1
 90
        5
176
     1
 90
        0
176
     1
 90
        0
176
     1
290
     0
176
     1
 90
        1
176
     1
 40
0.0
176
     1
 90
        0
176
     1
290
     0
176
     1
290
     1
176
     1
290
     1
176
     1
290
     0
176
     1
290
     0
176
     1
290
     0
176
     1
290
     0
176
     1
290
     0
176
     1
290
     0
176
     1
 90
       50
176
     1
 40
0.0
176
     1
 40
1.0
176
     1
 90
        0
176
     1
 62
    18
420
        0
176
     1
 90
       50
176
     1
 90
        3
176
     1
 62
     5
420
      255
176
     1
290
     0
176
     1
 90
       50
176
     1
 90
       50
176
     1
 90
       50
176
     1
290
     0
176
     1
 90
       50
176
     1
 62
   256
176
     0
 40
1.0
176
     0
 90
        2
176
     1
  1
strokes_ogs.tif
176
     1
290
     0
176
     1
 40
1.0
176
     1
 40
1.0
176
     1
  0
VISUALSTYLE
  5
A5
102
{ACAD_REACTORS
330
99
102
}
330
99
100
AcDbVisualStyle
  2
Brighten
 70
    12
177
     3
291
     1
 70
    58
 90
        2
176
     1
 90
        2
176
     1
 90
        1
176
     1
 90
        0
176
     1
 40
0.6
176
     1
 40
30.0
176
     1
 62
     7
420
 16777215
176
     1
 90
        1
176
     1
 90
        4
176
     1
 62
     7
176
     1
 62
   257
176
     1
 90
        1
176
     1
 90
        1
176
     1
 40
1.0
176
     1
 90
        8
176
     1
 62
     7
176
     1
 40
1.0
176
     1
 90
        1
176
     1
 90
        6
176
     1
 90
        2
176
     1
 62
     7
176
     1
 90
        5
176
     1
 90
        0
176
     1
 90
        0
176
     1
290
     0
176
     1
 90
        1
176
     1
 40
50.0
176
     1
 90
        0
176
     1
290
     0
176
     1
290
     1
176
     1
290
     1
176
     1
290
     0
176
     1
290
     0
176
     1
290
     0
176
     1
290
     0
176
     1
290
     0
176
     1
290
     0
176
     1
 90
       50
176
     1
 40
0.0
176
     1
 40
1.0
176
     1
 90
        0
176
     1
 62
    18
420
        0
176
     1
 90
       50
176
     1
 90
        3
176
     1
 62
     5
420
      255
176
     1
290
     0
176
     1
 90
       50
176
     1
 90
       50
176
     1
 90
       50
176
     1
290
     0
176
     1
 90
       50
176
     1
 62
   256
176
     0
 40
1.0
176
     0
 90
        2
176
     1
  1
strokes_ogs.tif
176
     1
290
     0
176
     1
 40
1.0
176
     1
 40
1.0
176
     1
  0
VISUALSTYLE
  5
A9
102
{ACAD_REACTORS
330
99
102
}
330
99
100
AcDbVisualStyle
  2
ColorChange
 70
    16
177
     3
291
     1
 70
    58
 90
        2
176
     1
 90
        2
176
     1
 90
        3
176
     1
 90
        0
176
     1
 40
0.6
176
     1
 40
30.0
176
     1
 62
     8
420
  8421504
176
     1
 90
        1
176
     1
 90
        4
176
     1
 62
     7
176
     1
 62
   257
176
     1
 90
        1
176
     1
 90
        1
176
     1
 40
1.0
176
     1
 90
        8
176
     1
 62
     8
420
  8421504
176
     1
 40
1.0
176
     1
 90
        1
176
     1
 90
        6
176
     1
 90
        2
176
     1
 62
     7
176
     1
 90
        5
176
     1
 90
        0
176
     1
 90
        0
176
     1
290
     0
176
     1
 90
        1
176
     1
 40
0.0
176
     1
 90
        0
176
     1
290
     0
176
     1
290
     1
176
     1
290
     1
176
     1
290
     0
176
     1
290
     0
176
     1
290
     0
176
     1
290
     0
176
     1
290
     0
176
     1
290
     0
176
     1
 90
       50
176
     1
 40
0.0
176
     1
 40
1.0
176
     1
 90
        0
176
     1
 62
    18
420
        0
176
     1
 90
       50
176
     1
 90
        3
176
     1
 62
     5
420
      255
176
     1
290
     0
176
     1
 90
       50
176
     1
 90
       50
176
     1
 90
       50
176
     1
290
     0
176
     1
 90
       50
176
     1
 62
   256
176
     0
 40
1.0
176
     0
 90
        2
176
     1
  1
strokes_ogs.tif
176
     1
290
     0
176
     1
 40
1.0
176
     1
 40
1.0
176
     1
  0
VISUALSTYLE
  5
A2
102
{ACAD_REACTORS
330
99
102
}
330
99
100
AcDbVisualStyle
  2
Conceptual
 70
     9
177
     3
291
     0
 70
    58
 90
        3
176
     1
 90
        2
176
     1
 90
        1
176
     1
 90
        0
176
     1
 40
0.6
176
     1
 40
30.0
176
     1
 62
     7
420
 16777215
176
     1
 90
        2
176
     1
 90
        2
176
     1
 62
     7
176
     1
 62
   257
176
     1
 90
        1
176
     1
 90
        1
176
     1
 40
40.0
176
     1
 90
        8
176
     1
 62
     7
176
     1
 40
1.0
176
     1
 90
        1
176
     1
 90
        6
176
     1
 90
        2
176
     1
 62
     7
176
     1
 90
        3
176
     1
 90
        0
176
     1
 90
        0
176
     1
290
     0
176
     1
 90
        1
176
     1
 40
0.0
176
     1
 90
        0
176
     1
290
     0
176
     1
290
     1
176
     1
290
     1
176
     1
290
     0
176
     1
290
     0
176
     1
290
     0
176
     1
290
     0
176
     1
290
     0
176
     1
290
     0
176
     1
 90
       50
176
     1
 40
0.0
176
     1
 40
1.0
176
     1
 90
        0
176
     1
 62
    18
420
        0
176
     1
 90
       50
176
     1
 90
        3
176
     1
 62
     5
420
      255
176
     1
290
     0
176
     1
 90
       50
176
     1
 90
       50
176
     1
 90
       50
176
     1
290
     0
176
     1
 90
       50
176
     1
 62
   256
176
     0
 40
1.0
176
     0
 90
        2
176
     1
  1
strokes_ogs.tif
176
     1
290
     0
176
     1
 40
1.0
176
     1
 40
1.0
176
     1
  0
VISUALSTYLE
  5
A4
102
{ACAD_REACTORS
330
99
102
}
330
99
100
AcDbVisualStyle
  2
Dim
 70
    11
177
     3
291
     1
 70
    58
 90
        2
176
     1
 90
        2
176
     1
 90
        1
176
     1
 90
        0
176
     1
 40
0.6
176
     1
 40
30.0
176
     1
 62
     7
420
 16777215
176
     1
 90
        1
176
     1
 90
        4
176
     1
 62
     7
176
     1
 62
   257
176
     1
 90
        1
176
     1
 90
        1
176
     1
 40
1.0
176
     1
 90
        8
176
     1
 62
     7
176
     1
 40
1.0
176
     1
 90
        1
176
     1
 90
        6
176
     1
 90
        2
176
     1
 62
     7
176
     1
 90
        5
176
     1
 90
        0
176
     1
 90
        0
176
     1
290
     0
176
     1
 90
        1
176
     1
 40
-50.0
176
     1
 90
        0
176
     1
290
     0
176
     1
290
     1
176
     1
290
     1
176
     1
290
     0
176
     1
290
     0
176
     1
290
     0
176
     1
290
     0
176
     1
290
     0
176
     1
290
     0
176
     1
 90
       50
176
     1
 40
0.0
176
     1
 40
1.0
176
     1
 90
        0
176
     1
 62
    18
420
        0
176
     1
 90
       50
176
     1
 90
        3
176
     1
 62
     5
420
      255
176
     1
290
     0
176
     1
 90
       50
176
     1
 90
       50
176
     1
 90
       50
176
     1
290
     0
176
     1
 90
       50
176
     1
 62
   256
176
     0
 40
1.0
176
     0
 90
        2
176
     1
  1
strokes_ogs.tif
176
     1
290
     0
176
     1
 40
1.0
176
     1
 40
1.0
176
     1
  0
VISUALSTYLE
  5
175
102
{ACAD_REACTORS
330
99
102
}
330
99
100
AcDbVisualStyle
  2
EdgeColorOff
 70
    22
177
     3
291
     1
 70
    58
 90
        2
176
     0
 90
        2
176
     0
 90
        0
176
     0
 90
        0
176
     0
 40
0.6
176
     0
 40
30.0
176
     0
 62
     7
420
 16777215
176
     0
 90
        1
176
     0
 90
        4
176
     0
 62
     7
176
     0
 62
   257
176
     0
 90
        1
176
     0
 90
        1
176
     0
 40
1.0
176
     0
 90
        8
176
     2
 62
     7
176
     0
 40
1.0
176
     0
 90
        1
176
     0
 90
        6
176
     0
 90
        2
176
     0
 62
     7
176
     0
 90
        5
176
     0
 90
        0
176
     0
 90
        0
176
     0
290
     0
176
     0
 90
        1
176
     0
 40
0.0
176
     0
 90
        0
176
     0
290
     0
176
     1
290
     1
176
     1
290
     1
176
     1
290
     0
176
     1
290
     0
176
     1
290
     0
176
     1
290
     0
176
     1
290
     0
176
     1
290
     0
176
     1
 90
       50
176
     1
 40
0.0
176
     1
 40
1.0
176
     1
 90
        0
176
     1
 62
    18
420
        0
176
     1
 90
       50
176
     1
 90
        3
176
     1
 62
     5
420
      255
176
     1
290
     0
176
     1
 90
       50
176
     1
 90
       50
176
     1
 90
       50
176
     1
290
     0
176
     1
 90
       50
176
     1
 62
   256
176
     0
 40
1.0
176
     0
 90
        2
176
     1
  1
strokes_ogs.tif
176
     1
290
     0
176
     1
 40
1.0
176
     1
 40
1.0
176
     1
  0
VISUALSTYLE
  5
A8
102
{ACAD_REACTORS
330
99
102
}
330
99
100
AcDbVisualStyle
  2
Facepattern
 70
    15
177
     3
291
     1
 70
    58
 90
        2
176
     1
 90
        2
176
     1
 90
        1
176
     1
 90
        0
176
     1
 40
0.6
176
     1
 40
30.0
176
     1
 62
     7
420
 16777215
176
     1
 90
        1
176
     1
 90
        4
176
     1
 62
     7
176
     1
 62
   257
176
     1
 90
        1
176
     1
 90
        1
176
     1
 40
1.0
176
     1
 90
        8
176
     1
 62
     7
176
     1
 40
1.0
176
     1
 90
        1
176
     1
 90
        6
176
     1
 90
        2
176
     1
 62
     7
176
     1
 90
        5
176
     1
 90
        0
176
     1
 90
        0
176
     1
290
     0
176
     1
 90
        1
176
     1
 40
0.0
176
     1
 90
        0
176
     1
290
     0
176
     1
290
     1
176
     1
290
     1
176
     1
290
     0
176
     1
290
     0
176
     1
290
     0
176
     1
290
     0
176
     1
290
     0
176
     1
290
     0
176
     1
 90
       50
176
     1
 40
0.0
176
     1
 40
1.0
176
     1
 90
        0
176
     1
 62
    18
420
        0
176
     1
 90
       50
176
     1
 90
        3
176
     1
 62
     5
420
      255
176
     1
290
     0
176
     1
 90
       50
176
     1
 90
       50
176
     1
 90
       50
176
     1
290
     0
176
     1
 90
       50
176
     1
 62
   256
176
     0
 40
1.0
176
     0
 90
        2
176
     1
  1
strokes_ogs.tif
176
     1
290
     0
176
     1
 40
1.0
176
     1
 40
1.0
176
     1
  0
VISUALSTYLE
  5
9A
102
{ACAD_REACTORS
330
99
102
}
330
99
100
AcDbVisualStyle
  2
Flat
 70
     0
177
     3
291
     1
 70
    58
 90
        2
176
     1
 90
        1
176
     1
 90
        1
176
     1
 90
        2
176
     1
 40
0.6
176
     1
 40
30.0
176
     1
 62
     7
420
 16777215
176
     1
 90
        0
176
     1
 90
        0
176
     1
 62
     7
176
     1
 62
   257
176
     1
 90
        1
176
     1
 90
        1
176
     1
 40
1.0
176
     1
 90
        8
176
     1
 62
     7
176
     1
 40
1.0
176
     1
 90
        1
176
     1
 90
        6
176
     1
 90
        2
176
     1
 62
     7
176
     1
 90
        5
176
     1
 90
        0
176
     1
 90
        0
176
     1
290
     0
176
     1
 90
       13
176
     1
 40
0.0
176
     1
 90
        0
176
     1
290
     0
176
     1
290
     1
176
     1
290
     1
176
     1
290
     0
176
     1
290
     0
176
     1
290
     0
176
     1
290
     0
176
     1
290
     0
176
     1
290
     0
176
     1
 90
       50
176
     1
 40
0.0
176
     1
 40
1.0
176
     1
 90
        0
176
     1
 62
    18
420
        0
176
     1
 90
       50
176
     1
 90
        3
176
     1
 62
     5
420
      255
176
     1
290
     0
176
     1
 90
       50
176
     1
 90
       50
176
     1
 90
       50
176
     1
290
     0
176
     1
 90
       50
176
     1
 62
   256
176
     0
 40
1.0
176
     0
 90
        2
176
     1
  1
strokes_ogs.tif
176
     1
290
     0
176
     1
 40
1.0
176
     1
 40
1.0
176
     1
  0
VISUALSTYLE
  5
9B
102
{ACAD_REACTORS
330
99
102
}
330
99
100
AcDbVisualStyle
  2
FlatWithEdges
 70
     1
177
     3
291
     1
 70
    58
 90
        2
176
     1
 90
        1
176
     1
 90
        1
176
     1
 90
        2
176
     1
 40
0.6
176
     1
 40
30.0
176
     1
 62
     7
420
 16777215
176
     1
 90
        1
176
     1
 90
        0
176
     1
 62
     7
176
     1
 62
   257
176
     1
 90
        1
176
     1
 90
        1
176
     1
 40
1.0
176
     1
 90
        0
176
     1
 62
   257
176
     1
 40
1.0
176
     1
 90
        1
176
     1
 90
        6
176
     1
 90
        2
176
     1
 62
     7
176
     1
 90
        5
176
     1
 90
        0
176
     1
 90
        0
176
     1
290
     0
176
     1
 90
       13
176
     1
 40
0.0
176
     1
 90
        0
176
     1
290
     0
176
     1
290
     1
176
     1
290
     1
176
     1
290
     0
176
     1
290
     0
176
     1
290
     0
176
     1
290
     0
176
     1
290
     0
176
     1
290
     0
176
     1
 90
       50
176
     1
 40
0.0
176
     1
 40
1.0
176
     1
 90
        0
176
     1
 62
    18
420
        0
176
     1
 90
       50
176
     1
 90
        3
176
     1
 62
     5
420
      255
176
     1
290
     0
176
     1
 90
       50
176
     1
 90
       50
176
     1
 90
       50
176
     1
290
     0
176
     1
 90
       50
176
     1
 62
   256
176
     0
 40
1.0
176
     0
 90
        2
176
     1
  1
strokes_ogs.tif
176
     1
290
     0
176
     1
 40
1.0
176
     1
 40
1.0
176
     1
  0
VISUALSTYLE
  5
9C
102
{ACAD_REACTORS
330
99
102
}
330
99
100
AcDbVisualStyle
  2
Gouraud
 70
     2
177
     3
291
     1
 70
    58
 90
        2
176
     1
 90
        2
176
     1
 90
        1
176
     1
 90
        2
176
     1
 40
0.6
176
     1
 40
30.0
176
     1
 62
     7
420
 16777215
176
     1
 90
        0
176
     1
 90
        0
176
     1
 62
     7
176
     1
 62
   257
176
     1
 90
        1
176
     1
 90
        1
176
     1
 40
1.0
176
     1
 90
        0
176
     1
 62
     7
176
     1
 40
1.0
176
     1
 90
        1
176
     1
 90
        6
176
     1
 90
        2
176
     1
 62
     7
176
     1
 90
        5
176
     1
 90
        0
176
     1
 90
        0
176
     1
290
     0
176
     1
 90
       13
176
     1
 40
0.0
176
     1
 90
        0
176
     1
290
     0
176
     1
290
     1
176
     1
290
     1
176
     1
290
     0
176
     1
290
     0
176
     1
290
     0
176
     1
290
     0
176
     1
290
     0
176
     1
290
     0
176
     1
 90
       50
176
     1
 40
0.0
176
     1
 40
1.0
176
     1
 90
        0
176
     1
 62
    18
420
        0
176
     1
 90
       50
176
     1
 90
        3
176
     1
 62
     5
420
      255
176
     1
290
     0
176
     1
 90
       50
176
     1
 90
       50
176
     1
 90
       50
176
     1
290
     0
176
     1
 90
       50
176
     1
 62
   256
176
     0
 40
1.0
176
     0
 90
        2
176
     1
  1
strokes_ogs.tif
176
     1
290
     0
176
     1
 40
1.0
176
     1
 40
1.0
176
     1
  0
VISUALSTYLE
  5
9D
102
{ACAD_REACTORS
330
99
102
}
330
99
100
AcDbVisualStyle
  2
GouraudWithEdges
 70
     3
177
     3
291
     1
 70
    58
 90
        2
176
     1
 90
        2
176
     1
 90
        1
176
     1
 90
        2
176
     1
 40
0.6
176
     1
 40
30.0
176
     1
 62
     7
420
 16777215
176
     1
 90
        1
176
     1
 90
        0
176
     1
 62
     7
176
     1
 62
   257
176
     1
 90
        1
176
     1
 90
        1
176
     1
 40
1.0
176
     1
 90
        0
176
     1
 62
   257
176
     1
 40
1.0
176
     1
 90
        1
176
     1
 90
        6
176
     1
 90
        2
176
     1
 62
     7
176
     1
 90
        5
176
     1
 90
        0
176
     1
 90
        0
176
     1
290
     0
176
     1
 90
       13
176
     1
 40
0.0
176
     1
 90
        0
176
     1
290
     0
176
     1
290
     1
176
     1
290
     1
176
     1
290
     0
176
     1
290
     0
176
     1
290
     0
176
     1
290
     0
176
     1
290
     0
176
     1
290
     0
176
     1
 90
       50
176
     1
 40
0.0
176
     1
 40
1.0
176
     1
 90
        0
176
     1
 62
    18
420
        0
176
     1
 90
       50
176
     1
 90
        3
176
     1
 62
     5
420
      255
176
     1
290
     0
176
     1
 90
       50
176
     1
 90
       50
176
     1
 90
       50
176
     1
290
     0
176
     1
 90
       50
176
     1
 62
   256
176
     0
 40
1.0
176
     0
 90
        2
176
     1
  1
strokes_ogs.tif
176
     1
290
     0
176
     1
 40
1.0
176
     1
 40
1.0
176
     1
  0
VISUALSTYLE
  5
A1
102
{ACAD_REACTORS
330
99
102
}
330
99
100
AcDbVisualStyle
  2
Hidden
 70
     6
177
     3
291
     0
 70
    58
 90
        1
176
     1
 90
        2
176
     1
 90
        2
176
     1
 90
        0
176
     1
 40
0.6
176
     1
 40
30.0
176
     1
 62
     7
420
 16777215
176
     1
 90
        2
176
     1
 90
        2
176
     1
 62
     7
176
     1
 62
   257
176
     1
 90
        2
176
     1
 90
        1
176
     1
 40
40.0
176
     1
 90
        0
176
     1
 62
   257
176
     1
 40
1.0
176
     1
 90
        1
176
     1
 90
        6
176
     1
 90
        2
176
     1
 62
     7
176
     1
 90
        3
176
     1
 90
        0
176
     1
 90
        0
176
     1
290
     0
176
     1
 90
        1
176
     1
 40
0.0
176
     1
 90
        0
176
     1
290
     0
176
     1
290
     1
176
     1
290
     1
176
     1
290
     0
176
     1
290
     0
176
     1
290
     0
176
     1
290
     0
176
     1
290
     0
176
     1
290
     0
176
     1
 90
       50
176
     1
 40
0.0
176
     1
 40
1.0
176
     1
 90
        0
176
     1
 62
    18
420
        0
176
     1
 90
       50
176
     1
 90
        3
176
     1
 62
     5
420
      255
176
     1
290
     0
176
     1
 90
       50
176
     1
 90
       50
176
     1
 90
       50
176
     1
290
     0
176
     1
 90
       50
176
     1
 62
   256
176
     0
 40
1.0
176
     0
 90
        2
176
     1
  1
strokes_ogs.tif
176
     1
290
     0
176
     1
 40
1.0
176
     1
 40
1.0
176
     1
  0
VISUALSTYLE
  5
173
102
{ACAD_REACTORS
330
99
102
}
330
99
100
AcDbVisualStyle
  2
JitterOff
 70
    20
177
     3
291
     1
 70
    58
 90
        2
176
     0
 90
        2
176
     0
 90
        0
176
     0
 90
        0
176
     0
 40
0.6
176
     0
 40
30.0
176
     0
 62
     7
420
 16777215
176
     0
 90
        1
176
     0
 90
        4
176
     0
 62
     7
176
     0
 62
   257
176
     0
 90
        1
176
     0
 90
        1
176
     0
 40
1.0
176
     0
 90
       10
176
     2
 62
     7
176
     0
 40
1.0
176
     0
 90
        1
176
     0
 90
        6
176
     0
 90
        2
176
     0
 62
     7
176
     0
 90
        5
176
     0
 90
        0
176
     0
 90
        0
176
     0
290
     0
176
     0
 90
        1
176
     0
 40
0.0
176
     0
 90
        0
176
     0
290
     0
176
     1
290
     1
176
     1
290
     1
176
     1
290
     0
176
     1
290
     0
176
     1
290
     0
176
     1
290
     0
176
     1
290
     0
176
     1
290
     0
176
     1
 90
       50
176
     1
 40
0.0
176
     1
 40
1.0
176
     1
 90
        0
176
     1
 62
    18
420
        0
176
     1
 90
       50
176
     1
 90
        3
176
     1
 62
     5
420
      255
176
     1
290
     0
176
     1
 90
       50
176
     1
 90
       50
176
     1
 90
       50
176
     1
290
     0
176
     1
 90
       50
176
     1
 62
   256
176
     0
 40
1.0
176
     0
 90
        2
176
     1
  1
strokes_ogs.tif
176
     1
290
     0
176
     1
 40
1.0
176
     1
 40
1.0
176
     1
  0
VISUALSTYLE
  5
A7
102
{ACAD_REACTORS
330
99
102
}
330
99
100
AcDbVisualStyle
  2
Linepattern
 70
    14
177
     3
291
     1
 70
    58
 90
        2
176
     1
 90
        2
176
     1
 90
        1
176
     1
 90
        0
176
     1
 40
0.6
176
     1
 40
30.0
176
     1
 62
     7
420
 16777215
176
     1
 90
        1
176
     1
 90
        4
176
     1
 62
     7
176
     1
 62
   257
176
     1
 90
        7
176
     1
 90
        7
176
     1
 40
1.0
176
     1
 90
        8
176
     1
 62
     7
176
     1
 40
1.0
176
     1
 90
        1
176
     1
 90
        6
176
     1
 90
        2
176
     1
 62
     7
176
     1
 90
        5
176
     1
 90
        0
176
     1
 90
        0
176
     1
290
     0
176
     1
 90
        1
176
     1
 40
0.0
176
     1
 90
        0
176
     1
290
     0
176
     1
290
     1
176
     1
290
     1
176
     1
290
     0
176
     1
290
     0
176
     1
290
     0
176
     1
290
     0
176
     1
290
     0
176
     1
290
     0
176
     1
 90
       50
176
     1
 40
0.0
176
     1
 40
1.0
176
     1
 90
        0
176
     1
 62
    18
420
        0
176
     1
 90
       50
176
     1
 90
        3
176
     1
 62
     5
420
      255
176
     1
290
     0
176
     1
 90
       50
176
     1
 90
       50
176
     1
 90
       50
176
     1
290
     0
176
     1
 90
       50
176
     1
 62
   256
176
     0
 40
1.0
176
     0
 90
        2
176
     1
  1
strokes_ogs.tif
176
     1
290
     0
176
     1
 40
1.0
176
     1
 40
1.0
176
     1
  0
VISUALSTYLE
  5
174
102
{ACAD_REACTORS
330
99
102
}
330
99
100
AcDbVisualStyle
  2
OverhangOff
 70
    21
177
     3
291
     1
 70
    58
 90
        2
176
     0
 90
        2
176
     0
 90
        0
176
     0
 90
        0
176
     0
 40
0.6
176
     0
 40
30.0
176
     0
 62
     7
420
 16777215
176
     0
 90
        1
176
     0
 90
        4
176
     0
 62
     7
176
     0
 62
   257
176
     0
 90
        1
176
     0
 90
        1
176
     0
 40
1.0
176
     0
 90
        9
176
     2
 62
     7
176
     0
 40
1.0
176
     0
 90
        1
176
     0
 90
        6
176
     0
 90
        2
176
     0
 62
     7
176
     0
 90
        5
176
     0
 90
        0
176
     0
 90
        0
176
     0
290
     0
176
     0
 90
        1
176
     0
 40
0.0
176
     0
 90
        0
176
     0
290
     0
176
     1
290
     1
176
     1
290
     1
176
     1
290
     0
176
     1
290
     0
176
     1
290
     0
176
     1
290
     0
176
     1
290
     0
176
     1
290
     0
176
     1
 90
       50
176
     1
 40
0.0
176
     1
 40
1.0
176
     1
 90
        0
176
     1
 62
    18
420
        0
176
     1
 90
       50
176
     1
 90
        3
176
     1
 62
     5
420
      255
176
     1
290
     0
176
     1
 90
       50
176
     1
 90
       50
176
     1
 90
       50
176
     1
290
     0
176
     1
 90
       50
176
     1
 62
   256
176
     0
 40
1.0
176
     0
 90
        2
176
     1
  1
strokes_ogs.tif
176
     1
290
     0
176
     1
 40
1.0
176
     1
 40
1.0
176
     1
  0
VISUALSTYLE
  5
A3
102
{ACAD_REACTORS
330
99
102
}
330
99
100
AcDbVisualStyle
  2
Realistic
 70
     8
177
     3
291
     0
 70
    58
 90
        2
176
     1
 90
        3
176
     1
 90
        0
176
     1
 90
        2
176
     1
 40
0.6
176
     1
 40
30.0
176
     1
 62
     7
420
 16777215
176
     1
 90
        0
176
     1
 90
        0
176
     1
 62
     7
176
     1
 62
   257
176
     1
 90
        1
176
     1
 90
        1
176
     1
 40
1.0
176
     1
 90
        8
176
     1
 62
   257
176
     1
 40
1.0
176
     1
 90
        1
176
     1
 90
        6
176
     1
 90
        2
176
     1
 62
     7
176
     1
 90
        3
176
     1
 90
        0
176
     1
 90
        0
176
     1
290
     0
176
     1
 90
       13
176
     1
 40
0.0
176
     1
 90
        0
176
     1
290
     0
176
     1
290
     1
176
     1
290
     1
176
     1
290
     0
176
     1
290
     0
176
     1
290
     0
176
     1
290
     0
176
     1
290
     0
176
     1
290
     0
176
     1
 90
       50
176
     1
 40
0.0
176
     1
 40
1.0
176
     1
 90
        0
176
     1
 62
    18
420
        0
176
     1
 90
       50
176
     1
 90
        3
176
     1
 62
     5
420
      255
176
     1
290
     0
176
     1
 90
       50
176
     1
 90
       50
176
     1
 90
       50
176
     1
290
     0
176
     1
 90
       50
176
     1
 62
   256
176
     0
 40
1.0
176
     0
 90
        2
176
     1
  1
strokes_ogs.tif
176
     1
290
     0
176
     1
 40
1.0
176
     1
 40
1.0
176
     1
  0
VISUALSTYLE
  5
182
102
{ACAD_REACTORS
330
99
102
}
330
99
100
AcDbVisualStyle
  2
Shaded
 70
    27
177
     3
291
     0
 70
    58
 90
        2
176
     1
 90
        2
176
     1
 90
        1
176
     1
 90
        2
176
     1
 40
0.6
176
     1
 40
30.0
176
     1
 62
     7
420
 16777215
176
     1
 90
        0
176
     1
 90
        4
176
     1
 62
     7
176
     1
 62
   257
176
     1
 90
        1
176
     1
 90
        1
176
     1
 40
1.0
176
     1
 90
        8
176
     1
 62
   257
176
     1
 40
1.0
176
     1
 90
        1
176
     1
 90
        6
176
     1
 90
        2
176
     1
 62
     8
420
  7895160
176
     1
 90
        3
176
     1
 90
        0
176
     1
 90
        0
176
     1
290
     0
176
     1
 90
        5
176
     1
 40
0.0
176
     1
 90
        0
176
     1
290
     0
176
     1
290
     1
176
     1
290
     1
176
     1
290
     0
176
     1
290
     0
176
     1
290
     0
176
     1
290
     0
176
     1
290
     0
176
     1
290
     0
176
     1
 90
       50
176
     1
 40
0.0
176
     1
 40
1.0
176
     1
 90
        0
176
     1
 62
    18
420
        0
176
     1
 90
       50
176
     1
 90
        3
176
     1
 62
     5
420
      255
176
     1
290
     0
176
     1
 90
       50
176
     1
 90
       50
176
     1
 90
       50
176
     1
290
     0
176
     1
 90
       50
176
     1
 62
   256
176
     0
 40
1.0
176
     0
 90
        2
176
     1
  1
strokes_ogs.tif
176
     1
290
     0
176
     1
 40
1.0
176
     1
 40
1.0
176
     1
  0
VISUALSTYLE
  5
181
102
{ACAD_REACTORS
330
99
102
}
330
99
100
AcDbVisualStyle
  2
Shaded with edges
 70
    26
177
     3
291
     0
 70
    58
 90
        2
176
     1
 90
        2
176
     1
 90
        1
176
     1
 90
        2
176
     1
 40
0.6
176
     1
 40
30.0
176
     1
 62
     7
420
 16777215
176
     1
 90
        1
176
     1
 90
        2
176
     1
 62
     7
176
     1
 62
   257
176
     1
 90
        2
176
     1
 90
        1
176
     1
 40
1.0
176
     1
 90
        8
176
     1
 62
   257
176
     1
 40
1.0
176
     1
 90
        1
176
     1
 90
        6
176
     1
 90
        2
176
     1
 62
     7
176
     1
 90
        3
176
     1
 90
        0
176
     1
 90
        0
176
     1
290
     0
176
     1
 90
        5
176
     1
 40
0.0
176
     1
 90
        0
176
     1
290
     0
176
     1
290
     1
176
     1
290
     1
176
     1
290
     0
176
     1
290
     0
176
     1
290
     0
176
     1
290
     0
176
     1
290
     0
176
     1
290
     0
176
     1
 90
       50
176
     1
 40
0.0
176
     1
 40
1.0
176
     1
 90
        0
176
     1
 62
    18
420
        0
176
     1
 90
       50
176
     1
 90
        3
176
     1
 62
     5
420
      255
176
     1
290
     0
176
     1
 90
       50
176
     1
 90
       50
176
     1
 90
       50
176
     1
290
     0
176
     1
 90
       50
176
     1
 62
   256
176
     0
 40
1.0
176
     0
 90
        2
176
     1
  1
strokes_ogs.tif
176
     1
290
     0
176
     1
 40
1.0
176
     1
 40
1.0
176
     1
  0
VISUALSTYLE
  5
17E
102
{ACAD_REACTORS
330
99
102
}
330
99
100
AcDbVisualStyle
  2
Shades of Gray
 70
    23
177
     3
291
     0
 70
    58
 90
        2
176
     1
 90
        2
176
     1
 90
        3
176
     1
 90
        0
176
     1
 40
0.6
176
     1
 40
30.0
176
     1
 62
     7
420
 16777215
176
     1
 90
        2
176
     1
 90
        2
176
     1
 62
     7
176
     1
 62
     7
176
     1
 90
        1
176
     1
 90
        1
176
     1
 40
40.0
176
     1
 90
        8
176
     1
 62
     7
176
     1
 40
1.0
176
     1
 90
        1
176
     1
 90
        6
176
     1
 90
        2
176
     1
 62
     7
176
     1
 90
        3
176
     1
 90
        0
176
     1
 90
        0
176
     1
290
     0
176
     1
 90
        1
176
     1
 40
0.0
176
     1
 90
        0
176
     1
290
     0
176
     1
290
     1
176
     1
290
     1
176
     1
290
     0
176
     1
290
     0
176
     1
290
     0
176
     1
290
     0
176
     1
290
     0
176
     1
290
     0
176
     1
 90
       50
176
     1
 40
0.0
176
     1
 40
1.0
176
     1
 90
        0
176
     1
 62
    18
420
        0
176
     1
 90
       50
176
     1
 90
        3
176
     1
 62
     5
420
      255
176
     1
290
     0
176
     1
 90
       50
176
     1
 90
       50
176
     1
 90
       50
176
     1
290
     0
176
     1
 90
       50
176
     1
 62
   256
176
     0
 40
1.0
176
     0
 90
        2
176
     1
  1
strokes_ogs.tif
176
     1
290
     0
176
     1
 40
1.0
176
     1
 40
1.0
176
     1
  0
VISUALSTYLE
  5
17F
102
{ACAD_REACTORS
330
99
102
}
330
99
100
AcDbVisualStyle
  2
Sketchy
 70
    24
177
     3
291
     0
 70
    58
 90
        1
176
     1
 90
        2
176
     1
 90
        2
176
     1
 90
        0
176
     1
 40
0.6
176
     1
 40
30.0
176
     1
 62
     7
420
 16777215
176
     1
 90
        2
176
     1
 90
        2
176
     1
 62
     7
176
     1
 62
     7
176
     1
 90
        1
176
     1
 90
        1
176
     1
 40
40.0
176
     1
 90
       11
176
     1
 62
     7
176
     1
 40
1.0
176
     1
 90
        1
176
     1
 90
        6
176
     1
 90
        2
176
     1
 62
     7
176
     1
 90
        6
176
     1
 90
        0
176
     1
 90
        0
176
     1
290
     0
176
     1
 90
        1
176
     1
 40
0.0
176
     1
 90
        0
176
     1
290
     0
176
     1
290
     1
176
     1
290
     1
176
     1
290
     0
176
     1
290
     0
176
     1
290
     0
176
     1
290
     0
176
     1
290
     0
176
     1
290
     0
176
     1
 90
       50
176
     1
 40
0.0
176
     1
 40
1.0
176
     1
 90
        0
176
     1
 62
    18
420
        0
176
     1
 90
       50
176
     1
 90
        3
176
     1
 62
     5
420
      255
176
     1
290
     0
176
     1
 90
       50
176
     1
 90
       50
176
     1
 90
       50
176
     1
290
     0
176
     1
 90
       50
176
     1
 62
   256
176
     0
 40
1.0
176
     0
 90
        2
176
     1
  1
strokes_ogs.tif
176
     1
290
     0
176
     1
 40
1.0
176
     1
 40
1.0
176
     1
  0
VISUALSTYLE
  5
A6
102
{ACAD_REACTORS
330
99
102
}
330
99
100
AcDbVisualStyle
  2
Thicken
 70
    13
177
     3
291
     1
 70
    58
 90
        2
176
     1
 90
        2
176
     1
 90
        1
176
     1
 90
        0
176
     1
 40
0.6
176
     1
 40
30.0
176
     1
 62
     7
420
 16777215
176
     1
 90
        1
176
     1
 90
        4
176
     1
 62
     7
176
     1
 62
   257
176
     1
 90
        1
176
     1
 90
        1
176
     1
 40
1.0
176
     1
 90
       12
176
     1
 62
     7
176
     1
 40
1.0
176
     1
 90
        1
176
     1
 90
        6
176
     1
 90
        2
176
     1
 62
     7
176
     1
 90
        5
176
     1
 90
        0
176
     1
 90
        0
176
     1
290
     0
176
     1
 90
        1
176
     1
 40
0.0
176
     1
 90
        0
176
     1
290
     0
176
     1
290
     1
176
     1
290
     1
176
     1
290
     0
176
     1
290
     0
176
     1
290
     0
176
     1
290
     0
176
     1
290
     0
176
     1
290
     0
176
     1
 90
       50
176
     1
 40
0.0
176
     1
 40
1.0
176
     1
 90
        0
176
     1
 62
    18
420
        0
176
     1
 90
       50
176
     1
 90
        3
176
     1
 62
     5
420
      255
176
     1
290
     0
176
     1
 90
       50
176
     1
 90
       50
176
     1
 90
       50
176
     1
290
     0
176
     1
 90
       50
176
     1
 62
   256
176
     0
 40
1.0
176
     0
 90
        2
176
     1
  1
strokes_ogs.tif
176
     1
290
     0
176
     1
 40
1.0
176
     1
 40
1.0
176
     1
  0
VISUALSTYLE
  5
A0
102
{ACAD_REACTORS
330
99
102
}
330
99
100
AcDbVisualStyle
  2
Wireframe
 70
     5
177
     3
291
     0
 70
    58
 90
        0
176
     1
 90
        2
176
     1
 90
        0
176
     1
 90
        0
176
     1
 40
0.6
176
     1
 40
30.0
176
     1
 62
     7
420
 16777215
176
     1
 90
        1
176
     1
 90
        4
176
     1
 62
     7
176
     1
 62
   257
176
     1
 90
        1
176
     1
 90
        1
176
     1
 40
1.0
176
     1
 90
        0
176
     1
 62
   257
176
     1
 40
1.0
176
     1
 90
        1
176
     1
 90
        6
176
     1
 90
        2
176
     1
 62
     7
176
     1
 90
        3
176
     1
 90
        0
176
     1
 90
        0
176
     1
290
     0
176
     1
 90
        1
176
     1
 40
0.0
176
     1
 90
        0
176
     1
290
     0
176
     1
290
     1
176
     1
290
     1
176
     1
290
     0
176
     1
290
     0
176
     1
290
     0
176
     1
290
     0
176
     1
290
     0
176
     1
290
     0
176
     1
 90
       50
176
     1
 40
0.0
176
     1
 40
1.0
176
     1
 90
        0
176
     1
 62
    18
420
        0
176
     1
 90
       50
176
     1
 90
        3
176
     1
 62
     5
420
      255
176
     1
290
     0
176
     1
 90
       50
176
     1
 90
       50
176
     1
 90
       50
176
     1
290
     0
176
     1
 90
       50
176
     1
 62
   256
176
     0
 40
1.0
176
     0
 90
        2
176
     1
  1
strokes_ogs.tif
176
     1
290
     0
176
     1
 40
1.0
176
     1
 40
1.0
176
     1
  0
VISUALSTYLE
  5
180
102
{ACAD_REACTORS
330
99
102
}
330
99
100
AcDbVisualStyle
  2
X-Ray
 70
    25
177
     3
291
     0
 70
    58
 90
        2
176
     1
 90
        2
176
     1
 90
        1
176
     1
 90
        1
176
     1
 40
0.5
176
     1
 40
30.0
176
     1
 62
     7
420
 16777215
176
     1
 90
        1
176
     1
 90
        0
176
     1
 62
     7
176
     1
 62
   257
176
     1
 90
        1
176
     1
 90
        1
176
     1
 40
1.0
176
     1
 90
        8
176
     1
 62
     7
176
     1
 40
1.0
176
     1
 90
        1
176
     1
 90
        6
176
     1
 90
        2
176
     1
 62
     7
176
     1
 90
        3
176
     1
 90
        0
176
     1
 90
        0
176
     1
290
     0
176
     1
 90
       13
176
     1
 40
0.0
176
     1
 90
        0
176
     1
290
     0
176
     1
290
     1
176
     1
290
     1
176
     1
290
     0
176
     1
290
     0
176
     1
290
     0
176
     1
290
     0
176
     1
290
     0
176
     1
290
     0
176
     1
 90
       50
176
     1
 40
0.0
176
     1
 40
1.0
176
     1
 90
        0
176
     1
 62
    18
420
        0
176
     1
 90
       50
176
     1
 90
        3
176
     1
 62
     5
420
      255
176
     1
290
     0
176
     1
 90
       50
176
     1
 90
       50
176
     1
 90
       50
176
     1
290
     0
176
     1
 90
       50
176
     1
 62
   256
176
     0
 40
1.0
176
     0
 90
        2
176
     1
  1
strokes_ogs.tif
176
     1
290
     0
176
     1
 40
1.0
176
     1
 40
1.0
176
     1
  0
DICTIONARYVAR
  5
F0
102
{ACAD_REACTORS
330
66
102
}
330
66
100
DictionaryVariables
280
     0
  1
1:1
  0
DICTIONARYVAR
  5
EF
102
{ACAD_REACTORS
330
66
102
}
330
66
100
DictionaryVariables
280
     0
  1
STANDARD
  0
DICTIONARYVAR
  5
89
102
{ACAD_REACTORS
330
66
102
}
330
66
100
DictionaryVariables
280
     0
  1
STANDARD
  0
DICTIONARYVAR
  5
1B7
102
{ACAD_REACTORS
330
66
102
}
330
66
100
DictionaryVariables
280
     0
  1
Imperial24
  0
DICTIONARYVAR
  5
1B8
102
{ACAD_REACTORS
330
66
102
}
330
66
100
DictionaryVariables
280
     0
  1
Imperial24
  0
DICTIONARYVAR
  5
67
102
{ACAD_REACTORS
330
66
102
}
330
66
100
DictionaryVariables
280
     0
  1
2
  0
DICTIONARYVAR
  5
6B
102
{ACAD_REACTORS
330
66
102
}
330
66
100
DictionaryVariables
280
     0
  1
1
  0
DICTIONARYVAR
  5
14D
102
{ACAD_REACTORS
330
66
102
}
330
66
100
DictionaryVariables
280
     0
  1
0
  0
DICTIONARYVAR
  5
14E
102
{ACAD_REACTORS
330
66
102
}
330
66
100
DictionaryVariables
280
     0
  1
0
  0
DICTIONARY
  5
194
330
22
100
AcDbDictionary
280
     1
281
     1
  0
DICTIONARY
  5
188
330
97
100
AcDbDictionary
280
     1
281
     1
  3
FBXASSET
360
189
  0
DICTIONARY
  5
186
330
96
100
AcDbDictionary
280
     1
281
     1
  3
FBXASSET
360
187
  0
DICTIONARY
  5
110
330
98
100
AcDbDictionary
280
     1
281
     1
  3
BUMPTILE
360
112
  3
DIFFUSETILE
360
111
  3
FBXASSET
360
18A
  3
OPACITYTILE
360
113
  3
REFLECTIONTILE
360
114
  0
DICTIONARY
  5
104
330
87
100
AcDbDictionary
280
     1
281
     1
  3
ACAD_ROUNDTRIP_2008_TABLESTYLE_CELLSTYLEMAP
360
10F5
  0
XRECORD
  5
189
102
{ACAD_REACTORS
330
188
102
}
330
188
100
AcDbXrecord
280
     1
 70
     1
 90
429727718
  1
508B35C9-AEE7-456F-BE74-D52651303AC6
310
504B03040A0000080000B670623B3DEE336E79000000790000001B0000006175746F6465736B2D64657369676E2D7061636B6167652E786D6C3C3F786D6C2076657273696F6E3D22312E302220656E636F64696E673D227574662D3822203F3E3C666F726D6174733E3C666F726D61743E687474703A2F2F736368656D612E
310
6175746F6465736B2E636F6D2F64657369676E2D7061636B6167652F323030393C2F666F726D61743E3C2F666F726D6174733E504B0304140006080800B670623BD486FD9CA0000000F4000000130000005B436F6E74656E745F54797065735D2E786D6C7D8EC10E82300C865F65E91D8A1E8C310C0EEA1BF002731658846E
310
D98AC1B77784ABF1D8FE5FBFBF75BBCE937A534CCEB38643598122B6FEE978D0B0485F9C41B54DDD7D022595594E1A469170414C76A4D9A4D207E29CF43ECE46F218070CC6BECC4078ACAA135ACF422C856C0E68EA1BF5669944DDD7BCDE7B1F8E415D77AECB980613C2E4AC91FC167A2B244592486606FC29C8FD7F045B9A
310
EF7053A7E60B504B0304140006080800B670623B28ED286BEB0000007C01000008000000636F72652E786D6C8D90416EC3201045AF82665B6183218D6D61A254764FD00B204C5C94182C03558F5F9C3852BBEB6A467FFE9B197D71FA9E6FE8CBACC17AD7012D0820E3B41FAD9B3A48F1826B40272956EFE32F1B20A766D3C1
310
268314D3EAD3B24BDABB685CCCAAF3A3D94515828980F42D371D04FD696655A814B3235C8B45E9AB9A4C419F5D8653B2237A1CB163DE672FD6AC209BF3C08E0D1B30EB19C3FC9D72FCC6EB231EFA33EDE96BDD341517E5064B11EDFCBCAF57A3A2194156843498524CAA0FCA5B7268F9E185D42D21A2DCEC7FA0B48CFF8492
310
759155FBBB0F2C80A4F991FB408A72CB22977B50B96EB9C91F504B0304140006080800B670623B55019EA25F0000007C00000007000000636E782E786D6C4DCB3B0E80201045D1AD90E915ED2CF8AC45050C11660C8261F98AB1B07AC9C97D42D718D865D3E909258CFD00CCE24AC6E326A164D74DC0B4128928FF32603847
310
2BA13128B1252AC747C6BAB984FC68F0B87FE8960A5C09FE86CFB69FBA01504B0304140006080800B670623B7BC41AC871010000D40300000C0000006662782F636F72652E786D6CC553ED6E8320147D15C2DF4501B56B6D90A64BBB27D80B50A5CE54C120983EFEAE1F4DD7A56BBA5FF3879273EEE59E7310BE393735EA95
310
ED2AA333CC428A91D2B9292A5D66D8BB63B0C26823B835C67D2BC348CB46657880B1E0A535BE9DA1DC68A7B403549B42CDA0EC3AE530CA6B5864B8CB3F552343E91D5474A7B095F949962A6421D0502778E72C0840D390E18DC5F170E664C205F7BE2A66B62A605A75AC94C522DDEEE3651AEF837817C741F2CE92E02D592D
310
83FD6ECB76EC7595A651C2C9D02CB8AB9A8BBADC2AE954814544691A3016D0E883256BBA58278B17BA5A53CAC9507ED3E4DBE2C9265F691747B3DCA9ADC382819091F8E1162272A8933DE82182932144F88C09DF060D8140C84E1EEA8B8F1340BDCA9DB1093085F157AA97B557309586747CD0EF0B4EA64E983A6E0EAEEFCE
310
889E9EF17847386AA94B30211D2C0FDE0D3AF9A4610EAD5536E8DD1969631B593F67E381C33F5157F17725E5A636F6BF1491F980C8FC7B90E13E8A2F504B0304140006080800B670623B70102A487D0000009D0000000B0000006662782F636E782E786D6C4DCCD10A83201886E15B91FFDC95A5C30335ACCDFB886521330D
310
A76397BF1A1DECE883878F57749FD5A3B74D2F17830472A901D9F088930B8B849267CC01754AA418F3DF0D5018572BE160506249B16C274D761E8BCFBB7A179E27F65CB39A0F14D396184C9921B81F34C3ACA1B4B99ABB6E6F062A25AA5F69DF23ACBE504B0304140006080800B670623B3610CA3329010000120200003100
310
00006662782F42384135303843342D343331462D343546312D424341352D3532343432364645413344462F636F72652E786D6C8D515B6EC32010BC0AE22B55850D0E446E848992B43E412FE000495162B07854397EA176A4F62F3F2C9A9D991D58BEBB8F37F0AD7D30CE76905418026DA553C65E3A98E219B510EC04F7CEC5
310
3F3408EC30EA0E16180A7EF12E4D0B249D8DDAC68C5AA7F4020E21E80881BCE54B0783FCD2E3500D296646B856D320AFC34557A4CAEDCC133C449F0380794839A138B47B86DB2345744D7A44594FD0E1B867883594369BFE63BF7EEF793D0B054FC9A8456E548E63CE46FB674D8A58F068C6477CE9F510B582A2C1F80D1182
310
70F349E816B32D65AFB8DD62CCEB42FF274A937A52948C8DEB66893BCB021484D7734370E5D2E9F608A3EF93F3119479ABA0E50B14B8C298119A43CCC4FCFCECB8A18B6388CEE7EF5D5D4F994BD86CBBA182D76543B9FCAE2FD7B24DF103504B0304140006080800B670623B1B8617914E0100003303000030000000666278
310
2F42384135303843342D343331462D343546312D424341352D3532343432364645413344462F636E782E786D6CD593C16EC32010447F0571AD6CE3D489D20813A9877E410FBD62D82434182CC055F3F75D1292E692438FBD206B7698593D61BEFD1E2DF982108D773D6D6B460938E5B571FB9ECE6957AD29D90A1EBC4F7736
310
4A9C1CA1A759A682EF839FA72269D8C9D92654AD71C72206887E0E0A22CAF926B15E498B01E0AA19451807D01A34B919F16B070157417138917400F2F6FA41FCF0092A45DEE414C19BDC21783E4BD39D891265658C3D8DEA00A3ACE59CBC8678ACB54CB26EEB6BD7839D7E9348BE70AD9C8321B9BCA7F9A4A26C542347DEE0
310
50F09802D22BA6749A800A394DD62899107273365E3C82CFC6A55557BC06C10774B7ABE7AEC3B0F34CF06446280E154026D0542C187BA9DAB6628BF7B6DBB0E5A65B3EB1F58631DE64BBE083F7B65CC218087E22CABB042E51D1F2268F1FE12B3EA24D40D63E9CFE00120194D60B9D5BC67FE6D39CDF37E20AF817881F504B
310
0304140006080800B670623BBFEF2E3B690500003C100000340000006662782F42384135303843342D343331462D343546312D424341352D3532343432364645413344462F6F626A656374732E786D6CAD575D739B3814FD2B0CFB0C98D84E931D4227B6938EA793B6534F3BFB90198F0099B001899144EAECAFDF231018B0
310
D37A3FFC609090EEE7B94757C1FB7D915B2F54C88CB31BDB7727B64559CC938CA53776A576CE956DBD0F03C1B9EA2DB32D460A7A63EB693B0C52C1ABD24C257447AA5C8D66EF177F5832A68CDA569C13296F6C193FD182B8A4523CA1F2D94D88226EBADBBBBEDB2C1C8A4D05299F46424B222853B014F30C52ACC6287F389C
310
D85E1878FA7B18E87FB36AFAF62AAFF667A83F635211161F291B8999FAB3D5DDC5FCDA99CF6653677679E13B8BFBC5CAF1DF4D27CBCBE5F2FAF6EE1A8AA51290642C117467871F101B91C581D77CEA2C36869F3229E68CD1B8F61F1ED6361B89092D294B90C78C4A68EB793D190E7D1D9BDEE7A91E1B95FDE9F3BCEAEFE809
310
6A6D6F9F7D4B79F4275C90E7A04248AA51D5C4C738DAE06F72885AC4796EBE65D22A88A22223B995679120E2D50EB1542F098381188D4EA111AE3DB043FF20AF6F2B4AE3D7D83D65E5AECA730D4D3BAC91BD05FEA992B565D95F549CD6069B90AB2A63EACA38A45E4B6A87D781574F86817E4C2FCCC72690D62E2729520E37
310
9BAF234797BAF6D62B3BFC781FED37BA1E4F2B2F052FA9501A3E80569BB8F6A9A364D4FA67654E6F803383981F82F21591FF84F23D9882BC896C3FDBCF8C162508933B2E0AE4C69DD43F6BD2BE38DDDBF10BF86CB4FA784D37F3AF16075E67EC9030DECA1FC0A55373F5DFF3378C591FA9BDF485C10B0A8C8BA909E5262639
310
A8E72163488806A595734C81CB77D1DE0ED7604A303B76913CEC0272F412782FF88EFF4636D8AA56DF7B322474C4B767303F625997056C7B032C473C592B36CEBD15F3F9FF5233B7ABCDC74D257624A60F8658567497B14CE1EC3C80B76FD02011038F9EE9EB0F2E12387A9C844D3F09855125116D1D731DF8B43D2CF4E0A0
310
79A020C6BE946BCE0B7EA1E1219331CD73C228AF5A2DDD31A4B1DA918CE91350854D40A71723140BFA92E94E62B0626016CEFA5864A50E5977E8753CEDBEE1CBB7F52780D20E17AF0BA0F5F9B02A3AD07DCC732EB6D1EBB661421BE0C39E21BABF0FE16D22EA6929407C8DE596724C88B749B6DB5512BC7B228ADFD7CB7EA6
310
3A22397E690BA8D5D8D4E40CEC8CDA23C2C0B7D5898640101CEC9C6D331CE328CB93CAFBBAC70A642DF70DF95155945B52F08AA973C23469FD69ADEF84F7BB18F983A8F8C90E37F5D35980B2139A1C523540813E824EF83448CF7C72B598CE97D7CEEDDDDD3B6736BFBC771677EF66CE6A7E7139F7A793E9EDF2B2B3A8B624
310
0CDA13AA5F8388264EC4A0129909F3B7F5A16CEDF08128E97D680ACA4B9BE7B7B58BB638F0B00700EF36AE8B32A705658A68F83EE897FC2B41573190D1CCAF0B92D233A47CFEB019D9809933F67DD1A5467F8CF69AD9A5AE859342D45355448C64F968A371DC2D596ADC6E43D93D1B466F877A64E2893E54F23C4B40388995
310
525E5005DA3983ED45412510D3EFCA13737B3863F74BD30F2A12E5B4B5E489A025CE25500DB855B11ACE5BBFA185D35DD48D8DC3CE7DC69F2944DB42AA6F6CF09BCA622ADD08C7A36E7C6AE18000BAB08E040135C2D21C9D75B3A91B77BB746C403F38018DFE6EC939DD92F16B40BC05294B9CDA035AAD6D330AE27FE4786B
310
8E45145EA34A75BE1C263A676A35A8ACC6297337400BF16C54EF515F3F77CB77EB3583889C754FFA29081AA98E2222ADEF05DA3E63D2EDEA8B8756C05A7FB6CABC4A91CBF325398202CC952E70A008A830324BA200D5E5EF8F5F04C75DB4B0EE3340E071C98B823333B83577596BF3849B69F2085AA0FAFA212F26BEFF5877
310
FDE622B28D88A42E49E43326DA82D31E8CB006401E1DA726059ECEC168F97A6599036306A135688F9AD2E61A6EA178F4CD51974A9F2CCB9F36FE5EBD14601068D9C3BF01504B0304140006080000B670623B000000000000000000000000350000006662782F42384135303843342D343331462D343546312D424341352D35
310
32343432364645413344462F76657274696365732E62696E504B0304140006080800B670623BF270F1330600000004000000360000006662782F42384135303843342D343331462D343546312D424341352D3532343432364645413344462F747269616E676C65732E62696E636660600000504B0304140006080000B67062
310
3B000000000000000000000000370000006662782F42384135303843342D343331462D343546312D424341352D3532343432364645413344462F617474726962757465732E62696E504B0304140006080800B670623B08DA0BD19000000041010000360000006662782F42384135303843342D343331462D343546312D4243
310
41352D3532343432364645413344462F6469726563746F72792E786D6C858F410AC3201045AF22B36F53E9A60B35CBEEBAE80D244E44489C6234F4F835464A48035D0DF398FF9F8AF63D0E6CC63039F212F8F9020C7D47C6792B21C5FE7403D62A1188E2E60C98D7234A5830286103A55745067B9D86B8A3CF9C7F90C11DE6
310
07FB144396D7B6A82D282E9A152AD114D5EF2CB866EEE831B8EEA07A7BB5A8D7D61A2BAAEB7FD5F70921FF497D00504B0304140006080800B670623B3B4606F3FE000000A00100003B0000006662782F42384135303843342D343331462D343546312D424341352D3532343432364645413344462F7265736F75726365732F
310
636F72652E786D6C8D504B6E833010BD0A9A6D65B08134808CA354A427E8052C332156828DFCA97AFC9A40A576D7CDCCE87D344F8F9FBEE647F689CE6B6B7A6039850C8DB2A336530F315C4903D94970676DF82583CCC8197B5861107C72362E3BA4AC096842428D1D7107A5F71820538F74F4E0D50D6799CB1892C2DFF345
310
AABB9C306779A2934E701F5C0A906D4FD609C2A1B7D129F4BCD858C163D4E3AED163FAA9AF1A1D88F67CA98E6D35906AA82A52BFB39ABCD5CD915C86331BD86BD3B665CD8BD52C78D0F34F46E550061C419494B6843142CB0F5677F4D0D58717DA7494F26295FF31C565FCA7296A13AA728FBBD93C0896823C09C18BB5AFB4
310
9E65A6BD762BBE01504B010214000A0000080000B670623B3DEE336E79000000790000001B00000000000000000000000000000000006175746F6465736B2D64657369676E2D7061636B6167652E786D6C504B01021400140006080800B670623BD486FD9CA0000000F40000001300000000000000000000000000B2000000
310
5B436F6E74656E745F54797065735D2E786D6C504B01021400140006080800B670623B28ED286BEB0000007C010000080000000000000000000000000083010000636F72652E786D6C504B01021400140006080800B670623B55019EA25F0000007C000000070000000000000000000000000094020000636E782E786D6C50
310
4B01021400140006080800B670623B7BC41AC871010000D40300000C00000000000000000000000000180300006662782F636F72652E786D6C504B01021400140006080800B670623B70102A487D0000009D0000000B00000000000000000000000000B30400006662782F636E782E786D6C504B01021400140006080800B6
310
70623B3610CA3329010000120200003100000000000000000000000000590500006662782F42384135303843342D343331462D343546312D424341352D3532343432364645413344462F636F72652E786D6C504B01021400140006080800B670623B1B8617914E010000330300003000000000000000000000000000D10600
310
006662782F42384135303843342D343331462D343546312D424341352D3532343432364645413344462F636E782E786D6C504B01021400140006080800B670623BBFEF2E3B690500003C10000034000000000000000000000000006D0800006662782F42384135303843342D343331462D343546312D424341352D35323434
310
32364645413344462F6F626A656374732E786D6C504B01021400140006080000B670623B0000000000000000000000003500000000000000000000000000280E00006662782F42384135303843342D343331462D343546312D424341352D3532343432364645413344462F76657274696365732E62696E504B010214001400
310
06080800B670623BF270F133060000000400000036000000000000000000000000007B0E00006662782F42384135303843342D343331462D343546312D424341352D3532343432364645413344462F747269616E676C65732E62696E504B01021400140006080000B670623B00000000000000000000000037000000000000
310
00000000000000D50E00006662782F42384135303843342D343331462D343546312D424341352D3532343432364645413344462F617474726962757465732E62696E504B01021400140006080800B670623B08DA0BD1900000004101000036000000000000000000000000002A0F00006662782F42384135303843342D3433
310
31462D343546312D424341352D3532343432364645413344462F6469726563746F72792E786D6C504B01021400140006080800B670623B3B4606F3FE000000A00100003B000000000000000000000000000E1000006662782F42384135303843342D343331462D343546312D424341352D3532343432364645413344462F72
310
65736F75726365732F636F72652E786D6C504B0506000000000E000E0080040000651100000000
  0
XRECORD
  5
187
102
{ACAD_REACTORS
330
186
102
}
330
186
100
AcDbXrecord
280
     1
 70
     1
 90
429727718
  1
887D55A9-D0DD-414E-B741-A7DCD4DA2B4C
310
504B03040A0000080000B670623B3DEE336E79000000790000001B0000006175746F6465736B2D64657369676E2D7061636B6167652E786D6C3C3F786D6C2076657273696F6E3D22312E302220656E636F64696E673D227574662D3822203F3E3C666F726D6174733E3C666F726D61743E687474703A2F2F736368656D612E
310
6175746F6465736B2E636F6D2F64657369676E2D7061636B6167652F323030393C2F666F726D61743E3C2F666F726D6174733E504B0304140006080800B670623BD486FD9CA0000000F4000000130000005B436F6E74656E745F54797065735D2E786D6C7D8EC10E82300C865F65E91D8A1E8C310C0EEA1BF002731658846E
310
D98AC1B77784ABF1D8FE5FBFBF75BBCE937A534CCEB38643598122B6FEE978D0B0485F9C41B54DDD7D022595594E1A469170414C76A4D9A4D207E29CF43ECE46F218070CC6BECC4078ACAA135ACF422C856C0E68EA1BF5669944DDD7BCDE7B1F8E415D77AECB980613C2E4AC91FC167A2B244592486606FC29C8FD7F045B9A
310
EF7053A7E60B504B0304140006080800B670623BBC1638F5EC0000007C01000008000000636F72652E786D6C8D90416EC3201045AF82665B61836BE2D8C24471DB9CA01740401C94182C03558F5F9C3852BBEB6A467FFE9B197D7EF89E6EE8CB2CC17AD7032D0820E394D7D68D3DA478C67B4007C117EFE32F1B202727D3C3
310
2A83E0E3E2D3BC49CABB685CCCAAF3DA6CA20CC14440EA969B1E82BA98491632C5EC08D76296EA2A4753D06797E194AC468F2356E77DF66CCD02825543D50CACC62D39ED70FDC68EB8FD68F6F8787A6784342D1DDA1D2F5758F068A7E77DB518198D065111D2624A31A93E69DD11D6D5EC85EC3B4278B9DAFF4069D6FF8492
310
75F1B5DADE7D600104CD8FDC0782976B16B9DC83CA75CD4DFC00504B0304140006080800B670623B55019EA25F0000007C00000007000000636E782E786D6C4DCB3B0E80201045D1AD90E915ED2CF8AC45050C11660C8261F98AB1B07AC9C97D42D718D865D3E909258CFD00CCE24AC6E326A164D74DC0B4128928FF326038
310
472BA13128B1252AC747C6BAB984FC68F0B87FE8960A5C09FE86CFB69FBA01504B0304140006080800B670623B3586FFB671010000D40300000C0000006662782F636F72652E786D6CC553ED6E8320147D15C2DF4541A76D6D90A6DDD627D80B50A4CE54C120983EFEAE1F4DD7A55BBA5FF3879273EEE59E7310B6393735EA
310
95ED2AA3731C851423A5A5292A5DE6D8BB63B0C268C39935C67D29C3488B46E578803167A535BE9D2169B453DA01AA4DA16650749D7218C91A1639EEE4876A4428BC838AEE14B6429E44A9C228041AEA38EB9C0501681A32BC313F1ECE8C4C3867DE57C5CC56054CAB8E95B298A7F12E5EEED224C8E87E11242FE936C8DE96
310
AB60BB7F4D295D66D12E5B30323473E6AAE6A24E5A259C2A308F29CD82280A68FC1E256B9AAE93F489AED694323294DF34F9B678B0C957DA3DC7B3DCA9ADC33C022123F1CD2D44E450277AD04338234388F01913BE0D1A0281909D38D4171F27807A259DB1093085F157AA17B557309586747CD0CF0B46A64E983A6E0EAEEF
310
CE881F9EF1FB8E70D44297604238581EBC1B74B249C31C5AAB6CD0BB33D2C636A27ECCC62F0EFF445DC5DF95244D6DEC7F2922F30191F9F720C37DE49F504B0304140006080800B670623B4220A0FF7D0000009D0000000B0000006662782F636E782E786D6C4DCCD10A83201886E15B91FFDCE542CB0335D0EC3E6259C84A
310
C3E9D8E5AF46073BFAE0E1E315DD675BD1DBA5978F41C2FD4600B9F088930F8B849267CC01754AA418F3DF0D50183727E164506249B1EC174D6E1ECB9A0F5D7D785E68DB8151CD286E5A5363CA6B8A39E90D36D40E96B086F55A43A544F52B1D7B86D517504B0304140006080800B670623B2FA3FEDE290100001202000031
310
0000006662782F45374635344235342D363743322D343832342D383044432D4334454645303536354442422F636F72652E786D6C8D515B6EC32010BC0AE22B55850D2E386E848994D7097A0117488A1283C5A3CAF10BB523B57FF961D1ECCCECC0F2ED7DBC816FED8371B687A4C210682B9D32F6D2C314CFA883602BB8772E
310
FEA141608751F7B0C050F08B77695A20E96CD43666D43AA5177008414708E42D5F7A18E4971E876A483133C2B59A06791D2EBA22556E679EE021FA1C00CC43CA09C5717D6274C7286AD7FB06D1AEA1A8C3873DDAD3E3E98859CB0EBB1DAF67A1E02919B5C88DCA71CCD968FFAC49110B1ECDF8882FBD1EA256503418BF2342
310
106E3E08DD60B6A1EC15771B8C795DE8FF4469524F8A92B1F1AD59E2CEB20005E1F5DC105CB9F4797B84D1F7C9F908CABC55D0F2050A5C61CC1AD2F27A26E6E767C7962E8E213A9FBF7775FDCC5CC266DB960A5E970DE5F2BBBE5CCB36C50F504B0304140006080800B670623B1B8617914E01000033030000300000006662
310
782F45374635344235342D363743322D343832342D383044432D4334454645303536354442422F636E782E786D6CD593C16EC32010447F0571AD6CE3D489D20813A9877E410FBD62D82434182CC055F3F75D1292E692438FBD206B7698593D61BEFD1E2DF982108D773D6D6B460938E5B571FB9ECE6957AD29D90A1EBC4F77
310
364A9C1CA1A759A682EF839FA72269D8C9D92654AD71C72206887E0E0A22CAF926B15E498B01E0AA19451807D01A34B919F16B070157417138917400F2F6FA41FCF0092A45DEE414C19BDC21783E4BD39D891265658C3D8DEA00A3ACE59CBC8678ACB54CB26EEB6BD7839D7E9348BE70AD9C8321B9BCA7F9A4A26C542347DE
310
E050F09802D22BA6749A800A394DD62899107273365E3C82CFC6A55557BC06C10774B7ABE7AEC3B0F34CF06446280E154026D0542C187BA9DAB6628BF7B6DBB0E5A65B3EB1F58631DE64BBE083F7B65CC218087E22CABB042E51D1F2268F1FE12B3EA24D40D63E9CFE00120194D60B9D5BC67FE6D39CDF37E20AF817881F50
310
4B0304140006080800B670623B29652116630500003C100000340000006662782F45374635344235342D363743322D343832342D383044432D4334454645303536354442422F6F626A656374732E786D6CAD575D739B3814FD2B0CFB0C989834C90EA1639B24E3E9A6EDD4D3CE3E64C623834CD8006224913AFDF57B040203
310
B65BEF871F0C12D2FD3CF7E8CA7FBFCB33E3957291B2E2D674ED8969D02262715A24B76625B7D6B569BC0F7CCE98EC2D338D82E4F4D654D366E0279C55A59E8AE99654991CCDDECFFF3444440B6A1A514684B83545F44C7362934AB2988A173B2692D8C97667BB76B3702836E1A47C1E092D09A78584A5982F20C5688C7287
310
C389E904BEA3BE07BEFAD7ABA6A75739B53F43FD69212429A20365233153D70BEF2E2E6FAC4BCF9B5ADEBB0BD79ADFCF43CBBD9A4E16EF168B9BD9DD0D140BC921495BC2E9D60C1E101B9E46BED37CEA2CD6861F3329624541A3DA7F7858DBAC25C6B4A4458C3CA654405BCFEBC970E8AAD8F43E4FD558ABEC4F9FE7557F47
310
4F506B7BFBEC5BCA367FC105710E2AB8A00A554D7CB4A30DFE26FBA86D18CBF4B75418399194A72433B274C3097F33032C554B027F2046A1932B842B0FCCC0DDCBEBDB8AD2F835768F59B9ADB24C41D30C6A64AF817F2A456D59FA83F2E3DA60137255A585BCD60EC9B7929AC18DEFD49381AF1ED30BFDB109A4B1CD488294
310
C3CDE6EBC8D185AABD6568061FEE37BB95AAC7E3CA4BCE4ACAA5820FA0D526AE7DAA2869B5EE5999531BE0CC20E6FBA07C41E43FA27CF7A6206F3CDD793B4F6B919C1462CB788EDCD893FA674CDA17AB7B3B7C019F8D561FAEE966FED562DFE98C1D12C6A9FC015C2A35D7FF3D7FC398F591DA4B5FE0BFA2C0189FEA50AE22
310
92817A1ED3020951A03432862970F976B33383259812CC8E5D240BBA801CBCF8CE2BBEE3BF910DB6AAD5F79E05123AE2DB33981FB1ACCB02B69D00CB014FD68AB573A7627EF9BFD4CC2C5C7D58557C4B22FAA88925A4DBB44825CECE3D78FB060D1231F0E885BE7D673C86A3874958F593906B5502D1563157814FDAC3420D
310
F69A070A22EC4B98E23CFF171A1E5311D12C23056555ABA53B8614563B92D17D02AAB009E8F46284624E5F53D5490C560CCCC2591FF1B45421EB0EBD8EA7ED13BE7C5D7E0428CD60FEF60779EB13E6664FF711CB185F6FDED60D139A001FF60CD1FD6D086F1D51474901E26B2CB794A343BC8ED3EDB612E0DD2351FCB65CF4
310
33D511C9E14B5B40ADC6A6263DB0336A8F700DDF56271A024E70B0B3629DE21847591E55DED73D56206AB927E46FAABC5C939C55853C274C93D69FD6FA4E78BF8B11DF898C9ECD60553FAD39283BA6F18984AA23E8884F83F45C5F5F859797B31B2B9C84A1E5B9DE9D35BFF25C6B76152E422F9C5DCC3D847F5801ED09D5AF
310
41441327A25FF15487F9EB725FB666F048A4701E9A827292E6F97569A32DF61DEC01C0BB8DCBBCCC684E0B49147C1FD54BF685A0AB18C868E6973949E819523E3DAC463660E68C7D9F55A9D1EFA3BD7A76A16AE1A810F95CE59B82A4D968A376DC2E8B44BBDD86B27B368CDE0ED548C7137DA860591A83706223A12CA712B4
310
7306DBF39C0A20A6DF95C7FAF670C6EED7A61F946493D1D6926782963813403548A78AE470DEF80D2D9CEAA26E4D1C76F60BFE74219A06527D6B82DF641A51616F703CAAC6A7160E08A00BEB4810A0274592A1B36E3675E36E978A0DE80727A0D6DF2D39A75BD27E0D8837276589537B40ABB56D5A41F48F1C6FCD3188C4EB
310
A6929D2FFB89CE995A4D00AE813BDD032DC48B56BD437DFDDC2DD7AED70C2272D63DE9A72068A45A92F0A4BE17A8A06B9366E16707AD80B1FC649459952097E74BB23805982B55E0401150A165964402AA8BDF9F3E7386BB686EDCA780C0D382E5392BF460A6EFB2C6EA1937D3F809B440D5F5435C4C5CF7A9EEFAF54564BD
310
2182DA24162F98680B4E7930C21A0079709CEAEB99A372305ABE0C0D7D6078105A83F6A0296DAEE1068A47DD1C55A9F4C9B2FC69E3EFD44B81028E963DF81B504B0304140006080000B670623B000000000000000000000000350000006662782F45374635344235342D363743322D343832342D383044432D433445464530
310
3536354442422F76657274696365732E62696E504B0304140006080800B670623BF270F1330600000004000000360000006662782F45374635344235342D363743322D343832342D383044432D4334454645303536354442422F747269616E676C65732E62696E636660600000504B0304140006080000B670623B00000000
310
0000000000000000370000006662782F45374635344235342D363743322D343832342D383044432D4334454645303536354442422F617474726962757465732E62696E504B0304140006080800B670623B08DA0BD19000000041010000360000006662782F45374635344235342D363743322D343832342D383044432D4334
310
454645303536354442422F6469726563746F72792E786D6C858F410AC3201045AF22B36F53E9A60B35CBEEBAE80D244E44489C6234F4F835464A48035D0DF398FF9F8AF63D0E6CC63039F212F8F9020C7D47C6792B21C5FE7403D62A1188E2E60C98D7234A5830286103A55745067B9D86B8A3CF9C7F90C11DE607FB144396
310
D7B6A82D282E9A152AD114D5EF2CB866EEE831B8EEA07A7BB5A8D7D61A2BAAEB7FD5F70921FF497D00504B0304140006080800B670623B6378F24DFF000000A00100003B0000006662782F45374635344235342D363743322D343832342D383044432D4334454645303536354442422F7265736F75726365732F636F72652E
310
786D6C8D504B6E833010BD0A9A6D65B0094E42641C85B639412F6099496225D8C89FAAC7AF09546A77DDCC8CDE47F3F4C4F16B7C149FE88371B603565228D06A37187BED20C50BD9437194C23B177FC9A0B06AC40E6618A4B87A97A615D2CE46B431A3D60DB8822A048C50E8473E3A08FA86A32A558A5911EEE5A4F45D5DB1
310
6465A6B34E8A107D0E502C4FE609D26370C96B0CA25A58295232C3AA3143FE692E063D485EF7F5AEE71BD2D2F39634AFFC44DAF7DD9E9CCE6F9CD25DCBFA762BAAD92C4534E34F46ED51451C40D694B6843142EB0FD61C283F34FC85EE0F948A6A96FF31A569F8A729191B37F51A77B105902C0779125254735F793DCBCC7B
310
EE567E03504B010214000A0000080000B670623B3DEE336E79000000790000001B00000000000000000000000000000000006175746F6465736B2D64657369676E2D7061636B6167652E786D6C504B01021400140006080800B670623BD486FD9CA0000000F40000001300000000000000000000000000B20000005B436F6E
310
74656E745F54797065735D2E786D6C504B01021400140006080800B670623BBC1638F5EC0000007C010000080000000000000000000000000083010000636F72652E786D6C504B01021400140006080800B670623B55019EA25F0000007C000000070000000000000000000000000095020000636E782E786D6C504B010214
310
00140006080800B670623B3586FFB671010000D40300000C00000000000000000000000000190300006662782F636F72652E786D6C504B01021400140006080800B670623B4220A0FF7D0000009D0000000B00000000000000000000000000B40400006662782F636E782E786D6C504B01021400140006080800B670623B2F
310
A3FEDE290100001202000031000000000000000000000000005A0500006662782F45374635344235342D363743322D343832342D383044432D4334454645303536354442422F636F72652E786D6C504B01021400140006080800B670623B1B8617914E010000330300003000000000000000000000000000D2060000666278
310
2F45374635344235342D363743322D343832342D383044432D4334454645303536354442422F636E782E786D6C504B01021400140006080800B670623B29652116630500003C10000034000000000000000000000000006E0800006662782F45374635344235342D363743322D343832342D383044432D4334454645303536
310
354442422F6F626A656374732E786D6C504B01021400140006080000B670623B0000000000000000000000003500000000000000000000000000230E00006662782F45374635344235342D363743322D343832342D383044432D4334454645303536354442422F76657274696365732E62696E504B01021400140006080800
310
B670623BF270F13306000000040000003600000000000000000000000000760E00006662782F45374635344235342D363743322D343832342D383044432D4334454645303536354442422F747269616E676C65732E62696E504B01021400140006080000B670623B0000000000000000000000003700000000000000000000
310
000000D00E00006662782F45374635344235342D363743322D343832342D383044432D4334454645303536354442422F617474726962757465732E62696E504B01021400140006080800B670623B08DA0BD190000000410100003600000000000000000000000000250F00006662782F45374635344235342D363743322D34
310
3832342D383044432D4334454645303536354442422F6469726563746F72792E786D6C504B01021400140006080800B670623B6378F24DFF000000A00100003B00000000000000000000000000091000006662782F45374635344235342D363743322D343832342D383044432D4334454645303536354442422F7265736F75
310
726365732F636F72652E786D6C504B0506000000000E000E0080040000611100000000
  0
XRECORD
  5
112
102
{ACAD_REACTORS
330
110
102
}
330
110
100
AcDbXrecord
280
     1
270
     1
271
     1
  0
XRECORD
  5
111
102
{ACAD_REACTORS
330
110
102
}
330
110
100
AcDbXrecord
280
     1
270
     1
271
     1
  0
XRECORD
  5
18A
102
{ACAD_REACTORS
330
110
102
}
330
110
100
AcDbXrecord
280
     1
 70
     0
 90
1778669749
  1
9BF507EE-FAF7-4A99-A33D-4EE51894BC40
310
504B03040A0000080000B670623B3DEE336E79000000790000001B0000006175746F6465736B2D64657369676E2D7061636B6167652E786D6C3C3F786D6C2076657273696F6E3D22312E302220656E636F64696E673D227574662D3822203F3E3C666F726D6174733E3C666F726D61743E687474703A2F2F736368656D612E
310
6175746F6465736B2E636F6D2F64657369676E2D7061636B6167652F323030393C2F666F726D61743E3C2F666F726D6174733E504B0304140006080800B670623BD486FD9CA0000000F4000000130000005B436F6E74656E745F54797065735D2E786D6C7D8EC10E82300C865F65E91D8A1E8C310C0EEA1BF002731658846E
310
D98AC1B77784ABF1D8FE5FBFBF75BBCE937A534CCEB38643598122B6FEE978D0B0485F9C41B54DDD7D022595594E1A469170414C76A4D9A4D207E29CF43ECE46F218070CC6BECC4078ACAA135ACF422C856C0E68EA1BF5669944DDD7BCDE7B1F8E415D77AECB980613C2E4AC91FC167A2B244592486606FC29C8FD7F045B9A
310
EF7053A7E60B504B0304140006080800B670623BCA089DFFEC0000007C01000008000000636F72652E786D6C8D90416E83301045AF62CDB632D8402020E32882F604BD80653BC44AB011B6AB1EBF262152BBEB6A467FFE9B197D76FA9EEFE84BAFDE38DB03CD08206DA553C64E3DC470C1474027CE56E7C22F1B202B66DDC3
310
260367D3EAE2B24BD2D9A06D48AA754AEFA2F05E0740F29E9A1EBCBCEA59642286E4F0B76C11F226269DD15797E0188D42CF2346A57DE662F40ABCAEC77628C6120F654571D50C04B7F5B9C1E3997CD4F550BE3745C3F20DE62C98F9755FAE5A04AD801784B498524C8A4F5A75E4D055873772EC0861F966FF03C545FD138A
310
C686B2D8DF7D621E384D8F3C069CE55B16A93C824A75CB8DFF00504B0304140006080800B670623B55019EA25F0000007C00000007000000636E782E786D6C4DCB3B0E80201045D1AD90E915ED2CF8AC45050C11660C8261F98AB1B07AC9C97D42D718D865D3E909258CFD00CCE24AC6E326A164D74DC0B4128928FF326038
310
472BA13128B1252AC747C6BAB984FC68F0B87FE8960A5C09FE86CFB69FBA01504B0304140006080800B670623B68FC0B7272010000D40300000C0000006662782F636F72652E786D6CC5535B6E833010BC8AE5DF0A6C1E8124328E22D29EA01770C0A128602363A31CBFCB234A53A555FA553EC09AD9F5CE8C31DB5DDA060D
310
D2F4B556190E7C8A9154852E6B5565D8D993B7C668C799D1DA7E29C3488956667884316795D1AE5BA0422B2B950554E9522EA0E87B69312A1A5864B82F3E642B7CE12C54F467BF13C55954D20F7CA0A18EB3DE1A1080E621E31BF3D3F1C2C88C73E65C5D2E6C5DC2B4FA544B8379921C36797888BC3C8A032F4E73EA6D927D
310
EA1DF6F42D49F2E8350D5346C666CE6CDD5ED515460A2B4BCC434A375E1078347C0FE22D5D6DE3D50B5D6F2965642CBF6B725DF96493AB958DC245EEDCD6631E809089F8E61622B2A81703E8219C913144F84C09DF070D8140C8561C9BAB8F3340832CAC363130A576376A108D933095FA747AD0CF0B46E64E983A6D0EAE1F
310
CE089F9EF1FB8E70D44255604258581E9D1D75B259C3125A278D37D80B52DAB4A279CEC62F0EFF44DDC43F9454E8469BFF5244960322CBEF41C6FBC83F01504B0304140006080800B670623B0F71DDB67E0000009D0000000B0000006662782F636E782E786D6C4DCCD10A83201886E15B91FFDCA54DB73F502386BB8F5816
310
32D3703976F9ABD1C18E3E78F87855FB990379BBFCF2296AE02706C4C5471A7C9C349475A408A4352AA7B4FEDD80C47E761A7606A3A69CCA72D0E0C6BE8475D3E0E3F3409428EA6B27A84079A782899AA2EC1A7AE3ECCC2FD858CB2D544655BFD2B67BD87C01504B0304140006080800B670623BE134B4FB28010000120200
310
00310000006662782F38353834323741342D343835462D343034322D383541392D4331303331363839454531452F636F72652E786D6C8D515B6EC32010BC0AE22B55850D0EA424C24451959EA0172086A42831583CAA1CBF503B52FB971F16CDCECC0EACD8DFC71BF836215AEF7A481A0C817183D7D65D7A98D3197108F652
310
04EFD31F1A044E8DA6871586525C82CFD3020DDE25E352419DD76601558C264130DCCAA58771F832A36A544E8511AFCDA486ABBA988634A55D7852C4144A00300FA927949C71DABD1D28A29C7D208A6987383B6CD13BC16BB2E1DBE3911C453B0BA5C8D9EA456E758963CFD684674DAA588A64C747FC2118958C86B2C3788B
310
0841B8FB247487D98EB257CC77188BB6D2FF89F2A49F1465EBD2BA5BE2CEB2082511EDDC9042FB7CBA3DC298FBE4430275DE2A9AE1054ADC60CC08E3A29D89E5F9C5714317C7987C28DFBBBA9E0A97B0D97643A568EB864AF95D5FA9759BF207504B0304140006080800B670623B1B8617914E010000330300003000000066
310
62782F38353834323741342D343835462D343034322D383541392D4331303331363839454531452F636E782E786D6CD593C16EC32010447F0571AD6CE3D489D20813A9877E410FBD62D82434182CC055F3F75D1292E692438FBD206B7698593D61BEFD1E2DF982108D773D6D6B460938E5B571FB9ECE6957AD29D90A1EBC4F
310
77364A9C1CA1A759A682EF839FA72269D8C9D92654AD71C72206887E0E0A22CAF926B15E498B01E0AA19451807D01A34B919F16B070157417138917400F2F6FA41FCF0092A45DEE414C19BDC21783E4BD39D891265658C3D8DEA00A3ACE59CBC8678ACB54CB26EEB6BD7839D7E9348BE70AD9C8321B9BCA7F9A4A26C542347
310
DEE050F09802D22BA6749A800A394DD62899107273365E3C82CFC6A55557BC06C10774B7ABE7AEC3B0F34CF06446280E154026D0542C187BA9DAB6628BF7B6DBB0E5A65B3EB1F58631DE64BBE083F7B65CC218087E22CABB042E51D1F2268F1FE12B3EA24D40D63E9CFE00120194D60B9D5BC67FE6D39CDF37E20AF817881F
310
504B0304140006080800B670623B5933D422630500003B100000340000006662782F38353834323741342D343835462D343034322D383541392D4331303331363839454531452F6F626A656374732E786D6CAD575B6FA33814FE2B887D0642934E9B156594264D158D3A534DD4D13E548A0C38942D60649B4EBABF7E3F8321
310
40924EF6928780CDF1B97EE762EFF32E4B8D37CA45C2F21BD3B547A641F39045491EDF98A5DC5AD7A6F1D9F73863B243661A39C9E88DA9B64DDF8B392B0BBD15D12D295339D85DDEFE618890E6D434C2940871638AF08566C426A5641115AF764424B1E3EDCE76ED9AB0CF36E6A47819302D08A7B984A6D8CFC1C5A89572FB
310
CB91E9F89EA3BEFB9EFAD754E3D3544E654F5F7E920B49F2F040D880CDD89D2CEE2E2EA7D6E56432B6269F2E5CEB7679BBB0DCABF168FE693E9FCEEEA6102C240727AD09A75BD3BF876F78127A4EFDA9D5582B7E4CA590E5390D2BFB6161A5B3E618D182E611E2985001691DAB47FDA5AB7CD3F93C566B2DB2BB7D9E55DD13
310
1D468DEECDB3AB290BFE8409E21C54704115AA6AFF68436BFC8DF65E0B184BF5B74418199194272435D224E084BF9B3E481589EFF5D828747285706581E9BB7B7E5D5D911ABFC6EE312DB7659A2A689A7E85EC0DF04FA5A8344BFEA2FCB834E8845895492EAFB541F2BDA0A63FF59C6AD3F7D4637CA13FD68E34B629891172
310
98597F1D183A57B9B75A98FE9765B05BAB7C3C2EBCE0ACA05C2AF8005A4DE09AA7F29216EB9E15397500C6F47CBE77CA7778FE2BD277AF0AE2C693DD6437D1522427B9D8329E2136F6A8FA19A3E6C56ADF0E5F50CF06D48734EDCEBF22F69C56D97EC138153F804B85E6FABFC7AFEFB32E523BE1F3BD372418E363EDCA7548
310
52949E8724474014288D94610BB57C1BEC4C7F854A89CA8E5324F55B871CBC78CE1BBEE3BFE68D6A5589EF3C730474506FCFA8FCF0659516D0ED04580EEA6425581B77CAE797FF4BCECC16EB2FEB926F49481F746159D06D922712BD730FDEAE42BD40F42C7AA5EF3F198F60E86110D6DD20645A9480B795CF95E3E3A659A8
310
C55E724F408873315335CFFB8584874484344D494E59D94869DB90C26A5B64F49C802CAC1D3ABE18A098D3B7444D123D8A9E5AE8F5214F0AE5B2B6E9B575DA3E61CBD3EA2B4009FA940524DD1305FB6A1FB294F14DF0BEA90BA109ECE1481FDC3FFAE8D60E75141700BE82725371B4873751B2DD960265F788137FACE6DD40
310
B575E4F0A5C99F46629D92131467A41EE11ABD8D4CCC039CA0AFB37C93A08B232B8F0AEFCA1E0A1015DF13FC83322B362463652ECF71D3A8B1A7D1BE65DE1D62C44F22C317D35F574FEB16153BA2D13E543D10A80E74C4A65E78A6B7CBCBD1D5DD9DB59C2DAFACC96C3AB566E3F1C29ADCDD5DBAD7D3C9ED7C822ED74F80A6
310
41755310DE4443F44A9E68373FADF6596BFA0F440AE7BECE2727AE9F4F2B1B53B1E7E00CF0DD1E5C65454A339A4BA2D0FBA05ED2EF0443458F47BDBFCA484CCFE0F2ED7E3DD0013B679C7B5499467F0ECEEADDB9CA85A34CE44B99053949D2C1416DB85DE4B136BB7165FBAC0B7AB3542BED4F8CA182A549847A1319316519
310
95A83A67147B9E5101C47487F2485F1ECE38FD568F839204296D3479219888530154036E6528FBFBC66F98E0D4107563A2D7D9AFF8D389681A08F58D89F22693900A3B407754734FC51C10C010D6D640809EE4718AC1BA3ED4AEDB53CA37283F68805A7E4B72CEB0A4EDEAD5DD8C14059A76AFAA56BA6901E13F32BC51C720
310
12AF41295B5BF61BAD3195181FB506E6B40F4C10AF5AF40EF9F5B159AE5DD1F43C72D635E94310D45C2D49785C5D0B94D3B54AB3C5A38349C0587D338AB48C11CBF339599C02CCA54A70A008A8D03C0B2201D5F9EFCF8F9CE12A9A19CB0410789EB32C63B95ECCF455D658BFE0621A3DA32C5075FB101723D77DAE867E7D0F
310
D90444509B44E2151B4DC2290B065803200FBAA9BE9D392A0603F2D5C2D00D6302A615680F66D2FA166E2079D4C551A54AB758161FCEFD4E450A14704CECFEDF504B0304140006080000B670623B000000000000000000000000350000006662782F38353834323741342D343835462D343034322D383541392D4331303331
310
363839454531452F76657274696365732E62696E504B0304140006080800B670623BF270F1330600000004000000360000006662782F38353834323741342D343835462D343034322D383541392D4331303331363839454531452F747269616E676C65732E62696E636660600000504B0304140006080000B670623B000000
310
000000000000000000370000006662782F38353834323741342D343835462D343034322D383541392D4331303331363839454531452F617474726962757465732E62696E504B0304140006080800B670623B08DA0BD19000000041010000360000006662782F38353834323741342D343835462D343034322D383541392D43
310
31303331363839454531452F6469726563746F72792E786D6C858F410AC3201045AF22B36F53E9A60B35CBEEBAE80D244E44489C6234F4F835464A48035D0DF398FF9F8AF63D0E6CC63039F212F8F9020C7D47C6792B21C5FE7403D62A1188E2E60C98D7234A5830286103A55745067B9D86B8A3CF9C7F90C11DE607FB1443
310
96D7B6A82D282E9A152AD114D5EF2CB866EEE831B8EEA07A7BB5A8D7D61A2BAAEB7FD5F70921FF497D00504B0304140006080800B670623BD9A3B367FE000000A00100003B0000006662782F38353834323741342D343835462D343034322D383541392D4331303331363839454531452F7265736F75726365732F636F7265
310
2E786D6C8D504B6E833010BD0A9A6D65B01D0201194711694FD00B586642AD043BF2A7EAF16B122AB5BB6E6646EFA3797AE2F8B5DC8A4FF4C1383B002B291468B59B8C9D0748F1420E501CA5F0CEC55F3228AC5A708015062966EFD27D83B4B3116DCCA875136EA00A012314FA968F0182FEC045952AC5AC08D7F2AEF455CD
310
58B232D3592745883E07289E4FD609D26370C96B0CA27AB252A464A64D63A6FCD35C0C7A904D73EE467EE664DCD58CD4ED4849D79C5A723ED1B7A61977AF2D6F45B59AA58866F9C9A83DAA8813484E6947182394BFB3BAA7FBBEDEBFD0434FA9A856F91F53BA4FFF342563E38E6F719FB60092E5200F428A6AED2BAF479979
310
AFDDCA6F504B010214000A0000080000B670623B3DEE336E79000000790000001B00000000000000000000000000000000006175746F6465736B2D64657369676E2D7061636B6167652E786D6C504B01021400140006080800B670623BD486FD9CA0000000F40000001300000000000000000000000000B20000005B436F6E
310
74656E745F54797065735D2E786D6C504B01021400140006080800B670623BCA089DFFEC0000007C010000080000000000000000000000000083010000636F72652E786D6C504B01021400140006080800B670623B55019EA25F0000007C000000070000000000000000000000000095020000636E782E786D6C504B010214
310
00140006080800B670623B68FC0B7272010000D40300000C00000000000000000000000000190300006662782F636F72652E786D6C504B01021400140006080800B670623B0F71DDB67E0000009D0000000B00000000000000000000000000B50400006662782F636E782E786D6C504B01021400140006080800B670623BE1
310
34B4FB280100001202000031000000000000000000000000005C0500006662782F38353834323741342D343835462D343034322D383541392D4331303331363839454531452F636F72652E786D6C504B01021400140006080800B670623B1B8617914E010000330300003000000000000000000000000000D3060000666278
310
2F38353834323741342D343835462D343034322D383541392D4331303331363839454531452F636E782E786D6C504B01021400140006080800B670623B5933D422630500003B10000034000000000000000000000000006F0800006662782F38353834323741342D343835462D343034322D383541392D4331303331363839
310
454531452F6F626A656374732E786D6C504B01021400140006080000B670623B0000000000000000000000003500000000000000000000000000240E00006662782F38353834323741342D343835462D343034322D383541392D4331303331363839454531452F76657274696365732E62696E504B01021400140006080800
310
B670623BF270F13306000000040000003600000000000000000000000000770E00006662782F38353834323741342D343835462D343034322D383541392D4331303331363839454531452F747269616E676C65732E62696E504B01021400140006080000B670623B0000000000000000000000003700000000000000000000
310
000000D10E00006662782F38353834323741342D343835462D343034322D383541392D4331303331363839454531452F617474726962757465732E62696E504B01021400140006080800B670623B08DA0BD190000000410100003600000000000000000000000000260F00006662782F38353834323741342D343835462D34
310
3034322D383541392D4331303331363839454531452F6469726563746F72792E786D6C504B01021400140006080800B670623BD9A3B367FE000000A00100003B000000000000000000000000000A1000006662782F38353834323741342D343835462D343034322D383541392D4331303331363839454531452F7265736F75
310
726365732F636F72652E786D6C504B0506000000000E000E0080040000611100000000
  0
XRECORD
  5
113
102
{ACAD_REACTORS
330
110
102
}
330
110
100
AcDbXrecord
280
     1
270
     1
271
     1
  0
XRECORD
  5
114
102
{ACAD_REACTORS
330
110
102
}
330
110
100
AcDbXrecord
280
     1
270
     1
271
     1
  0
CELLSTYLEMAP
  5
10F5
102
{ACAD_REACTORS
330
104
102
}
330
104
100
AcDbCellStyleMap
 90
        3
300
CELLSTYLE
  1
TABLEFORMAT_BEGIN
 90
        5
170
     1
 91
        0
 92
    32768
 62
   257
 93
        1
300
CONTENTFORMAT
  1
CONTENTFORMAT_BEGIN
 90
        0
 91
        0
 92
      512
 93
        0
300

 40
0.0
140
1.0
 94
        5
 62
     0
340
11
144
0.25
309
CONTENTFORMAT_END
171
     1
301
MARGIN
  1
CELLMARGIN_BEGIN
 40
0.06
 40
0.06
 40
0.06
 40
0.06
 40
0.18
 40
0.18
309
CELLMARGIN_END
 94
        6
 95
        1
302
GRIDFORMAT
  1
GRIDFORMAT_BEGIN
 90
        0
 91
        1
 62
     0
 92
       -2
340
0
 93
        0
 40
0.045
309
GRIDFORMAT_END
 95
        2
302
GRIDFORMAT
  1
GRIDFORMAT_BEGIN
 90
        0
 91
        1
 62
     0
 92
       -2
340
0
 93
        0
 40
0.045
309
GRIDFORMAT_END
 95
        4
302
GRIDFORMAT
  1
GRIDFORMAT_BEGIN
 90
        0
 91
        1
 62
     0
 92
       -2
340
0
 93
        0
 40
0.045
309
GRIDFORMAT_END
 95
        8
302
GRIDFORMAT
  1
GRIDFORMAT_BEGIN
 90
        0
 91
        1
 62
     0
 92
       -2
340
0
 93
        0
 40
0.045
309
GRIDFORMAT_END
 95
       16
302
GRIDFORMAT
  1
GRIDFORMAT_BEGIN
 90
        0
 91
        1
 62
     0
 92
       -2
340
0
 93
        0
 40
0.045
309
GRIDFORMAT_END
 95
       32
302
GRIDFORMAT
  1
GRIDFORMAT_BEGIN
 90
        0
 91
        1
 62
     0
 92
       -2
340
0
 93
        0
 40
0.045
309
GRIDFORMAT_END
309
TABLEFORMAT_END
  1
CELLSTYLE_BEGIN
 90
        1
 91
        1
300
_TITLE
309
CELLSTYLE_END
300
CELLSTYLE
  1
TABLEFORMAT_BEGIN
 90
        5
170
     1
 91
        0
 92
        0
 62
   257
 93
        1
300
CONTENTFORMAT
  1
CONTENTFORMAT_BEGIN
 90
        0
 91
        0
 92
      512
 93
        0
300

 40
0.0
140
1.0
 94
        5
 62
     0
340
11
144
0.18
309
CONTENTFORMAT_END
171
     1
301
MARGIN
  1
CELLMARGIN_BEGIN
 40
0.06
 40
0.06
 40
0.06
 40
0.06
 40
0.18
 40
0.18
309
CELLMARGIN_END
 94
        6
 95
        1
302
GRIDFORMAT
  1
GRIDFORMAT_BEGIN
 90
        0
 91
        1
 62
     0
 92
       -2
340
0
 93
        0
 40
0.045
309
GRIDFORMAT_END
 95
        2
302
GRIDFORMAT
  1
GRIDFORMAT_BEGIN
 90
        0
 91
        1
 62
     0
 92
       -2
340
0
 93
        0
 40
0.045
309
GRIDFORMAT_END
 95
        4
302
GRIDFORMAT
  1
GRIDFORMAT_BEGIN
 90
        0
 91
        1
 62
     0
 92
       -2
340
0
 93
        0
 40
0.045
309
GRIDFORMAT_END
 95
        8
302
GRIDFORMAT
  1
GRIDFORMAT_BEGIN
 90
        0
 91
        1
 62
     0
 92
       -2
340
0
 93
        0
 40
0.045
309
GRIDFORMAT_END
 95
       16
302
GRIDFORMAT
  1
GRIDFORMAT_BEGIN
 90
        0
 91
        1
 62
     0
 92
       -2
340
0
 93
        0
 40
0.045
309
GRIDFORMAT_END
 95
       32
302
GRIDFORMAT
  1
GRIDFORMAT_BEGIN
 90
        0
 91
        1
 62
     0
 92
       -2
340
0
 93
        0
 40
0.045
309
GRIDFORMAT_END
309
TABLEFORMAT_END
  1
CELLSTYLE_BEGIN
 90
        2
 91
        1
300
_HEADER
309
CELLSTYLE_END
300
CELLSTYLE
  1
TABLEFORMAT_BEGIN
 90
        5
170
     1
 91
        0
 92
        0
 62
   257
 93
        1
300
CONTENTFORMAT
  1
CONTENTFORMAT_BEGIN
 90
        0
 91
        0
 92
      512
 93
        0
300

 40
0.0
140
1.0
 94
        2
 62
     0
340
11
144
0.18
309
CONTENTFORMAT_END
171
     1
301
MARGIN
  1
CELLMARGIN_BEGIN
 40
0.06
 40
0.06
 40
0.06
 40
0.06
 40
0.18
 40
0.18
309
CELLMARGIN_END
 94
        6
 95
        1
302
GRIDFORMAT
  1
GRIDFORMAT_BEGIN
 90
        0
 91
        1
 62
     0
 92
       -2
340
0
 93
        0
 40
0.045
309
GRIDFORMAT_END
 95
        2
302
GRIDFORMAT
  1
GRIDFORMAT_BEGIN
 90
        0
 91
        1
 62
     0
 92
       -2
340
0
 93
        0
 40
0.045
309
GRIDFORMAT_END
 95
        4
302
GRIDFORMAT
  1
GRIDFORMAT_BEGIN
 90
        0
 91
        1
 62
     0
 92
       -2
340
0
 93
        0
 40
0.045
309
GRIDFORMAT_END
 95
        8
302
GRIDFORMAT
  1
GRIDFORMAT_BEGIN
 90
        0
 91
        1
 62
     0
 92
       -2
340
0
 93
        0
 40
0.045
309
GRIDFORMAT_END
 95
       16
302
GRIDFORMAT
  1
GRIDFORMAT_BEGIN
 90
        0
 91
        1
 62
     0
 92
       -2
340
0
 93
        0
 40
0.045
309
GRIDFORMAT_END
 95
       32
302
GRIDFORMAT
  1
GRIDFORMAT_BEGIN
 90
        0
 91
        1
 62
     0
 92
       -2
340
0
 93
        0
 40
0.045
309
GRIDFORMAT_END
309
TABLEFORMAT_END
  1
CELLSTYLE_BEGIN
 90
        3
 91
        2
300
_DATA
309
CELLSTYLE_END
  0
ENDSEC
  0
SECTION
  2
ACDSDATA
 70
     2
 71
     8
  0
ACDSSCHEMA
 90
        0
  1
AcDb_Thumbnail_Schema
  2
AcDbDs::ID
280
    10
 91
        8
  2
Thumbnail_Data
280
    15
 91
        0
101
ACDSRECORD
 95
        0
 90
        1
  2
AcDbDs::TreatedAsObjectData
280
     1
291
     1
101
ACDSRECORD
 95
        0
 90
        2
  2
AcDbDs::Legacy
280
     1
291
     1
101
ACDSRECORD
  1
AcDbDs::ID
 90
        3
  2
AcDs:Indexable
280
     1
291
     1
101
ACDSRECORD
  1
AcDbDs::ID
 90
        4
  2
AcDbDs::HandleAttribute
280
     7
282
     1
  0
ACDSSCHEMA
 90
        1
  1
AcDbDs::TreatedAsObjectDataSchema
  2
AcDbDs::TreatedAsObjectData
280
     1
 91
        0
  0
ACDSSCHEMA
 90
        2
  1
AcDbDs::LegacySchema
  2
AcDbDs::Legacy
280
     1
 91
        0
  0
ACDSSCHEMA
 90
        3
  1
AcDbDs::IndexedPropertySchema
  2
AcDs:Indexable
280
     1
 91
        0
  0
ACDSSCHEMA
 90
        4
  1
AcDbDs::HandleAttributeSchema
  2
AcDbDs::HandleAttribute
280
     7
 91
        1
284
     1
  0
ACDSRECORD
 90
        0
  2
AcDbDs::ID
280
    10
320
22
  2
Thumbnail_Data
280
    15
 94
     2076
310
89504E470D0A1A0A0000000D49484452000001000000009108030000001BE1960600000300504C5445212830FFFFFF2128300000000000000000000000000000000000000000000000000000330000660000990000CC0000FF0033000033330033660033990033CC0033FF0066000066330066660066990066CC0066FF0099
310
000099330099660099990099CC0099FF00CC0000CC3300CC6600CC9900CCCC00CCFF00FF0000FF3300FF6600FF9900FFCC00FFFF3300003300333300663300993300CC3300FF3333003333333333663333993333CC3333FF3366003366333366663366993366CC3366FF3399003399333399663399993399CC3399FF33CC00
310
33CC3333CC6633CC9933CCCC33CCFF33FF0033FF3333FF6633FF9933FFCC33FFFF6600006600336600666600996600CC6600FF6633006633336633666633996633CC6633FF6666006666336666666666996666CC6666FF6699006699336699666699996699CC6699FF66CC0066CC3366CC6666CC9966CCCC66CCFF66FF0066
310
FF3366FF6666FF9966FFCC66FFFF9900009900339900669900999900CC9900FF9933009933339933669933999933CC9933FF9966009966339966669966999966CC9966FF9999009999339999669999999999CC9999FF99CC0099CC3399CC6699CC9999CCCC99CCFF99FF0099FF3399FF6699FF9999FFCC99FFFFCC0000CC00
310
33CC0066CC0099CC00CCCC00FFCC3300CC3333CC3366CC3399CC33CCCC33FFCC6600CC6633CC6666CC6699CC66CCCC66FFCC9900CC9933CC9966CC9999CC99CCCC99FFCCCC00CCCC33CCCC66CCCC99CCCCCCCCCCFFCCFF00CCFF33CCFF66CCFF99CCFFCCCCFFFFFF0000FF0033FF0066FF0099FF00CCFF00FFFF3300FF3333
310
FF3366FF3399FF33CCFF33FFFF6600FF6633FF6666FF6699FF66CCFF66FFFF9900FF9933FF9966FF9999FF99CCFF99FFFFCC00FFCC33FFCC66FFCC99FFCCCCFFCCFFFFFF00FFFF33FFFF66FFFF99FFFFCCFFFFFF0000000D0D0D1A1A1A2828283535354343435050505D5D5D6B6B6B787878868686939393A1A1A1AEAEAEBB
310
BBBBC9C9C9D6D6D6E4E4E4F1F1F1FFFFFF0000000000000000000000000000000000000000000000000000000000002E4550F10000031F4944415478DAED9D4B6EC3300C4475DB1E263B9FA4AB1C26D9F408DA705FB40D6249965D5BA6018D666651B4CD07CE0B497128270E41922449922449922449922449922449922449
310
9224895006A52B0040BD5B022000D73D2742FE5F0BA0F337990E4059F7F9004C8FFBF3C60CE031DD6E5FCC00EE9F1F9F776A00D36D7A5003784C4F8808F06DD2115701579362D5964C00FAAE01E67F3C4B0B4C0600AB15F62C835866E882710D6604B81F4F052C4D0A8495F8E789003000DEC35AB81A60EF8C655C059237C6
310
0D00580AD8AB75F53B1EB00830F3CD00C81A708D1D2E9FB773006E418058047D01C0A580B94F84EA9BC2445EA0BE27CEE30560002C233596CA6E1BB408A60F8D736FB0543C994E4000EA29312A80F4C5BE23C08822C05E21FFF3C30B40358210EC70DC7AAA1600083B43961C266311CCEC707C5B7A3E00BF08586BC0DCEC6C
310
DD9106C05A5F7C1440D90B23B841CA08A875826701C0B7C2A701D49208C10EFB010880007E8AE0D659FEC723A0A71324F69DCEEC07A0BB08B0ACF3597B405CDE69FE03BB0658982753F3C25C1E66AC3FD77100FDAD02C9686EEE4C6C1F80860808BD4540F25253AB5A05B018938F90021980B06A7962D1CBB6A78085DE5681
310
CDDF2A001240D60A0033022C7BF12FB7341000DB03202F0336C02A7000C0DB1F976611B808EEDEF98AE580C092B512B813B4EC6DB7F5B9575C4C344E9A21B44F8DC5D43630D9E16D2F403010F106003712FBC70CB5000898009CE6017F0080CE10F9671EC098025927C85804037104945D404B0D08A845B03A0F688D00D422
310
E8300F804E81E53C60043B7C10403ECA228B80B0F601826345700400ED76183E024ECF03A01B218F7980EC30BB1D862D827E76D8F2CF0FCA0E03A740CB58BCBB9D21D9E15376B8B508E27C89CAA61D36BA0828EC305B0D901D76B0C3D85B63A51D6EDA1D36E4CDD1C5F638570AC80E6B7BFCBC1D0E5609233200E811706E1E
310
805B03B62E08A0919852806A1538B5312200F8358075154802A01900F2152604C06B19ACFD030840FDE47222000D378E02605304005C8F871840BDF2F302A0BBD254E5EB74B922A004304404ECBF9CE2A04570FF15E5B40A5C0DE01BB83411BAB20A79D50000000049454E44AE426082F834E99200C4E7F602E82D82A804F0
310
033E99C80CD70590180000000049454E44AE4260820000000049454E44AE426082CB941205F1A8C8E68A2DE7093B2D25459E30001B6CDC720001972DB8842B3A031DC4A9DFAD0567A07DB6C853DCB26F73F73EDEF29E30C81CB04E47BF4BB799276CB556106CD31BCFED33D0FEE7B7E719E847EF25706CB8BEA95839095327
310
41CF40C7BD258229FAA63ED11837B291AD8DCC17FCA2B1EDF9DDCC49CE010C5B1B38EE0BF2CA86B16C4BB081860F677BB9C5A6D039C9098E6C64EBB532C00D5B10583AD046F21649899B90A081BB019B908DA2288AA2288AA2288AA2288AA2288AA2288AA2288AA2288AA2288AA2288AA2288A3A497F13EEE6B079FF669F00
310
00000049454E44AE4260824A36B2DD188693CDA34BB206836C3708B97E72C3C6FA498E37AE6FA6D97E005AF81198FBD814620000000049454E44AE42608243E7C861FA6B00D0B4009469056202B0FB008AC590B5200002200002200002200021A4C809D72CC43D2D93D322D7D6AAB02010F8B850D1B0D20272AB10CF06BC05
310
099D04F501C5F9A85621077782B2805C9A43B52491ECC93F5424D30D6222799F0000000049454E44AE426082
  0
ENDSEC
  0
EOF
