  0
SECTION
  2
HEADER
  9
$ACADVER
  1
AC1032
  9
$ACADMAINTVER
 90
      427
  9
$DWGCODEPAGE
  3
ANSI_1252
  9
$LASTSAVEDBY
  1
rohit
  9
$REQUIREDVERSIONS
160
                 0
  9
$INSBASE
 10
0.0
 20
0.0
 30
0.0
  9
$EXTMIN
 10
36.31483004921586
 20
1.676346482429437
 30
0.0
  9
$EXTMAX
 10
78.49126289065482
 20
103.6771671967546
 30
0.0
  9
$LIMMIN
 10
0.0
 20
0.0
  9
$LIMMAX
 10
12.0
 20
9.0
  9
$ORTHOMODE
 70
     0
  9
$REGENMODE
 70
     1
  9
$FILLMODE
 70
     1
  9
$QTEXTMODE
 70
     0
  9
$MIRRTEXT
 70
     0
  9
$LTSCALE
 40
1.0
  9
$ATTMODE
 70
     1
  9
$TEXTSIZE
 40
0.2
  9
$TRACEWID
 40
0.05
  9
$TEXTSTYLE
  7
Standard
  9
$CLAYER
  8
Title Block
  9
$CELTYPE
  6
ACAD_ISO02W100
  9
$CECOLOR
 62
   256
  9
$CELTSCALE
 40
1.0
  9
$DISPSILH
 70
     0
  9
$DIMSCALE
 40
1.0
  9
$DIMASZ
 40
0.18
  9
$DIMEXO
 40
0.0625
  9
$DIMDLI
 40
0.38
  9
$DIMRND
 40
0.0
  9
$DIMDLE
 40
0.0
  9
$DIMEXE
 40
0.18
  9
$DIMTP
 40
0.0
  9
$DIMTM
 40
0.0
  9
$DIMTXT
 40
0.18
  9
$DIMCEN
 40
0.09
  9
$DIMTSZ
 40
0.0
  9
$DIMTOL
 70
     0
  9
$DIMLIM
 70
     0
  9
$DIMTIH
 70
     1
  9
$DIMTOH
 70
     1
  9
$DIMSE1
 70
     0
  9
$DIMSE2
 70
     0
  9
$DIMTAD
 70
     0
  9
$DIMZIN
 70
     0
  9
$DIMBLK
  1

  9
$DIMASO
 70
     1
  9
$DIMSHO
 70
     1
  9
$DIMPOST
  1

  9
$DIMAPOST
  1

  9
$DIMALT
 70
     0
  9
$DIMALTD
 70
     2
  9
$DIMALTF
 40
25.4
  9
$DIMLFAC
 40
1.0
  9
$DIMTOFL
 70
     0
  9
$DIMTVP
 40
0.0
  9
$DIMTIX
 70
     0
  9
$DIMSOXD
 70
     0
  9
$DIMSAH
 70
     0
  9
$DIMBLK1
  1

  9
$DIMBLK2
  1

  9
$DIMSTYLE
  2
Standard
  9
$DIMCLRD
 70
     0
  9
$DIMCLRE
 70
     0
  9
$DIMCLRT
 70
     0
  9
$DIMTFAC
 40
1.0
  9
$DIMGAP
 40
0.09
  9
$DIMJUST
 70
     0
  9
$DIMSD1
 70
     0
  9
$DIMSD2
 70
     0
  9
$DIMTOLJ
 70
     1
  9
$DIMTZIN
 70
     0
  9
$DIMALTZ
 70
     0
  9
$DIMALTTZ
 70
     0
  9
$DIMUPT
 70
     0
  9
$DIMDEC
 70
     0
  9
$DIMTDEC
 70
     0
  9
$DIMALTU
 70
     2
  9
$DIMALTTD
 70
     2
  9
$DIMTXSTY
  7
Standard
  9
$DIMAUNIT
 70
     0
  9
$DIMADEC
 70
     0
  9
$DIMALTRND
 40
0.0
  9
$DIMAZIN
 70
     0
  9
$DIMDSEP
 70
    46
  9
$DIMATFIT
 70
     3
  9
$DIMFRAC
 70
     0
  9
$DIMLDRBLK
  1

  9
$DIMLUNIT
 70
     2
  9
$DIMLWD
 70
    -2
  9
$DIMLWE
 70
    -2
  9
$DIMTMOVE
 70
     0
  9
$DIMFXL
 40
1.0
  9
$DIMFXLON
 70
     0
  9
$DIMJOGANG
 40
0.7853981633974483
  9
$DIMTFILL
 70
     0
  9
$DIMTFILLCLR
 70
     0
  9
$DIMARCSYM
 70
     0
  9
$DIMLTYPE
  6

  9
$DIMLTEX1
  6

  9
$DIMLTEX2
  6

  9
$DIMTXTDIRECTION
 70
     0
  9
$LUNITS
 70
     2
  9
$LUPREC
 70
     1
  9
$SKETCHINC
 40
0.1
  9
$FILLETRAD
 40
0.7
  9
$AUNITS
 70
     0
  9
$AUPREC
 70
     0
  9
$MENU
  1
.
  9
$ELEVATION
 40
0.0
  9
$PELEVATION
 40
0.0
  9
$THICKNESS
 40
0.0
  9
$LIMCHECK
 70
     0
  9
$CHAMFERA
 40
0.0
  9
$CHAMFERB
 40
0.0
  9
$CHAMFERC
 40
0.0
  9
$CHAMFERD
 40
0.0
  9
$SKPOLY
 70
     0
  9
$TDCREATE
 40
2460398.560162037
  9
$TDUCREATE
 40
2460398.685162037
  9
$TDUPDATE
 40
2460399.732280093
  9
$TDUUPDATE
 40
2460399.857280093
  9
$TDINDWG
 40
0.5117129630
  9
$TDUSRTIMER
 40
0.5117013889
  9
$USRTIMER
 70
     1
  9
$ANGBASE
 50
0.0
  9
$ANGDIR
 70
     0
  9
$PDMODE
 70
     0
  9
$PDSIZE
 40
0.0
  9
$PLINEWID
 40
0.0
  9
$SPLFRAME
 70
     0
  9
$SPLINETYPE
 70
     6
  9
$SPLINESEGS
 70
     8
  9
$HANDSEED
  5
C9B
  9
$SURFTAB1
 70
     6
  9
$SURFTAB2
 70
     6
  9
$SURFTYPE
 70
     6
  9
$SURFU
 70
     6
  9
$SURFV
 70
     6
  9
$UCSBASE
  2

  9
$UCSNAME
  2

  9
$UCSORG
 10
0.0
 20
0.0
 30
0.0
  9
$UCSXDIR
 10
1.0
 20
0.0
 30
0.0
  9
$UCSYDIR
 10
0.0
 20
1.0
 30
0.0
  9
$UCSORTHOREF
  2

  9
$UCSORTHOVIEW
 70
     0
  9
$UCSORGTOP
 10
0.0
 20
0.0
 30
0.0
  9
$UCSORGBOTTOM
 10
0.0
 20
0.0
 30
0.0
  9
$UCSORGLEFT
 10
0.0
 20
0.0
 30
0.0
  9
$UCSORGRIGHT
 10
0.0
 20
0.0
 30
0.0
  9
$UCSORGFRONT
 10
0.0
 20
0.0
 30
0.0
  9
$UCSORGBACK
 10
0.0
 20
0.0
 30
0.0
  9
$PUCSBASE
  2

  9
$PUCSNAME
  2

  9
$PUCSORG
 10
0.0
 20
0.0
 30
0.0
  9
$PUCSXDIR
 10
1.0
 20
0.0
 30
0.0
  9
$PUCSYDIR
 10
0.0
 20
1.0
 30
0.0
  9
$PUCSORTHOREF
  2

  9
$PUCSORTHOVIEW
 70
     0
  9
$PUCSORGTOP
 10
0.0
 20
0.0
 30
0.0
  9
$PUCSORGBOTTOM
 10
0.0
 20
0.0
 30
0.0
  9
$PUCSORGLEFT
 10
0.0
 20
0.0
 30
0.0
  9
$PUCSORGRIGHT
 10
0.0
 20
0.0
 30
0.0
  9
$PUCSORGFRONT
 10
0.0
 20
0.0
 30
0.0
  9
$PUCSORGBACK
 10
0.0
 20
0.0
 30
0.0
  9
$USERI1
 70
     0
  9
$USERI2
 70
     0
  9
$USERI3
 70
     0
  9
$USERI4
 70
     0
  9
$USERI5
 70
     0
  9
$USERR1
 40
0.0
  9
$USERR2
 40
0.0
  9
$USERR3
 40
0.0
  9
$USERR4
 40
0.0
  9
$USERR5
 40
0.0
  9
$WORLDVIEW
 70
     1
  9
$SHADEDGE
 70
     3
  9
$SHADEDIF
 70
    70
  9
$TILEMODE
 70
     0
  9
$MAXACTVP
 70
    64
  9
$PINSBASE
 10
0.0
 20
0.0
 30
0.0
  9
$PLIMCHECK
 70
     0
  9
$PEXTMIN
 10
0.0061801395673911
 20
0.0525403245725471
 30
0.0
  9
$PEXTMAX
 10
32.45580037609972
 20
21.48546075729931
 30
0.0
  9
$PLIMMIN
 10
-0.7690092615746665
 20
-0.2309992187681829
  9
$PLIMMAX
 10
33.23098977724177
 20
21.76900030064004
  9
$UNITMODE
 70
     0
  9
$VISRETAIN
 70
     1
  9
$PLINEGEN
 70
     0
  9
$PSLTSCALE
 70
     1
  9
$TREEDEPTH
 70
  3020
  9
$CMLSTYLE
  2
Standard
  9
$CMLJUST
 70
     0
  9
$CMLSCALE
 40
1.0
  9
$PROXYGRAPHICS
 70
     1
  9
$MEASUREMENT
 70
     0
  9
$CELWEIGHT
370
    -1
  9
$ENDCAPS
280
     0
  9
$JOINSTYLE
280
     0
  9
$LWDISPLAY
290
     0
  9
$INSUNITS
 70
     4
  9
$HYPERLINKBASE
  1

  9
$STYLESHEET
  1

  9
$XEDIT
290
     1
  9
$CEPSNTYPE
380
     0
  9
$PSTYLEMODE
290
     1
  9
$FINGERPRINTGUID
  2
{5E407C4E-0427-8D48-A2B1-50D83D24036A}
  9
$VERSIONGUID
  2
{5A0934EC-91A6-B34D-9DDD-34354CC51D15}
  9
$EXTNAMES
290
     1
  9
$PSVPSCALE
 40
0.0
  9
$OLESTARTUP
290
     0
  9
$SORTENTS
280
   127
  9
$INDEXCTL
280
     0
  9
$HIDETEXT
280
     1
  9
$XCLIPFRAME
280
     2
  9
$HALOGAP
280
     0
  9
$OBSCOLOR
 70
   257
  9
$OBSLTYPE
280
     0
  9
$INTERSECTIONDISPLAY
280
     0
  9
$INTERSECTIONCOLOR
 70
   257
  9
$DIMASSOC
280
     2
  9
$PROJECTNAME
  1

  9
$CAMERADISPLAY
290
     0
  9
$LENSLENGTH
 40
50.0
  9
$CAMERAHEIGHT
 40
0.0
  9
$STEPSPERSEC
 40
2.0
  9
$STEPSIZE
 40
6.0
  9
$3DDWFPREC
 40
2.0
  9
$PSOLWIDTH
 40
0.25
  9
$PSOLHEIGHT
 40
4.0
  9
$LOFTANG1
 40
1.570796326794896
  9
$LOFTANG2
 40
1.570796326794896
  9
$LOFTMAG1
 40
0.0
  9
$LOFTMAG2
 40
0.0
  9
$LOFTPARAM
 70
     7
  9
$LOFTNORMALS
280
     1
  9
$LATITUDE
 40
37.795
  9
$LONGITUDE
 40
-122.394
  9
$NORTHDIRECTION
 40
0.0
  9
$TIMEZONE
 70
 -8000
  9
$LIGHTGLYPHDISPLAY
280
     1
  9
$TILEMODELIGHTSYNCH
280
     1
  9
$CMATERIAL
347
96
  9
$SOLIDHIST
280
     0
  9
$SHOWHIST
280
     1
  9
$DWFFRAME
280
     2
  9
$DGNFRAME
280
     0
  9
$REALWORLDSCALE
290
     1
  9
$INTERFERECOLOR
 62
     1
  9
$INTERFEREOBJVS
345
A3
  9
$INTERFEREVPVS
346
A0
  9
$CSHADOW
280
     0
  9
$SHADOWPLANELOCATION
 40
0.0
  0
ENDSEC
  0
SECTION
  2
CLASSES
  0
CLASS
  1
ACDBDICTIONARYWDFLT
  2
AcDbDictionaryWithDefault
  3
ObjectDBX Classes
 90
        0
 91
        1
280
     0
281
     0
  0
CLASS
  1
DICTIONARYVAR
  2
AcDbDictionaryVar
  3
ObjectDBX Classes
 90
        0
 91
       11
280
     0
281
     0
  0
CLASS
  1
TABLESTYLE
  2
AcDbTableStyle
  3
ObjectDBX Classes
 90
     4095
 91
        2
280
     0
281
     0
  0
CLASS
  1
MATERIAL
  2
AcDbMaterial
  3
ObjectDBX Classes
 90
     1153
 91
        3
280
     0
281
     0
  0
CLASS
  1
VISUALSTYLE
  2
AcDbVisualStyle
  3
ObjectDBX Classes
 90
     4095
 91
       24
280
     0
281
     0
  0
CLASS
  1
SCALE
  2
AcDbScale
  3
ObjectDBX Classes
 90
     1153
 91
       33
280
     0
281
     0
  0
CLASS
  1
MLEADERSTYLE
  2
AcDbMLeaderStyle
  3
ACDB_MLEADERSTYLE_CLASS
 90
     4095
 91
        2
280
     0
281
     0
  0
CLASS
  1
CELLSTYLEMAP
  2
AcDbCellStyleMap
  3
ObjectDBX Classes
 90
     1152
 91
        2
280
     0
281
     0
  0
CLASS
  1
EXACXREFPANELOBJECT
  2
ExAcXREFPanelObject
  3
EXAC_ESW
 90
     1025
 91
        0
280
     0
281
     0
  0
CLASS
  1
NPOCOLLECTION
  2
AcDbImpNonPersistentObjectsCollection
  3
ObjectDBX Classes
 90
     1153
 91
        0
280
     0
281
     0
  0
CLASS
  1
LAYER_INDEX
  2
AcDbLayerIndex
  3
ObjectDBX Classes
 90
        0
 91
        0
280
     0
281
     0
  0
CLASS
  1
SPATIAL_INDEX
  2
AcDbSpatialIndex
  3
ObjectDBX Classes
 90
        0
 91
        0
280
     0
281
     0
  0
CLASS
  1
IDBUFFER
  2
AcDbIdBuffer
  3
ObjectDBX Classes
 90
        0
 91
        0
280
     0
281
     0
  0
CLASS
  1
ACDBSECTIONVIEWSTYLE
  2
AcDbSectionViewStyle
  3
ObjectDBX Classes
 90
     1025
 91
        2
280
     0
281
     0
  0
CLASS
  1
ACDBDETAILVIEWSTYLE
  2
AcDbDetailViewStyle
  3
ObjectDBX Classes
 90
     1025
 91
        2
280
     0
281
     0
  0
CLASS
  1
SORTENTSTABLE
  2
AcDbSortentsTable
  3
ObjectDBX Classes
 90
        0
 91
        3
280
     0
281
     0
  0
CLASS
  1
DIMASSOC
  2
AcDbDimAssoc
  3
"AcDbDimAssoc|Product Desc:     AcDim ARX App For Dimension|Company:          Autodesk, Inc.|WEB Address:      www.autodesk.com"
 90
        0
 91
        0
280
     0
281
     0
  0
CLASS
  1
ACARRAYJIGENTITY
  2
AcArrayJigEntity
  3
ACAD_ARRAY
 90
      129
 91
        0
280
     0
281
     1
  0
CLASS
  1
ACDBASSOCNETWORK
  2
AcDbAssocNetwork
  3
ObjectDBX Classes
 90
     1025
 91
        3
280
     0
281
     0
  0
CLASS
  1
ACDBASSOCACTION
  2
AcDbAssocAction
  3
ObjectDBX Classes
 90
     1025
 91
        4
280
     0
281
     0
  0
CLASS
  1
ACDBASSOCARRAYACTIONBODY
  2
AcDbAssocArrayActionBody
  3
ObjectDBX Classes
 90
     1025
 91
        4
280
     0
281
     0
  0
CLASS
  1
ACDBASSOCVERTEXACTIONPARAM
  2
AcDbAssocVertexActionParam
  3
ObjectDBX Classes
 90
     1025
 91
       12
280
     0
281
     0
  0
CLASS
  1
ACDBASSOCEDGEACTIONPARAM
  2
AcDbAssocEdgeActionParam
  3
ObjectDBX Classes
 90
     1025
 91
        0
280
     0
281
     0
  0
CLASS
  1
ACDBASSOCDEPENDENCY
  2
AcDbAssocDependency
  3
ObjectDBX Classes
 90
     1025
 91
       12
280
     0
281
     0
  0
CLASS
  1
ACDBASSOCARRAYPATHPARAMETERS
  2
AcDbAssocArrayPathParameters
  3
ObjectDBX Classes
 90
     1025
 91
        0
280
     0
281
     0
  0
CLASS
  1
ACDBASSOCARRAYRECTANGULARPARAMETERS
  2
AcDbAssocArrayRectangularParameters
  3
ObjectDBX Classes
 90
     1025
 91
        0
280
     0
281
     0
  0
CLASS
  1
ACAD_TABLE
  2
AcDbTable
  3
ObjectDBX Classes
 90
     1025
 91
        1
280
     0
281
     1
  0
CLASS
  1
FIELD
  2
AcDbField
  3
ObjectDBX Classes
 90
     1152
 91
       21
280
     0
281
     0
  0
CLASS
  1
PLOTSETTINGS
  2
AcDbPlotSettings
  3
ObjectDBX Classes
 90
        0
 91
        0
280
     0
281
     0
  0
CLASS
  1
FIELDLIST
  2
AcDbFieldList
  3
ObjectDBX Classes
 90
     1152
 91
        1
280
     0
281
     0
  0
CLASS
  1
TABLECONTENT
  2
AcDbTableContent
  3
ObjectDBX Classes
 90
     1152
 91
        1
280
     0
281
     0
  0
CLASS
  1
TABLEGEOMETRY
  2
AcDbTableGeometry
  3
ObjectDBX Classes
 90
     1152
 91
        1
280
     0
281
     0
  0
CLASS
  1
ACDB_DYNAMICBLOCKPURGEPREVENTER_VERSION
  2
AcDbDynamicBlockPurgePreventer
  3
ObjectDBX Classes
 90
     1153
 91
        1
280
     0
281
     0
  0
ENDSEC
  0
SECTION
  2
TABLES
  0
TABLE
  2
VPORT
  5
8
330
0
100
AcDbSymbolTable
 70
     1
  0
VPORT
  5
94
330
8
100
AcDbSymbolTableRecord
100
AcDbViewportTableRecord
  2
*Active
 70
     0
 10
0.0
 20
0.0
 11
1.0
 21
1.0
 12
85.09659244750528
 22
42.94038965036398
 13
0.0
 23
0.0
 14
0.5
 24
0.5
 15
0.5
 25
0.5
 16
0.0
 26
0.0
 36
1.0
 17
0.0
 27
0.0
 37
0.0
 40
56.77623721541142
 41
2.352124183006536
 42
50.0
 43
0.0
 44
0.0
 50
0.0
 51
0.0
 71
     0
 72
  1000
 73
     1
 74
     3
 75
     0
 76
     1
 77
     0
 78
     0
281
     0
 65
     1
110
0.0
120
0.0
130
0.0
111
1.0
121
0.0
131
0.0
112
0.0
122
1.0
132
0.0
 79
     0
146
0.0
348
9F
 60
     3
 61
     5
292
     1
282
     1
141
0.0
142
0.0
 63
   250
421
  3355443
1001
ACAD_NAV_VCDISPLAY
1070
     3
  0
ENDTAB
  0
TABLE
  2
LTYPE
  5
5
330
0
100
AcDbSymbolTable
 70
     3
  0
LTYPE
  5
14
330
5
100
AcDbSymbolTableRecord
100
AcDbLinetypeTableRecord
  2
ByBlock
 70
     0
  3

 72
    65
 73
     0
 40
0.0
  0
LTYPE
  5
15
330
5
100
AcDbSymbolTableRecord
100
AcDbLinetypeTableRecord
  2
ByLayer
 70
     0
  3

 72
    65
 73
     0
 40
0.0
  0
LTYPE
  5
16
330
5
100
AcDbSymbolTableRecord
100
AcDbLinetypeTableRecord
  2
Continuous
 70
     0
  3
Solid line
 72
    65
 73
     0
 40
0.0
  0
LTYPE
  5
A71
330
5
100
AcDbSymbolTableRecord
100
AcDbLinetypeTableRecord
  2
ACAD_ISO02W100
 70
     0
  3
ISO dash __ __ __ __ __ __ __ __ __ __ __ __ __
 72
    65
 73
     2
 40
15.0
 49
12.0
 74
     0
 49
-3.0
 74
     0
  0
LTYPE
  5
A73
330
5
100
AcDbSymbolTableRecord
100
AcDbLinetypeTableRecord
  2
DASHED
 70
     0
  3
Dashed __ __ __ __ __ __ __ __ __ __ __ __ __ _
 72
    65
 73
     2
 40
0.75
 49
0.5
 74
     0
 49
-0.25
 74
     0
  0
ENDTAB
  0
TABLE
  2
LAYER
  5
2
102
{ACAD_XDICTIONARY
360
18E
102
}
330
0
100
AcDbSymbolTable
 70
     4
  0
LAYER
  5
10
102
{ACAD_XDICTIONARY
360
E6
102
}
330
2
100
AcDbSymbolTableRecord
100
AcDbLayerTableRecord
  2
0
 70
     0
 62
     7
  6
Continuous
370
    -3
390
F
347
98
348
0
  0
LAYER
  5
263
330
2
100
AcDbSymbolTableRecord
100
AcDbLayerTableRecord
  2
Defpoints
 70
     0
 62
     7
  6
Continuous
290
     0
370
    -3
390
F
347
98
348
0
  0
LAYER
  5
675
330
2
100
AcDbSymbolTableRecord
100
AcDbLayerTableRecord
  2
Title Block
 70
     0
 62
     7
  6
Continuous
370
    -3
390
F
347
98
348
0
  0
LAYER
  5
79A
330
2
100
AcDbSymbolTableRecord
100
AcDbLayerTableRecord
  2
Viewport
 70
     0
 62
     5
  6
Continuous
370
    -3
390
F
347
98
348
0
1001
AcAecLayerStandard
1000

1000
Use for layout viewports--turn layer off to hide viewport borders
  0
ENDTAB
  0
TABLE
  2
STYLE
  5
3
330
0
100
AcDbSymbolTable
 70
     6
  0
STYLE
  5
11
330
3
100
AcDbSymbolTableRecord
100
AcDbTextStyleTableRecord
  2
Standard
 70
     0
 40
0.0
 41
1.0
 50
0.0
 71
     0
 42
0.2
  3
arial.ttf
  4

1001
ACAD
1000
Arial
1071
       34
  0
STYLE
  5
DC
330
3
100
AcDbSymbolTableRecord
100
AcDbTextStyleTableRecord
  2
Annotative
 70
     0
 40
0.0
 41
1.0
 50
0.0
 71
     0
 42
0.2
  3
arial.ttf
  4

1001
AcadAnnotative
1000
AnnotativeData
1002
{
1070
     1
1070
     1
1002
}
1001
ACAD
1000
Arial
1071
       34
  0
STYLE
  5
676
330
3
100
AcDbSymbolTableRecord
100
AcDbTextStyleTableRecord
  2
Roman
 70
     0
 40
0.0
 41
1.0
 50
0.0
 71
     0
 42
0.25
  3
romans
  4

  0
STYLE
  5
677
330
3
100
AcDbSymbolTableRecord
100
AcDbTextStyleTableRecord
  2
ACANSTS
 70
     0
 40
1.0
 41
1.0
 50
0.0
 71
     0
 42
0.2
  3
romans.shx
  4

  0
STYLE
  5
7A6
330
3
100
AcDbSymbolTableRecord
100
AcDbTextStyleTableRecord
  2
ISO Proportional
 70
     0
 40
0.0
 41
1.0
 50
0.0
 71
     0
 42
2.5
  3
isocp.shx
  4

  0
STYLE
  5
A70
330
3
100
AcDbSymbolTableRecord
100
AcDbTextStyleTableRecord
  2

 70
     1
 40
0.0
 41
1.0
 50
0.0
 71
     0
 42
0.2
  3
ltypeshp.shx
  4

  0
ENDTAB
  0
TABLE
  2
VIEW
  5
6
330
0
100
AcDbSymbolTable
 70
     0
  0
ENDTAB
  0
TABLE
  2
UCS
  5
7
330
0
100
AcDbSymbolTable
 70
     0
  0
ENDTAB
  0
TABLE
  2
APPID
  5
9
330
0
100
AcDbSymbolTable
 70
    19
  0
APPID
  5
12
330
9
100
AcDbSymbolTableRecord
100
AcDbRegAppTableRecord
  2
ACAD
 70
     0
  0
APPID
  5
DD
330
9
100
AcDbSymbolTableRecord
100
AcDbRegAppTableRecord
  2
AcadAnnoPO
 70
     0
  0
APPID
  5
DE
330
9
100
AcDbSymbolTableRecord
100
AcDbRegAppTableRecord
  2
AcadAnnotative
 70
     0
  0
APPID
  5
DF
330
9
100
AcDbSymbolTableRecord
100
AcDbRegAppTableRecord
  2
ACAD_DSTYLE_DIMJAG
 70
     0
  0
APPID
  5
E0
330
9
100
AcDbSymbolTableRecord
100
AcDbRegAppTableRecord
  2
ACAD_DSTYLE_DIMTALN
 70
     0
  0
APPID
  5
107
330
9
100
AcDbSymbolTableRecord
100
AcDbRegAppTableRecord
  2
ACAD_MLEADERVER
 70
     0
  0
APPID
  5
1A6
330
9
100
AcDbSymbolTableRecord
100
AcDbRegAppTableRecord
  2
ACAD_NAV_VCDISPLAY
 70
     0
  0
APPID
  5
260
330
9
100
AcDbSymbolTableRecord
100
AcDbRegAppTableRecord
  2
ACAD_DSTYLE_DIMRADIAL_EXTENSION
 70
     0
  0
APPID
  5
285
330
9
100
AcDbSymbolTableRecord
100
AcDbRegAppTableRecord
  2
ACAD_EXEMPT_FROM_CAD_STANDARDS
 70
     0
  0
APPID
  5
4DD
330
9
100
AcDbSymbolTableRecord
100
AcDbRegAppTableRecord
  2
GradientColor1ACI
 70
     0
  0
APPID
  5
4DE
330
9
100
AcDbSymbolTableRecord
100
AcDbRegAppTableRecord
  2
GradientColor2ACI
 70
     0
  0
APPID
  5
57C
330
9
100
AcDbSymbolTableRecord
100
AcDbRegAppTableRecord
  2
ACAD_PSEXT
 70
     0
  0
APPID
  5
678
330
9
100
AcDbSymbolTableRecord
100
AcDbRegAppTableRecord
  2
PE_URL
 70
     0
  0
APPID
  5
679
330
9
100
AcDbSymbolTableRecord
100
AcDbRegAppTableRecord
  2
GENIUS_GENTRA_14
 70
     0
  0
APPID
  5
7A9
330
9
100
AcDbSymbolTableRecord
100
AcDbRegAppTableRecord
  2
AcAecLayerStandard
 70
     0
  0
APPID
  5
7B3
330
9
100
AcDbSymbolTableRecord
100
AcDbRegAppTableRecord
  2
ACAD_DSTYLE_DIMJOGGED_JOGANGLE_SYMBOL
 70
     0
  0
APPID
  5
842
330
9
100
AcDbSymbolTableRecord
100
AcDbRegAppTableRecord
  2
Acad_TC
 70
     0
  0
APPID
  5
C38
330
9
100
AcDbSymbolTableRecord
100
AcDbRegAppTableRecord
  2
AcDbDynamicBlockTrueName2
 70
     0
  0
APPID
  5
C39
330
9
100
AcDbSymbolTableRecord
100
AcDbRegAppTableRecord
  2
AcDbDynamicBlockGUID
 70
     0
  0
ENDTAB
  0
TABLE
  2
DIMSTYLE
  5
A
330
0
100
AcDbSymbolTable
 70
     2
100
AcDbDimStyleTable
 71
     2
340
27
340
E1
  0
DIMSTYLE
105
27
330
A
100
AcDbSymbolTableRecord
100
AcDbDimStyleTableRecord
  2
Standard
 70
     0
271
     0
272
     0
340
11
1001
ACAD_DSTYLE_DIMJAG
1070
   388
1040
1.5
1001
ACAD_DSTYLE_DIMTALN
1070
   392
1070
     0
  0
DIMSTYLE
105
E1
330
A
100
AcDbSymbolTableRecord
100
AcDbDimStyleTableRecord
  2
Annotative
 70
     0
 40
0.0
340
11
1001
AcadAnnotative
1000
AnnotativeData
1002
{
1070
     1
1070
     1
1002
}
1001
ACAD_DSTYLE_DIMJAG
1070
   388
1040
1.5
1001
ACAD_DSTYLE_DIMTALN
1070
   392
1070
     0
  0
ENDTAB
  0
TABLE
  2
BLOCK_RECORD
  5
1
330
0
100
AcDbSymbolTable
 70
    21
  0
BLOCK_RECORD
  5
1F
102
{ACAD_XDICTIONARY
360
15D
102
}
330
1
100
AcDbSymbolTableRecord
100
AcDbBlockTableRecord
  2
*Model_Space
340
22
 70
     0
280
     1
281
     0
  0
BLOCK_RECORD
  5
58
102
{ACAD_XDICTIONARY
360
83D
102
}
330
1
100
AcDbSymbolTableRecord
100
AcDbBlockTableRecord
  2
*Paper_Space
340
59
 70
     0
280
     1
281
     0
  0
BLOCK_RECORD
  5
3C5
102
{ACAD_REACTORS
330
3D7
102
}
330
1
100
AcDbSymbolTableRecord
100
AcDbBlockTableRecord
  2
*U0
340
0
102
{BLKREFS
331
3DB
331
3DC
331
3DD
331
3DE
331
3DF
102
}
 70
     0
280
     1
281
     0
  0
BLOCK_RECORD
  5
3C8
102
{ACAD_REACTORS
330
3D6
102
}
330
1
100
AcDbSymbolTableRecord
100
AcDbBlockTableRecord
  2
*U1
340
0
102
{BLKREFS
331
3CB
102
}
 70
     0
280
     1
281
     1
  0
BLOCK_RECORD
  5
3F1
102
{ACAD_REACTORS
330
402
102
}
330
1
100
AcDbSymbolTableRecord
100
AcDbBlockTableRecord
  2
*U2
340
0
102
{BLKREFS
331
3F9
331
3FA
331
3FB
331
3FC
331
3FD
102
}
 70
     0
280
     1
281
     0
  0
BLOCK_RECORD
  5
3F7
102
{ACAD_REACTORS
330
401
102
}
330
1
100
AcDbSymbolTableRecord
100
AcDbBlockTableRecord
  2
*U3
340
0
102
{BLKREFS
331
3EF
102
}
 70
     0
280
     1
281
     1
  0
BLOCK_RECORD
  5
40B
102
{ACAD_REACTORS
330
419
102
}
330
1
100
AcDbSymbolTableRecord
100
AcDbBlockTableRecord
  2
*U4
340
0
102
{BLKREFS
331
41D
331
41E
331
41F
331
420
102
}
 70
     0
280
     1
281
     0
  0
BLOCK_RECORD
  5
40E
102
{ACAD_REACTORS
330
418
102
}
330
1
100
AcDbSymbolTableRecord
100
AcDbBlockTableRecord
  2
*U5
340
0
102
{BLKREFS
331
411
102
}
 70
     0
280
     1
281
     1
  0
BLOCK_RECORD
  5
478
330
1
100
AcDbSymbolTableRecord
100
AcDbBlockTableRecord
  2
*U6
340
0
102
{BLKREFS
102
}
 70
     0
280
     1
281
     0
  0
BLOCK_RECORD
  5
5A5
102
{ACAD_XDICTIONARY
360
5A6
102
}
330
1
100
AcDbSymbolTableRecord
100
AcDbBlockTableRecord
  2
Title Block
340
0
310
2800000020000000200000000100080000000000000400000000000000000000000000000000000000000000000080000080000000808000800000008000800080800000C0C0C00099A8AC00D8E9EC000020400000206000002080000020A0000020C0000020E00000400000004020000040400000406000004080000040A0
310
000040C0000040E00000600000006020000060400000606000006080000060A0000060C0000060E00000800000008020000080400000806000008080000080A0000080C0000080E00000A0000000A0200000A0400000A0600000A0800000A0A00000A0C00000A0E00000C0000000C0200000C0400000C0600000C0800000C0
310
A00000C0C00000C0E00000E0000000E0200000E0400000E0600000E0800000E0A00000E0C00000E0E00040000000400020004000400040006000400080004000A0004000C0004000E00040200000402020004020400040206000402080004020A0004020C0004020E000404000004040200040404000404060004040800040
310
40A0004040C0004040E00040600000406020004060400040606000406080004060A0004060C0004060E00040800000408020004080400040806000408080004080A0004080C0004080E00040A0000040A0200040A0400040A0600040A0800040A0A00040A0C00040A0E00040C0000040C0200040C0400040C0600040C08000
310
40C0A00040C0C00040C0E00040E0000040E0200040E0400040E0600040E0800040E0A00040E0C00040E0E00080000000800020008000400080006000800080008000A0008000C0008000E00080200000802020008020400080206000802080008020A0008020C0008020E00080400000804020008040400080406000804080
310
008040A0008040C0008040E00080600000806020008060400080606000806080008060A0008060C0008060E00080800000808020008080400080806000808080008080A0008080C0008080E00080A0000080A0200080A0400080A0600080A0800080A0A00080A0C00080A0E00080C0000080C0200080C0400080C0600080C0
310
800080C0A00080C0C00080C0E00080E0000080E0200080E0400080E0600080E0800080E0A00080E0C00080E0E000C0000000C0002000C0004000C0006000C0008000C000A000C000C000C000E000C0200000C0202000C0204000C0206000C0208000C020A000C020C000C020E000C0400000C0402000C0404000C0406000C0
310
408000C040A000C040C000C040E000C0600000C0602000C0604000C0606000C0608000C060A000C060C000C060E000C0800000C0802000C0804000C0806000C0808000C080A000C080C000C080E000C0A00000C0A02000C0A04000C0A06000C0A08000C0A0A000C0A0C000C0A0E000C0C00000C0C02000C0C04000C0C06000
310
C0C08000C0C0A000F0FBFF00984E0000808080000000FF0000FF000000FFFF00FF000000FF00FF00FFFF0000FFFFFF00FFFFFFFFFFFFFFFFFFFFFFFFFFFFFFFFFFFFFFFFFFFFFFFFFFFFFFFFFFFFFFFFFFFFFFFFFFFFFFFFFFFFFFFFFFFFFFFFFFFFFFFFFFFFFFFFFFFFFFFFFFFFFFFFFFFFFFFFFFFFFFFFFFFFFFFFFFFFFF
310
FFFFFFFFFFFFFFFFFFFFFFFFFFFFFFFFFFFFFFFFFFFFFFFFFFFFFFFFFFFFFFFFFFFFFFFFFFFFFFFFFFFFFFFFFFFFFFFFFFFFFFFFFFFFFFFFFFFFFFFFFFFFFFFFFFFFFFFFFFFFFFFFFFFFFFFFFFFFFFFFFFFF000000000000000000000000000000000000000000000000000000000000FFFF00000000000000000000000000
310
0000000000000000000000000000000000FFFFFF00FFFFFFFFFFFFFFFFFFFFFFFFFFFFFFFF000000000000000000000000FFFFFF00FFFFFFFFFFFFFFFFFFFFFFFFFFFFFFFF000000000000000000000000FFFF0000FFFFFFFFFFFFFFFFFFFFFFFFFFFFFFFF000000000000000000000000FFFF0000FFFFFFFFFFFFFFFFFFFF
310
FFFFFFFFFFFFFFFFFFFFFFFFFFFFFFFF0000FFFFFF00FFFFFFFFFFFFFFFFFFFFFFFFFFFFFFFFFFFFFFFFFFFFFFFFFFFF0000FFFFFF00FFFFFFFFFFFFFFFFFFFFFFFFFFFFFFFFFFFFFFFFFFFFFFFFFFFF0000FFFF0000FFFFFFFFFFFFFFFFFFFFFFFFFFFFFFFFFFFFFFFFFFFFFFFFFFFF0000FFFF0000FFFFFFFFFFFFFFFFFF
310
FFFFFFFFFFFFFFFFFFFFFFFFFFFFFFFFFF0000FFFFFF00FFFFFFFFFFFFFFFFFFFFFFFFFFFFFFFFFFFFFFFFFFFFFFFFFFFF0000FFFFFF00FFFFFFFFFFFFFFFFFFFFFFFFFFFFFFFFFFFFFFFFFFFFFFFFFFFF0000FFFFFF00FFFFFFFFFFFFFFFFFFFFFFFFFFFFFFFFFFFFFFFFFFFFFFFFFFFF0000FFFFFF00FFFFFFFFFFFFFFFF
310
FFFFFFFFFFFFFFFFFFFFFFFFFFFFFFFFFFFF0000FFFFFF00FFFFFFFFFFFFFFFFFFFFFFFFFFFFFFFFFFFFFFFFFFFFFFFFFFFF0000FFFFFF00FFFFFFFFFFFFFFFFFFFFFFFFFFFFFFFFFFFFFFFFFFFFFFFFFFFF0000FFFFFF00FFFFFFFFFFFFFFFFFFFFFFFFFFFFFFFFFFFFFFFFFFFFFFFFFFFF0000FFFFFF00FFFFFFFFFFFFFF
310
FFFFFFFFFFFFFFFFFFFFFFFFFFFFFFFFFFFFFF0000FFFFFF00FFFFFFFFFFFFFFFFFFFFFFFFFFFFFFFFFFFFFFFFFFFFFFFFFFFF0000FFFFFF00FFFFFFFFFFFFFFFFFFFFFFFFFFFFFFFFFFFFFF000000000000000000FFFFFF0000000000000000000000000000000000000000000000000000000000FFFFFF00000000000000
310
00000000000000000000000000000000000000000000FFFFFFFFFFFFFFFFFFFFFFFFFFFFFFFFFFFFFFFFFFFFFFFFFFFFFFFFFFFFFFFFFFFFFFFFFFFFFFFFFFFFFFFFFFFFFFFFFFFFFFFFFFFFFFFFFFFFFFFFFFFFFFFFFFFFFFFFFFFFFFFFFFFFFFFFFFFFFFFFFFFFFFFFFFFFFFFFFFFFFFFFFFFFFFFFFFFFFFFFFFFFFFFFFF
310
FFFFFFFFFFFFFFFFFFFFFFFFFFFFFFFFFFFFFFFFFFFFFFFFFFFFFFFFFFFFFFFFFFFFFFFFFFFFFFFFFFFFFFFFFFFFFFFFFFFFFFFFFFFFFFFF
 70
     1
280
     1
281
     1
  0
BLOCK_RECORD
  5
64A
330
1
100
AcDbSymbolTableRecord
100
AcDbBlockTableRecord
  2
*T9
340
0
102
{BLKREFS
331
5D2
102
}
 70
     0
280
     1
281
     0
  0
BLOCK_RECORD
  5
6EC
330
1
100
AcDbSymbolTableRecord
100
AcDbBlockTableRecord
  2
ISO A1 title block
340
0
310
2800000020000000200000000100080000000000000400000000000000000000000000000000000000000000000080000080000000808000800000008000800080800000C0C0C000C0DCC000F0CAA6000020400000206000002080000020A0000020C0000020E00000400000004020000040400000406000004080000040A0
310
000040C0000040E00000600000006020000060400000606000006080000060A0000060C0000060E00000800000008020000080400000806000008080000080A0000080C0000080E00000A0000000A0200000A0400000A0600000A0800000A0A00000A0C00000A0E00000C0000000C0200000C0400000C0600000C0800000C0
310
A00000C0C00000C0E00000E0000000E0200000E0400000E0600000E0800000E0A00000E0C00000E0E00040000000400020004000400040006000400080004000A0004000C0004000E00040200000402020004020400040206000402080004020A0004020C0004020E000404000004040200040404000404060004040800040
310
40A0004040C0004040E00040600000406020004060400040606000406080004060A0004060C0004060E00040800000408020004080400040806000408080004080A0004080C0004080E00040A0000040A0200040A0400040A0600040A0800040A0A00040A0C00040A0E00040C0000040C0200040C0400040C0600040C08000
310
40C0A00040C0C00040C0E00040E0000040E0200040E0400040E0600040E0800040E0A00040E0C00040E0E00080000000800020008000400080006000800080008000A0008000C0008000E00080200000802020008020400080206000802080008020A0008020C0008020E00080400000804020008040400080406000804080
310
008040A0008040C0008040E00080600000806020008060400080606000806080008060A0008060C0008060E00080800000808020008080400080806000808080008080A0008080C0008080E00080A0000080A0200080A0400080A0600080A0800080A0A00080A0C00080A0E00080C0000080C0200080C0400080C0600080C0
310
800080C0A00080C0C00080C0E00080E0000080E0200080E0400080E0600080E0800080E0A00080E0C00080E0E000C0000000C0002000C0004000C0006000C0008000C000A000C000C000C000E000C0200000C0202000C0204000C0206000C0208000C020A000C020C000C020E000C0400000C0402000C0404000C0406000C0
310
408000C040A000C040C000C040E000C0600000C0602000C0604000C0606000C0608000C060A000C060C000C060E000C0800000C0802000C0804000C0806000C0808000C080A000C080C000C080E000C0A00000C0A02000C0A04000C0A06000C0A08000C0A0A000C0A0C000C0A0E000C0C00000C0C02000C0C04000C0C06000
310
C0C08000C0C0A000F0FBFF00A4A0A000808080000000FF0000FF000000FFFF00FF000000FF00FF00FFFF0000FFFFFF00FFFFFFFFFFFFFFFFFFFFFFFFFFFFFFFFFFFFFFFFFFFFFFFFFFFFFFFFFFFFFFFFFFFFFFFFFFFFFFFFFFFFFFFFFFFFFFFFFFFFFFFFFFFFFFFFFFFFFFFFFFFFFFFFFFFFFFFFFFFFFFFFFFFFFFFFFFFFFF
310
FFFFFFFFFFFFFFFFFFFFFFFFFFFFFFFFFFFFFFFFFFFFFFFFFFFFFFFFFFFFFFFFFFFFFFFFFFFFFFFFFFFFFFFFFFFFFFFFFFFFFFFFFFFFFFFFFFFFFFFFFFFFFFFFFFFFFFFFFFFFFFFFFFFFFFFFFFFFFFFFFFFFFFFFFFFFFFFFFFFFFFFFFFFFFFFFFFFFFFFFFFFFFFFFFFFFFFFFFFFFFFFFFFFF00000000000000000000000000
310
0000000000000000000000000000000000FFFFFF00FFFFFFFFFFFFFFFFFFFFFFFFFFFFFFFFFFFFFFFF00000000000000FFFFFFFF00FFFFFFFFFFFFFFFFFFFFFFFFFFFFFFFFFFFFFFFFFFFFFFFFFFFF00FFFFFFFF00FFFFFFFFFFFFFFFFFFFFFFFFFFFFFFFFFFFFFFFFFFFFFFFFFFFF00FFFFFFFF00FFFFFFFFFFFFFFFFFFFF
310
FFFFFFFFFFFFFFFFFFFFFFFFFFFFFFFF00FFFFFFFF00FFFFFFFFFFFFFFFFFFFFFFFFFFFFFFFFFFFFFFFFFFFFFFFFFFFF00FFFFFFFF00FFFFFFFFFFFFFFFFFFFFFFFFFFFFFFFFFFFFFFFFFFFFFFFFFFFF00FFFFFFFF00FFFFFFFFFFFFFFFFFFFFFFFFFFFFFFFFFFFFFFFFFFFFFFFFFFFF00FFFFFFFF00FFFFFFFFFFFFFFFFFF
310
FFFFFFFFFFFFFFFFFFFFFFFFFFFFFFFFFF00FFFFFFFF00FFFFFFFFFFFFFFFFFFFFFFFFFFFFFFFFFFFFFFFFFFFFFFFFFFFF00FFFFFFFF00FFFFFFFFFFFFFFFFFFFFFFFFFFFFFFFFFFFFFFFFFFFFFFFFFFFF00FFFFFFFF00FFFFFFFFFFFFFFFFFFFFFFFFFFFFFFFFFFFFFFFFFFFFFFFFFFFF00FFFFFFFF00FFFFFFFFFFFFFFFF
310
FFFFFFFFFFFFFFFFFFFFFFFFFFFFFFFFFFFF00FFFFFFFF00FFFFFFFFFFFFFFFFFFFFFFFFFFFFFFFFFFFFFFFFFFFFFFFFFFFF00FFFFFFFF00FFFFFFFFFFFFFFFFFFFFFFFFFFFFFFFFFFFFFFFFFFFFFFFFFFFF00FFFFFFFF00FFFFFFFFFFFFFFFFFFFFFFFFFFFFFFFFFFFFFFFFFFFFFFFFFFFF00FFFFFFFF00FFFFFFFFFFFFFF
310
FFFFFFFFFFFFFFFFFFFFFFFFFFFFFFFFFFFFFF00FFFFFFFF00FFFFFFFFFFFFFFFFFFFFFFFFFFFFFFFFFFFFFFFFFFFFFFFFFFFF00FFFFFFFF00FFFFFFFFFFFFFFFFFFFFFFFFFFFFFFFFFFFFFFFFFFFFFFFFFFFF00FFFFFF000000000000000000000000000000000000000000000000000000000000FFFFFFFFFFFFFFFFFFFF
310
FFFFFFFFFFFFFFFFFFFFFFFFFFFFFFFFFFFFFFFFFFFFFFFFFFFFFFFFFFFFFFFFFFFFFFFFFFFFFFFFFFFFFFFFFFFFFFFFFFFFFFFFFFFFFFFFFFFFFFFFFFFFFFFFFFFFFFFFFFFFFFFFFFFFFFFFFFFFFFFFFFFFFFFFFFFFFFFFFFFFFFFFFFFFFFFFFFFFFFFFFFFFFFFFFFFFFFFFFFFFFFFFFFFFFFFFFFFFFFFFFFFFFFFFFFFFFF
310
FFFFFFFFFFFFFFFFFFFFFFFFFFFFFFFFFFFFFFFFFFFFFFFFFFFFFFFFFFFFFFFFFFFFFFFFFFFFFFFFFFFFFFFFFFFFFFFFFFFFFFFFFFFFFFFF
 70
     4
280
     1
281
     0
  0
BLOCK_RECORD
  5
8FE
330
1
100
AcDbSymbolTableRecord
100
AcDbBlockTableRecord
  2
grid block
340
0
310
28000000300000003000000001002000000000000024000001000000010000000000000000000000FFFFFFFFFFFFFFFFFFFFFFFFFFFFFFFFFFFFFFFFFFFFFFFFFFFFFFFFFFFFFFFFFFFFFFFFFFFFFFFFFFFFFFFFFFFFFFFFFFFFFFFFFFFFFFFFFFFFFFFFFFFFFFFFFFFFFFFFFFFFFFFFFFFFFFFFFFFFFFFFFFFFFFFFFFFFFF
310
FFFFFFFFFFFFFFFFFFFFFFFFFFFFFFFFFFFFFFFFFFFFFFFFFFFFFFFFFFFFFFFFFFFFFFFFFFFFFFFFFFFFFFFFFFFFFFFFFFFFFFFFFFFFFFFFFFFFFFFFFFFFFFFFFFFFFFFFFFFFFFFFFFFFFFFFFFFFFFFFFFFFFFFFFFFFFFFFFFFFFFFFFFFFFFFFFFFFFFFFFFFFFFFFFFFFFFFFFFFFFFFFFFFFFFFFFFFFFFFFFFFFFFFFFFFFFF
310
FFFFFFFFFFFFFFFFFFFFFFFFFFFFFFFFFFFFFFFFFFFFFFFFFFFFFFFFFFFFFFFFFFFFFFFFFFFFFFFFFFFFFFFFFFFFFFFFFFFFFFFFFFFFFFFFFFFFFFFFFFFFFFFFFFFFFFFFFFFFFFFFFFFFFFFFFFFFFFFFFFFFFFFFFFFFFFFFFFFFFFFFFFFFFFFFFFFFFFFFFFFFFFFFFFFFFFFFFFFFFFFFFFFFFFFFFFFFFFFFFFFFFFFFFFFFFF
310
FFFFFFFFFFFFFFFFFFFFFFFFFFFFFFFFFFFFFFFFFFFFFFFFFFFFFFFFFFFFFFFFFFFFFFFFFFFFFFFFFFFFFFFFFFFFFFFFFFFFFFFFFFFFFFFFFFFFFFFFFFFFFFFFFFFFFFFFFFFFFFFFFFFFFFFFFFFFFFFFFFFFFFFFFFFFFFFFFFFFFFFFFFFFFFFFFFFFFFFFFFFFFFFFFFFFFFFFFFFFFFFFFFFFFFFFFFFFFFFFFFFFFFFFFFFFFF
310
FFFFFFFFFFFFFFFFFFFFFFFFFFFFFFFFFFFFFFFFFFFFFFFFFFFFFFFFFFFFFFFFFFFFFFFFFFFFFFFFFFFFFFFFFFFFFFFFFFFFFFFFFFFFFFFFFFFFFFFFFFFFFFFFFFFFFFFFFFFFFFFFFFFFFFFFFFFFFFFFFFFFFFFFFFFFFFFFFFFFFFFFFFFFFFFFFFFFFFFFFFFFFFFFFFFFFFFFFFFFFFFFFFFFFFFFFFFFFFFFFFFFFFFFFFFFFF
310
FFFFFFFFFFFFFFFFFFFFFFFFFFFFFFFFFFFFFFFFFFFFFFFFFFFFFFFFFFFFFFFFFFFFFFFFFFFFFFFFFFFFFFFFFFFFFFFFFFFFFFFFFFFFFFFFFFFFFFFFFFFFFFFFFFFFFFFFFFFFFFFFFFFFFFFFFFFFFFFFFFFFFFFFFFFFFFFFFFFFFFFFFFFFFFFFFFFFFFFFFFFFFFFFFFFFFFFFFFFFFFFFFFFFFFFFFFFFFFFFFFFFFFFFFFFFFF
310
FFFFFFFFFFFFFFFFFFFFFFFFFFFFFFFFFFFFFFFFFFFFFFFFFFFFFFFFFFFFFFFFFFFFFFFFFFFFFFFFFFFFFFFFFFFFFFFFFFFFFFFFFFFFFFFFFFFFFFFFFFFFFFFFFFFFFFFFFFFFFFFFFFFFFFFFFFFFFFFFFFFFFFFFFFFFFFFFFFFFFFFFFFFFFFFFFFFFFFFFFFFFFFFFFFFFFFFFFFFFFFFFFFFFFFFFFFFFFFFFFFFFFFFFFFFFFF
310
FFFFFFFFFFFFFFFFFFFFFFFFFFFFFFFFFFFFFFFFFFFFFFFFFFFFFFFFFFFFFFFFFFFFFFFFFFFFFFFFFFFFFFFFFFFFFFFFFFFFFFFFFFFFFFFFFFFFFFFFFFFFFFFFFFFFFFFFFFFFFFFFFFFFFFFFFFFFFFFFFFFFFFFFFFFFFFFFFFFFFFFFFFFFFFFFFFFFFFFFFFFFFFFFFFFFFFFFFFFFFFFFFFFFFFFFFFFFFFFFFFFFFFFFFFFFFF
310
FFFFFFFFFFFFFFFFFFFFFFFFFFFFFFFFFFFFFFFFFFFFFFFFFFFFFFFFFFFFFFFFFFFFFFFFFFFFFFFFFFFFFFFFFFFFFFFFFFFFFFFFFFFFFFFFFFFFFFFFFFFFFFFFFFFFFFFFFFFFFFFFFFFFFFFFFFFFFFFFFFFFFFFFFFFFFFFFFFFFFFFFFFFFFFFFFFFFFFFFFFFFFFFFFFFFFFFFFFFFFFFFFFFFFFFFFFFFFFFFFFFFFFFFFFFFFF
310
FFFFFFFFFFFFFFFFFFFFFFFFFFFFFFFFFFFFFFFFFFFFFFFFFFFFFFFFFFFFFFFFFFFFFFFFFFFFFFFFFFFFFFFFFFFFFFFFFFFFFFFFFFFFFFFFFFFFFFFFFFFFFFFFFFFFFFFFFFFFFFFFFFFFFFFFFFFFFFFFFFFFFFFFFFFFFFFFFFFFFFFFFFFFFFFFFFFFFFFFFFFFFFFFFFFFFFFFFFFFFFFFFFFFFFFFFFFFFFFFFFFFFFFFFFFFFF
310
FFFFFFFFFFFFFFFFFFFFFFFFFFFFFFFFFFFFFFFFFFFFFFFFFFFFFFFFFFFFFFFFFFFFFFFFFFFFFFFFFFFFFFFFFFFFFFFFFFFFFFFFFFFFFFFFFFFFFFFFFFFFFFFFFFFFFFFFFFFFFFFFFFFFFFFFFFFFFFFFFFFFFFFFFFFFFFFFFFFFFFFFFFFFFFFFFFFFFFFFFFFFFFFFFFFFFFFFFFFFFFFFFFFFFFFFFFFFFFFFFFFFFFFFFFFFFF
310
FFFFFFFFFFFFFFFFFFFFFFFFFFFFFFFFFFFFFFFFFFFFFFFFFFFFFFFFFFFFFFFFFFFFFFFFFFFFFFFFFFFFFFFFFFFFFFFFFFFFFFFFFFFFFFFFFFFFFFFFFFFFFFFFFFFFFFFFFFFFFFFFFFFFFFFFFFFFFFFFFFFFFFFFFFFFFFFFFFFFFFFFFFFFFFFFFFFFFFFFFFFFFFFFFFFFFFFFFFFFFFFFFFFFFFFFFFFFFFFFFFFFFFFFFFFFFF
310
FFFFFFFFFFFFFFFFFFFFFFFFFFFFFFFFFFFFFFFFFFFFFFFFFFFFFFFFFFFFFFFFFFFFFFFFFFFFFFFFFFFFFFFFFFFFFFFFFFFFFFFFFFFFFFFFFFFFFFFFFFFFFFFFFFFFFFFFFFFFFFFFFFFFFFFFFFFFFFFFFFFFFFFFFFFFFFFFFFFFFFFFFFFFFFFFFFFFFFFFFFFFFFFFFFFFFFFFFFFFFFFFFFFFFFFFFFFFFFFFFFFFFFFFFFFFFF
310
FFFFFFFFFFFFFFFFFFFFFFFFFFFFFFFFFFFFFFFFFFFFFFFFFFFFFFFFFFFFFFFFFFFFFFFFFFFFFFFFFFFFFFFFFFFFFFFFFFFFFFFFFFFFFFFFFFFFFFFFFFFFFFFFFFFFFFFFFFFFFFFFFFFFFFFFFFFFFFFFFFFFFFFFFFFFFFFFFFFFFFFFFFFFFFFFFFFFFFFFFFFFFFFFFFFFFFFFFFFFFFFFFFFFFFFFFFFFFFFFFFFFFFFFFF0000
310
00FF000000FF000000FF000000FF000000FF000000FF000000FF000000FF000000FF000000FF000000FF000000FF000000FF000000FF000000FF000000FF000000FF000000FF000000FF000000FF000000FF000000FF000000FF000000FF000000FF000000FF000000FF000000FF000000FF000000FF000000FF000000FF00
310
0000FF000000FF000000FF000000FF000000FF000000FF000000FF000000FF000000FF000000FF000000FF000000FFFFFFFFFFFFFFFFFFFFFFFFFFFFFFFFFF000000FF000000FF000000FF000000FF000000FF000000FF000000FF000000FF000000FF000000FF000000FF000000FF000000FF000000FF000000FF000000FF
310
000000FF000000FF000000FF000000FF000000FF000000FF000000FF000000FF000000FF000000FF000000FF000000FF000000FF000000FF000000FF000000FF000000FF000000FF000000FF000000FF000000FF000000FF000000FF000000FF000000FF000000FF000000FF000000FFFFFFFFFFFFFFFFFFFFFFFFFFFFFFFF
310
FF000000FF000000FFFFFFFFFFFFFFFFFFFFFFFFFFFFFFFFFFFFFFFFFFFFFFFFFFFFFFFFFFFFFFFFFFFFFFFFFFFFFFFFFFFFFFFFFFFFFFFFFFFFFFFFFFFFFFFFFFFFFFFFFFFFFFFFFFFFFFFFFFFFFFFFFFFFFFFFFFFFFFFFFFFFFFFFFFFFFFFFFFFFFFFFFFFFFFFFFFFFFFFFFFFFFFFFFFFFFFFFFFFFFFFFFFFFFFFFFFFFFF
310
FFFFFFFFFFFFFFFFFFFFFFFFFFFFFFFFFFFFFFFFFFFFFFFFFFFFFFFFFFFFFFFFFFFFFFFFFFFFFFFFFFFF000000FF000000FFFFFFFFFFFFFFFFFFFFFFFFFFFFFFFFFF000000FF000000FFFFFFFFFFFFFFFFFFFFFFFFFFFFFFFFFFFFFFFFFFFFFFFFFFFFFFFFFFFFFFFFFFFFFFFFFFFFFFFFFFFFFFFFFFFFFFFFFFFFFFFFFFFF
310
FFFFFFFFFFFFFFFFFFFFFFFFFFFFFFFFFFFFFFFFFFFFFFFFFFFFFFFFFFFFFFFFFFFFFFFFFFFFFFFFFFFFFFFFFFFFFFFFFFFFFFFFFFFFFFFFFFFFFFFFFFFFFFFFFFFFFFFFFFFFFFFFFFFFFFFFFFFFFFFFFFFFFFFFFFFFFFFFFFFFFFFFFFFFFFFFFFFFFFFFFFFFFFFFFFFFFF000000FF000000FFFFFFFFFFFFFFFFFFFFFFFFFF
310
FFFFFFFF000000FF000000FFFFFFFFFFFFFFFFFFFFFFFFFFFFFFFFFFFFFFFFFFFFFFFFFFFFFFFFFFFFFFFFFFFFFFFFFFFFFFFFFFFFFFFFFFFFFFFFFFFFFFFFFFFFFFFFFFFFFFFFFFFFFFFFFFFFFFFFFFFFFFFFFFFFFFFFFFFFFFFFFFFFFFFFFFFFFFFFFFFFFFFFFFFFFFFFFFFFFFFFFFFFFFFFFFFFFFFFFFFFFFFFFFFFFFFF
310
FFFFFFFFFFFFFFFFFFFFFFFFFFFFFFFFFFFFFFFFFFFFFFFFFFFFFFFFFFFFFFFFFFFFFFFFFFFFFFFFFFFFFFFFFF000000FF000000FFFFFFFFFFFFFFFFFFFFFFFFFFFFFFFFFF000000FF000000FFFFFFFFFFFFFFFFFFFFFFFFFFFFFFFFFFFFFFFFFFFFFFFFFFFFFFFFFFFFFFFFFFFFFFFFFFFFFFFFFFFFFFFFFFFFFFFFFFFFFF
310
FFFFFFFFFFFFFFFFFFFFFFFFFFFFFFFFFFFFFFFFFFFFFFFFFFFFFFFFFFFFFFFFFFFFFFFFFFFFFFFFFFFFFFFFFFFFFFFFFFFFFFFFFFFFFFFFFFFFFFFFFFFFFFFFFFFFFFFFFFFFFFFFFFFFFFFFFFFFFFFFFFFFFFFFFFFFFFFFFFFFFFFFFFFFFFFFFFFFFFFFFFFFFFFFFFFFFFFFFFFF000000FF000000FFFFFFFFFFFFFFFFFFFF
310
FFFFFFFFFFFFFF000000FF000000FFFFFFFFFFFFFFFFFFFFFFFFFFFFFFFFFFFFFFFFFFFFFFFFFFFFFFFFFFFFFFFFFFFFFFFFFFFFFFFFFFFFFFFFFFFFFFFFFFFFFFFFFFFFFFFFFFFFFFFFFFFFFFFFFFFFFFFFFFFFFFFFFFFFFFFFFFFFFFFFFFFFFFFFFFFFFFFFFFFFFFFFFFFFFFFFFFFFFFFFFFFFFFFFFFFFFFFFFFFFFFFFFF
310
FFFFFFFFFFFFFFFFFFFFFFFFFFFFFFFFFFFFFFFFFFFFFFFFFFFFFFFFFFFFFFFFFFFFFFFFFFFFFFFFFFFFFFFFFFFFFFFF000000FF000000FFFFFFFFFFFFFFFFFFFFFFFFFFFFFFFFFF000000FF000000FFFFFFFFFFFFFFFFFFFFFFFFFFFFFFFFFFFFFFFFFFFFFFFFFFFFFFFFFFFFFFFFFFFFFFFFFFFFFFFFFFFFFFFFFFFFFFFF
310
FFFFFFFFFFFFFFFFFFFFFFFFFFFFFFFFFFFFFFFFFFFFFFFFFFFFFFFFFFFFFFFFFFFFFFFFFFFFFFFFFFFFFFFFFFFFFFFFFFFFFFFFFFFFFFFFFFFFFFFFFFFFFFFFFFFFFFFFFFFFFFFFFFFFFFFFFFFFFFFFFFFFFFFFFFFFFFFFFFFFFFFFFFFFFFFFFFFFFFFFFFFFFFFFFFFFFFFFFFFFFFFFFF000000FF000000FFFFFFFFFFFFFF
310
FFFFFFFFFFFFFFFFFFFF000000FF000000FFFFFFFFFFFFFFFFFFFFFFFFFFFFFFFFFFFFFFFFFFFFFFFFFFFFFFFFFFFFFFFFFFFFFFFFFFFFFFFFFFFFFFFFFFFFFFFFFFFFFFFFFFFFFFFFFFFFFFFFFFFFFFFFFFFFFFFFFFFFFFFFFFFFFFFFFFFFFFFFFFFFFFFFFFFFFFFFFFFFFFFFFFFFFFFFFFFFFFFFFFFFFFFFFFFFFFFFFFFF
310
FFFFFFFFFFFFFFFFFFFFFFFFFFFFFFFFFFFFFFFFFFFFFFFFFFFFFFFFFFFFFFFFFFFFFFFFFFFFFFFFFFFFFFFFFFFFFFFFFFFFFF000000FF000000FFFFFFFFFFFFFFFFFFFFFFFFFFFFFFFFFF000000FF000000FFFFFFFFFFFFFFFFFFFFFFFFFFFFFFFFFFFFFFFFFFFFFFFFFFFFFFFFFFFFFFFFFFFFFFFFFFFFFFFFFFFFFFFFFF
310
FFFFFFFFFFFFFFFFFFFFFFFFFFFFFFFFFFFFFFFFFFFFFFFFFFFFFFFFFFFFFFFFFFFFFFFFFFFFFFFFFFFFFFFFFFFFFFFFFFFFFFFFFFFFFFFFFFFFFFFFFFFFFFFFFFFFFFFFFFFFFFFFFFFFFFFFFFFFFFFFFFFFFFFFFFFFFFFFFFFFFFFFFFFFFFFFFFFFFFFFFFFFFFFFFFFFFFFFFFFFFFFFFFFFFFFF000000FF000000FFFFFFFF
310
FFFFFFFFFFFFFFFFFFFFFFFFFF000000FF000000FFFFFFFFFFFFFFFFFFFFFFFFFFFFFFFFFFFFFFFFFFFFFFFFFFFFFFFFFFFFFFFFFFFFFFFFFFFFFFFFFFFFFFFFFFFFFFFFFFFFFFFFFFFFFFFFFFFFFFFFFFFFFFFFFFFFFFFFFFFFFFFFFFFFFFFFFFFFFFFFFFFFFFFFFFFFFFFFFFFFFFFFFFFFFFFFFFFFFFFFFFFFFFFFFFFFFF
310
FFFFFFFFFFFFFFFFFFFFFFFFFFFFFFFFFFFFFFFFFFFFFFFFFFFFFFFFFFFFFFFFFFFFFFFFFFFFFFFFFFFFFFFFFFFFFFFFFFFFFFFFFFFF000000FF000000FFFFFFFFFFFFFFFFFFFFFFFFFFFFFFFFFF000000FF000000FFFFFFFFFFFFFFFFFFFFFFFFFFFFFFFFFFFFFFFFFFFFFFFFFFFFFFFFFFFFFFFFFFFFFFFFFFFFFFFFFFFF
310
FFFFFFFFFFFFFFFFFFFFFFFFFFFFFFFFFFFFFFFFFFFFFFFFFFFFFFFFFFFFFFFFFFFFFFFFFFFFFFFFFFFFFFFFFFFFFFFFFFFFFFFFFFFFFFFFFFFFFFFFFFFFFFFFFFFFFFFFFFFFFFFFFFFFFFFFFFFFFFFFFFFFFFFFFFFFFFFFFFFFFFFFFFFFFFFFFFFFFFFFFFFFFFFFFFFFFFFFFFFFFFFFFFFFFFFFFFFFFF000000FF000000FF
310
FFFFFFFFFFFFFFFFFFFFFFFFFFFFFFFF000000FF000000FFFFFFFFFFFFFFFFFFFFFFFFFFFFFFFFFFFFFFFFFFFFFFFFFFFFFFFFFFFFFFFFFFFFFFFFFFFFFFFFFFFFFFFFFFFFFFFFFFFFFFFFFFFFFFFFFFFFFFFFFFFFFFFFFFFFFFFFFFFFFFFFFFFFFFFFFFFFFFFFFFFFFFFFFFFFFFFFFFFFFFFFFFFFFFFFFFFFFFFFFFFFFFFF
310
FFFFFFFFFFFFFFFFFFFFFFFFFFFFFFFFFFFFFFFFFFFFFFFFFFFFFFFFFFFFFFFFFFFFFFFFFFFFFFFFFFFFFFFFFFFFFFFFFFFFFFFFFFFFFFFFFF000000FF000000FFFFFFFFFFFFFFFFFFFFFFFFFFFFFFFFFF000000FF000000FFFFFFFFFFFFFFFFFFFFFFFFFFFFFFFFFFFFFFFFFFFFFFFFFFFFFFFFFFFFFFFFFFFFFFFFFFFFFF
310
FFFFFFFFFFFFFFFFFFFFFFFFFFFFFFFFFFFFFFFFFFFFFFFFFFFFFFFFFFFFFFFFFFFFFFFFFFFFFFFFFFFFFFFFFFFFFFFFFFFFFFFFFFFFFFFFFFFFFFFFFFFFFFFFFFFFFFFFFFFFFFFFFFFFFFFFFFFFFFFFFFFFFFFFFFFFFFFFFFFFFFFFFFFFFFFFFFFFFFFFFFFFFFFFFFFFFFFFFFFFFFFFFFFFFFFFFFFFFFFFFFFF000000FF00
310
0000FFFFFFFFFFFFFFFFFFFFFFFFFFFFFFFFFF000000FF000000FFFFFFFFFFFFFFFFFFFFFFFFFFFFFFFFFFFFFFFFFFFFFFFFFFFFFFFFFFFFFFFFFFFFFFFFFFFFFFFFFFFFFFFFFFFFFFFFFFFFFFFFFFFFFFFFFFFFFFFFFFFFFFFFFFFFFFFFFFFFFFFFFFFFFFFFFFFFFFFFFFFFFFFFFFFFFFFFFFFFFFFFFFFFFFFFFFFFFFFFFF
310
FFFFFFFFFFFFFFFFFFFFFFFFFFFFFFFFFFFFFFFFFFFFFFFFFFFFFFFFFFFFFFFFFFFFFFFFFFFFFFFFFFFFFFFFFFFFFFFFFFFFFFFFFFFFFFFFFFFFFFFF000000FF000000FFFFFFFFFFFFFFFFFFFFFFFFFFFFFFFFFF000000FF000000FFFFFFFFFFFFFFFFFFFFFFFFFFFFFFFFFFFFFFFFFFFFFFFFFFFFFFFFFFFFFFFFFFFFFFFF
310
FFFFFFFFFFFFFFFFFFFFFFFFFFFFFFFFFFFFFFFFFFFFFFFFFFFFFFFFFFFFFFFFFFFFFFFFFFFFFFFFFFFFFFFFFFFFFFFFFFFFFFFFFFFFFFFFFFFFFFFFFFFFFFFFFFFFFFFFFFFFFFFFFFFFFFFFFFFFFFFFFFFFFFFFFFFFFFFFFFFFFFFFFFFFFFFFFFFFFFFFFFFFFFFFFFFFFFFFFFFFFFFFFFFFFFFFFFFFFFFFFFFFFFFFFF0000
310
00FF000000FFFFFFFFFFFFFFFFFFFFFFFFFFFFFFFFFF000000FF000000FFFFFFFFFFFFFFFFFFFFFFFFFFFFFFFFFFFFFFFFFFFFFFFFFFFFFFFFFFFFFFFFFFFFFFFFFFFFFFFFFFFFFFFFFFFFFFFFFFFFFFFFFFFFFFFFFFFFFFFFFFFFFFFFFFFFFFFFFFFFFFFFFFFFFFFFFFFFFFFFFFFFFFFFFFFFFFFFFFFFFFFFFFFFFFFFFFFF
310
FFFFFFFFFFFFFFFFFFFFFFFFFFFFFFFFFFFFFFFFFFFFFFFFFFFFFFFFFFFFFFFFFFFFFFFFFFFFFFFFFFFFFFFFFFFFFFFFFFFFFFFFFFFFFFFFFFFFFFFFFFFFFF000000FF000000FFFFFFFFFFFFFFFFFFFFFFFFFFFFFFFFFF000000FF000000FFFFFFFFFFFFFFFFFFFFFFFFFFFFFFFFFFFFFFFFFFFFFFFFFFFFFFFFFFFFFFFFFF
310
FFFFFFFFFFFFFFFFFFFFFFFFFFFFFFFFFFFFFFFFFFFFFFFFFFFFFFFFFFFFFFFFFFFFFFFFFFFFFFFFFFFFFFFFFFFFFFFFFFFFFFFFFFFFFFFFFFFFFFFFFFFFFFFFFFFFFFFFFFFFFFFFFFFFFFFFFFFFFFFFFFFFFFFFFFFFFFFFFFFFFFFFFFFFFFFFFFFFFFFFFFFFFFFFFFFFFFFFFFFFFFFFFFFFFFFFFFFFFFFFFFFFFFFFFFFFFF
310
FF000000FF000000FFFFFFFFFFFFFFFFFFFFFFFFFFFFFFFFFF000000FF000000FFFFFFFFFFFFFFFFFFFFFFFFFFFFFFFFFFFFFFFFFFFFFFFFFFFFFFFFFFFFFFFFFFFFFFFFFFFFFFFFFFFFFFFFFFFFFFFFFFFFFFFFFFFFFFFFFFFFFFFFFFFFFFFFFFFFFFFFFFFFFFFFFFFFFFFFFFFFFFFFFFFFFFFFFFFFFFFFFFFFFFFFFFFFFF
310
FFFFFFFFFFFFFFFFFFFFFFFFFFFFFFFFFFFFFFFFFFFFFFFFFFFFFFFFFFFFFFFFFFFFFFFFFFFFFFFFFFFFFFFFFFFFFFFFFFFFFFFFFFFFFFFFFFFFFFFFFFFFFFFFFFFF000000FF000000FFFFFFFFFFFFFFFFFFFFFFFFFFFFFFFFFF000000FF000000FFFFFFFFFFFFFFFFFFFFFFFFFFFFFFFFFFFFFFFFFFFFFFFFFFFFFFFFFFFF
310
FFFFFFFFFFFFFFFFFFFFFFFFFFFFFFFFFFFFFFFFFFFFFFFFFFFFFFFFFFFFFFFFFFFFFFFFFFFFFFFFFFFFFFFFFFFFFFFFFFFFFFFFFFFFFFFFFFFFFFFFFFFFFFFFFFFFFFFFFFFFFFFFFFFFFFFFFFFFFFFFFFFFFFFFFFFFFFFFFFFFFFFFFFFFFFFFFFFFFFFFFFFFFFFFFFFFFFFFFFFFFFFFFFFFFFFFFFFFFFFFFFFFFFFFFFFFFF
310
FFFFFFFF000000FF000000FFFFFFFFFFFFFFFFFFFFFFFFFFFFFFFFFF000000FF000000FFFFFFFFFFFFFFFFFFFFFFFFFFFFFFFFFFFFFFFFFFFFFFFFFFFFFFFFFFFFFFFFFFFFFFFFFFFFFFFFFFFFFFFFFFFFFFFFFFFFFFFFFFFFFFFFFFFFFFFFFFFFFFFFFFFFFFFFFFFFFFFFFFFFFFFFFFFFFFFFFFFFFFFFFFFFFFFFFFFFFFFF
310
FFFFFFFFFFFFFFFFFFFFFFFFFFFFFFFFFFFFFFFFFFFFFFFFFFFFFFFFFFFFFFFFFFFFFFFFFFFFFFFFFFFFFFFFFFFFFFFFFFFFFFFFFFFFFFFFFFFFFFFFFFFFFFFFFFFFFFFFFF000000FF000000FFFFFFFFFFFFFFFFFFFFFFFFFFFFFFFFFF000000FF000000FFFFFFFFFFFFFFFFFFFFFFFFFFFFFFFFFFFFFFFFFFFFFFFFFFFFFF
310
FFFFFFFFFFFFFFFFFFFFFFFFFFFFFFFFFFFFFFFFFFFFFFFFFFFFFFFFFFFFFFFFFFFFFFFFFFFFFFFFFFFFFFFFFFFFFFFFFFFFFFFFFFFFFFFFFFFFFFFFFFFFFFFFFFFFFFFFFFFFFFFFFFFFFFFFFFFFFFFFFFFFFFFFFFFFFFFFFFFFFFFFFFFFFFFFFFFFFFFFFFFFFFFFFFFFFFFFFFFFFFFFFFFFFFFFFFFFFFFFFFFFFFFFFFFFFF
310
FFFFFFFFFFFFFF000000FF000000FFFFFFFFFFFFFFFFFFFFFFFFFFFFFFFFFF000000FF000000FFFFFFFFFFFFFFFFFFFFFFFFFFFFFFFFFFFFFFFFFFFFFFFFFFFFFFFFFFFFFFFFFFFFFFFFFFFFFFFFFFFFFFFFFFFFFFFFFFFFFFFFFFFFFFFFFFFFFFFFFFFFFFFFFFFFFFFFFFFFFFFFFFFFFFFFFFFFFFFFFFFFFFFFFFFFFFFFFF
310
FFFFFFFFFFFFFFFFFFFFFFFFFFFFFFFFFFFFFFFFFFFFFFFFFFFFFFFFFFFFFFFFFFFFFFFFFFFFFFFFFFFFFFFFFFFFFFFFFFFFFFFFFFFFFFFFFFFFFFFFFFFFFFFFFFFFFFFFFFFFFFFF000000FF000000FFFFFFFFFFFFFFFFFFFFFFFFFFFFFFFFFF000000FF000000FFFFFFFFFFFFFFFFFFFFFFFFFFFFFFFFFFFFFFFFFFFFFFFF
310
FFFFFFFFFFFFFFFFFFFFFFFFFFFFFFFFFFFFFFFFFFFFFFFFFFFFFFFFFFFFFFFFFFFFFFFFFFFFFFFFFFFFFFFFFFFFFFFFFFFFFFFFFFFFFFFFFFFFFFFFFFFFFFFFFFFFFFFFFFFFFFFFFFFFFFFFFFFFFFFFFFFFFFFFFFFFFFFFFFFFFFFFFFFFFFFFFFFFFFFFFFFFFFFFFFFFFFFFFFFFFFFFFFFFFFFFFFFFFFFFFFFFFFFFFFFFFF
310
FFFFFFFFFFFFFFFFFFFF000000FF000000FFFFFFFFFFFFFFFFFFFFFFFFFFFFFFFFFF000000FF000000FFFFFFFFFFFFFFFFFFFFFFFFFFFFFFFFFFFFFFFFFFFFFFFFFFFFFFFFFFFFFFFFFFFFFFFFFFFFFFFFFFFFFFFFFFFFFFFFFFFFFFFFFFFFFFFFFFFFFFFFFFFFFFFFFFFFFFFFFFFFFFFFFFFFFFFFFFFFFFFFFFFFFFFFFFFF
310
FFFFFFFFFFFFFFFFFFFFFFFFFFFFFFFFFFFFFFFFFFFFFFFFFFFFFFFFFFFFFFFFFFFFFFFFFFFFFFFFFFFFFFFFFFFFFFFFFFFFFFFFFFFFFFFFFFFFFFFFFFFFFFFFFFFFFFFFFFFFFFFFFFFFFF000000FF000000FFFFFFFFFFFFFFFFFFFFFFFFFFFFFFFFFF000000FF000000FFFFFFFFFFFFFFFFFFFFFFFFFFFFFFFFFFFFFFFFFF
310
FFFFFFFFFFFFFFFFFFFFFFFFFFFFFFFFFFFFFFFFFFFFFFFFFFFFFFFFFFFFFFFFFFFFFFFFFFFFFFFFFFFFFFFFFFFFFFFFFFFFFFFFFFFFFFFFFFFFFFFFFFFFFFFFFFFFFFFFFFFFFFFFFFFFFFFFFFFFFFFFFFFFFFFFFFFFFFFFFFFFFFFFFFFFFFFFFFFFFFFFFFFFFFFFFFFFFFFFFFFFFFFFFFFFFFFFFFFFFFFFFFFFFFFFFFFFFF
310
FFFFFFFFFFFFFFFFFFFFFFFFFF000000FF000000FFFFFFFFFFFFFFFFFFFFFFFFFFFFFFFFFF000000FF000000FFFFFFFFFFFFFFFFFFFFFFFFFFFFFFFFFFFFFFFFFFFFFFFFFFFFFFFFFFFFFFFFFFFFFFFFFFFFFFFFFFFFFFFFFFFFFFFFFFFFFFFFFFFFFFFFFFFFFFFFFFFFFFFFFFFFFFFFFFFFFFFFFFFFFFFFFFFFFFFFFFFFFF
310
FFFFFFFFFFFFFFFFFFFFFFFFFFFFFFFFFFFFFFFFFFFFFFFFFFFFFFFFFFFFFFFFFFFFFFFFFFFFFFFFFFFFFFFFFFFFFFFFFFFFFFFFFFFFFFFFFFFFFFFFFFFFFFFFFFFFFFFFFFFFFFFFFFFFFFFFFFFF000000FF000000FFFFFFFFFFFFFFFFFFFFFFFFFFFFFFFFFF000000FF000000FFFFFFFFFFFFFFFFFFFFFFFFFFFFFFFFFFFF
310
FFFFFFFFFFFFFFFFFFFFFFFFFFFFFFFFFFFFFFFFFFFFFFFFFFFFFFFFFFFFFFFFFFFFFFFFFFFFFFFFFFFFFFFFFFFFFFFFFFFFFFFFFFFFFFFFFFFFFFFFFFFFFFFFFFFFFFFFFFFFFFFFFFFFFFFFFFFFFFFFFFFFFFFFFFFFFFFFFFFFFFFFFFFFFFFFFFFFFFFFFFFFFFFFFFFFFFFFFFFFFFFFFFFFFFFFFFFFFFFFFFFFFFFFFFFFFF
310
FFFFFFFFFFFFFFFFFFFFFFFFFFFFFFFF000000FF000000FFFFFFFFFFFFFFFFFFFFFFFFFFFFFFFFFF000000FF000000FF000000FF000000FF000000FF000000FF000000FF000000FF000000FF000000FF000000FF000000FF000000FF000000FF000000FF000000FF000000FF000000FF000000FF000000FF000000FF000000
310
FF000000FF000000FF000000FF000000FF000000FF000000FF000000FF000000FF000000FF000000FF000000FF000000FF000000FF000000FF000000FF000000FF000000FF000000FF000000FF000000FF000000FF000000FFFFFFFFFFFFFFFFFFFFFFFFFFFFFFFFFF000000FF000000FF000000FF000000FF000000FF0000
310
00FF000000FF000000FF000000FF000000FF000000FF000000FF000000FF000000FF000000FF000000FF000000FF000000FF000000FF000000FF000000FF000000FF000000FF000000FF000000FF000000FF000000FF000000FF000000FF000000FF000000FF000000FF000000FF000000FF000000FF000000FF000000FF00
310
0000FF000000FF000000FF000000FF000000FF000000FF000000FFFFFFFFFFFFFFFFFFFFFFFFFFFFFFFFFFFFFFFFFFFFFFFFFFFFFFFFFFFFFFFFFFFFFFFFFFFFFFFFFFFFFFFFFFFFFFFFFFFFFFFFFFFFFFFFFFFFFFFFFFFFFFFFFFFFFFFFFFFFFFFFFFFFFFFFFFFFFFFFFFFFFFFFFFFFFFFFFFFFFFFFFFFFFFFFFFFFFFFFFF
310
FFFFFFFFFFFFFFFFFFFFFFFFFFFFFFFFFFFFFFFFFFFFFFFFFFFFFFFFFFFFFFFFFFFFFFFFFFFFFFFFFFFFFFFFFFFFFFFFFFFFFFFFFFFFFFFFFFFFFFFFFFFFFFFFFFFFFFFFFFFFFFFFFFFFFFFFFFFFFFFFFFFFFFFFFFFFFFFFFFFFFFFFFFFFFFFFFFFFFFFFFFFFFFFFFFFFFFFFFFFFFFFFFFFFFFFFFFFFFFFFFFFFFFFFFFFFFF
310
FFFFFFFFFFFFFFFFFFFFFFFFFFFFFFFFFFFFFFFFFFFFFFFFFFFFFFFFFFFFFFFFFFFFFFFFFFFFFFFFFFFFFFFFFFFFFFFFFFFFFFFFFFFFFFFFFFFFFFFFFFFFFFFFFFFFFFFFFFFFFFFFFFFFFFFFFFFFFFFFFFFFFFFFFFFFFFFFFFFFFFFFFFFFFFFFFFFFFFFFFFFFFFFFFFFFFFFFFFFFFFFFFFFFFFFFFFFFFFFFFFFFFFFFFFFFFF
310
FFFFFFFFFFFFFFFFFFFFFFFFFFFFFFFFFFFFFFFFFFFFFFFFFFFFFFFFFFFFFFFFFFFFFFFFFFFFFFFFFFFFFFFFFFFFFFFFFFFFFFFFFFFFFFFFFFFFFFFFFFFFFFFFFFFFFFFFFFFFFFFFFFFFFFFFFFFFFFFFFFFFFFFFFFFFFFFFFFFFFFFFFFFFFFFFFFFFFFFFFFFFFFFFFFFFFFFFFFFFFFFFFFFFFFFFFFFFFFFFFFFFFFFFFFFFFF
310
FFFFFFFFFFFFFFFFFFFFFFFFFFFFFFFFFFFFFFFFFFFFFFFFFFFFFFFFFFFFFFFFFFFFFFFFFFFFFFFFFFFFFFFFFFFFFFFFFFFFFFFFFFFFFFFFFFFFFFFFFFFFFFFFFFFFFFFFFFFFFFFFFFFFFFFFFFFFFFFFFFFFFFFFFFFFFFFFFFFFFFFFFFFFFFFFFFFFFFFFFFFFFFFFFFFFFFFFFFFFFFFFFFFFFFFFFFFFFFFFFFFFFFFFFFFFFF
310
FFFFFFFFFFFFFFFFFFFFFFFFFFFFFFFFFFFFFFFFFFFFFFFFFFFFFFFFFFFFFFFFFFFFFFFFFFFFFFFFFFFFFFFFFFFFFFFFFFFFFFFFFFFFFFFFFFFFFFFFFFFFFFFFFFFFFFFFFFFFFFFFFFFFFFFFFFFFFFFFFFFFFFFFFFFFFFFFFFFFFFFFFFFFFFFFFFFFFFFFFFFFFFFFFFFFFFFFFFFFFFFFFFFFFFFFFFFFFFFFFFFFFFFFFFFFFF
310
FFFFFFFFFFFFFFFFFFFFFFFFFFFFFFFFFFFFFFFFFFFFFFFFFFFFFFFFFFFFFFFFFFFFFFFFFFFFFFFFFFFFFFFFFFFFFFFFFFFFFFFFFFFFFFFFFFFFFFFFFFFFFFFFFFFFFFFFFFFFFFFFFFFFFFFFFFFFFFFFFFFFFFFFFFFFFFFFFFFFFFFFFFFFFFFFFFFFFFFFFFFFFFFFFFFFFFFFFFFFFFFFFFFFFFFFFFFFFFFFFFFFFFFFFFFFFF
310
FFFFFFFFFFFFFFFFFFFFFFFFFFFFFFFFFFFFFFFFFFFFFFFFFFFFFFFFFFFFFFFFFFFFFFFFFFFFFFFFFFFFFFFFFFFFFFFFFFFFFFFFFFFFFFFFFFFFFFFFFFFFFFFFFFFFFFFFFFFFFFFFFFFFFFFFFFFFFFFFFFFFFFFFFFFFFFFFFFFFFFFFFFFFFFFFFFFFFFFFFFFFFFFFFFFFFFFFFFFFFFFFFFFFFFFFFFFFFFFFFFFFFFFFFFFFFF
310
FFFFFFFFFFFFFFFFFFFFFFFFFFFFFFFFFFFFFFFFFFFFFFFFFFFFFFFFFFFFFFFFFFFFFFFFFFFFFFFFFFFFFFFFFFFFFFFFFFFFFFFFFFFFFFFFFFFFFFFFFFFFFFFFFFFFFFFFFFFFFFFFFFFFFFFFFFFFFFFFFFFFFFFFFFFFFFFFFFFFFFFFFFFFFFFFFFFFFFFFFFFFFFFFFFFFFFFFFFFFFFFFFFFFFFFFFFFFFFFFFFFFFFFFFFFFFF
310
FFFFFFFFFFFFFFFFFFFFFFFFFFFFFFFFFFFFFFFFFFFFFFFFFFFFFFFFFFFFFFFFFFFFFFFFFFFFFFFFFFFFFFFFFFFFFFFFFFFFFFFFFFFFFFFFFFFFFFFFFFFFFFFFFFFFFFFFFFFFFFFFFFFFFFFFFFFFFFFFFFFFFFFFFFFFFFFFFFFFFFFFFFFFFFFFFFFFFFFFFFFFFFFFFFFFFFFFFFFFFFFFFFFFFFFFFFFFFFFFFFFFFFFFFFFFFF
310
FFFFFFFFFFFFFFFFFFFFFFFFFFFFFFFFFFFFFFFFFFFFFFFFFFFFFFFFFFFFFFFFFFFFFFFFFFFFFFFFFFFFFFFFFFFFFFFFFFFFFFFFFFFFFFFFFFFFFFFFFFFFFFFFFFFFFFFFFFFFFFFFFFFFFFFFFFFFFFFFFFFFFFFFFFFFFFFFFFFFFFFFFFFFFFFFFFFFFFFFFFFFFFFFFFFFFFFFFFFFFFFFFFFFFFFFFFFFFFFFFFFFFFFFFFFFFF
310
FFFFFFFFFFFFFFFFFFFFFFFFFFFFFFFFFFFFFFFFFFFFFFFFFFFFFFFFFFFFFFFFFFFFFFFFFFFFFFFFFFFFFFFFFFFFFFFFFFFFFFFFFFFFFFFFFFFFFFFFFFFFFFFFFFFFFFFFFFFFFFFFFFFFFFFFFFFFFFFFFFFFFFFFFFFFFFFFFFFFFFFFFFFFFFFFFFFFFFFFFFFFFFFFFFFFFFFFFFFFFFFFFFFFFFFFFFFFFFFFFFFFFFFFFFFFFF
310
FFFFFFFFFFFFFFFFFFFFFFFFFFFFFFFFFFFFFFFFFFFFFFFFFFFFFFFFFFFFFFFFFFFFFFFFFFFFFFFFFFFFFFFFFFFFFFFFFFFFFFFFFFFFFFFFFFFFFFFFFFFFFFFFFFFFFFFFFFFFFFFFFFFFFFFFFFFFFFFFFFFFFFFFFFFFFFFFFFFFFFFFFFFFFFFFFFFFFFFFFFFFFFFFFFFFFFFFFFFFFFFFFFFFFFFFFFFFFFFFFFFFFFFFFFFFFF
310
FFFFFFFFFFFFFFFFFFFFFFFFFFFFFFFFFFFFFFFFFFFFFFFFFFFFFFFFFFFFFFFFFFFFFFFFFFFFFFFFFFFFFFFFFFFFFFFFFFFFFFFFFFFFFFFFFFFFFFFFFFFFFFFFFFFFFFFFFFFFFFFFFFFFFFFFFFFFFFFFFFFFFFFFFFFFFFFFFFFFFFFFFFFFFFFFFFFFFFFFFFFFFFFFFFFFFFFFFFFFFFFF
102
{BLKREFS
331
92B
102
}
 70
     4
280
     1
281
     0
  0
BLOCK_RECORD
  5
5D
330
1
100
AcDbSymbolTableRecord
100
AcDbBlockTableRecord
  2
*Paper_Space12
340
5E
 70
     0
280
     1
281
     0
  0
BLOCK_RECORD
  5
B60
330
1
100
AcDbSymbolTableRecord
100
AcDbBlockTableRecord
  2
SUREGE ARR
340
0
310
28000000300000003000000001002000000000000024000001000000010000000000000000000000302821FF302821FF302821FF302821FF302821FF302821FF302821FF302821FF302821FF302821FF302821FF302821FF302821FF302821FF302821FF302821FF302821FF302821FF302821FF302821FF302821FF302821
310
FF302821FF302821FF302821FF302821FF302821FF302821FF302821FF302821FF302821FF302821FF302821FF302821FF302821FF302821FF302821FF302821FF302821FF302821FF302821FF302821FF302821FF302821FF302821FF302821FF302821FF302821FF302821FF302821FF302821FF302821FF302821FF3028
310
21FF302821FF302821FF302821FF302821FF302821FF302821FF302821FF302821FF302821FF302821FF302821FF302821FF302821FF302821FF302821FF302821FF302821FF302821FF302821FF302821FF302821FF302821FF302821FF302821FF302821FF302821FF302821FF302821FF302821FF302821FF302821FF30
310
2821FF302821FF302821FF302821FF302821FF302821FF302821FF302821FF302821FF302821FF302821FF302821FF302821FF302821FF302821FF302821FF302821FF302821FF302821FF302821FF302821FF302821FF302821FF302821FF302821FF302821FF302821FF302821FF302821FF302821FF302821FF302821FF
310
302821FF302821FF302821FF302821FF302821FF302821FF302821FF302821FF302821FF302821FF302821FF302821FF302821FF302821FF302821FF302821FF302821FF302821FF302821FF302821FF302821FF302821FF302821FF302821FF302821FF302821FF302821FF302821FF302821FF302821FF302821FF302821
310
FF302821FF302821FF302821FF302821FF302821FF302821FF302821FF302821FF302821FF302821FF302821FF302821FF302821FF302821FF302821FF302821FF302821FF302821FF302821FF302821FF302821FF302821FF302821FF302821FF302821FF302821FF302821FF302821FF302821FF302821FF302821FF3028
310
21FF302821FF302821FF302821FF302821FF302821FF302821FF302821FF302821FF302821FF302821FF302821FF302821FF302821FF302821FF302821FF302821FF302821FF302821FF302821FF302821FF302821FF302821FF302821FF302821FF302821FF302821FF302821FF302821FF302821FF302821FF302821FF30
310
2821FF302821FF302821FF302821FF302821FF302821FF302821FF302821FF302821FF302821FF302821FF302821FF302821FF302821FF302821FF302821FF302821FF302821FF302821FF302821FF302821FF302821FF302821FF302821FF302821FF302821FF302821FF302821FF302821FF302821FF302821FF302821FF
310
302821FF302821FF302821FF302821FF302821FF302821FF302821FF302821FF302821FF302821FF302821FF302821FF302821FF302821FF302821FF302821FF302821FF302821FF302821FF302821FF302821FF302821FF302821FF302821FF302821FF302821FF302821FF302821FF302821FF302821FF302821FF302821
310
FF302821FF302821FF302821FF302821FF302821FF302821FF302821FF302821FF302821FF302821FF302821FF302821FF302821FF302821FF302821FF302821FF302821FF302821FF302821FF302821FF302821FF302821FF302821FF302821FF302821FF302821FF302821FF302821FF302821FF302821FF302821FF3028
310
21FF302821FF302821FF302821FF302821FF302821FF302821FF302821FF302821FF302821FF302821FF302821FF302821FF302821FF302821FF302821FF302821FF302821FF302821FF302821FF302821FF302821FF302821FF302821FF302821FF302821FF302821FF302821FF302821FF302821FF302821FF302821FF30
310
2821FF302821FF302821FF302821FF302821FF302821FF302821FF302821FF302821FF302821FF302821FF302821FF302821FF302821FF302821FF302821FF302821FF302821FF302821FF302821FF302821FF302821FF302821FF302821FF302821FF302821FF302821FF302821FF302821FF302821FF302821FF302821FF
310
302821FF302821FF302821FF302821FF302821FF302821FF302821FF302821FF302821FF302821FF302821FF302821FF302821FF302821FF302821FF302821FF302821FF302821FF302821FF302821FF302821FF302821FF302821FF302821FF302821FF302821FF302821FF302821FF302821FF302821FF302821FF302821
310
FF302821FF302821FF302821FF302821FF302821FF302821FF302821FF302821FF302821FF302821FF302821FF302821FF302821FF302821FF302821FF302821FF302821FF302821FF302821FF302821FF302821FF302821FF302821FF302821FF302821FF302821FF302821FF302821FF302821FF302821FF302821FF3028
310
21FF302821FF302821FF302821FF302821FF302821FF302821FF302821FF302821FF302821FF302821FF302821FF302821FF302821FF302821FF302821FF302821FF302821FF302821FF302821FF302821FF302821FF302821FF302821FF302821FF302821FF302821FF302821FF302821FF302821FF302821FF302821FF30
310
2821FF302821FF302821FF302821FF302821FF302821FF302821FF302821FF302821FF302821FF302821FF302821FF302821FF302821FF302821FF302821FF302821FF302821FF302821FF302821FF302821FF302821FF302821FF302821FF302821FF302821FF302821FF302821FF302821FF302821FF302821FF302821FF
310
302821FF302821FF302821FF302821FF302821FF302821FF302821FF302821FF302821FF302821FF302821FF302821FF302821FF302821FF302821FF302821FF302821FF302821FF302821FF302821FF302821FF302821FF302821FF302821FF302821FF302821FF302821FF302821FF302821FF302821FF302821FF302821
310
FF302821FF302821FF302821FF302821FF302821FF302821FF302821FF302821FF302821FF302821FF302821FF302821FF302821FF302821FF302821FF302821FF302821FF302821FF302821FF302821FF302821FF302821FF302821FF302821FF302821FF302821FF302821FF302821FF302821FF302821FF302821FF3028
310
21FF302821FF302821FF302821FF302821FF302821FF302821FF302821FF302821FF302821FF302821FF302821FF302821FF302821FF302821FF302821FF302821FF302821FF302821FF302821FF302821FF302821FF302821FF302821FF302821FF302821FF302821FF302821FF302821FF302821FF302821FF302821FF30
310
2821FF302821FF302821FF302821FF302821FF302821FF302821FF302821FF302821FF302821FF302821FF302821FF302821FF302821FF302821FF302821FF302821FF302821FF302821FF302821FF302821FF302821FF302821FF302821FF302821FF302821FF302821FF302821FF302821FF302821FF302821FF302821FF
310
302821FF302821FF302821FF302821FF302821FF302821FF302821FF302821FF302821FF302821FF302821FF302821FF302821FF302821FF302821FF302821FF302821FF302821FF302821FF302821FF302821FF302821FF302821FF302821FF302821FF302821FF302821FF302821FF302821FF302821FF302821FF302821
310
FF302821FF302821FF302821FF302821FF302821FF302821FF302821FF302821FF302821FF302821FF302821FF302821FF302821FF302821FF302821FF302821FF302821FF302821FF302821FF302821FF302821FF302821FF302821FF302821FF302821FF302821FF302821FF302821FF302821FF302821FF302821FF3028
310
21FF302821FF302821FF302821FF302821FF302821FF302821FF302821FF302821FF302821FF302821FF302821FF302821FF302821FF302821FF302821FF302821FF302821FF302821FF302821FF302821FF302821FF302821FF302821FF302821FF302821FF302821FF302821FF302821FF302821FF302821FF302821FF30
310
2821FF302821FF302821FF302821FF302821FF302821FF302821FF302821FF302821FF302821FF302821FF302821FF302821FF302821FF302821FF302821FF302821FF302821FF302821FF302821FF302821FF302821FF302821FF302821FF302821FF302821FF302821FF302821FF302821FF302821FF302821FF302821FF
310
302821FF302821FF302821FF302821FF302821FF302821FF302821FF302821FF302821FF302821FF302821FF302821FF302821FF302821FF302821FF302821FF302821FF302821FF302821FF302821FF302821FF302821FF302821FF302821FF302821FF302821FF302821FF302821FF302821FF302821FF302821FF302821
310
FF302821FF302821FF302821FF302821FF302821FF302821FF302821FF302821FF302821FF302821FF302821FF302821FF302821FF302821FF302821FF302821FF302821FF302821FF302821FF302821FF302821FF302821FF302821FF302821FF302821FF302821FF302821FF302821FF302821FF302821FF302821FF3028
310
21FF302821FF302821FF302821FF302821FF302821FF302821FF302821FF302821FF302821FF302821FF302821FF302821FF302821FF302821FF302821FF302821FF302821FF302821FF302821FF302821FF302821FF302821FF302821FF302821FF302821FF302821FF302821FF302821FF302821FF302821FF302821FF30
310
2821FF302821FF302821FF302821FF302821FF302821FF302821FF302821FF302821FF302821FF302821FF302821FF302821FF302821FF302821FF302821FF302821FF302821FF302821FF302821FF302821FF302821FF302821FF302821FF302821FF302821FF302821FF302821FF302821FF302821FF302821FF302821FF
310
302821FF302821FF302821FF302821FF302821FF302821FF302821FF302821FF302821FF302821FF302821FF302821FF302821FF302821FF302821FF302821FF302821FF302821FF302821FF302821FF302821FF302821FF302821FF302821FF302821FF302821FF302821FF302821FF302821FF302821FF302821FF302821
310
FF302821FF302821FF302821FF302821FF302821FF302821FF302821FF302821FF302821FF302821FF302821FF302821FF302821FF302821FF302821FF302821FF302821FF302821FF302821FF302821FF302821FF302821FF302821FF302821FF302821FF302821FF302821FF302821FF302821FF302821FF302821FF3028
310
21FF302821FF302821FF302821FF302821FF302821FF302821FF302821FF302821FF302821FF302821FF302821FF302821FF302821FF302821FF302821FF302821FF302821FF302821FF302821FF302821FF302821FF302821FF302821FF302821FF302821FF302821FF302821FF302821FF302821FF302821FF302821FF30
310
2821FF302821FF302821FF302821FF302821FF302821FF302821FF302821FF302821FF302821FF302821FF302821FF302821FF302821FF302821FF302821FF302821FF302821FF302821FF302821FF302821FF302821FF302821FF302821FF302821FF302821FF302821FF302821FF302821FF302821FF302821FF302821FF
310
302821FF302821FF302821FF302821FF302821FF302821FF302821FF302821FF302821FF302821FF302821FF302821FF302821FF302821FF302821FF302821FF302821FF302821FF302821FF302821FF302821FF302821FF302821FF302821FF302821FF302821FFFFFFFFFFFFFFFFFFFFFFFFFFFFFFFFFFFFFFFFFFFFFFFF
310
FFFFFFFFFFFFFFFFFFFFFFFFFFFFFFFFFF302821FF302821FF302821FF302821FF302821FF302821FF302821FF302821FF302821FF302821FF302821FF302821FF302821FF302821FF302821FF302821FF302821FF302821FF302821FF302821FF302821FF302821FF302821FF302821FF302821FF302821FF302821FF3028
310
21FF302821FF302821FF302821FF302821FF302821FF302821FF302821FF302821FF302821FF302821FFFFFFFFFF302821FF302821FF302821FF302821FF302821FF302821FF302821FF302821FFFFFFFFFF302821FF302821FF302821FF302821FF302821FF302821FF302821FF302821FF302821FFFFFFFFFF302821FF30
310
2821FF302821FF302821FF302821FF302821FFFFFFFFFFFFFFFFFFFFFFFFFFFFFFFFFFFFFFFFFFFFFFFFFFFFFFFFFFFFFFFFFFFFFFFFFFFFFFFFFFFFFFFFFFFFFFFFFFFFFFFFFFFFFFFFFFFFFFFFFFFFFFFFFFFFFFFFFFFFFFFFFFFFFFFFFFFFFFFFFFFFFFFFFFFFFFFFFFFFFFFFFF302821FF302821FF302821FF302821FF
310
302821FF302821FF302821FF302821FFFFFFFFFFFFFFFFFFFFFFFFFFFFFFFFFFFFFFFFFFFFFFFFFFFFFFFFFFFFFFFFFFFFFFFFFFFFFFFFFFFFFFFFFFFFFFFFFFFFFFFFFF302821FF302821FF302821FF302821FF302821FF302821FF302821FF302821FF302821FF302821FF302821FF302821FF302821FF302821FF302821
310
FF302821FF302821FF302821FF302821FF302821FF302821FF302821FF302821FF302821FF302821FF302821FFFFFFFFFF302821FF302821FF302821FF302821FF302821FF302821FF302821FF302821FFFFFFFFFF302821FF302821FF302821FF302821FF302821FF302821FF302821FF302821FF302821FFFFFFFFFFFFFF
310
FFFFFFFFFFFF302821FF302821FF302821FF302821FF302821FF302821FF302821FF302821FF302821FF302821FF302821FF302821FF302821FF302821FF302821FF302821FF302821FF302821FF302821FF302821FF302821FF302821FF302821FF302821FF302821FF302821FFFFFFFFFF302821FF302821FF302821FF30
310
2821FF302821FF302821FF302821FF302821FFFFFFFFFF302821FF302821FF302821FF302821FF302821FF302821FF302821FF302821FF302821FFFFFFFFFF302821FF302821FF302821FF302821FF302821FF302821FF302821FF302821FF302821FF302821FF302821FF302821FF302821FF302821FF302821FF302821FF
310
302821FF302821FF302821FF302821FF302821FF302821FF302821FF302821FF302821FF302821FF302821FF302821FFFFFFFFFFFFFFFFFFFFFFFFFFFFFFFFFFFFFFFFFFFFFFFFFFFFFFFFFFFFFFFFFFFFFFFFFFFFFFFFFF302821FF302821FF302821FF302821FF302821FF302821FF302821FF302821FF302821FF302821
310
FF302821FF302821FF302821FF302821FF302821FF302821FF302821FF302821FF302821FF302821FF302821FF302821FF302821FF302821FF302821FF302821FF302821FF302821FF302821FF302821FF302821FF302821FF302821FF302821FF302821FF302821FF302821FF302821FF302821FF302821FF302821FF3028
310
21FF302821FF302821FF302821FF302821FF302821FF302821FF302821FF302821FF302821FF302821FF302821FF302821FF302821FF302821FF302821FF302821FF302821FF302821FF302821FF302821FF302821FF302821FF302821FF302821FF302821FF302821FF302821FF302821FF302821FF302821FF302821FF30
310
2821FF302821FF302821FF302821FF302821FF302821FF302821FF302821FF302821FF302821FF302821FF302821FF302821FF302821FF302821FF302821FF302821FF302821FF302821FF302821FF302821FF302821FF302821FF302821FF302821FF302821FF302821FF302821FF302821FF302821FF302821FF302821FF
310
302821FF302821FF302821FF302821FF302821FF302821FF302821FF302821FF302821FF302821FF302821FF302821FF302821FF302821FF302821FF302821FF302821FF302821FF302821FF302821FF302821FF302821FF302821FF302821FF302821FF302821FF302821FF302821FF302821FF302821FF302821FF302821
310
FF302821FF302821FF302821FF302821FF302821FF302821FF302821FF302821FF302821FF302821FF302821FF302821FF302821FF302821FF302821FF302821FF302821FF302821FF302821FF302821FF302821FF302821FF302821FF302821FF302821FF302821FF302821FF302821FF302821FF302821FF302821FF3028
310
21FF302821FF302821FF302821FF302821FF302821FF302821FF302821FF302821FF302821FF302821FF302821FF302821FF302821FF302821FF302821FF302821FF302821FF302821FF302821FF302821FF302821FF302821FF302821FF302821FF302821FF302821FF302821FF302821FF302821FF302821FF302821FF30
310
2821FF302821FF302821FF302821FF302821FF302821FF302821FF302821FF302821FF302821FF302821FF302821FF302821FF302821FF302821FF302821FF302821FF302821FF302821FF302821FF302821FF302821FF302821FF302821FF302821FF302821FF302821FF302821FF302821FF302821FF302821FF302821FF
310
302821FF302821FF302821FF302821FF302821FF302821FF302821FF302821FF302821FF302821FF302821FF302821FF302821FF302821FF302821FF302821FF302821FF302821FF302821FF302821FF302821FF302821FF302821FF302821FF302821FF302821FF302821FF302821FF302821FF302821FF302821FF302821
310
FF302821FF302821FF302821FF302821FF302821FF302821FF302821FF302821FF302821FF302821FF302821FF302821FF302821FF302821FF302821FF302821FF302821FF302821FF302821FF302821FF302821FF302821FF302821FF302821FF302821FF302821FF302821FF302821FF302821FF302821FF302821FF3028
310
21FF302821FF302821FF302821FF302821FF302821FF302821FF302821FF302821FF302821FF302821FF302821FF302821FF302821FF302821FF302821FF302821FF302821FF302821FF302821FF302821FF302821FF302821FF302821FF302821FF302821FF302821FF302821FF302821FF302821FF302821FF302821FF30
310
2821FF302821FF302821FF302821FF302821FF302821FF302821FF302821FF302821FF302821FF302821FF302821FF302821FF302821FF302821FF302821FF302821FF302821FF302821FF302821FF302821FF302821FF302821FF302821FF302821FF302821FF302821FF302821FF302821FF302821FF302821FF302821FF
310
302821FF302821FF302821FF302821FF302821FF302821FF302821FF302821FF302821FF302821FF302821FF302821FF302821FF302821FF302821FF302821FF302821FF302821FF302821FF302821FF302821FF302821FF302821FF302821FF302821FF302821FF302821FF302821FF302821FF302821FF302821FF302821
310
FF302821FF302821FF302821FF302821FF302821FF302821FF302821FF302821FF302821FF302821FF302821FF302821FF302821FF302821FF302821FF302821FF302821FF302821FF302821FF302821FF302821FF302821FF302821FF302821FF302821FF302821FF302821FF302821FF302821FF302821FF302821FF3028
310
21FF302821FF302821FF302821FF302821FF302821FF302821FF302821FF302821FF302821FF302821FF302821FF302821FF302821FF302821FF302821FF302821FF302821FF302821FF302821FF302821FF302821FF302821FF302821FF302821FF302821FF302821FF302821FF302821FF302821FF302821FF302821FF30
310
2821FF302821FF302821FF302821FF302821FF302821FF302821FF302821FF302821FF302821FF302821FF302821FF302821FF302821FF302821FF302821FF302821FF302821FF302821FF302821FF302821FF302821FF302821FF302821FF302821FF302821FF302821FF302821FF302821FF302821FF302821FF302821FF
310
302821FF302821FF302821FF302821FF302821FF302821FF302821FF302821FF302821FF302821FF302821FF302821FF302821FF302821FF302821FF302821FF302821FF302821FF302821FF302821FF302821FF302821FF302821FF302821FF302821FF302821FF302821FF302821FF302821FF302821FF302821FF302821
310
FF302821FF302821FF302821FF302821FF302821FF302821FF302821FF302821FF302821FF302821FF302821FF302821FF302821FF302821FF302821FF302821FF302821FF302821FF302821FF302821FF302821FF302821FF302821FF302821FF302821FF302821FF302821FF302821FF302821FF302821FF302821FF3028
310
21FF302821FF302821FF302821FF302821FF302821FF302821FF302821FF302821FF302821FF302821FF302821FF302821FF302821FF302821FF302821FF302821FF302821FF302821FF302821FF302821FF302821FF302821FF302821FF302821FF302821FF302821FF302821FF302821FF302821FF302821FF302821FF30
310
2821FF302821FF302821FF302821FF302821FF302821FF302821FF302821FF302821FF302821FF302821FF302821FF302821FF302821FF302821FF302821FF302821FF302821FF302821FF302821FF302821FF302821FF302821FF302821FF302821FF302821FF302821FF302821FF302821FF302821FF302821FF302821FF
310
302821FF302821FF302821FF302821FF302821FF302821FF302821FF302821FF302821FF302821FF302821FF302821FF302821FF302821FF302821FF302821FF302821FF302821FF302821FF302821FF302821FF302821FF302821FF302821FF302821FF302821FF302821FF302821FF302821FF302821FF302821FF302821
310
FF302821FF302821FF302821FF302821FF302821FF302821FF302821FF302821FF302821FF302821FF302821FF302821FF302821FF302821FF302821FF302821FF302821FF302821FF302821FF302821FF302821FF302821FF302821FF302821FF302821FF302821FF302821FF302821FF302821FF302821FF302821FF3028
310
21FF302821FF302821FF302821FF302821FF302821FF302821FF302821FF302821FF302821FF302821FF302821FF302821FF302821FF302821FF302821FF302821FF302821FF302821FF302821FF302821FF302821FF302821FF302821FF302821FF302821FF302821FF302821FF302821FF302821FF302821FF302821FF30
310
2821FF302821FF302821FF302821FF302821FF302821FF302821FF302821FF302821FF302821FF302821FF302821FF302821FF302821FF302821FF302821FF302821FF302821FF302821FF302821FF302821FF302821FF302821FF302821FF302821FF302821FF302821FF302821FF302821FF302821FF302821FF302821FF
310
302821FF302821FF302821FF302821FF302821FF302821FF302821FF302821FF302821FF302821FF302821FF302821FF302821FF302821FF302821FF302821FF302821FF302821FF302821FF302821FF302821FF302821FF302821FF302821FF302821FF302821FF302821FF302821FF302821FF302821FF302821FF302821
310
FF302821FF302821FF302821FF302821FF302821FF302821FF302821FF302821FF302821FF302821FF302821FF302821FF302821FF302821FF302821FF302821FF302821FF302821FF302821FF302821FF302821FF302821FF302821FF302821FF302821FF302821FF302821FF302821FF302821FF302821FF302821FF3028
310
21FF302821FF302821FF302821FF302821FF302821FF302821FF302821FF302821FF302821FF302821FF302821FF302821FF302821FF302821FF302821FF302821FF302821FF302821FF302821FF302821FF302821FF302821FF302821FF302821FF302821FF302821FF302821FF302821FF302821FF302821FF302821FF30
310
2821FF302821FF302821FF302821FF302821FF302821FF302821FF302821FF302821FF302821FF302821FF302821FF302821FF302821FF302821FF302821FF302821FF302821FF302821FF302821FF302821FF302821FF302821FF302821FF302821FF302821FF302821FF302821FF302821FF302821FF302821FF302821FF
310
302821FF302821FF302821FF302821FF302821FF302821FF302821FF302821FF302821FF302821FF302821FF302821FF302821FF302821FF302821FF302821FF302821FF302821FF302821FF302821FF302821FF302821FF302821FF302821FF302821FF302821FF302821FF302821FF302821FF302821FF302821FF302821
310
FF302821FF302821FF302821FF302821FF302821FF302821FF302821FF302821FF302821FF302821FF302821FF302821FF302821FF302821FF302821FF302821FF302821FF302821FF302821FF302821FF302821FF302821FF302821FF302821FF302821FF302821FF302821FF302821FF302821FF302821FF302821FF3028
310
21FF302821FF302821FF302821FF302821FF302821FF302821FF302821FF302821FF302821FF302821FF302821FF302821FF302821FF302821FF302821FF302821FF302821FF302821FF302821FF302821FF302821FF302821FF302821FF302821FF302821FF302821FF302821FF302821FF302821FF302821FF302821FF30
310
2821FF302821FF302821FF302821FF302821FF302821FF302821FF302821FF302821FF302821FF302821FF302821FF302821FF302821FF302821FF302821FF302821FF302821FF302821FF302821FF302821FF302821FF302821FF302821FF302821FF302821FF302821FF302821FF302821FF302821FF302821FF302821FF
310
302821FF302821FF302821FF302821FF302821FF302821FF302821FF302821FF302821FF302821FF302821FF302821FF302821FF302821FF302821FF302821FF302821FF302821FF302821FF302821FF302821FF302821FF302821FF302821FF302821FF302821FF302821FF302821FF
102
{BLKREFS
331
B7A
331
B82
102
}
 70
     4
280
     1
281
     0
  0
BLOCK_RECORD
  5
B8A
330
1
100
AcDbSymbolTableRecord
100
AcDbBlockTableRecord
  2
2post
340
0
310
28000000300000003000000001002000000000000024000001000000010000000000000000000000302821FF302821FF302821FF302821FF302821FF302821FF302821FF302821FF302821FF302821FF302821FF302821FF302821FF302821FF302821FF302821FF302821FF302821FF302821FF302821FF302821FF302821
310
FF302821FF302821FF302821FF302821FF302821FF302821FF302821FF302821FF302821FF302821FF302821FF302821FF302821FF302821FF302821FF302821FF302821FF302821FF302821FF302821FF302821FF302821FF302821FF302821FF302821FF302821FF302821FF302821FF302821FF302821FF302821FF3028
310
21FF302821FF302821FF302821FF302821FF302821FF302821FF302821FF302821FF302821FF302821FF302821FF302821FF302821FF302821FF302821FF302821FF302821FF302821FF302821FF302821FF302821FF302821FF302821FF302821FF302821FF302821FF302821FF302821FF302821FF302821FF302821FF30
310
2821FF302821FF302821FF302821FF302821FF302821FF302821FF302821FF302821FF302821FF302821FF302821FF302821FF302821FF302821FF302821FF302821FF302821FF302821FF302821FF302821FF302821FF302821FF302821FFFFFFFFFF302821FF302821FF302821FF302821FF302821FF302821FF302821FF
310
302821FF302821FF302821FF302821FF302821FF302821FF302821FF302821FF302821FF302821FF302821FF302821FF302821FF302821FF302821FF302821FF302821FF302821FF302821FF302821FF302821FF302821FF302821FF302821FF302821FF302821FF302821FF302821FF302821FF302821FF302821FF302821
310
FF302821FF302821FF302821FF302821FF302821FF302821FF302821FF302821FFFFFFFFFF302821FF302821FF302821FF302821FF302821FF302821FF302821FF302821FF302821FF302821FF302821FF302821FF302821FF302821FF302821FF302821FF302821FF302821FF302821FF302821FF302821FF302821FF3028
310
21FF302821FF302821FF302821FF302821FF302821FF302821FF302821FF302821FF302821FF302821FF302821FF302821FF302821FF302821FF302821FF302821FF302821FF302821FF302821FF302821FF302821FF302821FF302821FF302821FFFFFFFFFF302821FF302821FF302821FF302821FF302821FF302821FF30
310
2821FF302821FF302821FF302821FF302821FF302821FF302821FF302821FF302821FF302821FF302821FF302821FF302821FF302821FF302821FF302821FF302821FF302821FF302821FF302821FF302821FF302821FF302821FF302821FF302821FF302821FF302821FF302821FF302821FF302821FF302821FF302821FF
310
302821FF302821FF302821FF302821FF302821FF302821FF302821FF302821FF302821FFFFFFFFFF302821FF302821FF302821FF302821FF302821FF302821FF302821FF302821FF302821FF302821FF302821FF302821FF302821FF302821FF302821FF302821FF302821FF302821FF302821FF302821FF302821FF302821
310
FF302821FF302821FF302821FF302821FF302821FF302821FF302821FF302821FF302821FF302821FF302821FF302821FF302821FF302821FF302821FF302821FF302821FF302821FF302821FF302821FF302821FF302821FF302821FF302821FF302821FFFFFFFFFF302821FF302821FF302821FF302821FF302821FF3028
310
21FF302821FF302821FF302821FF302821FF302821FF302821FF302821FF302821FF302821FF302821FF302821FF302821FF302821FF302821FF302821FF302821FF302821FF302821FF302821FF302821FF302821FF302821FF302821FF302821FF302821FF302821FF302821FF302821FF302821FF302821FF302821FF30
310
2821FF302821FF302821FF302821FF302821FF302821FF302821FF302821FF302821FF302821FFFFFFFFFF302821FF302821FF302821FF302821FF302821FF302821FF302821FF302821FF302821FF302821FF302821FF302821FF302821FF302821FF302821FF302821FF302821FF302821FF302821FF302821FF302821FF
310
302821FF302821FF302821FF302821FF302821FF302821FF302821FF302821FF302821FF302821FF302821FF302821FF302821FF302821FF302821FF302821FF302821FF302821FF302821FF302821FF302821FF302821FF302821FF302821FF302821FF302821FFFFFFFFFF302821FF302821FF302821FF302821FF302821
310
FF302821FF302821FF302821FF302821FF302821FF302821FF302821FF302821FF302821FF302821FF302821FF302821FF302821FF302821FF302821FF302821FF302821FF302821FF302821FF302821FF302821FF302821FF302821FF302821FF302821FF302821FF302821FF302821FF302821FF302821FF302821FF3028
310
21FF302821FF302821FF302821FF302821FF302821FF302821FF302821FF302821FF302821FF302821FFFFFFFFFF302821FF302821FF302821FF302821FF302821FF302821FF302821FF302821FF302821FF302821FF302821FF302821FF302821FF302821FF302821FF302821FF302821FF302821FF302821FF302821FF30
310
2821FF302821FF302821FF302821FF302821FF302821FF302821FF302821FF302821FF302821FF302821FF302821FF302821FF302821FF302821FF302821FF302821FF302821FF302821FF302821FF302821FF302821FF302821FF302821FF302821FF302821FF302821FFFFFFFFFF302821FF302821FF302821FF302821FF
310
302821FF302821FF302821FF302821FF302821FF302821FF302821FF302821FF302821FF302821FF302821FF302821FF302821FF302821FF302821FF302821FF302821FF302821FF302821FF302821FF302821FF302821FF302821FF302821FF302821FF302821FF302821FF302821FF302821FF302821FF302821FF302821
310
FF302821FF302821FF302821FF302821FF302821FF302821FF302821FF302821FF302821FF302821FF302821FFFFFFFFFF302821FF302821FF302821FF302821FF302821FF302821FF302821FF302821FF302821FF302821FF302821FF302821FF302821FF302821FF302821FF302821FF302821FF302821FF302821FF3028
310
21FF302821FF302821FF302821FF302821FF302821FF302821FF302821FF302821FF302821FF302821FF302821FF302821FF302821FF302821FF302821FF302821FF302821FF302821FF302821FF302821FF302821FF302821FF302821FF302821FF302821FF302821FF302821FFFFFFFFFF302821FF302821FF302821FF30
310
2821FF302821FF302821FF302821FF302821FF302821FF302821FF302821FF302821FF302821FF302821FF302821FF302821FF302821FF302821FF302821FF302821FF302821FF302821FF302821FF302821FF302821FF302821FF302821FF302821FF302821FF302821FF302821FF302821FF302821FF302821FF302821FF
310
302821FF302821FF302821FF302821FF302821FF302821FF302821FF302821FF302821FF302821FF302821FF302821FFFFFFFFFF302821FF302821FF302821FF302821FF302821FF302821FF302821FF302821FF302821FF302821FF302821FF302821FF302821FF302821FF302821FF302821FF302821FF302821FF302821
310
FF302821FF302821FF302821FF302821FF302821FF302821FF302821FF302821FF302821FF302821FF302821FF302821FF302821FF302821FF302821FF302821FF302821FF302821FF302821FF302821FF302821FF302821FF302821FF302821FF302821FF302821FF302821FF302821FFFFFFFFFF302821FF302821FF3028
310
21FF302821FF302821FF302821FF302821FF302821FF302821FF302821FF302821FF302821FF302821FF302821FF302821FF302821FF302821FF302821FF302821FF302821FF302821FF302821FF302821FF302821FF302821FF302821FF302821FF302821FF302821FF302821FF302821FF302821FF302821FF302821FF30
310
2821FF302821FF302821FF302821FF302821FF302821FF302821FF302821FF302821FF302821FF302821FF302821FF302821FFFFFFFFFF302821FF302821FF302821FF302821FF302821FF302821FF302821FF302821FF302821FF302821FF302821FF302821FF302821FF302821FF302821FF302821FF302821FF302821FF
310
302821FF302821FF302821FF302821FF302821FF302821FF302821FF302821FF302821FF302821FF302821FF302821FF302821FF302821FF302821FF302821FF302821FF302821FF302821FF302821FF302821FF302821FF302821FF302821FF302821FF302821FF302821FF302821FF302821FFFFFFFFFF302821FF302821
310
FF302821FF302821FF302821FF302821FF302821FF302821FF302821FF302821FF302821FF302821FF302821FF302821FF302821FF302821FF302821FF302821FF302821FF302821FF302821FF302821FF302821FF302821FF302821FF302821FF302821FF302821FF302821FF302821FF302821FF302821FF302821FF3028
310
21FF302821FF302821FF302821FF302821FF302821FF302821FF302821FF302821FF302821FF302821FF302821FF302821FF302821FFFFFFFFFF302821FF302821FF302821FF302821FF302821FF302821FF302821FF302821FF302821FF302821FF302821FF302821FF302821FF302821FF302821FF302821FF302821FF30
310
2821FF302821FF302821FF302821FF302821FF302821FF302821FF302821FF302821FF302821FF302821FF302821FF302821FF302821FF302821FF302821FF302821FF302821FF302821FF302821FF302821FF302821FF302821FF302821FF302821FF302821FF302821FF302821FF302821FF302821FFFFFFFFFF302821FF
310
302821FF302821FF302821FF302821FF302821FF302821FF302821FF302821FF302821FF302821FF302821FF302821FF302821FF302821FF302821FF302821FF302821FF302821FF302821FF302821FF302821FF302821FF302821FF302821FF302821FF302821FF302821FF302821FF302821FF302821FF302821FF302821
310
FF302821FF302821FF302821FF302821FF302821FF302821FF302821FF302821FF302821FF302821FF302821FF302821FF302821FF302821FFFFFFFFFF302821FF302821FF302821FF302821FF302821FF302821FF302821FF302821FF302821FF302821FF302821FF302821FF302821FF302821FF302821FF302821FF3028
310
21FF302821FF302821FF302821FF302821FF302821FF302821FF302821FF302821FF302821FF302821FF302821FF302821FF302821FF302821FF302821FF302821FF302821FF302821FF302821FF302821FF302821FF302821FF302821FF302821FF302821FF302821FF302821FF302821FF302821FF302821FFFFFFFFFF30
310
2821FF302821FF302821FF302821FF302821FF302821FF302821FF302821FF302821FF302821FF302821FF302821FF302821FF302821FF302821FF302821FF302821FF302821FF302821FF302821FF302821FF302821FF302821FF302821FF302821FF302821FF302821FF302821FF302821FF302821FF302821FF302821FF
310
302821FF302821FF302821FF302821FF302821FF302821FF302821FF302821FF302821FF302821FF302821FF302821FF302821FF302821FF302821FFFFFFFFFF302821FF302821FF302821FF302821FF302821FF302821FF302821FF302821FF302821FF302821FF302821FF302821FF302821FF302821FF302821FF302821
310
FF302821FF302821FF302821FF302821FF302821FF302821FF302821FF302821FF302821FF302821FF302821FF302821FF302821FF302821FF302821FF302821FF302821FF302821FF302821FF302821FF302821FF302821FF302821FF302821FF302821FF302821FF302821FF302821FF302821FF302821FF302821FFFFFF
310
FFFF302821FF302821FF302821FF302821FF302821FF302821FF302821FF302821FF302821FF302821FF302821FF302821FF302821FF302821FF302821FF302821FF302821FF302821FF302821FF302821FF302821FF302821FF302821FF302821FF302821FF302821FF302821FF302821FF302821FF302821FF302821FF30
310
2821FF302821FF302821FF302821FF302821FF302821FF302821FF302821FF302821FF302821FF302821FF302821FF302821FF302821FF302821FF302821FFFFFFFFFF302821FF302821FF302821FF302821FF302821FF302821FF302821FF302821FF302821FF302821FF302821FF302821FF302821FF302821FF302821FF
310
302821FF302821FF302821FF302821FF302821FF302821FF302821FF302821FF302821FF302821FF302821FF302821FF302821FF302821FF302821FF302821FF302821FF302821FF302821FF302821FF302821FF302821FF302821FF302821FF302821FF302821FF302821FF302821FF302821FF302821FF302821FFFFFFFF
310
FFFFFFFFFFFFFFFFFF302821FF302821FF302821FF302821FF302821FF302821FF302821FF302821FF302821FF302821FF302821FF302821FF302821FF302821FF302821FF302821FF302821FF302821FF302821FF302821FF302821FF302821FF302821FF302821FF302821FF302821FF302821FF302821FF302821FF3028
310
21FF302821FF302821FF302821FF302821FF302821FF302821FF302821FF302821FF302821FF302821FF302821FF302821FF302821FF302821FF302821FF302821FFFFFFFFFFFFFFFFFFFFFFFFFF302821FF302821FF302821FF302821FF302821FF302821FF302821FF302821FFFFFFFFFFFFFFFFFFFFFFFFFFFFFFFFFF30
310
2821FF302821FF302821FF302821FF302821FF302821FF302821FF302821FF302821FF302821FF302821FF302821FF302821FF302821FF302821FF302821FF302821FF302821FF302821FF302821FF302821FF302821FF302821FF302821FF302821FF302821FF302821FF302821FF302821FF302821FF302821FF302821FF
310
302821FFFFFFFFFF302821FF302821FF302821FF302821FF302821FF302821FF302821FF302821FF302821FF302821FFFFFFFFFFFFFFFFFFFFFFFFFFFFFFFFFFFFFFFFFF302821FF302821FF302821FF302821FF302821FF302821FF302821FF302821FF302821FF302821FF302821FF302821FF302821FF302821FF302821
310
FF302821FF302821FF302821FF302821FF302821FF302821FF302821FF302821FF302821FF302821FF302821FF302821FF302821FF302821FF302821FF302821FF302821FFFFFFFFFFFFFFFFFFFFFFFFFFFFFFFFFFFFFFFFFFFFFFFFFFFFFFFFFFFFFFFFFFFFFFFFFFFFFFFFFFFFFFFFFFFFFFFFFFFFFFFFFFFFFFFFFF3028
310
21FFFFFFFFFF302821FF302821FF302821FF302821FF302821FF302821FF302821FF302821FF302821FF302821FF302821FF302821FF302821FF302821FF302821FF302821FF302821FF302821FF302821FF302821FF302821FF302821FF302821FF302821FF302821FF302821FF302821FF302821FF302821FF302821FF30
310
2821FFFFFFFFFFFFFFFFFFFFFFFFFF302821FF302821FF302821FF302821FF302821FF302821FF302821FF302821FF302821FFFFFFFFFFFFFFFFFF302821FFFFFFFFFF302821FF302821FF302821FF302821FF302821FF302821FF302821FF302821FF302821FF302821FF302821FF302821FF302821FF302821FF302821FF
310
302821FF302821FF302821FF302821FF302821FF302821FF302821FF302821FF302821FF302821FF302821FF302821FF302821FF302821FF302821FF302821FF302821FFFFFFFFFFFFFFFFFFFFFFFFFF302821FF302821FF302821FF302821FF302821FF302821FF302821FF302821FF302821FF302821FFFFFFFFFFFFFFFF
310
FF302821FF302821FF302821FF302821FF302821FF302821FF302821FF302821FF302821FF302821FF302821FF302821FF302821FF302821FF302821FF302821FF302821FF302821FF302821FF302821FF302821FF302821FF302821FF302821FF302821FF302821FF302821FF302821FF302821FF302821FF302821FF3028
310
21FF302821FF302821FFFFFFFFFFFFFFFFFF302821FF302821FF302821FF302821FF302821FF302821FF302821FF302821FF302821FF302821FF302821FFFFFFFFFF302821FF302821FF302821FF302821FF302821FF302821FF302821FF302821FF302821FF302821FF302821FF302821FF302821FF302821FF302821FF30
310
2821FF302821FF302821FF302821FF302821FF302821FF302821FF302821FF302821FF302821FF302821FF302821FF302821FF302821FF302821FF302821FF302821FF302821FF302821FFFFFFFFFF302821FF302821FF302821FF302821FF302821FF302821FF302821FF302821FF302821FF302821FF302821FF302821FF
310
FFFFFFFF302821FF302821FF302821FF302821FF302821FF302821FFFFFFFFFFFFFFFFFF302821FF302821FF302821FF302821FF302821FF302821FF302821FF302821FF302821FF302821FF302821FF302821FF302821FF302821FF302821FF302821FF302821FF302821FF302821FF302821FF302821FF302821FF302821
310
FF302821FF302821FF302821FFFFFFFFFFFFFFFFFFFFFFFFFFFFFFFFFFFFFFFFFFFFFFFFFFFFFFFFFFFFFFFFFFFFFFFFFFFFFFFFFFFFFFFFFFFFFFFFFFFFFFFFFFFFFFFFFFFFFFFFFFFFFFFFFFFFFFFFFFFFFFFFFFFFFFFFFFFFFFFFFFFFFFFFFFFFFFFFFFFFFFFFFF302821FF302821FF302821FF302821FF302821FF3028
310
21FF302821FF302821FF302821FF302821FF302821FF302821FF302821FF302821FF302821FF302821FF302821FF302821FF302821FF302821FF302821FF302821FF302821FF302821FF302821FFFFFFFFFF302821FF302821FF302821FF302821FF302821FF302821FF302821FF302821FF302821FFFFFFFFFFFFFFFFFFFF
310
FFFFFFFFFFFFFFFFFFFFFFFFFFFFFF302821FF302821FF302821FF302821FFFFFFFFFFFFFFFFFFFFFFFFFF302821FF302821FF302821FF302821FF302821FF302821FF302821FF302821FF302821FF302821FF302821FF302821FF302821FF302821FF302821FF302821FF302821FF302821FF302821FF302821FF302821FF
310
302821FF302821FF302821FF302821FFFFFFFFFF302821FF302821FF302821FF302821FF302821FF302821FF302821FF302821FF302821FF302821FFFFFFFFFF302821FF302821FF302821FF302821FF302821FF302821FF302821FF302821FFFFFFFFFFFFFFFFFF302821FF302821FF302821FF302821FF302821FF302821
310
FF302821FF302821FF302821FF302821FF302821FF302821FF302821FF302821FF302821FF302821FF302821FF302821FF302821FF302821FF302821FF302821FF302821FF302821FF302821FF302821FFFFFFFFFF302821FF302821FF302821FF302821FF302821FF302821FF302821FF302821FF302821FF302821FF3028
310
21FF302821FF302821FF302821FF302821FF302821FF302821FF302821FF302821FF302821FF302821FF302821FF302821FF302821FF302821FF302821FF302821FF302821FF302821FF302821FF302821FF302821FF302821FF302821FF302821FF302821FF302821FF302821FF302821FF302821FF302821FF302821FF30
310
2821FF302821FF302821FF302821FF302821FFFFFFFFFF302821FF302821FF302821FF302821FF302821FF302821FF302821FF302821FF302821FF302821FF302821FF302821FF302821FF302821FF302821FF302821FF302821FF302821FF302821FF302821FF302821FF302821FF302821FF302821FF302821FF302821FF
310
302821FF302821FF302821FF302821FF302821FF302821FF302821FF302821FF302821FF302821FF302821FF302821FF302821FF302821FF302821FF302821FF302821FF302821FF302821FF302821FF302821FFFFFFFFFF302821FF302821FF302821FF302821FF302821FF302821FF302821FF302821FF302821FF302821
310
FF302821FF302821FF302821FF302821FF302821FF302821FF302821FF302821FF302821FF302821FF302821FF302821FF302821FF302821FF302821FF302821FF302821FF302821FF302821FF302821FF302821FF302821FF302821FF302821FF302821FF302821FF302821FF302821FF302821FF302821FF302821FF3028
310
21FF302821FF302821FF302821FF302821FF302821FFFFFFFFFF302821FF302821FF302821FF302821FF302821FF302821FF302821FF302821FF302821FF302821FF302821FF302821FF302821FF302821FF302821FF302821FF302821FF302821FF302821FF302821FF302821FF302821FF302821FF302821FF302821FF30
310
2821FF302821FF302821FF302821FF302821FF302821FF302821FF302821FF302821FF302821FF302821FF302821FF302821FF302821FF302821FF302821FF302821FF302821FF302821FF302821FF302821FF302821FFFFFFFFFF302821FF302821FF302821FF302821FF302821FF302821FF302821FF302821FF302821FF
310
302821FF302821FF302821FF302821FF302821FF302821FF302821FF302821FF302821FF302821FF302821FF302821FF302821FF302821FF302821FF302821FF302821FF302821FF302821FF302821FF302821FF302821FF302821FF302821FF302821FF302821FF302821FF302821FF302821FF302821FF302821FF302821
310
FF302821FF302821FF302821FF302821FF302821FF302821FFFFFFFFFF302821FF302821FF302821FF302821FF302821FF302821FF302821FF302821FF302821FF302821FF302821FF302821FF302821FF302821FF302821FF302821FF302821FF302821FF302821FF302821FF302821FF302821FF302821FF302821FF3028
310
21FF302821FF302821FF302821FF302821FF302821FF302821FF302821FF302821FF302821FF302821FF302821FF302821FF302821FF302821FF302821FF302821FF302821FF302821FF302821FF302821FF302821FF302821FFFFFFFFFF302821FF302821FF302821FF302821FF302821FF302821FF302821FF302821FF30
310
2821FF302821FF302821FF302821FF302821FF302821FF302821FF302821FF302821FF302821FF302821FF302821FF302821FF302821FF302821FF302821FF302821FF302821FF302821FF302821FF302821FF302821FF302821FF302821FF302821FF302821FF302821FF302821FF302821FF302821FF302821FF302821FF
310
302821FF302821FF302821FF302821FF302821FF302821FF302821FFFFFFFFFF302821FF302821FF302821FF302821FF302821FF302821FF302821FF302821FF302821FF302821FF302821FF302821FF302821FF302821FF302821FF302821FF302821FF302821FF302821FF302821FF302821FF302821FF302821FF302821
310
FF302821FF302821FF302821FF302821FF302821FF302821FF302821FF302821FF302821FF302821FF302821FF302821FF302821FF302821FF302821FF302821FF302821FF302821FF302821FF302821FF302821FF302821FF302821FFFFFFFFFF302821FF302821FF302821FF302821FF302821FF302821FF302821FF3028
310
21FF302821FF302821FF302821FF302821FF302821FF302821FF302821FF302821FF302821FF302821FF302821FF302821FF302821FF302821FF302821FF302821FF302821FF302821FF302821FF302821FF302821FF302821FF302821FF302821FF302821FF302821FF302821FF302821FF302821FF302821FF302821FF30
310
2821FF302821FF302821FF302821FF302821FF302821FF302821FF302821FFFFFFFFFF302821FF302821FF302821FF302821FF302821FF302821FF302821FF302821FF302821FF302821FF302821FF302821FF302821FF302821FF302821FF302821FF302821FF302821FF302821FF302821FF302821FF302821FF302821FF
310
302821FF302821FF302821FF302821FF302821FF302821FF302821FF302821FF302821FF302821FF302821FF302821FF302821FF302821FF302821FF302821FF302821FF302821FF302821FF302821FF302821FF302821FF302821FF302821FFFFFFFFFF302821FF302821FF302821FF302821FF302821FF302821FF302821
310
FF302821FF302821FF302821FF302821FF302821FF302821FF302821FF302821FF302821FF302821FF302821FF302821FF302821FF302821FF302821FF302821FF302821FF302821FF302821FF302821FF302821FF302821FF302821FF302821FF302821FF302821FF302821FF302821FF302821FF302821FF302821FF3028
310
21FF302821FF302821FF302821FF302821FF302821FF302821FF302821FF302821FF302821FF302821FF302821FF302821FF302821FF302821FF302821FF302821FF302821FF302821FF302821FF302821FF302821FF302821FF302821FF302821FF302821FF302821FF302821FF302821FF302821FF302821FF302821FF30
310
2821FF302821FF302821FF302821FF302821FF302821FF302821FF302821FF302821FF302821FF302821FF302821FF302821FF302821FF302821FF302821FF302821FF302821FF302821FF302821FF302821FF302821FF302821FF302821FF302821FF302821FF302821FF302821FF302821FF302821FF302821FF302821FF
310
302821FF302821FF302821FF302821FF302821FF302821FF302821FF302821FF302821FF302821FF302821FF302821FF302821FF302821FF302821FF302821FF302821FF302821FF302821FF302821FF302821FF302821FF302821FF302821FF302821FF302821FF302821FF302821FF
102
{BLKREFS
331
BAB
331
BB3
102
}
 70
     4
280
     1
281
     0
  0
BLOCK_RECORD
  5
BC1
330
1
100
AcDbSymbolTableRecord
100
AcDbBlockTableRecord
  2
dbreak
340
0
310
28000000300000003000000001002000000000000024000001000000010000000000000000000000302821FF302821FF302821FF302821FF302821FF302821FF302821FF302821FF302821FF302821FF302821FF302821FF302821FF302821FF302821FF302821FF302821FF302821FF302821FF302821FF302821FF302821
310
FF302821FF302821FF302821FF302821FF302821FF302821FF302821FF302821FF302821FF302821FF302821FF302821FF302821FF302821FF302821FF302821FF302821FF302821FF302821FF302821FF302821FF302821FF302821FF302821FF302821FF302821FF302821FF302821FF302821FF302821FF302821FF3028
310
21FF302821FF302821FF302821FF302821FF302821FF302821FF302821FF302821FF302821FF302821FF302821FF302821FF302821FF302821FF302821FF302821FF302821FF302821FF302821FF302821FF302821FF302821FF302821FF302821FF302821FF302821FF302821FF302821FF302821FF302821FF302821FF30
310
2821FF302821FF302821FF302821FF302821FF302821FF302821FF302821FF302821FF302821FF302821FF302821FF302821FF302821FF302821FF302821FF302821FF302821FF302821FF302821FF302821FF302821FF302821FF302821FF302821FF302821FF302821FF302821FF302821FF302821FF302821FF302821FF
310
302821FF302821FFFFFFFFFF302821FF302821FF302821FF302821FF302821FF302821FF302821FF302821FF302821FF302821FF302821FF302821FF302821FF302821FF302821FF302821FF302821FF302821FF302821FF302821FF302821FF302821FF302821FF302821FF302821FF302821FF302821FF302821FF302821
310
FF302821FF302821FF302821FF302821FF302821FF302821FF302821FF302821FF302821FF302821FF302821FF302821FF302821FF302821FF302821FF302821FF302821FF302821FFFFFFFFFF302821FF302821FF302821FF302821FF302821FF302821FF302821FF302821FF302821FF302821FF302821FF302821FF3028
310
21FF302821FF302821FF302821FF302821FF302821FF302821FF302821FF302821FF302821FF302821FF302821FF302821FF302821FF302821FF302821FF302821FF302821FF302821FF302821FF302821FF302821FF302821FF302821FF302821FF302821FF302821FF302821FF302821FF302821FF302821FF302821FF30
310
2821FF302821FF302821FFFFFFFFFF302821FF302821FF302821FF302821FF302821FF302821FF302821FF302821FF302821FF302821FF302821FF302821FF302821FF302821FF302821FF302821FF302821FF302821FF302821FF302821FF302821FF302821FF302821FF302821FF302821FF302821FF302821FF302821FF
310
302821FF302821FF302821FF302821FF302821FF302821FF302821FF302821FF302821FF302821FF302821FF302821FF302821FF302821FF302821FF302821FF302821FF302821FF302821FFFFFFFFFF302821FF302821FF302821FF302821FF302821FF302821FF302821FF302821FF302821FF302821FF302821FF302821
310
FF302821FF302821FF302821FF302821FF302821FF302821FF302821FF302821FF302821FF302821FF302821FF302821FF302821FF302821FF302821FF302821FF302821FF302821FF302821FF302821FF302821FF302821FF302821FF302821FF302821FF302821FF302821FF302821FF302821FF302821FF302821FF3028
310
21FF302821FF302821FF302821FFFFFFFFFF302821FF302821FF302821FF302821FF302821FF302821FF302821FF302821FF302821FF302821FF302821FF302821FF302821FF302821FF302821FF302821FF302821FF302821FF302821FF302821FF302821FF302821FF302821FF302821FF302821FF302821FF302821FF30
310
2821FF302821FF302821FF302821FF302821FF302821FF302821FF302821FF302821FF302821FF302821FF302821FF302821FF302821FF302821FF302821FF302821FF302821FF302821FF302821FFFFFFFFFF302821FF302821FF302821FF302821FF302821FF302821FF302821FF302821FF302821FF302821FF302821FF
310
302821FF302821FF302821FF302821FF302821FF302821FF302821FF302821FF302821FF302821FF302821FF302821FF302821FF302821FF302821FF302821FF302821FF302821FF302821FF302821FF302821FF302821FF302821FF302821FF302821FF302821FF302821FF302821FF302821FF302821FF302821FF302821
310
FF302821FF302821FF302821FF302821FFFFFFFFFF302821FF302821FF302821FF302821FF302821FF302821FF302821FF302821FF302821FF302821FF302821FF302821FF302821FF302821FF302821FF302821FF302821FF302821FF302821FF302821FF302821FF302821FF302821FF302821FF302821FF302821FF3028
310
21FF302821FF302821FF302821FF302821FF302821FF302821FF302821FF302821FF302821FF302821FF302821FF302821FF302821FF302821FF302821FF302821FF302821FF302821FF302821FFFFFFFFFFFFFFFFFFFFFFFFFFFFFFFFFF302821FF302821FF302821FF302821FF302821FF302821FF302821FF302821FF30
310
2821FF302821FF302821FF302821FF302821FF302821FF302821FF302821FF302821FF302821FF302821FF302821FF302821FF302821FF302821FF302821FF302821FF302821FF302821FF302821FF302821FF302821FF302821FF302821FF302821FF302821FF302821FF302821FF302821FF302821FF302821FF302821FF
310
302821FF302821FF302821FF302821FFFFFFFFFF302821FF302821FFFFFFFFFF302821FF302821FF302821FF302821FF302821FF302821FF302821FF302821FF302821FF302821FF302821FF302821FF302821FF302821FF302821FF302821FF302821FF302821FF302821FF302821FF302821FF302821FF302821FF302821
310
FF302821FF302821FF302821FF302821FF302821FF302821FF302821FF302821FF302821FF302821FF302821FF302821FF302821FF302821FF302821FF302821FF302821FF302821FF302821FF302821FFFFFFFFFF302821FF302821FFFFFFFFFF302821FF302821FF302821FF302821FF302821FF302821FF302821FF3028
310
21FF302821FF302821FF302821FF302821FF302821FF302821FF302821FF302821FF302821FF302821FF302821FF302821FF302821FF302821FF302821FF302821FF302821FF302821FF302821FF302821FF302821FF302821FF302821FF302821FF302821FF302821FF302821FF302821FF302821FF302821FF302821FF30
310
2821FF302821FF302821FFFFFFFFFFFFFFFFFFFFFFFFFFFFFFFFFFFFFFFFFFFFFFFFFF302821FF302821FF302821FF302821FF302821FF302821FF302821FF302821FF302821FF302821FF302821FF302821FF302821FF302821FF302821FF302821FF302821FF302821FF302821FF302821FF302821FF302821FF302821FF
310
302821FF302821FF302821FF302821FF302821FF302821FF302821FF302821FF302821FF302821FF302821FF302821FF302821FF302821FF302821FF302821FF302821FF302821FF302821FFFFFFFFFF302821FF302821FFFFFFFFFF302821FF302821FF302821FF302821FF302821FF302821FF302821FF302821FF302821
310
FF302821FF302821FF302821FF302821FF302821FF302821FF302821FF302821FF302821FF302821FF302821FF302821FF302821FF302821FF302821FF302821FF302821FF302821FF302821FF302821FF302821FF302821FF302821FF302821FF302821FF302821FF302821FF302821FF302821FF302821FF302821FF3028
310
21FF302821FF302821FF302821FF302821FFFFFFFFFF302821FFFFFFFFFF302821FF302821FF302821FF302821FF302821FF302821FF302821FF302821FF302821FF302821FF302821FF302821FF302821FF302821FF302821FF302821FF302821FF302821FF302821FF302821FF302821FF302821FF302821FF302821FF30
310
2821FF302821FF302821FF302821FF302821FF302821FF302821FF302821FF302821FF302821FF302821FF302821FF302821FF302821FF302821FF302821FF302821FF302821FF302821FF302821FF302821FFFFFFFFFF302821FFFFFFFFFFFFFFFFFF302821FF302821FF302821FF302821FF302821FF302821FF302821FF
310
302821FF302821FF302821FF302821FF302821FF302821FF302821FF302821FF302821FF302821FF302821FF302821FF302821FF302821FF302821FF302821FF302821FF302821FF302821FF302821FF302821FF302821FF302821FF302821FF302821FF302821FF302821FF302821FF302821FF302821FF302821FF302821
310
FF302821FF302821FF302821FF302821FF302821FF302821FFFFFFFFFFFFFFFFFFFFFFFFFFFFFFFFFF302821FF302821FF302821FF302821FF302821FF302821FF302821FF302821FF302821FF302821FF302821FF302821FF302821FF302821FF302821FF302821FF302821FF302821FF302821FF302821FF302821FF3028
310
21FF302821FF302821FF302821FF302821FF302821FF302821FF302821FF302821FF302821FF302821FF302821FF302821FF302821FF302821FF302821FF302821FF302821FF302821FF302821FF302821FF302821FF302821FF302821FFFFFFFFFFFFFFFFFF302821FFFFFFFFFF302821FF302821FF302821FF302821FF30
310
2821FF302821FF302821FF302821FF302821FF302821FF302821FF302821FF302821FF302821FF302821FF302821FF302821FF302821FF302821FF302821FF302821FF302821FF302821FF302821FF302821FF302821FF302821FF302821FF302821FF302821FF302821FF302821FF302821FF302821FF302821FF302821FF
310
302821FF302821FF302821FF302821FF302821FF302821FF302821FF302821FF302821FFFFFFFFFF302821FFFFFFFFFF302821FF302821FF302821FF302821FF302821FF302821FF302821FF302821FF302821FF302821FF302821FF302821FF302821FF302821FF302821FF302821FF302821FF302821FF302821FF302821
310
FF302821FF302821FF302821FF302821FF302821FF302821FF302821FF302821FF302821FF302821FF302821FF302821FF302821FF302821FF302821FF302821FF302821FF302821FF302821FF302821FF302821FF302821FF302821FF302821FF302821FFFFFFFFFF302821FF302821FFFFFFFFFF302821FF302821FF3028
310
21FF302821FF302821FF302821FF302821FF302821FF302821FF302821FF302821FF302821FF302821FF302821FF302821FF302821FF302821FF302821FF302821FF302821FF302821FF302821FF302821FF302821FF302821FF302821FF302821FF302821FF302821FF302821FF302821FF302821FF302821FF302821FF30
310
2821FF302821FF302821FF302821FF302821FF302821FF302821FF302821FFFFFFFFFFFFFFFFFFFFFFFFFFFFFFFFFFFFFFFFFF302821FF302821FF302821FF302821FF302821FF302821FF302821FF302821FF302821FF302821FF302821FF302821FF302821FF302821FF302821FF302821FF302821FF302821FF302821FF
310
302821FF302821FF302821FF302821FF302821FF302821FF302821FF302821FF302821FF302821FF302821FF302821FF302821FF302821FF302821FF302821FF302821FF302821FF302821FF302821FF302821FF302821FF302821FF302821FFFFFFFFFF302821FF302821FFFFFFFFFF302821FF302821FF302821FF302821
310
FF302821FF302821FF302821FF302821FF302821FF302821FF302821FF302821FF302821FF302821FF302821FF302821FF302821FF302821FF302821FF302821FF302821FF302821FF302821FF302821FF302821FF302821FF302821FF302821FF302821FF302821FF302821FF302821FF302821FF302821FF302821FF3028
310
21FF302821FF302821FF302821FF302821FF302821FF302821FF302821FF302821FFFFFFFFFF302821FF302821FFFFFFFFFF302821FF302821FF302821FF302821FF302821FF302821FF302821FF302821FF302821FF302821FF302821FF302821FF302821FF302821FF302821FF302821FF302821FF302821FF302821FF30
310
2821FF302821FF302821FF302821FF302821FF302821FF302821FF302821FF302821FF302821FF302821FF302821FF302821FF302821FF302821FF302821FF302821FF302821FF302821FF302821FF302821FF302821FF302821FF302821FF302821FFFFFFFFFFFFFFFFFFFFFFFFFFFFFFFFFF302821FF302821FF302821FF
310
302821FF302821FF302821FF302821FF302821FF302821FF302821FF302821FF302821FF302821FF302821FF302821FF302821FF302821FF302821FF302821FF302821FF302821FF302821FF302821FF302821FF302821FF302821FF302821FF302821FF302821FF302821FF302821FF302821FF302821FF302821FF302821
310
FF302821FF302821FF302821FF302821FF302821FF302821FF302821FF302821FF302821FF302821FFFFFFFFFF302821FF302821FF302821FF302821FF302821FF302821FF302821FF302821FF302821FF302821FF302821FF302821FF302821FF302821FF302821FF302821FF302821FF302821FF302821FF302821FF3028
310
21FF302821FF302821FF302821FF302821FF302821FF302821FF302821FF302821FF302821FF302821FF302821FF302821FF302821FF302821FF302821FF302821FF302821FF302821FF302821FF302821FF302821FF302821FF302821FF302821FF302821FF302821FFFFFFFFFF302821FF302821FF302821FF302821FF30
310
2821FF302821FF302821FF302821FF302821FF302821FF302821FF302821FF302821FF302821FF302821FF302821FF302821FF302821FF302821FF302821FF302821FF302821FF302821FF302821FF302821FF302821FF302821FF302821FF302821FF302821FF302821FF302821FF302821FF302821FF302821FF302821FF
310
302821FF302821FF302821FF302821FF302821FF302821FF302821FF302821FF302821FF302821FF302821FFFFFFFFFF302821FF302821FF302821FF302821FF302821FF302821FF302821FF302821FF302821FF302821FF302821FF302821FF302821FF302821FF302821FF302821FF302821FF302821FF302821FF302821
310
FF302821FF302821FF302821FF302821FF302821FF302821FF302821FF302821FF302821FF302821FF302821FF302821FF302821FF302821FF302821FF302821FF302821FF302821FF302821FF302821FF302821FF302821FF302821FF302821FF302821FF302821FF302821FFFFFFFFFF302821FF302821FF302821FF3028
310
21FF302821FF302821FF302821FF302821FF302821FF302821FF302821FF302821FF302821FF302821FF302821FF302821FF302821FF302821FF302821FF302821FF302821FF302821FF302821FF302821FF302821FF302821FF302821FF302821FF302821FF302821FF302821FF302821FF302821FF302821FF302821FF30
310
2821FF302821FF302821FF302821FF302821FF302821FF302821FF302821FF302821FF302821FF302821FF302821FFFFFFFFFF302821FF302821FF302821FF302821FF302821FF302821FF302821FF302821FF302821FF302821FF302821FF302821FF302821FF302821FF302821FF302821FF302821FF302821FF302821FF
310
302821FF302821FF302821FF302821FF302821FF302821FF302821FF302821FF302821FF302821FF302821FF302821FF302821FF302821FF302821FF302821FF302821FF302821FF302821FF302821FF302821FF302821FF302821FF302821FF302821FF302821FF302821FF302821FFFFFFFFFF302821FF302821FF302821
310
FF302821FF302821FF302821FF302821FF302821FF302821FF302821FF302821FF302821FF302821FF302821FF302821FF302821FF302821FF302821FF302821FF302821FF302821FF302821FF302821FF302821FF302821FF302821FF302821FF302821FF302821FF302821FF302821FF302821FF302821FF302821FF3028
310
21FF302821FF302821FF302821FF302821FF302821FF302821FF302821FF302821FF302821FF302821FF302821FF302821FFFFFFFFFF302821FF302821FF302821FF302821FF302821FF302821FF302821FF302821FF302821FF302821FF302821FF302821FF302821FF302821FF302821FF302821FF302821FF302821FF30
310
2821FF302821FF302821FF302821FF302821FF302821FF302821FF302821FF302821FF302821FF302821FF302821FF302821FF302821FF302821FF302821FF302821FF302821FF302821FF302821FF302821FF302821FF302821FF302821FF302821FF302821FF302821FF302821FF302821FFFFFFFFFF302821FF302821FF
310
302821FF302821FF302821FF302821FF302821FF302821FF302821FF302821FF302821FF302821FF302821FF302821FF302821FF302821FF302821FF302821FF302821FF302821FF302821FF302821FF302821FF302821FF302821FF302821FF302821FF302821FF302821FF302821FF302821FF302821FF302821FF302821
310
FF302821FF302821FF302821FF302821FF302821FF302821FF302821FF302821FF302821FF302821FF302821FF302821FF302821FFFFFFFFFF302821FF302821FF302821FF302821FF302821FF302821FF302821FF302821FF302821FF302821FF302821FF302821FF302821FF302821FF302821FF302821FF302821FF3028
310
21FF302821FF302821FF302821FF302821FF302821FF302821FF302821FF302821FF302821FF302821FF302821FF302821FF302821FF302821FF302821FF302821FF302821FF302821FF302821FF302821FF302821FF302821FF302821FF302821FF302821FF302821FF302821FF302821FF302821FFFFFFFFFF302821FF30
310
2821FF302821FF302821FF302821FF302821FF302821FF302821FF302821FF302821FF302821FF302821FF302821FF302821FF302821FF302821FF302821FF302821FF302821FF302821FF302821FF302821FF302821FF302821FF302821FF302821FF302821FF302821FF302821FF302821FF302821FF302821FF302821FF
310
302821FF302821FF302821FF302821FF302821FF302821FF302821FF302821FF302821FF302821FF302821FF302821FF302821FF302821FFFFFFFFFF302821FF302821FF302821FF302821FF302821FF302821FF302821FF302821FF302821FF302821FF302821FF302821FF302821FF302821FF302821FF302821FF302821
310
FF302821FF302821FF302821FF302821FF302821FF302821FF302821FF302821FF302821FF302821FF302821FF302821FF302821FF302821FF302821FF302821FF302821FF302821FF302821FF302821FF302821FF302821FF302821FF302821FF302821FF302821FF302821FF302821FF302821FF302821FFFFFFFFFF3028
310
21FF302821FF302821FF302821FF302821FF302821FF302821FF302821FF302821FF302821FF302821FF302821FF302821FF302821FF302821FF302821FF302821FF302821FF302821FF302821FF302821FF302821FF302821FF302821FF302821FF302821FF302821FF302821FF302821FF302821FF302821FF302821FF30
310
2821FF302821FF302821FF302821FF302821FF302821FF302821FF302821FF302821FF302821FF302821FF302821FF302821FF302821FF302821FFFFFFFFFF302821FF302821FF302821FF302821FF302821FF302821FF302821FF302821FF302821FF302821FF302821FF302821FF302821FF302821FF302821FF302821FF
310
302821FF302821FF302821FF302821FF302821FF302821FF302821FF302821FF302821FF302821FF302821FF302821FF302821FF302821FF302821FF302821FF302821FF302821FF302821FF302821FF302821FF302821FF302821FF302821FF302821FF302821FF302821FF302821FF302821FF302821FF302821FFFFFFFF
310
FF302821FF302821FF302821FF302821FF302821FF302821FF302821FF302821FF302821FF302821FF302821FF302821FF302821FF302821FF302821FF302821FF302821FF302821FF302821FF302821FF302821FF302821FF302821FF302821FF302821FF302821FF302821FF302821FF302821FF302821FF302821FF3028
310
21FF302821FF302821FF302821FF302821FF302821FF302821FF302821FF302821FF302821FF302821FF302821FF302821FF302821FF302821FF302821FFFFFFFFFF302821FF302821FF302821FF302821FF302821FF302821FF302821FF302821FF302821FF302821FF302821FF302821FF302821FF302821FF302821FF30
310
2821FF302821FF302821FF302821FF302821FF302821FF302821FF302821FF302821FF302821FF302821FF302821FF302821FF302821FF302821FF302821FF302821FF302821FF302821FF302821FF302821FF302821FF302821FF302821FF302821FF302821FF302821FF302821FF302821FF302821FF302821FF302821FF
310
FFFFFFFF302821FF302821FF302821FF302821FF302821FF302821FF302821FF302821FF302821FF302821FF302821FF302821FF302821FF302821FF302821FF302821FF302821FF302821FF302821FF302821FF302821FF302821FF302821FF302821FF302821FF302821FF302821FF302821FF302821FF302821FF302821
310
FF302821FF302821FF302821FF302821FF302821FF302821FF302821FF302821FF302821FF302821FF302821FF302821FF302821FF302821FF302821FF302821FFFFFFFFFF302821FF302821FF302821FF302821FF302821FF302821FF302821FF302821FF302821FF302821FF302821FF302821FF302821FF302821FF3028
310
21FF302821FF302821FF302821FF302821FF302821FF302821FF302821FF302821FF302821FF302821FF302821FF302821FF302821FF302821FF302821FF302821FF302821FF302821FF302821FF302821FF302821FF302821FF302821FF302821FF302821FF302821FF302821FF302821FF302821FF302821FF302821FF30
310
2821FFFFFFFFFF302821FF302821FF302821FF302821FF302821FF302821FF302821FF302821FF302821FF302821FF302821FF302821FF302821FF302821FF302821FF302821FF302821FF302821FF302821FF302821FF302821FF302821FF302821FF302821FF302821FF302821FF302821FF302821FF302821FF302821FF
310
302821FF302821FF302821FF302821FF302821FF302821FF302821FF302821FF302821FF302821FF302821FF302821FF302821FF302821FF302821FF302821FF302821FFFFFFFFFF302821FF302821FF302821FF302821FF302821FF302821FF302821FF302821FF302821FF302821FF302821FF302821FF302821FF302821
310
FF302821FF302821FF302821FF302821FF302821FF302821FF302821FF302821FF302821FF302821FF302821FF302821FF302821FF302821FF302821FF302821FF302821FF302821FF302821FF302821FF302821FF302821FF302821FF302821FF302821FF302821FF302821FF302821FF302821FF302821FF302821FF3028
310
21FF302821FFFFFFFFFF302821FF302821FF302821FF302821FF302821FF302821FF302821FF302821FF302821FF302821FF302821FF302821FF302821FF302821FF302821FF302821FF302821FF302821FF302821FF302821FF302821FF302821FF302821FF302821FF302821FF302821FF302821FF302821FF302821FF30
310
2821FF302821FF302821FF302821FF302821FF302821FF302821FF302821FF302821FF302821FF302821FF302821FF302821FF302821FF302821FF302821FF302821FF302821FFFFFFFFFF302821FF302821FF302821FF302821FF302821FF302821FF302821FF302821FF302821FF302821FF302821FF302821FF302821FF
310
302821FF302821FF302821FF302821FF302821FF302821FF302821FF302821FF302821FF302821FF302821FF302821FF302821FF302821FF302821FF302821FF302821FF302821FF302821FF302821FF302821FF302821FF302821FF302821FF302821FF302821FF302821FF302821FF302821FF302821FF302821FF302821
310
FF302821FF302821FFFFFFFFFF302821FF302821FF302821FF302821FF302821FF302821FF302821FF302821FF302821FF302821FF302821FF302821FF302821FF302821FF302821FF302821FF302821FF302821FF302821FF302821FF302821FF302821FF302821FF302821FF302821FF302821FF302821FF302821FF3028
310
21FF302821FF302821FF302821FF302821FF302821FF302821FF302821FF302821FF302821FF302821FF302821FF302821FF302821FF302821FF302821FF302821FF302821FF302821FF302821FF302821FF302821FF302821FF302821FF302821FF302821FF302821FF302821FF302821FF302821FF302821FF302821FF30
310
2821FF302821FF302821FF302821FF302821FF302821FF302821FF302821FF302821FF302821FF302821FF302821FF302821FF302821FF302821FF302821FF302821FF302821FF302821FF302821FF302821FF302821FF302821FF302821FF302821FF302821FF302821FF302821FF302821FF302821FF302821FF302821FF
310
302821FF302821FF302821FF302821FF302821FF302821FF302821FF302821FF302821FF302821FF302821FF302821FF302821FF302821FF302821FF302821FF302821FF302821FF302821FF302821FF302821FF302821FF302821FF302821FF302821FF302821FF302821FF302821FF
102
{BLKREFS
331
BCA
331
BD2
102
}
 70
     4
280
     1
281
     0
  0
BLOCK_RECORD
  5
BDA
330
1
100
AcDbSymbolTableRecord
100
AcDbBlockTableRecord
  2
cbreak
340
0
310
28000000300000003000000001002000000000000024000001000000010000000000000000000000302821FF302821FF302821FF302821FF302821FF302821FF302821FF302821FF302821FF302821FF302821FF302821FF302821FF302821FF302821FF302821FF302821FF302821FF302821FF302821FF302821FF302821
310
FF302821FF302821FF302821FF302821FF302821FF302821FF302821FF302821FF302821FF302821FF302821FF302821FF302821FF302821FF302821FF302821FF302821FF302821FF302821FF302821FF302821FF302821FF302821FF302821FF302821FF302821FF302821FF302821FF302821FF302821FF302821FF3028
310
21FF302821FF302821FF302821FF302821FF302821FF302821FF302821FF302821FF302821FF302821FF302821FF302821FF302821FF302821FF302821FF302821FF302821FF302821FF302821FF302821FF302821FF302821FF302821FF302821FF302821FF302821FF302821FF302821FF302821FF302821FF302821FF30
310
2821FF302821FF302821FF302821FF302821FF302821FF302821FF302821FF302821FF302821FF302821FF302821FF302821FF302821FF302821FFFFFFFFFFFFFFFFFFFFFFFFFFFFFFFFFFFFFFFFFFFFFFFFFFFFFFFFFFFFFFFFFFFFFFFFFFFFFFFFFFFFFFFFFFFFFFFFFFFFFFFFFFFFFFFFFFFFFFFFFFFFFFFFFFFFFFFFFF
310
FFFFFFFFFFFFFFFFFFFFFFFFFFFFFFFFFFFFFFFFFFFFFFFFFFFFFFFFFFFFFFFFFFFFFFFFFFFFFFFFFFFFFFFFFFFFFFFFFFFFFFFFFFFFFFFFFFFFFFFFFFFFFFFFFFFFFFFFFFFFFFFFFFFFFFFFFFFFFFFFFFFFFFFFFFFFFFFFFFFFFFFF302821FF302821FF302821FF302821FF302821FF302821FF302821FF302821FFFFFFFF
310
FF302821FF302821FF302821FF302821FF302821FF302821FF302821FF302821FF302821FF302821FF302821FF302821FF302821FF302821FF302821FF302821FF302821FF302821FF302821FF302821FF302821FF302821FF302821FF302821FF302821FF302821FF302821FF302821FF302821FF302821FF302821FF3028
310
21FF302821FF302821FF302821FF302821FF302821FF302821FFFFFFFFFF302821FF302821FF302821FF302821FF302821FF302821FF302821FF302821FFFFFFFFFF302821FF302821FF302821FF302821FF302821FF302821FF302821FF302821FF302821FF302821FF302821FF302821FF302821FF302821FF302821FF30
310
2821FF302821FF302821FF302821FF302821FF302821FF302821FF302821FF302821FF302821FF302821FF302821FF302821FF302821FF302821FF302821FF302821FF302821FF302821FF302821FF302821FF302821FF302821FFFFFFFFFF302821FF302821FF302821FF302821FF302821FF302821FF302821FF302821FF
310
FFFFFFFF302821FF302821FF302821FF302821FF302821FF302821FF302821FF302821FF302821FF302821FF302821FF302821FF302821FF302821FF302821FF302821FF302821FF302821FF302821FF302821FF302821FF302821FF302821FF302821FF302821FF302821FF302821FF302821FF302821FF302821FF302821
310
FF302821FF302821FF302821FF302821FF302821FF302821FF302821FFFFFFFFFF302821FF302821FF302821FF302821FF302821FF302821FF302821FF302821FFFFFFFFFF302821FF302821FF302821FF302821FF302821FF302821FF302821FF302821FF302821FF302821FF302821FF302821FF302821FF302821FF3028
310
21FF302821FF302821FF302821FF302821FF302821FF302821FF302821FF302821FF302821FF302821FF302821FF302821FF302821FF302821FF302821FF302821FF302821FF302821FF302821FF302821FF302821FF302821FF302821FFFFFFFFFF302821FF302821FF302821FF302821FF302821FF302821FF302821FF30
310
2821FFFFFFFFFF302821FF302821FF302821FF302821FF302821FF302821FF302821FF302821FF302821FF302821FF302821FF302821FF302821FF302821FF302821FF302821FF302821FF302821FF302821FF302821FF302821FF302821FF302821FF302821FF302821FF302821FF302821FF302821FF302821FF302821FF
310
302821FF302821FF302821FF302821FF302821FF302821FF302821FF302821FFFFFFFFFF302821FF302821FF302821FF302821FF302821FF302821FF302821FF302821FFFFFFFFFF302821FF302821FF302821FF302821FF302821FF302821FF302821FF302821FF302821FF302821FF302821FF302821FF302821FF302821
310
FF302821FFFFFFFFFF302821FF302821FF302821FF302821FF302821FF302821FFFFFFFFFF302821FF302821FF302821FF302821FF302821FF302821FF302821FF302821FF302821FF302821FF302821FF302821FF302821FF302821FF302821FFFFFFFFFF302821FF302821FF302821FF302821FF302821FF302821FF3028
310
21FF302821FFFFFFFFFF302821FF302821FF302821FF302821FF302821FF302821FF302821FF302821FF302821FF302821FF302821FF302821FF302821FF302821FF302821FF302821FFFFFFFFFF302821FF302821FF302821FF302821FFFFFFFFFF302821FF302821FF302821FF302821FF302821FF302821FF302821FF30
310
2821FF302821FF302821FF302821FF302821FF302821FF302821FF302821FF302821FFFFFFFFFF302821FF302821FF302821FF302821FF302821FF302821FF302821FF302821FFFFFFFFFF302821FF302821FF302821FF302821FF302821FF302821FF302821FF302821FF302821FF302821FF302821FF302821FF302821FF
310
302821FF302821FF302821FF302821FFFFFFFFFF302821FF302821FFFFFFFFFF302821FF302821FF302821FF302821FF302821FF302821FF302821FF302821FF302821FF302821FF302821FF302821FF302821FF302821FF302821FF302821FF302821FFFFFFFFFF302821FF302821FF302821FF302821FF302821FF302821
310
FF302821FF302821FFFFFFFFFF302821FF302821FF302821FF302821FF302821FF302821FF302821FF302821FF302821FF302821FF302821FF302821FF302821FF302821FF302821FF302821FF302821FFFFFFFFFF302821FFFFFFFFFF302821FF302821FF302821FF302821FF302821FF302821FF302821FF302821FF3028
310
21FF302821FF302821FF302821FF302821FF302821FF302821FF302821FF302821FF302821FFFFFFFFFF302821FF302821FF302821FF302821FF302821FF302821FF302821FF302821FFFFFFFFFF302821FF302821FF302821FF302821FF302821FF302821FF302821FF302821FF302821FF302821FF302821FF302821FF30
310
2821FF302821FF302821FF302821FF302821FF302821FFFFFFFFFF302821FF302821FF302821FF302821FF302821FF302821FF302821FF302821FF302821FF302821FF302821FF302821FF302821FF302821FF302821FF302821FF302821FF302821FF302821FFFFFFFFFF302821FF302821FF302821FF302821FF302821FF
310
302821FF302821FF302821FFFFFFFFFF302821FF302821FF302821FF302821FF302821FF302821FF302821FF302821FF302821FF302821FF302821FF302821FF302821FF302821FF302821FF302821FF302821FFFFFFFFFF302821FFFFFFFFFF302821FF302821FF302821FF302821FF302821FF302821FF302821FF302821
310
FF302821FF302821FF302821FF302821FF302821FF302821FF302821FF302821FF302821FF302821FFFFFFFFFF302821FF302821FF302821FF302821FF302821FF302821FF302821FF302821FFFFFFFFFF302821FF302821FF302821FF302821FF302821FF302821FF302821FF302821FF302821FF302821FF302821FF3028
310
21FF302821FF302821FF302821FF302821FFFFFFFFFF302821FF302821FF302821FFFFFFFFFF302821FF302821FF302821FF302821FF302821FF302821FF302821FF302821FF302821FF302821FF302821FF302821FF302821FF302821FF302821FF302821FF302821FFFFFFFFFF302821FF302821FF302821FF302821FF30
310
2821FF302821FF302821FF302821FFFFFFFFFF302821FF302821FF302821FF302821FF302821FF302821FF302821FF302821FF302821FF302821FF302821FF302821FF302821FF302821FF302821FFFFFFFFFF302821FF302821FF302821FF302821FF302821FFFFFFFFFF302821FF302821FF302821FF302821FF302821FF
310
302821FF302821FF302821FF302821FF302821FF302821FF302821FF302821FF302821FF302821FF302821FFFFFFFFFF302821FF302821FF302821FF302821FF302821FF302821FF302821FF302821FFFFFFFFFF302821FF302821FF302821FF302821FF302821FF302821FF302821FF302821FF302821FF302821FF302821
310
FF302821FF302821FF302821FF302821FF302821FF302821FF302821FF302821FF302821FF302821FF302821FF302821FF302821FF302821FF302821FF302821FF302821FF302821FF302821FF302821FF302821FF302821FF302821FF302821FF302821FF302821FF302821FFFFFFFFFF302821FF302821FF302821FF3028
310
21FF302821FF302821FF302821FF302821FFFFFFFFFF302821FF302821FF302821FF302821FF302821FF302821FF302821FF302821FF302821FF302821FF302821FF302821FFFFFFFFFF302821FF302821FF302821FF302821FF302821FF302821FF302821FF302821FF302821FF302821FF302821FF302821FF302821FF30
310
2821FF302821FF302821FF302821FF302821FF302821FF302821FF302821FF302821FF302821FF302821FF302821FFFFFFFFFF302821FF302821FF302821FF302821FF302821FF302821FF302821FF302821FFFFFFFFFF302821FF302821FF302821FF302821FF302821FF302821FF302821FF302821FF302821FF302821FF
310
302821FF302821FF302821FFFFFFFFFF302821FF302821FF302821FF302821FF302821FF302821FF302821FF302821FF302821FF302821FF302821FF302821FF302821FF302821FF302821FF302821FF302821FF302821FF302821FF302821FF302821FF302821FF302821FF302821FFFFFFFFFF302821FF302821FF302821
310
FF302821FF302821FF302821FF302821FF302821FFFFFFFFFF302821FF302821FF302821FF302821FF302821FF302821FF302821FF302821FF302821FF302821FF302821FF302821FF302821FFFFFFFFFF302821FF302821FF302821FF302821FF302821FF302821FF302821FF302821FF302821FF302821FF302821FF3028
310
21FF302821FF302821FF302821FF302821FF302821FF302821FF302821FF302821FF302821FF302821FF302821FF302821FFFFFFFFFF302821FF302821FF302821FF302821FF302821FF302821FF302821FF302821FFFFFFFFFF302821FF302821FF302821FF302821FF302821FF302821FF302821FF302821FF302821FF30
310
2821FF302821FF302821FF302821FF302821FFFFFFFFFF302821FF302821FF302821FF302821FF302821FF302821FF302821FF302821FF302821FF302821FF302821FF302821FF302821FF302821FF302821FF302821FF302821FF302821FF302821FF302821FF302821FF302821FF302821FFFFFFFFFF302821FF302821FF
310
302821FF302821FF302821FF302821FF302821FF302821FFFFFFFFFF302821FF302821FF302821FF302821FF302821FF302821FF302821FF302821FF302821FF302821FF302821FF302821FF302821FF302821FFFFFFFFFF302821FF302821FF302821FF302821FF302821FF302821FF302821FF302821FF302821FF302821
310
FF302821FF302821FF302821FF302821FF302821FF302821FF302821FF302821FF302821FF302821FF302821FF302821FF302821FFFFFFFFFF302821FF302821FF302821FF302821FF302821FF302821FF302821FF302821FFFFFFFFFF302821FF302821FF302821FF302821FF302821FF302821FF302821FF302821FF3028
310
21FF302821FF302821FF302821FF302821FF302821FF302821FFFFFFFFFF302821FF302821FF302821FF302821FF302821FF302821FF302821FF302821FF302821FF302821FF302821FF302821FF302821FF302821FF302821FF302821FF302821FF302821FF302821FF302821FF302821FF302821FFFFFFFFFF302821FF30
310
2821FF302821FF302821FF302821FF302821FF302821FF302821FFFFFFFFFF302821FF302821FF302821FF302821FF302821FF302821FF302821FF302821FF302821FF302821FF302821FF302821FF302821FF302821FF302821FFFFFFFFFF302821FF302821FF302821FF302821FF302821FF302821FF302821FF302821FF
310
302821FF302821FF302821FF302821FF302821FF302821FF302821FF302821FF302821FF302821FF302821FF302821FF302821FF302821FFFFFFFFFF302821FF302821FF302821FF302821FF302821FF302821FF302821FF302821FFFFFFFFFF302821FF302821FF302821FF302821FF302821FF302821FF302821FF302821
310
FF302821FF302821FF302821FF302821FF302821FF302821FF302821FF302821FFFFFFFFFF302821FF302821FF302821FF302821FF302821FF302821FF302821FF302821FF302821FF302821FF302821FF302821FF302821FF302821FF302821FF302821FF302821FF302821FF302821FF302821FF302821FFFFFFFFFF3028
310
21FF302821FF302821FF302821FF302821FF302821FF302821FF302821FFFFFFFFFF302821FF302821FF302821FF302821FF302821FF302821FF302821FF302821FF302821FF302821FF302821FF302821FF302821FF302821FF302821FF302821FFFFFFFFFF302821FF302821FF302821FF302821FF302821FF302821FF30
310
2821FF302821FF302821FF302821FF302821FF302821FF302821FF302821FF302821FF302821FF302821FF302821FF302821FF302821FF302821FFFFFFFFFF302821FF302821FF302821FF302821FF302821FF302821FF302821FF302821FFFFFFFFFF302821FF302821FF302821FF302821FF302821FF302821FF302821FF
310
302821FF302821FF302821FF302821FF302821FF302821FF302821FF302821FF302821FF302821FFFFFFFFFF302821FF302821FF302821FF302821FF302821FF302821FF302821FF302821FF302821FF302821FF302821FF302821FF302821FF302821FF302821FF302821FF302821FF302821FF302821FF302821FFFFFFFF
310
FF302821FF302821FF302821FF302821FF302821FF302821FF302821FF302821FFFFFFFFFF302821FF302821FF302821FF302821FF302821FF302821FF302821FF302821FF302821FF302821FF302821FF302821FF302821FF302821FF302821FF302821FF302821FFFFFFFFFF302821FF302821FF302821FF302821FF3028
310
21FF302821FF302821FF302821FF302821FF302821FF302821FF302821FF302821FF302821FF302821FF302821FF302821FF302821FF302821FF302821FFFFFFFFFF302821FF302821FF302821FF302821FF302821FF302821FF302821FF302821FFFFFFFFFF302821FF302821FF302821FF302821FF302821FF302821FF30
310
2821FF302821FF302821FF302821FF302821FF302821FF302821FF302821FF302821FF302821FF302821FF302821FFFFFFFFFF302821FF302821FF302821FF302821FF302821FF302821FF302821FF302821FF302821FF302821FF302821FF302821FF302821FF302821FF302821FF302821FF302821FF302821FF302821FF
310
FFFFFFFF302821FF302821FF302821FF302821FF302821FF302821FF302821FF302821FFFFFFFFFF302821FF302821FF302821FF302821FF302821FF302821FF302821FF302821FF302821FF302821FF302821FF302821FF302821FF302821FF302821FF302821FF302821FF302821FFFFFFFFFF302821FF302821FF302821
310
FF302821FF302821FF302821FF302821FF302821FF302821FF302821FF302821FF302821FF302821FF302821FF302821FF302821FF302821FF302821FF302821FFFFFFFFFF302821FF302821FF302821FF302821FF302821FF302821FF302821FF302821FFFFFFFFFF302821FF302821FF302821FF302821FF302821FF3028
310
21FF302821FF302821FF302821FF302821FF302821FF302821FF302821FF302821FF302821FF302821FF302821FF302821FFFFFFFFFF302821FF302821FF302821FF302821FF302821FF302821FF302821FF302821FF302821FF302821FF302821FF302821FF302821FF302821FF302821FF302821FF302821FF302821FF30
310
2821FFFFFFFFFF302821FF302821FF302821FF302821FF302821FF302821FF302821FF302821FFFFFFFFFF302821FF302821FF302821FF302821FF302821FF302821FF302821FF302821FF302821FF302821FF302821FF302821FF302821FF302821FF302821FF302821FF302821FF302821FFFFFFFFFF302821FF302821FF
310
302821FF302821FF302821FF302821FF302821FF302821FF302821FF302821FF302821FF302821FF302821FF302821FF302821FF302821FF302821FF302821FF302821FFFFFFFFFF302821FF302821FF302821FF302821FF302821FF302821FF302821FF302821FFFFFFFFFF302821FF302821FF302821FF302821FF302821
310
FF302821FF302821FF302821FF302821FF302821FF302821FF302821FF302821FF302821FF302821FF302821FF302821FF302821FFFFFFFFFF302821FF302821FF302821FF302821FF302821FF302821FF302821FF302821FF302821FF302821FF302821FF302821FF302821FF302821FF302821FF302821FF302821FF3028
310
21FF302821FFFFFFFFFF302821FF302821FF302821FF302821FF302821FF302821FF302821FF302821FFFFFFFFFF302821FF302821FF302821FF302821FF302821FF302821FF302821FF302821FF302821FF302821FF302821FF302821FF302821FF302821FF302821FF302821FF302821FFFFFFFFFFFFFFFFFFFFFFFFFFFF
310
FFFFFF302821FF302821FF302821FF302821FF302821FF302821FF302821FF302821FF302821FF302821FF302821FF302821FF302821FF302821FF302821FF302821FF302821FFFFFFFFFF302821FF302821FF302821FF302821FF302821FF302821FF302821FF302821FFFFFFFFFF302821FF302821FF302821FF302821FF
310
302821FF302821FF302821FF302821FF302821FF302821FF302821FF302821FF302821FF302821FF302821FF302821FFFFFFFFFF302821FF302821FF302821FFFFFFFFFFFFFFFFFF302821FF302821FF302821FF302821FF302821FF302821FF302821FF302821FF302821FF302821FF302821FF302821FF302821FF302821
310
FF302821FF302821FFFFFFFFFF302821FF302821FF302821FF302821FF302821FF302821FF302821FF302821FFFFFFFFFF302821FF302821FF302821FF302821FF302821FF302821FF302821FF302821FF302821FF302821FF302821FF302821FF302821FF302821FF302821FFFFFFFFFF302821FF302821FF302821FF3028
310
21FF302821FFFFFFFFFF302821FF302821FF302821FF302821FF302821FF302821FF302821FF302821FF302821FF302821FF302821FF302821FF302821FF302821FF302821FF302821FFFFFFFFFF302821FF302821FF302821FF302821FF302821FF302821FF302821FF302821FFFFFFFFFF302821FF302821FF302821FF30
310
2821FF302821FF302821FF302821FF302821FF302821FF302821FF302821FF302821FF302821FF302821FF302821FFFFFFFFFF302821FF302821FF302821FF302821FF302821FF302821FFFFFFFFFF302821FF302821FF302821FF302821FF302821FF302821FF302821FF302821FF302821FF302821FF302821FF302821FF
310
302821FF302821FF302821FFFFFFFFFF302821FF302821FF302821FF302821FF302821FF302821FF302821FF302821FFFFFFFFFF302821FF302821FF302821FF302821FF302821FF302821FF302821FF302821FF302821FF302821FF302821FF302821FF302821FF302821FF302821FFFFFFFFFF302821FF302821FF302821
310
FF302821FF302821FFFFFFFFFFFFFFFFFF302821FF302821FF302821FF302821FF302821FF302821FF302821FF302821FF302821FF302821FF302821FF302821FF302821FF302821FF302821FFFFFFFFFF302821FF302821FF302821FF302821FF302821FF302821FF302821FF302821FFFFFFFFFF302821FF302821FF3028
310
21FF302821FF302821FF302821FF302821FF302821FF302821FF302821FF302821FF302821FF302821FF302821FF302821FFFFFFFFFFFFFFFFFF302821FF302821FF302821FF302821FFFFFFFFFF302821FF302821FF302821FF302821FF302821FF302821FF302821FF302821FF302821FF302821FF302821FF302821FF30
310
2821FF302821FF302821FF302821FFFFFFFFFF302821FF302821FF302821FF302821FF302821FF302821FF302821FF302821FFFFFFFFFF302821FF302821FF302821FF302821FF302821FF302821FF302821FF302821FF302821FF302821FF302821FF302821FF302821FF302821FF302821FF302821FFFFFFFFFFFFFFFFFF
310
302821FFFFFFFFFFFFFFFFFFFFFFFFFF302821FF302821FF302821FF302821FF302821FF302821FF302821FF302821FF302821FF302821FF302821FF302821FF302821FF302821FF302821FF302821FFFFFFFFFF302821FF302821FF302821FF302821FF302821FF302821FF302821FF302821FFFFFFFFFF302821FF302821
310
FF302821FF302821FF302821FF302821FF302821FF302821FF302821FF302821FF302821FF302821FF302821FF302821FF302821FF302821FF302821FF302821FFFFFFFFFFFFFFFFFF302821FF302821FF302821FF302821FF302821FF302821FF302821FF302821FF302821FF302821FF302821FF302821FF302821FF3028
310
21FF302821FF302821FF302821FF302821FFFFFFFFFF302821FF302821FF302821FF302821FF302821FF302821FF302821FF302821FFFFFFFFFF302821FF302821FF302821FF302821FF302821FF302821FF302821FF302821FF302821FF302821FF302821FF302821FF302821FF302821FF302821FF302821FF302821FF30
310
2821FF302821FF302821FF302821FF302821FF302821FF302821FF302821FF302821FF302821FF302821FF302821FF302821FF302821FF302821FF302821FF302821FF302821FF302821FF302821FF302821FFFFFFFFFF302821FF302821FF302821FF302821FF302821FF302821FF302821FF302821FFFFFFFFFF302821FF
310
302821FF302821FF302821FF302821FF302821FF302821FF302821FF302821FF302821FF302821FF302821FF302821FF302821FF302821FF302821FF302821FF302821FF302821FF302821FF302821FF302821FF302821FF302821FF302821FF302821FF302821FF302821FF302821FF302821FF302821FF302821FF302821
310
FF302821FF302821FF302821FF302821FF302821FFFFFFFFFF302821FF302821FF302821FF302821FF302821FF302821FF302821FF302821FFFFFFFFFF302821FF302821FF302821FF302821FF302821FF302821FF302821FF302821FF302821FF302821FF302821FF302821FF302821FF302821FF302821FF302821FF3028
310
21FF302821FF302821FF302821FF302821FF302821FF302821FF302821FF302821FF302821FF302821FF302821FF302821FF302821FF302821FF302821FF302821FF302821FF302821FF302821FF302821FF302821FFFFFFFFFF302821FF302821FF302821FF302821FF302821FF302821FF302821FF302821FFFFFFFFFF30
310
2821FF302821FF302821FF302821FF302821FF302821FF302821FF302821FF302821FF302821FF302821FF302821FF302821FF302821FF302821FF302821FF302821FF302821FF302821FF302821FF302821FF302821FF302821FF302821FF302821FF302821FF302821FF302821FF302821FF302821FF302821FF302821FF
310
302821FF302821FF302821FF302821FF302821FF302821FFFFFFFFFF302821FF302821FF302821FF302821FF302821FF302821FF302821FF302821FFFFFFFFFFFFFFFFFFFFFFFFFFFFFFFFFFFFFFFFFFFFFFFFFFFFFFFFFFFFFFFFFFFFFFFFFFFFFFFFFFFFFFFFFFFFFFFFFFFFFFFFFFFFFFFFFFFFFFFFFFFFFFFFFFFFFFFF
310
FFFFFFFFFFFFFFFFFFFFFFFFFFFFFFFFFFFFFFFFFFFFFFFFFFFFFFFFFFFFFFFFFFFFFFFFFFFFFFFFFFFFFFFFFFFFFFFFFFFFFFFFFFFFFFFFFFFFFFFFFFFFFFFFFFFFFFFFFFFFFFFFFFFFFFFFFFFFFFFFFFFFFFFFFFFFFFFFFFFFFFFFFF302821FF302821FF302821FF302821FF302821FF302821FF302821FF302821FF3028
310
21FF302821FF302821FF302821FF302821FF302821FF302821FF302821FF302821FF302821FF302821FF302821FF302821FF302821FF302821FF302821FF302821FF302821FF302821FF302821FF302821FF302821FF302821FF302821FF302821FF302821FF302821FF302821FF302821FF302821FF302821FF302821FF30
310
2821FF302821FF302821FF302821FF302821FF302821FF302821FF302821FF302821FF302821FF302821FF302821FF302821FF302821FF302821FF302821FF302821FF302821FF302821FF302821FF302821FF302821FF302821FF302821FF302821FF302821FF302821FF302821FF302821FF302821FF302821FF302821FF
310
302821FF302821FF302821FF302821FF302821FF302821FF302821FF302821FF302821FF302821FF302821FF302821FF302821FF302821FF302821FF302821FF302821FF302821FF302821FF302821FF302821FF302821FF302821FF302821FF302821FF302821FF302821FF302821FF
102
{BLKREFS
331
BE5
331
BED
102
}
 70
     4
280
     1
281
     0
  0
BLOCK_RECORD
  5
BF5
330
1
100
AcDbSymbolTableRecord
100
AcDbBlockTableRecord
  2
vt
340
0
310
28000000300000003000000001002000000000000024000001000000010000000000000000000000302821FF302821FF302821FF302821FF302821FF302821FF302821FF302821FF302821FF302821FF302821FF302821FF302821FF302821FF302821FF302821FF302821FF302821FF302821FF302821FF302821FF302821
310
FF302821FF302821FF302821FF302821FF302821FF302821FF302821FF302821FF302821FF302821FF302821FF302821FF302821FF302821FF302821FF302821FF302821FF302821FF302821FF302821FF302821FF302821FF302821FF302821FF302821FF302821FF302821FF302821FF302821FF302821FF302821FF3028
310
21FF302821FF302821FF302821FF302821FF302821FF302821FF302821FF302821FF302821FF302821FF302821FF302821FF302821FF302821FF302821FF302821FF302821FF302821FF302821FF302821FF302821FF302821FF302821FF302821FF302821FF302821FF302821FF302821FF302821FF302821FF302821FF30
310
2821FF302821FF302821FF302821FF302821FF302821FF302821FF302821FF302821FF302821FF302821FF302821FF302821FF302821FF302821FF302821FF302821FF302821FF302821FF302821FF302821FF302821FF302821FF302821FF302821FF302821FF302821FF302821FF302821FF302821FF302821FF302821FF
310
302821FF302821FF302821FF302821FF302821FF302821FF302821FF302821FF302821FFFFFFFFFF302821FF302821FF302821FF302821FF302821FF302821FF302821FF302821FF302821FF302821FF302821FF302821FF302821FF302821FF302821FF302821FF302821FF302821FF302821FF302821FF302821FF302821
310
FF302821FF302821FF302821FF302821FF302821FF302821FF302821FF302821FF302821FF302821FF302821FF302821FF302821FF302821FF302821FF302821FF302821FF302821FF302821FF302821FF302821FF302821FF302821FF302821FF302821FFFFFFFFFF302821FF302821FF302821FF302821FF302821FF3028
310
21FF302821FF302821FF302821FF302821FF302821FF302821FF302821FF302821FF302821FF302821FF302821FF302821FF302821FF302821FF302821FF302821FF302821FF302821FF302821FF302821FF302821FF302821FF302821FF302821FF302821FF302821FF302821FF302821FF302821FF302821FF302821FF30
310
2821FF302821FF302821FF302821FF302821FF302821FF302821FF302821FF302821FF302821FFFFFFFFFF302821FF302821FF302821FF302821FF302821FF302821FF302821FF302821FF302821FF302821FF302821FF302821FF302821FF302821FF302821FF302821FF302821FF302821FF302821FF302821FF302821FF
310
302821FF302821FF302821FF302821FF302821FF302821FF302821FF302821FF302821FF302821FF302821FF302821FF302821FF302821FF302821FF302821FF302821FF302821FF302821FF302821FF302821FF302821FF302821FF302821FF302821FF302821FFFFFFFFFF302821FF302821FF302821FF302821FF302821
310
FF302821FF302821FF302821FF302821FF302821FF302821FF302821FF302821FF302821FF302821FF302821FF302821FF302821FF302821FF302821FF302821FF302821FF302821FF302821FF302821FF302821FF302821FF302821FF302821FF302821FF302821FF302821FF302821FF302821FF302821FF302821FF3028
310
21FF302821FF302821FF302821FF302821FF302821FF302821FF302821FF302821FF302821FF302821FFFFFFFFFF302821FF302821FF302821FF302821FF302821FF302821FF302821FF302821FF302821FF302821FF302821FF302821FF302821FF302821FF302821FF302821FF302821FF302821FF302821FF302821FF30
310
2821FF302821FF302821FF302821FF302821FF302821FF302821FF302821FF302821FF302821FF302821FF302821FF302821FF302821FF302821FF302821FF302821FF302821FF302821FF302821FFFFFFFFFFFFFFFFFFFFFFFFFFFFFFFFFFFFFFFFFFFFFFFFFFFFFFFFFFFFFFFFFF302821FF302821FF302821FF302821FF
310
302821FF302821FF302821FF302821FF302821FF302821FF302821FF302821FF302821FF302821FF302821FF302821FF302821FF302821FF302821FF302821FF302821FF302821FF302821FF302821FF302821FF302821FF302821FF302821FF302821FF302821FF302821FF302821FF302821FF302821FF302821FF302821
310
FF302821FFFFFFFFFFFFFFFFFFFFFFFFFF302821FF302821FF302821FF302821FF302821FF302821FF302821FF302821FF302821FF302821FF302821FF302821FF302821FF302821FF302821FF302821FF302821FF302821FF302821FF302821FF302821FF302821FF302821FF302821FF302821FF302821FF302821FF3028
310
21FF302821FF302821FF302821FF302821FF302821FF302821FF302821FF302821FF302821FF302821FF302821FF302821FF302821FF302821FF302821FF302821FF302821FFFFFFFFFF302821FF302821FF302821FF302821FF302821FF302821FF302821FF302821FF302821FF302821FF302821FF302821FF302821FF30
310
2821FF302821FF302821FF302821FF302821FF302821FF302821FF302821FF302821FF302821FF302821FF302821FF302821FF302821FF302821FF302821FF302821FF302821FF302821FF302821FF302821FF302821FF302821FF302821FF302821FF302821FF302821FF302821FF302821FF302821FF302821FF302821FF
310
302821FFFFFFFFFF302821FF302821FF302821FF302821FF302821FF302821FF302821FF302821FF302821FF302821FF302821FF302821FF302821FF302821FF302821FF302821FF302821FF302821FF302821FF302821FF302821FF302821FF302821FF302821FF302821FF302821FF302821FF302821FF302821FF302821
310
FF302821FF302821FF302821FF302821FF302821FF302821FF302821FF302821FF302821FF302821FF302821FF302821FF302821FF302821FF302821FF302821FFFFFFFFFF302821FF302821FF302821FF302821FF302821FF302821FF302821FF302821FF302821FF302821FF302821FF302821FF302821FF302821FF3028
310
21FF302821FF302821FF302821FF302821FF302821FF302821FF302821FF302821FF302821FF302821FF302821FF302821FF302821FF302821FF302821FF302821FF302821FF302821FF302821FF302821FF302821FF302821FF302821FF302821FF302821FF302821FF302821FF302821FF302821FF302821FF302821FF30
310
2821FFFFFFFFFF302821FF302821FF302821FF302821FF302821FF302821FF302821FF302821FF302821FF302821FF302821FF302821FF302821FF302821FF302821FF302821FF302821FF302821FF302821FF302821FF302821FF302821FF302821FF302821FF302821FF302821FF302821FF302821FF302821FF302821FF
310
302821FF302821FF302821FF302821FF302821FF302821FF302821FF302821FF302821FF302821FF302821FF302821FF302821FF302821FF302821FF302821FF302821FFFFFFFFFF302821FF302821FF302821FF302821FF302821FF302821FF302821FF302821FF302821FF302821FF302821FF302821FF302821FF302821
310
FF302821FF302821FF302821FF302821FF302821FF302821FF302821FF302821FF302821FF302821FF302821FF302821FF302821FF302821FF302821FF302821FF302821FF302821FF302821FF302821FF302821FF302821FF302821FF302821FF302821FF302821FF302821FF302821FF302821FF302821FF302821FF3028
310
21FFFFFFFFFF302821FF302821FF302821FF302821FF302821FF302821FF302821FF302821FF302821FF302821FF302821FF302821FF302821FF302821FF302821FF302821FF302821FF302821FF302821FF302821FF302821FF302821FF302821FF302821FF302821FF302821FF302821FF302821FF302821FF302821FF30
310
2821FF302821FF302821FF302821FF302821FF302821FF302821FF302821FF302821FF302821FF302821FF302821FF302821FF302821FF302821FF302821FF302821FFFFFFFFFF302821FF302821FF302821FF302821FF302821FF302821FF302821FF302821FF302821FF302821FF302821FF302821FF302821FF302821FF
310
302821FF302821FF302821FF302821FF302821FF302821FF302821FF302821FF302821FF302821FF302821FF302821FF302821FF302821FF302821FF302821FF302821FF302821FF302821FF302821FF302821FF302821FF302821FF302821FF302821FF302821FF302821FF302821FF302821FF302821FF302821FF302821
310
FF302821FFFFFFFFFF302821FF302821FF302821FF302821FF302821FF302821FF302821FF302821FF302821FF302821FF302821FF302821FF302821FF302821FF302821FF302821FF302821FF302821FF302821FF302821FF302821FF302821FF302821FF302821FF302821FF302821FF302821FF302821FF302821FF3028
310
21FF302821FF302821FF302821FF302821FF302821FF302821FF302821FF302821FF302821FF302821FF302821FF302821FF302821FF302821FF302821FF302821FF302821FF302821FFFFFFFFFF302821FF302821FF302821FF302821FF302821FF302821FF302821FF302821FF302821FF302821FF302821FF302821FF30
310
2821FF302821FF302821FF302821FF302821FF302821FF302821FF302821FF302821FF302821FF302821FF302821FF302821FF302821FF302821FF302821FF302821FF302821FF302821FF302821FF302821FF302821FF302821FF302821FF302821FF302821FF302821FF302821FF302821FF302821FF302821FF302821FF
310
302821FF302821FF302821FFFFFFFFFF302821FF302821FF302821FF302821FF302821FF302821FF302821FF302821FF302821FF302821FF302821FF302821FF302821FF302821FF302821FF302821FF302821FF302821FF302821FF302821FF302821FF302821FF302821FF302821FF302821FF302821FF302821FF302821
310
FF302821FF302821FF302821FF302821FF302821FF302821FF302821FF302821FF302821FF302821FF302821FF302821FF302821FF302821FF302821FF302821FF302821FF302821FF302821FFFFFFFFFF302821FF302821FF302821FF302821FF302821FF302821FF302821FF302821FF302821FF302821FF302821FF3028
310
21FF302821FF302821FF302821FF302821FF302821FF302821FF302821FF302821FF302821FF302821FF302821FF302821FF302821FF302821FF302821FF302821FF302821FF302821FF302821FF302821FF302821FF302821FF302821FF302821FF302821FF302821FF302821FF302821FF302821FF302821FF302821FF30
310
2821FF302821FF302821FF302821FF302821FFFFFFFFFF302821FF302821FF302821FF302821FF302821FF302821FF302821FF302821FF302821FF302821FF302821FF302821FF302821FF302821FF302821FF302821FF302821FF302821FF302821FF302821FF302821FF302821FF302821FF302821FF302821FF302821FF
310
302821FF302821FF302821FF302821FF302821FF302821FF302821FF302821FF302821FF302821FF302821FF302821FF302821FF302821FF302821FF302821FF302821FF302821FF302821FF302821FF302821FF302821FFFFFFFFFF302821FF302821FF302821FF302821FF302821FF302821FF302821FF302821FF302821
310
FF302821FF302821FF302821FF302821FF302821FF302821FF302821FF302821FF302821FF302821FF302821FF302821FF302821FF302821FF302821FF302821FF302821FF302821FF302821FF302821FF302821FF302821FF302821FF302821FF302821FF302821FF302821FF302821FF302821FF302821FF302821FF3028
310
21FF302821FF302821FF302821FF302821FF302821FF302821FF302821FFFFFFFFFFFFFFFFFF302821FFFFFFFFFFFFFFFFFFFFFFFFFFFFFFFFFFFFFFFFFF302821FF302821FF302821FF302821FF302821FF302821FF302821FF302821FF302821FF302821FF302821FF302821FF302821FF302821FF302821FF302821FF30
310
2821FF302821FF302821FF302821FF302821FF302821FF302821FF302821FF302821FF302821FF302821FF302821FF302821FF302821FF302821FF302821FF302821FF302821FF302821FF302821FF302821FF302821FF302821FF302821FFFFFFFFFFFFFFFFFFFFFFFFFF302821FF302821FF302821FF302821FF302821FF
310
FFFFFFFF302821FF302821FF302821FF302821FF302821FF302821FF302821FF302821FF302821FF302821FF302821FF302821FF302821FF302821FF302821FF302821FF302821FF302821FF302821FF302821FF302821FF302821FF302821FF302821FF302821FF302821FF302821FF302821FF302821FF302821FF302821
310
FF302821FF302821FF302821FF302821FF302821FF302821FF302821FFFFFFFFFF302821FF302821FF302821FFFFFFFFFFFFFFFFFFFFFFFFFFFFFFFFFFFFFFFFFF302821FF302821FF302821FF302821FF302821FF302821FF302821FF302821FF302821FF302821FF302821FF302821FF302821FF302821FF302821FF3028
310
21FF302821FF302821FF302821FF302821FF302821FF302821FF302821FF302821FF302821FF302821FF302821FF302821FF302821FF302821FF302821FF302821FF302821FF302821FF302821FF302821FF302821FF302821FFFFFFFFFF302821FF302821FF302821FF302821FF302821FF302821FF302821FF302821FF30
310
2821FF302821FF302821FF302821FF302821FF302821FF302821FF302821FF302821FF302821FF302821FF302821FF302821FF302821FF302821FF302821FF302821FF302821FF302821FF302821FF302821FF302821FF302821FF302821FF302821FF302821FF302821FF302821FF302821FF302821FF302821FF302821FF
310
302821FF302821FF302821FF302821FF302821FF302821FF302821FFFFFFFFFF302821FF302821FF302821FF302821FF302821FF302821FF302821FF302821FF302821FF302821FF302821FF302821FF302821FF302821FF302821FF302821FF302821FF302821FF302821FF302821FF302821FF302821FF302821FF302821
310
FF302821FF302821FF302821FF302821FF302821FF302821FF302821FF302821FF302821FF302821FF302821FF302821FF302821FF302821FF302821FF302821FF302821FF302821FF302821FF302821FF302821FF302821FFFFFFFFFF302821FF302821FF302821FF302821FF302821FF302821FF302821FF302821FF3028
310
21FF302821FF302821FF302821FF302821FF302821FF302821FF302821FF302821FF302821FF302821FF302821FF302821FF302821FF302821FF302821FF302821FF302821FF302821FF302821FF302821FF302821FF302821FF302821FF302821FF302821FF302821FF302821FF302821FF302821FF302821FF302821FF30
310
2821FF302821FF302821FF302821FF302821FF302821FF302821FFFFFFFFFF302821FF302821FF302821FF302821FF302821FF302821FF302821FF302821FF302821FF302821FF302821FF302821FF302821FF302821FF302821FF302821FF302821FF302821FF302821FF302821FF302821FF302821FF302821FF302821FF
310
302821FF302821FF302821FF302821FF302821FF302821FF302821FF302821FF302821FF302821FF302821FF302821FF302821FF302821FF302821FF302821FF302821FF302821FF302821FF302821FF302821FF302821FF302821FFFFFFFFFF302821FF302821FF302821FF302821FF302821FF302821FF302821FF302821
310
FF302821FF302821FF302821FF302821FF302821FF302821FF302821FF302821FF302821FF302821FF302821FF302821FF302821FF302821FF302821FF302821FF302821FF302821FF302821FF302821FF302821FF302821FF302821FF302821FF302821FF302821FF302821FF302821FF302821FF302821FF302821FF3028
310
21FF302821FF302821FF302821FF302821FF302821FF302821FFFFFFFFFF302821FF302821FF302821FF302821FF302821FF302821FF302821FF302821FF302821FF302821FF302821FF302821FF302821FF302821FF302821FF302821FF302821FF302821FF302821FF302821FF302821FF302821FF302821FF302821FF30
310
2821FF302821FF302821FF302821FF302821FF302821FF302821FF302821FF302821FF302821FF302821FF302821FF302821FF302821FF302821FF302821FF302821FF302821FF302821FF302821FF302821FF302821FF302821FFFFFFFFFF302821FF302821FF302821FF302821FF302821FF302821FF302821FF302821FF
310
302821FF302821FF302821FF302821FF302821FF302821FF302821FF302821FF302821FF302821FF302821FF302821FF302821FF302821FF302821FF302821FF302821FF302821FF302821FF302821FF302821FF302821FF302821FF302821FF302821FF302821FF302821FF302821FF302821FF302821FF302821FF302821
310
FF302821FF302821FF302821FF302821FF302821FF302821FF302821FFFFFFFFFF302821FF302821FF302821FF302821FF302821FF302821FF302821FF302821FF302821FF302821FF302821FF302821FF302821FF302821FF302821FF302821FF302821FF302821FF302821FF302821FF302821FF302821FF302821FF3028
310
21FF302821FF302821FF302821FF302821FF302821FF302821FF302821FF302821FF302821FF302821FF302821FF302821FF302821FF302821FF302821FF302821FF302821FF302821FF302821FF302821FF302821FF302821FF302821FF302821FFFFFFFFFF302821FF302821FF302821FF302821FF302821FF302821FF30
310
2821FF302821FF302821FF302821FF302821FF302821FF302821FF302821FF302821FF302821FF302821FF302821FF302821FF302821FF302821FF302821FF302821FF302821FF302821FF302821FF302821FF302821FF302821FF302821FF302821FF302821FF302821FF302821FF302821FF302821FF302821FF302821FF
310
302821FF302821FF302821FF302821FF302821FF302821FF302821FF302821FF302821FFFFFFFFFF302821FF302821FF302821FF302821FF302821FF302821FF302821FF302821FF302821FF302821FF302821FF302821FF302821FF302821FF302821FF302821FF302821FF302821FF302821FF302821FF302821FF302821
310
FF302821FF302821FF302821FF302821FF302821FF302821FF302821FF302821FF302821FF302821FF302821FF302821FF302821FF302821FF302821FF302821FF302821FF302821FF302821FF302821FF302821FF302821FF302821FF302821FF302821FFFFFFFFFF302821FF302821FF302821FF302821FF302821FF3028
310
21FF302821FF302821FF302821FF302821FF302821FF302821FF302821FF302821FF302821FF302821FF302821FF302821FF302821FF302821FF302821FF302821FF302821FF302821FF302821FF302821FF302821FF302821FF302821FF302821FF302821FF302821FF302821FF302821FF302821FF302821FF302821FF30
310
2821FF302821FF302821FF302821FF302821FF302821FF302821FF302821FF302821FF302821FF302821FFFFFFFFFF302821FF302821FF302821FF302821FF302821FF302821FF302821FF302821FF302821FF302821FF302821FF302821FF302821FF302821FF302821FF302821FF302821FF302821FF302821FF302821FF
310
302821FF302821FF302821FF302821FF302821FF302821FF302821FF302821FF302821FF302821FF302821FF302821FF302821FF302821FF302821FF302821FF302821FF302821FF302821FF302821FF302821FF302821FF302821FF302821FF302821FF302821FF302821FF302821FFFFFFFFFF302821FF302821FF302821
310
FF302821FF302821FF302821FF302821FF302821FF302821FF302821FF302821FF302821FF302821FF302821FF302821FF302821FF302821FF302821FF302821FF302821FF302821FF302821FF302821FF302821FF302821FF302821FF302821FF302821FF302821FF302821FF302821FF302821FF302821FF302821FF3028
310
21FF302821FF302821FF302821FF302821FF302821FF302821FF302821FF302821FF302821FF302821FF302821FF302821FF302821FFFFFFFFFFFFFFFFFF302821FF302821FF302821FF302821FF302821FF302821FF302821FF302821FF302821FF302821FF302821FF302821FF302821FF302821FF302821FF302821FF30
310
2821FF302821FF302821FF302821FF302821FF302821FF302821FF302821FF302821FF302821FF302821FF302821FF302821FF302821FF302821FF302821FF302821FF302821FF302821FF302821FF302821FF302821FF302821FF302821FF302821FF302821FF302821FF302821FF302821FF302821FF302821FF302821FF
310
FFFFFFFFFFFFFFFFFFFFFFFFFFFFFFFFFFFFFFFFFFFFFFFFFFFFFFFF302821FF302821FF302821FF302821FF302821FF302821FF302821FF302821FF302821FF302821FF302821FF302821FF302821FF302821FF302821FF302821FF302821FF302821FF302821FF302821FF302821FF302821FF302821FF302821FF302821
310
FF302821FF302821FF302821FF302821FF302821FF302821FF302821FF302821FF302821FF302821FF302821FF302821FF302821FF302821FF302821FF302821FF302821FF302821FF302821FF302821FF302821FF302821FFFFFFFFFF302821FF302821FF302821FF302821FF302821FF302821FF302821FF302821FF3028
310
21FF302821FF302821FF302821FF302821FF302821FF302821FF302821FF302821FF302821FF302821FF302821FF302821FF302821FF302821FF302821FF302821FF302821FF302821FF302821FF302821FF302821FF302821FF302821FF302821FF302821FF302821FF302821FF302821FF302821FF302821FF302821FF30
310
2821FF302821FF302821FF302821FF302821FF302821FF302821FFFFFFFFFF302821FF302821FF302821FF302821FF302821FF302821FF302821FF302821FF302821FF302821FF302821FF302821FF302821FF302821FF302821FF302821FF302821FF302821FF302821FF302821FF302821FF302821FF302821FF302821FF
310
302821FF302821FF302821FF302821FF302821FF302821FF302821FF302821FF302821FF302821FF302821FF302821FF302821FF302821FF302821FF302821FF302821FF302821FF302821FF302821FF302821FF302821FF302821FFFFFFFFFF302821FF302821FF302821FF302821FF302821FF302821FF302821FF302821
310
FF302821FF302821FF302821FF302821FF302821FF302821FF302821FF302821FF302821FF302821FF302821FF302821FF302821FF302821FF302821FF302821FF302821FF302821FF302821FF302821FF302821FF302821FF302821FF302821FF302821FF302821FF302821FF302821FF302821FF302821FF302821FF3028
310
21FF302821FF302821FF302821FF302821FF302821FF302821FF302821FFFFFFFFFF302821FF302821FF302821FF302821FF302821FF302821FF302821FF302821FF302821FF302821FF302821FF302821FF302821FF302821FF302821FF302821FF302821FF302821FF302821FF302821FF302821FF302821FF302821FF30
310
2821FF302821FF302821FF302821FF302821FF302821FF302821FF302821FF302821FF302821FF302821FF302821FF302821FF302821FF302821FF302821FF302821FF302821FF302821FF302821FF302821FF302821FF302821FF302821FFFFFFFFFF302821FF302821FF302821FF302821FF302821FF302821FF302821FF
310
302821FF302821FF302821FF302821FF302821FF302821FF302821FF302821FF302821FF302821FF302821FF302821FF302821FF302821FF302821FF302821FF302821FF302821FF302821FF302821FF302821FF302821FF302821FF302821FF302821FF302821FF302821FF302821FF302821FF302821FF302821FF302821
310
FF302821FF302821FF302821FF302821FF302821FF302821FF302821FF302821FFFFFFFFFF302821FF302821FF302821FF302821FF302821FF302821FF302821FF302821FF302821FF302821FF302821FF302821FF302821FF302821FF302821FF302821FF302821FF302821FF302821FF302821FF302821FF302821FF3028
310
21FF302821FF302821FF302821FF302821FF302821FF302821FF302821FF302821FF302821FF302821FF302821FF302821FF302821FF302821FF302821FF302821FF302821FF302821FF302821FF302821FF302821FF302821FF302821FF302821FF302821FF302821FF302821FF302821FF302821FF302821FF302821FF30
310
2821FF302821FF302821FF302821FF302821FF302821FF302821FF302821FF302821FF302821FF302821FF302821FF302821FF302821FF302821FF302821FF302821FF302821FF302821FF302821FF302821FF302821FF302821FF302821FF302821FF302821FF302821FF302821FF302821FF302821FF302821FF302821FF
310
302821FF302821FF302821FF302821FF302821FF302821FF302821FF302821FF302821FF302821FF302821FF302821FF302821FF302821FF302821FF302821FF302821FF302821FF302821FF302821FF302821FF302821FF302821FF302821FF302821FF302821FF302821FF302821FF
102
{BLKREFS
331
BF9
331
C01
331
C03
331
C05
102
}
 70
     4
280
     1
281
     0
  0
BLOCK_RECORD
  5
C0E
102
{ACAD_XDICTIONARY
360
C33
102
}
330
1
100
AcDbSymbolTableRecord
100
AcDbBlockTableRecord
  2
vt1
340
0
310
28000000300000003000000001002000000000000024000001000000010000000000000000000000302821FF302821FF302821FF302821FF302821FF302821FF302821FF302821FF302821FF302821FF302821FF302821FF302821FF302821FF302821FF302821FF302821FF302821FF302821FF302821FF302821FF302821
310
FF302821FF302821FF302821FF302821FF302821FF302821FF302821FF302821FF302821FF302821FF302821FF302821FF302821FF302821FF302821FF302821FF302821FF302821FF302821FF302821FF302821FF302821FF302821FF302821FF302821FF302821FF302821FF302821FF302821FF302821FF302821FF3028
310
21FF302821FF302821FF302821FF302821FF302821FF302821FF302821FF302821FF302821FF302821FF302821FF302821FF302821FF302821FF302821FF302821FF302821FF302821FF302821FF302821FF302821FF302821FF302821FF302821FF302821FF302821FF302821FF302821FF302821FF302821FF302821FF30
310
2821FF302821FF302821FF302821FF302821FF302821FF302821FF302821FF302821FF302821FF302821FF302821FF302821FF302821FF302821FF302821FF302821FF302821FF302821FF302821FF302821FF302821FF302821FF302821FF302821FF302821FF302821FF302821FF302821FF302821FF302821FF302821FF
310
302821FF302821FF302821FF302821FF302821FF302821FF302821FF302821FF302821FF302821FF302821FF302821FF302821FF302821FF302821FF302821FF302821FF302821FF302821FF302821FF302821FF302821FF302821FF302821FF302821FF302821FF302821FF302821FF302821FF302821FF302821FF302821
310
FF302821FF302821FF302821FF302821FF302821FF302821FF302821FF302821FF302821FF302821FF302821FF302821FF302821FF302821FF302821FF302821FF302821FF302821FF302821FF302821FF302821FF302821FF302821FF302821FF302821FF302821FF302821FF302821FF302821FF302821FF302821FF3028
310
21FF302821FF302821FF302821FF302821FF302821FF302821FF302821FF302821FF302821FF302821FF302821FF302821FF302821FF302821FF302821FF302821FF302821FF302821FF302821FF302821FF302821FF302821FF302821FF302821FF302821FF302821FF302821FF302821FF302821FF302821FF302821FF30
310
2821FF302821FF302821FF302821FF302821FF302821FF302821FF302821FF302821FF302821FF302821FF302821FF302821FF302821FF302821FF302821FF302821FF302821FF302821FF302821FF302821FF302821FF302821FF302821FF302821FF302821FF302821FF302821FF302821FF302821FF302821FF302821FF
310
302821FF302821FF302821FF302821FF302821FF302821FF302821FF302821FF302821FF302821FF302821FF302821FF302821FF302821FF302821FF302821FF302821FF302821FF302821FF302821FF302821FF302821FF302821FF302821FF302821FF302821FF302821FF302821FF302821FF302821FF302821FF302821
310
FF302821FF302821FF302821FF302821FF302821FF302821FF302821FF302821FF302821FF302821FF302821FF302821FF302821FF302821FF302821FF302821FF302821FF302821FF302821FF302821FF302821FF302821FF302821FF302821FF302821FF302821FF302821FF302821FF302821FF302821FF302821FF3028
310
21FF302821FF302821FF302821FF302821FF302821FF302821FF302821FF302821FF302821FF302821FF302821FF302821FF302821FF302821FF302821FF302821FF302821FF302821FF302821FF302821FF302821FF302821FF302821FF302821FF302821FF302821FF302821FF302821FF302821FF302821FF302821FF30
310
2821FF302821FF302821FF302821FF302821FF302821FF302821FF302821FF302821FF302821FF302821FF302821FF302821FF302821FF302821FF302821FF302821FF302821FF302821FF302821FF302821FF302821FF302821FF302821FF302821FF302821FF302821FF302821FF302821FF302821FF302821FF302821FF
310
302821FF302821FF302821FF302821FF302821FF302821FF302821FF302821FF302821FF302821FF302821FF302821FF302821FF302821FF302821FF302821FF302821FF302821FF302821FF302821FF302821FF302821FF302821FF302821FF302821FF302821FF302821FF302821FF302821FF302821FF302821FF302821
310
FF302821FF302821FF302821FF302821FF302821FF302821FF302821FF302821FF302821FF302821FF302821FF302821FF302821FF302821FF302821FF302821FF302821FF302821FF302821FF302821FF302821FF302821FF302821FF302821FF302821FF302821FF302821FF302821FF302821FF302821FF302821FF3028
310
21FF302821FF302821FF302821FF302821FF302821FF302821FF302821FF302821FF302821FF302821FF302821FF302821FF302821FF302821FF302821FF302821FF302821FF302821FF302821FF302821FF302821FF302821FF302821FF302821FF302821FF302821FF302821FF302821FF302821FF302821FF302821FF30
310
2821FF302821FF302821FF302821FF302821FF302821FF302821FF302821FF302821FF302821FF302821FF302821FF302821FF302821FF302821FF302821FF302821FF302821FF302821FF302821FF302821FF302821FF302821FF302821FF302821FF302821FF302821FF302821FF302821FF302821FF302821FF302821FF
310
302821FF302821FF302821FF302821FF302821FF302821FF302821FF302821FF302821FF302821FF302821FF302821FF302821FF302821FF302821FF302821FF302821FF302821FF302821FF302821FF302821FF302821FF302821FF302821FF302821FF302821FF302821FF302821FF302821FF302821FF302821FF302821
310
FF302821FF302821FF302821FF302821FF302821FF302821FF302821FF302821FF302821FF302821FF302821FF302821FF302821FF302821FF302821FF302821FF302821FF302821FF302821FF302821FF302821FF302821FF302821FF302821FF302821FF302821FF302821FF302821FF302821FF302821FF302821FF3028
310
21FF302821FF302821FF302821FF302821FF302821FF302821FF302821FF302821FF302821FF302821FF302821FF302821FF302821FF302821FF302821FF302821FF302821FF302821FF302821FF302821FF302821FF302821FF302821FF302821FF302821FF302821FF302821FF302821FF302821FF302821FF302821FF30
310
2821FF302821FF302821FF302821FF302821FF302821FF302821FF302821FF302821FF302821FF302821FF302821FF302821FF302821FF302821FF302821FF302821FF302821FF302821FF302821FF302821FF302821FF302821FF302821FF302821FF302821FF302821FF302821FF302821FF302821FF302821FF302821FF
310
302821FF302821FF302821FF302821FF302821FF302821FF302821FF302821FF302821FF302821FF302821FF302821FF302821FF302821FF302821FF302821FF302821FF302821FF302821FF302821FF302821FF302821FF302821FF302821FF302821FF302821FF302821FF302821FF302821FF302821FF302821FF302821
310
FF302821FF302821FF302821FF302821FF302821FF302821FF302821FF302821FF302821FF302821FF302821FF302821FF302821FF302821FF302821FF302821FF302821FF302821FF302821FF302821FF302821FF302821FF302821FF302821FF302821FF302821FF302821FF302821FF302821FF302821FF302821FF3028
310
21FF302821FF302821FF302821FF302821FF302821FF302821FF302821FF302821FF302821FF302821FF302821FF302821FF302821FF302821FF302821FF302821FF302821FF302821FF302821FF302821FF302821FF302821FF302821FF302821FF302821FF302821FF302821FF302821FF302821FF302821FF302821FF30
310
2821FF302821FF302821FF302821FF302821FF302821FF302821FF302821FF302821FF302821FF302821FF302821FF302821FF302821FF302821FF302821FF302821FF302821FF302821FF302821FF302821FF302821FF302821FF302821FF302821FF302821FF302821FF302821FF302821FF302821FF302821FF302821FF
310
302821FF302821FF302821FF302821FF302821FF302821FF302821FF302821FF302821FF302821FF302821FF302821FF302821FF302821FF302821FF302821FF302821FF302821FF302821FF302821FF302821FF302821FF302821FF302821FF302821FF302821FF302821FF302821FF302821FF302821FF302821FF302821
310
FF302821FF302821FF302821FF302821FF302821FF302821FF302821FF302821FF302821FF302821FF302821FF302821FF302821FF302821FF302821FF302821FF302821FF302821FF302821FF302821FF302821FF302821FF302821FF302821FF302821FF302821FF302821FF302821FF302821FF302821FF302821FF3028
310
21FF302821FF302821FF302821FFFFFFFFFF302821FF302821FF302821FF302821FFFFFFFFFFFFFFFFFF302821FF302821FF302821FFFFFFFFFF302821FF302821FF302821FF302821FFFFFFFFFF302821FF302821FF302821FF302821FFFFFFFFFF302821FF302821FF302821FF302821FFFFFFFFFF302821FF302821FF30
310
2821FF302821FFFFFFFFFF302821FF302821FF302821FF302821FFFFFFFFFF302821FF302821FF302821FF302821FFFFFFFFFF302821FF302821FF302821FF302821FF302821FF302821FF302821FFFFFFFFFF302821FF302821FF302821FF302821FFFFFFFFFFFFFFFFFF302821FF302821FF302821FFFFFFFFFFFFFFFFFF
310
302821FF302821FF302821FFFFFFFFFFFFFFFFFF302821FF302821FF302821FFFFFFFFFFFFFFFFFF302821FF302821FF302821FFFFFFFFFFFFFFFFFF302821FF302821FF302821FFFFFFFFFF302821FF302821FF302821FF302821FFFFFFFFFF302821FF302821FF302821FF302821FFFFFFFFFF302821FF302821FF302821
310
FF302821FF302821FF302821FF302821FFFFFFFFFFFFFFFFFF302821FF302821FF302821FFFFFFFFFFFFFFFFFF302821FF302821FF302821FFFFFFFFFFFFFFFFFF302821FF302821FF302821FFFFFFFFFF302821FF302821FF302821FF302821FFFFFFFFFF302821FF302821FF302821FF302821FFFFFFFFFF302821FF3028
310
21FF302821FF302821FFFFFFFFFF302821FF302821FF302821FF302821FFFFFFFFFF302821FF302821FF302821FF302821FFFFFFFFFF302821FF302821FF302821FF302821FF302821FF302821FF302821FF302821FFFFFFFFFFFFFFFFFF302821FFFFFFFFFFFFFFFFFFFFFFFFFFFFFFFFFF302821FFFFFFFFFFFFFFFFFFFF
310
FFFFFFFFFFFFFF302821FFFFFFFFFFFFFFFFFFFFFFFFFFFFFFFFFF302821FFFFFFFFFFFFFFFFFFFFFFFFFFFFFFFFFF302821FFFFFFFFFFFFFFFFFFFFFFFFFFFFFFFFFF302821FFFFFFFFFFFFFFFFFFFFFFFFFFFFFFFFFF302821FFFFFFFFFFFFFFFFFFFFFFFFFFFFFFFFFF302821FFFFFFFFFFFFFFFFFF302821FF302821FF
310
302821FF302821FF302821FF302821FF302821FF302821FF302821FFFFFFFFFFFFFFFFFFFFFFFFFF302821FF302821FFFFFFFFFFFFFFFFFFFFFFFFFF302821FF302821FFFFFFFFFFFFFFFFFFFFFFFFFF302821FF302821FFFFFFFFFFFFFFFFFFFFFFFFFF302821FF302821FFFFFFFFFFFFFFFFFFFFFFFFFF302821FF302821
310
FFFFFFFFFFFFFFFFFFFFFFFFFF302821FF302821FFFFFFFFFFFFFFFFFFFFFFFFFF302821FF302821FFFFFFFFFFFFFFFFFFFFFFFFFF302821FF302821FF302821FF302821FF302821FF302821FF302821FFFFFFFFFFFFFFFFFFFFFFFFFFFFFFFFFFFFFFFFFFFFFFFFFFFFFFFFFFFFFFFFFFFFFFFFFFFFFFFFFFFFFFFFFFFFFF
310
FFFFFFFFFFFFFFFFFFFFFFFFFFFFFFFFFFFFFFFFFFFFFFFFFFFFFFFFFFFFFFFFFFFFFFFFFFFFFFFFFFFFFFFFFFFFFFFFFFFFFFFFFFFFFFFFFFFFFFFFFFFFFFFFFFFFFFFFFFFFFFFFFFFFFFFFFFFFFFFFFFFFFFFFFFFFFFFFFFFFFFFFFFFFFFFFFFFFFFFFFFFFFFFFFFFFFFFFFFFFFFFFFFFFFFFFFFFFFFFFFFFFFFFFFFFFFF
310
FFFFFF302821FF302821FF302821FF302821FF302821FF302821FF302821FF302821FF302821FF302821FF302821FF302821FF302821FF302821FF302821FF302821FF302821FF302821FF302821FF302821FF302821FF302821FF302821FF302821FF302821FF302821FF302821FF302821FF302821FF302821FF302821FF
310
302821FF302821FF302821FF302821FF302821FF302821FF302821FF302821FF302821FF302821FF302821FF302821FF302821FF302821FF302821FF302821FF302821FF302821FF302821FF302821FF302821FFFFFFFFFFFFFFFFFFFFFFFFFFFFFFFFFFFFFFFFFFFFFFFFFFFFFFFFFFFFFFFFFFFFFFFFFFFFFFFFFFFFFFFF
310
FFFFFFFFFFFFFFFFFFFFFFFFFFFFFFFFFFFFFFFFFFFFFFFFFFFFFFFFFFFFFFFFFFFFFFFFFFFFFFFFFFFFFFFFFFFFFFFFFFFFFFFFFFFFFFFFFFFFFFFFFFFFFFFFFFFFFFFFFFFFFFFFFFFFFFFFFFFFFFFFFFFFFFFFFFFFFFFFFFFFFFFFFFFFFFFFFFFFFFFFFFFFFFFFFFFFFFFFFFFFFFFFFFFFFFFFFFFFFFFFFFFFFFFFFFFFFF
310
FFFFFFFFFFFF302821FF302821FF302821FF302821FF302821FF302821FF302821FF302821FF302821FF302821FF302821FF302821FF302821FF302821FF302821FF302821FF302821FF302821FF302821FF302821FF302821FF302821FF302821FF302821FF302821FF302821FF302821FF302821FF302821FF302821FF30
310
2821FF302821FF302821FF302821FF302821FF302821FF302821FF302821FF302821FF302821FF302821FF302821FF302821FF302821FF302821FF302821FF302821FF302821FF302821FF302821FF302821FF302821FF302821FF302821FF302821FF302821FF302821FF302821FF302821FF302821FF302821FF302821FF
310
302821FF302821FF302821FF302821FF302821FF302821FF302821FF302821FF302821FF302821FF302821FF302821FF302821FF302821FF302821FF302821FF302821FF302821FF302821FF302821FF302821FF302821FF302821FF302821FF302821FF302821FF302821FF302821FF302821FF302821FF302821FF302821
310
FF302821FF302821FF302821FF302821FF302821FF302821FF302821FF302821FFFFFFFFFFFFFFFFFFFFFFFFFFFFFFFFFFFFFFFFFFFFFFFFFF302821FF302821FF302821FF302821FF302821FF302821FF302821FF302821FF302821FF302821FFFFFFFFFFFFFFFFFF302821FFFFFFFFFFFFFFFFFFFFFFFFFF302821FF3028
310
21FF302821FF302821FF302821FF302821FF302821FF302821FF302821FFFFFFFFFFFFFFFFFF302821FFFFFFFFFFFFFFFFFF302821FF302821FF302821FF302821FF302821FF302821FF302821FF302821FF302821FF302821FF302821FFFFFFFFFFFFFFFFFF302821FFFFFFFFFFFFFFFFFF302821FFFFFFFFFFFFFFFFFF30
310
2821FF302821FF302821FF302821FF302821FF302821FF302821FF302821FFFFFFFFFFFFFFFFFF302821FFFFFFFFFFFFFFFFFF302821FFFFFFFFFF302821FF302821FF302821FF302821FF302821FF302821FF302821FF302821FFFFFFFFFFFFFFFFFFFFFFFFFFFFFFFFFF302821FF302821FFFFFFFFFF302821FF302821FF
310
302821FF302821FF302821FF302821FF302821FF302821FF302821FF302821FFFFFFFFFF302821FF302821FFFFFFFFFFFFFFFFFF302821FF302821FFFFFFFFFF302821FF302821FF302821FF302821FF302821FF302821FF302821FF302821FFFFFFFFFF302821FF302821FFFFFFFFFF302821FF302821FFFFFFFFFF302821
310
FF302821FF302821FF302821FF302821FF302821FF302821FF302821FFFFFFFFFF302821FF302821FFFFFFFFFF302821FF302821FFFFFFFFFF302821FF302821FF302821FF302821FF302821FF302821FF302821FF302821FF302821FF302821FFFFFFFFFF302821FF302821FF302821FFFFFFFFFF302821FFFFFFFFFF3028
310
21FF302821FF302821FF302821FF302821FF302821FF302821FF302821FF302821FFFFFFFFFF302821FF302821FFFFFFFFFF302821FF302821FFFFFFFFFF302821FF302821FF302821FF302821FF302821FF302821FF302821FF302821FFFFFFFFFF302821FF302821FFFFFFFFFF302821FF302821FFFFFFFFFF302821FF30
310
2821FF302821FF302821FF302821FF302821FF302821FF302821FF302821FF302821FF302821FF302821FF302821FF302821FF302821FF302821FF302821FF302821FF302821FF302821FF302821FF302821FF302821FF302821FF302821FF302821FF302821FF302821FF302821FF302821FF302821FF302821FF302821FF
310
302821FF302821FF302821FF302821FF302821FF302821FF302821FF302821FF302821FF302821FF302821FF302821FF302821FF302821FF302821FF302821FF302821FF302821FF302821FF302821FF302821FF302821FF302821FF302821FF302821FF302821FF302821FF302821FF302821FF302821FF302821FF302821
310
FF302821FF302821FF302821FF302821FF302821FF302821FF302821FF302821FF302821FF302821FF302821FF302821FF302821FF302821FF302821FF302821FF302821FF302821FF302821FF302821FF302821FF302821FF302821FF302821FF302821FF302821FF302821FF302821FF302821FF302821FF302821FF3028
310
21FF302821FF302821FF302821FF302821FF302821FF302821FF302821FF302821FF302821FF302821FF302821FF302821FF302821FF302821FF302821FF302821FF302821FF302821FF302821FF302821FF302821FF302821FF302821FF302821FF302821FF302821FF302821FF302821FF302821FF302821FF302821FF30
310
2821FF302821FF302821FF302821FF302821FF302821FF302821FF302821FF302821FF302821FF302821FF302821FF302821FF302821FF302821FF302821FF302821FF302821FF302821FF302821FF302821FF302821FF302821FF302821FF302821FF302821FF302821FF302821FF302821FF302821FF302821FF302821FF
310
302821FF302821FF302821FF302821FF302821FF302821FF302821FF302821FF302821FF302821FF302821FF302821FF302821FF302821FF302821FF302821FF302821FF302821FF302821FF302821FF302821FF302821FF302821FF302821FF302821FF302821FF302821FF302821FF302821FF302821FF302821FF302821
310
FF302821FF302821FF302821FF302821FF302821FF302821FF302821FF302821FF302821FF302821FF302821FF302821FF302821FF302821FF302821FF302821FF302821FF302821FF302821FF302821FF302821FF302821FF302821FF302821FF302821FF302821FF302821FF302821FF302821FF302821FF302821FF3028
310
21FF302821FF302821FF302821FF302821FF302821FF302821FF302821FF302821FF302821FF302821FF302821FF302821FF302821FF302821FF302821FF302821FF302821FF302821FF302821FF302821FF302821FF302821FF302821FF302821FF302821FF302821FF302821FF302821FF302821FF302821FF302821FF30
310
2821FF302821FF302821FF302821FF302821FF302821FF302821FF302821FF302821FF302821FF302821FF302821FF302821FF302821FF302821FF302821FF302821FF302821FF302821FF302821FF302821FF302821FF302821FF302821FF302821FF302821FF302821FF302821FF302821FF302821FF302821FF302821FF
310
302821FF302821FF302821FF302821FF302821FF302821FF302821FF302821FF302821FF302821FF302821FF302821FF302821FF302821FF302821FF302821FF302821FF302821FF302821FF302821FF302821FF302821FF302821FF302821FF302821FF302821FF302821FF302821FF302821FF302821FF302821FF302821
310
FF302821FF302821FF302821FF302821FF302821FF302821FF302821FF302821FF302821FF302821FF302821FF302821FF302821FF302821FF302821FF302821FF302821FF302821FF302821FF302821FF302821FF302821FF302821FF302821FF302821FF302821FF302821FF302821FF302821FF302821FF302821FF3028
310
21FF302821FF302821FF302821FF302821FF302821FF302821FF302821FF302821FF302821FF302821FF302821FF302821FF302821FF302821FF302821FF302821FF302821FF302821FF302821FF302821FF302821FF302821FF302821FF302821FF302821FF302821FF302821FF302821FF302821FF302821FF302821FF30
310
2821FF302821FF302821FF302821FF302821FF302821FF302821FF302821FF302821FF302821FF302821FF302821FF302821FF302821FF302821FF302821FF302821FF302821FF302821FF302821FF302821FF302821FF302821FF302821FF302821FF302821FF302821FF302821FF302821FF302821FF302821FF302821FF
310
302821FF302821FF302821FF302821FF302821FF302821FF302821FF302821FF302821FF302821FF302821FF302821FF302821FF302821FF302821FF302821FF302821FF302821FF302821FF302821FF302821FF302821FF302821FF302821FF302821FF302821FF302821FF302821FF302821FF302821FF302821FF302821
310
FF302821FF302821FF302821FF302821FF302821FF302821FF302821FF302821FF302821FF302821FF302821FF302821FF302821FF302821FF302821FF302821FF302821FF302821FF302821FF302821FF302821FF302821FF302821FF302821FF302821FF302821FF302821FF302821FF302821FF302821FF302821FF3028
310
21FF302821FF302821FF302821FF302821FF302821FF302821FF302821FF302821FF302821FF302821FF302821FF302821FF302821FF302821FF302821FF302821FF302821FF302821FF302821FF302821FF302821FF302821FF302821FF302821FF302821FF302821FF302821FF302821FF302821FF302821FF302821FF30
310
2821FF302821FF302821FF302821FF302821FF302821FF302821FF302821FF302821FF302821FF302821FF302821FF302821FF302821FF302821FF302821FF302821FF302821FF302821FF302821FF302821FF302821FF302821FF302821FF302821FF302821FF302821FF302821FF302821FF302821FF302821FF302821FF
310
302821FF302821FF302821FF302821FF302821FF302821FF302821FF302821FF302821FF302821FF302821FF302821FF302821FF302821FF302821FF302821FF302821FF302821FF302821FF302821FF302821FF302821FF302821FF302821FF302821FF302821FF302821FF302821FF302821FF302821FF302821FF302821
310
FF302821FF302821FF302821FF302821FF302821FF302821FF302821FF302821FF302821FF302821FF302821FF302821FF302821FF302821FF302821FF302821FF302821FF302821FF302821FF302821FF302821FF302821FF302821FF302821FF302821FF302821FF302821FF302821FF302821FF302821FF302821FF3028
310
21FF302821FF302821FF302821FF302821FF302821FF302821FF302821FF302821FF302821FF302821FF302821FF302821FF302821FF302821FF302821FF302821FF302821FF302821FF302821FF302821FF302821FF302821FF302821FF302821FF302821FF302821FF302821FF302821FF302821FF302821FF302821FF30
310
2821FF302821FF302821FF302821FF302821FF302821FF302821FF302821FF302821FF302821FF302821FF302821FF302821FF302821FF302821FF302821FF302821FF302821FF302821FF302821FF302821FF302821FF302821FF302821FF302821FF302821FF302821FF302821FF302821FF302821FF302821FF302821FF
310
302821FF302821FF302821FF302821FF302821FF302821FF302821FF302821FF302821FF302821FF302821FF302821FF302821FF302821FF302821FF302821FF302821FF302821FF302821FF302821FF302821FF302821FF302821FF302821FF302821FF302821FF302821FF302821FF302821FF302821FF302821FF302821
310
FF302821FF302821FF302821FF302821FF302821FF302821FF302821FF302821FF302821FF302821FF302821FF302821FF302821FF302821FF302821FF302821FF302821FF302821FF302821FF302821FF302821FF302821FF302821FF302821FF302821FF302821FF302821FF302821FF302821FF302821FF302821FF3028
310
21FF302821FF302821FF302821FF302821FF302821FF302821FF302821FF302821FF302821FF302821FF302821FF302821FF302821FF302821FF302821FF302821FF302821FF302821FF302821FF302821FF302821FF302821FF302821FF302821FF302821FF302821FF302821FF302821FF302821FF302821FF302821FF30
310
2821FF302821FF302821FF302821FF302821FF302821FF302821FF302821FF302821FF302821FF302821FF302821FF302821FF302821FF302821FF302821FF302821FF302821FF302821FF302821FF302821FF302821FF302821FF302821FF302821FF302821FF302821FF302821FF302821FF302821FF302821FF302821FF
310
302821FF302821FF302821FF302821FF302821FF302821FF302821FF302821FF302821FF302821FF302821FF302821FF302821FF302821FF302821FF302821FF302821FF302821FF302821FF302821FF302821FF302821FF302821FF302821FF302821FF302821FF302821FF302821FF
102
{BLKREFS
331
C3B
331
C43
102
}
 70
     4
280
     1
281
     0
1001
AcDbDynamicBlockTrueName2
1000
vt1
1001
AcDbDynamicBlockGUID
1000
{A6025593-81B4-2A4D-AB2F-7DAA025D6FC9}
  0
BLOCK_RECORD
  5
C1A
102
{ACAD_REACTORS
330
C2E
102
}
330
1
100
AcDbSymbolTableRecord
100
AcDbBlockTableRecord
  2
*U19
340
0
102
{BLKREFS
331
C28
331
C29
331
C22
331
C23
331
C24
331
C25
331
C26
331
C27
102
}
 70
     0
280
     1
281
     0
  0
BLOCK_RECORD
  5
C20
102
{ACAD_REACTORS
330
C2D
102
}
330
1
100
AcDbSymbolTableRecord
100
AcDbBlockTableRecord
  2
*U20
340
0
102
{BLKREFS
331
C11
102
}
 70
     0
280
     1
281
     1
  0
ENDTAB
  0
ENDSEC
  0
SECTION
  2
BLOCKS
  0
BLOCK
  5
20
330
1F
100
AcDbEntity
  8
0
100
AcDbBlockBegin
  2
*Model_Space
 70
     0
 10
0.0
 20
0.0
 30
0.0
  3
*Model_Space
  1

  0
ENDBLK
  5
21
330
1F
100
AcDbEntity
  8
0
100
AcDbBlockEnd
  0
BLOCK
  5
5A
330
58
100
AcDbEntity
 67
     1
  8
0
100
AcDbBlockBegin
  2
*Paper_Space
 70
     0
 10
0.0
 20
0.0
 30
0.0
  3
*Paper_Space
  1

  0
ENDBLK
  5
5B
330
58
100
AcDbEntity
 67
     1
  8
0
100
AcDbBlockEnd
  0
BLOCK
  5
3C6
330
3C5
100
AcDbEntity
  8
0
100
AcDbBlockBegin
  2
*U0
 70
     1
 10
0.0
 20
0.0
 30
0.0
  3
*U0
  1

  0
LWPOLYLINE
  5
3CC
330
3C5
100
AcDbEntity
  8
0
100
AcDbPolyline
 90
        6
 70
     0
 43
0.0
 10
0.2924776944617733
 20
-1.011135569041528
 10
0.2924776944617733
 20
-0.7630204718734106
 42
-1.539101446973175
 10
0.2695294190656128
 20
-0.0180560841482489
 10
0.2817127471111362
 20
-0.0230540889261306
 42
-1.514862551052001
 10
0.2695294190656838
 20
0.72690830357692
 10
0.2695294190656838
 20
1.011135569041528
  0
ENDBLK
  5
3C7
330
3C5
100
AcDbEntity
  8
0
100
AcDbBlockEnd
  0
BLOCK
  5
3C9
330
3C8
100
AcDbEntity
  8
0
100
AcDbBlockBegin
  2
*U1
 70
     1
 10
0.0
 20
0.0
 30
0.0
  3
*U1
  1

  0
INSERT
  5
3DB
330
3C8
100
AcDbEntity
  8
0
  6
ByBlock
347
97
 62
     0
440
 16777216
370
    -2
380
     1
100
AcDbBlockReference
  2
*U0
 10
0.0
 20
0.0
 30
0.0
  0
INSERT
  5
3DC
330
3C8
100
AcDbEntity
  8
0
  6
ByBlock
347
97
 62
     0
440
 16777216
370
    -2
380
     1
100
AcDbBlockReference
  2
*U0
 10
0.0000000000000002
 20
3.033406707124584
 30
0.0
  0
INSERT
  5
3DD
330
3C8
100
AcDbEntity
  8
0
  6
ByBlock
347
97
 62
     0
440
 16777216
370
    -2
380
     1
100
AcDbBlockReference
  2
*U0
 10
0.0000000000000004
 20
6.066813414249168
 30
0.0
  0
INSERT
  5
3DE
330
3C8
100
AcDbEntity
  8
0
  6
ByBlock
347
97
 62
     0
440
 16777216
370
    -2
380
     1
100
AcDbBlockReference
  2
*U0
 10
0.0000000000000006
 20
9.100220121373752
 30
0.0
  0
INSERT
  5
3DF
330
3C8
100
AcDbEntity
  8
0
  6
ByBlock
347
97
 62
     0
440
 16777216
370
    -2
380
     1
100
AcDbBlockReference
  2
*U0
 10
0.0000000000000007
 20
12.13362682849833
 30
0.0
  0
ENDBLK
  5
3CA
330
3C8
100
AcDbEntity
  8
0
100
AcDbBlockEnd
  0
BLOCK
  5
3F2
330
3F1
100
AcDbEntity
  8
0
100
AcDbBlockBegin
  2
*U2
 70
     1
 10
0.0
 20
0.0
 30
0.0
  3
*U2
  1

  0
LWPOLYLINE
  5
3F3
330
3F1
100
AcDbEntity
  8
0
100
AcDbPolyline
 90
        6
 70
     0
 43
0.0
 10
0.2924776944617733
 20
-1.011135569041528
 10
0.2924776944617733
 20
-0.7630204718734106
 42
-1.539101446973175
 10
0.2695294190656128
 20
-0.0180560841482489
 10
0.2817127471111362
 20
-0.0230540889261306
 42
-1.514862551052001
 10
0.2695294190656838
 20
0.72690830357692
 10
0.2695294190656838
 20
1.011135569041528
  0
ENDBLK
  5
3F4
330
3F1
100
AcDbEntity
  8
0
100
AcDbBlockEnd
  0
BLOCK
  5
3F8
330
3F7
100
AcDbEntity
  8
0
100
AcDbBlockBegin
  2
*U3
 70
     1
 10
0.0
 20
0.0
 30
0.0
  3
*U3
  1

  0
INSERT
  5
3F9
330
3F7
100
AcDbEntity
  8
0
  6
ByBlock
347
97
 62
     0
440
 16777216
370
    -2
380
     1
100
AcDbBlockReference
  2
*U2
 10
0.0
 20
0.0
 30
0.0
  0
INSERT
  5
3FA
330
3F7
100
AcDbEntity
  8
0
  6
ByBlock
347
97
 62
     0
440
 16777216
370
    -2
380
     1
100
AcDbBlockReference
  2
*U2
 10
0.0000000000000002
 20
3.033406707124584
 30
0.0
  0
INSERT
  5
3FB
330
3F7
100
AcDbEntity
  8
0
  6
ByBlock
347
97
 62
     0
440
 16777216
370
    -2
380
     1
100
AcDbBlockReference
  2
*U2
 10
0.0000000000000004
 20
6.066813414249168
 30
0.0
  0
INSERT
  5
3FC
330
3F7
100
AcDbEntity
  8
0
  6
ByBlock
347
97
 62
     0
440
 16777216
370
    -2
380
     1
100
AcDbBlockReference
  2
*U2
 10
0.0000000000000006
 20
9.100220121373752
 30
0.0
  0
INSERT
  5
3FD
330
3F7
100
AcDbEntity
  8
0
  6
ByBlock
347
97
 62
     0
440
 16777216
370
    -2
380
     1
100
AcDbBlockReference
  2
*U2
 10
0.0000000000000007
 20
12.13362682849833
 30
0.0
  0
ENDBLK
  5
3FE
330
3F7
100
AcDbEntity
  8
0
100
AcDbBlockEnd
  0
BLOCK
  5
40C
330
40B
100
AcDbEntity
  8
0
100
AcDbBlockBegin
  2
*U4
 70
     1
 10
0.0
 20
0.0
 30
0.0
  3
*U4
  1

  0
ARC
  5
412
330
40B
100
AcDbEntity
  8
0
100
AcDbCircle
 10
0.0684233461841473
 20
0.0
 30
0.0
 40
0.2694537199005615
100
AcDbArc
 50
60.51913562548913
 51
292.3229927990157
  0
ENDBLK
  5
40D
330
40B
100
AcDbEntity
  8
0
100
AcDbBlockEnd
  0
BLOCK
  5
40F
330
40E
100
AcDbEntity
  8
0
100
AcDbBlockBegin
  2
*U5
 70
     1
 10
0.0
 20
0.0
 30
0.0
  3
*U5
  1

  0
INSERT
  5
41D
330
40E
100
AcDbEntity
  8
0
  6
ByBlock
347
97
 62
     0
440
 16777216
370
    -2
380
     1
100
AcDbBlockReference
  2
*U4
 10
0.0
 20
0.0
 30
0.0
  0
INSERT
  5
41E
330
40E
100
AcDbEntity
  8
0
  6
ByBlock
347
97
 62
     0
440
 16777216
370
    -2
380
     1
100
AcDbBlockReference
  2
*U4
 10
0.0
 20
0.5
 30
0.0
  0
INSERT
  5
41F
330
40E
100
AcDbEntity
  8
0
  6
ByBlock
347
97
 62
     0
440
 16777216
370
    -2
380
     1
100
AcDbBlockReference
  2
*U4
 10
0.0000000000000001
 20
1.0
 30
0.0
  0
INSERT
  5
420
330
40E
100
AcDbEntity
  8
0
  6
ByBlock
347
97
 62
     0
440
 16777216
370
    -2
380
     1
100
AcDbBlockReference
  2
*U4
 10
0.0000000000000001
 20
1.5
 30
0.0
  0
ENDBLK
  5
410
330
40E
100
AcDbEntity
  8
0
100
AcDbBlockEnd
  0
BLOCK
  5
479
330
478
100
AcDbEntity
  8
0
100
AcDbBlockBegin
  2
*U6
 70
     1
 10
0.0
 20
0.0
 30
0.0
  3
*U6
  1

  0
ARC
  5
47F
330
478
100
AcDbEntity
  8
0
100
AcDbCircle
 10
0.0
 20
-0.1221196332230505
 30
0.0
 40
0.3257927861924589
100
AcDbArc
 50
345.5033567864731
 51
194.4966432135269
  0
ENDBLK
  5
47A
330
478
100
AcDbEntity
  8
0
100
AcDbBlockEnd
  0
BLOCK
  5
5A8
330
5A5
100
AcDbEntity
  8
0
100
AcDbBlockBegin
  2
Title Block
 70
     2
 10
0.0
 20
0.0
 30
0.0
  3
Title Block
  1

  4
Manufacturing title block and attributes
  0
LINE
  5
5A9
330
5A5
100
AcDbEntity
  8
Title Block
100
AcDbLine
 10
0.0
 20
0.0
 30
0.0
 11
21.0
 21
0.0
 31
0.0
  0
LINE
  5
5AA
330
5A5
100
AcDbEntity
  8
Title Block
100
AcDbLine
 10
21.0
 20
16.0
 30
0.0
 11
0.0
 21
16.0
 31
0.0
  0
LINE
  5
5AB
330
5A5
100
AcDbEntity
  8
Title Block
100
AcDbLine
 10
0.5
 20
0.75
 30
0.0
 11
20.5
 21
0.75
 31
0.0
  0
LINE
  5
5AC
330
5A5
100
AcDbEntity
  8
Title Block
100
AcDbLine
 10
20.5
 20
15.25
 30
0.0
 11
0.5
 21
15.25
 31
0.0
  0
SOLID
  5
5AD
330
5A5
100
AcDbEntity
  8
Title Block
100
AcDbTrace
 10
10.34999999999999
 20
0.6000000000000001
 30
0.0
 11
10.65
 21
0.6000000000000001
 31
0.0
 12
10.5
 22
0.75
 32
0.0
 13
10.5
 23
0.75
 33
0.0
  0
SOLID
  5
5AE
330
5A5
100
AcDbEntity
  8
Title Block
100
AcDbTrace
 10
10.34999999999999
 20
15.4
 30
0.0
 11
10.65
 21
15.4
 31
0.0
 12
10.5
 22
15.25
 32
0.0
 13
10.5
 23
15.25
 33
0.0
  0
LINE
  5
5AF
330
5A5
100
AcDbEntity
  8
Title Block
100
AcDbLine
 10
0.0
 20
16.0
 30
0.0
 11
0.0
 21
0.0
 31
0.0
  0
LINE
  5
5B0
330
5A5
100
AcDbEntity
  8
Title Block
100
AcDbLine
 10
0.5
 20
15.25
 30
0.0
 11
0.5
 21
0.75
 31
0.0
  0
SOLID
  5
5B1
330
5A5
100
AcDbEntity
  8
Title Block
100
AcDbTrace
 10
0.3499999999999943
 20
7.849999999999999
 30
0.0
 11
0.3499999999999943
 21
8.15
 31
0.0
 12
0.5
 22
8.0
 32
0.0
 13
0.5
 23
8.0
 33
0.0
  0
TEXT
  5
5B2
330
5A5
100
AcDbEntity
  8
Title Block
100
AcDbText
 10
0.1428571428571428
 20
2.0
 30
0.0
 40
0.25
  1
A
  7
Roman
 72
     1
 11
0.25
 21
2.125
 31
0.0
100
AcDbText
 73
     2
  0
TEXT
  5
5B3
330
5A5
100
AcDbEntity
  8
Title Block
100
AcDbText
 10
2.625
 20
0.375
 30
0.0
 40
0.25
  1
4
  7
Roman
 72
     1
 11
2.75
 21
0.5
 31
0.0
100
AcDbText
 73
     2
  0
TEXT
  5
5B4
330
5A5
100
AcDbEntity
  8
Title Block
100
AcDbText
 10
0.119047619047619
 20
6.0
 30
0.0
 40
0.25
  1
B
  7
Roman
 72
     1
 11
0.25
 21
6.125
 31
0.0
100
AcDbText
 73
     2
  0
LINE
  5
5B5
330
5A5
100
AcDbEntity
  8
Title Block
100
AcDbLine
 10
0.125
 20
4.0
 30
0.0
 11
0.5
 21
4.0
 31
0.0
  0
LINE
  5
5B6
330
5A5
100
AcDbEntity
  8
Title Block
100
AcDbLine
 10
5.249999999999996
 20
0.375
 30
0.0
 11
5.249999999999996
 21
0.75
 31
0.0
  0
TEXT
  5
5B7
330
5A5
100
AcDbEntity
  8
Title Block
100
AcDbText
 10
7.880952380952381
 20
0.375
 30
0.0
 40
0.25
  1
3
  7
Roman
 72
     1
 11
8.0
 21
0.5
 31
0.0
100
AcDbText
 73
     2
  0
LWPOLYLINE
  5
5B8
330
5A5
100
AcDbEntity
  8
Title Block
100
AcDbPolyline
 90
        2
 70
     0
 43
0.02
 10
10.5
 20
0.5
 10
10.5
 20
0.6000000000000001
  0
LINE
  5
5B9
330
5A5
100
AcDbEntity
  8
Title Block
100
AcDbLine
 10
0.125
 20
12.0
 30
0.0
 11
0.5
 21
12.0
 31
0.0
  0
TEXT
  5
5BA
330
5A5
100
AcDbEntity
  8
Title Block
100
AcDbText
 10
0.125
 20
9.75
 30
0.0
 40
0.25
  1
C
  7
Roman
 72
     1
 11
0.25
 21
9.875
 31
0.0
100
AcDbText
 73
     2
  0
LWPOLYLINE
  5
5BB
330
5A5
100
AcDbEntity
  8
Title Block
100
AcDbPolyline
 90
        2
 70
     0
 43
0.02
 10
0.25
 20
8.0
 10
0.3499999999999943
 20
8.0
  0
TEXT
  5
5BC
330
5A5
100
AcDbEntity
  8
Title Block
100
AcDbText
 10
0.1190476190476191
 20
13.75
 30
0.0
 40
0.25
  1
D
  7
Roman
 72
     1
 11
0.25
 21
13.875
 31
0.0
100
AcDbText
 73
     2
  0
TEXT
  5
5BD
330
5A5
100
AcDbEntity
  8
Title Block
100
AcDbText
 10
2.625
 20
15.375
 30
0.0
 40
0.25
  1
4
  7
Roman
 72
     1
 11
2.75
 21
15.5
 31
0.0
100
AcDbText
 73
     2
  0
LINE
  5
5BE
330
5A5
100
AcDbEntity
  8
Title Block
100
AcDbLine
 10
5.249999999999996
 20
15.25
 30
0.0
 11
5.249999999999996
 21
15.625
 31
0.0
  0
TEXT
  5
5BF
330
5A5
100
AcDbEntity
  8
Title Block
100
AcDbText
 10
7.880952380952381
 20
15.375
 30
0.0
 40
0.25
  1
3
  7
Roman
 72
     1
 11
8.0
 21
15.5
 31
0.0
100
AcDbText
 73
     2
  0
LWPOLYLINE
  5
5C0
330
5A5
100
AcDbEntity
  8
Title Block
100
AcDbPolyline
 90
        2
 70
     0
 43
0.02
 10
10.5
 20
15.5
 10
10.5
 20
15.4
  0
LINE
  5
5C1
330
5A5
100
AcDbEntity
  8
Title Block
100
AcDbLine
 10
21.0
 20
0.0
 30
0.0
 11
21.0
 21
16.0
 31
0.0
  0
LINE
  5
5C2
330
5A5
100
AcDbEntity
  8
Title Block
100
AcDbLine
 10
20.5
 20
0.75
 30
0.0
 11
20.5
 21
15.25
 31
0.0
  0
SOLID
  5
5C3
330
5A5
100
AcDbEntity
  8
Title Block
100
AcDbTrace
 10
20.65000000000001
 20
7.849999999999999
 30
0.0
 11
20.65000000000001
 21
8.15
 31
0.0
 12
20.5
 22
8.0
 32
0.0
 13
20.5
 23
8.0
 33
0.0
  0
TEXT
  5
5C4
330
5A5
100
AcDbEntity
  8
Title Block
100
AcDbText
 10
12.88095238095238
 20
0.375
 30
0.0
 40
0.25
  1
2
  7
Roman
 72
     1
 11
13.0
 21
0.5
 31
0.0
100
AcDbText
 73
     2
  0
LINE
  5
5C5
330
5A5
100
AcDbEntity
  8
Title Block
100
AcDbLine
 10
15.75
 20
0.375
 30
0.0
 11
15.75
 21
0.75
 31
0.0
  0
TEXT
  5
5C6
330
5A5
100
AcDbEntity
  8
Title Block
100
AcDbText
 10
18.14880952380952
 20
0.375
 30
0.0
 40
0.25
  1
1
  7
Roman
 72
     1
 11
18.25
 21
0.5
 31
0.0
100
AcDbText
 73
     2
  0
TEXT
  5
5C7
330
5A5
100
AcDbEntity
  8
Title Block
100
AcDbText
 10
20.64285714285714
 20
2.0
 30
0.0
 40
0.25
  1
A
  7
Roman
 72
     1
 11
20.75
 21
2.125
 31
0.0
100
AcDbText
 73
     2
  0
LINE
  5
5C8
330
5A5
100
AcDbEntity
  8
Title Block
100
AcDbLine
 10
20.5
 20
4.0
 30
0.0
 11
20.875
 21
4.0
 31
0.0
  0
TEXT
  5
5C9
330
5A5
100
AcDbEntity
  8
Title Block
100
AcDbText
 10
20.61904761904762
 20
6.0
 30
0.0
 40
0.25
  1
B
  7
Roman
 72
     1
 11
20.75
 21
6.125
 31
0.0
100
AcDbText
 73
     2
  0
TEXT
  5
5CA
330
5A5
100
AcDbEntity
  8
Title Block
100
AcDbText
 10
12.88095238095238
 20
15.375
 30
0.0
 40
0.25
  1
2
  7
Roman
 72
     1
 11
13.0
 21
15.5
 31
0.0
100
AcDbText
 73
     2
  0
LINE
  5
5CB
330
5A5
100
AcDbEntity
  8
Title Block
100
AcDbLine
 10
15.0
 20
15.25
 30
0.0
 11
15.0
 21
14.2027
 31
0.0
  0
LINE
  5
5CC
330
5A5
100
AcDbEntity
  8
Title Block
100
AcDbLine
 10
15.75
 20
15.25
 30
0.0
 11
15.75
 21
15.625
 31
0.0
  0
LWPOLYLINE
  5
5CD
330
5A5
100
AcDbEntity
  8
Title Block
100
AcDbPolyline
 90
        2
 70
     0
 43
0.02
 10
20.75
 20
8.0
 10
20.65000000000001
 20
8.0
  0
TEXT
  5
5CE
330
5A5
100
AcDbEntity
  8
Title Block
100
AcDbText
 10
20.625
 20
9.75
 30
0.0
 40
0.25
  1
C
  7
Roman
 72
     1
 11
20.75
 21
9.875
 31
0.0
100
AcDbText
 73
     2
  0
LINE
  5
5CF
330
5A5
100
AcDbEntity
  8
Title Block
100
AcDbLine
 10
20.5
 20
12.0
 30
0.0
 11
20.875
 21
12.0
 31
0.0
  0
TEXT
  5
5D0
330
5A5
100
AcDbEntity
  8
Title Block
100
AcDbText
 10
18.14880952380952
 20
15.375
 30
0.0
 40
0.25
  1
1
  7
Roman
 72
     1
 11
18.25
 21
15.5
 31
0.0
100
AcDbText
 73
     2
  0
TEXT
  5
5D1
330
5A5
100
AcDbEntity
  8
Title Block
100
AcDbText
 10
20.61904761904762
 20
13.75
 30
0.0
 40
0.25
  1
D
  7
Roman
 72
     1
 11
20.75
 21
13.875
 31
0.0
100
AcDbText
 73
     2
  0
ACAD_TABLE
  5
5D2
102
{ACAD_XDICTIONARY
360
C96
102
}
330
5A5
100
AcDbEntity
  8
Title Block
160
              5672
310
28160000A2000000880000001D000000000000000000F03F000000000000000000000000000000000000000000002E400000000000000000000000000000F03F00000000000000000000000000802E4000000000000000000000000000000000000000000000F03F0000000000000000000000000000000000000000000000
310
000000000000000000000000000000F03F0C00000016000000070000C30C00000017000000FDFFFFFF0C0000001200000000000000D0000000260000001A72EEB30B080440295C8FC2F528C4BF000000000000000000000000000000000000000000000000000000000000F03F000000000000F03F00000000000000000000
310
0000000000005200450056004900530049004F004E00530000000900000001000000A4703D0AD7A3B03F000000000000F03F0000000000000000000000000000F03F0000000000000000000000000000000000000000000000000000000001000000000000000000000072006F006D0061006E0073002E0073006800780000
310
000000000000000C00000016000000070000C30C00000017000000FDFFFFFF0C0000001200000000000000C800000026000000B81E85EB51B8BE3F698FC2F5285CD7BF000000000000000000000000000000000000000000000000000000000000F03F000000000000F03F000000000000000000000000000000005A004F00
310
4E004500000065000400000001000000A4703D0AD7A3B03F000000000000F03F0000000000000000000000000000F03F0000000000000000000000000000000000000000000000000000000001000000000000000000640072006F006D0061006E0073002E0073006800780000000000000000000C00000016000000070000
310
C30C00000017000000FDFFFFFF0C0000001200000000000000C40000002600000044B7A8BE1D0FE33F698FC2F5285CD7BF000000000000000000000000000000000000000000000000000000000000F03F000000000000F03F0000000000000000000000000000000052004500560000000300000001000000A4703D0AD7A3
310
B03F000000000000F03F0000000000000000000000000000F03F0000000000000000000000000000000000000000000000000000000001000000000000000000730072006F006D0061006E0073002E0073006800780000000000000000000C00000016000000070000C30C00000017000000FDFFFFFF0C0000001200000000
310
000000D4000000260000005C54DF8E8712FF3F698FC2F5285CD7BF000000000000000000000000000000000000000000000000000000000000F03F000000000000F03F000000000000000000000000000000004400450053004300520049005000540049004F004E0000000B00000001000000A4703D0AD7A3B03F00000000
310
0000F03F0000000000000000000000000000F03F0000000000000000000000000000000000000000000000000000000001000000000000000000000072006F006D0061006E0073002E0073006800780000000000000000000C00000016000000070000C30C00000017000000FDFFFFFF0C0000001200000000000000C80000
310
0026000000D8CB5606FF890F40698FC2F5285CD7BF000000000000000000000000000000000000000000000000000000000000F03F000000000000F03F000000000000000000000000000000004400410054004500000041000400000001000000A4703D0AD7A3B03F000000000000F03F0000000000000000000000000000
310
F03F0000000000000000000000000000000000000000000000000000000001000000000000000000000072006F006D0061006E0073002E0073006800780000000000000000000C00000016000000070000C30C00000017000000FDFFFFFF0C0000001200000000000000D0000000260000000D39F7D905041340698FC2F528
310
5CD7BF000000000000000000000000000000000000000000000000000000000000F03F000000000000F03F0000000000000000000000000000000041005000500052004F0056004500440000004F000800000001000000A4703D0AD7A3B03F000000000000F03F0000000000000000000000000000F03F0000000000000000
310
000000000000000000000000000000000000000001000000000000000000690072006F006D0061006E0073002E0073006800780000000000000000000C00000016000000070000C30C00000017000000FDFFFFFF0C000000120000000000000054000000200000000200000000000000000000000000000000000000000000
310
0000000000000000000000E03F0000000000000000000000000000000000000000000000000000000000000000000000000000F03F0C00000016000000070000C30C00000017000000FDFFFFFF0C0000001200000000000000540000002000000002000000000000000000E03F00000000000000000000000000000000005C
310
8FC2F528EC3F0000000000000000000000000000000000000000000000000000000000000000000000000000F03F0C00000016000000070000C30C00000017000000FDFFFFFF0C0000001200000000000000540000002000000002000000005C8FC2F528EC3F0000000000000000000000000000000000295C8FC2F50C4000
310
00000000000000000000000000000000000000000000000000000000000000000000000000F03F0C00000016000000070000C30C00000017000000FDFFFFFF0C000000120000000000000054000000200000000200000000295C8FC2F50C400000000000000000000000000000000000000000000012400000000000000000
310
000000000000000000000000000000000000000000000000000000000000F03F0C00000016000000070000C30C00000017000000FDFFFFFF0C00000012000000000000005400000020000000020000000000000000001240000000000000000000000000000000000000000000001640000000000000000000000000000000
310
0000000000000000000000000000000000000000000000F03F0C00000016000000070000C30C00000017000000FDFFFFFF0C00000012000000000000005400000020000000020000000000000000000000000000000000000000000000000000000000000000000000000000000000D0BF0000000000000000000000000000
310
00000000000000000000000000000000F03F0C00000016000000070000C30C00000017000000FDFFFFFF0C00000012000000000000005400000020000000020000000000000000001640000000000000000000000000000000000000000000001640000000000000D0BF000000000000000000000000000000000000000000
310
000000000000000000F03F0C00000016000000070000C30C00000017000000FDFFFFFF0C00000012000000000000005400000020000000020000000000000000000000000000000000D0BF0000000000000000000000000000E03F000000000000D0BF00000000000000000000000000000000000000000000000000000000
310
0000F03F0C00000016000000070000C30C00000017000000FDFFFFFF0C00000012000000000000005400000020000000020000000000000000000000000000000000D0BF00000000000000000000000000000000000000000000E0BF000000000000000000000000000000000000000000000000000000000000F03F0C0000
310
0016000000070000C30C00000017000000FDFFFFFF0C0000001200000000000000540000002000000002000000000000000000E03F000000000000D0BF0000000000000000005C8FC2F528EC3F000000000000D0BF000000000000000000000000000000000000000000000000000000000000F03F0C000000160000000700
310
00C30C00000017000000FDFFFFFF0C0000001200000000000000540000002000000002000000000000000000E03F000000000000D0BF0000000000000000000000000000E03F000000000000E0BF000000000000000000000000000000000000000000000000000000000000F03F0C00000016000000070000C30C00000017
310
000000FDFFFFFF0C0000001200000000000000540000002000000002000000005C8FC2F528EC3F000000000000D0BF000000000000000000295C8FC2F50C40000000000000D0BF000000000000000000000000000000000000000000000000000000000000F03F0C00000016000000070000C30C00000017000000FDFFFFFF
310
0C0000001200000000000000540000002000000002000000005C8FC2F528EC3F000000000000D0BF0000000000000000005C8FC2F528EC3F000000000000E0BF000000000000000000000000000000000000000000000000000000000000F03F0C00000016000000070000C30C00000017000000FDFFFFFF0C000000120000
310
000000000054000000200000000200000000295C8FC2F50C40000000000000D0BF00000000000000000000000000001240000000000000D0BF000000000000000000000000000000000000000000000000000000000000F03F0C00000016000000070000C30C00000017000000FDFFFFFF0C00000012000000000000005400
310
0000200000000200000000295C8FC2F50C40000000000000D0BF000000000000000000295C8FC2F50C40000000000000E0BF000000000000000000000000000000000000000000000000000000000000F03F0C00000016000000070000C30C00000017000000FDFFFFFF0C0000001200000000000000540000002000000002
310
0000000000000000001240000000000000D0BF00000000000000000000000000001640000000000000D0BF000000000000000000000000000000000000000000000000000000000000F03F0C00000016000000070000C30C00000017000000FDFFFFFF0C000000120000000000000054000000200000000200000000000000
310
00001240000000000000D0BF00000000000000000000000000001240000000000000E0BF000000000000000000000000000000000000000000000000000000000000F03F0C00000016000000070000C30C00000017000000FDFFFFFF0C00000012000000000000005400000020000000020000000000000000001640000000
310
000000D0BF00000000000000000000000000001640000000000000E0BF000000000000000000000000000000000000000000000000000000000000F03F0C00000016000000070000C30C00000017000000FDFFFFFF0C00000012000000000000005400000020000000020000000000000000000000000000000000E0BF0000
310
000000000000000000000000E03F000000000000E0BF000000000000000000000000000000000000000000000000000000000000F03F0C00000016000000070000C30C00000017000000FDFFFFFF0C00000012000000000000005400000020000000020000000000000000000000000000000000E8BF000000000000000000
310
0000000000E03F000000000000E8BF000000000000000000000000000000000000000000000000000000000000F03F0C00000016000000070000C30C00000017000000FDFFFFFF0C00000012000000000000005400000020000000020000000000000000000000000000000000E0BF00000000000000000000000000000000
310
000000000000E8BF000000000000000000000000000000000000000000000000000000000000F03F0C00000016000000070000C30C00000017000000FDFFFFFF0C0000001200000000000000540000002000000002000000000000000000E03F000000000000E0BF0000000000000000005C8FC2F528EC3F000000000000E0
310
BF000000000000000000000000000000000000000000000000000000000000F03F0C00000016000000070000C30C00000017000000FDFFFFFF0C0000001200000000000000540000002000000002000000000000000000E03F000000000000E8BF0000000000000000005C8FC2F528EC3F000000000000E8BF000000000000
310
000000000000000000000000000000000000000000000000F03F0C00000016000000070000C30C00000017000000FDFFFFFF0C0000001200000000000000540000002000000002000000000000000000E03F000000000000E0BF0000000000000000000000000000E03F000000000000E8BF00000000000000000000000000
310
0000000000000000000000000000000000F03F0C00000016000000070000C30C00000017000000FDFFFFFF0C0000001200000000000000540000002000000002000000005C8FC2F528EC3F000000000000E0BF000000000000000000295C8FC2F50C40000000000000E0BF0000000000000000000000000000000000000000
310
00000000000000000000F03F0C00000016000000070000C30C00000017000000FDFFFFFF0C0000001200000000000000540000002000000002000000005C8FC2F528EC3F000000000000E8BF000000000000000000295C8FC2F50C40000000000000E8BF000000000000000000000000000000000000000000000000000000
310
000000F03F0C00000016000000070000C30C00000017000000FDFFFFFF0C0000001200000000000000540000002000000002000000005C8FC2F528EC3F000000000000E0BF0000000000000000005C8FC2F528EC3F000000000000E8BF000000000000000000000000000000000000000000000000000000000000F03F0C00
310
000016000000070000C30C00000017000000FDFFFFFF0C000000120000000000000054000000200000000200000000295C8FC2F50C40000000000000E0BF00000000000000000000000000001240000000000000E0BF000000000000000000000000000000000000000000000000000000000000F03F0C0000001600000007
310
0000C30C00000017000000FDFFFFFF0C000000120000000000000054000000200000000200000000295C8FC2F50C40000000000000E8BF00000000000000000000000000001240000000000000E8BF000000000000000000000000000000000000000000000000000000000000F03F0C00000016000000070000C30C000000
310
17000000FDFFFFFF0C000000120000000000000054000000200000000200000000295C8FC2F50C40000000000000E0BF000000000000000000295C8FC2F50C40000000000000E8BF000000000000000000000000000000000000000000000000000000000000F03F0C00000016000000070000C30C00000017000000FDFFFF
310
FF0C00000012000000000000005400000020000000020000000000000000001240000000000000E0BF00000000000000000000000000001640000000000000E0BF000000000000000000000000000000000000000000000000000000000000F03F0C00000016000000070000C30C00000017000000FDFFFFFF0C0000001200
310
0000000000005400000020000000020000000000000000001240000000000000E8BF00000000000000000000000000001640000000000000E8BF000000000000000000000000000000000000000000000000000000000000F03F0C00000016000000070000C30C00000017000000FDFFFFFF0C000000120000000000000054
310
00000020000000020000000000000000001240000000000000E0BF00000000000000000000000000001240000000000000E8BF000000000000000000000000000000000000000000000000000000000000F03F0C00000016000000070000C30C00000017000000FDFFFFFF0C00000012000000000000005400000020000000
310
020000000000000000001640000000000000E0BF00000000000000000000000000001640000000000000E8BF000000000000000000000000000000000000000000000000000000000000F03F080000001F000000
100
AcDbBlockReference
  2
*T9
 10
15.0
 20
15.25
 30
0.0
100
AcDbTable
280
     0
342
683
343
64A
 11
1.0
 21
0.0
 31
0.0
 90
       20
 91
        3
 92
        5
 93
        0
 94
        0
 95
        0
 96
        0
141
0.25
141
0.25
141
0.25
142
0.5
142
0.3799999999999954
142
2.740000000000009
142
0.8799999999999954
142
1.0
171
     1
172
     0
173
     0
174
     0
175
     5
176
     1
 91
       48
178
     0
145
0.0
  7
Roman
140
0.065
 92
        0
301
CELL_VALUE
 93
        6
 90
      512
  1
REVISIONS
 94
        0
300

302
REVISIONS
304
ACVALUE_END
171
     1
172
     0
173
     1
174
     0
175
     1
176
     1
 91
        0
178
     0
145
0.0
 92
        0
301
CELL_VALUE
 93
        3
 90
        0
 94
        0
300

302

304
ACVALUE_END
171
     1
172
     0
173
     1
174
     0
175
     1
176
     1
 91
        0
178
     0
145
0.0
 92
        0
301
CELL_VALUE
 93
        3
 90
        0
 94
        0
300

302

304
ACVALUE_END
171
     1
172
     0
173
     1
174
     0
175
     1
176
     1
 91
        0
178
     0
145
0.0
 92
        0
301
CELL_VALUE
 93
        3
 90
        0
 94
        0
300

302

304
ACVALUE_END
171
     1
172
     0
173
     1
174
     0
175
     1
176
     1
 91
        0
178
     0
145
0.0
 92
        0
301
CELL_VALUE
 93
        3
 90
        0
 94
        0
300

302

304
ACVALUE_END
171
     1
172
     0
173
     0
174
     0
175
     1
176
     1
 91
       48
178
     0
145
0.0
  7
Roman
140
0.065
 92
        0
301
CELL_VALUE
 93
        6
 90
      512
  1
ZONE
 94
        0
300

302
ZONE
304
ACVALUE_END
171
     1
172
     0
173
     0
174
     0
175
     1
176
     1
 91
       48
178
     0
145
0.0
  7
Roman
140
0.065
 92
        0
301
CELL_VALUE
 93
        6
 90
      512
  1
REV
 94
        0
300

302
REV
304
ACVALUE_END
171
     1
172
     0
173
     0
174
     0
175
     1
176
     1
 91
       48
178
     0
145
0.0
  7
Roman
140
0.065
 92
        0
301
CELL_VALUE
 93
        6
 90
      512
  1
DESCRIPTION
 94
        0
300

302
DESCRIPTION
304
ACVALUE_END
171
     1
172
     0
173
     0
174
     0
175
     1
176
     1
 91
       48
178
     0
145
0.0
  7
Roman
140
0.065
 92
        0
301
CELL_VALUE
 93
        6
 90
      512
  1
DATE
 94
        0
300

302
DATE
304
ACVALUE_END
171
     1
172
     0
173
     0
174
     0
175
     1
176
     1
 91
       48
178
     0
145
0.0
  7
Roman
140
0.065
 92
        0
301
CELL_VALUE
 93
        6
 90
      512
  1
APPROVED
 94
        0
300

302
APPROVED
304
ACVALUE_END
171
     1
172
     0
173
     0
174
     0
175
     1
176
     1
 91
        0
178
     0
145
0.0
 92
        0
301
CELL_VALUE
 93
        6
 90
      512
  1

 94
        0
300

302

304
ACVALUE_END
171
     1
172
     0
173
     0
174
     0
175
     1
176
     1
 91
        0
178
     0
145
0.0
 92
        0
301
CELL_VALUE
 93
        6
 90
      512
  1

 94
        0
300

302

304
ACVALUE_END
171
     1
172
     0
173
     0
174
     0
175
     1
176
     1
 91
        0
178
     0
145
0.0
 92
        0
301
CELL_VALUE
 93
        6
 90
      512
  1

 94
        0
300

302

304
ACVALUE_END
171
     1
172
     0
173
     0
174
     0
175
     1
176
     1
 91
        0
178
     0
145
0.0
 92
        0
301
CELL_VALUE
 93
        6
 90
      512
  1

 94
        0
300

302

304
ACVALUE_END
171
     1
172
     0
173
     0
174
     0
175
     1
176
     1
 91
        0
178
     0
145
0.0
 92
        0
301
CELL_VALUE
 93
        6
 90
      512
  1

 94
        0
300

302

304
ACVALUE_END
  0
LWPOLYLINE
  5
5D3
330
5A5
100
AcDbEntity
  8
Title Block
100
AcDbPolyline
 90
        4
 70
     1
 43
0.0
 10
20.5
 20
3.250000000000138
 10
13.29999999999969
 20
3.250000000000138
 10
13.29999999999969
 20
0.7500000000000011
 10
20.5
 20
0.75
  0
TEXT
  5
5D4
330
5A5
100
AcDbEntity
  8
Title Block
370
    15
100
AcDbText
 10
20.03999999999997
 20
1.380000000000036
 30
0.0
 40
0.0800000000000044
  1
REV
  7
ACANSTS
100
AcDbText
1001
GENIUS_GENTRA_14
1002
{
1070
     1
1000
GENTRATX,%s,(GENMSG gentitus 68)
1000
REV
1000
ENU
1070
     0
1040
1.0
1070
     0
1002
}
  0
LINE
  5
5D5
330
5A5
100
AcDbEntity
  8
Title Block
370
    15
100
AcDbLine
 10
19.99999999999997
 20
1.500000000000041
 30
0.0
 11
19.99999999999997
 21
1.000000000000015
 31
0.0
  0
LINE
  5
5D6
330
5A5
100
AcDbEntity
  8
Title Block
370
    15
100
AcDbLine
 10
18.7499999999999
 20
0.75
 30
0.0
 11
18.7499999999999
 21
1.000000000000015
 31
0.0
  0
TEXT
  5
5D7
330
5A5
100
AcDbEntity
  8
Title Block
370
    15
100
AcDbText
 10
18.7899999999999
 20
0.8150000000000041
 30
0.0
 40
0.0800000000000044
  1
SHEET
  7
ACANSTS
 11
18.7899999999999
 21
0.8550000000000062
 31
0.0
100
AcDbText
 73
     2
1001
GENIUS_GENTRA_14
1002
{
1070
     1
1000
GENTRATX,%s,(GENMSG gentitus 69)
1000
SHEET
1000
ENU
1070
     0
1040
1.0
1070
     0
1002
}
  0
TEXT
  5
5D8
330
5A5
100
AcDbEntity
  8
Title Block
370
    15
100
AcDbText
 10
13.40089511951928
 20
3.105000000000128
 30
0.0
 40
0.0800000000000044
  1
FILE NAME
 41
0.9515624999999998
  7
ACANSTS
100
AcDbText
1001
GENIUS_GENTRA_14
1002
{
1070
     1
1000
GENTRATX{7.25},%s,(GENMSG gentitus 60)
1000
FILE NAME
1000
ENU
1070
     0
1040
1.0
1070
     0
1002
}
  0
TEXT
  5
5D9
330
5A5
100
AcDbEntity
  8
Title Block
370
    15
100
AcDbText
 10
13.33138700553078
 20
2.185000000000079
 30
0.0
 40
0.0800000000000044
  1
CHECK
 41
0.9428571428571428
  7
ACANSTS
 11
13.33138700553078
 21
2.225000000000081
 31
0.0
100
AcDbText
 73
     2
1001
GENIUS_GENTRA_14
1002
{
1070
     1
1000
GENTRATX{4.4},%s,(GENMSG gentitus 63)
1000
CHECK
1000
ENU
1070
     0
1040
1.0
1070
     0
1002
}
  0
TEXT
  5
5DA
330
5A5
100
AcDbEntity
  8
Title Block
370
    15
100
AcDbText
 10
13.33138700553078
 20
2.485000000000094
 30
0.0
 40
0.0800000000000044
  1
DRAWN
 41
0.9428571428571432
  7
ACANSTS
100
AcDbText
1001
GENIUS_GENTRA_14
1002
{
1070
     1
1000
GENTRATX{4.4},%s,(GENMSG gentitus 62)
1000
DRAWN
1000
ENU
1070
     0
1040
1.0
1070
     0
1002
}
  0
TEXT
  5
5DB
330
5A5
100
AcDbEntity
  8
Title Block
370
    15
100
AcDbText
 10
13.40089511951928
 20
2.785000000000112
 30
0.0
 40
0.0800000000000044
  1
CONTRACT NO
 41
0.9790277777777777
  7
ACANSTS
100
AcDbText
1001
GENIUS_GENTRA_14
1002
{
1070
     1
1000
GENTRATX{10.07},%s,(GENMSG gentitus 61)
1000
CONTRACT NO
1000
ENU
1070
     0
1040
1.0
1070
     0
1002
}
  0
LINE
  5
5DC
330
5A5
100
AcDbEntity
  8
Title Block
370
    15
100
AcDbLine
 10
15.49999999999972
 20
2.700000000000108
 30
0.0
 11
13.29999999999969
 21
2.700000000000108
 31
0.0
  0
LINE
  5
5DD
330
5A5
100
AcDbEntity
  8
Title Block
370
    15
100
AcDbLine
 10
15.49999999999972
 20
2.400000000000091
 30
0.0
 11
13.29999999999969
 21
2.400000000000091
 31
0.0
  0
LINE
  5
5DE
330
5A5
100
AcDbEntity
  8
Title Block
370
    15
100
AcDbLine
 10
15.49999999999972
 20
2.100000000000075
 30
0.0
 11
13.29999999999969
 21
2.100000000000075
 31
0.0
  0
LINE
  5
5DF
330
5A5
100
AcDbEntity
  8
Title Block
370
    15
100
AcDbLine
 10
13.29999999999969
 20
3.070000000000128
 30
0.0
 11
15.49999999999972
 21
3.070000000000128
 31
0.0
  0
TEXT
  5
5E0
330
5A5
100
AcDbEntity
  8
Title Block
370
    15
100
AcDbText
 10
15.53999999999973
 20
1.380000000000036
 30
0.0
 40
0.0800000000000044
  1
SIZE
  7
ACANSTS
100
AcDbText
1001
GENIUS_GENTRA_14
1002
{
1070
     1
1000
GENTRATX{3.65},%s,(GENMSG gentitus 92)
1000
SIZE
1000
ENU
1070
     0
1040
1.0
1070
     0
1002
}
  0
TEXT
  5
5E1
330
5A5
100
AcDbEntity
  8
Title Block
370
    15
100
AcDbText
 10
15.91999999999974
 20
1.380000000000036
 30
0.0
 40
0.0800000000000044
  1
FSCM NO
  7
ACANSTS
100
AcDbText
1001
GENIUS_GENTRA_14
1002
{
1070
     1
1000
GENTRATX,%s,(GENMSG gentitus 66)
1000
FSCM NO
1000
ENU
1070
     0
1040
1.0
1070
     0
1002
}
  0
TEXT
  5
5E2
330
5A5
100
AcDbEntity
  8
Title Block
370
    15
100
AcDbText
 10
15.53999999999973
 20
0.8150000000000041
 30
0.0
 40
0.0800000000000044
  1
SCALE
  7
ACANSTS
 11
15.53999999999973
 21
0.8550000000000062
 31
0.0
100
AcDbText
 73
     2
1001
GENIUS_GENTRA_14
1002
{
1070
     1
1000
GENTRATX,%s,(GENMSG gentitus 93)
1000
SCALE
1000
ENU
1070
     0
1040
1.0
1070
     0
1002
}
  0
LINE
  5
5E3
330
5A5
100
AcDbEntity
  8
Title Block
370
    15
100
AcDbLine
 10
16.99999999999981
 20
1.500000000000041
 30
0.0
 11
16.99999999999981
 21
0.75
 31
0.0
  0
LINE
  5
5E4
330
5A5
100
AcDbEntity
  8
Title Block
370
    15
100
AcDbLine
 10
15.87999999999975
 20
1.500000000000041
 30
0.0
 11
15.87999999999975
 21
1.000000000000015
 31
0.0
  0
TEXT
  5
5E5
330
5A5
100
AcDbEntity
  8
Title Block
370
    15
100
AcDbText
 10
13.33138700553078
 20
1.585000000000047
 30
0.0
 40
0.0800000000000044
  1
ISSUED
 41
0.9093203883495149
  7
ACANSTS
 11
13.33138700553078
 21
1.625000000000049
 31
0.0
100
AcDbText
 73
     2
1001
GENIUS_GENTRA_14
1002
{
1070
     1
1000
GENTRATX{4.46},%s,(GENMSG gentitus 65)
1000
ISSUED
1000
ENU
1070
     0
1040
1.0
1070
     0
1002
}
  0
TEXT
  5
5E6
330
5A5
100
AcDbEntity
  8
Title Block
370
    15
100
AcDbText
 10
13.33138700553078
 20
1.885000000000063
 30
0.0
 40
0.0800000000000044
  1
APPR.
  7
ACANSTS
 11
13.33138700553078
 21
1.925000000000066
 31
0.0
100
AcDbText
 73
     2
1001
GENIUS_GENTRA_14
1002
{
1070
     1
1000
GENTRATX{4.39},%s,(GENMSG gentitus 64)
1000
APPR.
1000
ENU
1070
     0
1040
1.0
1070
     0
1002
}
  0
LINE
  5
5E7
330
5A5
100
AcDbEntity
  8
Title Block
370
    15
100
AcDbLine
 10
15.49999999999972
 20
1.800000000000058
 30
0.0
 11
13.29999999999969
 21
1.800000000000058
 31
0.0
  0
LINE
  5
5E8
330
5A5
100
AcDbEntity
  8
Title Block
370
    15
100
AcDbLine
 10
15.49999999999972
 20
1.125000000000021
 30
0.0
 11
13.29999999999969
 21
1.125000000000021
 31
0.0
  0
LINE
  5
5E9
330
5A5
100
AcDbEntity
  8
Title Block
370
    15
100
AcDbLine
 10
15.49999999999972
 20
1.500000000000041
 30
0.0
 11
13.29999999999969
 21
1.500000000000041
 31
0.0
  0
LINE
  5
5EA
330
5A5
100
AcDbEntity
  8
Title Block
100
AcDbLine
 10
15.49999999999972
 20
0.7500000000000011
 30
0.0
 11
15.49999999999972
 21
3.250000000000138
 31
0.0
  0
LINE
  5
5EB
330
5A5
100
AcDbEntity
  8
Title Block
370
    15
100
AcDbLine
 10
20.5
 20
1.000000000000015
 30
0.0
 11
15.49999999999972
 21
1.000000000000015
 31
0.0
  0
LINE
  5
5EC
330
5A5
100
AcDbEntity
  8
Title Block
370
    15
100
AcDbLine
 10
20.5
 20
1.500000000000041
 30
0.0
 11
15.49999999999972
 21
1.500000000000041
 31
0.0
  0
TEXT
  5
5ED
330
5A5
100
AcDbEntity
  8
Title Block
370
    15
100
AcDbText
 10
17.0254326721479
 20
0.817142326813175
 30
0.0
 40
0.0800000000000044
  1
WEIGHT
  7
ACANSTS
100
AcDbText
1001
GENIUS_GENTRA_14
1002
{
1070
     1
1000
GENTRATX,%s,(GENMSG gentitus 70)
1000
WEIGHT
1000
ENU
1070
     0
1040
1.0
1070
     0
1002
}
  0
TEXT
  5
5EE
330
5A5
100
AcDbEntity
  8
Title Block
370
    15
100
AcDbText
 10
17.03999999999981
 20
1.380000000000036
 30
0.0
 40
0.0800000000000044
  1
DWG NO
  7
ACANSTS
100
AcDbText
1001
GENIUS_GENTRA_14
1002
{
1070
     1
1000
GENTRATX,%s,(GENMSG gentitus 67)
1000
DWG NO
1000
ENU
1070
     0
1040
1.0
1070
     0
1002
}
  0
LINE
  5
5EF
330
5A5
100
AcDbEntity
  8
Title Block
370
    15
100
AcDbLine
 10
20.5
 20
2.620000000000104
 30
0.0
 11
15.49999999999972
 21
2.620000000000104
 31
0.0
  0
ATTDEF
  5
5F0
102
{ACAD_XDICTIONARY
360
5F1
102
}
330
5A5
100
AcDbEntity
  8
Title Block
100
AcDbText
 10
19.28643277253665
 20
0.8114185277997211
 30
0.0
 40
0.12
  1
####
  7
Roman
 11
19.28643277253665
 21
0.9314185277997211
 31
0.0
100
AcDbAttributeDefinition
280
     0
  3
Enter the sheet number
  2
SHEETNUMBER
 70
     8
 74
     3
280
     0
  0
ATTDEF
  5
5F5
102
{ACAD_XDICTIONARY
360
5F6
102
}
330
5A5
100
AcDbEntity
  8
Title Block
100
AcDbText
 10
16.03643277253647
 20
0.8114185277997211
 30
0.0
 40
0.12
  1
1:1
  7
Roman
 11
16.03643277253647
 21
0.9314185277997211
 31
0.0
100
AcDbAttributeDefinition
280
     0
  3
Enter the scale
  2
SCALE
 70
     8
 74
     3
280
     0
  0
ATTDEF
  5
5FA
102
{ACAD_XDICTIONARY
360
5FB
102
}
330
5A5
100
AcDbEntity
  8
Title Block
100
AcDbText
 10
17.13786990474976
 20
1.075510333737952
 30
0.0
 40
0.25
  1
#### - ####
  7
Roman
 11
17.13786990474976
 21
1.325510333737952
 31
0.0
100
AcDbAttributeDefinition
280
     0
  3
Enter the sheet number - name
  2
SHEET
 70
     8
 74
     3
280
     0
  0
ATTDEF
  5
600
102
{ACAD_XDICTIONARY
360
601
102
}
330
5A5
100
AcDbEntity
  8
Title Block
100
AcDbText
 10
15.71642062999979
 20
2.280092843440527
 30
0.0
 40
0.25
  1
####
  7
Roman
 11
15.71642062999979
 21
2.530092843440527
 31
0.0
100
AcDbAttributeDefinition
280
     0
  3
Enter the sheet name
  2
SHEETNAME
 70
     8
 74
     3
280
     0
  0
ATTDEF
  5
605
102
{ACAD_XDICTIONARY
360
606
102
}
330
5A5
100
AcDbEntity
  8
Title Block
370
    15
100
AcDbText
 10
14.10850227107692
 20
3.101429611351274
 30
0.0
 40
0.1200000000000065
  1
substation_132_33kv_sld.dwg
  7
ACANSTS
100
AcDbAttributeDefinition
280
     0
  3
Check Date
  2
CHECK_DATE
 70
     0
280
     0
1001
GENIUS_GENTRA_14
1002
{
1070
     3
1000
GENTRAPR,%s,(GENMSG gentitus 80)
1000
Check Date
1000
ENU
1070
     0
1070
     0
1002
}
  0
ATTDEF
  5
60A
102
{ACAD_XDICTIONARY
360
60B
102
}
330
5A5
100
AcDbEntity
  8
Title Block
370
    15
100
AcDbText
 10
13.77757522898472
 20
2.484031454504407
 30
0.0
 40
0.1200000000000065
  1
9/11/2026
  7
ACANSTS
100
AcDbAttributeDefinition
280
     0
  3
Check Date
  2
CHECK_DATE
 70
     0
280
     0
1001
GENIUS_GENTRA_14
1002
{
1070
     3
1000
GENTRAPR,%s,(GENMSG gentitus 80)
1000
Check Date
1000
ENU
1070
     0
1070
     0
1002
}
  0
ATTDEF
  5
60F
330
5A5
100
AcDbEntity
  8
Title Block
370
    30
100
AcDbText
 10
15.69873704546821
 20
1.783851981441005
 30
0.0
 40
0.1800000000000098
  1

  7
ACANSTS
100
AcDbAttributeDefinition
280
     0
  3
Drawing Subtitle
  2
DRAWING_SUBTITLE
 70
     0
280
     0
1001
GENIUS_GENTRA_14
1002
{
1070
     3
1000
GENTRAPR,%s,(GENMSG gentitus 89)
1000
Drawing Subtitle
1000
ENU
1070
     0
1070
     0
1002
}
  0
ATTDEF
  5
610
330
5A5
100
AcDbEntity
  8
Title Block
370
    30
100
AcDbText
 10
15.67542063808616
 20
2.705000000000108
 30
0.0
 40
0.1800000000000098
  1

  7
ACANSTS
100
AcDbAttributeDefinition
280
     0
  3
Design Activity
  2
DESIGN_ACTIVITY
 70
     0
280
     0
1001
GENIUS_GENTRA_14
1002
{
1070
     3
1000
GENTRAPR,%s,(GENMSG gentitus 91)
1000
Design Activity
1000
ENU
1070
     0
1070
     0
1002
}
  0
ATTDEF
  5
611
330
5A5
100
AcDbEntity
  8
Title Block
370
    15
100
AcDbText
 10
15.95989511951933
 20
1.12000000000002
 30
0.0
 40
0.1200000000000065
  1
-
  7
ACANSTS
100
AcDbAttributeDefinition
280
     0
  3
FSCM Number
  2
FSCM
 70
     0
280
     0
1001
GENIUS_GENTRA_14
1002
{
1070
     3
1000
GENTRAPR,%s,(GENMSG gentitus 87)
1000
FSCM Number
1000
ENU
1070
     0
1070
     0
1002
}
  0
ATTDEF
  5
612
330
5A5
100
AcDbEntity
  8
Title Block
370
    15
100
AcDbText
 10
14.63999999999973
 20
1.885000000000063
 30
0.0
 40
0.1200000000000065
  1

  7
ACANSTS
100
AcDbAttributeDefinition
280
     0
  3
Approved by
  2
APPROVED_BY
 70
     0
280
     0
1001
GENIUS_GENTRA_14
1002
{
1070
     3
1000
GENTRAPR,%s,(GENMSG gentitus 73)
1000
Approved by
1000
ENU
1070
     0
1070
     0
1002
}
  0
ATTDEF
  5
613
330
5A5
100
AcDbEntity
  8
Title Block
370
    15
100
AcDbText
 10
13.77757522898472
 20
1.882512481271468
 30
0.0
 40
0.1200000000000065
  1

  7
ACANSTS
100
AcDbAttributeDefinition
280
     0
  3
Approval Date
  2
APPROVAL_DATE
 70
     0
280
     0
1001
GENIUS_GENTRA_14
1002
{
1070
     3
1000
GENTRAPR,%s,(GENMSG gentitus 79)
1000
Approval Date
1000
ENU
1070
     0
1070
     0
1002
}
  0
ATTDEF
  5
614
330
5A5
100
AcDbEntity
  8
Title Block
370
    15
100
AcDbText
 10
14.63999999999972
 20
1.585000000000046
 30
0.0
 40
0.1200000000000065
  1

  7
ACANSTS
100
AcDbAttributeDefinition
280
     0
  3
Issued by
  2
ISSUED_BY
 70
     0
280
     0
1001
GENIUS_GENTRA_14
1002
{
1070
     3
1000
GENTRAPR,%s,(GENMSG gentitus 72)
1000
Issued by
1000
ENU
1070
     0
1070
     0
1002
}
  0
ATTDEF
  5
615
330
5A5
100
AcDbEntity
  8
Title Block
370
    15
100
AcDbText
 10
13.78428596120989
 20
1.587693911516152
 30
0.0
 40
0.1200000000000065
  1

  7
ACANSTS
100
AcDbAttributeDefinition
280
     0
  3
Issue Date
  2
ISSUE_DATE
 70
     0
280
     0
1001
GENIUS_GENTRA_14
1002
{
1070
     3
1000
GENTRAPR,%s,(GENMSG gentitus 71)
1000
Issue Date
1000
ENU
1070
     0
1070
     0
1002
}
  0
ATTDEF
  5
616
330
5A5
100
AcDbEntity
  8
Title Block
370
    15
100
AcDbText
 10
15.69584142857993
 20
1.104638983028039
 30
0.0
 40
0.1200000000000065
  1

  7
ACANSTS
 72
     1
 11
15.69584142857993
 21
1.104638983028039
 31
0.0
100
AcDbAttributeDefinition
280
     0
  3
Size
  2
SIZE
 70
     0
280
     0
1001
GENIUS_GENTRA_14
1002
{
1070
     3
1000
GENTRAPR,%s,(GENMSG gentitus 90)
1000
Size
1000
ENU
1070
     0
1070
     0
1002
}
  0
ATTDEF
  5
617
330
5A5
100
AcDbEntity
  8
Title Block
370
    15
100
AcDbText
 10
14.63999999999973
 20
2.185000000000079
 30
0.0
 40
0.1200000000000065
  1

  7
ACANSTS
100
AcDbAttributeDefinition
280
     0
  3
Checked by
  2
CHECKED_BY
 70
     0
280
     0
1001
GENIUS_GENTRA_14
1002
{
1070
     3
1000
GENTRAPR,%s,(GENMSG gentitus 74)
1000
Checked by
1000
ENU
1070
     0
1070
     0
1002
}
  0
ATTDEF
  5
618
102
{ACAD_XDICTIONARY
360
619
102
}
330
5A5
100
AcDbEntity
  8
Title Block
370
    15
100
AcDbText
 10
14.36812313190546
 20
2.787069428194925
 30
0.0
 40
0.1200000000000065
  1
####
  7
ACANSTS
100
AcDbAttributeDefinition
280
     0
  3
Contract Number
  2
CONTRACT_NUMBER
 70
     0
280
     0
1001
GENIUS_GENTRA_14
1002
{
1070
     3
1000
GENTRAPR,%s,(GENMSG gentitus 86)
1000
Contract Number
1000
ENU
1070
     0
1070
     0
1002
}
  0
ATTDEF
  5
61D
330
5A5
100
AcDbEntity
  8
Title Block
370
    15
100
AcDbText
 10
13.77757522898472
 20
2.18403145450439
 30
0.0
 40
0.1200000000000065
  1

  7
ACANSTS
100
AcDbAttributeDefinition
280
     0
  3
Check Date
  2
CHECK_DATE
 70
     0
280
     0
1001
GENIUS_GENTRA_14
1002
{
1070
     3
1000
GENTRAPR,%s,(GENMSG gentitus 80)
1000
Check Date
1000
ENU
1070
     0
1070
     0
1002
}
  0
ATTDEF
  5
61E
330
5A5
100
AcDbEntity
  8
Title Block
370
    15
100
AcDbText
 10
20.25509286869969
 20
1.099600870592367
 30
0.0
 40
0.1200000000000065
  1

  7
ACANSTS
 72
     1
 11
20.25509286869969
 21
1.099600870592367
 31
0.0
100
AcDbAttributeDefinition
280
     0
  3
Revision
  2
REVISION
 70
     0
280
     0
1001
GENIUS_GENTRA_14
1002
{
1070
     3
1000
GENTRAPR,%s,(GENMSG gentitus 81)
1000
Revision
1000
ENU
1070
     0
1070
     0
1002
}
  0
ATTDEF
  5
61F
330
5A5
100
AcDbEntity
  8
Title Block
370
    15
100
AcDbText
 10
17.74599515706844
 20
0.8150000000000039
 30
0.0
 40
0.1200000000000065
  1

  7
ACANSTS
100
AcDbAttributeDefinition
280
     0
  3
Weight
  2
WEIGHT
 70
     0
280
     0
1001
GENIUS_GENTRA_14
1002
{
1070
     3
1000
GENTRAPR,%s,(GENMSG gentitus 77)
1000
Weight
1000
ENU
1070
     0
1070
     0
1002
}
  0
ATTDEF
  5
620
102
{ACAD_XDICTIONARY
360
621
102
}
330
5A5
100
AcDbEntity
  8
Title Block
 62
     0
100
AcDbText
 10
-0.05
 20
6.0
 30
0.0
 40
0.15
  1
C:\Users\Tomas\Documents\LAB3\CLAUDIO_AI\dxf\dwg_externos\substation_132_33kv_sld.dwg
 50
90.0
  7
Roman
100
AcDbAttributeDefinition
280
     0
  3
File name:
  2
FNAME
 70
     8
280
     0
  0
ATTDEF
  5
625
102
{ACAD_XDICTIONARY
360
626
102
}
330
5A5
100
AcDbEntity
  8
Title Block
 62
     0
100
AcDbText
 10
-0.05
 20
3.0
 30
0.0
 40
0.15
  1
11.09.2026
 50
90.0
  7
Roman
100
AcDbAttributeDefinition
280
     0
  3
Revision date:
  2
REVDATE
 70
     8
280
     0
  0
ATTDEF
  5
62A
102
{ACAD_XDICTIONARY
360
62B
102
}
330
5A5
100
AcDbEntity
  8
Title Block
 62
     0
100
AcDbText
 10
-0.05
 20
0.0
 30
0.0
 40
0.15
  1
rohit
 50
90.0
  7
Roman
100
AcDbAttributeDefinition
280
     0
  3
Author:
  2
USER
 70
     8
280
     0
  0
ENDBLK
  5
62F
330
5A5
100
AcDbEntity
  8
0
100
AcDbBlockEnd
  0
BLOCK
  5
64B
330
64A
100
AcDbEntity
  8
0
100
AcDbBlockBegin
  2
*T9
 70
     1
 10
0.0
 20
0.0
 30
0.0
  3
*T9
  1

  0
MTEXT
  5
64C
330
64A
100
AcDbEntity
  8
Title Block
 62
     0
100
AcDbMText
 10
2.75
 20
-0.125
 30
0.0
 40
0.065
 41
5.4
 46
0.0
 71
     5
 72
     5
  1
REVISIONS
  7
Roman
 73
     1
 44
1.0
  0
MTEXT
  5
64D
330
64A
100
AcDbEntity
  8
Title Block
 62
     0
100
AcDbMText
 10
0.25
 20
-0.3000000000000007
 30
0.0
 40
0.065
 41
0.4
 46
0.0
 71
     2
 72
     5
  1
ZONE
  7
Roman
 73
     1
 44
1.0
  0
MTEXT
  5
64E
330
64A
100
AcDbEntity
  8
Title Block
 62
     0
100
AcDbMText
 10
0.6899999999999978
 20
-0.3000000000000007
 30
0.0
 40
0.065
 41
0.2799999999999954
 46
0.0
 71
     2
 72
     5
  1
REV
  7
Roman
 73
     1
 44
1.0
  0
MTEXT
  5
64F
330
64A
100
AcDbEntity
  8
Title Block
 62
     0
100
AcDbMText
 10
2.25
 20
-0.3000000000000007
 30
0.0
 40
0.065
 41
2.640000000000009
 46
0.0
 71
     2
 72
     5
  1
DESCRIPTION
  7
Roman
 73
     1
 44
1.0
  0
MTEXT
  5
650
330
64A
100
AcDbEntity
  8
Title Block
 62
     0
100
AcDbMText
 10
4.060000000000002
 20
-0.3000000000000007
 30
0.0
 40
0.065
 41
0.7799999999999955
 46
0.0
 71
     2
 72
     5
  1
DATE
  7
Roman
 73
     1
 44
1.0
  0
MTEXT
  5
651
330
64A
100
AcDbEntity
  8
Title Block
 62
     0
100
AcDbMText
 10
5.0
 20
-0.3000000000000007
 30
0.0
 40
0.065
 41
0.9
 46
0.0
 71
     2
 72
     5
  1
APPROVED
  7
Roman
 73
     1
 44
1.0
  0
LINE
  5
652
330
64A
100
AcDbEntity
  8
Title Block
 62
     0
370
    -2
100
AcDbLine
 10
0.0
 20
0.0
 30
0.0
 11
0.5
 21
0.0
 31
0.0
  0
LINE
  5
653
330
64A
100
AcDbEntity
  8
Title Block
 62
     0
370
    -2
100
AcDbLine
 10
0.5
 20
0.0
 30
0.0
 11
0.8799999999999954
 21
0.0
 31
0.0
  0
LINE
  5
654
330
64A
100
AcDbEntity
  8
Title Block
 62
     0
370
    -2
100
AcDbLine
 10
0.8799999999999954
 20
0.0
 30
0.0
 11
3.620000000000004
 21
0.0
 31
0.0
  0
LINE
  5
655
330
64A
100
AcDbEntity
  8
Title Block
 62
     0
370
    -2
100
AcDbLine
 10
3.620000000000004
 20
0.0
 30
0.0
 11
4.5
 21
0.0
 31
0.0
  0
LINE
  5
656
330
64A
100
AcDbEntity
  8
Title Block
 62
     0
370
    -2
100
AcDbLine
 10
4.5
 20
0.0
 30
0.0
 11
5.5
 21
0.0
 31
0.0
  0
LINE
  5
657
330
64A
100
AcDbEntity
  8
Title Block
 62
     0
370
    -2
100
AcDbLine
 10
0.0
 20
0.0
 30
0.0
 11
0.0
 21
-0.25
 31
0.0
  0
LINE
  5
658
330
64A
100
AcDbEntity
  8
Title Block
 62
     0
370
    -2
100
AcDbLine
 10
5.5
 20
0.0
 30
0.0
 11
5.5
 21
-0.25
 31
0.0
  0
LINE
  5
659
330
64A
100
AcDbEntity
  8
Title Block
 62
     0
370
    -2
100
AcDbLine
 10
0.0
 20
-0.25
 30
0.0
 11
0.5
 21
-0.25
 31
0.0
  0
LINE
  5
65A
330
64A
100
AcDbEntity
  8
Title Block
 62
     0
370
    -2
100
AcDbLine
 10
0.0
 20
-0.25
 30
0.0
 11
0.0
 21
-0.5
 31
0.0
  0
LINE
  5
65B
330
64A
100
AcDbEntity
  8
Title Block
 62
     0
370
    -2
100
AcDbLine
 10
0.5
 20
-0.25
 30
0.0
 11
0.8799999999999954
 21
-0.25
 31
0.0
  0
LINE
  5
65C
330
64A
100
AcDbEntity
  8
Title Block
 62
     0
370
    -2
100
AcDbLine
 10
0.5
 20
-0.25
 30
0.0
 11
0.5
 21
-0.5
 31
0.0
  0
LINE
  5
65D
330
64A
100
AcDbEntity
  8
Title Block
 62
     0
370
    -2
100
AcDbLine
 10
0.8799999999999954
 20
-0.25
 30
0.0
 11
3.620000000000004
 21
-0.25
 31
0.0
  0
LINE
  5
65E
330
64A
100
AcDbEntity
  8
Title Block
 62
     0
370
    -2
100
AcDbLine
 10
0.8799999999999954
 20
-0.25
 30
0.0
 11
0.8799999999999954
 21
-0.5
 31
0.0
  0
LINE
  5
65F
330
64A
100
AcDbEntity
  8
Title Block
 62
     0
370
    -2
100
AcDbLine
 10
3.620000000000004
 20
-0.25
 30
0.0
 11
4.5
 21
-0.25
 31
0.0
  0
LINE
  5
660
330
64A
100
AcDbEntity
  8
Title Block
 62
     0
370
    -2
100
AcDbLine
 10
3.620000000000004
 20
-0.25
 30
0.0
 11
3.620000000000004
 21
-0.5
 31
0.0
  0
LINE
  5
661
330
64A
100
AcDbEntity
  8
Title Block
 62
     0
370
    -2
100
AcDbLine
 10
4.5
 20
-0.25
 30
0.0
 11
5.5
 21
-0.25
 31
0.0
  0
LINE
  5
662
330
64A
100
AcDbEntity
  8
Title Block
 62
     0
370
    -2
100
AcDbLine
 10
4.5
 20
-0.25
 30
0.0
 11
4.5
 21
-0.5
 31
0.0
  0
LINE
  5
663
330
64A
100
AcDbEntity
  8
Title Block
 62
     0
370
    -2
100
AcDbLine
 10
5.5
 20
-0.25
 30
0.0
 11
5.5
 21
-0.5
 31
0.0
  0
LINE
  5
664
330
64A
100
AcDbEntity
  8
Title Block
 62
     0
370
    -2
100
AcDbLine
 10
0.0
 20
-0.5
 30
0.0
 11
0.5
 21
-0.5
 31
0.0
  0
LINE
  5
665
330
64A
100
AcDbEntity
  8
Title Block
 62
     0
370
    -2
100
AcDbLine
 10
0.0
 20
-0.75
 30
0.0
 11
0.5
 21
-0.75
 31
0.0
  0
LINE
  5
666
330
64A
100
AcDbEntity
  8
Title Block
 62
     0
370
    -2
100
AcDbLine
 10
0.0
 20
-0.5
 30
0.0
 11
0.0
 21
-0.75
 31
0.0
  0
LINE
  5
667
330
64A
100
AcDbEntity
  8
Title Block
 62
     0
370
    -2
100
AcDbLine
 10
0.5
 20
-0.5
 30
0.0
 11
0.8799999999999954
 21
-0.5
 31
0.0
  0
LINE
  5
668
330
64A
100
AcDbEntity
  8
Title Block
 62
     0
370
    -2
100
AcDbLine
 10
0.5
 20
-0.75
 30
0.0
 11
0.8799999999999954
 21
-0.75
 31
0.0
  0
LINE
  5
669
330
64A
100
AcDbEntity
  8
Title Block
 62
     0
370
    -2
100
AcDbLine
 10
0.5
 20
-0.5
 30
0.0
 11
0.5
 21
-0.75
 31
0.0
  0
LINE
  5
66A
330
64A
100
AcDbEntity
  8
Title Block
 62
     0
370
    -2
100
AcDbLine
 10
0.8799999999999954
 20
-0.5
 30
0.0
 11
3.620000000000004
 21
-0.5
 31
0.0
  0
LINE
  5
66B
330
64A
100
AcDbEntity
  8
Title Block
 62
     0
370
    -2
100
AcDbLine
 10
0.8799999999999954
 20
-0.75
 30
0.0
 11
3.620000000000004
 21
-0.75
 31
0.0
  0
LINE
  5
66C
330
64A
100
AcDbEntity
  8
Title Block
 62
     0
370
    -2
100
AcDbLine
 10
0.8799999999999954
 20
-0.5
 30
0.0
 11
0.8799999999999954
 21
-0.75
 31
0.0
  0
LINE
  5
66D
330
64A
100
AcDbEntity
  8
Title Block
 62
     0
370
    -2
100
AcDbLine
 10
3.620000000000004
 20
-0.5
 30
0.0
 11
4.5
 21
-0.5
 31
0.0
  0
LINE
  5
66E
330
64A
100
AcDbEntity
  8
Title Block
 62
     0
370
    -2
100
AcDbLine
 10
3.620000000000004
 20
-0.75
 30
0.0
 11
4.5
 21
-0.75
 31
0.0
  0
LINE
  5
66F
330
64A
100
AcDbEntity
  8
Title Block
 62
     0
370
    -2
100
AcDbLine
 10
3.620000000000004
 20
-0.5
 30
0.0
 11
3.620000000000004
 21
-0.75
 31
0.0
  0
LINE
  5
670
330
64A
100
AcDbEntity
  8
Title Block
 62
     0
370
    -2
100
AcDbLine
 10
4.5
 20
-0.5
 30
0.0
 11
5.5
 21
-0.5
 31
0.0
  0
LINE
  5
671
330
64A
100
AcDbEntity
  8
Title Block
 62
     0
370
    -2
100
AcDbLine
 10
4.5
 20
-0.75
 30
0.0
 11
5.5
 21
-0.75
 31
0.0
  0
LINE
  5
672
330
64A
100
AcDbEntity
  8
Title Block
 62
     0
370
    -2
100
AcDbLine
 10
4.5
 20
-0.5
 30
0.0
 11
4.5
 21
-0.75
 31
0.0
  0
LINE
  5
673
330
64A
100
AcDbEntity
  8
Title Block
 62
     0
370
    -2
100
AcDbLine
 10
5.5
 20
-0.5
 30
0.0
 11
5.5
 21
-0.75
 31
0.0
  0
ENDBLK
  5
674
330
64A
100
AcDbEntity
  8
0
100
AcDbBlockEnd
  0
BLOCK
  5
6ED
330
6EC
100
AcDbEntity
  8
0
100
AcDbBlockBegin
  2
ISO A1 title block
 70
     2
 10
0.0
 20
0.0
 30
0.0
  3
ISO A1 title block
  1

  0
LINE
  5
6EE
330
6EC
100
AcDbEntity
  8
Title Block
100
AcDbLine
 10
422.4999999999999
 20
22.5
 30
0.0
 11
420.0
 21
17.5
 31
0.0
  0
LINE
  5
6EF
330
6EC
100
AcDbEntity
  8
Title Block
100
AcDbLine
 10
417.4999999999999
 20
22.5
 30
0.0
 11
422.4999999999999
 21
22.5
 31
0.0
  0
LINE
  5
6F0
330
6EC
100
AcDbEntity
  8
Title Block
100
AcDbLine
 10
370.0
 20
15.0
 30
0.0
 11
470.0
 21
15.0
 31
0.0
  0
LINE
  5
6F1
330
6EC
100
AcDbEntity
  8
Title Block
100
AcDbLine
 10
820.0
 20
574.0
 30
0.0
 11
20.0
 21
574.0
 31
0.0
  0
LINE
  5
6F2
330
6EC
100
AcDbEntity
  8
Title Block
100
AcDbLine
 10
20.0
 20
20.0
 30
0.0
 11
820.0
 21
20.0
 31
0.0
  0
LINE
  5
6F3
330
6EC
100
AcDbEntity
  8
Title Block
100
AcDbLine
 10
22.5
 20
294.5
 30
0.0
 11
17.5
 21
297.0
 31
0.0
  0
LINE
  5
6F4
330
6EC
100
AcDbEntity
  8
Title Block
100
AcDbLine
 10
22.5
 20
299.5
 30
0.0
 11
22.5
 21
294.5
 31
0.0
  0
LINE
  5
6F5
330
6EC
100
AcDbEntity
  8
Title Block
100
AcDbLine
 10
20.0
 20
574.0
 30
0.0
 11
20.0
 21
20.0
 31
0.0
  0
LINE
  5
6F6
330
6EC
100
AcDbEntity
  8
Title Block
100
AcDbLine
 10
0.0
 20
0.0
 30
0.0
 11
10.0
 21
0.0
 31
0.0
  0
LINE
  5
6F7
330
6EC
100
AcDbEntity
  8
Title Block
100
AcDbLine
 10
0.0
 20
0.0
 30
0.0
 11
0.0
 21
10.0
 31
0.0
  0
TEXT
  5
6F8
330
6EC
100
AcDbEntity
  8
Title Block
100
AcDbText
 10
15.9
 20
52.625
 30
0.0
 40
4.0
  1
H
  7
ISO Proportional
 72
     4
 11
17.5
 21
54.625
 31
0.0
100
AcDbText
  0
LINE
  5
6F9
330
6EC
100
AcDbEntity
  8
Title Block
100
AcDbLine
 10
15.0
 20
89.25
 30
0.0
 11
20.0
 21
89.25
 31
0.0
  0
TEXT
  5
6FA
330
6EC
100
AcDbEntity
  8
Title Block
100
AcDbText
 10
44.0
 20
15.5
 30
0.0
 40
4.0
  1
1
  7
ISO Proportional
 72
     4
 11
45.0
 21
17.5
 31
0.0
100
AcDbText
  0
LINE
  5
6FB
330
6EC
100
AcDbEntity
  8
Title Block
100
AcDbLine
 10
70.0
 20
15.0
 30
0.0
 11
70.0
 21
20.0
 31
0.0
  0
TEXT
  5
6FC
330
6EC
100
AcDbEntity
  8
Title Block
100
AcDbText
 10
93.53066929133857
 20
15.39960629921259
 30
0.0
 40
4.0
  1
2
  7
ISO Proportional
 72
     4
 11
95.0
 21
17.5
 31
0.0
100
AcDbText
  0
LINE
  5
6FD
330
6EC
100
AcDbEntity
  8
Title Block
100
AcDbLine
 10
120.0
 20
15.0
 30
0.0
 11
120.0
 21
20.0
 31
0.0
  0
TEXT
  5
6FE
330
6EC
100
AcDbEntity
  8
Title Block
100
AcDbText
 10
143.5171572875254
 20
15.58284271247461
 30
0.0
 40
4.0
  1
3
  7
ISO Proportional
 72
     4
 11
145.0
 21
17.5
 31
0.0
100
AcDbText
  0
TEXT
  5
6FF
330
6EC
100
AcDbEntity
  8
Title Block
100
AcDbText
 10
16.00355339059327
 20
121.875
 30
0.0
 40
4.0
  1
G
  7
ISO Proportional
 72
     4
 11
17.5
 21
123.875
 31
0.0
100
AcDbText
  0
LINE
  5
700
330
6EC
100
AcDbEntity
  8
Title Block
100
AcDbLine
 10
15.0
 20
158.5
 30
0.0
 11
20.0
 21
158.5
 31
0.0
  0
TEXT
  5
701
330
6EC
100
AcDbEntity
  8
Title Block
100
AcDbText
 10
16.1
 20
191.125
 30
0.0
 40
4.0
  1
F
  7
ISO Proportional
 72
     4
 11
17.5
 21
193.125
 31
0.0
100
AcDbText
  0
LINE
  5
702
330
6EC
100
AcDbEntity
  8
Title Block
100
AcDbLine
 10
15.0
 20
227.75
 30
0.0
 11
20.0
 21
227.75
 31
0.0
  0
TEXT
  5
703
330
6EC
100
AcDbEntity
  8
Title Block
100
AcDbText
 10
16.1
 20
260.375
 30
0.0
 40
4.0
  1
E
  7
ISO Proportional
 72
     4
 11
17.5
 21
262.375
 31
0.0
100
AcDbText
  0
LINE
  5
704
330
6EC
100
AcDbEntity
  8
Title Block
100
AcDbLine
 10
170.0
 20
15.0
 30
0.0
 11
170.0
 21
20.0
 31
0.0
  0
TEXT
  5
705
330
6EC
100
AcDbEntity
  8
Title Block
100
AcDbText
 10
193.4
 20
15.5
 30
0.0
 40
4.0
  1
4
  7
ISO Proportional
 72
     4
 11
195.0
 21
17.5
 31
0.0
100
AcDbText
  0
LINE
  5
706
330
6EC
100
AcDbEntity
  8
Title Block
100
AcDbLine
 10
220.0
 20
15.0
 30
0.0
 11
220.0
 21
20.0
 31
0.0
  0
TEXT
  5
707
330
6EC
100
AcDbEntity
  8
Title Block
100
AcDbText
 10
243.5171572875254
 20
15.58284271247462
 30
0.0
 40
4.0
  1
5
  7
ISO Proportional
 72
     4
 11
245.0
 21
17.5
 31
0.0
100
AcDbText
  0
LINE
  5
708
330
6EC
100
AcDbEntity
  8
Title Block
100
AcDbLine
 10
270.0
 20
15.0
 30
0.0
 11
270.0
 21
20.0
 31
0.0
  0
TEXT
  5
709
330
6EC
100
AcDbEntity
  8
Title Block
100
AcDbText
 10
293.6204724409449
 20
15.41023622047244
 30
0.0
 40
4.0
  1
6
  7
ISO Proportional
 72
     4
 11
295.0
 21
17.5
 31
0.0
100
AcDbText
  0
LINE
  5
70A
330
6EC
100
AcDbEntity
  8
Title Block
100
AcDbLine
 10
320.0
 20
15.0
 30
0.0
 11
320.0
 21
20.0
 31
0.0
  0
TEXT
  5
70B
330
6EC
100
AcDbEntity
  8
Title Block
100
AcDbText
 10
343.6
 20
15.5
 30
0.0
 40
4.0
  1
7
  7
ISO Proportional
 72
     4
 11
345.0
 21
17.5
 31
0.0
100
AcDbText
  0
LINE
  5
70C
330
6EC
100
AcDbEntity
  8
Title Block
100
AcDbLine
 10
370.0
 20
15.0
 30
0.0
 11
370.0
 21
20.0
 31
0.0
  0
LINE
  5
70D
330
6EC
100
AcDbEntity
  8
Title Block
100
AcDbLine
 10
380.0
 20
15.0
 30
0.0
 11
380.0
 21
20.0
 31
0.0
  0
LINE
  5
70E
330
6EC
100
AcDbEntity
  8
Title Block
100
AcDbLine
 10
400.0
 20
15.0
 30
0.0
 11
400.0
 21
20.0
 31
0.0
  0
LINE
  5
70F
330
6EC
100
AcDbEntity
  8
Title Block
100
AcDbLine
 10
390.0
 20
15.0
 30
0.0
 11
390.0
 21
20.0
 31
0.0
  0
LINE
  5
710
330
6EC
100
AcDbEntity
  8
Title Block
100
AcDbLine
 10
420.0
 20
17.5
 30
0.0
 11
417.4999999999999
 21
22.5
 31
0.0
  0
LINE
  5
711
330
6EC
100
AcDbEntity
  8
Title Block
100
AcDbLine
 10
420.0
 20
20.0
 30
0.0
 11
420.0
 21
25.0
 31
0.0
  0
LINE
  5
712
330
6EC
100
AcDbEntity
  8
Title Block
100
AcDbLine
 10
410.0
 20
15.0
 30
0.0
 11
410.0
 21
20.0
 31
0.0
  0
LINE
  5
713
330
6EC
100
AcDbEntity
  8
Title Block
100
AcDbLine
 10
420.0
 20
20.0
 30
0.0
 11
420.0
 21
15.0
 31
0.0
  0
LINE
  5
714
330
6EC
100
AcDbEntity
  8
Title Block
100
AcDbLine
 10
17.5
 20
297.0
 30
0.0
 11
22.5
 21
299.5
 31
0.0
  0
LINE
  5
715
330
6EC
100
AcDbEntity
  8
Title Block
100
AcDbLine
 10
15.0
 20
297.0
 30
0.0
 11
25.0
 21
297.0
 31
0.0
  0
TEXT
  5
716
330
6EC
100
AcDbEntity
  8
Title Block
100
AcDbText
 10
15.7860912703474
 20
329.625
 30
0.0
 40
4.0
  1
D
  7
ISO Proportional
 72
     4
 11
17.5
 21
331.625
 31
0.0
100
AcDbText
  0
LINE
  5
717
330
6EC
100
AcDbEntity
  8
Title Block
100
AcDbLine
 10
15.0
 20
366.25
 30
0.0
 11
20.0
 21
366.25
 31
0.0
  0
TEXT
  5
718
330
6EC
100
AcDbEntity
  8
Title Block
100
AcDbText
 10
16.19319805153395
 20
398.875
 30
0.0
 40
4.0
  1
C
  7
ISO Proportional
 72
     4
 11
17.5
 21
400.875
 31
0.0
100
AcDbText
  0
LINE
  5
719
330
6EC
100
AcDbEntity
  8
Title Block
100
AcDbLine
 10
15.0
 20
435.5
 30
0.0
 11
20.0
 21
435.5
 31
0.0
  0
TEXT
  5
71A
330
6EC
100
AcDbEntity
  8
Title Block
100
AcDbText
 10
15.9
 20
468.125
 30
0.0
 40
4.0
  1
B
  7
ISO Proportional
 72
     4
 11
17.5
 21
470.1249999999999
 31
0.0
100
AcDbText
  0
LINE
  5
71B
330
6EC
100
AcDbEntity
  8
Title Block
100
AcDbLine
 10
15.0
 20
504.75
 30
0.0
 11
20.0
 21
504.75
 31
0.0
  0
TEXT
  5
71C
330
6EC
100
AcDbEntity
  8
Title Block
100
AcDbText
 10
15.7
 20
537.375
 30
0.0
 40
4.0
  1
A
  7
ISO Proportional
 72
     4
 11
17.5
 21
539.3749999999999
 31
0.0
100
AcDbText
  0
LINE
  5
71D
330
6EC
100
AcDbEntity
  8
Title Block
100
AcDbLine
 10
10.0
 20
594.0
 30
0.0
 11
0.0
 21
594.0
 31
0.0
  0
LINE
  5
71E
330
6EC
100
AcDbEntity
  8
Title Block
100
AcDbLine
 10
0.0
 20
594.0
 30
0.0
 11
0.0
 21
584.0
 31
0.0
  0
TEXT
  5
71F
330
6EC
100
AcDbEntity
  8
Title Block
100
AcDbText
 10
143.5171572875254
 20
574.5828427124746
 30
0.0
 40
4.0
  1
3
  7
ISO Proportional
 72
     4
 11
145.0
 21
576.4999999999999
 31
0.0
100
AcDbText
  0
TEXT
  5
720
330
6EC
100
AcDbEntity
  8
Title Block
100
AcDbText
 10
44.0
 20
574.5
 30
0.0
 40
4.0
  1
1
  7
ISO Proportional
 72
     4
 11
45.0
 21
576.4999999999999
 31
0.0
100
AcDbText
  0
TEXT
  5
721
330
6EC
100
AcDbEntity
  8
Title Block
100
AcDbText
 10
93.53066929133857
 20
574.3996062992125
 30
0.0
 40
4.0
  1
2
  7
ISO Proportional
 72
     4
 11
95.0
 21
576.4999999999999
 31
0.0
100
AcDbText
  0
LINE
  5
722
330
6EC
100
AcDbEntity
  8
Title Block
100
AcDbLine
 10
70.0
 20
574.0
 30
0.0
 11
70.0
 21
579.0
 31
0.0
  0
LINE
  5
723
330
6EC
100
AcDbEntity
  8
Title Block
100
AcDbLine
 10
120.0
 20
574.0
 30
0.0
 11
120.0
 21
579.0
 31
0.0
  0
TEXT
  5
724
330
6EC
100
AcDbEntity
  8
Title Block
100
AcDbText
 10
243.5171572875254
 20
574.5828427124746
 30
0.0
 40
4.0
  1
5
  7
ISO Proportional
 72
     4
 11
245.0
 21
576.4999999999999
 31
0.0
100
AcDbText
  0
TEXT
  5
725
330
6EC
100
AcDbEntity
  8
Title Block
100
AcDbText
 10
193.4
 20
574.5
 30
0.0
 40
4.0
  1
4
  7
ISO Proportional
 72
     4
 11
195.0
 21
576.4999999999999
 31
0.0
100
AcDbText
  0
LINE
  5
726
330
6EC
100
AcDbEntity
  8
Title Block
100
AcDbLine
 10
170.0
 20
574.0
 30
0.0
 11
170.0
 21
579.0
 31
0.0
  0
LINE
  5
727
330
6EC
100
AcDbEntity
  8
Title Block
100
AcDbLine
 10
270.0
 20
574.0
 30
0.0
 11
270.0
 21
579.0
 31
0.0
  0
LINE
  5
728
330
6EC
100
AcDbEntity
  8
Title Block
100
AcDbLine
 10
220.0
 20
574.0
 30
0.0
 11
220.0
 21
579.0
 31
0.0
  0
TEXT
  5
729
330
6EC
100
AcDbEntity
  8
Title Block
100
AcDbText
 10
393.6
 20
574.5
 30
0.0
 40
4.0
  1
8
  7
ISO Proportional
 72
     4
 11
395.0
 21
576.4999999999999
 31
0.0
100
AcDbText
  0
TEXT
  5
72A
330
6EC
100
AcDbEntity
  8
Title Block
100
AcDbText
 10
343.6
 20
574.5
 30
0.0
 40
4.0
  1
7
  7
ISO Proportional
 72
     4
 11
345.0
 21
576.4999999999999
 31
0.0
100
AcDbText
  0
TEXT
  5
72B
330
6EC
100
AcDbEntity
  8
Title Block
100
AcDbText
 10
293.6204724409449
 20
574.4102362204724
 30
0.0
 40
4.0
  1
6
  7
ISO Proportional
 72
     4
 11
295.0
 21
576.4999999999999
 31
0.0
100
AcDbText
  0
LINE
  5
72C
330
6EC
100
AcDbEntity
  8
Title Block
100
AcDbLine
 10
370.0
 20
574.0
 30
0.0
 11
370.0
 21
579.0
 31
0.0
  0
LINE
  5
72D
330
6EC
100
AcDbEntity
  8
Title Block
100
AcDbLine
 10
320.0
 20
574.0
 30
0.0
 11
320.0
 21
579.0
 31
0.0
  0
LINE
  5
72E
330
6EC
100
AcDbEntity
  8
Title Block
100
AcDbLine
 10
420.0
 20
569.0
 30
0.0
 11
420.0
 21
579.0
 31
0.0
  0
LINE
  5
72F
330
6EC
100
AcDbEntity
  8
Title Block
100
AcDbLine
 10
820.0
 20
20.0
 30
0.0
 11
820.0
 21
574.0
 31
0.0
  0
TEXT
  5
730
330
6EC
100
AcDbEntity
  8
Title Block
100
AcDbText
 10
684.0
 20
51.75
 30
0.0
 40
2.5
  1
Title/Name, designation, material, dimension etc
  7
ISO Proportional
 11
684.0
 21
53.0
 31
0.0
100
AcDbText
 73
     2
  0
TEXT
  5
731
330
6EC
100
AcDbEntity
  8
Title Block
100
AcDbText
 10
684.0
 20
45.75
 30
0.0
 40
2.5
  1
Checked by
  7
ISO Proportional
 11
684.0
 21
47.0
 31
0.0
100
AcDbText
 73
     2
  0
LINE
  5
732
330
6EC
100
AcDbEntity
  8
Title Block
100
AcDbLine
 10
650.0
 20
56.0
 30
0.0
 11
820.0
 21
56.0
 31
0.0
  0
LINE
  5
733
330
6EC
100
AcDbEntity
  8
Title Block
100
AcDbLine
 10
650.0
 20
50.0
 30
0.0
 11
820.0
 21
50.0
 31
0.0
  0
LINE
  5
734
330
6EC
100
AcDbEntity
  8
Title Block
100
AcDbLine
 10
650.0
 20
40.0
 30
0.0
 11
820.0
 21
40.0
 31
0.0
  0
LINE
  5
735
330
6EC
100
AcDbEntity
  8
Title Block
100
AcDbLine
 10
430.0
 20
15.0
 30
0.0
 11
430.0
 21
20.0
 31
0.0
  0
LINE
  5
736
330
6EC
100
AcDbEntity
  8
Title Block
100
AcDbLine
 10
450.0
 20
15.0
 30
0.0
 11
450.0
 21
20.0
 31
0.0
  0
LINE
  5
737
330
6EC
100
AcDbEntity
  8
Title Block
100
AcDbLine
 10
440.0
 20
15.0
 30
0.0
 11
440.0
 21
20.0
 31
0.0
  0
LINE
  5
738
330
6EC
100
AcDbEntity
  8
Title Block
100
AcDbLine
 10
460.0
 20
15.0
 30
0.0
 11
460.0
 21
20.0
 31
0.0
  0
LINE
  5
739
330
6EC
100
AcDbEntity
  8
Title Block
100
AcDbLine
 10
470.0
 20
15.0
 30
0.0
 11
470.0
 21
20.0
 31
0.0
  0
TEXT
  5
73A
330
6EC
100
AcDbEntity
  8
Title Block
100
AcDbText
 10
492.5984251968503
 20
15.5
 30
0.0
 40
4.0
  1
10
  7
ISO Proportional
 72
     4
 11
495.0
 21
17.5
 31
0.0
100
AcDbText
  0
LINE
  5
73B
330
6EC
100
AcDbEntity
  8
Title Block
100
AcDbLine
 10
520.0
 20
15.0
 30
0.0
 11
520.0
 21
20.0
 31
0.0
  0
TEXT
  5
73C
330
6EC
100
AcDbEntity
  8
Title Block
100
AcDbText
 10
543.0
 20
15.5
 30
0.0
 40
4.0
  1
11
  7
ISO Proportional
 72
     4
 11
545.0
 21
17.5
 31
0.0
100
AcDbText
  0
LINE
  5
73D
330
6EC
100
AcDbEntity
  8
Title Block
100
AcDbLine
 10
570.0
 20
15.0
 30
0.0
 11
570.0
 21
20.0
 31
0.0
  0
TEXT
  5
73E
330
6EC
100
AcDbEntity
  8
Title Block
100
AcDbText
 10
592.4798818897637
 20
15.39960629921259
 30
0.0
 40
4.0
  1
12
  7
ISO Proportional
 72
     4
 11
595.0
 21
17.5
 31
0.0
100
AcDbText
  0
LINE
  5
73F
330
6EC
100
AcDbEntity
  8
Title Block
100
AcDbLine
 10
620.0
 20
15.0
 30
0.0
 11
620.0
 21
20.0
 31
0.0
  0
TEXT
  5
740
330
6EC
100
AcDbEntity
  8
Title Block
100
AcDbText
 10
652.0
 20
45.75
 30
0.0
 40
2.5
  1
Designed by
  7
ISO Proportional
 11
652.0
 21
47.0
 31
0.0
100
AcDbText
 73
     2
  0
TEXT
  5
741
330
6EC
100
AcDbEntity
  8
Title Block
100
AcDbText
 10
652.0
 20
51.75
 30
0.0
 40
2.5
  1
Itemref
  7
ISO Proportional
 11
652.0
 21
53.0
 31
0.0
100
AcDbText
 73
     2
  0
LINE
  5
742
330
6EC
100
AcDbEntity
  8
Title Block
100
AcDbLine
 10
650.0
 20
20.0
 30
0.0
 11
650.0
 21
50.0
 31
0.0
  0
TEXT
  5
743
330
6EC
100
AcDbEntity
  8
Title Block
100
AcDbText
 10
642.5171572875253
 20
15.58284271247461
 30
0.0
 40
4.0
  1
13
  7
ISO Proportional
 72
     4
 11
645.0
 21
17.5
 31
0.0
100
AcDbText
  0
LINE
  5
744
330
6EC
100
AcDbEntity
  8
Title Block
100
AcDbLine
 10
650.0
 20
50.0
 30
0.0
 11
650.0
 21
56.0
 31
0.0
  0
LINE
  5
745
330
6EC
100
AcDbEntity
  8
Title Block
100
AcDbLine
 10
670.0
 20
15.0
 30
0.0
 11
670.0
 21
20.0
 31
0.0
  0
TEXT
  5
746
330
6EC
100
AcDbEntity
  8
Title Block
100
AcDbText
 10
667.0
 20
51.75
 30
0.0
 40
2.5
  1
Quantity
  7
ISO Proportional
 11
667.0
 21
53.0
 31
0.0
100
AcDbText
 73
     2
  0
LINE
  5
747
330
6EC
100
AcDbEntity
  8
Title Block
100
AcDbLine
 10
665.0
 20
50.0
 30
0.0
 11
665.0
 21
56.0
 31
0.0
  0
LINE
  5
748
330
6EC
100
AcDbEntity
  8
Title Block
100
AcDbLine
 10
682.0
 20
50.0
 30
0.0
 11
682.0
 21
56.0
 31
0.0
  0
LINE
  5
749
330
6EC
100
AcDbEntity
  8
Title Block
100
AcDbLine
 10
682.0
 20
40.0
 30
0.0
 11
682.0
 21
50.0
 31
0.0
  0
LINE
  5
74A
330
6EC
100
AcDbEntity
  8
Title Block
100
AcDbLine
 10
725.0
 20
30.0
 30
0.0
 11
820.0
 21
30.0
 31
0.0
  0
TEXT
  5
74B
330
6EC
100
AcDbEntity
  8
Title Block
100
AcDbText
 10
747.0
 20
45.75
 30
0.0
 40
2.5
  1
Filename
  7
ISO Proportional
 11
747.0
 21
47.0
 31
0.0
100
AcDbText
 73
     2
  0
TEXT
  5
74C
330
6EC
100
AcDbEntity
  8
Title Block
100
AcDbText
 10
709.0
 20
45.75
 30
0.0
 40
2.5
  1
Approved by - date
  7
ISO Proportional
 11
709.0
 21
47.0
 31
0.0
100
AcDbText
 73
     2
  0
TEXT
  5
74D
330
6EC
100
AcDbEntity
  8
Title Block
100
AcDbText
 10
692.3999999999999
 20
15.5
 30
0.0
 40
4.0
  1
14
  7
ISO Proportional
 72
     4
 11
695.0
 21
17.5
 31
0.0
100
AcDbText
  0
LINE
  5
74E
330
6EC
100
AcDbEntity
  8
Title Block
100
AcDbLine
 10
707.0
 20
40.0
 30
0.0
 11
707.0
 21
50.0
 31
0.0
  0
LINE
  5
74F
330
6EC
100
AcDbEntity
  8
Title Block
100
AcDbLine
 10
725.0
 20
20.0
 30
0.0
 11
725.0
 21
40.0
 31
0.0
  0
LINE
  5
750
330
6EC
100
AcDbEntity
  8
Title Block
100
AcDbLine
 10
720.0
 20
15.0
 30
0.0
 11
720.0
 21
20.0
 31
0.0
  0
TEXT
  5
751
330
6EC
100
AcDbEntity
  8
Title Block
100
AcDbText
 10
742.5171572875253
 20
15.58284271247462
 30
0.0
 40
4.0
  1
15
  7
ISO Proportional
 72
     4
 11
745.0
 21
17.5
 31
0.0
100
AcDbText
  0
LINE
  5
752
330
6EC
100
AcDbEntity
  8
Title Block
100
AcDbLine
 10
745.0
 20
40.0
 30
0.0
 11
745.0
 21
50.0
 31
0.0
  0
TEXT
  5
753
330
6EC
100
AcDbEntity
  8
Title Block
100
AcDbText
 10
772.0
 20
51.75
 30
0.0
 40
2.5
  1
Article No./Reference
  7
ISO Proportional
 11
772.0
 21
53.0
 31
0.0
100
AcDbText
 73
     2
  0
LINE
  5
754
330
6EC
100
AcDbEntity
  8
Title Block
100
AcDbLine
 10
770.0
 20
15.0
 30
0.0
 11
770.0
 21
20.0
 31
0.0
  0
LINE
  5
755
330
6EC
100
AcDbEntity
  8
Title Block
100
AcDbLine
 10
785.0
 20
20.0
 30
0.0
 11
785.0
 21
30.0
 31
0.0
  0
TEXT
  5
756
330
6EC
100
AcDbEntity
  8
Title Block
100
AcDbText
 10
772.0
 20
45.75
 30
0.0
 40
2.5
  1
Date
  7
ISO Proportional
 11
772.0
 21
47.0
 31
0.0
100
AcDbText
 73
     2
  0
LINE
  5
757
330
6EC
100
AcDbEntity
  8
Title Block
100
AcDbLine
 10
770.0
 20
50.0
 30
0.0
 11
770.0
 21
56.0
 31
0.0
  0
LINE
  5
758
330
6EC
100
AcDbEntity
  8
Title Block
100
AcDbLine
 10
770.0
 20
40.0
 30
0.0
 11
770.0
 21
50.0
 31
0.0
  0
TEXT
  5
759
330
6EC
100
AcDbEntity
  8
Title Block
100
AcDbText
 10
792.5007874015748
 20
15.41023622047244
 30
0.0
 40
4.0
  1
16
  7
ISO Proportional
 72
     4
 11
795.0
 21
17.5
 31
0.0
100
AcDbText
  0
TEXT
  5
75A
330
6EC
100
AcDbEntity
  8
Title Block
100
AcDbText
 10
787.0
 20
25.75
 30
0.0
 40
2.5
  1
Edition
  7
ISO Proportional
 11
787.0
 21
27.0
 31
0.0
100
AcDbText
 73
     2
  0
LINE
  5
75B
330
6EC
100
AcDbEntity
  8
Title Block
100
AcDbLine
 10
800.0
 20
20.0
 30
0.0
 11
800.0
 21
30.0
 31
0.0
  0
TEXT
  5
75C
330
6EC
100
AcDbEntity
  8
Title Block
100
AcDbText
 10
802.0
 20
25.75
 30
0.0
 40
2.5
  1
Sheet
  7
ISO Proportional
 11
802.0
 21
27.0
 31
0.0
100
AcDbText
 73
     2
  0
LINE
  5
75D
330
6EC
100
AcDbEntity
  8
Title Block
100
AcDbLine
 10
800.0
 20
40.0
 30
0.0
 11
800.0
 21
50.0
 31
0.0
  0
TEXT
  5
75E
330
6EC
100
AcDbEntity
  8
Title Block
100
AcDbText
 10
802.0
 20
45.75
 30
0.0
 40
2.5
  1
Scale
  7
ISO Proportional
 11
802.0
 21
47.0
 31
0.0
100
AcDbText
 73
     2
  0
LINE
  5
75F
330
6EC
100
AcDbEntity
  8
Title Block
100
AcDbLine
 10
840.0
 20
0.0
 30
0.0
 11
830.0
 21
0.0
 31
0.0
  0
LINE
  5
760
330
6EC
100
AcDbEntity
  8
Title Block
100
AcDbLine
 10
840.0
 20
0.0
 30
0.0
 11
840.0
 21
10.0
 31
0.0
  0
TEXT
  5
761
330
6EC
100
AcDbEntity
  8
Title Block
100
AcDbText
 10
820.8999999999999
 20
52.625
 30
0.0
 40
4.0
  1
H
  7
ISO Proportional
 72
     4
 11
822.4999999999999
 21
54.625
 31
0.0
100
AcDbText
  0
LINE
  5
762
330
6EC
100
AcDbEntity
  8
Title Block
100
AcDbLine
 10
820.0
 20
89.25
 30
0.0
 11
825.0
 21
89.25
 31
0.0
  0
TEXT
  5
763
330
6EC
100
AcDbEntity
  8
Title Block
100
AcDbText
 10
821.0035533905934
 20
121.875
 30
0.0
 40
4.0
  1
G
  7
ISO Proportional
 72
     4
 11
822.4999999999999
 21
123.875
 31
0.0
100
AcDbText
  0
LINE
  5
764
330
6EC
100
AcDbEntity
  8
Title Block
100
AcDbLine
 10
820.0
 20
158.5
 30
0.0
 11
825.0
 21
158.5
 31
0.0
  0
TEXT
  5
765
330
6EC
100
AcDbEntity
  8
Title Block
100
AcDbText
 10
821.1
 20
191.125
 30
0.0
 40
4.0
  1
F
  7
ISO Proportional
 72
     4
 11
822.4999999999999
 21
193.125
 31
0.0
100
AcDbText
  0
LINE
  5
766
330
6EC
100
AcDbEntity
  8
Title Block
100
AcDbLine
 10
820.0
 20
227.75
 30
0.0
 11
825.0
 21
227.75
 31
0.0
  0
TEXT
  5
767
330
6EC
100
AcDbEntity
  8
Title Block
100
AcDbText
 10
821.1
 20
260.375
 30
0.0
 40
4.0
  1
E
  7
ISO Proportional
 72
     4
 11
822.4999999999999
 21
262.375
 31
0.0
100
AcDbText
  0
LINE
  5
768
330
6EC
100
AcDbEntity
  8
Title Block
100
AcDbLine
 10
650.0
 20
568.0
 30
0.0
 11
820.0
 21
568.0
 31
0.0
  0
TEXT
  5
769
330
6EC
100
AcDbEntity
  8
Title Block
100
AcDbText
 10
543.0
 20
574.5
 30
0.0
 40
4.0
  1
11
  7
ISO Proportional
 72
     4
 11
545.0
 21
576.4999999999999
 31
0.0
100
AcDbText
  0
TEXT
  5
76A
330
6EC
100
AcDbEntity
  8
Title Block
100
AcDbText
 10
492.5984251968503
 20
574.5
 30
0.0
 40
4.0
  1
10
  7
ISO Proportional
 72
     4
 11
495.0
 21
576.4999999999999
 31
0.0
100
AcDbText
  0
TEXT
  5
76B
330
6EC
100
AcDbEntity
  8
Title Block
100
AcDbText
 10
443.5326670934825
 20
574.5961825830808
 30
0.0
 40
4.0
  1
9
  7
ISO Proportional
 72
     4
 11
445.0
 21
576.4999999999999
 31
0.0
100
AcDbText
  0
LINE
  5
76C
330
6EC
100
AcDbEntity
  8
Title Block
100
AcDbLine
 10
520.0
 20
574.0
 30
0.0
 11
520.0
 21
579.0
 31
0.0
  0
LINE
  5
76D
330
6EC
100
AcDbEntity
  8
Title Block
100
AcDbLine
 10
470.0
 20
574.0
 30
0.0
 11
470.0
 21
579.0
 31
0.0
  0
TEXT
  5
76E
330
6EC
100
AcDbEntity
  8
Title Block
100
AcDbText
 10
642.5171572875253
 20
574.5828427124746
 30
0.0
 40
4.0
  1
13
  7
ISO Proportional
 72
     4
 11
645.0
 21
576.4999999999999
 31
0.0
100
AcDbText
  0
TEXT
  5
76F
330
6EC
100
AcDbEntity
  8
Title Block
100
AcDbText
 10
592.4798818897637
 20
574.3996062992125
 30
0.0
 40
4.0
  1
12
  7
ISO Proportional
 72
     4
 11
595.0
 21
576.4999999999999
 31
0.0
100
AcDbText
  0
LINE
  5
770
330
6EC
100
AcDbEntity
  8
Title Block
100
AcDbLine
 10
620.0
 20
574.0
 30
0.0
 11
620.0
 21
579.0
 31
0.0
  0
LINE
  5
771
330
6EC
100
AcDbEntity
  8
Title Block
100
AcDbLine
 10
670.0
 20
574.0
 30
0.0
 11
670.0
 21
579.0
 31
0.0
  0
LINE
  5
772
330
6EC
100
AcDbEntity
  8
Title Block
100
AcDbLine
 10
570.0
 20
574.0
 30
0.0
 11
570.0
 21
579.0
 31
0.0
  0
TEXT
  5
773
330
6EC
100
AcDbEntity
  8
Title Block
100
AcDbText
 10
652.0
 20
569.7499999999999
 30
0.0
 40
2.5
  1
RevNo
  7
ISO Proportional
 11
652.0
 21
571.0
 31
0.0
100
AcDbText
 73
     2
  0
LINE
  5
774
330
6EC
100
AcDbEntity
  8
Title Block
100
AcDbLine
 10
650.0
 20
568.0
 30
0.0
 11
650.0
 21
574.0
 31
0.0
  0
TEXT
  5
775
330
6EC
100
AcDbEntity
  8
Title Block
100
AcDbText
 10
664.0
 20
569.7499999999999
 30
0.0
 40
2.5
  1
Revision note
  7
ISO Proportional
 11
664.0
 21
571.0
 31
0.0
100
AcDbText
 73
     2
  0
LINE
  5
776
330
6EC
100
AcDbEntity
  8
Title Block
100
AcDbLine
 10
662.0
 20
568.0
 30
0.0
 11
662.0
 21
574.0
 31
0.0
  0
LINE
  5
777
330
6EC
100
AcDbEntity
  8
Title Block
100
AcDbLine
 10
815.0
 20
297.0
 30
0.0
 11
825.0
 21
297.0
 31
0.0
  0
TEXT
  5
778
330
6EC
100
AcDbEntity
  8
Title Block
100
AcDbText
 10
820.7860912703473
 20
329.625
 30
0.0
 40
4.0
  1
D
  7
ISO Proportional
 72
     4
 11
822.4999999999999
 21
331.625
 31
0.0
100
AcDbText
  0
LINE
  5
779
330
6EC
100
AcDbEntity
  8
Title Block
100
AcDbLine
 10
820.0
 20
366.25
 30
0.0
 11
825.0
 21
366.25
 31
0.0
  0
TEXT
  5
77A
330
6EC
100
AcDbEntity
  8
Title Block
100
AcDbText
 10
821.1931980515339
 20
398.875
 30
0.0
 40
4.0
  1
C
  7
ISO Proportional
 72
     4
 11
822.4999999999999
 21
400.875
 31
0.0
100
AcDbText
  0
LINE
  5
77B
330
6EC
100
AcDbEntity
  8
Title Block
100
AcDbLine
 10
820.0
 20
435.5
 30
0.0
 11
825.0
 21
435.5
 31
0.0
  0
TEXT
  5
77C
330
6EC
100
AcDbEntity
  8
Title Block
100
AcDbText
 10
820.8999999999999
 20
468.125
 30
0.0
 40
4.0
  1
B
  7
ISO Proportional
 72
     4
 11
822.4999999999999
 21
470.1249999999999
 31
0.0
100
AcDbText
  0
TEXT
  5
77D
330
6EC
100
AcDbEntity
  8
Title Block
100
AcDbText
 10
807.0829939185054
 20
569.7499999999999
 30
0.0
 40
2.5
  1
Checked
  7
ISO Proportional
 11
807.0829939185054
 21
571.0
 31
0.0
100
AcDbText
 73
     2
  0
TEXT
  5
77E
330
6EC
100
AcDbEntity
  8
Title Block
100
AcDbText
 10
742.5171572875253
 20
574.5828427124746
 30
0.0
 40
4.0
  1
15
  7
ISO Proportional
 72
     4
 11
745.0
 21
576.4999999999999
 31
0.0
100
AcDbText
  0
TEXT
  5
77F
330
6EC
100
AcDbEntity
  8
Title Block
100
AcDbText
 10
792.5007874015748
 20
574.4102362204724
 30
0.0
 40
4.0
  1
16
  7
ISO Proportional
 72
     4
 11
795.0
 21
576.4999999999999
 31
0.0
100
AcDbText
  0
TEXT
  5
780
330
6EC
100
AcDbEntity
  8
Title Block
100
AcDbText
 10
692.3999999999999
 20
574.5
 30
0.0
 40
4.0
  1
14
  7
ISO Proportional
 72
     4
 11
695.0
 21
576.4999999999999
 31
0.0
100
AcDbText
  0
LINE
  5
781
330
6EC
100
AcDbEntity
  8
Title Block
100
AcDbLine
 10
720.0
 20
574.0
 30
0.0
 11
720.0
 21
579.0
 31
0.0
  0
LINE
  5
782
330
6EC
100
AcDbEntity
  8
Title Block
100
AcDbLine
 10
770.0
 20
574.0
 30
0.0
 11
770.0
 21
579.0
 31
0.0
  0
TEXT
  5
783
330
6EC
100
AcDbEntity
  8
Title Block
100
AcDbText
 10
773.0
 20
569.7499999999999
 30
0.0
 40
2.5
  1
Date
  7
ISO Proportional
 11
773.0
 21
571.0
 31
0.0
100
AcDbText
 73
     2
  0
LINE
  5
784
330
6EC
100
AcDbEntity
  8
Title Block
100
AcDbLine
 10
771.0
 20
568.0
 30
0.0
 11
771.0
 21
574.0
 31
0.0
  0
TEXT
  5
785
330
6EC
100
AcDbEntity
  8
Title Block
100
AcDbText
 10
791.3609979728353
 20
569.7499999999999
 30
0.0
 40
2.5
  1
Signature
  7
ISO Proportional
 11
791.3609979728353
 21
571.0
 31
0.0
100
AcDbText
 73
     2
  0
LINE
  5
786
330
6EC
100
AcDbEntity
  8
Title Block
100
AcDbLine
 10
791.0
 20
568.0
 30
0.0
 11
791.0
 21
574.0
 31
0.0
  0
LINE
  5
787
330
6EC
100
AcDbEntity
  8
Title Block
100
AcDbLine
 10
806.0
 20
568.0
 30
0.0
 11
806.0
 21
574.0
 31
0.0
  0
LINE
  5
788
330
6EC
100
AcDbEntity
  8
Title Block
100
AcDbLine
 10
820.0
 20
504.75
 30
0.0
 11
825.0
 21
504.75
 31
0.0
  0
TEXT
  5
789
330
6EC
100
AcDbEntity
  8
Title Block
100
AcDbText
 10
820.7
 20
537.375
 30
0.0
 40
4.0
  1
A
  7
ISO Proportional
 72
     4
 11
822.4999999999999
 21
539.3749999999999
 31
0.0
100
AcDbText
  0
LINE
  5
78A
330
6EC
100
AcDbEntity
  8
Title Block
100
AcDbLine
 10
840.0
 20
594.0
 30
0.0
 11
830.0
 21
594.0
 31
0.0
  0
LINE
  5
78B
330
6EC
100
AcDbEntity
  8
Title Block
100
AcDbLine
 10
840.0
 20
584.0
 30
0.0
 11
840.0
 21
594.0
 31
0.0
  0
ATTDEF
  5
78C
330
6EC
100
AcDbEntity
  8
Title Block
100
AcDbText
 10
684.0
 20
41.74999999999999
 30
0.0
 40
2.5
  1
XXX
  7
ISO Proportional
 11
684.0
 21
43.0
 31
0.0
100
AcDbAttributeDefinition
280
     0
  3
Checked by
  2
CHECKED_BY
 70
     8
 74
     2
280
     0
  0
ATTDEF
  5
78D
330
6EC
100
AcDbEntity
  8
Title Block
100
AcDbText
 10
680.75
 20
27.5
 30
0.0
 40
5.0
  1
XXX
  7
ISO Proportional
 72
     4
 11
687.5
 21
30.0
 31
0.0
100
AcDbAttributeDefinition
280
     0
  3
Owner
  2
OWNER
 70
     8
280
     0
  0
ATTDEF
  5
78E
330
6EC
100
AcDbEntity
  8
Title Block
100
AcDbText
 10
652.0
 20
41.74999999999999
 30
0.0
 40
2.5
  1
XXX
  7
ISO Proportional
 11
652.0
 21
43.0
 31
0.0
100
AcDbAttributeDefinition
280
     0
  3
Designed by
  2
DESIGNED_BY
 70
     8
 74
     2
280
     0
  0
ATTDEF
  5
78F
330
6EC
100
AcDbEntity
  8
Title Block
100
AcDbText
 10
747.0
 20
41.74999999999999
 30
0.0
 40
2.5
  1
XXX
  7
ISO Proportional
 11
747.0
 21
43.0
 31
0.0
100
AcDbAttributeDefinition
280
     0
  3
Filename
  2
FILENAME
 70
     8
 74
     2
280
     0
  0
ATTDEF
  5
790
330
6EC
100
AcDbEntity
  8
Title Block
100
AcDbText
 10
753.65
 20
23.5
 30
0.0
 40
3.0
  1
X
  7
ISO Proportional
 72
     4
 11
755.0
 21
25.0
 31
0.0
100
AcDbAttributeDefinition
280
     0
  3
Drawing number
  2
DRAWING_NUMBER
 70
     8
280
     0
  0
ATTDEF
  5
791
330
6EC
100
AcDbEntity
  8
Title Block
100
AcDbText
 10
709.0
 20
41.74999999999999
 30
0.0
 40
2.5
  1
XXX - 00/00/00
  7
ISO Proportional
 11
709.0
 21
43.0
 31
0.0
100
AcDbAttributeDefinition
280
     0
  3
Approved by - Date
  2
APPROVED_BY_DATE
 70
     8
 74
     2
280
     0
  0
ATTDEF
  5
792
330
6EC
100
AcDbEntity
  8
Title Block
100
AcDbText
 10
765.7499999999999
 20
32.5
 30
0.0
 40
5.0
  1
XXX
  7
ISO Proportional
 72
     4
 11
772.5
 21
35.0
 31
0.0
100
AcDbAttributeDefinition
280
     0
  3
Title / Name
  2
TITLE
 70
     8
280
     0
  0
ATTDEF
  5
793
330
6EC
100
AcDbEntity
  8
Title Block
100
AcDbText
 10
772.0
 20
41.74999999999999
 30
0.0
 40
2.5
  1
00/00/00
  7
ISO Proportional
 11
772.0
 21
43.0
 31
0.0
100
AcDbAttributeDefinition
280
     0
  3
Date
  2
DATE
 70
     8
 74
     2
280
     0
  0
ATTDEF
  5
794
330
6EC
100
AcDbEntity
  8
Title Block
100
AcDbText
 10
787.0
 20
21.75
 30
0.0
 40
2.5
  1
0
  7
ISO Proportional
 11
787.0
 21
23.0
 31
0.0
100
AcDbAttributeDefinition
280
     0
  3
Edition
  2
EDITION
 70
     8
 74
     2
280
     0
  0
ATTDEF
  5
795
330
6EC
100
AcDbEntity
  8
Title Block
100
AcDbText
 10
802.0
 20
21.75
 30
0.0
 40
2.5
  1
1/1
  7
ISO Proportional
 11
802.0
 21
23.0
 31
0.0
100
AcDbAttributeDefinition
280
     0
  3
Sheet
  2
SHEET
 70
     8
 74
     2
280
     0
  0
ATTDEF
  5
796
330
6EC
100
AcDbEntity
  8
Title Block
100
AcDbText
 10
802.0
 20
41.74999999999999
 30
0.0
 40
2.5
  1
1:1
  7
ISO Proportional
 11
802.0
 21
43.0
 31
0.0
100
AcDbAttributeDefinition
280
     0
  3
Scale
  2
SCALE
 70
     8
 74
     2
280
     0
  0
ENDBLK
  5
797
330
6EC
100
AcDbEntity
  8
0
100
AcDbBlockEnd
  0
BLOCK
  5
8FF
330
8FE
100
AcDbEntity
  8
0
100
AcDbBlockBegin
  2
grid block
 70
     0
 10
0.0
 20
0.0
 30
0.0
  3
grid block
  1

  0
LWPOLYLINE
  5
901
330
8FE
100
AcDbEntity
  8
Title Block
100
AcDbPolyline
 90
        4
 70
     1
 43
0.0
 10
0.0
 20
21.43292043272676
 10
32.44962023653233
 20
21.43292043272676
 10
32.44962023653233
 20
0.0
 10
0.0
 20
0.0
  0
LWPOLYLINE
  5
902
330
8FE
100
AcDbEntity
  8
Title Block
100
AcDbPolyline
 90
        4
 70
     1
 43
0.0
 10
0.7500000000000001
 20
20.68292043272676
 10
31.69962023653233
 20
20.68292043272676
 10
31.69962023653233
 20
0.75
 10
0.75
 20
0.75
  0
LINE
  5
903
330
8FE
100
AcDbEntity
  8
Title Block
100
AcDbLine
 10
5.75
 20
20.68292043272676
 30
0.0
 11
5.75
 21
21.43292043272676
 31
0.0
  0
LINE
  5
904
330
8FE
100
AcDbEntity
  8
Title Block
100
AcDbLine
 10
10.75
 20
20.68292043272676
 30
0.0
 11
10.75
 21
21.43292043272676
 31
0.0
  0
LINE
  5
905
330
8FE
100
AcDbEntity
  8
Title Block
100
AcDbLine
 10
15.75
 20
20.68292043272676
 30
0.0
 11
15.75
 21
21.43292043272676
 31
0.0
  0
LINE
  5
906
330
8FE
100
AcDbEntity
  8
Title Block
100
AcDbLine
 10
20.75
 20
20.68292043272676
 30
0.0
 11
20.75
 21
21.43292043272676
 31
0.0
  0
LINE
  5
907
330
8FE
100
AcDbEntity
  8
Title Block
100
AcDbLine
 10
25.75
 20
20.68292043272676
 30
0.0
 11
25.75
 21
21.43292043272676
 31
0.0
  0
LINE
  5
908
330
8FE
100
AcDbEntity
  8
Title Block
100
AcDbLine
 10
5.75
 20
0.75
 30
0.0
 11
5.75
 21
0.0
 31
0.0
  0
LINE
  5
909
330
8FE
100
AcDbEntity
  8
Title Block
100
AcDbLine
 10
10.75
 20
0.75
 30
0.0
 11
10.75
 21
0.0
 31
0.0
  0
LINE
  5
90A
330
8FE
100
AcDbEntity
  8
Title Block
100
AcDbLine
 10
15.75
 20
0.75
 30
0.0
 11
15.75
 21
0.0
 31
0.0
  0
LINE
  5
90B
330
8FE
100
AcDbEntity
  8
Title Block
100
AcDbLine
 10
20.75
 20
0.75
 30
0.0
 11
20.75
 21
0.0
 31
0.0
  0
LINE
  5
90C
330
8FE
100
AcDbEntity
  8
Title Block
100
AcDbLine
 10
25.75
 20
0.75
 30
0.0
 11
25.75
 21
0.0
 31
0.0
  0
LINE
  5
90D
330
8FE
100
AcDbEntity
  8
Title Block
100
AcDbLine
 10
0.7500000000000001
 20
16.68292043272676
 30
0.0
 11
0.0
 21
16.68292043272676
 31
0.0
  0
LINE
  5
90E
330
8FE
100
AcDbEntity
  8
Title Block
100
AcDbLine
 10
0.7500000000000001
 20
12.68292043272676
 30
0.0
 11
0.0
 21
12.68292043272676
 31
0.0
  0
LINE
  5
90F
330
8FE
100
AcDbEntity
  8
Title Block
100
AcDbLine
 10
0.7500000000000001
 20
8.68292043272676
 30
0.0
 11
0.0
 21
8.68292043272676
 31
0.0
  0
LINE
  5
910
330
8FE
100
AcDbEntity
  8
Title Block
100
AcDbLine
 10
0.7500000000000001
 20
4.68292043272676
 30
0.0
 11
0.0
 21
4.68292043272676
 31
0.0
  0
LINE
  5
911
330
8FE
100
AcDbEntity
  8
Title Block
100
AcDbLine
 10
31.69962023653233
 20
16.68292043272676
 30
0.0
 11
32.44962023653233
 21
16.68292043272676
 31
0.0
  0
LINE
  5
912
330
8FE
100
AcDbEntity
  8
Title Block
100
AcDbLine
 10
31.69962023653233
 20
12.68292043272676
 30
0.0
 11
32.44962023653233
 21
12.68292043272676
 31
0.0
  0
LINE
  5
913
330
8FE
100
AcDbEntity
  8
Title Block
100
AcDbLine
 10
31.69962023653233
 20
8.68292043272676
 30
0.0
 11
32.44962023653233
 21
8.68292043272676
 31
0.0
  0
LINE
  5
914
330
8FE
100
AcDbEntity
  8
Title Block
100
AcDbLine
 10
31.69962023653233
 20
4.68292043272676
 30
0.0
 11
32.44962023653233
 21
4.68292043272676
 31
0.0
  0
MTEXT
  5
915
330
8FE
100
AcDbEntity
  8
Title Block
100
AcDbMText
 10
0.3489463197673789
 20
19.05490808580956
 30
0.0
 40
0.25
 41
0.3489463197673786
 46
0.0
 71
     1
 72
     5
  1
A
 73
     1
 44
1.0
101
Embedded Object
 70
     1
 10
1.0
 20
0.0
 30
0.0
 11
0.3489463197673789
 21
19.05490808580956
 31
0.0
 40
0.3489463197673786
 41
0.0
 42
0.2334583901773533
 43
0.25
 71
     2
 72
     1
 44
0.3489463197673786
 45
1.0
 73
     0
 74
     0
 46
0.6070587647884168
  0
MTEXT
  5
916
330
8FE
100
AcDbEntity
  8
Title Block
100
AcDbMText
 10
0.3489463197673786
 20
14.71288572617044
 30
0.0
 40
0.25
 41
0.3489463197673786
 46
0.0
 71
     1
 72
     5
  1
B
 73
     1
 44
1.0
101
Embedded Object
 70
     1
 10
1.0
 20
0.0
 30
0.0
 11
0.3489463197673786
 21
14.71288572617044
 31
0.0
 40
0.3489463197673786
 41
0.0
 42
0.1887789904502047
 43
0.25
 71
     2
 72
     1
 44
0.3489463197673786
 45
1.0
 73
     0
 74
     0
 46
0.6070587647884168
  0
MTEXT
  5
917
330
8FE
100
AcDbEntity
  8
Title Block
100
AcDbMText
 10
0.3489463197673786
 20
11.24061839491963
 30
0.0
 40
0.25
 41
0.3489463197673786
 46
0.0
 71
     1
 72
     5
  1
C
 73
     1
 44
1.0
101
Embedded Object
 70
     1
 10
1.0
 20
0.0
 30
0.0
 11
0.3489463197673786
 21
11.24061839491963
 31
0.0
 40
0.3489463197673786
 41
0.0
 42
0.2210095497953615
 43
0.2585266030013642
 71
     2
 72
     1
 44
0.3489463197673786
 45
1.0
 73
     0
 74
     0
 46
0.6070587647884168
  0
MTEXT
  5
918
330
8FE
100
AcDbEntity
  8
Title Block
100
AcDbMText
 10
0.2039972167751216
 20
7.125999169268411
 30
0.0
 40
0.25
 41
0.3489463197673786
 46
0.0
 71
     1
 72
     5
  1
D
 73
     1
 44
1.0
101
Embedded Object
 70
     1
 10
1.0
 20
0.0
 30
0.0
 11
0.2039972167751216
 21
7.125999169268411
 31
0.0
 40
0.3489463197673786
 41
0.0
 42
0.2066848567530696
 43
0.25
 71
     2
 72
     1
 44
0.3489463197673786
 45
1.0
 73
     0
 74
     0
 46
0.6070587647884168
  0
MTEXT
  5
919
330
8FE
100
AcDbEntity
  8
Title Block
100
AcDbMText
 10
0.2039972167751216
 20
3.032988786385658
 30
0.0
 40
0.25
 41
0.3489463197673786
 46
0.0
 71
     1
 72
     5
  1
E
 73
     1
 44
1.0
101
Embedded Object
 70
     1
 10
1.0
 20
0.0
 30
0.0
 11
0.2039972167751216
 21
3.032988786385658
 31
0.0
 40
0.3489463197673786
 41
0.0
 42
0.1865620736698499
 43
0.25
 71
     2
 72
     1
 44
0.3489463197673786
 45
1.0
 73
     0
 74
     0
 46
0.6070587647884168
  0
MTEXT
  5
91A
330
8FE
100
AcDbEntity
  8
Title Block
100
AcDbMText
 10
32.04390344082003
 20
19.05490808580956
 30
0.0
 40
0.25
 41
0.3489463197673786
 46
0.0
 71
     1
 72
     5
  1
A
 73
     1
 44
1.0
101
Embedded Object
 70
     1
 10
1.0
 20
0.0
 30
0.0
 11
32.04390344082003
 21
19.05490808580956
 31
0.0
 40
0.3489463197673786
 41
0.0
 42
0.2334583901773533
 43
0.25
 71
     2
 72
     1
 44
0.3489463197673786
 45
1.0
 73
     0
 74
     0
 46
0.6070587647884168
  0
MTEXT
  5
91B
330
8FE
100
AcDbEntity
  8
Title Block
100
AcDbMText
 10
32.04390344082003
 20
14.71288572617044
 30
0.0
 40
0.25
 41
0.3489463197673786
 46
0.0
 71
     1
 72
     5
  1
B
 73
     1
 44
1.0
101
Embedded Object
 70
     1
 10
1.0
 20
0.0
 30
0.0
 11
32.04390344082003
 21
14.71288572617044
 31
0.0
 40
0.3489463197673786
 41
0.0
 42
0.1887789904502047
 43
0.25
 71
     2
 72
     1
 44
0.3489463197673786
 45
1.0
 73
     0
 74
     0
 46
0.6070587647884168
  0
MTEXT
  5
91C
330
8FE
100
AcDbEntity
  8
Title Block
100
AcDbMText
 10
32.04390344082003
 20
11.24061839491963
 30
0.0
 40
0.25
 41
0.3489463197673786
 46
0.0
 71
     1
 72
     5
  1
C
 73
     1
 44
1.0
101
Embedded Object
 70
     1
 10
1.0
 20
0.0
 30
0.0
 11
32.04390344082003
 21
11.24061839491963
 31
0.0
 40
0.3489463197673786
 41
0.0
 42
0.2210095497953615
 43
0.2585266030013642
 71
     2
 72
     1
 44
0.3489463197673786
 45
1.0
 73
     0
 74
     0
 46
0.6070587647884168
  0
MTEXT
  5
91D
330
8FE
100
AcDbEntity
  8
Title Block
100
AcDbMText
 10
31.89895433782778
 20
7.125999169268411
 30
0.0
 40
0.25
 41
0.3489463197673786
 46
0.0
 71
     1
 72
     5
  1
D
 73
     1
 44
1.0
101
Embedded Object
 70
     1
 10
1.0
 20
0.0
 30
0.0
 11
31.89895433782778
 21
7.125999169268411
 31
0.0
 40
0.3489463197673786
 41
0.0
 42
0.2066848567530696
 43
0.25
 71
     2
 72
     1
 44
0.3489463197673786
 45
1.0
 73
     0
 74
     0
 46
0.6070587647884168
  0
MTEXT
  5
91E
330
8FE
100
AcDbEntity
  8
Title Block
100
AcDbMText
 10
31.89895433782778
 20
3.032988786385658
 30
0.0
 40
0.25
 41
0.3489463197673786
 46
0.0
 71
     1
 72
     5
  1
E
 73
     1
 44
1.0
101
Embedded Object
 70
     1
 10
1.0
 20
0.0
 30
0.0
 11
31.89895433782778
 21
3.032988786385658
 31
0.0
 40
0.3489463197673786
 41
0.0
 42
0.1865620736698499
 43
0.25
 71
     2
 72
     1
 44
0.3489463197673786
 45
1.0
 73
     0
 74
     0
 46
0.6070587647884168
  0
MTEXT
  5
91F
330
8FE
100
AcDbEntity
  8
Title Block
100
AcDbMText
 10
8.433661385148866
 20
21.18292043272676
 30
0.0
 40
0.25
 41
0.3489463197673786
 46
0.0
 71
     1
 72
     5
  1
2
 73
     1
 44
1.0
101
Embedded Object
 70
     1
 10
1.0
 20
0.0
 30
0.0
 11
8.433661385148866
 21
21.18292043272676
 31
0.0
 40
0.3489463197673786
 41
0.0
 42
0.1655866302864939
 43
0.2510231923601637
 71
     2
 72
     1
 44
0.3489463197673786
 45
1.0
 73
     0
 74
     0
 46
0.6070587647884168
  0
MTEXT
  5
920
330
8FE
100
AcDbEntity
  8
Title Block
100
AcDbMText
 10
13.42142591668869
 20
21.18292043272676
 30
0.0
 40
0.25
 41
0.3489463197673786
 46
0.0
 71
     1
 72
     5
  1
3
 73
     1
 44
1.0
101
Embedded Object
 70
     1
 10
1.0
 20
0.0
 30
0.0
 11
13.42142591668869
 21
21.18292043272676
 31
0.0
 40
0.3489463197673786
 41
0.0
 42
0.1637107776261937
 43
0.2554570259208732
 71
     2
 72
     1
 44
0.3489463197673786
 45
1.0
 73
     0
 74
     0
 46
0.6070587647884168
  0
MTEXT
  5
921
330
8FE
100
AcDbEntity
  8
Title Block
100
AcDbMText
 10
18.11955975940987
 20
21.18292043272676
 30
0.0
 40
0.25
 41
0.3489463197673786
 46
0.0
 71
     1
 72
     5
  1
4
 73
     1
 44
1.0
101
Embedded Object
 70
     1
 10
1.0
 20
0.0
 30
0.0
 11
18.11955975940987
 21
21.18292043272676
 31
0.0
 40
0.3489463197673786
 41
0.0
 42
0.1729195088676671
 43
0.25
 71
     2
 72
     1
 44
0.3489463197673786
 45
1.0
 73
     0
 74
     0
 46
0.6070587647884168
  0
MTEXT
  5
922
330
8FE
100
AcDbEntity
  8
Title Block
100
AcDbMText
 10
23.20473601104743
 20
21.18292043272676
 30
0.0
 40
0.25
 41
0.3489463197673786
 46
0.0
 71
     1
 72
     5
  1
5
 73
     1
 44
1.0
101
Embedded Object
 70
     1
 10
1.0
 20
0.0
 30
0.0
 11
23.20473601104743
 21
21.18292043272676
 31
0.0
 40
0.3489463197673786
 41
0.0
 42
0.1657571623465211
 43
0.2542633015006821
 71
     2
 72
     1
 44
0.3489463197673786
 45
1.0
 73
     0
 74
     0
 46
0.6070587647884168
  0
MTEXT
  5
923
330
8FE
100
AcDbEntity
  8
Title Block
100
AcDbMText
 10
28.67595989402758
 20
21.18292043272676
 30
0.0
 40
0.25
 41
0.3489463197673786
 46
0.0
 71
     1
 72
     5
  1
6
 73
     1
 44
1.0
101
Embedded Object
 70
     1
 10
1.0
 20
0.0
 30
0.0
 11
28.67595989402758
 21
21.18292043272676
 31
0.0
 40
0.3489463197673786
 41
0.0
 42
0.165075034106412
 43
0.2552864938608458
 71
     2
 72
     1
 44
0.3489463197673786
 45
1.0
 73
     0
 74
     0
 46
0.6070587647884168
  0
MTEXT
  5
924
330
8FE
100
AcDbEntity
  8
Title Block
100
AcDbMText
 10
2.894059163524559
 20
21.18292043272676
 30
0.0
 40
0.25
 41
0.3489463197673786
 46
0.0
 71
     1
 72
     5
  1
1
 73
     1
 44
1.0
101
Embedded Object
 70
     1
 10
1.0
 20
0.0
 30
0.0
 11
2.894059163524559
 21
21.18292043272676
 31
0.0
 40
0.3489463197673786
 41
0.0
 42
0.092087312414734
 43
0.2510231923601637
 71
     2
 72
     1
 44
0.3489463197673786
 45
1.0
 73
     0
 74
     0
 46
0.6070587647884168
  0
MTEXT
  5
925
330
8FE
100
AcDbEntity
  8
Title Block
100
AcDbMText
 10
8.406801625836177
 20
0.5196061016617506
 30
0.0
 40
0.25
 41
0.3489463197673786
 46
0.0
 71
     1
 72
     5
  1
2
 73
     1
 44
1.0
101
Embedded Object
 70
     1
 10
1.0
 20
0.0
 30
0.0
 11
8.406801625836177
 21
0.5196061016617506
 31
0.0
 40
0.3489463197673786
 41
0.0
 42
0.1655866302864939
 43
0.2510231923601637
 71
     2
 72
     1
 44
0.3489463197673786
 45
1.0
 73
     0
 74
     0
 46
0.6070587647884168
  0
MTEXT
  5
926
330
8FE
100
AcDbEntity
  8
Title Block
100
AcDbMText
 10
13.394566157376
 20
0.5196061016617506
 30
0.0
 40
0.25
 41
0.3489463197673786
 46
0.0
 71
     1
 72
     5
  1
3
 73
     1
 44
1.0
101
Embedded Object
 70
     1
 10
1.0
 20
0.0
 30
0.0
 11
13.394566157376
 21
0.5196061016617506
 31
0.0
 40
0.3489463197673786
 41
0.0
 42
0.1637107776261937
 43
0.2554570259208732
 71
     2
 72
     1
 44
0.3489463197673786
 45
1.0
 73
     0
 74
     0
 46
0.6070587647884168
  0
MTEXT
  5
927
330
8FE
100
AcDbEntity
  8
Title Block
100
AcDbMText
 10
18.09270000009718
 20
0.5196061016617506
 30
0.0
 40
0.25
 41
0.3489463197673786
 46
0.0
 71
     1
 72
     5
  1
4
 73
     1
 44
1.0
101
Embedded Object
 70
     1
 10
1.0
 20
0.0
 30
0.0
 11
18.09270000009718
 21
0.5196061016617506
 31
0.0
 40
0.3489463197673786
 41
0.0
 42
0.1729195088676671
 43
0.25
 71
     2
 72
     1
 44
0.3489463197673786
 45
1.0
 73
     0
 74
     0
 46
0.6070587647884168
  0
MTEXT
  5
928
330
8FE
100
AcDbEntity
  8
Title Block
100
AcDbMText
 10
23.17787625173474
 20
0.5196061016617506
 30
0.0
 40
0.25
 41
0.3489463197673786
 46
0.0
 71
     1
 72
     5
  1
5
 73
     1
 44
1.0
101
Embedded Object
 70
     1
 10
1.0
 20
0.0
 30
0.0
 11
23.17787625173474
 21
0.5196061016617506
 31
0.0
 40
0.3489463197673786
 41
0.0
 42
0.1657571623465211
 43
0.2542633015006821
 71
     2
 72
     1
 44
0.3489463197673786
 45
1.0
 73
     0
 74
     0
 46
0.6070587647884168
  0
MTEXT
  5
929
330
8FE
100
AcDbEntity
  8
Title Block
100
AcDbMText
 10
28.6491001347149
 20
0.5196061016617506
 30
0.0
 40
0.25
 41
0.3489463197673786
 46
0.0
 71
     1
 72
     5
  1
6
 73
     1
 44
1.0
101
Embedded Object
 70
     1
 10
1.0
 20
0.0
 30
0.0
 11
28.6491001347149
 21
0.5196061016617506
 31
0.0
 40
0.3489463197673786
 41
0.0
 42
0.165075034106412
 43
0.2552864938608458
 71
     2
 72
     1
 44
0.3489463197673786
 45
1.0
 73
     0
 74
     0
 46
0.6070587647884168
  0
MTEXT
  5
92A
330
8FE
100
AcDbEntity
  8
Title Block
100
AcDbMText
 10
2.86719940421187
 20
0.5196061016617506
 30
0.0
 40
0.25
 41
0.3489463197673786
 46
0.0
 71
     1
 72
     5
  1
1
 73
     1
 44
1.0
101
Embedded Object
 70
     1
 10
1.0
 20
0.0
 30
0.0
 11
2.86719940421187
 21
0.5196061016617506
 31
0.0
 40
0.3489463197673786
 41
0.0
 42
0.092087312414734
 43
0.2510231923601637
 71
     2
 72
     1
 44
0.3489463197673786
 45
1.0
 73
     0
 74
     0
 46
0.6070587647884168
  0
ENDBLK
  5
900
330
8FE
100
AcDbEntity
  8
0
100
AcDbBlockEnd
  0
BLOCK
  5
5F
330
5D
100
AcDbEntity
 67
     1
  8
0
100
AcDbBlockBegin
  2
*Paper_Space12
 70
     0
 10
0.0
 20
0.0
 30
0.0
  3
*Paper_Space12
  1

  0
VIEWPORT
  5
6DE
102
{ACAD_XDICTIONARY
360
6DF
102
}
330
5D
100
AcDbEntity
 67
     1
  8
0
100
AcDbViewport
 10
5.781430873066458
 20
3.749453810047704
 30
0.0
 40
34.02430030833531
 41
14.46535032212658
 68
     0
 69
     0
 12
5.781430873066458
 22
3.749453810047704
 13
0.0
 23
0.0
 14
0.5
 24
0.5
 15
0.5
 25
0.5
 16
0.0
 26
0.0
 36
1.0
 17
0.0
 27
0.0
 37
0.0
 42
50.0
 43
0.0
 44
0.0
 45
14.46535032212658
 50
0.0
 51
0.0
 72
  1000
 90
   819232
  1

281
     0
 71
     1
 74
     0
110
0.0
120
0.0
130
0.0
111
1.0
121
0.0
131
0.0
112
0.0
122
1.0
132
0.0
 79
     0
146
0.0
170
     0
 61
     5
348
9F
292
     1
282
     1
141
0.0
142
0.0
 63
   250
421
  3355443
  0
VIEWPORT
  5
6E2
102
{ACAD_XDICTIONARY
360
6E3
102
}
330
5D
100
AcDbEntity
 67
     1
  8
0
100
AcDbViewport
 10
5.249999761581421
 20
3.999999761581421
 30
0.0
 40
8.399999618530275
 41
6.399999618530274
 68
     0
 69
     0
 12
57.40304646993535
 22
52.67675683959202
 13
0.0
 23
0.0
 14
0.5
 24
0.5
 15
0.5
 25
0.5
 16
0.0
 26
0.0
 36
1.0
 17
0.0
 27
0.0
 37
0.0
 42
50.0
 43
0.0
 44
0.0
 45
102.7034670108647
 50
0.0
 51
0.0
 72
  1000
 90
   819808
  1

281
     0
 71
     1
 74
     0
110
0.0
120
0.0
130
0.0
111
1.0
121
0.0
131
0.0
112
0.0
122
1.0
132
0.0
 79
     0
146
0.0
170
     0
 61
     5
348
9F
292
     1
282
     1
141
0.0
142
0.0
 63
   250
421
  3355443
  0
ENDBLK
  5
60
330
5D
100
AcDbEntity
 67
     1
  8
0
100
AcDbBlockEnd
  0
BLOCK
  5
B61
330
B60
100
AcDbEntity
  8
0
100
AcDbBlockBegin
  2
SUREGE ARR
 70
     0
 10
0.0
 20
0.0
 30
0.0
  3
SUREGE ARR
  1

  0
LINE
  5
B63
330
B60
100
AcDbEntity
  8
0
100
AcDbLine
 10
-7.443003843374867
 20
0.0
 30
0.0
 11
-3.681275018601581
 21
0.0
 31
0.0
  0
LINE
  5
B64
330
B60
100
AcDbEntity
  8
0
100
AcDbLine
 10
-3.681275018601581
 20
0.0
 30
0.0
 11
-3.681275018601581
 21
0.4096988298170459
 31
0.0
  0
LINE
  5
B65
330
B60
100
AcDbEntity
  8
0
100
AcDbLine
 10
-3.681275018601581
 20
0.4096988298170459
 30
0.0
 11
-2.041325835640918
 21
0.4096988298170459
 31
0.0
  0
LINE
  5
B66
330
B60
100
AcDbEntity
  8
0
100
AcDbLine
 10
-2.041325835640918
 20
0.4096988298170459
 30
0.0
 11
-2.041325835640918
 21
0.0
 31
0.0
  0
LINE
  5
B67
330
B60
100
AcDbEntity
  8
0
100
AcDbLine
 10
-2.041325835640918
 20
0.0
 30
0.0
 11
-0.3000603707109803
 21
0.0
 31
0.0
  0
LINE
  5
B68
330
B60
100
AcDbEntity
  8
0
100
AcDbLine
 10
-0.3000603707109803
 20
0.0
 30
0.0
 11
-0.3000603707109803
 21
0.2379337264574133
 31
0.0
  0
LINE
  5
B69
330
B60
100
AcDbEntity
  8
0
100
AcDbLine
 10
-0.3000603707109803
 20
0.2379337264574133
 30
0.0
 11
-0.3000603707109803
 21
0.0
 31
0.0
  0
LINE
  5
B6A
330
B60
100
AcDbEntity
  8
0
100
AcDbLine
 10
-0.3000603707109803
 20
0.0
 30
0.0
 11
-0.1447991110611611
 21
0.0
 31
0.0
  0
LINE
  5
B6B
330
B60
100
AcDbEntity
  8
0
100
AcDbLine
 10
-0.1447991110611611
 20
0.0
 30
0.0
 11
-0.1447991110611611
 21
0.1388303273594715
 31
0.0
  0
LINE
  5
B6C
330
B60
100
AcDbEntity
  8
0
100
AcDbLine
 10
-0.1447991110611611
 20
0.1388303273594715
 30
0.0
 11
-0.1447991110611611
 21
0.0
 31
0.0
  0
LINE
  5
B6D
330
B60
100
AcDbEntity
  8
0
100
AcDbLine
 10
-0.1447991110611611
 20
0.0
 30
0.0
 11
0.0
 21
0.0
 31
0.0
  0
LINE
  5
B6E
330
B60
100
AcDbEntity
  8
0
100
AcDbLine
 10
0.0
 20
0.0
 30
0.0
 11
0.0
 21
0.0633364007559862
 31
0.0
  0
LINE
  5
B6F
330
B60
100
AcDbEntity
  8
0
100
AcDbLine
 10
-3.681275018601581
 20
0.0
 30
0.0
 11
-3.681275018601581
 21
-0.4096988298170459
 31
0.0
  0
LINE
  5
B70
330
B60
100
AcDbEntity
  8
0
100
AcDbLine
 10
-3.681275018601581
 20
-0.4096988298170459
 30
0.0
 11
-2.041325835640918
 21
-0.4096988298170459
 31
0.0
  0
LINE
  5
B71
330
B60
100
AcDbEntity
  8
0
100
AcDbLine
 10
-2.041325835640918
 20
-0.4096988298170459
 30
0.0
 11
-2.041325835640918
 21
0.0
 31
0.0
  0
LINE
  5
B72
330
B60
100
AcDbEntity
  8
0
100
AcDbLine
 10
-2.041325835640918
 20
0.0
 30
0.0
 11
-0.3000603707109803
 21
0.0
 31
0.0
  0
LINE
  5
B73
330
B60
100
AcDbEntity
  8
0
100
AcDbLine
 10
-0.3000603707109803
 20
0.0
 30
0.0
 11
-0.3000603707109803
 21
-0.2379337264574133
 31
0.0
  0
LINE
  5
B74
330
B60
100
AcDbEntity
  8
0
100
AcDbLine
 10
-0.3000603707109803
 20
-0.2379337264574133
 30
0.0
 11
-0.3000603707109803
 21
0.0
 31
0.0
  0
LINE
  5
B75
330
B60
100
AcDbEntity
  8
0
100
AcDbLine
 10
-0.3000603707109803
 20
0.0
 30
0.0
 11
-0.1447991110611611
 21
0.0
 31
0.0
  0
LINE
  5
B76
330
B60
100
AcDbEntity
  8
0
100
AcDbLine
 10
-0.1447991110611611
 20
0.0
 30
0.0
 11
-0.1447991110611611
 21
-0.1388303273594715
 31
0.0
  0
LINE
  5
B77
330
B60
100
AcDbEntity
  8
0
100
AcDbLine
 10
-0.1447991110611611
 20
-0.1388303273594715
 30
0.0
 11
-0.1447991110611611
 21
0.0
 31
0.0
  0
LINE
  5
B78
330
B60
100
AcDbEntity
  8
0
100
AcDbLine
 10
-0.1447991110611611
 20
0.0
 30
0.0
 11
0.0
 21
0.0
 31
0.0
  0
LINE
  5
B79
330
B60
100
AcDbEntity
  8
0
100
AcDbLine
 10
0.0
 20
0.0
 30
0.0
 11
0.0
 21
-0.0633364007559862
 31
0.0
  0
ENDBLK
  5
B62
330
B60
100
AcDbEntity
  8
0
100
AcDbBlockEnd
  0
BLOCK
  5
B8B
330
B8A
100
AcDbEntity
  8
0
100
AcDbBlockBegin
  2
2post
 70
     0
 10
0.0
 20
0.0
 30
0.0
  3
2post
  1

  0
LINE
  5
B8D
330
B8A
100
AcDbEntity
  8
0
100
AcDbLine
 10
-6.134412720976364
 20
3.440227451773161
 30
0.0
 11
-6.144713793078523
 21
-0.7537391311136333
 31
0.0
  0
LINE
  5
B8E
330
B8A
100
AcDbEntity
  8
0
100
AcDbLine
 10
-6.149096340781881
 20
-2.538044534811845
 30
0.0
 11
-6.163604539301914
 21
-8.444895702090967
 31
0.0
  0
LWPOLYLINE
  5
B8F
330
B8A
100
AcDbEntity
  8
0
100
AcDbPolyline
 90
        8
 70
     1
 43
0.0
 10
-5.805860790241396
 20
-2.100673736276526
 42
0.414213562373117
 10
-5.787972792397312
 20
-1.988959728501612
 10
-6.381341082495836
 20
-1.169339236015915
 42
0.4142488348779307
 10
-6.493062893679592
 20
-1.151456888204265
 10
-6.523252154189577
 20
-1.173318093470371
 42
0.4141782907479861
 10
-6.541132348624799
 20
-1.285026451212857
 10
-5.94776669075388
 20
-2.104643307798738
 42
0.4142135623730944
 10
-5.836052682978987
 20
-2.122531305642809
  0
CIRCLE
  5
B90
330
B8A
100
AcDbEntity
  8
0
100
AcDbCircle
 10
-6.144713793078516
 20
-0.9639246549394044
 30
0.0
 40
0.2101855238257713
  0
CIRCLE
  5
B91
330
B8A
100
AcDbEntity
  8
0
100
AcDbCircle
 10
-6.164553151162706
 20
-2.328428119808712
 30
0.0
 40
0.2101855238257713
  0
LINE
  5
B92
330
B8A
100
AcDbEntity
  8
0
100
AcDbLine
 10
-6.142862485734426
 20
0.0
 30
0.0
 11
-3.396214844145788
 21
0.0
 31
0.0
  0
CIRCLE
  5
B93
330
B8A
100
AcDbEntity
  8
0
100
AcDbCircle
 10
-3.186214844145787
 20
0.0
 30
0.0
 40
0.21
  0
CIRCLE
  5
B94
330
B8A
100
AcDbEntity
  8
0
100
AcDbCircle
 10
-2.12448897129601
 20
0.0
 30
0.0
 40
0.21
  0
LINE
  5
B95
330
B8A
100
AcDbEntity
  8
0
100
AcDbLine
 10
-1.914488971296009
 20
0.0
 30
0.0
 11
-0.5562401051899997
 21
0.0
 31
0.0
  0
LINE
  5
B96
330
B8A
100
AcDbEntity
  8
0
100
AcDbLine
 10
-0.5562401051899997
 20
0.0
 30
0.0
 11
-0.5562401051899997
 21
0.426128268746048
 31
0.0
  0
LINE
  5
B97
330
B8A
100
AcDbEntity
  8
0
100
AcDbLine
 10
-6.042781471669492
 20
-1.63699212477271
 30
0.0
 11
-3.213675122471954
 21
-1.63699212477271
 31
0.0
  0
LINE
  5
B98
330
B8A
100
AcDbEntity
  8
0
100
AcDbLine
 10
-2.653891556238711
 20
0.1973356586279351
 30
0.0
 11
-2.663424187882007
 21
-1.090798168558528
 31
0.0
  0
CIRCLE
  5
B99
330
B8A
100
AcDbEntity
  8
0
100
AcDbCircle
 10
-2.667466210287223
 20
-1.63699212477271
 30
0.0
 40
0.5462089121847295
  0
CIRCLE
  5
B9A
330
B8A
100
AcDbEntity
  8
0
100
AcDbCircle
 10
-6.164553228567953
 20
-1.63699218088228
 30
0.0
 40
0.0986366824209117
  0
LINE
  5
B9B
330
B8A
100
AcDbEntity
  8
0
100
AcDbLine
 10
-2.334488971296011
 20
0.0
 30
0.0
 11
-3.186214844145787
 21
0.5262195549213047
 31
0.0
  0
LINE
  5
B9C
330
B8A
100
AcDbEntity
  8
0
100
AcDbLine
 10
-0.5562401051899997
 20
0.0
 30
0.0
 11
-0.5562401051899997
 21
-0.386906224684914
 31
0.0
  0
LINE
  5
B9D
330
B8A
100
AcDbEntity
  8
0
100
AcDbLine
 10
-0.3615394930759521
 20
0.0
 30
0.0
 11
-0.3643631367578095
 21
-0.3158183739119877
 31
0.0
  0
LINE
  5
B9E
330
B8A
100
AcDbEntity
  8
0
100
AcDbLine
 10
-0.5562401051899997
 20
0.0
 30
0.0
 11
-0.3615394930759521
 21
0.0
 31
0.0
  0
LINE
  5
B9F
330
B8A
100
AcDbEntity
  8
0
100
AcDbLine
 10
-0.3615394930759521
 20
0.0
 30
0.0
 11
-0.1687186092945012
 21
0.0
 31
0.0
  0
LINE
  5
BA0
330
B8A
100
AcDbEntity
  8
0
100
AcDbLine
 10
-0.1687186092945012
 20
0.0
 30
0.0
 11
-0.1718619672116546
 21
-0.2444992649739746
 31
0.0
  0
LINE
  5
BA1
330
B8A
100
AcDbEntity
  8
0
100
AcDbLine
 10
-0.1687186092945012
 20
0.0
 30
0.0
 11
0.0
 21
0.0
 31
0.0
  0
LINE
  5
BA2
330
B8A
100
AcDbEntity
  8
0
100
AcDbLine
 10
0.0
 20
0.0
 30
0.0
 11
0.0032679867072005
 21
-0.1796159591151323
 31
0.0
  0
LINE
  5
BA3
330
B8A
100
AcDbEntity
  8
0
100
AcDbLine
 10
-0.5562401051899997
 20
0.0
 30
0.0
 11
-0.5562401051899997
 21
0.386906224684914
 31
0.0
  0
LINE
  5
BA4
330
B8A
100
AcDbEntity
  8
0
100
AcDbLine
 10
-0.3615394930759521
 20
0.0
 30
0.0
 11
-0.3643631367578095
 21
0.3158183739119877
 31
0.0
  0
LINE
  5
BA5
330
B8A
100
AcDbEntity
  8
0
100
AcDbLine
 10
-0.5562401051899997
 20
0.0
 30
0.0
 11
-0.3615394930759521
 21
0.0
 31
0.0
  0
LINE
  5
BA6
330
B8A
100
AcDbEntity
  8
0
100
AcDbLine
 10
-0.3615394930759521
 20
0.0
 30
0.0
 11
-0.1687186092945012
 21
0.0
 31
0.0
  0
LINE
  5
BA7
330
B8A
100
AcDbEntity
  8
0
100
AcDbLine
 10
-0.1687186092945012
 20
0.0
 30
0.0
 11
-0.1718619672116546
 21
0.2444992649739746
 31
0.0
  0
LINE
  5
BA8
330
B8A
100
AcDbEntity
  8
0
100
AcDbLine
 10
-0.1687186092945012
 20
0.0
 30
0.0
 11
0.0
 21
0.0
 31
0.0
  0
LINE
  5
BA9
330
B8A
100
AcDbEntity
  8
0
100
AcDbLine
 10
0.0
 20
0.0
 30
0.0
 11
0.0032679867072005
 21
0.1796159591151323
 31
0.0
  0
MTEXT
  5
BAA
330
B8A
100
AcDbEntity
  8
0
100
AcDbMText
 10
-2.818358759093598
 20
-1.562205347950261
 30
0.0
 40
0.2
 41
0.7893724043301021
 46
0.0
 71
     1
 72
     5
  1
MI
 73
     1
 44
1.0
101
Embedded Object
 70
     1
 10
1.0
 20
0.0
 30
0.0
 11
-2.818358759093598
 21
-1.562205347950261
 31
0.0
 40
0.7893724043301021
 41
0.0
 42
0.2645293315143247
 43
0.2
 71
     2
 72
     1
 44
0.7893724043301021
 45
1.0
 73
     0
 74
     0
 46
0.0
  0
ENDBLK
  5
B8C
330
B8A
100
AcDbEntity
  8
0
100
AcDbBlockEnd
  0
BLOCK
  5
BC2
330
BC1
100
AcDbEntity
  8
0
100
AcDbBlockBegin
  2
dbreak
 70
     0
 10
0.0
 20
0.0
 30
0.0
  3
dbreak
  1

  0
LINE
  5
BC4
330
BC1
100
AcDbEntity
  8
0
100
AcDbLine
 10
0.0061618987636081
 20
-5.114533826508917
 30
0.0
 11
0.0061618987636081
 21
-4.294561259974088
 31
0.0
  0
LWPOLYLINE
  5
BC5
330
BC1
100
AcDbEntity
  8
0
100
AcDbPolyline
 90
        8
 70
     1
 43
0.0
 10
0.3648542596849182
 20
-2.946688243980375
 42
-0.414213562373117
 10
0.3827422575290029
 20
-3.058402251755289
 10
-0.2106260325695217
 20
-3.878022744240986
 42
-0.4142488348779307
 10
-0.3223478437532776
 20
-3.895905092052636
 10
-0.3525371042632628
 20
-3.87404388678653
 42
-0.4141782907479861
 10
-0.3704172986984844
 20
-3.762335529044044
 10
0.2229483591724346
 20
-2.942718672458155
 42
-0.4142135623730944
 10
0.3346623669473274
 20
-2.924830674614085
  0
CIRCLE
  5
BC6
330
BC1
100
AcDbEntity
  8
0
100
AcDbCircle
 10
0.0061618987636081
 20
-4.084375736148317
 30
0.0
 40
0.2101855238257713
  0
CIRCLE
  5
BC7
330
BC1
100
AcDbEntity
  8
0
100
AcDbCircle
 10
0.0061618987636081
 20
-2.718933860448188
 30
0.0
 40
0.2101855238257713
  0
LINE
  5
BC8
330
BC1
100
AcDbEntity
  8
0
100
AcDbLine
 10
0.0061618987636081
 20
-2.508748336622417
 30
0.0
 11
-0.0004495288321351
 21
0.183020648850146
 31
0.0
  0
CIRCLE
  5
BC9
330
BC1
100
AcDbEntity
  8
0
100
AcDbCircle
 10
0.0061618213583614
 20
-3.41036979937462
 30
0.0
 40
0.0986366824209117
  0
ENDBLK
  5
BC3
330
BC1
100
AcDbEntity
  8
0
100
AcDbBlockEnd
  0
BLOCK
  5
BDB
330
BDA
100
AcDbEntity
  8
0
100
AcDbBlockBegin
  2
cbreak
 70
     0
 10
0.0
 20
0.0
 30
0.0
  3
cbreak
  1

  0
CIRCLE
  5
BDD
330
BDA
100
AcDbEntity
  8
0
100
AcDbCircle
 10
-0.0054278617582
 20
2.174028859019969
 30
0.0
 40
0.2101855238257713
  0
LWPOLYLINE
  5
BDE
330
BDA
100
AcDbEntity
  8
0
100
AcDbPolyline
 90
        4
 70
     1
 43
0.0
 10
-1.213032236740332
 20
2.723996702800093
 10
1.213032236740332
 20
2.723996702800093
 10
1.213032236740332
 20
0.0
 10
-1.213032236740332
 20
0.0
  0
LINE
  5
BDF
330
BDA
100
AcDbEntity
  8
0
100
AcDbLine
 10
-0.0098017689007506
 20
0.6034268870874513
 30
0.0
 11
0.2255002027524142
 21
0.3606641232352103
 31
0.0
  0
LINE
  5
BE0
330
BDA
100
AcDbEntity
  8
0
100
AcDbLine
 10
-0.0098017689007506
 20
0.6034268870874513
 30
0.0
 11
-0.20365882296948
 21
0.8034306265688471
 31
0.0
  0
LINE
  5
BE1
330
BDA
100
AcDbEntity
  8
0
100
AcDbLine
 10
-0.0098017689007506
 20
0.6034268870874584
 30
0.0
 11
-0.2462934249394735
 21
0.3618229260249208
 31
0.0
  0
LINE
  5
BE2
330
BDA
100
AcDbEntity
  8
0
100
AcDbLine
 10
-0.0098017689007506
 20
0.6034268870874584
 30
0.0
 11
0.1850354244699801
 21
0.8024759295321857
 31
0.0
  0
LINE
  5
BE3
330
BDA
100
AcDbEntity
  8
0
100
AcDbLine
 10
-0.0054278617582
 20
1.963843335194198
 30
0.0
 11
-0.0054278617582
 21
1.733202730662867
 31
0.0
  0
LINE
  5
BE4
330
BDA
100
AcDbEntity
  8
0
100
AcDbLine
 10
-0.0054278617582
 20
1.733202730662867
 30
0.0
 11
-0.4184886314328651
 21
0.9201667133027058
 31
0.0
  0
ENDBLK
  5
BDC
330
BDA
100
AcDbEntity
  8
0
100
AcDbBlockEnd
  0
BLOCK
  5
BF6
330
BF5
100
AcDbEntity
  8
0
100
AcDbBlockBegin
  2
vt
 70
     0
 10
0.0
 20
0.0
 30
0.0
  3
vt
  1

  0
LWPOLYLINE
  5
BF8
330
BF5
100
AcDbEntity
  8
0
100
AcDbPolyline
 90
        6
 70
     0
 43
0.0
 10
0.0229482753960895
 20
-2.022271138083056
 10
0.0229482753960895
 20
-1.774156040914938
 42
-1.539101446973175
 10
-0.0000000000000711
 20
-1.029191653189776
 10
0.0121833280454524
 20
-1.034189657967658
 42
-1.514862551052001
 10
0.0
 20
-0.2842272654646081
 10
0.0
 20
0.0
  0
ENDBLK
  5
BF7
330
BF5
100
AcDbEntity
  8
0
100
AcDbBlockEnd
  0
BLOCK
  5
C0F
330
C0E
100
AcDbEntity
  8
0
100
AcDbBlockBegin
  2
vt1
 70
     0
 10
0.0
 20
0.0
 30
0.0
  3
vt1
  1

  0
INSERT
  5
C11
102
{ACAD_REACTORS
330
C2F
102
}
330
C0E
100
AcDbEntity
  8
0
100
AcDbBlockReference
  2
*U20
 10
-2.07420721380754
 20
-0.2036731529694151
 30
0.0
  0
LINE
  5
C12
330
C0E
100
AcDbEntity
  8
0
100
AcDbLine
 10
-2.528110578434251
 20
0.1764058486307931
 30
0.0
 11
2.620683043155764
 21
0.1764058486307931
 31
0.0
  0
LINE
  5
C13
330
C0E
100
AcDbEntity
  8
0
100
AcDbLine
 10
-2.528110578434251
 20
0.3969130641737024
 30
0.0
 11
2.620683043155764
 21
0.3969130641737024
 31
0.0
  0
ARC
  5
C14
330
C0E
100
AcDbEntity
  8
0
100
AcDbCircle
 10
-2.190151909945512
 20
0.9897653268463812
 30
0.0
 40
0.2064119871186198
100
AcDbArc
 50
157.8960803100367
 51
22.10391968996585
  0
ARC
  5
C15
330
C0E
100
AcDbEntity
  8
0
100
AcDbCircle
 10
-1.822380552991077
 20
0.9707206654330207
 30
0.0
 40
0.2012874564878762
100
AcDbArc
 50
151.2831316451489
 51
28.71686835484711
  0
ARC
  5
C16
330
C0E
100
AcDbEntity
  8
0
100
AcDbCircle
 10
-0.3016892915893266
 20
0.9897653268463812
 30
0.0
 40
0.2064119871186198
100
AcDbArc
 50
157.8960803100367
 51
22.10391968996585
  0
ARC
  5
C17
330
C0E
100
AcDbEntity
  8
0
100
AcDbCircle
 10
0.0660820653651086
 20
0.9707206654330207
 30
0.0
 40
0.2012874564878762
100
AcDbArc
 50
151.2831316451489
 51
28.71686835484711
  0
ARC
  5
C18
330
C0E
100
AcDbEntity
  8
0
100
AcDbCircle
 10
1.490674679661566
 20
0.9897653268463812
 30
0.0
 40
0.2064119871186198
100
AcDbArc
 50
157.8960803100367
 51
22.10391968996585
  0
ARC
  5
C19
330
C0E
100
AcDbEntity
  8
0
100
AcDbCircle
 10
1.858446036616001
 20
0.9707206654330207
 30
0.0
 40
0.2012874564878762
100
AcDbArc
 50
151.2831316451489
 51
28.71686835484711
  0
ENDBLK
  5
C10
330
C0E
100
AcDbEntity
  8
0
100
AcDbBlockEnd
  0
BLOCK
  5
C1B
330
C1A
100
AcDbEntity
  8
0
100
AcDbBlockBegin
  2
*U19
 70
     1
 10
0.0
 20
0.0
 30
0.0
  3
*U19
  1

  0
ARC
  5
C1C
330
C1A
100
AcDbEntity
  8
0
100
AcDbCircle
 10
0.0
 20
-0.1221196332230505
 30
0.0
 40
0.3257927861924589
100
AcDbArc
 50
345.5033567864731
 51
194.4966432135269
  0
ENDBLK
  5
C1D
330
C1A
100
AcDbEntity
  8
0
100
AcDbBlockEnd
  0
BLOCK
  5
C21
330
C20
100
AcDbEntity
  8
0
100
AcDbBlockBegin
  2
*U20
 70
     1
 10
0.0
 20
0.0
 30
0.0
  3
*U20
  1

  0
INSERT
  5
C22
330
C20
100
AcDbEntity
  8
0
  6
ByBlock
347
97
 62
     0
440
 16777216
370
    -2
380
     1
100
AcDbBlockReference
  2
*U19
 10
0.0
 20
0.0
 30
0.0
  0
INSERT
  5
C23
330
C20
100
AcDbEntity
  8
0
  6
ByBlock
347
97
 62
     0
440
 16777216
370
    -2
380
     1
100
AcDbBlockReference
  2
*U19
 10
0.6
 20
0.0
 30
0.0
  0
INSERT
  5
C24
330
C20
100
AcDbEntity
  8
0
  6
ByBlock
347
97
 62
     0
440
 16777216
370
    -2
380
     1
100
AcDbBlockReference
  2
*U19
 10
1.199999999999999
 20
0.0
 30
0.0
  0
INSERT
  5
C25
330
C20
100
AcDbEntity
  8
0
  6
ByBlock
347
97
 62
     0
440
 16777216
370
    -2
380
     1
100
AcDbBlockReference
  2
*U19
 10
1.799999999999999
 20
0.0
 30
0.0
  0
INSERT
  5
C26
330
C20
100
AcDbEntity
  8
0
  6
ByBlock
347
97
 62
     0
440
 16777216
370
    -2
380
     1
100
AcDbBlockReference
  2
*U19
 10
2.399999999999999
 20
0.0
 30
0.0
  0
INSERT
  5
C27
330
C20
100
AcDbEntity
  8
0
  6
ByBlock
347
97
 62
     0
440
 16777216
370
    -2
380
     1
100
AcDbBlockReference
  2
*U19
 10
3.0
 20
0.0
 30
0.0
  0
INSERT
  5
C28
330
C20
100
AcDbEntity
  8
0
  6
ByBlock
347
97
 62
     0
440
 16777216
370
    -2
380
     1
100
AcDbBlockReference
  2
*U19
 10
3.599999999999999
 20
0.0
 30
0.0
  0
INSERT
  5
C29
330
C20
100
AcDbEntity
  8
0
  6
ByBlock
347
97
 62
     0
440
 16777216
370
    -2
380
     1
100
AcDbBlockReference
  2
*U19
 10
4.2
 20
0.0
 30
0.0
  0
ENDBLK
  5
C2A
330
C20
100
AcDbEntity
  8
0
100
AcDbBlockEnd
  0
ENDSEC
  0
SECTION
  2
ENTITIES
  0
LINE
  5
244
330
1F
100
AcDbEntity
  8
0
100
AcDbLine
 10
39.44900310078731
 20
37.75600060739299
 30
0.0
 11
77.96080213265191
 21
37.75600060739299
 31
0.0
  0
LINE
  5
247
330
1F
100
AcDbEntity
  8
0
100
AcDbLine
 10
39.44900310078731
 20
61.83644959562816
 30
0.0
 11
77.96080213265191
 21
61.83644959562816
 31
0.0
  0
LINE
  5
248
330
1F
100
AcDbEntity
  8
0
100
AcDbLine
 10
42.23158272796399
 20
61.83644959562816
 30
0.0
 11
42.23158272796399
 21
61.01647702909332
 31
0.0
  0
LWPOLYLINE
  5
27C
330
1F
100
AcDbEntity
  8
0
100
AcDbPolyline
 90
        8
 70
     1
 43
0.0
 10
42.5902750888853
 20
59.66860401309961
 42
0.414213562373117
 10
42.60816308672938
 20
59.78031802087452
 10
42.01479479663086
 20
60.59993851336022
 42
0.4142488348779307
 10
41.90307298544711
 20
60.61782086117187
 10
41.87288372493712
 20
60.59595965590577
 42
0.4141782907479861
 10
41.8550035305019
 20
60.48425129816328
 10
42.44836918837282
 20
59.66463444157739
 42
0.4142135623730944
 10
42.56008319614771
 20
59.64674644373332
  0
CIRCLE
  5
27D
330
1F
100
AcDbEntity
  8
0
100
AcDbCircle
 10
42.23158272796399
 20
60.80629150526755
 30
0.0
 40
0.2101855238257713
  0
CIRCLE
  5
27E
330
1F
100
AcDbEntity
  8
0
100
AcDbCircle
 10
42.23158272796399
 20
59.44084962956742
 30
0.0
 40
0.2101855238257713
  0
LINE
  5
27F
330
1F
100
AcDbEntity
  8
0
100
AcDbLine
 10
42.23158272796399
 20
59.23066410574165
 30
0.0
 11
42.22497130036824
 21
56.53889512026909
 31
0.0
  0
LWPOLYLINE
  5
281
330
1F
100
AcDbEntity
  8
0
100
AcDbPolyline
 90
        8
 70
     1
 43
0.0
 10
42.54914932396066
 20
39.85081092751602
 42
0.414213562373117
 10
42.56703732180475
 20
39.96252493529093
 10
41.97366903170622
 20
40.78214542777662
 42
0.4142488348779307
 10
41.86194722052246
 20
40.80002777558827
 10
41.83175796001248
 20
40.77816657032217
 42
0.4141782907479861
 10
41.81387776557726
 20
40.66645821257968
 10
42.40724342344818
 20
39.8468413559938
 42
0.4142135623730944
 10
42.51895743122307
 20
39.82895335814973
  0
CIRCLE
  5
282
330
1F
100
AcDbEntity
  8
0
100
AcDbCircle
 10
42.19045696303935
 20
40.98849841968395
 30
0.0
 40
0.2101855238257713
  0
CIRCLE
  5
283
330
1F
100
AcDbEntity
  8
0
100
AcDbCircle
 10
42.19045696303935
 20
39.62305654398383
 30
0.0
 40
0.2101855238257713
  0
LINE
  5
284
330
1F
100
AcDbEntity
  8
0
100
AcDbLine
 10
42.19140557490014
 20
42.87298447064666
 30
0.0
 11
42.19078479452501
 21
41.19868368784619
 31
0.0
  0
LWPOLYLINE
  5
294
330
1F
100
AcDbEntity
  8
0
100
AcDbPolyline
 90
        8
 70
     1
 43
0.0
 10
42.54914932396066
 20
49.21720643646111
 42
0.414213562373117
 10
42.56703732180475
 20
49.32892044423603
 10
41.97366903170622
 20
50.14854093672172
 42
0.4142488348779307
 10
41.86194722052246
 20
50.16642328453337
 10
41.83175796001248
 20
50.14456207926727
 42
0.4141782907479861
 10
41.81387776557726
 20
50.03285372152478
 10
42.40724342344818
 20
49.2132368649389
 42
0.4142135623730944
 10
42.51895743122307
 20
49.19534886709483
  0
CIRCLE
  5
295
330
1F
100
AcDbEntity
  8
0
100
AcDbCircle
 10
42.21029632112354
 20
50.35395551779823
 30
0.0
 40
0.2101855238257713
  0
CIRCLE
  5
296
330
1F
100
AcDbEntity
  8
0
100
AcDbCircle
 10
42.19045696303935
 20
48.98945205292893
 30
0.0
 40
0.2101855238257713
  0
LWPOLYLINE
  5
297
330
1F
100
AcDbEntity
  8
0
100
AcDbPolyline
 90
        2
 70
     1
 43
0.0
 10
42.40724342344818
 20
55.18990567863313
 10
42.40724342344818
 20
55.18990567863313
  0
CIRCLE
  5
298
330
1F
100
AcDbEntity
  8
0
100
AcDbCircle
 10
42.22497130036824
 20
56.32870959644332
 30
0.0
 40
0.2101855238257713
  0
LWPOLYLINE
  5
29A
330
1F
100
AcDbEntity
  8
0
100
AcDbPolyline
 90
        4
 70
     1
 43
0.0
 10
41.01736692538611
 20
56.87867744022344
 10
43.44343139886677
 20
56.87867744022344
 10
43.44343139886677
 20
54.15468073742335
 10
41.01736692538611
 20
54.15468073742335
  0
LINE
  5
29B
330
1F
100
AcDbEntity
  8
0
100
AcDbLine
 10
42.2205973932257
 20
54.7581076245108
 30
0.0
 11
42.21029632112354
 21
50.564141041624
 31
0.0
  0
LINE
  5
29F
330
1F
100
AcDbEntity
  8
0
100
AcDbLine
 10
42.2205973932257
 20
54.7581076245108
 30
0.0
 11
42.45589936487886
 21
54.51534486065856
 31
0.0
  0
LINE
  5
2A0
330
1F
100
AcDbEntity
  8
0
100
AcDbLine
 10
42.2205973932257
 20
54.7581076245108
 30
0.0
 11
42.02674033915696
 21
54.95811136399219
 31
0.0
  0
LINE
  5
2A1
330
1F
100
AcDbEntity
  8
0
100
AcDbLine
 10
42.2205973932257
 20
54.75810762451081
 30
0.0
 11
41.98410573718697
 21
54.51650366344827
 31
0.0
  0
LINE
  5
2A2
330
1F
100
AcDbEntity
  8
0
100
AcDbLine
 10
42.2205973932257
 20
54.75810762451081
 30
0.0
 11
42.41543458659642
 21
54.95715666695553
 31
0.0
  0
LINE
  5
2A3
330
1F
100
AcDbEntity
  8
0
100
AcDbLine
 10
42.22497130036824
 20
56.11852407261754
 30
0.0
 11
42.22497130036824
 21
55.88788346808621
 31
0.0
  0
LINE
  5
2A4
330
1F
100
AcDbEntity
  8
0
100
AcDbLine
 10
42.22497130036824
 20
55.88788346808621
 30
0.0
 11
41.81191053069357
 21
55.07484745072606
 31
0.0
  0
LINE
  5
2A5
330
1F
100
AcDbEntity
  8
0
100
AcDbLine
 10
42.21214762846763
 20
51.31788017273763
 30
0.0
 11
44.95879527005627
 21
51.31788017273763
 31
0.0
  0
CIRCLE
  5
2A8
330
1F
100
AcDbEntity
  8
0
100
AcDbCircle
 10
45.16879527005627
 20
51.31788017273763
 30
0.0
 40
0.21
  0
CIRCLE
  5
2AD
330
1F
100
AcDbEntity
  8
0
100
AcDbCircle
 10
46.23052114290604
 20
51.31788017273763
 30
0.0
 40
0.21
  0
LINE
  5
2AE
330
1F
100
AcDbEntity
  8
0
100
AcDbLine
 10
46.44052114290604
 20
51.31788017273763
 30
0.0
 11
47.79877000901206
 21
51.31788017273763
 31
0.0
  0
LINE
  5
2AF
330
1F
100
AcDbEntity
  8
0
100
AcDbLine
 10
47.79877000901206
 20
51.31788017273763
 30
0.0
 11
47.79877000901206
 21
51.74400844148369
 31
0.0
  0
LINE
  5
2B0
330
1F
100
AcDbEntity
  8
0
100
AcDbLine
 10
42.20591377342017
 20
48.77983563792579
 30
0.0
 11
42.19140557490014
 21
42.87298447064666
 31
0.0
  0
LINE
  5
2B2
330
1F
100
AcDbEntity
  8
0
100
AcDbLine
 10
42.31222864253257
 20
49.68088804796493
 30
0.0
 11
45.1413349917301
 21
49.68088804796493
 31
0.0
  0
LINE
  5
2B3
330
1F
100
AcDbEntity
  8
0
100
AcDbLine
 10
45.70111855796334
 20
51.51521583136557
 30
0.0
 11
45.69158592632005
 21
50.22708200417911
 31
0.0
  0
CIRCLE
  5
2B4
330
1F
100
AcDbEntity
  8
0
100
AcDbCircle
 10
45.68754390391483
 20
49.68088804796493
 30
0.0
 40
0.5462089121847295
  0
CIRCLE
  5
2B5
330
1F
100
AcDbEntity
  8
0
100
AcDbCircle
 10
42.23158265055874
 20
60.13228556849385
 30
0.0
 40
0.0986366824209117
  0
CIRCLE
  5
2B6
330
1F
100
AcDbEntity
  8
0
100
AcDbCircle
 10
42.19045688563411
 20
49.68088799185536
 30
0.0
 40
0.0986366824209117
  0
LINE
  5
2B7
330
1F
100
AcDbEntity
  8
0
100
AcDbLine
 10
42.19012266899528
 20
39.41287128600077
 30
0.0
 11
42.18950835117857
 21
37.75600060739299
 31
0.0
  0
CIRCLE
  5
2B9
330
1F
100
AcDbEntity
  8
0
100
AcDbCircle
 10
42.19045688563411
 20
40.31449248291026
 30
0.0
 40
0.0986366824209117
  0
LINE
  5
2BA
330
1F
100
AcDbEntity
  8
0
100
AcDbLine
 10
46.02052114290605
 20
51.31788017273763
 30
0.0
 11
45.16879527005627
 21
51.84409972765894
 31
0.0
  0
LINE
  5
2BB
330
1F
100
AcDbEntity
  8
0
100
AcDbLine
 10
47.79877000901206
 20
51.31788017273763
 30
0.0
 11
47.79877000901206
 21
50.93097394805273
 31
0.0
  0
LINE
  5
2BD
330
1F
100
AcDbEntity
  8
0
100
AcDbLine
 10
47.99347062112611
 20
51.31788017273763
 30
0.0
 11
47.99064697744425
 21
51.00206179882565
 31
0.0
  0
LINE
  5
2BE
330
1F
100
AcDbEntity
  8
0
100
AcDbLine
 10
47.79877000901206
 20
51.31788017273763
 30
0.0
 11
47.99347062112611
 21
51.31788017273763
 31
0.0
  0
LINE
  5
2BF
330
1F
100
AcDbEntity
  8
0
100
AcDbLine
 10
47.99347062112611
 20
51.31788017273763
 30
0.0
 11
48.18629150490756
 21
51.31788017273763
 31
0.0
  0
LINE
  5
2C0
330
1F
100
AcDbEntity
  8
0
100
AcDbLine
 10
48.18629150490756
 20
51.31788017273763
 30
0.0
 11
48.1831481469904
 21
51.07338090776366
 31
0.0
  0
LINE
  5
2C1
330
1F
100
AcDbEntity
  8
0
100
AcDbLine
 10
48.18629150490756
 20
51.31788017273763
 30
0.0
 11
48.35501011420205
 21
51.31788017273763
 31
0.0
  0
LINE
  5
2C3
330
1F
100
AcDbEntity
  8
0
100
AcDbLine
 10
48.35501011420205
 20
51.31788017273763
 30
0.0
 11
48.35827810090925
 21
51.13826421362251
 31
0.0
  0
LINE
  5
2C4
330
1F
100
AcDbEntity
  8
0
100
AcDbLine
 10
47.79877000901206
 20
51.31788017273763
 30
0.0
 11
47.79877000901206
 21
51.70478639742255
 31
0.0
  0
LINE
  5
2C5
330
1F
100
AcDbEntity
  8
0
100
AcDbLine
 10
47.99347062112611
 20
51.31788017273763
 30
0.0
 11
47.99064697744425
 21
51.63369854664963
 31
0.0
  0
LINE
  5
2C6
330
1F
100
AcDbEntity
  8
0
100
AcDbLine
 10
47.79877000901206
 20
51.31788017273763
 30
0.0
 11
47.99347062112611
 21
51.31788017273763
 31
0.0
  0
LINE
  5
2C7
330
1F
100
AcDbEntity
  8
0
100
AcDbLine
 10
47.99347062112611
 20
51.31788017273763
 30
0.0
 11
48.18629150490756
 21
51.31788017273763
 31
0.0
  0
LINE
  5
2C8
330
1F
100
AcDbEntity
  8
0
100
AcDbLine
 10
48.18629150490756
 20
51.31788017273763
 30
0.0
 11
48.1831481469904
 21
51.56237943771161
 31
0.0
  0
LINE
  5
2C9
330
1F
100
AcDbEntity
  8
0
100
AcDbLine
 10
48.18629150490756
 20
51.31788017273763
 30
0.0
 11
48.35501011420205
 21
51.31788017273763
 31
0.0
  0
LINE
  5
2CA
330
1F
100
AcDbEntity
  8
0
100
AcDbLine
 10
48.35501011420205
 20
51.31788017273763
 30
0.0
 11
48.35827810090925
 21
51.49749613185277
 31
0.0
  0
MTEXT
  5
2D4
330
1F
100
AcDbEntity
  8
0
100
AcDbMText
 10
45.53665135510846
 20
49.75567482478737
 30
0.0
 40
0.2
 41
0.7893724043301021
 46
0.0
 71
     1
 72
     5
  1
MI
 73
     1
 44
1.0
101
Embedded Object
 70
     1
 10
1.0
 20
0.0
 30
0.0
 11
45.53665135510846
 21
49.75567482478737
 31
0.0
 40
0.7893724043301021
 41
0.0
 42
0.2645293315143247
 43
0.2
 71
     2
 72
     1
 44
0.7893724043301021
 45
1.0
 73
     0
 74
     0
 46
0.0
  0
MTEXT
  5
2DC
330
1F
100
AcDbEntity
  8
0
100
AcDbMText
 10
36.35285869860195
 20
60.54761613462722
 30
0.0
 40
0.25
 41
4.231167232830557
 46
0.0
 71
     1
 72
     5
  1
145KV 40KA-3SEC 1250A\PISOLATOR W/O ES 
 73
     1
 44
1.0
101
Embedded Object
 70
     1
 10
1.0
 20
0.0
 30
0.0
 11
36.35285869860195
 21
60.54761613462722
 31
0.0
 40
4.231167232830557
 41
0.0
 42
4.098055934515689
 43
0.6796271032287402
 71
     2
 72
     1
 44
4.231167232830557
 45
1.0
 73
     0
 74
     0
 46
1.207183184308713
  0
MTEXT
  5
2DD
330
1F
100
AcDbEntity
  8
0
100
AcDbMText
 10
36.35285869860195
 20
56.13287412949626
 30
0.0
 40
0.25
 41
4.231167232830557
 46
0.0
 71
     1
 72
     5
  1
145KV 40KA-3SEC 2000A\PSF6 CIRCUIT BREAKER
 73
     1
 44
1.0
101
Embedded Object
 70
     1
 10
1.0
 20
0.0
 30
0.0
 11
36.35285869860195
 21
56.13287412949626
 31
0.0
 40
4.231167232830557
 41
0.0
 42
4.098055934515689
 43
0.679456571168713
 71
     2
 72
     1
 44
4.231167232830557
 45
1.0
 73
     0
 74
     0
 46
1.207183184308713
  0
MTEXT
  5
2DE
330
1F
100
AcDbEntity
  8
0
100
AcDbMText
 10
36.35285869860195
 20
50.66386535981246
 30
0.0
 40
0.25
 41
4.231167232830557
 46
0.0
 71
     1
 72
     5
  1
145KV 40KA-3SEC 1250A\PISOLATOR WITH ES 
 73
     1
 44
1.0
101
Embedded Object
 70
     1
 10
1.0
 20
0.0
 30
0.0
 11
36.35285869860195
 21
50.66386535981246
 31
0.0
 40
4.231167232830557
 41
0.0
 42
4.098055934515689
 43
0.6796271032287402
 71
     2
 72
     1
 44
4.231167232830557
 45
1.0
 73
     0
 74
     0
 46
1.207183184308713
  0
MTEXT
  5
2DF
330
1F
100
AcDbEntity
  8
0
100
AcDbMText
 10
36.35285869860195
 20
41.06685671455681
 30
0.0
 40
0.25
 41
4.231167232830557
 46
0.0
 71
     1
 72
     5
  1
145KV 40KA-3SEC 1250A\PISOLATOR W/O ES 
 73
     1
 44
1.0
101
Embedded Object
 70
     1
 10
1.0
 20
0.0
 30
0.0
 11
36.35285869860195
 21
41.06685671455681
 31
0.0
 40
4.231167232830557
 41
0.0
 42
4.098055934515689
 43
0.6796271032287402
 71
     2
 72
     1
 44
4.231167232830557
 45
1.0
 73
     0
 74
     0
 46
1.207183184308713
  0
LINE
  5
2EE
330
1F
100
AcDbEntity
  8
0
100
AcDbLine
 10
57.32533444201601
 20
61.83644959562816
 30
0.0
 11
57.32533444201601
 21
61.01647702909332
 31
0.0
  0
LWPOLYLINE
  5
2EF
330
1F
100
AcDbEntity
  8
0
100
AcDbPolyline
 90
        8
 70
     1
 43
0.0
 10
57.68402680293732
 20
59.66860401309961
 42
0.414213562373117
 10
57.70191480078141
 20
59.78031802087452
 10
57.10854651068288
 20
60.59993851336022
 42
0.4142488348779307
 10
56.99682469949912
 20
60.61782086117187
 10
56.96663543898914
 20
60.59595965590577
 42
0.4141782907479861
 10
56.94875524455392
 20
60.48425129816328
 10
57.54212090242484
 20
59.66463444157739
 42
0.4142135623730944
 10
57.65383491019973
 20
59.64674644373332
  0
CIRCLE
  5
2F0
330
1F
100
AcDbEntity
  8
0
100
AcDbCircle
 10
57.32533444201601
 20
60.80629150526755
 30
0.0
 40
0.2101855238257713
  0
CIRCLE
  5
2F1
330
1F
100
AcDbEntity
  8
0
100
AcDbCircle
 10
57.32533444201601
 20
59.44084962956742
 30
0.0
 40
0.2101855238257713
  0
LINE
  5
2F2
330
1F
100
AcDbEntity
  8
0
100
AcDbLine
 10
57.32533444201601
 20
59.23066410574165
 30
0.0
 11
57.31872301442026
 21
56.53889512026909
 31
0.0
  0
LINE
  5
2F5
330
1F
100
AcDbEntity
  8
0
100
AcDbLine
 10
57.28515728895216
 20
42.87298447064666
 30
0.0
 11
57.28453650857703
 21
41.19868368784619
 31
0.0
  0
LINE
  5
2F6
330
1F
100
AcDbEntity
  8
0
100
AcDbLine
 10
57.2838743830473
 20
39.41287128600077
 30
0.0
 11
57.28326006523059
 21
37.75600060739299
 31
0.0
  0
LWPOLYLINE
  5
2F7
330
1F
100
AcDbEntity
  8
0
100
AcDbPolyline
 90
        8
 70
     1
 43
0.0
 10
57.64290103801268
 20
39.85081092751602
 42
0.414213562373117
 10
57.66078903585676
 20
39.96252493529093
 10
57.06742074575824
 20
40.78214542777662
 42
0.4142488348779307
 10
56.95569893457449
 20
40.80002777558827
 10
56.9255096740645
 20
40.77816657032217
 42
0.4141782907479861
 10
56.90762947962928
 20
40.66645821257968
 10
57.50099513750019
 20
39.8468413559938
 42
0.4142135623730944
 10
57.61270914527509
 20
39.82895335814973
  0
CIRCLE
  5
2F8
330
1F
100
AcDbEntity
  8
0
100
AcDbCircle
 10
57.28420867709137
 20
40.98849841968395
 30
0.0
 40
0.2101855238257713
  0
CIRCLE
  5
2F9
330
1F
100
AcDbEntity
  8
0
100
AcDbCircle
 10
57.28420867709137
 20
39.62305654398383
 30
0.0
 40
0.2101855238257713
  0
CIRCLE
  5
30D
330
1F
100
AcDbEntity
  8
0
100
AcDbCircle
 10
57.32533436461077
 20
60.13228556849385
 30
0.0
 40
0.0986366824209117
  0
CIRCLE
  5
30F
330
1F
100
AcDbEntity
  8
0
100
AcDbCircle
 10
57.28420859968612
 20
40.31449248291026
 30
0.0
 40
0.0986366824209117
  0
MTEXT
  5
320
330
1F
100
AcDbEntity
  8
0
100
AcDbMText
 10
51.44661041265397
 20
60.54761613462722
 30
0.0
 40
0.25
 41
4.231167232830557
 46
0.0
 71
     1
 72
     5
  1
145KV 40KA-3SEC 1250A\PISOLATOR W/O ES 
 73
     1
 44
1.0
101
Embedded Object
 70
     1
 10
1.0
 20
0.0
 30
0.0
 11
51.44661041265397
 21
60.54761613462722
 31
0.0
 40
4.231167232830557
 41
0.0
 42
4.098055934515689
 43
0.6796271032287402
 71
     2
 72
     1
 44
4.231167232830557
 45
1.0
 73
     0
 74
     0
 46
1.207183184308713
  0
MTEXT
  5
321
330
1F
100
AcDbEntity
  8
0
100
AcDbMText
 10
51.44661041265397
 20
56.13287412949626
 30
0.0
 40
0.25
 41
4.231167232830557
 46
0.0
 71
     1
 72
     5
  1
145KV 40KA-3SEC 2000A\PSF6 CIRCUIT BREAKER
 73
     1
 44
1.0
101
Embedded Object
 70
     1
 10
1.0
 20
0.0
 30
0.0
 11
51.44661041265397
 21
56.13287412949626
 31
0.0
 40
4.231167232830557
 41
0.0
 42
4.098055934515689
 43
0.679456571168713
 71
     2
 72
     1
 44
4.231167232830557
 45
1.0
 73
     0
 74
     0
 46
1.207183184308713
  0
MTEXT
  5
322
330
1F
100
AcDbEntity
  8
0
100
AcDbMText
 10
51.44661041265397
 20
50.66386535981246
 30
0.0
 40
0.25
 41
4.231167232830557
 46
0.0
 71
     1
 72
     5
  1
145KV 40KA-3SEC 1250A\PISOLATOR WITH ES 
 73
     1
 44
1.0
101
Embedded Object
 70
     1
 10
1.0
 20
0.0
 30
0.0
 11
51.44661041265397
 21
50.66386535981246
 31
0.0
 40
4.231167232830557
 41
0.0
 42
4.098055934515689
 43
0.6796271032287402
 71
     2
 72
     1
 44
4.231167232830557
 45
1.0
 73
     0
 74
     0
 46
1.207183184308713
  0
MTEXT
  5
323
330
1F
100
AcDbEntity
  8
0
100
AcDbMText
 10
51.44661041265397
 20
41.06685671455681
 30
0.0
 40
0.25
 41
4.231167232830557
 46
0.0
 71
     1
 72
     5
  1
145KV 40KA-3SEC 1250A\PISOLATOR W/O ES 
 73
     1
 44
1.0
101
Embedded Object
 70
     1
 10
1.0
 20
0.0
 30
0.0
 11
51.44661041265397
 21
41.06685671455681
 31
0.0
 40
4.231167232830557
 41
0.0
 42
4.098055934515689
 43
0.6796271032287402
 71
     2
 72
     1
 44
4.231167232830557
 45
1.0
 73
     0
 74
     0
 46
1.207183184308713
  0
LINE
  5
324
330
1F
100
AcDbEntity
  8
0
100
AcDbLine
 10
73.93686733280628
 20
61.83644959562816
 30
0.0
 11
73.93686733280628
 21
61.01647702909332
 31
0.0
  0
LWPOLYLINE
  5
325
330
1F
100
AcDbEntity
  8
0
100
AcDbPolyline
 90
        8
 70
     1
 43
0.0
 10
74.2955596937276
 20
59.66860401309961
 42
0.414213562373117
 10
74.31344769157168
 20
59.78031802087452
 10
73.72007940147316
 20
60.59993851336022
 42
0.4142488348779307
 10
73.6083575902894
 20
60.61782086117187
 10
73.57816832977942
 20
60.59595965590577
 42
0.4141782907479861
 10
73.56028813534419
 20
60.48425129816328
 10
74.15365379321511
 20
59.66463444157739
 42
0.4142135623730944
 10
74.26536780099
 20
59.64674644373332
  0
CIRCLE
  5
326
330
1F
100
AcDbEntity
  8
0
100
AcDbCircle
 10
73.93686733280628
 20
60.80629150526755
 30
0.0
 40
0.2101855238257713
  0
CIRCLE
  5
327
330
1F
100
AcDbEntity
  8
0
100
AcDbCircle
 10
73.93686733280628
 20
59.44084962956742
 30
0.0
 40
0.2101855238257713
  0
LINE
  5
328
330
1F
100
AcDbEntity
  8
0
100
AcDbLine
 10
73.93686733280628
 20
59.23066410574165
 30
0.0
 11
73.93025590521054
 21
56.53889512026909
 31
0.0
  0
LINE
  5
329
330
1F
100
AcDbEntity
  8
0
100
AcDbLine
 10
73.92588199806798
 20
54.7581076245108
 30
0.0
 11
73.91119837826247
 21
48.77983563792579
 31
0.0
  0
LINE
  5
32A
330
1F
100
AcDbEntity
  8
0
100
AcDbLine
 10
73.91119837826247
 20
48.77983563792579
 30
0.0
 11
73.89669017974243
 21
42.87298447064666
 31
0.0
  0
LINE
  5
32B
330
1F
100
AcDbEntity
  8
0
100
AcDbLine
 10
73.89669017974243
 20
42.87298447064666
 30
0.0
 11
73.8960693993673
 21
41.19868368784619
 31
0.0
  0
LINE
  5
32C
330
1F
100
AcDbEntity
  8
0
100
AcDbLine
 10
73.89540727383757
 20
39.41287128600077
 30
0.0
 11
73.89479295602086
 21
37.75600060739299
 31
0.0
  0
LWPOLYLINE
  5
32D
330
1F
100
AcDbEntity
  8
0
100
AcDbPolyline
 90
        8
 70
     1
 43
0.0
 10
74.25443392880295
 20
39.85081092751602
 42
0.414213562373117
 10
74.27232192664703
 20
39.96252493529093
 10
73.67895363654851
 20
40.78214542777662
 42
0.4142488348779307
 10
73.56723182536476
 20
40.80002777558827
 10
73.53704256485477
 20
40.77816657032217
 42
0.4141782907479861
 10
73.51916237041955
 20
40.66645821257968
 10
74.11252802829046
 20
39.8468413559938
 42
0.4142135623730944
 10
74.22424203606536
 20
39.82895335814973
  0
CIRCLE
  5
32E
330
1F
100
AcDbEntity
  8
0
100
AcDbCircle
 10
73.89574156788164
 20
40.98849841968395
 30
0.0
 40
0.2101855238257713
  0
CIRCLE
  5
32F
330
1F
100
AcDbEntity
  8
0
100
AcDbCircle
 10
73.89574156788164
 20
39.62305654398383
 30
0.0
 40
0.2101855238257713
  0
CIRCLE
  5
333
330
1F
100
AcDbEntity
  8
0
100
AcDbCircle
 10
73.93025590521054
 20
56.32870959644332
 30
0.0
 40
0.2101855238257713
  0
LWPOLYLINE
  5
334
330
1F
100
AcDbEntity
  8
0
100
AcDbPolyline
 90
        4
 70
     1
 43
0.0
 10
72.7226515302284
 20
56.87867744022344
 10
75.14871600370907
 20
56.87867744022344
 10
75.14871600370907
 20
54.15468073742335
 10
72.7226515302284
 20
54.15468073742335
  0
LINE
  5
335
330
1F
100
AcDbEntity
  8
0
100
AcDbLine
 10
73.92588199806798
 20
54.7581076245108
 30
0.0
 11
74.16118396972115
 21
54.51534486065856
 31
0.0
  0
LINE
  5
336
330
1F
100
AcDbEntity
  8
0
100
AcDbLine
 10
73.92588199806798
 20
54.7581076245108
 30
0.0
 11
73.73202494399925
 21
54.95811136399219
 31
0.0
  0
LINE
  5
337
330
1F
100
AcDbEntity
  8
0
100
AcDbLine
 10
73.92588199806798
 20
54.75810762451081
 30
0.0
 11
73.68939034202927
 21
54.51650366344827
 31
0.0
  0
LINE
  5
338
330
1F
100
AcDbEntity
  8
0
100
AcDbLine
 10
73.92588199806798
 20
54.75810762451081
 30
0.0
 11
74.12071919143873
 21
54.95715666695553
 31
0.0
  0
LINE
  5
339
330
1F
100
AcDbEntity
  8
0
100
AcDbLine
 10
73.93025590521054
 20
56.11852407261754
 30
0.0
 11
73.93025590521054
 21
55.88788346808621
 31
0.0
  0
LINE
  5
33A
330
1F
100
AcDbEntity
  8
0
100
AcDbLine
 10
73.93025590521054
 20
55.88788346808621
 30
0.0
 11
73.51719513553587
 21
55.07484745072606
 31
0.0
  0
CIRCLE
  5
343
330
1F
100
AcDbEntity
  8
0
100
AcDbCircle
 10
73.93686725540104
 20
60.13228556849385
 30
0.0
 40
0.0986366824209117
  0
CIRCLE
  5
345
330
1F
100
AcDbEntity
  8
0
100
AcDbCircle
 10
73.89574149047639
 20
40.31449248291026
 30
0.0
 40
0.0986366824209117
  0
MTEXT
  5
356
330
1F
100
AcDbEntity
  8
0
100
AcDbMText
 10
68.05814330344424
 20
60.54761613462722
 30
0.0
 40
0.25
 41
4.231167232830557
 46
0.0
 71
     1
 72
     5
  1
145KV 40KA-3SEC 1250A\PISOLATOR W/O ES 
 73
     1
 44
1.0
101
Embedded Object
 70
     1
 10
1.0
 20
0.0
 30
0.0
 11
68.05814330344424
 21
60.54761613462722
 31
0.0
 40
4.231167232830557
 41
0.0
 42
4.098055934515689
 43
0.6796271032287402
 71
     2
 72
     1
 44
4.231167232830557
 45
1.0
 73
     0
 74
     0
 46
1.207183184308713
  0
MTEXT
  5
357
330
1F
100
AcDbEntity
  8
0
100
AcDbMText
 10
68.05814330344424
 20
56.13287412949626
 30
0.0
 40
0.25
 41
4.231167232830557
 46
0.0
 71
     1
 72
     5
  1
145KV 40KA-3SEC 2000A\PSF6 CIRCUIT BREAKER
 73
     1
 44
1.0
101
Embedded Object
 70
     1
 10
1.0
 20
0.0
 30
0.0
 11
68.05814330344424
 21
56.13287412949626
 31
0.0
 40
4.231167232830557
 41
0.0
 42
4.098055934515689
 43
0.679456571168713
 71
     2
 72
     1
 44
4.231167232830557
 45
1.0
 73
     0
 74
     0
 46
1.207183184308713
  0
MTEXT
  5
358
330
1F
100
AcDbEntity
  8
0
100
AcDbMText
 10
68.56813384880308
 20
49.64005698637652
 30
0.0
 40
0.25
 41
4.231167232830557
 46
0.0
 71
     1
 72
     5
  1
CT 5-CORE\P800-400-200/1-1-1-1-1 A
 73
     1
 44
1.0
101
Embedded Object
 70
     1
 10
1.0
 20
0.0
 30
0.0
 11
68.56813384880308
 21
49.64005698637652
 31
0.0
 40
4.231167232830557
 41
0.0
 42
3.830491132332878
 43
0.6796271032287402
 71
     2
 72
     1
 44
4.231167232830557
 45
1.0
 73
     0
 74
     0
 46
1.207183184308713
  0
MTEXT
  5
359
330
1F
100
AcDbEntity
  8
0
100
AcDbMText
 10
68.05814330344424
 20
41.06685671455681
 30
0.0
 40
0.25
 41
4.231167232830557
 46
0.0
 71
     1
 72
     5
  1
145KV 40KA-3SEC 1250A\PISOLATOR W/O ES 
 73
     1
 44
1.0
101
Embedded Object
 70
     1
 10
1.0
 20
0.0
 30
0.0
 11
68.05814330344424
 21
41.06685671455681
 31
0.0
 40
4.231167232830557
 41
0.0
 42
4.098055934515689
 43
0.6796271032287402
 71
     2
 72
     1
 44
4.231167232830557
 45
1.0
 73
     0
 74
     0
 46
1.207183184308713
  0
LWPOLYLINE
  5
368
330
1F
100
AcDbEntity
  8
0
100
AcDbPolyline
 90
        4
 70
     1
 43
0.0
 10
73.09087579598736
 20
50.53672547401333
 10
75.23797532468165
 20
50.53672547401333
 10
75.23797532468165
 20
47.47832080443936
 10
73.09087579598736
 20
47.47832080443936
  0
LINE
  5
370
330
1F
100
AcDbEntity
  8
0
100
AcDbLine
 10
42.19582346599856
 20
44.67167954333587
 30
0.0
 11
47.44339652660551
 21
44.67167954333587
 31
0.0
  0
LINE
  5
371
330
1F
100
AcDbEntity
  8
0
100
AcDbLine
 10
47.44339652660551
 20
44.67167954333587
 30
0.0
 11
47.44339652660551
 21
37.86588199546742
 31
0.0
  0
LINE
  5
372
330
1F
100
AcDbEntity
  8
0
100
AcDbLine
 10
57.28957518005057
 20
44.67167954333587
 30
0.0
 11
64.98230387300828
 21
44.67167954333587
 31
0.0
  0
LINE
  5
373
330
1F
100
AcDbEntity
  8
0
100
AcDbLine
 10
64.98230387300828
 20
44.67167954333587
 30
0.0
 11
64.98230387300828
 21
61.69354190433674
 31
0.0
  0
ARC
  5
37B
330
1F
100
AcDbEntity
  8
0
100
AcDbCircle
 10
47.44618513044648
 20
37.7646435716178
 30
0.0
 40
0.1012768224962465
100
AcDbArc
 50
268.4221915475843
 51
91.577808452416
  0
LINE
  5
37C
330
1F
100
AcDbEntity
  8
0
100
AcDbLine
 10
47.4433965266055
 20
37.66340514776819
 30
0.0
 11
47.44339652660551
 21
16.84248739521335
 31
0.0
  0
ARC
  5
37D
330
1F
100
AcDbEntity
  8
0
100
AcDbCircle
 10
64.98997975370727
 20
61.8138820182288
 30
0.0
 40
0.1205846679974619
100
AcDbArc
 50
266.3503393190911
 51
93.64966068090799
  0
LINE
  5
37E
330
1F
100
AcDbEntity
  8
0
100
AcDbLine
 10
64.98230387300828
 20
61.93422213212085
 30
0.0
 11
64.98230387300828
 21
93.45043800721919
 31
0.0
  0
INSERT
  5
3CB
102
{ACAD_REACTORS
330
3D8
102
}
330
1F
100
AcDbEntity
  8
0
100
AcDbBlockReference
  2
*U1
 10
47.40860467879003
 20
21.2386812589032
 30
0.0
  0
LWPOLYLINE
  5
3E0
330
1F
100
AcDbEntity
  8
0
100
AcDbPolyline
 90
        4
 70
     1
 43
0.0
 10
46.50212390803085
 20
35.06974858200095
 10
49.0674029612586
 20
35.06974858200095
 10
49.0674029612586
 20
19.28414248572602
 10
46.50212390803085
 20
19.28414248572602
  0
INSERT
  5
3EF
102
{ACAD_REACTORS
330
403
102
}
330
1F
100
AcDbEntity
  8
0
100
AcDbBlockReference
  2
*U3
 10
64.92872549341183
 20
68.71280323277088
 30
0.0
  0
LWPOLYLINE
  5
3F0
330
1F
100
AcDbEntity
  8
0
100
AcDbPolyline
 90
        4
 70
     1
 43
0.0
 10
64.02224472265266
 20
82.54387055586864
 10
66.58752377588041
 20
82.54387055586864
 10
66.58752377588041
 20
66.7582644595937
 10
64.02224472265266
 20
66.7582644595937
  0
INSERT
  5
411
102
{ACAD_REACTORS
330
41A
102
}
330
1F
100
AcDbEntity
  8
0
100
AcDbBlockReference
  2
*U5
 10
46.49455281878521
 20
14.61928030182235
 30
0.0
  0
ARC
  5
429
330
1F
100
AcDbEntity
  8
0
100
AcDbCircle
 10
48.33698741779402
 20
15.76238775608388
 30
0.0
 40
0.1617529939745365
100
AcDbArc
 50
178.3756546707297
 51
1.624345329270252
  0
LWPOLYLINE
  5
42A
330
1F
100
AcDbEntity
  8
0
100
AcDbPolyline
 90
        3
 70
     0
 43
0.0
 10
48.58050362498419
 20
15.38192549661992
 10
48.33891821596203
 20
15.38192549661992
 10
48.12774355005863
 20
15.38192549661992
  0
LWPOLYLINE
  5
42B
330
1F
100
AcDbEntity
  8
0
100
AcDbPolyline
 90
        4
 70
     0
 43
0.0
 10
46.66532207504142
 20
14.37002015286194
 10
46.66532207504142
 20
13.92136321704417
 10
48.33891821596203
 20
13.92136321704417
 10
48.33891821596203
 20
15.38192549661992
  0
LWPOLYLINE
  5
42C
330
1F
100
AcDbEntity
  8
0
100
AcDbPolyline
 90
        4
 70
     0
 43
0.0
 10
46.69558319250164
 20
16.35384518286234
 10
46.69558319250164
 20
16.84248739521335
 10
48.33891821596203
 20
16.84248739521335
 10
48.33891821596203
 20
15.60064628620629
  0
LINE
  5
42D
330
1F
100
AcDbEntity
  8
0
100
AcDbLine
 10
47.44339652660551
 20
13.92136321704417
 30
0.0
 11
47.44339652660551
 21
1.676346482429437
 31
0.0
  0
LINE
  5
42E
330
1F
100
AcDbEntity
  8
0
100
AcDbLine
 10
47.44339652660551
 20
11.17956338367048
 30
0.0
 11
52.28866688425046
 21
11.17956338367048
 31
0.0
  0
LINE
  5
430
330
1F
100
AcDbEntity
  8
0
100
AcDbLine
 10
52.28866688425046
 20
11.92910927392077
 30
0.0
 11
52.28866688425046
 21
10.43001749342019
 31
0.0
  0
LINE
  5
431
330
1F
100
AcDbEntity
  8
0
100
AcDbLine
 10
52.74002567456591
 20
11.92910927392077
 30
0.0
 11
52.74002567456591
 21
10.43001749342019
 31
0.0
  0
LINE
  5
432
330
1F
100
AcDbEntity
  8
0
100
AcDbLine
 10
52.74002567456591
 20
11.17956338367048
 30
0.0
 11
54.32357763177833
 21
11.17956338367048
 31
0.0
  0
LINE
  5
433
330
1F
100
AcDbEntity
  8
0
100
AcDbLine
 10
54.32357763177833
 20
11.17956338367048
 30
0.0
 11
54.32357763177833
 21
11.54510484217883
 31
0.0
  0
LINE
  5
434
330
1F
100
AcDbEntity
  8
0
100
AcDbLine
 10
54.32357763177833
 20
11.54510484217883
 30
0.0
 11
55.80869024109006
 21
11.54510484217883
 31
0.0
  0
LINE
  5
435
330
1F
100
AcDbEntity
  8
0
100
AcDbLine
 10
55.80869024109006
 20
11.54510484217883
 30
0.0
 11
55.80869024109006
 21
11.17956338367048
 31
0.0
  0
LINE
  5
436
330
1F
100
AcDbEntity
  8
0
100
AcDbLine
 10
55.80869024109006
 20
11.17956338367048
 30
0.0
 11
56.9172954157035
 21
11.17956338367048
 31
0.0
  0
LINE
  5
437
330
1F
100
AcDbEntity
  8
0
100
AcDbLine
 10
56.9172954157035
 20
11.17956338367048
 30
0.0
 11
56.9172954157035
 21
11.94224992456696
 31
0.0
  0
LINE
  5
438
330
1F
100
AcDbEntity
  8
0
100
AcDbLine
 10
54.32357763177833
 20
11.17956338367048
 30
0.0
 11
54.32357763177833
 21
10.81402192516214
 31
0.0
  0
LINE
  5
439
330
1F
100
AcDbEntity
  8
0
100
AcDbLine
 10
54.32357763177833
 20
10.81402192516214
 30
0.0
 11
55.80869024109006
 21
10.81402192516214
 31
0.0
  0
LINE
  5
43A
330
1F
100
AcDbEntity
  8
0
100
AcDbLine
 10
55.80869024109006
 20
10.81402192516214
 30
0.0
 11
55.80869024109006
 21
11.17956338367048
 31
0.0
  0
LINE
  5
43B
330
1F
100
AcDbEntity
  8
0
100
AcDbLine
 10
55.80869024109006
 20
11.17956338367048
 30
0.0
 11
56.9172954157035
 21
11.17956338367048
 31
0.0
  0
LINE
  5
43C
330
1F
100
AcDbEntity
  8
0
100
AcDbLine
 10
56.9172954157035
 20
11.17956338367048
 30
0.0
 11
56.9172954157035
 21
10.416876842774
 31
0.0
  0
LINE
  5
43D
330
1F
100
AcDbEntity
  8
0
100
AcDbLine
 10
57.35655423884498
 20
11.17956338367048
 30
0.0
 11
57.35655423884498
 21
11.94224992456696
 31
0.0
  0
LINE
  5
43E
330
1F
100
AcDbEntity
  8
0
100
AcDbLine
 10
57.35655423884498
 20
11.17956338367048
 30
0.0
 11
57.35655423884498
 21
10.416876842774
 31
0.0
  0
LINE
  5
43F
330
1F
100
AcDbEntity
  8
0
100
AcDbLine
 10
57.35655423884498
 20
11.17956338367048
 30
0.0
 11
58.21415475564709
 21
11.17956338367048
 31
0.0
  0
LINE
  5
440
330
1F
100
AcDbEntity
  8
0
100
AcDbLine
 10
58.21415475564709
 20
11.17956338367048
 30
0.0
 11
58.21415475564709
 21
11.54510484217883
 31
0.0
  0
LINE
  5
443
330
1F
100
AcDbEntity
  8
0
100
AcDbLine
 10
58.21415475564709
 20
11.17956338367048
 30
0.0
 11
58.44619458523414
 21
11.17956338367048
 31
0.0
  0
LINE
  5
444
330
1F
100
AcDbEntity
  8
0
100
AcDbLine
 10
58.44619458523414
 20
11.17956338367048
 30
0.0
 11
58.44619458523414
 21
11.34599435399161
 31
0.0
  0
LINE
  5
445
330
1F
100
AcDbEntity
  8
0
100
AcDbLine
 10
58.44619458523414
 20
11.34599435399161
 30
0.0
 11
58.44619458523414
 21
11.17956338367048
 31
0.0
  0
LINE
  5
446
330
1F
100
AcDbEntity
  8
0
100
AcDbLine
 10
58.44619458523414
 20
11.17956338367048
 30
0.0
 11
58.68243468480352
 21
11.17956338367048
 31
0.0
  0
LINE
  5
447
330
1F
100
AcDbEntity
  8
0
100
AcDbLine
 10
58.68243468480352
 20
11.17956338367048
 30
0.0
 11
58.68243468480352
 21
11.2592957382472
 31
0.0
  0
LINE
  5
448
330
1F
100
AcDbEntity
  8
0
100
AcDbLine
 10
58.21415475564709
 20
11.17956338367048
 30
0.0
 11
58.21415475564709
 21
10.81402192516214
 31
0.0
  0
LINE
  5
449
330
1F
100
AcDbEntity
  8
0
100
AcDbLine
 10
58.21415475564709
 20
11.17956338367048
 30
0.0
 11
58.44619458523414
 21
11.17956338367048
 31
0.0
  0
LINE
  5
44A
330
1F
100
AcDbEntity
  8
0
100
AcDbLine
 10
58.44619458523414
 20
11.17956338367048
 30
0.0
 11
58.44619458523414
 21
11.01313241334935
 31
0.0
  0
LINE
  5
44B
330
1F
100
AcDbEntity
  8
0
100
AcDbLine
 10
58.44619458523414
 20
11.01313241334935
 30
0.0
 11
58.44619458523414
 21
11.17956338367048
 31
0.0
  0
LINE
  5
44C
330
1F
100
AcDbEntity
  8
0
100
AcDbLine
 10
58.44619458523414
 20
11.17956338367048
 30
0.0
 11
58.68243468480352
 21
11.17956338367048
 31
0.0
  0
LINE
  5
44D
330
1F
100
AcDbEntity
  8
0
100
AcDbLine
 10
58.68243468480352
 20
11.17956338367048
 30
0.0
 11
58.68243468480352
 21
11.09983102909376
 31
0.0
  0
LINE
  5
44E
330
1F
100
AcDbEntity
  8
0
100
AcDbLine
 10
47.44339652660551
 20
6.376986741347764
 30
0.0
 11
51.2051253513788
 21
6.376986741347764
 31
0.0
  0
LINE
  5
44F
330
1F
100
AcDbEntity
  8
0
100
AcDbLine
 10
51.2051253513788
 20
6.376986741347764
 30
0.0
 11
51.2051253513788
 21
6.786685571164809
 31
0.0
  0
LINE
  5
450
330
1F
100
AcDbEntity
  8
0
100
AcDbLine
 10
51.2051253513788
 20
6.786685571164809
 30
0.0
 11
52.84507453433946
 21
6.786685571164809
 31
0.0
  0
LINE
  5
452
330
1F
100
AcDbEntity
  8
0
100
AcDbLine
 10
52.84507453433946
 20
6.786685571164809
 30
0.0
 11
52.84507453433946
 21
6.376986741347764
 31
0.0
  0
LINE
  5
453
330
1F
100
AcDbEntity
  8
0
100
AcDbLine
 10
52.84507453433946
 20
6.376986741347764
 30
0.0
 11
54.5863399992694
 21
6.376986741347764
 31
0.0
  0
LINE
  5
454
330
1F
100
AcDbEntity
  8
0
100
AcDbLine
 10
54.5863399992694
 20
6.376986741347764
 30
0.0
 11
54.5863399992694
 21
6.614920467805177
 31
0.0
  0
LINE
  5
455
330
1F
100
AcDbEntity
  8
0
100
AcDbLine
 10
54.5863399992694
 20
6.614920467805177
 30
0.0
 11
54.5863399992694
 21
6.376986741347764
 31
0.0
  0
LINE
  5
456
330
1F
100
AcDbEntity
  8
0
100
AcDbLine
 10
54.5863399992694
 20
6.376986741347764
 30
0.0
 11
54.74160125891922
 21
6.376986741347764
 31
0.0
  0
LINE
  5
457
330
1F
100
AcDbEntity
  8
0
100
AcDbLine
 10
54.74160125891922
 20
6.376986741347764
 30
0.0
 11
54.74160125891922
 21
6.515817068707235
 31
0.0
  0
LINE
  5
458
330
1F
100
AcDbEntity
  8
0
100
AcDbLine
 10
54.74160125891922
 20
6.515817068707235
 30
0.0
 11
54.74160125891922
 21
6.376986741347764
 31
0.0
  0
LINE
  5
45A
330
1F
100
AcDbEntity
  8
0
100
AcDbLine
 10
54.74160125891922
 20
6.376986741347764
 30
0.0
 11
54.88640036998038
 21
6.376986741347764
 31
0.0
  0
LINE
  5
45B
330
1F
100
AcDbEntity
  8
0
100
AcDbLine
 10
54.88640036998038
 20
6.376986741347764
 30
0.0
 11
54.88640036998038
 21
6.44032314210375
 31
0.0
  0
LINE
  5
45C
330
1F
100
AcDbEntity
  8
0
100
AcDbLine
 10
51.2051253513788
 20
6.376986741347764
 30
0.0
 11
51.2051253513788
 21
5.967287911530718
 31
0.0
  0
LINE
  5
45D
330
1F
100
AcDbEntity
  8
0
100
AcDbLine
 10
51.2051253513788
 20
5.967287911530718
 30
0.0
 11
52.84507453433946
 21
5.967287911530718
 31
0.0
  0
LINE
  5
45E
330
1F
100
AcDbEntity
  8
0
100
AcDbLine
 10
52.84507453433946
 20
5.967287911530718
 30
0.0
 11
52.84507453433946
 21
6.376986741347764
 31
0.0
  0
LINE
  5
45F
330
1F
100
AcDbEntity
  8
0
100
AcDbLine
 10
52.84507453433946
 20
6.376986741347764
 30
0.0
 11
54.5863399992694
 21
6.376986741347764
 31
0.0
  0
LINE
  5
460
330
1F
100
AcDbEntity
  8
0
100
AcDbLine
 10
54.5863399992694
 20
6.376986741347764
 30
0.0
 11
54.5863399992694
 21
6.13905301489035
 31
0.0
  0
LINE
  5
461
330
1F
100
AcDbEntity
  8
0
100
AcDbLine
 10
54.5863399992694
 20
6.13905301489035
 30
0.0
 11
54.5863399992694
 21
6.376986741347764
 31
0.0
  0
LINE
  5
462
330
1F
100
AcDbEntity
  8
0
100
AcDbLine
 10
54.5863399992694
 20
6.376986741347764
 30
0.0
 11
54.74160125891922
 21
6.376986741347764
 31
0.0
  0
LINE
  5
463
330
1F
100
AcDbEntity
  8
0
100
AcDbLine
 10
54.74160125891922
 20
6.376986741347764
 30
0.0
 11
54.74160125891922
 21
6.238156413988292
 31
0.0
  0
LINE
  5
464
330
1F
100
AcDbEntity
  8
0
100
AcDbLine
 10
54.74160125891922
 20
6.238156413988292
 30
0.0
 11
54.74160125891922
 21
6.376986741347764
 31
0.0
  0
LINE
  5
465
330
1F
100
AcDbEntity
  8
0
100
AcDbLine
 10
54.74160125891922
 20
6.376986741347764
 30
0.0
 11
54.88640036998038
 21
6.376986741347764
 31
0.0
  0
LINE
  5
466
330
1F
100
AcDbEntity
  8
0
100
AcDbLine
 10
54.88640036998038
 20
6.376986741347764
 30
0.0
 11
54.88640036998038
 21
6.313650340591777
 31
0.0
  0
LINE
  5
467
330
1F
100
AcDbEntity
  8
0
100
AcDbLine
 10
47.44339652660551
 20
3.014701453911186
 30
0.0
 11
47.02103017152
 21
2.503470462899201
 31
0.0
  0
LINE
  5
468
330
1F
100
AcDbEntity
  8
0
100
AcDbLine
 10
47.44339652660551
 20
3.014701453911186
 30
0.0
 11
47.86576288169101
 21
2.503470462899201
 31
0.0
  0
LINE
  5
496
330
1F
100
AcDbEntity
  8
0
100
AcDbLine
 10
71.90197988029105
 20
68.57472115462842
 30
0.0
 11
71.90197988029105
 21
69.2277221323474
 31
0.0
  0
LINE
  5
497
330
1F
100
AcDbEntity
  8
0
100
AcDbLine
 10
71.90197988029105
 20
69.2277221323474
 30
0.0
 11
72.09491723913593
 21
69.2277221323474
 31
0.0
  0
LINE
  5
498
330
1F
100
AcDbEntity
  8
0
100
AcDbLine
 10
72.09491723913593
 20
69.2277221323474
 30
0.0
 11
72.09491723913593
 21
70.07631484582564
 31
0.0
  0
LINE
  5
499
330
1F
100
AcDbEntity
  8
0
100
AcDbLine
 10
72.09491723913593
 20
70.07631484582564
 30
0.0
 11
71.90197988029105
 21
70.07631484582564
 31
0.0
  0
LINE
  5
49A
330
1F
100
AcDbEntity
  8
0
100
AcDbLine
 10
71.90197988029105
 20
70.07631484582564
 30
0.0
 11
71.90197988029105
 21
70.61129741572617
 31
0.0
  0
LINE
  5
49B
102
{ACAD_REACTORS
330
4DF
102
}
330
1F
100
AcDbEntity
  8
0
100
AcDbLine
 10
71.90197988029105
 20
70.61129741572617
 30
0.0
 11
72.01184363999731
 21
70.61129741572617
 31
0.0
  0
LINE
  5
49C
102
{ACAD_REACTORS
330
4DF
102
}
330
1F
100
AcDbEntity
  8
0
100
AcDbLine
 10
72.01184363999731
 20
70.61129741572617
 30
0.0
 11
71.90197988029105
 21
70.89723643461858
 31
0.0
  0
LINE
  5
49D
330
1F
100
AcDbEntity
  8
0
100
AcDbLine
 10
71.90197988029105
 20
70.89723643461858
 30
0.0
 11
71.90197988029105
 21
73.3602417913134
 31
0.0
  0
LINE
  5
49E
330
1F
100
AcDbEntity
  8
0
100
AcDbLine
 10
71.90197988029105
 20
69.2277221323474
 30
0.0
 11
71.70904252144616
 21
69.2277221323474
 31
0.0
  0
LINE
  5
49F
330
1F
100
AcDbEntity
  8
0
100
AcDbLine
 10
71.70904252144616
 20
69.2277221323474
 30
0.0
 11
71.70904252144616
 21
70.07631484582564
 31
0.0
  0
LINE
  5
4A0
330
1F
100
AcDbEntity
  8
0
100
AcDbLine
 10
71.70904252144616
 20
70.07631484582564
 30
0.0
 11
71.90197988029105
 21
70.07631484582564
 31
0.0
  0
LINE
  5
4A1
330
1F
100
AcDbEntity
  8
0
100
AcDbLine
 10
71.90197988029105
 20
70.07631484582564
 30
0.0
 11
71.90197988029105
 21
70.61129741572617
 31
0.0
  0
LINE
  5
4A2
102
{ACAD_REACTORS
330
4DF
102
}
330
1F
100
AcDbEntity
  8
0
100
AcDbLine
 10
71.90197988029105
 20
70.61129741572617
 30
0.0
 11
71.79211612058479
 21
70.61129741572617
 31
0.0
  0
LINE
  5
4A3
102
{ACAD_REACTORS
330
4DF
102
}
330
1F
100
AcDbEntity
  8
0
100
AcDbLine
 10
71.79211612058479
 20
70.61129741572617
 30
0.0
 11
71.90197988029105
 21
70.89723643461858
 31
0.0
  0
LINE
  5
4A4
330
1F
100
AcDbEntity
  8
0
100
AcDbLine
 10
71.70904252144616
 20
69.94619796441455
 30
0.0
 11
72.09491723913593
 21
69.95198546637786
 31
0.0
  0
LINE
  5
4A5
330
1F
100
AcDbEntity
  8
0
100
AcDbLine
 10
71.70904252144616
 20
69.35783901375848
 30
0.0
 11
72.09491723913593
 21
69.35205151179516
 31
0.0
  0
LINE
  5
4A8
330
1F
100
AcDbEntity
  8
0
100
AcDbLine
 10
73.79044249864723
 20
68.57472115462842
 30
0.0
 11
73.79044249864723
 21
69.2277221323474
 31
0.0
  0
LINE
  5
4A9
330
1F
100
AcDbEntity
  8
0
100
AcDbLine
 10
73.79044249864723
 20
69.2277221323474
 30
0.0
 11
73.98337985749212
 21
69.2277221323474
 31
0.0
  0
LINE
  5
4AA
330
1F
100
AcDbEntity
  8
0
100
AcDbLine
 10
73.98337985749212
 20
69.2277221323474
 30
0.0
 11
73.98337985749212
 21
70.07631484582564
 31
0.0
  0
LINE
  5
4AB
330
1F
100
AcDbEntity
  8
0
100
AcDbLine
 10
73.98337985749212
 20
70.07631484582564
 30
0.0
 11
73.79044249864723
 21
70.07631484582564
 31
0.0
  0
LINE
  5
4AC
330
1F
100
AcDbEntity
  8
0
100
AcDbLine
 10
73.79044249864723
 20
70.07631484582564
 30
0.0
 11
73.79044249864723
 21
70.61129741572617
 31
0.0
  0
LINE
  5
4AD
102
{ACAD_REACTORS
330
4DF
102
}
330
1F
100
AcDbEntity
  8
0
100
AcDbLine
 10
73.79044249864723
 20
70.61129741572617
 30
0.0
 11
73.9003062583535
 21
70.61129741572617
 31
0.0
  0
LINE
  5
4AE
102
{ACAD_REACTORS
330
4DF
102
}
330
1F
100
AcDbEntity
  8
0
100
AcDbLine
 10
73.9003062583535
 20
70.61129741572617
 30
0.0
 11
73.79044249864723
 21
70.89723643461858
 31
0.0
  0
LINE
  5
4AF
330
1F
100
AcDbEntity
  8
0
100
AcDbLine
 10
73.79044249864723
 20
70.89723643461858
 30
0.0
 11
73.79044249864723
 21
73.3602417913134
 31
0.0
  0
LINE
  5
4B0
330
1F
100
AcDbEntity
  8
0
100
AcDbLine
 10
73.79044249864723
 20
69.2277221323474
 30
0.0
 11
73.59750513980235
 21
69.2277221323474
 31
0.0
  0
LINE
  5
4B1
330
1F
100
AcDbEntity
  8
0
100
AcDbLine
 10
73.59750513980235
 20
69.2277221323474
 30
0.0
 11
73.59750513980235
 21
70.07631484582564
 31
0.0
  0
LINE
  5
4B2
330
1F
100
AcDbEntity
  8
0
100
AcDbLine
 10
73.59750513980235
 20
70.07631484582564
 30
0.0
 11
73.79044249864723
 21
70.07631484582564
 31
0.0
  0
LINE
  5
4B3
330
1F
100
AcDbEntity
  8
0
100
AcDbLine
 10
73.79044249864723
 20
70.07631484582564
 30
0.0
 11
73.79044249864723
 21
70.61129741572617
 31
0.0
  0
LINE
  5
4B4
102
{ACAD_REACTORS
330
4DF
102
}
330
1F
100
AcDbEntity
  8
0
100
AcDbLine
 10
73.79044249864723
 20
70.61129741572617
 30
0.0
 11
73.68057873894098
 21
70.61129741572617
 31
0.0
  0
LINE
  5
4B5
102
{ACAD_REACTORS
330
4DF
102
}
330
1F
100
AcDbEntity
  8
0
100
AcDbLine
 10
73.68057873894098
 20
70.61129741572617
 30
0.0
 11
73.79044249864723
 21
70.89723643461858
 31
0.0
  0
LINE
  5
4B6
330
1F
100
AcDbEntity
  8
0
100
AcDbLine
 10
73.59750513980235
 20
69.94619796441455
 30
0.0
 11
73.98337985749212
 21
69.95198546637786
 31
0.0
  0
LINE
  5
4B7
330
1F
100
AcDbEntity
  8
0
100
AcDbLine
 10
73.59750513980235
 20
69.35783901375848
 30
0.0
 11
73.98337985749212
 21
69.35205151179516
 31
0.0
  0
LINE
  5
4BA
330
1F
100
AcDbEntity
  8
0
100
AcDbLine
 10
75.58280646989813
 20
68.57472115462842
 30
0.0
 11
75.58280646989813
 21
69.2277221323474
 31
0.0
  0
LINE
  5
4BB
330
1F
100
AcDbEntity
  8
0
100
AcDbLine
 10
75.58280646989813
 20
69.2277221323474
 30
0.0
 11
75.77574382874302
 21
69.2277221323474
 31
0.0
  0
LINE
  5
4BC
330
1F
100
AcDbEntity
  8
0
100
AcDbLine
 10
75.77574382874302
 20
69.2277221323474
 30
0.0
 11
75.77574382874302
 21
70.07631484582564
 31
0.0
  0
LINE
  5
4BD
330
1F
100
AcDbEntity
  8
0
100
AcDbLine
 10
75.77574382874302
 20
70.07631484582564
 30
0.0
 11
75.58280646989813
 21
70.07631484582564
 31
0.0
  0
LINE
  5
4BE
330
1F
100
AcDbEntity
  8
0
100
AcDbLine
 10
75.58280646989813
 20
70.07631484582564
 30
0.0
 11
75.58280646989813
 21
70.61129741572617
 31
0.0
  0
LINE
  5
4BF
102
{ACAD_REACTORS
330
4DF
102
}
330
1F
100
AcDbEntity
  8
0
100
AcDbLine
 10
75.58280646989813
 20
70.61129741572617
 30
0.0
 11
75.69267022960438
 21
70.61129741572617
 31
0.0
  0
LINE
  5
4C0
102
{ACAD_REACTORS
330
4DF
102
}
330
1F
100
AcDbEntity
  8
0
100
AcDbLine
 10
75.69267022960438
 20
70.61129741572617
 30
0.0
 11
75.58280646989813
 21
70.89723643461858
 31
0.0
  0
LINE
  5
4C1
330
1F
100
AcDbEntity
  8
0
100
AcDbLine
 10
75.58280646989813
 20
70.89723643461858
 30
0.0
 11
75.58280646989813
 21
73.3602417913134
 31
0.0
  0
LINE
  5
4C2
330
1F
100
AcDbEntity
  8
0
100
AcDbLine
 10
75.58280646989813
 20
69.2277221323474
 30
0.0
 11
75.38986911105324
 21
69.2277221323474
 31
0.0
  0
LINE
  5
4C3
330
1F
100
AcDbEntity
  8
0
100
AcDbLine
 10
75.38986911105324
 20
69.2277221323474
 30
0.0
 11
75.38986911105324
 21
70.07631484582564
 31
0.0
  0
LINE
  5
4C4
330
1F
100
AcDbEntity
  8
0
100
AcDbLine
 10
75.38986911105324
 20
70.07631484582564
 30
0.0
 11
75.58280646989813
 21
70.07631484582564
 31
0.0
  0
LINE
  5
4C5
330
1F
100
AcDbEntity
  8
0
100
AcDbLine
 10
75.58280646989813
 20
70.07631484582564
 30
0.0
 11
75.58280646989813
 21
70.61129741572617
 31
0.0
  0
LINE
  5
4C6
102
{ACAD_REACTORS
330
4DF
102
}
330
1F
100
AcDbEntity
  8
0
100
AcDbLine
 10
75.58280646989813
 20
70.61129741572617
 30
0.0
 11
75.47294271019187
 21
70.61129741572617
 31
0.0
  0
LINE
  5
4C7
102
{ACAD_REACTORS
330
4DF
102
}
330
1F
100
AcDbEntity
  8
0
100
AcDbLine
 10
75.47294271019187
 20
70.61129741572617
 30
0.0
 11
75.58280646989813
 21
70.89723643461858
 31
0.0
  0
LINE
  5
4C8
330
1F
100
AcDbEntity
  8
0
100
AcDbLine
 10
75.38986911105324
 20
69.94619796441455
 30
0.0
 11
75.77574382874302
 21
69.95198546637786
 31
0.0
  0
LINE
  5
4C9
330
1F
100
AcDbEntity
  8
0
100
AcDbLine
 10
75.38986911105324
 20
69.35783901375848
 30
0.0
 11
75.77574382874302
 21
69.35205151179516
 31
0.0
  0
HATCH
  5
4DF
330
1F
100
AcDbEntity
  8
0
100
AcDbHatch
 10
0.0
 20
0.0
 30
0.0
210
0.0
220
0.0
230
1.0
  2
SOLID
 70
     1
 71
     1
 91
        3
 92
        7
 72
     0
 73
     1
 93
        4
 10
71.90197988029105
 20
70.89723643461858
 10
71.79211612058479
 20
70.61129741572617
 10
71.90197988029105
 20
70.61129741572617
 10
72.01184363999731
 20
70.61129741572617
 97
        4
330
4A3
330
4A2
330
49B
330
49C
 92
        7
 72
     0
 73
     1
 93
        4
 10
73.79044249864723
 20
70.89723643461858
 10
73.68057873894098
 20
70.61129741572617
 10
73.79044249864723
 20
70.61129741572617
 10
73.9003062583535
 20
70.61129741572617
 97
        4
330
4B5
330
4B4
330
4AD
330
4AE
 92
        7
 72
     0
 73
     1
 93
        4
 10
75.58280646989813
 20
70.89723643461858
 10
75.47294271019187
 20
70.61129741572617
 10
75.58280646989813
 20
70.61129741572617
 10
75.69267022960438
 20
70.61129741572617
 97
        4
330
4C7
330
4C6
330
4BF
330
4C0
 75
     1
 76
     1
 47
0.0058884352235688
 98
        3
 10
71.95794973215242
 20
70.68646884082141
 10
73.8082197292049
 20
70.68646884082141
 10
75.55831669183453
 20
70.69824576536155
450
        0
451
        0
460
0.0
461
0.0
452
        0
462
0.0
453
        2
463
0.0
 63
     5
421
      255
463
1.0
 63
     2
421
 16776960
470
LINEAR
1001
GradientColor1ACI
1070
     5
1001
GradientColor2ACI
1070
     2
1001
ACAD
1010
0.0
1020
0.0
1030
0.0
  0
CIRCLE
  5
4E7
330
1F
100
AcDbEntity
  8
0
100
AcDbCircle
 10
64.98230387300828
 20
95.52694641638955
 30
0.0
 40
2.076508409170358
  0
CIRCLE
  5
4E8
102
{ACAD_REACTORS
330
4F9
102
}
330
1F
100
AcDbEntity
  8
0
100
AcDbCircle
 10
64.98230387300828
 20
98.21764190019724
 30
0.0
 40
1.63854507587424
  0
LINE
  5
4E9
330
1F
100
AcDbEntity
  8
0
100
AcDbLine
 10
64.00572273489473
 20
96.34685078246894
 30
0.0
 11
64.98230387300828
 21
95.52694641638955
 31
0.0
  0
LINE
  5
4EA
330
1F
100
AcDbEntity
  8
0
100
AcDbLine
 10
64.98230387300828
 20
95.52694641638955
 30
0.0
 11
64.98230387300828
 21
94.21018514010732
 31
0.0
  0
LINE
  5
4EB
330
1F
100
AcDbEntity
  8
0
100
AcDbLine
 10
65.95888501112182
 20
96.34685078246894
 30
0.0
 11
64.98230387300828
 21
95.52694641638955
 31
0.0
  0
LINE
  5
4EC
330
1F
100
AcDbEntity
  8
0
100
AcDbLine
 10
64.35228801461431
 20
97.90867129697334
 30
0.0
 11
65.63161158576651
 21
97.90867129697334
 31
0.0
  0
LINE
  5
4ED
330
1F
100
AcDbEntity
  8
0
100
AcDbLine
 10
65.63161158576651
 20
97.90867129697334
 30
0.0
 11
64.99194980019041
 21
98.95323672850059
 31
0.0
  0
LINE
  5
4EE
330
1F
100
AcDbEntity
  8
0
100
AcDbLine
 10
64.99194980019041
 20
98.95323672850059
 30
0.0
 11
64.35228801461431
 21
97.90867129697334
 31
0.0
  0
LINE
  5
4F0
102
{ACAD_REACTORS
330
4F9
102
}
330
1F
100
AcDbEntity
  8
0
100
AcDbLine
 10
64.98230387300828
 20
101.650398181759
 30
0.0
 11
65.36634517486247
 21
99.81054561484601
 31
0.0
  0
LINE
  5
4F1
330
1F
100
AcDbEntity
  8
0
100
AcDbLine
 10
64.98230387300828
 20
101.650398181759
 30
0.0
 11
64.98230387300828
 21
103.6771671967546
 31
0.0
  0
LINE
  5
4F2
102
{ACAD_REACTORS
330
4F9
102
}
330
1F
100
AcDbEntity
  8
0
100
AcDbLine
 10
64.98230387300828
 20
101.650398181759
 30
0.0
 11
64.59826257115408
 21
99.81054561484601
 31
0.0
  0
HATCH
  5
4F9
330
1F
100
AcDbEntity
  8
0
100
AcDbHatch
 10
0.0
 20
0.0
 30
0.0
210
0.0
220
0.0
230
1.0
  2
SOLID
 70
     1
 71
     1
 91
        1
 92
        7
 72
     1
 73
     1
 93
        3
 10
64.59826257115408
 20
99.81054561484601
 42
-0.1188449289311001
 10
65.36634517486247
 20
99.81054561484601
 42
0.0
 10
64.98230387300828
 20
101.650398181759
 42
0.0
 97
        3
330
4F2
330
4E8
330
4F0
 75
     1
 76
     1
 47
0.0097822929280159
 98
        1
 10
64.91860231683535
 20
100.4043407417515
450
        0
451
        0
460
0.0
461
0.0
452
        0
462
0.0
453
        2
463
0.0
 63
     5
421
      255
463
1.0
 63
     2
421
 16776960
470
LINEAR
1001
GradientColor1ACI
1070
     5
1001
GradientColor2ACI
1070
     2
1001
ACAD
1010
0.0
1020
0.0
1030
0.0
  0
LINE
  5
511
102
{ACAD_REACTORS
330
52A
102
}
330
1F
100
AcDbEntity
  8
0
100
AcDbLine
 10
62.29395457979695
 20
93.37707910536733
 30
0.0
 11
69.01604766512503
 21
97.04109627055244
 31
0.0
  0
LINE
  5
512
102
{ACAD_REACTORS
330
52A
102
}
330
1F
100
AcDbEntity
  8
0
100
AcDbLine
 10
69.01604766512503
 20
97.04109627055244
 30
0.0
 11
68.77630524999233
 21
96.573386029443
 31
0.0
  0
LINE
  5
51E
102
{ACAD_REACTORS
330
52A
102
}
330
1F
100
AcDbEntity
  8
0
100
AcDbLine
 10
69.01604766512503
 20
97.04109627055244
 30
0.0
 11
68.49304737096725
 21
97.09305767510608
 31
0.0
  0
LINE
  5
51F
102
{ACAD_REACTORS
330
52A
102
}
330
1F
100
AcDbEntity
  8
0
100
AcDbLine
 10
68.49304737096725
 20
97.09305767510608
 30
0.0
 11
68.77630524999233
 21
96.573386029443
 31
0.0
  0
HATCH
  5
52A
330
1F
100
AcDbEntity
  8
0
100
AcDbHatch
 10
0.0
 20
0.0
 30
0.0
210
0.0
220
0.0
230
1.0
  2
SOLID
 70
     1
 71
     1
 91
        2
 92
        7
 72
     0
 73
     1
 93
        3
 10
69.01604766512503
 20
97.04109627055244
 10
68.49304737096725
 20
97.09305767510608
 10
68.63467631048026
 20
96.83322185227368
 97
        3
330
51E
330
51F
330
511
 92
        7
 72
     0
 73
     1
 93
        3
 10
69.01604766512503
 20
97.04109627055244
 10
68.63467631048026
 20
96.83322185227368
 10
68.77630524999233
 20
96.573386029443
 97
        3
330
511
330
51F
330
512
 75
     1
 76
     1
 47
0.002616483309448
 98
        2
 10
68.6338293684671
 20
96.92939683499146
 10
68.83805943269965
 20
96.81950439843063
450
        0
451
        0
460
0.0
461
0.0
452
        0
462
0.0
453
        2
463
0.0
 63
     5
421
      255
463
1.0
 63
     2
421
 16776960
470
LINEAR
1001
GradientColor1ACI
1070
     5
1001
GradientColor2ACI
1070
     2
1001
ACAD
1010
0.0
1020
0.0
1030
0.0
  0
MTEXT
  5
540
330
1F
100
AcDbEntity
  8
0
100
AcDbMText
 10
76.39440068055932
 20
69.68427283071725
 30
0.0
 40
0.2
 41
2.729440799653275
 46
0.0
 71
     1
 72
     5
  1
132 KV PT-2 ITC
 73
     1
 44
1.0
101
Embedded Object
 70
     1
 10
1.0
 20
0.0
 30
0.0
 11
76.39440068055932
 21
69.68427283071725
 31
0.0
 40
2.729440799653275
 41
0.0
 42
2.085811732605729
 43
0.2069577080491133
 71
     2
 72
     1
 44
2.729440799653275
 45
1.0
 73
     0
 74
     0
 46
0.0
  0
MTEXT
  5
541
330
1F
100
AcDbEntity
  8
0
100
AcDbMText
 10
71.47680110040301
 20
71.893909915942
 30
0.0
 40
0.2
 41
1.094078942270584
 46
0.0
 71
     1
 72
     5
  1
CORE 1
 11
0.0000000000000001
 21
1.0
 31
0.0
 73
     1
 44
1.0
101
Embedded Object
 70
     1
 10
0.0000000000000001
 20
1.0
 30
0.0
 11
71.47680110040301
 21
71.893909915942
 31
0.0
 40
1.094078942270584
 41
0.0
 42
0.9750341064120055
 43
0.2069577080491133
 71
     2
 72
     1
 44
1.094078942270584
 45
1.0
 73
     0
 74
     0
 46
0.2990258881849247
  0
MTEXT
  5
542
330
1F
100
AcDbEntity
  8
0
100
AcDbMText
 10
73.38856186732687
 20
71.893909915942
 30
0.0
 40
0.2
 41
1.094078942270584
 46
0.0
 71
     1
 72
     5
  1
CORE 2
 11
0.0000000000000001
 21
1.0
 31
0.0
 73
     1
 44
1.0
101
Embedded Object
 70
     1
 10
0.0000000000000001
 20
1.0
 30
0.0
 11
73.38856186732687
 21
71.893909915942
 31
0.0
 40
1.094078942270584
 41
0.0
 42
1.011596180081855
 43
0.2069577080491133
 71
     2
 72
     1
 44
1.094078942270584
 45
1.0
 73
     0
 74
     0
 46
0.2990258881849247
  0
MTEXT
  5
543
330
1F
100
AcDbEntity
  8
0
100
AcDbMText
 10
75.18515567530698
 20
71.893909915942
 30
0.0
 40
0.2
 41
1.094078942270584
 46
0.0
 71
     1
 72
     5
  1
CORE 3
 11
0.0000000000000001
 21
1.0
 31
0.0
 73
     1
 44
1.0
101
Embedded Object
 70
     1
 10
0.0000000000000001
 20
1.0
 30
0.0
 11
75.18515567530698
 21
71.893909915942
 31
0.0
 40
1.094078942270584
 41
0.0
 42
1.013642564802182
 43
0.2070941336971351
 71
     2
 72
     1
 44
1.094078942270584
 45
1.0
 73
     0
 74
     0
 46
0.2990258881849247
  0
MTEXT
  5
54B
330
1F
100
AcDbEntity
  8
0
100
AcDbMText
 10
69.84403842886047
 20
63.83501554319474
 30
0.0
 40
0.2
 41
4.526682388178755
 46
0.0
 71
     1
 72
     5
  1
145KV 40KA-3SEC 1250A\PISOLATOR W/O ES
 73
     1
 44
1.0
101
Embedded Object
 70
     1
 10
1.0
 20
0.0
 30
0.0
 11
69.84403842886047
 21
63.83501554319474
 31
0.0
 40
4.526682388178755
 41
0.0
 42
3.278444747612551
 43
0.5437016825829924
 71
     2
 72
     1
 44
4.526682388178755
 45
1.0
 73
     0
 74
     0
 46
0.0
  0
MTEXT
  5
55A
330
1F
100
AcDbEntity
  8
0
100
AcDbMText
 10
45.43127905304311
 20
62.82172418586674
 30
0.0
 40
0.2
 41
4.526682388178755
 46
0.0
 71
     1
 72
     5
  1
EXISTING 132KV BUS\PTWIN 0.4 ACSR ZEBRA
 73
     1
 44
1.0
101
Embedded Object
 70
     1
 10
1.0
 20
0.0
 30
0.0
 11
45.43127905304311
 21
62.82172418586674
 31
0.0
 40
4.526682388178755
 41
0.0
 42
3.036698499317872
 43
0.5435652569349705
 71
     2
 72
     1
 44
4.526682388178755
 45
1.0
 73
     0
 74
     0
 46
0.0
  0
MTEXT
  5
55B
330
1F
100
AcDbEntity
  8
0
100
AcDbMText
 10
50.99929599492816
 20
37.20549910490263
 30
0.0
 40
0.2
 41
6.529216651900924
 46
0.0
 71
     1
 72
     5
  1
132 KV AUXILLIARY BUS(EXISTING)\PTWIN 0.4 ACSR ZEBRA
 73
     1
 44
1.0
101
Embedded Object
 70
     1
 10
1.0
 20
0.0
 30
0.0
 11
50.99929599492816
 21
37.20549910490263
 31
0.0
 40
6.529216651900924
 41
0.0
 42
4.710914051841746
 43
0.5435652569349705
 71
     2
 72
     1
 44
6.529216651900924
 45
1.0
 73
     0
 74
     0
 46
0.5832824797307581
  0
MTEXT
  5
55C
330
1F
100
AcDbEntity
  8
0
100
AcDbMText
 10
69.54945149017214
 20
97.15903086226711
 30
0.0
 40
0.2
 41
4.526682388178755
 46
0.0
 71
     1
 72
     5
  1
132/33KV, 25MVA^JT/F-2
 73
     1
 44
1.0
101
Embedded Object
 70
     1
 10
1.0
 20
0.0
 30
0.0
 11
69.54945149017214
 21
97.15903086226711
 31
0.0
 40
4.526682388178755
 41
0.0
 42
2.268758526603001
 43
0.5435652569349705
 71
     2
 72
     1
 44
4.526682388178755
 45
1.0
 73
     0
 74
     0
 46
0.0
  0
MTEXT
  5
55D
330
1F
100
AcDbEntity
  8
0
100
AcDbMText
 10
61.06162421695819
 20
90.31992520065051
 30
0.0
 40
0.2
 41
4.526682388178755
 46
0.0
 71
     1
 72
     5
  1
120KV 10KA\PSURGE ARRESTER
 73
     1
 44
1.0
101
Embedded Object
 70
     1
 10
1.0
 20
0.0
 30
0.0
 11
61.06162421695819
 21
90.31992520065051
 31
0.0
 40
4.526682388178755
 41
0.0
 42
2.576534788540245
 43
0.5409731696225557
 71
     2
 72
     1
 44
4.526682388178755
 45
1.0
 73
     0
 74
     0
 46
0.0
  0
MTEXT
  5
55E
330
1F
100
AcDbEntity
  8
0
100
AcDbMText
 10
43.92024267844374
 20
15.63692435362424
 30
0.0
 40
0.2
 41
4.526682388178755
 46
0.0
 71
     1
 72
     5
  1
WAVE TRAP ON\PR & B PHASE
 73
     1
 44
1.0
101
Embedded Object
 70
     1
 10
1.0
 20
0.0
 30
0.0
 11
43.92024267844374
 21
15.63692435362424
 31
0.0
 40
4.526682388178755
 41
0.0
 42
2.115961800818554
 43
0.5449295134151888
 71
     2
 72
     1
 44
4.526682388178755
 45
1.0
 73
     0
 74
     0
 46
0.0
  0
MTEXT
  5
55F
330
1F
100
AcDbEntity
  8
0
100
AcDbMText
 10
43.35649978724006
 20
11.29664952782599
 30
0.0
 40
0.2
 41
4.526682388178755
 46
0.0
 71
     1
 72
     5
  1
COUPLING CAPACITOR\PON R&B PHASE
 73
     1
 44
1.0
101
Embedded Object
 70
     1
 10
1.0
 20
0.0
 30
0.0
 11
43.35649978724006
 21
11.29664952782599
 31
0.0
 40
4.526682388178755
 41
0.0
 42
3.149522510231923
 43
0.5450659390632106
 71
     2
 72
     1
 44
4.526682388178755
 45
1.0
 73
     0
 74
     0
 46
0.0
  0
MTEXT
  5
560
330
1F
100
AcDbEntity
  8
0
100
AcDbMText
 10
43.82185619230267
 20
6.522346724170859
 30
0.0
 40
0.2
 41
4.526682388178755
 46
0.0
 71
     1
 72
     5
  1
120KV 10KA\PSURGE ARRESTER
 73
     1
 44
1.0
101
Embedded Object
 70
     1
 10
1.0
 20
0.0
 30
0.0
 11
43.82185619230267
 21
6.522346724170859
 31
0.0
 40
4.526682388178755
 41
0.0
 42
2.576534788540245
 43
0.5409731696225557
 71
     2
 72
     1
 44
4.526682388178755
 45
1.0
 73
     0
 74
     0
 46
0.0
  0
MTEXT
  5
568
330
1F
100
AcDbEntity
  8
0
100
AcDbMText
 10
44.97556051150445
 20
2.920944379284946
 30
0.0
 40
0.2
 41
1.408448722513867
 46
0.0
 71
     1
 72
     5
  1
132 KV
 73
     1
 44
1.0
101
Embedded Object
 70
     1
 10
1.0
 20
0.0
 30
0.0
 11
44.97556051150445
 21
2.920944379284946
 31
0.0
 40
1.408448722513867
 41
0.0
 42
0.8839017735334243
 43
0.2043656207366985
 71
     2
 72
     1
 44
1.408448722513867
 45
1.0
 73
     0
 74
     0
 46
0.0
  0
MTEXT
  5
A0F
330
1F
100
AcDbEntity
  8
Title Block
100
AcDbMText
 10
60.26296285292051
 20
81.34741399585015
 30
0.0
 40
0.2
 41
5.597139882263945
 46
0.0
 71
     1
 72
     5
  1
le(max)< 100mA\P^IVk>400V AT 400A\PCL PS.Vk>800V AT 800A\PCORE 5 PROT
 73
     1
 44
1.0
101
Embedded Object
 70
     1
 10
1.0
 20
0.0
 30
0.0
 11
60.26296285292051
 21
81.34741399585015
 31
0.0
 40
5.597139882263945
 41
0.0
 42
3.178171896316507
 43
1.214597544338335
 71
     2
 72
     1
 44
5.597139882263945
 45
1.0
 73
     0
 74
     0
 46
0.0
  0
MTEXT
  5
A10
330
1F
100
AcDbEntity
  8
Title Block
100
AcDbMText
 10
59.95100885431316
 20
78.16077666435552
 30
0.0
 40
0.2
 41
3.247889324655602
 46
0.0
 71
     1
 72
     5
  1
20VA CL. 0.2S\PCORE 4 PROT
 73
     1
 44
1.0
101
Embedded Object
 70
     1
 10
1.0
 20
0.0
 30
0.0
 11
59.95100885431316
 21
78.16077666435552
 31
0.0
 40
3.247889324655602
 41
0.0
 42
1.874488403819918
 43
0.5437016825829924
 71
     2
 72
     1
 44
3.247889324655602
 45
1.0
 73
     0
 74
     0
 46
0.0
  0
MTEXT
  5
A11
330
1F
100
AcDbEntity
  8
Title Block
100
AcDbMText
 10
59.9041278224737
 20
75.4032380189235
 30
0.0
 40
0.2
 41
2.636327281483545
 46
0.0
 71
     1
 72
     5
  1
20VA CL 0.2S\PCORE 3 MET.
 73
     1
 44
1.0
101
Embedded Object
 70
     1
 10
1.0
 20
0.0
 30
0.0
 11
59.9041278224737
 21
75.4032380189235
 31
0.0
 40
2.636327281483545
 41
0.0
 42
1.747885402455661
 43
0.5438381082310143
 71
     2
 72
     1
 44
2.636327281483545
 45
1.0
 73
     0
 74
     0
 46
0.0
  0
MTEXT
  5
A12
330
1F
100
AcDbEntity
  8
Title Block
100
AcDbMText
 10
59.89942740612616
 20
72.50585381550587
 30
0.0
 40
0.2
 41
10.03901573756184
 46
0.0
 71
     1
 72
     5
  1
le(max)< 100mA\P^IVk>400V AT 400A\PCL PS.Vk>800V AT 800A\PCORE 2 PROT\P\P^I
 73
     1
 44
1.0
101
Embedded Object
 70
     1
 10
1.0
 20
0.0
 30
0.0
 11
59.89942740612616
 21
72.50585381550587
 31
0.0
 40
10.03901573756184
 41
0.0
 42
10.03901573756184
 43
1.214597544338335
 71
     2
 72
     2
 44
4.51950786878092
 45
1.0
 73
     0
 74
     0
 46
1.259716651446817
 46
0.0
  0
MTEXT
  5
A13
330
1F
100
AcDbEntity
  8
Title Block
100
AcDbMText
 10
59.92894687735645
 20
69.4962908495209
 30
0.0
 40
0.2
 41
10.03901573756184
 46
0.0
 71
     1
 72
     5
  1
le(max)< 100mA\P^IVk>400V AT 400A\PCL PS.Vk>800V AT 800A\PCORE 1 PROT\P\P^I
 73
     1
 44
1.0
101
Embedded Object
 70
     1
 10
1.0
 20
0.0
 30
0.0
 11
59.92894687735645
 21
69.4962908495209
 31
0.0
 40
10.03901573756184
 41
0.0
 42
10.03901573756184
 43
1.214597544338335
 71
     2
 72
     2
 44
4.51950786878092
 45
1.0
 73
     0
 74
     0
 46
1.259716651446817
 46
0.0
  0
LWPOLYLINE
  5
A1E
330
1F
100
AcDbEntity
  8
Title Block
100
AcDbPolyline
 90
        9
 70
     0
 43
0.0
 10
59.55970187015816
 20
81.61837243498871
 10
59.36830809762223
 20
81.46532938664654
 42
0.2278981005528507
 10
59.10546926669951
 20
80.91862095224024
 10
59.10546926669951
 20
74.85348518034555
 10
58.80264775412502
 20
74.59620773921471
 10
59.10546926669951
 20
74.23977979872041
 10
59.10546926669951
 20
68.83375146044783
 42
0.2278981005528723
 10
59.36830809762227
 20
68.28704302604148
 10
59.55970187015816
 20
68.13399997769938
  0
MTEXT
  5
A1F
330
1F
100
AcDbEntity
  8
Title Block
100
AcDbMText
 10
57.92177953217322
 20
73.07967074879377
 30
0.0
 40
0.2
 41
7.540266838640036
 46
0.0
 71
     1
 72
     5
  1
CURRENT TRANSFORMER \P800-400-200/1-1-1-1-1 A
 11
0.0000000000000001
 21
1.0
 31
0.0
 73
     1
 44
1.0
101
Embedded Object
 70
     1
 10
0.0000000000000001
 20
1.0
 30
0.0
 11
57.92177953217322
 21
73.07967074879377
 31
0.0
 40
7.540266838640036
 41
0.0
 42
3.583628922237381
 43
0.5437016825829924
 71
     2
 72
     1
 44
7.540266838640036
 45
1.0
 73
     0
 74
     0
 46
0.0
  0
MTEXT
  5
A46
330
1F
100
AcDbEntity
  8
Title Block
100
AcDbMText
 10
48.29053331950802
 20
34.82847176377436
 30
0.0
 40
0.2
 41
1.282639526613877
 46
0.0
 71
     1
 72
     5
  1
P1
 73
     1
 44
1.0
101
Embedded Object
 70
     1
 10
1.0
 20
0.0
 30
0.0
 11
48.29053331950802
 21
34.82847176377436
 31
0.0
 40
1.282639526613877
 41
0.0
 42
0.2688949522510232
 43
0.200818553888131
 71
     2
 72
     1
 44
1.282639526613877
 45
1.0
 73
     0
 74
     0
 46
0.0
  0
MTEXT
  5
A4E
330
1F
100
AcDbEntity
  8
Title Block
100
AcDbMText
 10
43.214846536545
 20
20.97118108107543
 30
0.0
 40
0.2
 41
5.597139882263945
 46
0.0
 71
     7
 72
     5
  1
le(max)< 100mA\P^IVk>400V AT 400A\PCL PS.Vk>800V AT 800A\PCORE 5 PROT
 73
     1
 44
1.0
101
Embedded Object
 70
     7
 10
1.0
 20
0.0
 30
0.0
 11
43.214846536545
 21
20.97118108107543
 31
0.0
 40
5.597139882263945
 41
0.0
 42
3.178171896316507
 43
1.214597544338335
 71
     2
 72
     1
 44
5.597139882263945
 45
1.0
 73
     0
 74
     0
 46
0.0
  0
MTEXT
  5
A4F
330
1F
100
AcDbEntity
  8
Title Block
100
AcDbMText
 10
42.90289253793765
 20
24.15781841257005
 30
0.0
 40
0.2
 41
3.247889324655602
 46
0.0
 71
     7
 72
     5
  1
20VA CL. 0.2S\PCORE 4 PROT
 73
     1
 44
1.0
101
Embedded Object
 70
     7
 10
1.0
 20
0.0
 30
0.0
 11
42.90289253793765
 21
24.15781841257005
 31
0.0
 40
3.247889324655602
 41
0.0
 42
1.874488403819918
 43
0.5437016825829924
 71
     2
 72
     1
 44
3.247889324655602
 45
1.0
 73
     0
 74
     0
 46
0.0
  0
MTEXT
  5
A50
330
1F
100
AcDbEntity
  8
Title Block
100
AcDbMText
 10
42.85601150609818
 20
26.91535705800208
 30
0.0
 40
0.2
 41
2.636327281483545
 46
0.0
 71
     7
 72
     5
  1
20VA CL 0.2S\PCORE 3 MET.
 73
     1
 44
1.0
101
Embedded Object
 70
     7
 10
1.0
 20
0.0
 30
0.0
 11
42.85601150609818
 21
26.91535705800208
 31
0.0
 40
2.636327281483545
 41
0.0
 42
1.747885402455661
 43
0.5438381082310143
 71
     2
 72
     1
 44
2.636327281483545
 45
1.0
 73
     0
 74
     0
 46
0.0
  0
MTEXT
  5
A51
330
1F
100
AcDbEntity
  8
Title Block
100
AcDbMText
 10
42.85131108975065
 20
29.8127412614197
 30
0.0
 40
0.2
 41
10.03901573756184
 46
0.0
 71
     7
 72
     5
  1
le(max)< 100mA\P^IVk>400V AT 400A\PCL PS.Vk>800V AT 800A\PCORE 2 PROT\P\P^I
 73
     1
 44
1.0
101
Embedded Object
 70
     7
 10
1.0
 20
0.0
 30
0.0
 11
42.85131108975065
 21
29.8127412614197
 31
0.0
 40
10.03901573756184
 41
0.0
 42
10.03901573756184
 43
1.214597544338335
 71
     2
 72
     2
 44
4.51950786878092
 45
1.0
 73
     0
 74
     0
 46
1.259716651446817
 46
0.0
  0
MTEXT
  5
A52
330
1F
100
AcDbEntity
  8
Title Block
100
AcDbMText
 10
42.88083056098094
 20
32.82230422740467
 30
0.0
 40
0.2
 41
10.03901573756184
 46
0.0
 71
     7
 72
     5
  1
le(max)< 100mA\P^IVk>400V AT 400A\PCL PS.Vk>800V AT 800A\PCORE 1 PROT\P\P^I
 73
     1
 44
1.0
101
Embedded Object
 70
     7
 10
1.0
 20
0.0
 30
0.0
 11
42.88083056098094
 21
32.82230422740467
 31
0.0
 40
10.03901573756184
 41
0.0
 42
10.03901573756184
 43
1.214597544338335
 71
     2
 72
     2
 44
4.51950786878092
 45
1.0
 73
     0
 74
     0
 46
1.259716651446817
 46
0.0
  0
LWPOLYLINE
  5
A53
330
1F
100
AcDbEntity
  8
Title Block
100
AcDbPolyline
 90
        9
 70
     0
 43
0.0
 10
42.51158555378265
 20
20.70022264193686
 10
42.32019178124672
 20
20.85326569027904
 42
-0.2278981005528507
 10
42.057352950324
 20
21.39997412468534
 10
42.057352950324
 20
27.46510989658002
 10
41.75453143774951
 20
27.72238733771086
 10
42.057352950324
 20
28.07881527820516
 10
42.057352950324
 20
33.48484361647775
 42
-0.2278981005528723
 10
42.32019178124676
 20
34.03155205088409
 10
42.51158555378265
 20
34.1845950992262
  0
MTEXT
  5
A54
330
1F
100
AcDbEntity
  8
Title Block
100
AcDbMText
 10
40.87366321579771
 20
29.2389243281318
 30
0.0
 40
0.2
 41
7.540266838640036
 46
0.0
 71
     3
 72
     5
  1
CURRENT TRANSFORMER \P800-400-200/1-1-1-1-1 A
 11
-0.0000000000000001
 21
1.0
 31
0.0
 73
     1
 44
1.0
101
Embedded Object
 70
     3
 10
-0.0000000000000001
 20
1.0
 30
0.0
 11
40.87366321579771
 21
29.2389243281318
 31
0.0
 40
7.540266838640036
 41
0.0
 42
3.583628922237381
 43
0.5437016825829924
 71
     2
 72
     1
 44
7.540266838640036
 45
1.0
 73
     0
 74
     0
 46
0.0
  0
MTEXT
  5
A55
330
1F
100
AcDbEntity
  8
Title Block
100
AcDbMText
 10
48.29053331950802
 20
20.0784631220393
 30
0.0
 40
0.2
 41
1.282639526613877
 46
0.0
 71
     1
 72
     5
  1
P2
 73
     1
 44
1.0
101
Embedded Object
 70
     1
 10
1.0
 20
0.0
 30
0.0
 11
48.29053331950802
 21
20.0784631220393
 31
0.0
 40
1.282639526613877
 41
0.0
 42
0.3054570259208731
 43
0.200818553888131
 71
     2
 72
     1
 44
1.282639526613877
 45
1.0
 73
     0
 74
     0
 46
0.0
  0
LINE
  5
A6E
330
1F
100
AcDbEntity
  8
Title Block
100
AcDbLine
 10
39.44900310078731
 20
62.31754798339438
 30
0.0
 11
39.44900310078731
 21
61.35535120786194
 31
0.0
  0
LINE
  5
A72
330
1F
100
AcDbEntity
  8
Title Block
  6
DASHED
100
AcDbLine
 10
39.44900310078731
 20
61.83644959562816
 30
0.0
 11
38.15220502345506
 21
61.83644959562816
 31
0.0
  0
MTEXT
  5
A80
330
1F
100
AcDbEntity
  8
Title Block
  6
ACAD_ISO02W100
100
AcDbMText
 10
65.639903219242
 20
67.54915558390013
 30
0.0
 40
0.2
 41
0.9476205566384123
 46
0.0
 71
     1
 72
     5
  1
P1
 73
     1
 44
1.0
101
Embedded Object
 70
     1
 10
1.0
 20
0.0
 30
0.0
 11
65.639903219242
 21
67.54915558390013
 31
0.0
 40
0.9476205566384123
 41
0.0
 42
0.2688949522510232
 43
0.200818553888131
 71
     2
 72
     1
 44
0.9476205566384123
 45
1.0
 73
     0
 74
     0
 46
0.0
  0
MTEXT
  5
A81
330
1F
100
AcDbEntity
  8
Title Block
  6
ACAD_ISO02W100
100
AcDbMText
 10
65.639903219242
 20
82.21076696843145
 30
0.0
 40
0.2
 41
0.9476205566384123
 46
0.0
 71
     1
 72
     5
  1
P2
 73
     1
 44
1.0
101
Embedded Object
 70
     1
 10
1.0
 20
0.0
 30
0.0
 11
65.639903219242
 21
82.21076696843145
 31
0.0
 40
0.9476205566384123
 41
0.0
 42
0.3054570259208731
 43
0.200818553888131
 71
     2
 72
     1
 44
0.9476205566384123
 45
1.0
 73
     0
 74
     0
 46
0.0
  0
HATCH
  5
A89
330
1F
100
AcDbEntity
  8
Title Block
  6
ACAD_ISO02W100
100
AcDbHatch
 10
0.0
 20
0.0
 30
0.0
210
0.0
220
0.0
230
1.0
  2
SOLID
 70
     1
 71
     1
 91
        1
 92
        7
 72
     1
 73
     1
 93
        2
 10
65.09774781163878
 20
90.08475740561653
 42
1.0
 10
64.86685993437777
 20
90.08475740561653
 42
1.0
 97
        0
 75
     1
 76
     1
 47
0.006787626625096
 98
        1
 10
64.98909485038495
 20
90.06439445072453
450
        0
451
        0
460
0.0
461
0.0
452
        0
462
0.0
453
        2
463
0.0
 63
     5
421
      255
463
1.0
 63
     2
421
 16776960
470
LINEAR
1001
GradientColor1ACI
1070
     5
1001
GradientColor2ACI
1070
     2
1001
ACAD
1010
0.0
1020
0.0
1030
0.0
  0
HATCH
  5
A8A
330
1F
100
AcDbEntity
  8
Title Block
  6
ACAD_ISO02W100
100
AcDbHatch
 10
0.0
 20
0.0
 30
0.0
210
0.0
220
0.0
230
1.0
  2
SOLID
 70
     1
 71
     1
 91
        1
 92
        7
 72
     1
 73
     1
 93
        2
 10
74.05231127143679
 20
61.83644959562816
 42
1.0
 10
73.82142339417578
 20
61.83644959562816
 42
1.0
 97
        0
 75
     1
 76
     1
 47
0.006787626625096
 98
        1
 10
73.94365831018297
 20
61.81608664073617
450
        0
451
        0
460
0.0
461
0.0
452
        0
462
0.0
453
        2
463
0.0
 63
     5
421
      255
463
1.0
 63
     2
421
 16776960
470
LINEAR
1001
GradientColor1ACI
1070
     5
1001
GradientColor2ACI
1070
     2
1001
ACAD
1010
0.0
1020
0.0
1030
0.0
  0
HATCH
  5
A8B
330
1F
100
AcDbEntity
  8
Title Block
  6
ACAD_ISO02W100
100
AcDbHatch
 10
0.0
 20
0.0
 30
0.0
210
0.0
220
0.0
230
1.0
  2
SOLID
 70
     1
 71
     1
 91
        1
 92
        7
 72
     1
 73
     1
 93
        2
 10
57.44077838064652
 20
61.83644959562816
 42
1.0
 10
57.20989050338551
 20
61.83644959562816
 42
1.0
 97
        0
 75
     1
 76
     1
 47
0.006787626625096
 98
        1
 10
57.3321254193927
 20
61.81608664073616
450
        0
451
        0
460
0.0
461
0.0
452
        0
462
0.0
453
        2
463
0.0
 63
     5
421
      255
463
1.0
 63
     2
421
 16776960
470
LINEAR
1001
GradientColor1ACI
1070
     5
1001
GradientColor2ACI
1070
     2
1001
ACAD
1010
0.0
1020
0.0
1030
0.0
  0
HATCH
  5
A8C
330
1F
100
AcDbEntity
  8
Title Block
  6
ACAD_ISO02W100
100
AcDbHatch
 10
0.0
 20
0.0
 30
0.0
210
0.0
220
0.0
230
1.0
  2
SOLID
 70
     1
 71
     1
 91
        1
 92
        7
 72
     1
 73
     1
 93
        2
 10
42.3470266665945
 20
61.83644959562816
 42
1.0
 10
42.11613878933349
 20
61.83644959562816
 42
1.0
 97
        0
 75
     1
 76
     1
 47
0.006787626625096
 98
        1
 10
42.23837370534067
 20
61.81608664073616
450
        0
451
        0
460
0.0
461
0.0
452
        0
462
0.0
453
        2
463
0.0
 63
     5
421
      255
463
1.0
 63
     2
421
 16776960
470
LINEAR
1001
GradientColor1ACI
1070
     5
1001
GradientColor2ACI
1070
     2
1001
ACAD
1010
0.0
1020
0.0
1030
0.0
  0
HATCH
  5
A8D
330
1F
100
AcDbEntity
  8
Title Block
  6
ACAD_ISO02W100
100
AcDbHatch
 10
0.0
 20
0.0
 30
0.0
210
0.0
220
0.0
230
1.0
  2
SOLID
 70
     1
 71
     1
 91
        1
 92
        7
 72
     1
 73
     1
 93
        2
 10
42.31126740462906
 20
44.67167954333587
 42
1.0
 10
42.08037952736805
 20
44.67167954333587
 42
1.0
 97
        0
 75
     1
 76
     1
 47
0.006787626625096
 98
        1
 10
42.20261444337523
 20
44.65131658844387
450
        0
451
        0
460
0.0
461
0.0
452
        0
462
0.0
453
        2
463
0.0
 63
     5
421
      255
463
1.0
 63
     2
421
 16776960
470
LINEAR
1001
GradientColor1ACI
1070
     5
1001
GradientColor2ACI
1070
     2
1001
ACAD
1010
0.0
1020
0.0
1030
0.0
  0
HATCH
  5
A8E
330
1F
100
AcDbEntity
  8
Title Block
  6
ACAD_ISO02W100
100
AcDbHatch
 10
0.0
 20
0.0
 30
0.0
210
0.0
220
0.0
230
1.0
  2
SOLID
 70
     1
 71
     1
 91
        1
 92
        7
 72
     1
 73
     1
 93
        2
 10
42.30495228980908
 20
37.75600060739299
 42
1.0
 10
42.07406441254806
 20
37.75600060739299
 42
1.0
 97
        0
 75
     1
 76
     1
 47
0.006787626625096
 98
        1
 10
42.19629932855525
 20
37.735637652501
450
        0
451
        0
460
0.0
461
0.0
452
        0
462
0.0
453
        2
463
0.0
 63
     5
421
      255
463
1.0
 63
     2
421
 16776960
470
LINEAR
1001
GradientColor1ACI
1070
     5
1001
GradientColor2ACI
1070
     2
1001
ACAD
1010
0.0
1020
0.0
1030
0.0
  0
HATCH
  5
A8F
330
1F
100
AcDbEntity
  8
Title Block
  6
ACAD_ISO02W100
100
AcDbHatch
 10
0.0
 20
0.0
 30
0.0
210
0.0
220
0.0
230
1.0
  2
SOLID
 70
     1
 71
     1
 91
        1
 92
        7
 72
     1
 73
     1
 93
        2
 10
57.39870400386109
 20
37.75600060739299
 42
1.0
 10
57.16781612660009
 20
37.75600060739299
 42
1.0
 97
        0
 75
     1
 76
     1
 47
0.006787626625096
 98
        1
 10
57.29005104260727
 20
37.735637652501
450
        0
451
        0
460
0.0
461
0.0
452
        0
462
0.0
453
        2
463
0.0
 63
     5
421
      255
463
1.0
 63
     2
421
 16776960
470
LINEAR
1001
GradientColor1ACI
1070
     5
1001
GradientColor2ACI
1070
     2
1001
ACAD
1010
0.0
1020
0.0
1030
0.0
  0
HATCH
  5
A90
330
1F
100
AcDbEntity
  8
Title Block
  6
ACAD_ISO02W100
100
AcDbHatch
 10
0.0
 20
0.0
 30
0.0
210
0.0
220
0.0
230
1.0
  2
SOLID
 70
     1
 71
     1
 91
        1
 92
        7
 72
     1
 73
     1
 93
        2
 10
57.40501911868108
 20
44.67167954333587
 42
1.0
 10
57.17413124142007
 20
44.67167954333587
 42
1.0
 97
        0
 75
     1
 76
     1
 47
0.006787626625096
 98
        1
 10
57.29636615742726
 20
44.65131658844387
450
        0
451
        0
460
0.0
461
0.0
452
        0
462
0.0
453
        2
463
0.0
 63
     5
421
      255
463
1.0
 63
     2
421
 16776960
470
LINEAR
1001
GradientColor1ACI
1070
     5
1001
GradientColor2ACI
1070
     2
1001
ACAD
1010
0.0
1020
0.0
1030
0.0
  0
HATCH
  5
A91
330
1F
100
AcDbEntity
  8
Title Block
  6
ACAD_ISO02W100
100
AcDbHatch
 10
0.0
 20
0.0
 30
0.0
210
0.0
220
0.0
230
1.0
  2
SOLID
 70
     1
 71
     1
 91
        1
 92
        7
 72
     1
 73
     1
 93
        2
 10
74.01023689465137
 20
37.75600060739299
 42
1.0
 10
73.77934901739036
 20
37.75600060739299
 42
1.0
 97
        0
 75
     1
 76
     1
 47
0.006787626625096
 98
        1
 10
73.90158393339754
 20
37.735637652501
450
        0
451
        0
460
0.0
461
0.0
452
        0
462
0.0
453
        2
463
0.0
 63
     5
421
      255
463
1.0
 63
     2
421
 16776960
470
LINEAR
1001
GradientColor1ACI
1070
     5
1001
GradientColor2ACI
1070
     2
1001
ACAD
1010
0.0
1020
0.0
1030
0.0
  0
HATCH
  5
A92
330
1F
100
AcDbEntity
  8
Title Block
  6
ACAD_ISO02W100
100
AcDbHatch
 10
0.0
 20
0.0
 30
0.0
210
0.0
220
0.0
230
1.0
  2
SOLID
 70
     1
 71
     1
 91
        1
 92
        7
 72
     1
 73
     1
 93
        2
 10
47.55884046523601
 20
11.17956338367048
 42
1.0
 10
47.32795258797501
 20
11.17956338367048
 42
1.0
 97
        0
 75
     1
 76
     1
 47
0.006787626625096
 98
        1
 10
47.45018750398219
 20
11.15920042877849
450
        0
451
        0
460
0.0
461
0.0
452
        0
462
0.0
453
        2
463
0.0
 63
     5
421
      255
463
1.0
 63
     2
421
 16776960
470
LINEAR
1001
GradientColor1ACI
1070
     5
1001
GradientColor2ACI
1070
     2
1001
ACAD
1010
0.0
1020
0.0
1030
0.0
  0
HATCH
  5
A93
330
1F
100
AcDbEntity
  8
Title Block
  6
ACAD_ISO02W100
100
AcDbHatch
 10
0.0
 20
0.0
 30
0.0
210
0.0
220
0.0
230
1.0
  2
SOLID
 70
     1
 71
     1
 91
        1
 92
        7
 72
     1
 73
     1
 93
        2
 10
47.55884046523601
 20
6.376986741347764
 42
1.0
 10
47.32795258797501
 20
6.376986741347764
 42
1.0
 97
        0
 75
     1
 76
     1
 47
0.006787626625096
 98
        1
 10
47.45018750398219
 20
6.35662378645577
450
        0
451
        0
460
0.0
461
0.0
452
        0
462
0.0
453
        2
463
0.0
 63
     5
421
      255
463
1.0
 63
     2
421
 16776960
470
LINEAR
1001
GradientColor1ACI
1070
     5
1001
GradientColor2ACI
1070
     2
1001
ACAD
1010
0.0
1020
0.0
1030
0.0
  0
INSERT
  5
B7A
330
1F
100
AcDbEntity
  8
Title Block
  6
ACAD_ISO02W100
100
AcDbBlockReference
  2
SUREGE ARR
 10
72.42530771638314
 20
90.08475740561653
 30
0.0
  0
INSERT
  5
BAB
330
1F
100
AcDbEntity
  8
Title Block
  6
ACAD_ISO02W100
100
AcDbBlockReference
  2
2post
 10
63.44876182825408
 20
51.31788017273763
 30
0.0
  0
INSERT
  5
BCA
330
1F
100
AcDbEntity
  8
Title Block
  6
ACAD_ISO02W100
100
AcDbBlockReference
  2
dbreak
 10
73.93070543404268
 20
66.95098342213707
 30
0.0
  0
INSERT
  5
BE5
330
1F
100
AcDbEntity
  8
Title Block
  6
ACAD_ISO02W100
100
AcDbBlockReference
  2
cbreak
 10
57.32415087617846
 20
54.15468073742335
 30
0.0
  0
INSERT
  5
BF9
330
1F
100
AcDbEntity
  8
Title Block
  6
ACAD_ISO02W100
100
AcDbBlockReference
  2
vt
 10
74.13379043195899
 20
50.18428781168214
 30
0.0
  0
INSERT
  5
C3B
330
1F
100
AcDbEntity
  8
Title Block
  6
ACAD_ISO02W100
100
AcDbBlockReference
  2
vt1
 10
73.90089048750858
 20
67.50728554673992
 30
0.0
  0
VIEWPORT
  5
579
102
{ACAD_XDICTIONARY
360
57A
102
}
330
58
100
AcDbEntity
 67
     1
  8
0
100
AcDbViewport
 10
16.23099025783355
 20
14.63615807802549
 30
0.0
 40
54.74804128768472
 41
31.01031456571302
 68
     1
 69
     1
 12
16.23099025783355
 22
14.63615807802549
 13
0.0
 23
0.0
 14
0.5
 24
0.5
 15
0.5
 25
0.5
 16
0.0
 26
0.0
 36
1.0
 17
0.0
 27
0.0
 37
0.0
 42
50.0
 43
0.0
 44
0.0
 45
31.01031456571302
 50
0.0
 51
0.0
 72
  1000
 90
   819232
  1

281
     0
 71
     1
 74
     0
110
0.0
120
0.0
130
0.0
111
1.0
121
0.0
131
0.0
112
0.0
122
1.0
132
0.0
 79
     0
146
0.0
170
     0
 61
     5
348
9F
292
     1
282
     1
141
0.0
142
0.0
 63
   250
421
  3355443
  0
INSERT
  5
92B
330
58
100
AcDbEntity
 67
     1
  8
Title Block
100
AcDbBlockReference
  2
grid block
 10
0.0061801395673911
 20
0.0525403245725471
 30
0.0
  0
VIEWPORT
  5
AA8
102
{ACAD_XDICTIONARY
360
AA9
102
}
330
58
100
AcDbEntity
 67
     1
  8
Title Block
  6
ACAD_ISO02W100
100
AcDbViewport
 10
16.23099025783355
 20
10.76900054093592
 30
0.0
 40
30.94962023653233
 41
19.93292043272676
 68
     2
 69
     2
 12
84.22840073342758
 22
53.10241227180465
 13
0.0
 23
0.0
 14
0.5
 24
0.5
 15
0.5
 25
0.5
 16
0.0
 26
0.0
 36
1.0
 17
0.0
 27
0.0
 37
0.0
 42
50.0
 43
0.0
 44
0.0
 45
106.7193819307766
 50
0.0
 51
0.0
 72
  1000
 90
   819808
  1

281
     0
 71
     1
 74
     0
110
0.0
120
0.0
130
0.0
111
1.0
121
0.0
131
0.0
112
0.0
122
1.0
132
0.0
 79
     0
146
0.0
170
     0
 61
     5
348
9F
292
     1
282
     1
141
0.0
142
0.0
 63
   250
421
  3355443
  0
LWPOLYLINE
  5
AAC
330
58
100
AcDbEntity
 67
     1
  8
Title Block
  6
ACAD_ISO02W100
100
AcDbPolyline
 90
        4
 70
     0
 43
0.0
 10
23.19866914228658
 20
8.945095102113654
 10
23.19866914228658
 20
18.73546075729931
 10
24.22041440348789
 20
18.73546075729931
 10
24.22041440348789
 20
8.945095102113656
  0
LINE
  5
AAD
330
58
100
AcDbEntity
 67
     1
  8
Title Block
  6
ACAD_ISO02W100
100
AcDbLine
 10
27.14054844150769
 20
18.73546075729931
 30
0.0
 11
27.14054844150769
 21
8.945095102113654
 31
0.0
  0
LINE
  5
AAE
330
58
100
AcDbEntity
 67
     1
  8
Title Block
  6
ACAD_ISO02W100
100
AcDbLine
 10
28.05173152965389
 20
18.73546075729931
 30
0.0
 11
28.05173152965389
 21
8.945095102113654
 31
0.0
  0
LINE
  5
AAF
330
58
100
AcDbEntity
 67
     1
  8
Title Block
  6
ACAD_ISO02W100
100
AcDbLine
 10
23.19866914228658
 20
17.94509510211365
 30
0.0
 11
29.1482893788189
 21
17.94509510211365
 31
0.0
  0
LINE
  5
AB0
330
58
100
AcDbEntity
 67
     1
  8
Title Block
  6
ACAD_ISO02W100
100
AcDbLine
 10
23.19866914228658
 20
16.94509510211365
 30
0.0
 11
29.1482893788189
 21
16.94509510211365
 31
0.0
  0
LINE
  5
AB1
330
58
100
AcDbEntity
 67
     1
  8
Title Block
  6
ACAD_ISO02W100
100
AcDbLine
 10
23.19866914228658
 20
15.94509510211365
 30
0.0
 11
29.1482893788189
 21
15.94509510211365
 31
0.0
  0
LINE
  5
AB2
330
58
100
AcDbEntity
 67
     1
  8
Title Block
  6
ACAD_ISO02W100
100
AcDbLine
 10
23.19866914228658
 20
14.94509510211365
 30
0.0
 11
29.1482893788189
 21
14.94509510211365
 31
0.0
  0
LINE
  5
AB3
330
58
100
AcDbEntity
 67
     1
  8
Title Block
  6
ACAD_ISO02W100
100
AcDbLine
 10
23.19866914228658
 20
13.94509510211365
 30
0.0
 11
29.1482893788189
 21
13.94509510211365
 31
0.0
  0
LINE
  5
AB4
330
58
100
AcDbEntity
 67
     1
  8
Title Block
  6
ACAD_ISO02W100
100
AcDbLine
 10
23.19866914228658
 20
12.94509510211365
 30
0.0
 11
29.1482893788189
 21
12.94509510211365
 31
0.0
  0
LINE
  5
AB5
330
58
100
AcDbEntity
 67
     1
  8
Title Block
  6
ACAD_ISO02W100
100
AcDbLine
 10
23.19866914228658
 20
11.94509510211365
 30
0.0
 11
29.1482893788189
 21
11.94509510211365
 31
0.0
  0
LINE
  5
AB6
330
58
100
AcDbEntity
 67
     1
  8
Title Block
  6
ACAD_ISO02W100
100
AcDbLine
 10
23.19866914228658
 20
10.94509510211365
 30
0.0
 11
29.1482893788189
 21
10.94509510211365
 31
0.0
  0
LINE
  5
AB7
330
58
100
AcDbEntity
 67
     1
  8
Title Block
  6
ACAD_ISO02W100
100
AcDbLine
 10
23.19866914228658
 20
9.945095102113654
 30
0.0
 11
29.1482893788189
 21
9.945095102113654
 31
0.0
  0
LINE
  5
AB8
330
58
100
AcDbEntity
 67
     1
  8
Title Block
  6
ACAD_ISO02W100
100
AcDbLine
 10
23.19866914228658
 20
8.945095102113654
 30
0.0
 11
29.1482893788189
 21
8.945095102113654
 31
0.0
  0
MTEXT
  5
ABA
330
58
100
AcDbEntity
 67
     1
  8
Title Block
  6
ACAD_ISO02W100
100
AcDbMText
 10
23.35443674846917
 20
18.48478139747246
 30
0.0
 40
0.1
 41
0.5039324284055056
 46
0.0
 71
     1
 72
     5
  1
SR.NO.
 73
     1
 44
1.0
101
Embedded Object
 70
     1
 10
1.0
 20
0.0
 30
0.0
 11
23.35443674846917
 21
18.48478139747246
 31
0.0
 40
0.5039324284055056
 41
0.0
 42
0.4628240109140519
 43
0.1034788540245566
 71
     2
 72
     1
 44
0.5039324284055056
 45
1.0
 73
     0
 74
     0
 46
0.0256925555898542
  0
MTEXT
  5
ABB
330
58
100
AcDbEntity
 67
     1
  8
Title Block
  6
ACAD_ISO02W100
100
AcDbMText
 10
24.43020222570991
 20
18.35127119655747
 30
0.0
 40
0.1
 41
1.412228677590292
 46
0.0
 71
     1
 72
     5
  1
DESCRIPTION
 73
     1
 44
1.0
101
Embedded Object
 70
     1
 10
1.0
 20
0.0
 30
0.0
 11
24.43020222570991
 21
18.35127119655747
 31
0.0
 40
1.412228677590292
 41
0.0
 42
0.9324693042291951
 43
0.1034788540245566
 71
     2
 72
     1
 44
1.412228677590292
 45
1.0
 73
     0
 74
     0
 46
0.0193289619052715
  0
MTEXT
  5
ABC
330
58
100
AcDbEntity
 67
     1
  8
Title Block
  6
ACAD_ISO02W100
100
AcDbMText
 10
27.25075324337428
 20
18.48478139747246
 30
0.0
 40
0.1
 41
0.5039324284055056
 46
0.0
 71
     1
 72
     5
  1
SLD
 73
     1
 44
1.0
101
Embedded Object
 70
     1
 10
1.0
 20
0.0
 30
0.0
 11
27.25075324337428
 21
18.48478139747246
 31
0.0
 40
0.5039324284055056
 41
0.0
 42
0.2580491132332878
 43
0.1034106412005457
 71
     2
 72
     1
 44
0.5039324284055056
 45
1.0
 73
     0
 74
     0
 46
0.0256925555898542
  0
MTEXT
  5
ABD
330
58
100
AcDbEntity
 67
     1
  8
Title Block
  6
ACAD_ISO02W100
100
AcDbMText
 10
28.2737452871701
 20
18.48478139747246
 30
0.0
 40
0.1
 41
0.5039324284055056
 46
0.0
 71
     1
 72
     5
  1
QTY
 73
     1
 44
1.0
101
Embedded Object
 70
     1
 10
1.0
 20
0.0
 30
0.0
 11
28.2737452871701
 21
18.48478139747246
 31
0.0
 40
0.5039324284055056
 41
0.0
 42
0.2800818553888131
 43
0.109549795361528
 71
     2
 72
     1
 44
0.5039324284055056
 45
1.0
 73
     0
 74
     0
 46
0.0256925555898542
  0
MTEXT
  5
ABE
330
58
100
AcDbEntity
 67
     1
  8
Title Block
  6
ACAD_ISO02W100
100
AcDbMText
 10
23.5300577686549
 20
17.54986068180021
 30
0.0
 40
0.2
 41
0.2987430912464504
 46
0.0
 71
     1
 72
     5
  1
1.
 73
     1
 44
1.0
101
Embedded Object
 70
     1
 10
1.0
 20
0.0
 30
0.0
 11
23.5300577686549
 21
17.54986068180021
 31
0.0
 40
0.2987430912464504
 41
0.0
 42
0.1783083219645294
 43
0.200818553888131
 71
     2
 72
     1
 44
0.2987430912464504
 45
1.0
 73
     0
 74
     0
 46
0.0
  0
MTEXT
  5
ABF
330
58
100
AcDbEntity
 67
     1
  8
Title Block
  6
ACAD_ISO02W100
100
AcDbMText
 10
23.5300577686549
 20
16.55403317731485
 30
0.0
 40
0.2
 41
0.2987430912464504
 46
0.0
 71
     1
 72
     5
  1
2.
 73
     1
 44
1.0
101
Embedded Object
 70
     1
 10
1.0
 20
0.0
 30
0.0
 11
23.5300577686549
 21
16.55403317731485
 31
0.0
 40
0.2987430912464504
 41
0.0
 42
0.2005457025920873
 43
0.200818553888131
 71
     2
 72
     1
 44
0.2987430912464504
 45
1.0
 73
     0
 74
     0
 46
0.0
  0
MTEXT
  5
AC0
330
58
100
AcDbEntity
 67
     1
  8
Title Block
  6
ACAD_ISO02W100
100
AcDbMText
 10
23.5300577686549
 20
15.55527523109435
 30
0.0
 40
0.2
 41
0.2987430912464504
 46
0.0
 71
     1
 72
     5
  1
3.
 73
     1
 44
1.0
101
Embedded Object
 70
     1
 10
1.0
 20
0.0
 30
0.0
 11
23.5300577686549
 21
15.55527523109435
 31
0.0
 40
0.2987430912464504
 41
0.0
 42
0.1969986357435198
 43
0.2043656207366985
 71
     2
 72
     1
 44
0.2987430912464504
 45
1.0
 73
     0
 74
     0
 46
0.0
  0
MTEXT
  5
AC1
330
58
100
AcDbEntity
 67
     1
  8
Title Block
  6
ACAD_ISO02W100
100
AcDbMText
 10
23.5300577686549
 20
14.65422179553556
 30
0.0
 40
0.2
 41
0.2987430912464504
 46
0.0
 71
     1
 72
     5
  1
4.
 73
     1
 44
1.0
101
Embedded Object
 70
     1
 10
1.0
 20
0.0
 30
0.0
 11
23.5300577686549
 21
14.65422179553556
 31
0.0
 40
0.2987430912464504
 41
0.0
 42
0.2051841746248295
 43
0.2
 71
     2
 72
     1
 44
0.2987430912464504
 45
1.0
 73
     0
 74
     0
 46
0.0
  0
MTEXT
  5
AC2
330
58
100
AcDbEntity
 67
     1
  8
Title Block
  6
ACAD_ISO02W100
100
AcDbMText
 10
23.5300577686549
 20
13.61116721263929
 30
0.0
 40
0.2
 41
0.2987430912464504
 46
0.0
 71
     1
 72
     5
  1
5.
 73
     1
 44
1.0
101
Embedded Object
 70
     1
 10
1.0
 20
0.0
 30
0.0
 11
23.5300577686549
 21
13.61116721263929
 31
0.0
 40
0.2987430912464504
 41
0.0
 42
0.1971350613915416
 43
0.2034106412005457
 71
     2
 72
     1
 44
0.2987430912464504
 45
1.0
 73
     0
 74
     0
 46
0.0
  0
MTEXT
  5
AC3
330
58
100
AcDbEntity
 67
     1
  8
Title Block
  6
ACAD_ISO02W100
100
AcDbMText
 10
23.5300577686549
 20
12.54163051656062
 30
0.0
 40
0.2
 41
0.2987430912464504
 46
0.0
 71
     1
 72
     5
  1
6.
 73
     1
 44
1.0
101
Embedded Object
 70
     1
 10
1.0
 20
0.0
 30
0.0
 11
23.5300577686549
 21
12.54163051656062
 31
0.0
 40
0.2987430912464504
 41
0.0
 42
0.1982264665757163
 43
0.2042291950886767
 71
     2
 72
     1
 44
0.2987430912464504
 45
1.0
 73
     0
 74
     0
 46
0.0
  0
MTEXT
  5
AC4
330
58
100
AcDbEntity
 67
     1
  8
Title Block
  6
ACAD_ISO02W100
100
AcDbMText
 10
23.5300577686549
 20
11.59710454629255
 30
0.0
 40
0.2
 41
0.2987430912464504
 46
0.0
 71
     1
 72
     5
  1
7.
 73
     1
 44
1.0
101
Embedded Object
 70
     1
 10
1.0
 20
0.0
 30
0.0
 11
23.5300577686549
 21
11.59710454629255
 31
0.0
 40
0.2987430912464504
 41
0.0
 42
0.1954979536152797
 43
0.2
 71
     2
 72
     1
 44
0.2987430912464504
 45
1.0
 73
     0
 74
     0
 46
0.0
  0
MTEXT
  5
AC5
330
58
100
AcDbEntity
 67
     1
  8
Title Block
  6
ACAD_ISO02W100
100
AcDbMText
 10
23.5300577686549
 20
10.54145785550709
 30
0.0
 40
0.2
 41
0.2987430912464504
 46
0.0
 71
     1
 72
     5
  1
8.
 73
     1
 44
1.0
101
Embedded Object
 70
     1
 10
1.0
 20
0.0
 30
0.0
 11
23.5300577686549
 21
10.54145785550709
 31
0.0
 40
0.2987430912464504
 41
0.0
 42
0.1974079126875853
 43
0.2042291950886767
 71
     2
 72
     1
 44
0.2987430912464504
 45
1.0
 73
     0
 74
     0
 46
0.0
  0
MTEXT
  5
AC6
330
58
100
AcDbEntity
 67
     1
  8
Title Block
  6
ACAD_ISO02W100
100
AcDbMText
 10
23.5300577686549
 20
9.652492276323727
 30
0.0
 40
0.2
 41
0.2987430912464504
 46
0.0
 71
     1
 72
     5
  1
9.
 73
     1
 44
1.0
101
Embedded Object
 70
     1
 10
1.0
 20
0.0
 30
0.0
 11
23.5300577686549
 21
9.652492276323727
 31
0.0
 40
0.2987430912464504
 41
0.0
 42
0.1971350613915416
 43
0.2042291950886767
 71
     2
 72
     1
 44
0.2987430912464504
 45
1.0
 73
     0
 74
     0
 46
0.0
  0
LINE
  5
AD9
330
58
100
AcDbEntity
 67
     1
  8
Title Block
  6
ACAD_ISO02W100
100
AcDbLine
 10
24.22041440348789
 20
18.73546075729931
 30
0.0
 11
29.1482893788189
 21
18.73546075729931
 31
0.0
  0
LINE
  5
ADA
330
58
100
AcDbEntity
 67
     1
  8
Title Block
  6
ACAD_ISO02W100
100
AcDbLine
 10
29.1482893788189
 20
18.73546075729931
 30
0.0
 11
29.1482893788189
 21
8.945095102113654
 31
0.0
  0
MTEXT
  5
B27
330
58
100
AcDbEntity
 67
     1
  8
Title Block
  6
ACAD_ISO02W100
100
AcDbMText
 10
24.43020222570991
 20
17.6492313183429
 30
0.0
 40
0.1
 41
1.412228677590292
 46
0.0
 71
     1
 72
     5
  1
SURGE ARRESTER
 73
     1
 44
1.0
101
Embedded Object
 70
     1
 10
1.0
 20
0.0
 30
0.0
 11
24.43020222570991
 21
17.6492313183429
 31
0.0
 40
1.412228677590292
 41
0.0
 42
1.288267394270122
 43
0.1034106412005457
 71
     2
 72
     1
 44
1.412228677590292
 45
1.0
 73
     0
 74
     0
 46
0.0193289619052715
  0
MTEXT
  5
B29
330
58
100
AcDbEntity
 67
     1
  8
Title Block
  6
ACAD_ISO02W100
100
AcDbMText
 10
24.43020222570991
 20
15.64677984606898
 30
0.0
 40
0.1
 41
2.557094696453759
 46
0.0
 71
     1
 72
     5
  1
CENTER POST ROTATING DOUBLE BREAK ISOLATOR WITHOUT EARTH SWITCH
 73
     1
 44
1.0
101
Embedded Object
 70
     1
 10
1.0
 20
0.0
 30
0.0
 11
24.43020222570991
 21
15.64677984606898
 31
0.0
 40
2.557094696453759
 41
0.0
 42
2.400204638472033
 43
0.4402910413824466
 71
     2
 72
     1
 44
2.557094696453759
 45
1.0
 73
     0
 74
     0
 46
0.5878720584297719
  0
MTEXT
  5
B2A
330
58
100
AcDbEntity
 67
     1
  8
Title Block
  6
ACAD_ISO02W100
100
AcDbMText
 10
24.33334470313804
 20
16.70182772283827
 30
0.0
 40
0.1
 41
2.723229984704659
 46
0.0
 71
     1
 72
     5
  1
CENTER POST ROTATING DOUBLE BREAK ISOLATOR WITH EARTH SWITCH\PWITH MECHANICAL INTERLOCK(MI)
 73
     1
 44
1.0
101
Embedded Object
 70
     1
 10
1.0
 20
0.0
 30
0.0
 11
24.33334470313804
 21
16.70182772283827
 31
0.0
 40
2.723229984704659
 41
0.0
 42
2.695088676671214
 43
0.4680536607548886
 71
     2
 72
     1
 44
2.723229984704659
 45
1.0
 73
     0
 74
     0
 46
0.6319769312453881
  0
MTEXT
  5
B49
330
58
100
AcDbEntity
 67
     1
  8
Title Block
  6
ACAD_ISO02W100
100
AcDbMText
 10
24.43020222570991
 20
14.66763374184489
 30
0.0
 40
0.1
 41
2.557094696453759
 46
0.0
 71
     1
 72
     5
  1
CIRCUIT BREAKER
 73
     1
 44
1.0
101
Embedded Object
 70
     1
 10
1.0
 20
0.0
 30
0.0
 11
24.43020222570991
 21
14.66763374184489
 31
0.0
 40
2.557094696453759
 41
0.0
 42
1.264256480218281
 43
0.1034106412005457
 71
     2
 72
     1
 44
2.557094696453759
 45
1.0
 73
     0
 74
     0
 46
0.5878720584297719
  0
MTEXT
  5
B4A
330
58
100
AcDbEntity
 67
     1
  8
Title Block
  6
ACAD_ISO02W100
100
AcDbMText
 10
24.43020222570991
 20
13.6210799516264
 30
0.0
 40
0.1
 41
2.557094696453759
 46
0.0
 71
     1
 72
     5
  1
CURRENT TRANSFORMER 5-CORE\P800-400/1-1-1-1-1A
 73
     1
 44
1.0
101
Embedded Object
 70
     1
 10
1.0
 20
0.0
 30
0.0
 11
24.43020222570991
 21
13.6210799516264
 31
0.0
 40
2.557094696453759
 41
0.0
 42
2.352728512960436
 43
0.2718508412914962
 71
     2
 72
     1
 44
2.557094696453759
 45
1.0
 73
     0
 74
     0
 46
0.5878720584297719
  0
MTEXT
  5
B4B
330
58
100
AcDbEntity
 67
     1
  8
Title Block
  6
ACAD_ISO02W100
100
AcDbMText
 10
24.43020222570991
 20
12.55272313003304
 30
0.0
 40
0.1
 41
2.557094696453759
 46
0.0
 71
     1
 72
     5
  1
CURRENT TRANSFORMER \P(MAIN & CHECK)
 73
     1
 44
1.0
101
Embedded Object
 70
     1
 10
1.0
 20
0.0
 30
0.0
 11
24.43020222570991
 21
12.55272313003304
 31
0.0
 40
2.557094696453759
 41
0.0
 42
1.79181446111869
 43
0.2995452478399272
 71
     2
 72
     1
 44
2.557094696453759
 45
1.0
 73
     0
 74
     0
 46
0.5878720584297719
  0
MTEXT
  5
B4C
330
58
100
AcDbEntity
 67
     1
  8
Title Block
  6
ACAD_ISO02W100
100
AcDbMText
 10
24.43020222570991
 20
11.54126820247913
 30
0.0
 40
0.1
 41
2.557094696453759
 46
0.0
 71
     1
 72
     5
  1
CURRENT TRANSFORMER \P(STANDBY)
 73
     1
 44
1.0
101
Embedded Object
 70
     1
 10
1.0
 20
0.0
 30
0.0
 11
24.43020222570991
 21
11.54126820247913
 31
0.0
 40
2.557094696453759
 41
0.0
 42
1.79181446111869
 43
0.2995452478399272
 71
     2
 72
     1
 44
2.557094696453759
 45
1.0
 73
     0
 74
     0
 46
0.5878720584297719
  0
MTEXT
  5
B4D
330
58
100
AcDbEntity
 67
     1
  8
Title Block
  6
ACAD_ISO02W100
100
AcDbMText
 10
24.43020222570991
 20
10.64777130225538
 30
0.0
 40
0.1
 41
2.557094696453759
 46
0.0
 71
     1
 72
     5
  1
VOLTAGE TRANSFORMER \P(MAIN & CHECK MET)
 73
     1
 44
1.0
101
Embedded Object
 70
     1
 10
1.0
 20
0.0
 30
0.0
 11
24.43020222570991
 21
10.64777130225538
 31
0.0
 40
2.557094696453759
 41
0.0
 42
1.775102319236016
 43
0.2995452478399272
 71
     2
 72
     1
 44
2.557094696453759
 45
1.0
 73
     0
 74
     0
 46
0.5878720584297719
  0
MTEXT
  5
B4E
330
58
100
AcDbEntity
 67
     1
  8
Title Block
  6
ACAD_ISO02W100
100
AcDbMText
 10
24.43020222570991
 20
9.679819782932035
 30
0.0
 40
0.1
 41
2.557094696453759
 46
0.0
 71
     1
 72
     5
  1
VOLTAGE TRANSFORMER \P(STANDBY)
 73
     1
 44
1.0
101
Embedded Object
 70
     1
 10
1.0
 20
0.0
 30
0.0
 11
24.43020222570991
 21
9.679819782932035
 31
0.0
 40
2.557094696453759
 41
0.0
 42
1.775102319236016
 43
0.2995452478399272
 71
     2
 72
     1
 44
2.557094696453759
 45
1.0
 73
     0
 74
     0
 46
0.5878720584297719
  0
INSERT
  5
B82
330
58
100
AcDbEntity
 67
     1
  8
Title Block
  6
ACAD_ISO02W100
100
AcDbBlockReference
  2
SUREGE ARR
 10
27.94942926296679
 20
17.40939342644225
 30
0.0
 41
0.104133492916869
 42
0.104133492916869
 43
0.104133492916869
  0
INSERT
  5
BB3
330
58
100
AcDbEntity
 67
     1
  8
Title Block
  6
ACAD_ISO02W100
100
AcDbBlockReference
  2
2post
 10
27.88761739309171
 20
16.51983491869199
 30
0.0
 41
0.0581362674727364
 42
0.0581362674727364
 43
0.0581362674727364
  0
INSERT
  5
BD2
330
58
100
AcDbEntity
 67
     1
  8
Title Block
  6
ACAD_ISO02W100
100
AcDbBlockReference
  2
dbreak
 10
27.59266056880736
 20
15.89396645236035
 30
0.0
 41
0.1779429613844278
 42
0.1779429613844278
 43
0.1779429613844278
  0
INSERT
  5
BED
330
58
100
AcDbEntity
 67
     1
  8
Title Block
  6
ACAD_ISO02W100
100
AcDbBlockReference
  2
cbreak
 10
27.58415652916508
 20
14.18913006911542
 30
0.0
 41
0.1775008815967721
 42
0.1775008815967721
 43
0.1775008815967721
  0
INSERT
  5
C01
330
58
100
AcDbEntity
 67
     1
  8
Title Block
  6
ACAD_ISO02W100
100
AcDbBlockReference
  2
vt
 10
27.92194732183086
 20
13.42326386466715
 30
0.0
 41
0.3480200077861853
 42
0.3480200077861853
 43
0.3480200077861853
 50
270.0000000000002
  0
LINE
  5
C02
330
58
100
AcDbEntity
 67
     1
  8
Title Block
  6
ACAD_ISO02W100
100
AcDbLine
 10
27.24097951910513
 20
13.50500636952326
 30
0.0
 11
27.9005887096499
 21
13.50500636952326
 31
0.0
  0
INSERT
  5
C03
330
58
100
AcDbEntity
 67
     1
  8
Title Block
  6
ACAD_ISO02W100
100
AcDbBlockReference
  2
vt
 10
27.92194732183086
 20
12.41550091511942
 30
0.0
 41
0.3480200077861853
 42
0.3480200077861853
 43
0.3480200077861853
 50
270.0000000000002
  0
LINE
  5
C04
330
58
100
AcDbEntity
 67
     1
  8
Title Block
  6
ACAD_ISO02W100
100
AcDbLine
 10
27.24097951910513
 20
12.49724341997553
 30
0.0
 11
27.9005887096499
 21
12.49724341997553
 31
0.0
  0
INSERT
  5
C05
330
58
100
AcDbEntity
 67
     1
  8
Title Block
  6
ACAD_ISO02W100
100
AcDbBlockReference
  2
vt
 10
27.92194732183086
 20
11.45926461150258
 30
0.0
 41
0.3480200077861853
 42
0.3480200077861853
 43
0.3480200077861853
 50
270.0000000000002
  0
LINE
  5
C06
330
58
100
AcDbEntity
 67
     1
  8
Title Block
  6
ACAD_ISO02W100
100
AcDbLine
 10
27.24097951910513
 20
11.5410071163587
 30
0.0
 11
27.9005887096499
 21
11.5410071163587
 31
0.0
  0
INSERT
  5
C43
330
58
100
AcDbEntity
 67
     1
  8
Title Block
  6
ACAD_ISO02W100
100
AcDbBlockReference
  2
vt1
 10
27.58312614693686
 20
10.46159415151099
 30
0.0
 41
0.1630947368224101
 42
0.1630947368224101
 43
0.1630947368224101
  0
MTEXT
  5
C52
330
58
100
AcDbEntity
 67
     1
  8
Title Block
  6
ACAD_ISO02W100
100
AcDbMText
 10
28.51697479345494
 20
17.54986068180021
 30
0.0
 40
0.2
 41
0.2987430912464504
 46
0.0
 71
     1
 72
     5
  1
3
 73
     1
 44
1.0
101
Embedded Object
 70
     1
 10
1.0
 20
0.0
 30
0.0
 11
28.51697479345494
 21
17.54986068180021
 31
0.0
 40
0.2987430912464504
 41
0.0
 42
0.130968622100955
 43
0.2043656207366985
 71
     2
 72
     1
 44
0.2987430912464504
 45
1.0
 73
     0
 74
     0
 46
0.0
  0
MTEXT
  5
C53
330
58
100
AcDbEntity
 67
     1
  8
Title Block
  6
ACAD_ISO02W100
100
AcDbMText
 10
28.51697479345494
 20
16.50211190969956
 30
0.0
 40
0.2
 41
0.2987430912464504
 46
0.0
 71
     1
 72
     5
  1
1
 73
     1
 44
1.0
101
Embedded Object
 70
     1
 10
1.0
 20
0.0
 30
0.0
 11
28.51697479345494
 21
16.50211190969956
 31
0.0
 40
0.2987430912464504
 41
0.0
 42
0.0736698499317872
 43
0.200818553888131
 71
     2
 72
     1
 44
0.2987430912464504
 45
1.0
 73
     0
 74
     0
 46
0.0
  0
MTEXT
  5
C54
330
58
100
AcDbEntity
 67
     1
  8
Title Block
  6
ACAD_ISO02W100
100
AcDbMText
 10
28.51697479345494
 20
15.51756726825626
 30
0.0
 40
0.2
 41
0.2987430912464504
 46
0.0
 71
     1
 72
     5
  1
2
 73
     1
 44
1.0
101
Embedded Object
 70
     1
 10
1.0
 20
0.0
 30
0.0
 11
28.51697479345494
 21
15.51756726825626
 31
0.0
 40
0.2987430912464504
 41
0.0
 42
0.1324693042291951
 43
0.200818553888131
 71
     2
 72
     1
 44
0.2987430912464504
 45
1.0
 73
     0
 74
     0
 46
0.0
  0
MTEXT
  5
C55
330
58
100
AcDbEntity
 67
     1
  8
Title Block
  6
ACAD_ISO02W100
100
AcDbMText
 10
28.51697479345494
 20
14.397889055425
 30
0.0
 40
0.2
 41
0.2987430912464504
 46
0.0
 71
     1
 72
     5
  1
1
 73
     1
 44
1.0
101
Embedded Object
 70
     1
 10
1.0
 20
0.0
 30
0.0
 11
28.51697479345494
 21
14.397889055425
 31
0.0
 40
0.2987430912464504
 41
0.0
 42
0.0736698499317872
 43
0.200818553888131
 71
     2
 72
     1
 44
0.2987430912464504
 45
1.0
 73
     0
 74
     0
 46
0.0
  0
MTEXT
  5
C56
330
58
100
AcDbEntity
 67
     1
  8
Title Block
  6
ACAD_ISO02W100
100
AcDbMText
 10
28.51697479345494
 20
13.51025319100218
 30
0.0
 40
0.2
 41
0.2987430912464504
 46
0.0
 71
     1
 72
     5
  1
3
 73
     1
 44
1.0
101
Embedded Object
 70
     1
 10
1.0
 20
0.0
 30
0.0
 11
28.51697479345494
 21
13.51025319100218
 31
0.0
 40
0.2987430912464504
 41
0.0
 42
0.130968622100955
 43
0.2043656207366985
 71
     2
 72
     1
 44
0.2987430912464504
 45
1.0
 73
     0
 74
     0
 46
0.0
  0
MTEXT
  5
C5B
330
58
100
AcDbEntity
 67
     1
  8
Title Block
  6
ACAD_ISO02W100
100
AcDbMText
 10
28.51697479345494
 20
9.67865179392708
 30
0.0
 40
0.2
 41
0.2987430912464504
 46
0.0
 71
     1
 72
     5
  1
1
 73
     1
 44
1.0
101
Embedded Object
 70
     1
 10
1.0
 20
0.0
 30
0.0
 11
28.51697479345494
 21
9.67865179392708
 31
0.0
 40
0.2987430912464504
 41
0.0
 42
0.0736698499317872
 43
0.200818553888131
 71
     2
 72
     1
 44
0.2987430912464504
 45
1.0
 73
     0
 74
     0
 46
0.0
  0
MTEXT
  5
C5C
330
58
100
AcDbEntity
 67
     1
  8
Title Block
  6
ACAD_ISO02W100
100
AcDbMText
 10
28.51697479345494
 20
12.61213023601834
 30
0.0
 40
0.2
 41
0.2987430912464504
 46
0.0
 71
     1
 72
     5
  1
3
 73
     1
 44
1.0
101
Embedded Object
 70
     1
 10
1.0
 20
0.0
 30
0.0
 11
28.51697479345494
 21
12.61213023601834
 31
0.0
 40
0.2987430912464504
 41
0.0
 42
0.130968622100955
 43
0.2043656207366985
 71
     2
 72
     1
 44
0.2987430912464504
 45
1.0
 73
     0
 74
     0
 46
0.0
  0
MTEXT
  5
C5D
330
58
100
AcDbEntity
 67
     1
  8
Title Block
  6
ACAD_ISO02W100
100
AcDbMText
 10
28.51697479345494
 20
11.5613260273743
 30
0.0
 40
0.2
 41
0.2987430912464504
 46
0.0
 71
     1
 72
     5
  1
3
 73
     1
 44
1.0
101
Embedded Object
 70
     1
 10
1.0
 20
0.0
 30
0.0
 11
28.51697479345494
 21
11.5613260273743
 31
0.0
 40
0.2987430912464504
 41
0.0
 42
0.130968622100955
 43
0.2043656207366985
 71
     2
 72
     1
 44
0.2987430912464504
 45
1.0
 73
     0
 74
     0
 46
0.0
  0
MTEXT
  5
C5E
330
58
100
AcDbEntity
 67
     1
  8
Title Block
  6
ACAD_ISO02W100
100
AcDbMText
 10
28.51697479345494
 20
10.60770605703539
 30
0.0
 40
0.2
 41
0.2987430912464504
 46
0.0
 71
     1
 72
     5
  1
1
 73
     1
 44
1.0
101
Embedded Object
 70
     1
 10
1.0
 20
0.0
 30
0.0
 11
28.51697479345494
 21
10.60770605703539
 31
0.0
 40
0.2987430912464504
 41
0.0
 42
0.0736698499317872
 43
0.200818553888131
 71
     2
 72
     1
 44
0.2987430912464504
 45
1.0
 73
     0
 74
     0
 46
0.0
  0
ENDSEC
  0
SECTION
  2
OBJECTS
  0
DICTIONARY
  5
C
330
0
100
AcDbDictionary
281
     1
  3
ACAD_ASSOCNETWORK
350
3D0
  3
ACAD_CIP_PREVIOUS_PRODUCT_INFO
350
1A5
  3
ACAD_COLOR
350
73
  3
ACAD_DETAILVIEWSTYLE
350
1AB
  3
ACAD_FIELDLIST
350
6DA
  3
ACAD_GROUP
350
D
  3
ACAD_LAST_SAVED_VERSION_INFO
350
28C
  3
ACAD_LAYOUT
350
1A
  3
ACAD_MATERIAL
350
72
  3
ACAD_MLEADERSTYLE
350
D7
  3
ACAD_MLINESTYLE
350
17
  3
ACAD_PLOTSETTINGS
350
19
  3
ACAD_PLOTSTYLENAME
350
E
  3
ACAD_SCALELIST
350
B6
  3
ACAD_SECTIONVIEWSTYLE
350
1A8
  3
ACAD_TABLESTYLE
350
86
  3
ACAD_VISUALSTYLE
350
99
  3
ACDB_RECOMPOSE_DATA
350
C9A
  3
AcDbVariableDictionary
350
66
  0
DICTIONARY
  5
18E
330
2
100
AcDbDictionary
280
     1
281
     1
  3
ACAD_LAYERSTATES
360
18F
  0
DICTIONARY
  5
E6
330
10
100
AcDbDictionary
280
     1
281
     1
  0
DICTIONARY
  5
15D
330
1F
100
AcDbDictionary
280
     1
281
     1
  3
ACAD_ASSOCNETWORK
360
3CE
  3
ACAD_SORTENTS
360
246
  0
DICTIONARY
  5
83D
330
58
100
AcDbDictionary
280
     1
281
     1
  3
ACAD_SORTENTS
360
83E
  0
DICTIONARY
  5
5A6
330
5A5
100
AcDbDictionary
280
     1
281
     1
  3
ACAD_SORTENTS
360
6C9
  0
DICTIONARY
  5
C33
330
C0E
100
AcDbDictionary
280
     1
281
     1
  3
ACAD_ASSOCNETWORK
360
C34
  3
AcDbDynamicBlockRoundTripPurgePreventer
360
C3A
  0
DICTIONARY
  5
C96
330
5D2
100
AcDbDictionary
280
     1
281
     1
  3
ACAD_XREC_ROUNDTRIP
360
C97
  0
DICTIONARY
  5
5F1
330
5F0
100
AcDbDictionary
280
     1
281
     1
  3
ACAD_FIELD
360
5F2
  0
DICTIONARY
  5
5F6
330
5F5
100
AcDbDictionary
280
     1
281
     1
  3
ACAD_FIELD
360
5F7
  0
DICTIONARY
  5
5FB
330
5FA
100
AcDbDictionary
280
     1
281
     1
  3
ACAD_FIELD
360
5FC
  0
DICTIONARY
  5
601
330
600
100
AcDbDictionary
280
     1
281
     1
  3
ACAD_FIELD
360
602
  0
DICTIONARY
  5
606
330
605
100
AcDbDictionary
280
     1
281
     1
  3
ACAD_FIELD
360
607
  0
DICTIONARY
  5
60B
330
60A
100
AcDbDictionary
280
     1
281
     1
  3
ACAD_FIELD
360
60C
  0
DICTIONARY
  5
619
330
618
100
AcDbDictionary
280
     1
281
     1
  3
ACAD_FIELD
360
61A
  0
DICTIONARY
  5
621
330
620
100
AcDbDictionary
280
     1
281
     1
  3
ACAD_FIELD
360
622
  0
DICTIONARY
  5
626
330
625
100
AcDbDictionary
280
     1
281
     1
  3
ACAD_FIELD
360
627
  0
DICTIONARY
  5
62B
330
62A
100
AcDbDictionary
280
     1
281
     1
  3
ACAD_FIELD
360
62C
  0
DICTIONARY
  5
6DF
330
6DE
100
AcDbDictionary
280
     1
281
     1
  3
ASDK_XREC_ANNOTATION_SCALE_INFO
360
6E0
  0
DICTIONARY
  5
6E3
330
6E2
100
AcDbDictionary
280
     1
281
     1
  3
ASDK_XREC_ANNOTATION_SCALE_INFO
360
6E4
  0
DICTIONARY
  5
57A
330
579
100
AcDbDictionary
280
     1
281
     1
  3
ASDK_XREC_ANNOTATION_SCALE_INFO
360
57B
  0
DICTIONARY
  5
AA9
330
AA8
100
AcDbDictionary
280
     1
281
     1
  3
ASDK_XREC_ANNOTATION_SCALE_INFO
360
AAA
  0
DICTIONARY
  5
3D0
102
{ACAD_REACTORS
330
C
102
}
330
C
100
AcDbDictionary
281
     1
  3
ACAD_ASSOCNETWORK
350
3D1
  0
XRECORD
  5
1A5
102
{ACAD_REACTORS
330
C
102
}
330
C
100
AcDbXrecord
280
     1
300

300

300

  0
DICTIONARY
  5
73
102
{ACAD_REACTORS
330
C
102
}
330
C
100
AcDbDictionary
281
     1
  0
DICTIONARY
  5
1AB
102
{ACAD_REACTORS
330
C
102
}
330
C
100
AcDbDictionary
281
     1
  3
Imperial24
350
1AC
  3
Metric50
350
7B7
  0
FIELDLIST
  5
6DA
102
{ACAD_REACTORS
330
C
102
}
330
C
100
AcDbIdSet
 90
       21
330
5F3
330
5F4
330
5F8
330
5F9
330
5FD
330
5FE
330
5FF
330
603
330
604
330
608
330
609
330
60D
330
60E
330
61B
330
61C
330
623
330
624
330
628
330
629
330
62D
330
62E
100
AcDbFieldList
  0
DICTIONARY
  5
D
102
{ACAD_REACTORS
330
C
102
}
330
C
100
AcDbDictionary
281
     1
  0
XRECORD
  5
28C
102
{ACAD_REACTORS
330
C
102
}
330
C
100
AcDbXrecord
280
     1
300
{5A0934EC-91A6-B34D-9DDD-34354CC51D15}
301
{E0960734-4B97-2B4C-9018-510BD83893F7}
302
{5A0934EC-91A6-B34D-9DDD-34354CC51D15}
303
D:\GO Bull\4_Spring 2024\AutoCAD\SLD_132kv33kv_Substation.dwg
  0
DICTIONARY
  5
1A
102
{ACAD_REACTORS
330
C
102
}
330
C
100
AcDbDictionary
281
     1
  3
Layout1
350
59
  3
Layout2
350
5E
  3
Model
350
22
  0
DICTIONARY
  5
72
102
{ACAD_REACTORS
330
C
102
}
330
C
100
AcDbDictionary
281
     1
  3
ByBlock
350
97
  3
ByLayer
350
96
  3
Global
350
98
  0
DICTIONARY
  5
D7
102
{ACAD_REACTORS
330
C
102
}
330
C
100
AcDbDictionary
281
     1
  3
Annotative
350
E5
  3
Standard
350
D8
  0
DICTIONARY
  5
17
102
{ACAD_REACTORS
330
C
102
}
330
C
100
AcDbDictionary
281
     1
  3
Standard
350
18
  0
DICTIONARY
  5
19
102
{ACAD_REACTORS
330
C
102
}
330
C
100
AcDbDictionary
281
     1
  0
ACDBDICTIONARYWDFLT
  5
E
102
{ACAD_REACTORS
330
C
102
}
330
C
100
AcDbDictionary
281
     1
  3
Normal
350
F
100
AcDbDictionaryWithDefault
340
F
  0
DICTIONARY
  5
B6
102
{ACAD_REACTORS
330
C
102
}
330
C
100
AcDbDictionary
281
     1
  3
A0
350
B7
  3
A1
350
124
  3
A2
350
125
  3
A3
350
126
  3
A4
350
127
  3
A5
350
128
  3
A6
350
129
  3
A7
350
12A
  3
A8
350
12B
  3
A9
350
12C
  3
B0
350
12D
  3
B1
350
12E
  3
B2
350
12F
  3
B3
350
130
  3
B4
350
131
  3
B5
350
132
  3
B6
350
133
  3
B7
350
134
  3
B8
350
135
  3
B9
350
136
  3
C0
350
137
  3
C1
350
138
  3
C2
350
139
  3
C3
350
13A
  3
C4
350
13B
  3
C5
350
13C
  3
C6
350
13D
  3
C7
350
13E
  3
C8
350
13F
  3
C9
350
140
  3
D0
350
141
  3
D1
350
142
  3
D2
350
143
  0
DICTIONARY
  5
1A8
102
{ACAD_REACTORS
330
C
102
}
330
C
100
AcDbDictionary
281
     1
  3
Imperial24
350
1AA
  3
Metric50
350
7B6
  0
DICTIONARY
  5
86
102
{ACAD_REACTORS
330
C
102
}
330
C
100
AcDbDictionary
281
     1
  3
Revision
350
683
  3
Standard
350
87
  0
DICTIONARY
  5
99
102
{ACAD_REACTORS
330
C
102
}
330
C
100
AcDbDictionary
281
     1
  3
2dWireframe
350
9F
  3
Basic
350
9E
  3
Brighten
350
A5
  3
ColorChange
350
A9
  3
Conceptual
350
A2
  3
Dim
350
A4
  3
EdgeColorOff
350
175
  3
Facepattern
350
A8
  3
Flat
350
9A
  3
FlatWithEdges
350
9B
  3
Gouraud
350
9C
  3
GouraudWithEdges
350
9D
  3
Hidden
350
A1
  3
JitterOff
350
173
  3
Linepattern
350
A7
  3
OverhangOff
350
174
  3
Realistic
350
A3
  3
Shaded
350
182
  3
Shaded with edges
350
181
  3
Shades of Gray
350
17E
  3
Sketchy
350
17F
  3
Thicken
350
A6
  3
Wireframe
350
A0
  3
X-Ray
350
180
  0
XRECORD
  5
C9A
102
{ACAD_REACTORS
330
C
102
}
330
C
100
AcDbXrecord
280
     1
 90
        1
330
87
330
5D2
330
683
  0
DICTIONARY
  5
66
102
{ACAD_REACTORS
330
C
102
}
330
C
100
AcDbDictionary
281
     1
  3
CANNOSCALE
350
F0
  3
CMLEADERSTYLE
350
EF
  3
CTABLESTYLE
350
89
  3
CVIEWDETAILSTYLE
350
1B7
  3
CVIEWSECTIONSTYLE
350
1B8
  3
DIMASSOC
350
67
  3
HIDETEXT
350
6B
  3
HPCOLOR
350
4D1
  3
HPTRANSPARENCY
350
4D0
  3
LAYEREVAL
350
14D
  3
LAYERNOTIFY
350
14E
  0
DICTIONARY
  5
18F
102
{ACAD_REACTORS
330
18E
102
}
330
18E
100
AcDbDictionary
281
     1
  0
DICTIONARY
  5
3CE
102
{ACAD_REACTORS
330
15D
102
}
330
15D
100
AcDbDictionary
281
     1
  3
ACAD_ASSOCNETWORK
350
3CF
  0
SORTENTSTABLE
  5
246
102
{ACAD_REACTORS
330
15D
102
}
330
15D
100
AcDbSortentsTable
330
1F
331
247
  5
245
331
281
  5
295
331
282
  5
296
331
283
  5
297
331
284
  5
283
331
294
  5
298
331
295
  5
29C
331
296
  5
29E
331
297
  5
29F
331
298
  5
2A0
331
29A
  5
2A1
331
29B
  5
280
331
29F
  5
2A2
331
2A0
  5
2A3
331
2A1
  5
2A4
331
2A2
  5
2A5
331
2A3
  5
2A8
331
2A4
  5
2A9
331
2A5
  5
2AA
331
2A8
  5
2AB
331
2AD
  5
2B0
331
2AE
  5
2B1
331
2AF
  5
2B2
331
2B0
  5
282
331
2B2
  5
2B4
331
2B3
  5
2B5
331
2B4
  5
2B6
331
2B5
  5
2B7
331
2B6
  5
2B8
331
2B7
  5
294
331
372
  5
37B
331
373
  5
37C
331
37B
  5
37E
331
37C
  5
372
331
37D
  5
3CB
331
37E
  5
37D
331
3CB
  5
3E0
331
3E0
  5
3EF
331
3EF
  5
3F0
331
3F0
  5
411
331
411
  5
429
331
429
  5
42A
331
42A
  5
42B
331
42B
  5
42C
331
42C
  5
42D
331
42D
  5
373
331
49A
  5
49B
331
49B
  5
49D
331
49C
  5
49E
331
49D
  5
49F
331
49E
  5
4A0
331
49F
  5
4A1
331
4A0
  5
4A2
331
4A1
  5
4A3
331
4A2
  5
4A4
331
4A3
  5
4A5
331
4A4
  5
4A6
331
4A5
  5
4A7
331
4A8
  5
4AA
331
4A9
  5
4AB
331
4AA
  5
4AC
331
4AB
  5
4AD
331
4AC
  5
4AE
331
4AD
  5
4AF
331
4AE
  5
4B0
331
4AF
  5
4B1
331
4B0
  5
4B2
331
4B1
  5
4B3
331
4B2
  5
4B4
331
4B3
  5
4B5
331
4B4
  5
4B6
331
4B5
  5
4B7
331
4B6
  5
4B8
331
4B7
  5
4B9
331
4BA
  5
4BC
331
4BB
  5
4BD
331
4BC
  5
4BE
331
4BD
  5
4BF
331
4BE
  5
4C2
331
4BF
  5
4C3
331
4C0
  5
4C4
331
4C1
  5
4C5
331
4C2
  5
4C6
331
4C3
  5
4C7
331
4C4
  5
4C8
331
4C5
  5
4C9
331
4C6
  5
4CA
331
4C7
  5
4CB
331
4C8
  5
4CC
331
4C9
  5
4CD
331
4DF
  5
49C
331
4E8
  5
4EA
331
4E9
  5
4EB
331
4EA
  5
4EC
331
4EB
  5
4ED
331
4EC
  5
4EE
331
4ED
  5
4F0
331
4EE
  5
4F1
331
4F0
  5
4F2
331
4F1
  5
4F3
331
4F2
  5
4F5
331
4F9
  5
4E9
331
511
  5
51E
331
512
  5
51F
331
51E
  5
520
331
51F
  5
522
331
52A
  5
512
  0
SORTENTSTABLE
  5
83E
102
{ACAD_REACTORS
330
83D
102
}
330
83D
100
AcDbSortentsTable
330
58
  0
SORTENTSTABLE
  5
6C9
102
{ACAD_REACTORS
330
5A6
102
}
330
5A6
100
AcDbSortentsTable
330
5A5
  0
DICTIONARY
  5
C34
102
{ACAD_REACTORS
330
C33
102
}
330
C33
100
AcDbDictionary
281
     1
  3
ACAD_ASSOCNETWORK
350
C35
  0
ACDB_DYNAMICBLOCKPURGEPREVENTER_VERSION
  5
C3A
102
{ACAD_REACTORS
330
C33
102
}
330
C33
100
AcDbDynamicBlockPurgePreventer
 70
     1
  0
XRECORD
  5
C97
102
{ACAD_REACTORS
330
C96
102
}
330
C96
100
AcDbXrecord
280
     1
102
ACAD_ROUNDTRIP_2008_TABLE_ENTITY
360
B37
 70
     2
 90
        1
 10
0.0
 20
0.0
 30
0.0
 90
        0
 90
        2
361
B38
  0
DICTIONARY
  5
5F2
102
{ACAD_REACTORS
330
5F1
102
}
330
5F1
100
AcDbDictionary
280
     1
281
     1
  3
TEXT
360
5F3
  0
DICTIONARY
  5
5F7
102
{ACAD_REACTORS
330
5F6
102
}
330
5F6
100
AcDbDictionary
280
     1
281
     1
  3
TEXT
360
5F8
  0
DICTIONARY
  5
5FC
102
{ACAD_REACTORS
330
5FB
102
}
330
5FB
100
AcDbDictionary
280
     1
281
     1
  3
TEXT
360
5FD
  0
DICTIONARY
  5
602
102
{ACAD_REACTORS
330
601
102
}
330
601
100
AcDbDictionary
280
     1
281
     1
  3
TEXT
360
603
  0
DICTIONARY
  5
607
102
{ACAD_REACTORS
330
606
102
}
330
606
100
AcDbDictionary
280
     1
281
     1
  3
TEXT
360
608
  0
DICTIONARY
  5
60C
102
{ACAD_REACTORS
330
60B
102
}
330
60B
100
AcDbDictionary
280
     1
281
     1
  3
TEXT
360
60D
  0
DICTIONARY
  5
61A
102
{ACAD_REACTORS
330
619
102
}
330
619
100
AcDbDictionary
280
     1
281
     1
  3
TEXT
360
61B
  0
DICTIONARY
  5
622
102
{ACAD_REACTORS
330
621
102
}
330
621
100
AcDbDictionary
280
     1
281
     1
  3
TEXT
360
623
  0
DICTIONARY
  5
627
102
{ACAD_REACTORS
330
626
102
}
330
626
100
AcDbDictionary
280
     1
281
     1
  3
TEXT
360
628
  0
DICTIONARY
  5
62C
102
{ACAD_REACTORS
330
62B
102
}
330
62B
100
AcDbDictionary
280
     1
281
     1
  3
TEXT
360
62D
  0
XRECORD
  5
6E0
102
{ACAD_REACTORS
330
6DF
102
}
330
6DF
100
AcDbXrecord
280
     1
 90
        1
340
B7
  0
XRECORD
  5
6E4
102
{ACAD_REACTORS
330
6E3
102
}
330
6E3
100
AcDbXrecord
280
     1
 90
        1
340
B7
  0
XRECORD
  5
57B
102
{ACAD_REACTORS
330
57A
102
}
330
57A
100
AcDbXrecord
280
     1
 90
        1
340
B7
  0
XRECORD
  5
AAA
102
{ACAD_REACTORS
330
AA9
102
}
330
AA9
100
AcDbXrecord
280
     1
 90
        1
340
B7
  0
ACDBASSOCNETWORK
  5
3D1
102
{ACAD_REACTORS
330
3D0
102
}
330
3D0
100
AcDbAssocAction
 90
        2
 90
        0
330
0
360
0
 90
        0
 90
        0
 90
        0
 90
        0
 90
        0
 90
        0
 90
        0
100
AcDbAssocNetwork
 90
        0
 90
        2
 90
        2
330
3CF
330
C35
 90
        0
  0
ACDBDETAILVIEWSTYLE
  5
1AC
102
{ACAD_REACTORS
330
1AB
102
}
330
1AB
100
AcDbModelDocViewStyle
 70
     0
  3
Imperial24
290
     0
300
Imperial24
 90
        0
100
AcDbDetailViewStyle
 70
     0
 71
     0
 90
        3
 71
     1
340
11
 62
   256
 40
0.24
340
0
 62
   256
 40
0.24
300

 40
0.36
280
     3
 71
     2
340
16
 90
       25
 62
   256
 71
     3
340
11
 62
   256
 40
0.24
 90
        1
 40
0.75
 90
        1
300
%<\AcVar ViewType \f "%tc1">% %<\AcVar ViewDetailId>%\PSCALE %<\AcVar ViewScale \f "%sn">%
 71
     4
340
16
 90
       25
 62
   256
340
16
 90
       25
 62
   256
280
     0
  0
ACDBDETAILVIEWSTYLE
  5
7B7
102
{ACAD_REACTORS
330
1AB
102
}
330
1AB
100
AcDbModelDocViewStyle
 70
     0
  3
Metric50
290
     0
300
Metric50
 90
        0
100
AcDbDetailViewStyle
 70
     0
 71
     0
 90
        3
 71
     1
340
11
 62
   256
 40
5.0
340
0
 62
   256
 40
5.0
300

 40
0.0
280
     1
 71
     2
340
16
 90
       25
 62
   256
 71
     3
340
11
 62
   256
 40
5.0
 90
        0
 40
15.0
 90
        1
300
%<\AcVar ViewDetailId>% (%<\AcVar ViewScale \f "%sn">%)
 71
     4
340
16
 90
       25
 62
   256
340
16
 90
       25
 62
   256
280
     0
  0
LAYOUT
  5
59
102
{ACAD_REACTORS
330
1A
102
}
330
1A
100
AcDbPlotSettings
  1

  2
DWG To PDF.pc3
  4
ANSI_full_bleed_D_(34.00_x_22.00_Inches)
  6

 40
0.0
 41
0.0
 42
0.0
 43
0.0
 44
863.5999755859375
 45
558.7999877929687
 46
19.68981078900826
 47
7.20190440085454
 48
0.0061801395673911
 49
0.0525403245725471
140
32.45580037609972
141
21.48546075729931
142
1.0
143
1.0
 70
   692
 72
     0
 73
     0
 74
     4
  7

 75
    16
147
1.0
 76
     0
 77
     2
 78
   300
148
-0.1569755450117327
149
-1.334524244142696
100
AcDbLayout
  1
Layout1
 70
     1
 71
     1
 10
-0.7690092615746665
 20
-0.2309992187681829
 11
33.23098977724177
 21
21.76900030064004
 12
0.0
 22
0.0
 32
0.0
 14
0.0061801395673911
 24
0.0525403245725471
 34
0.0
 15
32.45580037609972
 25
21.48546075729931
 35
0.0
146
0.0
 13
0.0
 23
0.0
 33
0.0
 16
1.0
 26
0.0
 36
0.0
 17
0.0
 27
1.0
 37
0.0
 76
     0
330
58
331
579
1001
ACAD_PSEXT
1000
DWG To PDF.pc3
1000
DWG To PDF
1000
File
1000

1070
     0
  0
LAYOUT
  5
5E
102
{ACAD_REACTORS
330
1A
102
}
330
1A
100
AcDbPlotSettings
  1

  2
none_device
  4
Letter_(8.50_x_11.00_Inches)
  6

 40
6.349999904632568
 41
6.349999904632568
 42
6.350006103515625
 43
6.350006103515625
 44
215.8999938964844
 45
279.3999938964844
 46
0.0
 47
0.0
 48
0.0
 49
0.0
140
0.0
141
0.0
142
1.0
143
1.0
 70
   688
 72
     0
 73
     1
 74
     5
  7

 75
    16
147
1.0
 76
     0
 77
     2
 78
   300
148
0.0
149
0.0
100
AcDbLayout
  1
Layout2
 70
     1
 71
     2
 10
-0.2500002402958907
 20
-0.2499999962453767
 11
10.74999951940822
 21
8.249999763458733
 12
0.0
 22
0.0
 32
0.0
 14
1.049999952316284
 24
0.7999999523162842
 34
0.0
 15
9.449999570846559
 25
7.199999570846558
 35
0.0
146
0.0
 13
0.0
 23
0.0
 33
0.0
 16
1.0
 26
0.0
 36
0.0
 17
0.0
 27
1.0
 37
0.0
 76
     0
330
5D
331
6DE
1001
ACAD_PSEXT
1000
None
1000
None
1000
Not applicable
1000
The layout will not be plotted unless a new plotter configuration name is selected.
1070
     0
  0
LAYOUT
  5
22
102
{ACAD_XDICTIONARY
360
194
102
}
102
{ACAD_REACTORS
330
1A
102
}
330
1A
100
AcDbPlotSettings
  1

  2
none_device
  4
ANSI_A_(8.50_x_11.00_Inches)
  6

 40
6.349999904632568
 41
19.04999923706055
 42
6.350006103515625
 43
19.04998779296875
 44
215.8999938964844
 45
279.3999938964844
 46
0.0
 47
0.0
 48
0.0
 49
0.0
140
0.0
141
0.0
142
1.0
143
2.584895464708373
 70
 11952
 72
     0
 73
     1
 74
     0
  7

 75
     0
147
0.3868628397755418
 76
     0
 77
     2
 78
   300
148
0.0
149
0.0
100
AcDbLayout
  1
Model
 70
     1
 71
     0
 10
0.0
 20
0.0
 11
12.0
 21
9.0
 12
0.0
 22
0.0
 32
0.0
 14
0.0
 24
0.0
 34
0.0
 15
0.0
 25
0.0
 35
0.0
146
0.0
 13
0.0
 23
0.0
 33
0.0
 16
1.0
 26
0.0
 36
0.0
 17
0.0
 27
1.0
 37
0.0
 76
     0
330
1F
331
94
  0
MATERIAL
  5
97
102
{ACAD_XDICTIONARY
360
188
102
}
102
{ACAD_REACTORS
330
72
102
}
330
72
100
AcDbMaterial
  1
ByBlock
 94
       63
  0
MATERIAL
  5
96
102
{ACAD_XDICTIONARY
360
186
102
}
102
{ACAD_REACTORS
330
72
102
}
330
72
100
AcDbMaterial
  1
ByLayer
 94
       63
  0
MATERIAL
  5
98
102
{ACAD_XDICTIONARY
360
110
102
}
102
{ACAD_REACTORS
330
72
102
}
330
72
100
AcDbMaterial
  1
Global
 43
0.0208000000566244
 43
0.0
 43
0.0
 43
0.0
 43
0.0
 43
0.0208000000566244
 43
0.0
 43
0.0
 43
0.0
 43
0.0
 43
1.0
 43
0.0
 43
0.0
 43
0.0
 43
0.0
 43
1.0
 49
0.0208000000566244
 49
0.0
 49
0.0
 49
0.0
 49
0.0
 49
0.0208000000566244
 49
0.0
 49
0.0
 49
0.0
 49
0.0
 49
1.0
 49
0.0
 49
0.0
 49
0.0
 49
0.0
 49
1.0
142
0.0208000000566244
142
0.0
142
0.0
142
0.0
142
0.0
142
0.0208000000566244
142
0.0
142
0.0
142
0.0
142
0.0
142
1.0
142
0.0
142
0.0
142
0.0
142
0.0
142
1.0
144
0.0208000000566244
144
0.0
144
0.0
144
0.0
144
0.0
144
0.0208000000566244
144
0.0
144
0.0
144
0.0
144
0.0
144
1.0
144
0.0
144
0.0
144
0.0
144
0.0
144
1.0
 94
       63
1001
ACAD
1070
    -1
1070
     3
1070
     0
1000

1071
        0
1070
     0
  0
MLEADERSTYLE
  5
E5
102
{ACAD_REACTORS
330
D7
102
}
330
D7
100
AcDbMLeaderStyle
179
     2
170
     2
171
     1
172
     0
 90
        2
 40
0.0
 41
0.0
173
     1
 91
-1056964608
340
14
 92
       -2
290
     1
 42
0.09
291
     1
 43
0.36
  3
Standard
 44
0.18
300

342
11
174
     1
178
     1
175
     1
176
     0
 93
-1056964608
 45
0.18
292
     0
297
     0
 46
0.18
 94
-1056964608
 47
1.0
 49
1.0
140
1.0
293
     1
141
0.0
294
     1
177
     0
142
1.0
295
     0
296
     1
143
0.125
271
     0
272
     9
273
     9
298
     0
  0
MLEADERSTYLE
  5
D8
102
{ACAD_REACTORS
330
D7
102
}
330
D7
100
AcDbMLeaderStyle
179
     2
170
     2
171
     1
172
     0
 90
        2
 40
0.0
 41
0.0
173
     1
 91
-1056964608
340
14
 92
       -2
290
     1
 42
0.09
291
     1
 43
0.36
  3
Standard
 44
0.18
300

342
11
174
     1
178
     1
175
     1
176
     0
 93
-1056964608
 45
0.18
292
     0
297
     0
 46
0.18
 94
-1056964608
 47
1.0
 49
1.0
140
1.0
293
     1
141
0.0
294
     1
177
     0
142
1.0
295
     0
296
     0
143
0.125
271
     0
272
     9
273
     9
298
     0
  0
MLINESTYLE
  5
18
102
{ACAD_REACTORS
330
17
102
}
330
17
100
AcDbMlineStyle
  2
STANDARD
 70
     0
  3

 62
   256
 51
90.0
 52
90.0
 71
     2
 49
0.5
 62
   256
  6
BYLAYER
 49
-0.5
 62
   256
  6
BYLAYER
  0
ACDBPLACEHOLDER
  5
F
102
{ACAD_REACTORS
330
E
102
}
330
E
  0
SCALE
  5
B7
102
{ACAD_REACTORS
330
B6
102
}
330
B6
100
AcDbScale
 70
     0
300
1:1
140
1.0
141
1.0
290
     1
  0
SCALE
  5
124
102
{ACAD_REACTORS
330
B6
102
}
330
B6
100
AcDbScale
 70
     0
300
1:2
140
1.0
141
2.0
290
     0
  0
SCALE
  5
125
102
{ACAD_REACTORS
330
B6
102
}
330
B6
100
AcDbScale
 70
     0
300
1:4
140
1.0
141
4.0
290
     0
  0
SCALE
  5
126
102
{ACAD_REACTORS
330
B6
102
}
330
B6
100
AcDbScale
 70
     0
300
1:5
140
1.0
141
5.0
290
     0
  0
SCALE
  5
127
102
{ACAD_REACTORS
330
B6
102
}
330
B6
100
AcDbScale
 70
     0
300
1:8
140
1.0
141
8.0
290
     0
  0
SCALE
  5
128
102
{ACAD_REACTORS
330
B6
102
}
330
B6
100
AcDbScale
 70
     0
300
1:10
140
1.0
141
10.0
290
     0
  0
SCALE
  5
129
102
{ACAD_REACTORS
330
B6
102
}
330
B6
100
AcDbScale
 70
     0
300
1:16
140
1.0
141
16.0
290
     0
  0
SCALE
  5
12A
102
{ACAD_REACTORS
330
B6
102
}
330
B6
100
AcDbScale
 70
     0
300
1:20
140
1.0
141
20.0
290
     0
  0
SCALE
  5
12B
102
{ACAD_REACTORS
330
B6
102
}
330
B6
100
AcDbScale
 70
     0
300
1:30
140
1.0
141
30.0
290
     0
  0
SCALE
  5
12C
102
{ACAD_REACTORS
330
B6
102
}
330
B6
100
AcDbScale
 70
     0
300
1:40
140
1.0
141
40.0
290
     0
  0
SCALE
  5
12D
102
{ACAD_REACTORS
330
B6
102
}
330
B6
100
AcDbScale
 70
     0
300
1:50
140
1.0
141
50.0
290
     0
  0
SCALE
  5
12E
102
{ACAD_REACTORS
330
B6
102
}
330
B6
100
AcDbScale
 70
     0
300
1:100
140
1.0
141
100.0
290
     0
  0
SCALE
  5
12F
102
{ACAD_REACTORS
330
B6
102
}
330
B6
100
AcDbScale
 70
     0
300
2:1
140
2.0
141
1.0
290
     0
  0
SCALE
  5
130
102
{ACAD_REACTORS
330
B6
102
}
330
B6
100
AcDbScale
 70
     0
300
4:1
140
4.0
141
1.0
290
     0
  0
SCALE
  5
131
102
{ACAD_REACTORS
330
B6
102
}
330
B6
100
AcDbScale
 70
     0
300
8:1
140
8.0
141
1.0
290
     0
  0
SCALE
  5
132
102
{ACAD_REACTORS
330
B6
102
}
330
B6
100
AcDbScale
 70
     0
300
10:1
140
10.0
141
1.0
290
     0
  0
SCALE
  5
133
102
{ACAD_REACTORS
330
B6
102
}
330
B6
100
AcDbScale
 70
     0
300
100:1
140
100.0
141
1.0
290
     0
  0
SCALE
  5
134
102
{ACAD_REACTORS
330
B6
102
}
330
B6
100
AcDbScale
 70
     0
300
1/128" = 1'-0"
140
0.0078125
141
12.0
290
     0
  0
SCALE
  5
135
102
{ACAD_REACTORS
330
B6
102
}
330
B6
100
AcDbScale
 70
     0
300
1/64" = 1'-0"
140
0.015625
141
12.0
290
     0
  0
SCALE
  5
136
102
{ACAD_REACTORS
330
B6
102
}
330
B6
100
AcDbScale
 70
     0
300
1/32" = 1'-0"
140
0.03125
141
12.0
290
     0
  0
SCALE
  5
137
102
{ACAD_REACTORS
330
B6
102
}
330
B6
100
AcDbScale
 70
     0
300
1/16" = 1'-0"
140
0.0625
141
12.0
290
     0
  0
SCALE
  5
138
102
{ACAD_REACTORS
330
B6
102
}
330
B6
100
AcDbScale
 70
     0
300
3/32" = 1'-0"
140
0.09375
141
12.0
290
     0
  0
SCALE
  5
139
102
{ACAD_REACTORS
330
B6
102
}
330
B6
100
AcDbScale
 70
     0
300
1/8" = 1'-0"
140
0.125
141
12.0
290
     0
  0
SCALE
  5
13A
102
{ACAD_REACTORS
330
B6
102
}
330
B6
100
AcDbScale
 70
     0
300
3/16" = 1'-0"
140
0.1875
141
12.0
290
     0
  0
SCALE
  5
13B
102
{ACAD_REACTORS
330
B6
102
}
330
B6
100
AcDbScale
 70
     0
300
1/4" = 1'-0"
140
0.25
141
12.0
290
     0
  0
SCALE
  5
13C
102
{ACAD_REACTORS
330
B6
102
}
330
B6
100
AcDbScale
 70
     0
300
3/8" = 1'-0"
140
0.375
141
12.0
290
     0
  0
SCALE
  5
13D
102
{ACAD_REACTORS
330
B6
102
}
330
B6
100
AcDbScale
 70
     0
300
1/2" = 1'-0"
140
0.5
141
12.0
290
     0
  0
SCALE
  5
13E
102
{ACAD_REACTORS
330
B6
102
}
330
B6
100
AcDbScale
 70
     0
300
3/4" = 1'-0"
140
0.75
141
12.0
290
     0
  0
SCALE
  5
13F
102
{ACAD_REACTORS
330
B6
102
}
330
B6
100
AcDbScale
 70
     0
300
1" = 1'-0"
140
1.0
141
12.0
290
     0
  0
SCALE
  5
140
102
{ACAD_REACTORS
330
B6
102
}
330
B6
100
AcDbScale
 70
     0
300
1-1/2" = 1'-0"
140
1.5
141
12.0
290
     0
  0
SCALE
  5
141
102
{ACAD_REACTORS
330
B6
102
}
330
B6
100
AcDbScale
 70
     0
300
3" = 1'-0"
140
3.0
141
12.0
290
     0
  0
SCALE
  5
142
102
{ACAD_REACTORS
330
B6
102
}
330
B6
100
AcDbScale
 70
     0
300
6" = 1'-0"
140
6.0
141
12.0
290
     0
  0
SCALE
  5
143
102
{ACAD_REACTORS
330
B6
102
}
330
B6
100
AcDbScale
 70
     0
300
1'-0" = 1'-0"
140
12.0
141
12.0
290
     0
  0
ACDBSECTIONVIEWSTYLE
  5
1AA
102
{ACAD_REACTORS
330
1A8
102
}
330
1A8
100
AcDbModelDocViewStyle
 70
     0
  3
Imperial24
290
     0
300
Imperial24
 90
        0
100
AcDbSectionViewStyle
 70
     0
 71
     0
 90
       78
 71
     1
340
11
 62
   256
 40
0.24
340
0
340
0
 62
   256
 40
0.24
300
I, O, Q, S, X, Z
 40
0.48
 90
        3
 40
0.18
 90
        1
 71
     2
340
16
 90
       25
 62
   256
340
16
 90
       50
 62
   256
 40
0.24
 40
0.0
 40
0.24
 71
     3
340
11
 62
   256
 40
0.24
 90
        1
 40
0.75
 90
        1
300
%<\AcVar ViewType \f "%tc1">% %<\AcVar ViewSectionStartId>%-%<\AcVar ViewSectionEndId>%\PSCALE %<\AcVar ViewScale \f "%sn">%
 71
     4
 62
   256
 62
   257
300
ANSI31
 40
1.0
 90
        0
290
     0
290
     0
 90
        6
 40
0.0
 40
1.570796326794896
 40
0.2617993877991494
 40
1.308996938995747
 40
-0.2617993877991494
 40
1.832595714594046
  0
ACDBSECTIONVIEWSTYLE
  5
7B6
102
{ACAD_REACTORS
330
1A8
102
}
330
1A8
100
AcDbModelDocViewStyle
 70
     0
  3
Metric50
290
     0
300
Metric50
 90
        0
100
AcDbSectionViewStyle
 70
     0
 71
     0
 90
      102
 71
     1
340
11
 62
   256
 40
5.0
340
0
340
0
 62
   256
 40
5.0
300
I, O, Q, S, X, Z
 40
10.0
 90
        0
 40
2.5
 90
        0
 71
     2
340
16
 90
       25
 62
   256
340
16
 90
       50
 62
   256
 40
5.0
 40
2.5
 40
5.0
 71
     3
340
11
 62
   256
 40
5.0
 90
        0
 40
15.0
 90
        1
300
%<\AcVar ViewSectionStartId>%-%<\AcVar ViewSectionEndId>% (%<\AcVar ViewScale \f "%sn">%)
 71
     4
 62
   256
 62
   257
300
ANSI31
 40
1.0
 90
        0
290
     0
290
     0
 90
        6
 40
0.0
 40
1.570796326794896
 40
0.2617993877991494
 40
1.308996938995747
 40
-0.2617993877991494
 40
1.832595714594046
  0
TABLESTYLE
  5
683
102
{ACAD_XDICTIONARY
360
C98
102
}
102
{ACAD_REACTORS
330
5A5
330
5D2
330
86
102
}
330
86
100
AcDbTableStyle
280
     0
  3
Standard
 70
     0
 71
     0
 40
0.05
 41
0.05
280
     0
281
     0
  7
Roman
140
0.065
170
     7
 62
     0
 63
     7
283
     0
 90
      512
 91
        0
  1

274
    -2
284
     1
 64
     0
275
    -2
285
     1
 65
     0
276
    -2
286
     1
 66
     0
277
    -2
287
     1
 67
     0
278
    -2
288
     1
 68
     0
279
    -2
289
     1
 69
     0
  7
Roman
140
0.065
170
     5
 62
     0
 63
     7
283
     0
 90
      512
 91
        0
  1

274
    -2
284
     1
 64
     0
275
    -2
285
     1
 65
     0
276
    -2
286
     1
 66
     0
277
    -2
287
     1
 67
     0
278
    -2
288
     1
 68
     0
279
    -2
289
     1
 69
     0
  7
Roman
140
0.065
170
     2
 62
     0
 63
     7
283
     0
 90
      512
 91
        0
  1

274
    -2
284
     1
 64
     0
275
    -2
285
     1
 65
     0
276
    -2
286
     1
 66
     0
277
    -2
287
     1
 67
     0
278
    -2
288
     1
 68
     0
279
    -2
289
     1
 69
     0
  0
TABLESTYLE
  5
87
102
{ACAD_XDICTIONARY
360
104
102
}
102
{ACAD_REACTORS
330
86
102
}
330
86
100
AcDbTableStyle
280
     0
  3
Standard
 70
     0
 71
     0
 40
0.06
 41
0.06
280
     0
281
     0
  7
Standard
140
0.18
170
     2
 62
     0
 63
     7
283
     0
 90
      512
 91
        0
  1

274
    -2
284
     1
 64
     0
275
    -2
285
     1
 65
     0
276
    -2
286
     1
 66
     0
277
    -2
287
     1
 67
     0
278
    -2
288
     1
 68
     0
279
    -2
289
     1
 69
     0
  7
Standard
140
0.25
170
     5
 62
     0
 63
     7
283
     0
 90
      512
 91
        0
  1

274
    -2
284
     1
 64
     0
275
    -2
285
     1
 65
     0
276
    -2
286
     1
 66
     0
277
    -2
287
     1
 67
     0
278
    -2
288
     1
 68
     0
279
    -2
289
     1
 69
     0
  7
Standard
140
0.18
170
     5
 62
     0
 63
     7
283
     0
 90
      512
 91
        0
  1

274
    -2
284
     1
 64
     0
275
    -2
285
     1
 65
     0
276
    -2
286
     1
 66
     0
277
    -2
287
     1
 67
     0
278
    -2
288
     1
 68
     0
279
    -2
289
     1
 69
     0
  0
VISUALSTYLE
  5
9F
102
{ACAD_REACTORS
330
99
102
}
330
99
100
AcDbVisualStyle
  2
2dWireframe
 70
     4
177
     3
291
     0
 70
    58
 90
        0
176
     1
 90
        2
176
     1
 90
        1
176
     1
 90
        0
176
     1
 40
0.6
176
     1
 40
30.0
176
     1
 62
     7
420
 16777215
176
     1
 90
        1
176
     1
 90
        4
176
     1
 62
     7
176
     1
 62
   257
176
     1
 90
        1
176
     1
 90
        1
176
     1
 40
1.0
176
     1
 90
        0
176
     1
 62
   257
176
     1
 40
1.0
176
     1
 90
        1
176
     1
 90
        6
176
     1
 90
        2
176
     1
 62
     7
176
     1
 90
        5
176
     1
 90
        0
176
     1
 90
        0
176
     1
290
     0
176
     1
 90
        1
176
     1
 40
0.0
176
     1
 90
        0
176
     1
290
     1
176
     1
290
     1
176
     1
290
     0
176
     1
290
     0
176
     1
290
     0
176
     1
290
     0
176
     1
290
     0
176
     1
290
     0
176
     1
290
     0
176
     1
 90
       50
176
     1
 40
0.0
176
     1
 40
1.0
176
     1
 90
        0
176
     1
 62
    18
420
        0
176
     1
 90
       50
176
     1
 90
        3
176
     1
 62
     5
420
      255
176
     1
290
     0
176
     1
 90
       50
176
     1
 90
       50
176
     1
 90
       50
176
     1
290
     0
176
     1
 90
       50
176
     1
 62
   256
176
     0
 40
1.0
176
     0
 90
        2
176
     1
  1
strokes_ogs.tif
176
     1
290
     0
176
     1
 40
1.0
176
     1
 40
1.0
176
     1
  0
VISUALSTYLE
  5
9E
102
{ACAD_REACTORS
330
99
102
}
330
99
100
AcDbVisualStyle
  2
Basic
 70
     7
177
     3
291
     1
 70
    58
 90
        1
176
     1
 90
        0
176
     1
 90
        1
176
     1
 90
        0
176
     1
 40
0.6
176
     1
 40
30.0
176
     1
 62
     7
420
 16777215
176
     1
 90
        0
176
     1
 90
        4
176
     1
 62
     7
176
     1
 62
   257
176
     1
 90
        1
176
     1
 90
        1
176
     1
 40
1.0
176
     1
 90
        8
176
     1
 62
     7
176
     1
 40
1.0
176
     1
 90
        1
176
     1
 90
        6
176
     1
 90
        2
176
     1
 62
     7
176
     1
 90
        5
176
     1
 90
        0
176
     1
 90
        0
176
     1
290
     0
176
     1
 90
        1
176
     1
 40
0.0
176
     1
 90
        0
176
     1
290
     0
176
     1
290
     1
176
     1
290
     1
176
     1
290
     0
176
     1
290
     0
176
     1
290
     0
176
     1
290
     0
176
     1
290
     0
176
     1
290
     0
176
     1
 90
       50
176
     1
 40
0.0
176
     1
 40
1.0
176
     1
 90
        0
176
     1
 62
    18
420
        0
176
     1
 90
       50
176
     1
 90
        3
176
     1
 62
     5
420
      255
176
     1
290
     0
176
     1
 90
       50
176
     1
 90
       50
176
     1
 90
       50
176
     1
290
     0
176
     1
 90
       50
176
     1
 62
   256
176
     0
 40
1.0
176
     0
 90
        2
176
     1
  1
strokes_ogs.tif
176
     1
290
     0
176
     1
 40
1.0
176
     1
 40
1.0
176
     1
  0
VISUALSTYLE
  5
A5
102
{ACAD_REACTORS
330
99
102
}
330
99
100
AcDbVisualStyle
  2
Brighten
 70
    12
177
     3
291
     1
 70
    58
 90
        2
176
     1
 90
        2
176
     1
 90
        1
176
     1
 90
        0
176
     1
 40
0.6
176
     1
 40
30.0
176
     1
 62
     7
420
 16777215
176
     1
 90
        1
176
     1
 90
        4
176
     1
 62
     7
176
     1
 62
   257
176
     1
 90
        1
176
     1
 90
        1
176
     1
 40
1.0
176
     1
 90
        8
176
     1
 62
     7
176
     1
 40
1.0
176
     1
 90
        1
176
     1
 90
        6
176
     1
 90
        2
176
     1
 62
     7
176
     1
 90
        5
176
     1
 90
        0
176
     1
 90
        0
176
     1
290
     0
176
     1
 90
        1
176
     1
 40
50.0
176
     1
 90
        0
176
     1
290
     0
176
     1
290
     1
176
     1
290
     1
176
     1
290
     0
176
     1
290
     0
176
     1
290
     0
176
     1
290
     0
176
     1
290
     0
176
     1
290
     0
176
     1
 90
       50
176
     1
 40
0.0
176
     1
 40
1.0
176
     1
 90
        0
176
     1
 62
    18
420
        0
176
     1
 90
       50
176
     1
 90
        3
176
     1
 62
     5
420
      255
176
     1
290
     0
176
     1
 90
       50
176
     1
 90
       50
176
     1
 90
       50
176
     1
290
     0
176
     1
 90
       50
176
     1
 62
   256
176
     0
 40
1.0
176
     0
 90
        2
176
     1
  1
strokes_ogs.tif
176
     1
290
     0
176
     1
 40
1.0
176
     1
 40
1.0
176
     1
  0
VISUALSTYLE
  5
A9
102
{ACAD_REACTORS
330
99
102
}
330
99
100
AcDbVisualStyle
  2
ColorChange
 70
    16
177
     3
291
     1
 70
    58
 90
        2
176
     1
 90
        2
176
     1
 90
        3
176
     1
 90
        0
176
     1
 40
0.6
176
     1
 40
30.0
176
     1
 62
     8
420
  8421504
176
     1
 90
        1
176
     1
 90
        4
176
     1
 62
     7
176
     1
 62
   257
176
     1
 90
        1
176
     1
 90
        1
176
     1
 40
1.0
176
     1
 90
        8
176
     1
 62
     8
420
  8421504
176
     1
 40
1.0
176
     1
 90
        1
176
     1
 90
        6
176
     1
 90
        2
176
     1
 62
     7
176
     1
 90
        5
176
     1
 90
        0
176
     1
 90
        0
176
     1
290
     0
176
     1
 90
        1
176
     1
 40
0.0
176
     1
 90
        0
176
     1
290
     0
176
     1
290
     1
176
     1
290
     1
176
     1
290
     0
176
     1
290
     0
176
     1
290
     0
176
     1
290
     0
176
     1
290
     0
176
     1
290
     0
176
     1
 90
       50
176
     1
 40
0.0
176
     1
 40
1.0
176
     1
 90
        0
176
     1
 62
    18
420
        0
176
     1
 90
       50
176
     1
 90
        3
176
     1
 62
     5
420
      255
176
     1
290
     0
176
     1
 90
       50
176
     1
 90
       50
176
     1
 90
       50
176
     1
290
     0
176
     1
 90
       50
176
     1
 62
   256
176
     0
 40
1.0
176
     0
 90
        2
176
     1
  1
strokes_ogs.tif
176
     1
290
     0
176
     1
 40
1.0
176
     1
 40
1.0
176
     1
  0
VISUALSTYLE
  5
A2
102
{ACAD_REACTORS
330
99
102
}
330
99
100
AcDbVisualStyle
  2
Conceptual
 70
     9
177
     3
291
     0
 70
    58
 90
        3
176
     1
 90
        2
176
     1
 90
        1
176
     1
 90
        0
176
     1
 40
0.6
176
     1
 40
30.0
176
     1
 62
     7
420
 16777215
176
     1
 90
        2
176
     1
 90
        2
176
     1
 62
     7
176
     1
 62
   257
176
     1
 90
        1
176
     1
 90
        1
176
     1
 40
40.0
176
     1
 90
        8
176
     1
 62
     7
176
     1
 40
1.0
176
     1
 90
        1
176
     1
 90
        6
176
     1
 90
        2
176
     1
 62
     7
176
     1
 90
        3
176
     1
 90
        0
176
     1
 90
        0
176
     1
290
     0
176
     1
 90
        1
176
     1
 40
0.0
176
     1
 90
        0
176
     1
290
     0
176
     1
290
     1
176
     1
290
     1
176
     1
290
     0
176
     1
290
     0
176
     1
290
     0
176
     1
290
     0
176
     1
290
     0
176
     1
290
     0
176
     1
 90
       50
176
     1
 40
0.0
176
     1
 40
1.0
176
     1
 90
        0
176
     1
 62
    18
420
        0
176
     1
 90
       50
176
     1
 90
        3
176
     1
 62
     5
420
      255
176
     1
290
     0
176
     1
 90
       50
176
     1
 90
       50
176
     1
 90
       50
176
     1
290
     0
176
     1
 90
       50
176
     1
 62
   256
176
     0
 40
1.0
176
     0
 90
        2
176
     1
  1
strokes_ogs.tif
176
     1
290
     0
176
     1
 40
1.0
176
     1
 40
1.0
176
     1
  0
VISUALSTYLE
  5
A4
102
{ACAD_REACTORS
330
99
102
}
330
99
100
AcDbVisualStyle
  2
Dim
 70
    11
177
     3
291
     1
 70
    58
 90
        2
176
     1
 90
        2
176
     1
 90
        1
176
     1
 90
        0
176
     1
 40
0.6
176
     1
 40
30.0
176
     1
 62
     7
420
 16777215
176
     1
 90
        1
176
     1
 90
        4
176
     1
 62
     7
176
     1
 62
   257
176
     1
 90
        1
176
     1
 90
        1
176
     1
 40
1.0
176
     1
 90
        8
176
     1
 62
     7
176
     1
 40
1.0
176
     1
 90
        1
176
     1
 90
        6
176
     1
 90
        2
176
     1
 62
     7
176
     1
 90
        5
176
     1
 90
        0
176
     1
 90
        0
176
     1
290
     0
176
     1
 90
        1
176
     1
 40
-50.0
176
     1
 90
        0
176
     1
290
     0
176
     1
290
     1
176
     1
290
     1
176
     1
290
     0
176
     1
290
     0
176
     1
290
     0
176
     1
290
     0
176
     1
290
     0
176
     1
290
     0
176
     1
 90
       50
176
     1
 40
0.0
176
     1
 40
1.0
176
     1
 90
        0
176
     1
 62
    18
420
        0
176
     1
 90
       50
176
     1
 90
        3
176
     1
 62
     5
420
      255
176
     1
290
     0
176
     1
 90
       50
176
     1
 90
       50
176
     1
 90
       50
176
     1
290
     0
176
     1
 90
       50
176
     1
 62
   256
176
     0
 40
1.0
176
     0
 90
        2
176
     1
  1
strokes_ogs.tif
176
     1
290
     0
176
     1
 40
1.0
176
     1
 40
1.0
176
     1
  0
VISUALSTYLE
  5
175
102
{ACAD_REACTORS
330
99
102
}
330
99
100
AcDbVisualStyle
  2
EdgeColorOff
 70
    22
177
     3
291
     1
 70
    58
 90
        2
176
     0
 90
        2
176
     0
 90
        0
176
     0
 90
        0
176
     0
 40
0.6
176
     0
 40
30.0
176
     0
 62
     7
420
 16777215
176
     0
 90
        1
176
     0
 90
        4
176
     0
 62
     7
176
     0
 62
   257
176
     0
 90
        1
176
     0
 90
        1
176
     0
 40
1.0
176
     0
 90
        8
176
     2
 62
     7
176
     0
 40
1.0
176
     0
 90
        1
176
     0
 90
        6
176
     0
 90
        2
176
     0
 62
     7
176
     0
 90
        5
176
     0
 90
        0
176
     0
 90
        0
176
     0
290
     0
176
     0
 90
        1
176
     0
 40
0.0
176
     0
 90
        0
176
     0
290
     0
176
     1
290
     1
176
     1
290
     1
176
     1
290
     0
176
     1
290
     0
176
     1
290
     0
176
     1
290
     0
176
     1
290
     0
176
     1
290
     0
176
     1
 90
       50
176
     1
 40
0.0
176
     1
 40
1.0
176
     1
 90
        0
176
     1
 62
    18
420
        0
176
     1
 90
       50
176
     1
 90
        3
176
     1
 62
     5
420
      255
176
     1
290
     0
176
     1
 90
       50
176
     1
 90
       50
176
     1
 90
       50
176
     1
290
     0
176
     1
 90
       50
176
     1
 62
   256
176
     0
 40
1.0
176
     0
 90
        2
176
     1
  1
strokes_ogs.tif
176
     1
290
     0
176
     1
 40
1.0
176
     1
 40
1.0
176
     1
  0
VISUALSTYLE
  5
A8
102
{ACAD_REACTORS
330
99
102
}
330
99
100
AcDbVisualStyle
  2
Facepattern
 70
    15
177
     3
291
     1
 70
    58
 90
        2
176
     1
 90
        2
176
     1
 90
        1
176
     1
 90
        0
176
     1
 40
0.6
176
     1
 40
30.0
176
     1
 62
     7
420
 16777215
176
     1
 90
        1
176
     1
 90
        4
176
     1
 62
     7
176
     1
 62
   257
176
     1
 90
        1
176
     1
 90
        1
176
     1
 40
1.0
176
     1
 90
        8
176
     1
 62
     7
176
     1
 40
1.0
176
     1
 90
        1
176
     1
 90
        6
176
     1
 90
        2
176
     1
 62
     7
176
     1
 90
        5
176
     1
 90
        0
176
     1
 90
        0
176
     1
290
     0
176
     1
 90
        1
176
     1
 40
0.0
176
     1
 90
        0
176
     1
290
     0
176
     1
290
     1
176
     1
290
     1
176
     1
290
     0
176
     1
290
     0
176
     1
290
     0
176
     1
290
     0
176
     1
290
     0
176
     1
290
     0
176
     1
 90
       50
176
     1
 40
0.0
176
     1
 40
1.0
176
     1
 90
        0
176
     1
 62
    18
420
        0
176
     1
 90
       50
176
     1
 90
        3
176
     1
 62
     5
420
      255
176
     1
290
     0
176
     1
 90
       50
176
     1
 90
       50
176
     1
 90
       50
176
     1
290
     0
176
     1
 90
       50
176
     1
 62
   256
176
     0
 40
1.0
176
     0
 90
        2
176
     1
  1
strokes_ogs.tif
176
     1
290
     0
176
     1
 40
1.0
176
     1
 40
1.0
176
     1
  0
VISUALSTYLE
  5
9A
102
{ACAD_REACTORS
330
99
102
}
330
99
100
AcDbVisualStyle
  2
Flat
 70
     0
177
     3
291
     1
 70
    58
 90
        2
176
     1
 90
        1
176
     1
 90
        1
176
     1
 90
        2
176
     1
 40
0.6
176
     1
 40
30.0
176
     1
 62
     7
420
 16777215
176
     1
 90
        0
176
     1
 90
        0
176
     1
 62
     7
176
     1
 62
   257
176
     1
 90
        1
176
     1
 90
        1
176
     1
 40
1.0
176
     1
 90
        8
176
     1
 62
     7
176
     1
 40
1.0
176
     1
 90
        1
176
     1
 90
        6
176
     1
 90
        2
176
     1
 62
     7
176
     1
 90
        5
176
     1
 90
        0
176
     1
 90
        0
176
     1
290
     0
176
     1
 90
       13
176
     1
 40
0.0
176
     1
 90
        0
176
     1
290
     0
176
     1
290
     1
176
     1
290
     1
176
     1
290
     0
176
     1
290
     0
176
     1
290
     0
176
     1
290
     0
176
     1
290
     0
176
     1
290
     0
176
     1
 90
       50
176
     1
 40
0.0
176
     1
 40
1.0
176
     1
 90
        0
176
     1
 62
    18
420
        0
176
     1
 90
       50
176
     1
 90
        3
176
     1
 62
     5
420
      255
176
     1
290
     0
176
     1
 90
       50
176
     1
 90
       50
176
     1
 90
       50
176
     1
290
     0
176
     1
 90
       50
176
     1
 62
   256
176
     0
 40
1.0
176
     0
 90
        2
176
     1
  1
strokes_ogs.tif
176
     1
290
     0
176
     1
 40
1.0
176
     1
 40
1.0
176
     1
  0
VISUALSTYLE
  5
9B
102
{ACAD_REACTORS
330
99
102
}
330
99
100
AcDbVisualStyle
  2
FlatWithEdges
 70
     1
177
     3
291
     1
 70
    58
 90
        2
176
     1
 90
        1
176
     1
 90
        1
176
     1
 90
        2
176
     1
 40
0.6
176
     1
 40
30.0
176
     1
 62
     7
420
 16777215
176
     1
 90
        1
176
     1
 90
        0
176
     1
 62
     7
176
     1
 62
   257
176
     1
 90
        1
176
     1
 90
        1
176
     1
 40
1.0
176
     1
 90
        0
176
     1
 62
   257
176
     1
 40
1.0
176
     1
 90
        1
176
     1
 90
        6
176
     1
 90
        2
176
     1
 62
     7
176
     1
 90
        5
176
     1
 90
        0
176
     1
 90
        0
176
     1
290
     0
176
     1
 90
       13
176
     1
 40
0.0
176
     1
 90
        0
176
     1
290
     0
176
     1
290
     1
176
     1
290
     1
176
     1
290
     0
176
     1
290
     0
176
     1
290
     0
176
     1
290
     0
176
     1
290
     0
176
     1
290
     0
176
     1
 90
       50
176
     1
 40
0.0
176
     1
 40
1.0
176
     1
 90
        0
176
     1
 62
    18
420
        0
176
     1
 90
       50
176
     1
 90
        3
176
     1
 62
     5
420
      255
176
     1
290
     0
176
     1
 90
       50
176
     1
 90
       50
176
     1
 90
       50
176
     1
290
     0
176
     1
 90
       50
176
     1
 62
   256
176
     0
 40
1.0
176
     0
 90
        2
176
     1
  1
strokes_ogs.tif
176
     1
290
     0
176
     1
 40
1.0
176
     1
 40
1.0
176
     1
  0
VISUALSTYLE
  5
9C
102
{ACAD_REACTORS
330
99
102
}
330
99
100
AcDbVisualStyle
  2
Gouraud
 70
     2
177
     3
291
     1
 70
    58
 90
        2
176
     1
 90
        2
176
     1
 90
        1
176
     1
 90
        2
176
     1
 40
0.6
176
     1
 40
30.0
176
     1
 62
     7
420
 16777215
176
     1
 90
        0
176
     1
 90
        0
176
     1
 62
     7
176
     1
 62
   257
176
     1
 90
        1
176
     1
 90
        1
176
     1
 40
1.0
176
     1
 90
        0
176
     1
 62
     7
176
     1
 40
1.0
176
     1
 90
        1
176
     1
 90
        6
176
     1
 90
        2
176
     1
 62
     7
176
     1
 90
        5
176
     1
 90
        0
176
     1
 90
        0
176
     1
290
     0
176
     1
 90
       13
176
     1
 40
0.0
176
     1
 90
        0
176
     1
290
     0
176
     1
290
     1
176
     1
290
     1
176
     1
290
     0
176
     1
290
     0
176
     1
290
     0
176
     1
290
     0
176
     1
290
     0
176
     1
290
     0
176
     1
 90
       50
176
     1
 40
0.0
176
     1
 40
1.0
176
     1
 90
        0
176
     1
 62
    18
420
        0
176
     1
 90
       50
176
     1
 90
        3
176
     1
 62
     5
420
      255
176
     1
290
     0
176
     1
 90
       50
176
     1
 90
       50
176
     1
 90
       50
176
     1
290
     0
176
     1
 90
       50
176
     1
 62
   256
176
     0
 40
1.0
176
     0
 90
        2
176
     1
  1
strokes_ogs.tif
176
     1
290
     0
176
     1
 40
1.0
176
     1
 40
1.0
176
     1
  0
VISUALSTYLE
  5
9D
102
{ACAD_REACTORS
330
99
102
}
330
99
100
AcDbVisualStyle
  2
GouraudWithEdges
 70
     3
177
     3
291
     1
 70
    58
 90
        2
176
     1
 90
        2
176
     1
 90
        1
176
     1
 90
        2
176
     1
 40
0.6
176
     1
 40
30.0
176
     1
 62
     7
420
 16777215
176
     1
 90
        1
176
     1
 90
        0
176
     1
 62
     7
176
     1
 62
   257
176
     1
 90
        1
176
     1
 90
        1
176
     1
 40
1.0
176
     1
 90
        0
176
     1
 62
   257
176
     1
 40
1.0
176
     1
 90
        1
176
     1
 90
        6
176
     1
 90
        2
176
     1
 62
     7
176
     1
 90
        5
176
     1
 90
        0
176
     1
 90
        0
176
     1
290
     0
176
     1
 90
       13
176
     1
 40
0.0
176
     1
 90
        0
176
     1
290
     0
176
     1
290
     1
176
     1
290
     1
176
     1
290
     0
176
     1
290
     0
176
     1
290
     0
176
     1
290
     0
176
     1
290
     0
176
     1
290
     0
176
     1
 90
       50
176
     1
 40
0.0
176
     1
 40
1.0
176
     1
 90
        0
176
     1
 62
    18
420
        0
176
     1
 90
       50
176
     1
 90
        3
176
     1
 62
     5
420
      255
176
     1
290
     0
176
     1
 90
       50
176
     1
 90
       50
176
     1
 90
       50
176
     1
290
     0
176
     1
 90
       50
176
     1
 62
   256
176
     0
 40
1.0
176
     0
 90
        2
176
     1
  1
strokes_ogs.tif
176
     1
290
     0
176
     1
 40
1.0
176
     1
 40
1.0
176
     1
  0
VISUALSTYLE
  5
A1
102
{ACAD_REACTORS
330
99
102
}
330
99
100
AcDbVisualStyle
  2
Hidden
 70
     6
177
     3
291
     0
 70
    58
 90
        1
176
     1
 90
        2
176
     1
 90
        2
176
     1
 90
        0
176
     1
 40
0.6
176
     1
 40
30.0
176
     1
 62
     7
420
 16777215
176
     1
 90
        2
176
     1
 90
        2
176
     1
 62
     7
176
     1
 62
   257
176
     1
 90
        2
176
     1
 90
        1
176
     1
 40
40.0
176
     1
 90
        0
176
     1
 62
   257
176
     1
 40
1.0
176
     1
 90
        1
176
     1
 90
        6
176
     1
 90
        2
176
     1
 62
     7
176
     1
 90
        3
176
     1
 90
        0
176
     1
 90
        0
176
     1
290
     0
176
     1
 90
        1
176
     1
 40
0.0
176
     1
 90
        0
176
     1
290
     0
176
     1
290
     1
176
     1
290
     1
176
     1
290
     0
176
     1
290
     0
176
     1
290
     0
176
     1
290
     0
176
     1
290
     0
176
     1
290
     0
176
     1
 90
       50
176
     1
 40
0.0
176
     1
 40
1.0
176
     1
 90
        0
176
     1
 62
    18
420
        0
176
     1
 90
       50
176
     1
 90
        3
176
     1
 62
     5
420
      255
176
     1
290
     0
176
     1
 90
       50
176
     1
 90
       50
176
     1
 90
       50
176
     1
290
     0
176
     1
 90
       50
176
     1
 62
   256
176
     0
 40
1.0
176
     0
 90
        2
176
     1
  1
strokes_ogs.tif
176
     1
290
     0
176
     1
 40
1.0
176
     1
 40
1.0
176
     1
  0
VISUALSTYLE
  5
173
102
{ACAD_REACTORS
330
99
102
}
330
99
100
AcDbVisualStyle
  2
JitterOff
 70
    20
177
     3
291
     1
 70
    58
 90
        2
176
     0
 90
        2
176
     0
 90
        0
176
     0
 90
        0
176
     0
 40
0.6
176
     0
 40
30.0
176
     0
 62
     7
420
 16777215
176
     0
 90
        1
176
     0
 90
        4
176
     0
 62
     7
176
     0
 62
   257
176
     0
 90
        1
176
     0
 90
        1
176
     0
 40
1.0
176
     0
 90
       10
176
     2
 62
     7
176
     0
 40
1.0
176
     0
 90
        1
176
     0
 90
        6
176
     0
 90
        2
176
     0
 62
     7
176
     0
 90
        5
176
     0
 90
        0
176
     0
 90
        0
176
     0
290
     0
176
     0
 90
        1
176
     0
 40
0.0
176
     0
 90
        0
176
     0
290
     0
176
     1
290
     1
176
     1
290
     1
176
     1
290
     0
176
     1
290
     0
176
     1
290
     0
176
     1
290
     0
176
     1
290
     0
176
     1
290
     0
176
     1
 90
       50
176
     1
 40
0.0
176
     1
 40
1.0
176
     1
 90
        0
176
     1
 62
    18
420
        0
176
     1
 90
       50
176
     1
 90
        3
176
     1
 62
     5
420
      255
176
     1
290
     0
176
     1
 90
       50
176
     1
 90
       50
176
     1
 90
       50
176
     1
290
     0
176
     1
 90
       50
176
     1
 62
   256
176
     0
 40
1.0
176
     0
 90
        2
176
     1
  1
strokes_ogs.tif
176
     1
290
     0
176
     1
 40
1.0
176
     1
 40
1.0
176
     1
  0
VISUALSTYLE
  5
A7
102
{ACAD_REACTORS
330
99
102
}
330
99
100
AcDbVisualStyle
  2
Linepattern
 70
    14
177
     3
291
     1
 70
    58
 90
        2
176
     1
 90
        2
176
     1
 90
        1
176
     1
 90
        0
176
     1
 40
0.6
176
     1
 40
30.0
176
     1
 62
     7
420
 16777215
176
     1
 90
        1
176
     1
 90
        4
176
     1
 62
     7
176
     1
 62
   257
176
     1
 90
        7
176
     1
 90
        7
176
     1
 40
1.0
176
     1
 90
        8
176
     1
 62
     7
176
     1
 40
1.0
176
     1
 90
        1
176
     1
 90
        6
176
     1
 90
        2
176
     1
 62
     7
176
     1
 90
        5
176
     1
 90
        0
176
     1
 90
        0
176
     1
290
     0
176
     1
 90
        1
176
     1
 40
0.0
176
     1
 90
        0
176
     1
290
     0
176
     1
290
     1
176
     1
290
     1
176
     1
290
     0
176
     1
290
     0
176
     1
290
     0
176
     1
290
     0
176
     1
290
     0
176
     1
290
     0
176
     1
 90
       50
176
     1
 40
0.0
176
     1
 40
1.0
176
     1
 90
        0
176
     1
 62
    18
420
        0
176
     1
 90
       50
176
     1
 90
        3
176
     1
 62
     5
420
      255
176
     1
290
     0
176
     1
 90
       50
176
     1
 90
       50
176
     1
 90
       50
176
     1
290
     0
176
     1
 90
       50
176
     1
 62
   256
176
     0
 40
1.0
176
     0
 90
        2
176
     1
  1
strokes_ogs.tif
176
     1
290
     0
176
     1
 40
1.0
176
     1
 40
1.0
176
     1
  0
VISUALSTYLE
  5
174
102
{ACAD_REACTORS
330
99
102
}
330
99
100
AcDbVisualStyle
  2
OverhangOff
 70
    21
177
     3
291
     1
 70
    58
 90
        2
176
     0
 90
        2
176
     0
 90
        0
176
     0
 90
        0
176
     0
 40
0.6
176
     0
 40
30.0
176
     0
 62
     7
420
 16777215
176
     0
 90
        1
176
     0
 90
        4
176
     0
 62
     7
176
     0
 62
   257
176
     0
 90
        1
176
     0
 90
        1
176
     0
 40
1.0
176
     0
 90
        9
176
     2
 62
     7
176
     0
 40
1.0
176
     0
 90
        1
176
     0
 90
        6
176
     0
 90
        2
176
     0
 62
     7
176
     0
 90
        5
176
     0
 90
        0
176
     0
 90
        0
176
     0
290
     0
176
     0
 90
        1
176
     0
 40
0.0
176
     0
 90
        0
176
     0
290
     0
176
     1
290
     1
176
     1
290
     1
176
     1
290
     0
176
     1
290
     0
176
     1
290
     0
176
     1
290
     0
176
     1
290
     0
176
     1
290
     0
176
     1
 90
       50
176
     1
 40
0.0
176
     1
 40
1.0
176
     1
 90
        0
176
     1
 62
    18
420
        0
176
     1
 90
       50
176
     1
 90
        3
176
     1
 62
     5
420
      255
176
     1
290
     0
176
     1
 90
       50
176
     1
 90
       50
176
     1
 90
       50
176
     1
290
     0
176
     1
 90
       50
176
     1
 62
   256
176
     0
 40
1.0
176
     0
 90
        2
176
     1
  1
strokes_ogs.tif
176
     1
290
     0
176
     1
 40
1.0
176
     1
 40
1.0
176
     1
  0
VISUALSTYLE
  5
A3
102
{ACAD_REACTORS
330
99
102
}
330
99
100
AcDbVisualStyle
  2
Realistic
 70
     8
177
     3
291
     0
 70
    58
 90
        2
176
     1
 90
        3
176
     1
 90
        0
176
     1
 90
        2
176
     1
 40
0.6
176
     1
 40
30.0
176
     1
 62
     7
420
 16777215
176
     1
 90
        0
176
     1
 90
        0
176
     1
 62
     7
176
     1
 62
   257
176
     1
 90
        1
176
     1
 90
        1
176
     1
 40
1.0
176
     1
 90
        8
176
     1
 62
   257
176
     1
 40
1.0
176
     1
 90
        1
176
     1
 90
        6
176
     1
 90
        2
176
     1
 62
     7
176
     1
 90
        3
176
     1
 90
        0
176
     1
 90
        0
176
     1
290
     0
176
     1
 90
       13
176
     1
 40
0.0
176
     1
 90
        0
176
     1
290
     0
176
     1
290
     1
176
     1
290
     1
176
     1
290
     0
176
     1
290
     0
176
     1
290
     0
176
     1
290
     0
176
     1
290
     0
176
     1
290
     0
176
     1
 90
       50
176
     1
 40
0.0
176
     1
 40
1.0
176
     1
 90
        0
176
     1
 62
    18
420
        0
176
     1
 90
       50
176
     1
 90
        3
176
     1
 62
     5
420
      255
176
     1
290
     0
176
     1
 90
       50
176
     1
 90
       50
176
     1
 90
       50
176
     1
290
     0
176
     1
 90
       50
176
     1
 62
   256
176
     0
 40
1.0
176
     0
 90
        2
176
     1
  1
strokes_ogs.tif
176
     1
290
     0
176
     1
 40
1.0
176
     1
 40
1.0
176
     1
  0
VISUALSTYLE
  5
182
102
{ACAD_REACTORS
330
99
102
}
330
99
100
AcDbVisualStyle
  2
Shaded
 70
    27
177
     3
291
     0
 70
    58
 90
        2
176
     1
 90
        2
176
     1
 90
        1
176
     1
 90
        2
176
     1
 40
0.6
176
     1
 40
30.0
176
     1
 62
     7
420
 16777215
176
     1
 90
        0
176
     1
 90
        4
176
     1
 62
     7
176
     1
 62
   257
176
     1
 90
        1
176
     1
 90
        1
176
     1
 40
1.0
176
     1
 90
        8
176
     1
 62
   257
176
     1
 40
1.0
176
     1
 90
        1
176
     1
 90
        6
176
     1
 90
        2
176
     1
 62
     8
420
  7895160
176
     1
 90
        3
176
     1
 90
        0
176
     1
 90
        0
176
     1
290
     0
176
     1
 90
        5
176
     1
 40
0.0
176
     1
 90
        0
176
     1
290
     0
176
     1
290
     1
176
     1
290
     1
176
     1
290
     0
176
     1
290
     0
176
     1
290
     0
176
     1
290
     0
176
     1
290
     0
176
     1
290
     0
176
     1
 90
       50
176
     1
 40
0.0
176
     1
 40
1.0
176
     1
 90
        0
176
     1
 62
    18
420
        0
176
     1
 90
       50
176
     1
 90
        3
176
     1
 62
     5
420
      255
176
     1
290
     0
176
     1
 90
       50
176
     1
 90
       50
176
     1
 90
       50
176
     1
290
     0
176
     1
 90
       50
176
     1
 62
   256
176
     0
 40
1.0
176
     0
 90
        2
176
     1
  1
strokes_ogs.tif
176
     1
290
     0
176
     1
 40
1.0
176
     1
 40
1.0
176
     1
  0
VISUALSTYLE
  5
181
102
{ACAD_REACTORS
330
99
102
}
330
99
100
AcDbVisualStyle
  2
Shaded with edges
 70
    26
177
     3
291
     0
 70
    58
 90
        2
176
     1
 90
        2
176
     1
 90
        1
176
     1
 90
        2
176
     1
 40
0.6
176
     1
 40
30.0
176
     1
 62
     7
420
 16777215
176
     1
 90
        1
176
     1
 90
        2
176
     1
 62
     7
176
     1
 62
   257
176
     1
 90
        2
176
     1
 90
        1
176
     1
 40
1.0
176
     1
 90
        8
176
     1
 62
   257
176
     1
 40
1.0
176
     1
 90
        1
176
     1
 90
        6
176
     1
 90
        2
176
     1
 62
     7
176
     1
 90
        3
176
     1
 90
        0
176
     1
 90
        0
176
     1
290
     0
176
     1
 90
        5
176
     1
 40
0.0
176
     1
 90
        0
176
     1
290
     0
176
     1
290
     1
176
     1
290
     1
176
     1
290
     0
176
     1
290
     0
176
     1
290
     0
176
     1
290
     0
176
     1
290
     0
176
     1
290
     0
176
     1
 90
       50
176
     1
 40
0.0
176
     1
 40
1.0
176
     1
 90
        0
176
     1
 62
    18
420
        0
176
     1
 90
       50
176
     1
 90
        3
176
     1
 62
     5
420
      255
176
     1
290
     0
176
     1
 90
       50
176
     1
 90
       50
176
     1
 90
       50
176
     1
290
     0
176
     1
 90
       50
176
     1
 62
   256
176
     0
 40
1.0
176
     0
 90
        2
176
     1
  1
strokes_ogs.tif
176
     1
290
     0
176
     1
 40
1.0
176
     1
 40
1.0
176
     1
  0
VISUALSTYLE
  5
17E
102
{ACAD_REACTORS
330
99
102
}
330
99
100
AcDbVisualStyle
  2
Shades of Gray
 70
    23
177
     3
291
     0
 70
    58
 90
        2
176
     1
 90
        2
176
     1
 90
        3
176
     1
 90
        0
176
     1
 40
0.6
176
     1
 40
30.0
176
     1
 62
     7
420
 16777215
176
     1
 90
        2
176
     1
 90
        2
176
     1
 62
     7
176
     1
 62
     7
176
     1
 90
        1
176
     1
 90
        1
176
     1
 40
40.0
176
     1
 90
        8
176
     1
 62
     7
176
     1
 40
1.0
176
     1
 90
        1
176
     1
 90
        6
176
     1
 90
        2
176
     1
 62
     7
176
     1
 90
        3
176
     1
 90
        0
176
     1
 90
        0
176
     1
290
     0
176
     1
 90
        1
176
     1
 40
0.0
176
     1
 90
        0
176
     1
290
     0
176
     1
290
     1
176
     1
290
     1
176
     1
290
     0
176
     1
290
     0
176
     1
290
     0
176
     1
290
     0
176
     1
290
     0
176
     1
290
     0
176
     1
 90
       50
176
     1
 40
0.0
176
     1
 40
1.0
176
     1
 90
        0
176
     1
 62
    18
420
        0
176
     1
 90
       50
176
     1
 90
        3
176
     1
 62
     5
420
      255
176
     1
290
     0
176
     1
 90
       50
176
     1
 90
       50
176
     1
 90
       50
176
     1
290
     0
176
     1
 90
       50
176
     1
 62
   256
176
     0
 40
1.0
176
     0
 90
        2
176
     1
  1
strokes_ogs.tif
176
     1
290
     0
176
     1
 40
1.0
176
     1
 40
1.0
176
     1
  0
VISUALSTYLE
  5
17F
102
{ACAD_REACTORS
330
99
102
}
330
99
100
AcDbVisualStyle
  2
Sketchy
 70
    24
177
     3
291
     0
 70
    58
 90
        1
176
     1
 90
        2
176
     1
 90
        2
176
     1
 90
        0
176
     1
 40
0.6
176
     1
 40
30.0
176
     1
 62
     7
420
 16777215
176
     1
 90
        2
176
     1
 90
        2
176
     1
 62
     7
176
     1
 62
     7
176
     1
 90
        1
176
     1
 90
        1
176
     1
 40
40.0
176
     1
 90
       11
176
     1
 62
     7
176
     1
 40
1.0
176
     1
 90
        1
176
     1
 90
        6
176
     1
 90
        2
176
     1
 62
     7
176
     1
 90
        6
176
     1
 90
        0
176
     1
 90
        0
176
     1
290
     0
176
     1
 90
        1
176
     1
 40
0.0
176
     1
 90
        0
176
     1
290
     0
176
     1
290
     1
176
     1
290
     1
176
     1
290
     0
176
     1
290
     0
176
     1
290
     0
176
     1
290
     0
176
     1
290
     0
176
     1
290
     0
176
     1
 90
       50
176
     1
 40
0.0
176
     1
 40
1.0
176
     1
 90
        0
176
     1
 62
    18
420
        0
176
     1
 90
       50
176
     1
 90
        3
176
     1
 62
     5
420
      255
176
     1
290
     0
176
     1
 90
       50
176
     1
 90
       50
176
     1
 90
       50
176
     1
290
     0
176
     1
 90
       50
176
     1
 62
   256
176
     0
 40
1.0
176
     0
 90
        2
176
     1
  1
strokes_ogs.tif
176
     1
290
     0
176
     1
 40
1.0
176
     1
 40
1.0
176
     1
  0
VISUALSTYLE
  5
A6
102
{ACAD_REACTORS
330
99
102
}
330
99
100
AcDbVisualStyle
  2
Thicken
 70
    13
177
     3
291
     1
 70
    58
 90
        2
176
     1
 90
        2
176
     1
 90
        1
176
     1
 90
        0
176
     1
 40
0.6
176
     1
 40
30.0
176
     1
 62
     7
420
 16777215
176
     1
 90
        1
176
     1
 90
        4
176
     1
 62
     7
176
     1
 62
   257
176
     1
 90
        1
176
     1
 90
        1
176
     1
 40
1.0
176
     1
 90
       12
176
     1
 62
     7
176
     1
 40
1.0
176
     1
 90
        1
176
     1
 90
        6
176
     1
 90
        2
176
     1
 62
     7
176
     1
 90
        5
176
     1
 90
        0
176
     1
 90
        0
176
     1
290
     0
176
     1
 90
        1
176
     1
 40
0.0
176
     1
 90
        0
176
     1
290
     0
176
     1
290
     1
176
     1
290
     1
176
     1
290
     0
176
     1
290
     0
176
     1
290
     0
176
     1
290
     0
176
     1
290
     0
176
     1
290
     0
176
     1
 90
       50
176
     1
 40
0.0
176
     1
 40
1.0
176
     1
 90
        0
176
     1
 62
    18
420
        0
176
     1
 90
       50
176
     1
 90
        3
176
     1
 62
     5
420
      255
176
     1
290
     0
176
     1
 90
       50
176
     1
 90
       50
176
     1
 90
       50
176
     1
290
     0
176
     1
 90
       50
176
     1
 62
   256
176
     0
 40
1.0
176
     0
 90
        2
176
     1
  1
strokes_ogs.tif
176
     1
290
     0
176
     1
 40
1.0
176
     1
 40
1.0
176
     1
  0
VISUALSTYLE
  5
A0
102
{ACAD_REACTORS
330
99
102
}
330
99
100
AcDbVisualStyle
  2
Wireframe
 70
     5
177
     3
291
     0
 70
    58
 90
        0
176
     1
 90
        2
176
     1
 90
        0
176
     1
 90
        0
176
     1
 40
0.6
176
     1
 40
30.0
176
     1
 62
     7
420
 16777215
176
     1
 90
        1
176
     1
 90
        4
176
     1
 62
     7
176
     1
 62
   257
176
     1
 90
        1
176
     1
 90
        1
176
     1
 40
1.0
176
     1
 90
        0
176
     1
 62
   257
176
     1
 40
1.0
176
     1
 90
        1
176
     1
 90
        6
176
     1
 90
        2
176
     1
 62
     7
176
     1
 90
        3
176
     1
 90
        0
176
     1
 90
        0
176
     1
290
     0
176
     1
 90
        1
176
     1
 40
0.0
176
     1
 90
        0
176
     1
290
     0
176
     1
290
     1
176
     1
290
     1
176
     1
290
     0
176
     1
290
     0
176
     1
290
     0
176
     1
290
     0
176
     1
290
     0
176
     1
290
     0
176
     1
 90
       50
176
     1
 40
0.0
176
     1
 40
1.0
176
     1
 90
        0
176
     1
 62
    18
420
        0
176
     1
 90
       50
176
     1
 90
        3
176
     1
 62
     5
420
      255
176
     1
290
     0
176
     1
 90
       50
176
     1
 90
       50
176
     1
 90
       50
176
     1
290
     0
176
     1
 90
       50
176
     1
 62
   256
176
     0
 40
1.0
176
     0
 90
        2
176
     1
  1
strokes_ogs.tif
176
     1
290
     0
176
     1
 40
1.0
176
     1
 40
1.0
176
     1
  0
VISUALSTYLE
  5
180
102
{ACAD_REACTORS
330
99
102
}
330
99
100
AcDbVisualStyle
  2
X-Ray
 70
    25
177
     3
291
     0
 70
    58
 90
        2
176
     1
 90
        2
176
     1
 90
        1
176
     1
 90
        1
176
     1
 40
0.5
176
     1
 40
30.0
176
     1
 62
     7
420
 16777215
176
     1
 90
        1
176
     1
 90
        0
176
     1
 62
     7
176
     1
 62
   257
176
     1
 90
        1
176
     1
 90
        1
176
     1
 40
1.0
176
     1
 90
        8
176
     1
 62
     7
176
     1
 40
1.0
176
     1
 90
        1
176
     1
 90
        6
176
     1
 90
        2
176
     1
 62
     7
176
     1
 90
        3
176
     1
 90
        0
176
     1
 90
        0
176
     1
290
     0
176
     1
 90
       13
176
     1
 40
0.0
176
     1
 90
        0
176
     1
290
     0
176
     1
290
     1
176
     1
290
     1
176
     1
290
     0
176
     1
290
     0
176
     1
290
     0
176
     1
290
     0
176
     1
290
     0
176
     1
290
     0
176
     1
 90
       50
176
     1
 40
0.0
176
     1
 40
1.0
176
     1
 90
        0
176
     1
 62
    18
420
        0
176
     1
 90
       50
176
     1
 90
        3
176
     1
 62
     5
420
      255
176
     1
290
     0
176
     1
 90
       50
176
     1
 90
       50
176
     1
 90
       50
176
     1
290
     0
176
     1
 90
       50
176
     1
 62
   256
176
     0
 40
1.0
176
     0
 90
        2
176
     1
  1
strokes_ogs.tif
176
     1
290
     0
176
     1
 40
1.0
176
     1
 40
1.0
176
     1
  0
DICTIONARYVAR
  5
F0
102
{ACAD_REACTORS
330
66
102
}
330
66
100
DictionaryVariables
280
     0
  1
1:1
  0
DICTIONARYVAR
  5
EF
102
{ACAD_REACTORS
330
66
102
}
330
66
100
DictionaryVariables
280
     0
  1
STANDARD
  0
DICTIONARYVAR
  5
89
102
{ACAD_REACTORS
330
66
102
}
330
66
100
DictionaryVariables
280
     0
  1
STANDARD
  0
DICTIONARYVAR
  5
1B7
102
{ACAD_REACTORS
330
66
102
}
330
66
100
DictionaryVariables
280
     0
  1
Imperial24
  0
DICTIONARYVAR
  5
1B8
102
{ACAD_REACTORS
330
66
102
}
330
66
100
DictionaryVariables
280
     0
  1
Imperial24
  0
DICTIONARYVAR
  5
67
102
{ACAD_REACTORS
330
66
102
}
330
66
100
DictionaryVariables
280
     0
  1
2
  0
DICTIONARYVAR
  5
6B
102
{ACAD_REACTORS
330
66
102
}
330
66
100
DictionaryVariables
280
     0
  1
1
  0
DICTIONARYVAR
  5
4D1
102
{ACAD_REACTORS
330
66
102
}
330
66
100
DictionaryVariables
280
     0
  1
BYLAYER
  0
DICTIONARYVAR
  5
4D0
102
{ACAD_REACTORS
330
66
102
}
330
66
100
DictionaryVariables
280
     0
  1
ByLayer
  0
DICTIONARYVAR
  5
14D
102
{ACAD_REACTORS
330
66
102
}
330
66
100
DictionaryVariables
280
     0
  1
0
  0
DICTIONARYVAR
  5
14E
102
{ACAD_REACTORS
330
66
102
}
330
66
100
DictionaryVariables
280
     0
  1
0
  0
ACDBASSOCNETWORK
  5
3CF
102
{ACAD_REACTORS
330
3CE
102
}
330
3CE
100
AcDbAssocAction
 90
        2
 90
        0
330
3D1
360
0
 90
        1
 90
        0
 90
        0
 90
        0
 90
        0
 90
        0
 90
        0
100
AcDbAssocNetwork
 90
        0
 90
        6
 90
        3
360
3D2
360
3FF
360
414
 90
        0
  0
ACDBASSOCNETWORK
  5
C35
102
{ACAD_REACTORS
330
C34
102
}
330
C34
100
AcDbAssocAction
 90
        2
 90
        0
330
3D1
360
0
 90
        2
 90
        0
 90
        0
 90
        0
 90
        0
 90
        0
 90
        0
100
AcDbAssocNetwork
 90
        0
 90
        5
 90
        1
360
C2B
 90
        0
  0
TABLECONTENT
  5
B37
330
C97
100
AcDbLinkedData
  1

300

100
AcDbLinkedTableData
 90
        5
300
COLUMN
  1
LINKEDTABLEDATACOLUMN_BEGIN
300

 91
        0
301
CUSTOMDATA
  1
DATAMAP_BEGIN
 90
        0
309
DATAMAP_END
309
LINKEDTABLEDATACOLUMN_END
  1
FORMATTEDTABLEDATACOLUMN_BEGIN
300
COLUMNTABLEFORMAT
  1
TABLEFORMAT_BEGIN
 90
        3
170
     0
309
TABLEFORMAT_END
309
FORMATTEDTABLEDATACOLUMN_END
  1
TABLECOLUMN_BEGIN
 90
        0
 40
0.5
309
TABLECOLUMN_END
300
COLUMN
  1
LINKEDTABLEDATACOLUMN_BEGIN
300

 91
        0
301
CUSTOMDATA
  1
DATAMAP_BEGIN
 90
        0
309
DATAMAP_END
309
LINKEDTABLEDATACOLUMN_END
  1
FORMATTEDTABLEDATACOLUMN_BEGIN
300
COLUMNTABLEFORMAT
  1
TABLEFORMAT_BEGIN
 90
        3
170
     0
309
TABLEFORMAT_END
309
FORMATTEDTABLEDATACOLUMN_END
  1
TABLECOLUMN_BEGIN
 90
        0
 40
0.3799999999999954
309
TABLECOLUMN_END
300
COLUMN
  1
LINKEDTABLEDATACOLUMN_BEGIN
300

 91
        0
301
CUSTOMDATA
  1
DATAMAP_BEGIN
 90
        0
309
DATAMAP_END
309
LINKEDTABLEDATACOLUMN_END
  1
FORMATTEDTABLEDATACOLUMN_BEGIN
300
COLUMNTABLEFORMAT
  1
TABLEFORMAT_BEGIN
 90
        3
170
     0
309
TABLEFORMAT_END
309
FORMATTEDTABLEDATACOLUMN_END
  1
TABLECOLUMN_BEGIN
 90
        0
 40
2.740000000000009
309
TABLECOLUMN_END
300
COLUMN
  1
LINKEDTABLEDATACOLUMN_BEGIN
300

 91
        0
301
CUSTOMDATA
  1
DATAMAP_BEGIN
 90
        0
309
DATAMAP_END
309
LINKEDTABLEDATACOLUMN_END
  1
FORMATTEDTABLEDATACOLUMN_BEGIN
300
COLUMNTABLEFORMAT
  1
TABLEFORMAT_BEGIN
 90
        3
170
     0
309
TABLEFORMAT_END
309
FORMATTEDTABLEDATACOLUMN_END
  1
TABLECOLUMN_BEGIN
 90
        0
 40
0.8799999999999954
309
TABLECOLUMN_END
300
COLUMN
  1
LINKEDTABLEDATACOLUMN_BEGIN
300

 91
        0
301
CUSTOMDATA
  1
DATAMAP_BEGIN
 90
        0
309
DATAMAP_END
309
LINKEDTABLEDATACOLUMN_END
  1
FORMATTEDTABLEDATACOLUMN_BEGIN
300
COLUMNTABLEFORMAT
  1
TABLEFORMAT_BEGIN
 90
        3
170
     0
309
TABLEFORMAT_END
309
FORMATTEDTABLEDATACOLUMN_END
  1
TABLECOLUMN_BEGIN
 90
        0
 40
1.0
309
TABLECOLUMN_END
 91
        3
301
ROW
  1
LINKEDTABLEDATAROW_BEGIN
 90
        5
300
CELL
  1
LINKEDTABLEDATACELL_BEGIN
 90
        0
300

 91
        0
301
CUSTOMDATA
  1
DATAMAP_BEGIN
 90
        1
300
ACAD_ROUNDTRIP_2008_CELL_CHECKSUM
301
DATAMAP_VALUE
 93
        2
 90
        2
140
3547.0
 94
        0
300

302

304
ACVALUE_END
309
DATAMAP_END
 92
        0
 95
        1
302
CONTENT
  1
CELLCONTENT_BEGIN
 90
        1
300
VALUE
 93
        6
 90
      512
  1
REVISIONS
 94
        0
300

302
REVISIONS
304
ACVALUE_END
 91
        0
309
CELLCONTENT_END
  1
FORMATTEDCELLCONTENT_BEGIN
170
     1
300
CONTENTFORMAT
  1
CONTENTFORMAT_BEGIN
 90
      192
 91
        0
 92
      512
 93
        0
300

 40
0.0
140
1.0
 94
        1
 62
     0
340
676
144
0.065
309
CONTENTFORMAT_END
309
FORMATTEDCELLCONTENT_END
309
LINKEDTABLEDATACELL_END
  1
FORMATTEDTABLEDATACELL_BEGIN
300
CELLTABLEFORMAT
  1
TABLEFORMAT_BEGIN
 90
        1
170
     1
 91
        0
 92
        0
 62
   257
 93
        1
300
CONTENTFORMAT
  1
CONTENTFORMAT_BEGIN
 90
        0
 91
        0
 92
      512
 93
        0
300

 40
0.0
140
1.0
 94
        1
 62
     0
340
0
144
0.18
309
CONTENTFORMAT_END
171
     0
 94
        0
309
TABLEFORMAT_END
309
FORMATTEDTABLEDATACELL_END
  1
TABLECELL_BEGIN
 90
        0
 91
        0
309
TABLECELL_END
300
CELL
  1
LINKEDTABLEDATACELL_BEGIN
 90
        0
300

 91
        0
301
CUSTOMDATA
  1
DATAMAP_BEGIN
 90
        1
300
ACAD_ROUNDTRIP_2008_CELL_CHECKSUM
301
DATAMAP_VALUE
 93
        2
 90
        2
140
0.0
 94
        0
300

302

304
ACVALUE_END
309
DATAMAP_END
 92
        0
 95
        0
309
LINKEDTABLEDATACELL_END
  1
FORMATTEDTABLEDATACELL_BEGIN
300
CELLTABLEFORMAT
  1
TABLEFORMAT_BEGIN
 90
        1
170
     1
 91
        0
 92
        0
 62
   257
 93
        1
300
CONTENTFORMAT
  1
CONTENTFORMAT_BEGIN
 90
        0
 91
        0
 92
      512
 93
        0
300

 40
0.0
140
1.0
 94
        1
 62
     0
340
0
144
0.18
309
CONTENTFORMAT_END
171
     0
 94
        0
309
TABLEFORMAT_END
309
FORMATTEDTABLEDATACELL_END
  1
TABLECELL_BEGIN
 90
        0
 91
        0
309
TABLECELL_END
300
CELL
  1
LINKEDTABLEDATACELL_BEGIN
 90
        0
300

 91
        0
301
CUSTOMDATA
  1
DATAMAP_BEGIN
 90
        1
300
ACAD_ROUNDTRIP_2008_CELL_CHECKSUM
301
DATAMAP_VALUE
 93
        2
 90
        2
140
0.0
 94
        0
300

302

304
ACVALUE_END
309
DATAMAP_END
 92
        0
 95
        0
309
LINKEDTABLEDATACELL_END
  1
FORMATTEDTABLEDATACELL_BEGIN
300
CELLTABLEFORMAT
  1
TABLEFORMAT_BEGIN
 90
        1
170
     1
 91
        0
 92
        0
 62
   257
 93
        1
300
CONTENTFORMAT
  1
CONTENTFORMAT_BEGIN
 90
        0
 91
        0
 92
      512
 93
        0
300

 40
0.0
140
1.0
 94
        1
 62
     0
340
0
144
0.18
309
CONTENTFORMAT_END
171
     0
 94
        0
309
TABLEFORMAT_END
309
FORMATTEDTABLEDATACELL_END
  1
TABLECELL_BEGIN
 90
        0
 91
        0
309
TABLECELL_END
300
CELL
  1
LINKEDTABLEDATACELL_BEGIN
 90
        0
300

 91
        0
301
CUSTOMDATA
  1
DATAMAP_BEGIN
 90
        1
300
ACAD_ROUNDTRIP_2008_CELL_CHECKSUM
301
DATAMAP_VALUE
 93
        2
 90
        2
140
0.0
 94
        0
300

302

304
ACVALUE_END
309
DATAMAP_END
 92
        0
 95
        0
309
LINKEDTABLEDATACELL_END
  1
FORMATTEDTABLEDATACELL_BEGIN
300
CELLTABLEFORMAT
  1
TABLEFORMAT_BEGIN
 90
        1
170
     1
 91
        0
 92
        0
 62
   257
 93
        1
300
CONTENTFORMAT
  1
CONTENTFORMAT_BEGIN
 90
        0
 91
        0
 92
      512
 93
        0
300

 40
0.0
140
1.0
 94
        1
 62
     0
340
0
144
0.18
309
CONTENTFORMAT_END
171
     0
 94
        0
309
TABLEFORMAT_END
309
FORMATTEDTABLEDATACELL_END
  1
TABLECELL_BEGIN
 90
        0
 91
        0
309
TABLECELL_END
300
CELL
  1
LINKEDTABLEDATACELL_BEGIN
 90
        0
300

 91
        0
301
CUSTOMDATA
  1
DATAMAP_BEGIN
 90
        1
300
ACAD_ROUNDTRIP_2008_CELL_CHECKSUM
301
DATAMAP_VALUE
 93
        2
 90
        2
140
0.0
 94
        0
300

302

304
ACVALUE_END
309
DATAMAP_END
 92
        0
 95
        0
309
LINKEDTABLEDATACELL_END
  1
FORMATTEDTABLEDATACELL_BEGIN
300
CELLTABLEFORMAT
  1
TABLEFORMAT_BEGIN
 90
        1
170
     1
 91
        0
 92
        0
 62
   257
 93
        1
300
CONTENTFORMAT
  1
CONTENTFORMAT_BEGIN
 90
        0
 91
        0
 92
      512
 93
        0
300

 40
0.0
140
1.0
 94
        1
 62
     0
340
0
144
0.18
309
CONTENTFORMAT_END
171
     0
 94
        0
309
TABLEFORMAT_END
309
FORMATTEDTABLEDATACELL_END
  1
TABLECELL_BEGIN
 90
        0
 91
        0
309
TABLECELL_END
 91
        0
301
CUSTOMDATA
  1
DATAMAP_BEGIN
 90
        0
309
DATAMAP_END
309
LINKEDTABLEDATAROW_END
  1
FORMATTEDTABLEDATAROW_BEGIN
300
ROWTABLEFORMAT
  1
TABLEFORMAT_BEGIN
 90
        2
170
     0
309
TABLEFORMAT_END
309
FORMATTEDTABLEDATAROW_END
  1
TABLEROW_BEGIN
 90
        1
 40
0.25
309
TABLEROW_END
301
ROW
  1
LINKEDTABLEDATAROW_BEGIN
 90
        5
300
CELL
  1
LINKEDTABLEDATACELL_BEGIN
 90
        0
300

 91
        0
301
CUSTOMDATA
  1
DATAMAP_BEGIN
 90
        1
300
ACAD_ROUNDTRIP_2008_CELL_CHECKSUM
301
DATAMAP_VALUE
 93
        2
 90
        2
140
758.0
 94
        0
300

302

304
ACVALUE_END
309
DATAMAP_END
 92
        0
 95
        1
302
CONTENT
  1
CELLCONTENT_BEGIN
 90
        1
300
VALUE
 93
        6
 90
      512
  1
ZONE
 94
        0
300

302
ZONE
304
ACVALUE_END
 91
        0
309
CELLCONTENT_END
  1
FORMATTEDCELLCONTENT_BEGIN
170
     1
300
CONTENTFORMAT
  1
CONTENTFORMAT_BEGIN
 90
      192
 91
        0
 92
      512
 93
        0
300

 40
0.0
140
1.0
 94
        1
 62
     0
340
676
144
0.065
309
CONTENTFORMAT_END
309
FORMATTEDCELLCONTENT_END
309
LINKEDTABLEDATACELL_END
  1
FORMATTEDTABLEDATACELL_BEGIN
300
CELLTABLEFORMAT
  1
TABLEFORMAT_BEGIN
 90
        1
170
     1
 91
        0
 92
        0
 62
   257
 93
        1
300
CONTENTFORMAT
  1
CONTENTFORMAT_BEGIN
 90
        0
 91
        0
 92
      512
 93
        0
300

 40
0.0
140
1.0
 94
        1
 62
     0
340
0
144
0.18
309
CONTENTFORMAT_END
171
     0
 94
        0
309
TABLEFORMAT_END
309
FORMATTEDTABLEDATACELL_END
  1
TABLECELL_BEGIN
 90
        0
 91
        0
309
TABLECELL_END
300
CELL
  1
LINKEDTABLEDATACELL_BEGIN
 90
        0
300

 91
        0
301
CUSTOMDATA
  1
DATAMAP_BEGIN
 90
        1
300
ACAD_ROUNDTRIP_2008_CELL_CHECKSUM
301
DATAMAP_VALUE
 93
        2
 90
        2
140
478.0
 94
        0
300

302

304
ACVALUE_END
309
DATAMAP_END
 92
        0
 95
        1
302
CONTENT
  1
CELLCONTENT_BEGIN
 90
        1
300
VALUE
 93
        6
 90
      512
  1
REV
 94
        0
300

302
REV
304
ACVALUE_END
 91
        0
309
CELLCONTENT_END
  1
FORMATTEDCELLCONTENT_BEGIN
170
     1
300
CONTENTFORMAT
  1
CONTENTFORMAT_BEGIN
 90
      192
 91
        0
 92
      512
 93
        0
300

 40
0.0
140
1.0
 94
        1
 62
     0
340
676
144
0.065
309
CONTENTFORMAT_END
309
FORMATTEDCELLCONTENT_END
309
LINKEDTABLEDATACELL_END
  1
FORMATTEDTABLEDATACELL_BEGIN
300
CELLTABLEFORMAT
  1
TABLEFORMAT_BEGIN
 90
        1
170
     1
 91
        0
 92
        0
 62
   257
 93
        1
300
CONTENTFORMAT
  1
CONTENTFORMAT_BEGIN
 90
        0
 91
        0
 92
      512
 93
        0
300

 40
0.0
140
1.0
 94
        1
 62
     0
340
0
144
0.18
309
CONTENTFORMAT_END
171
     0
 94
        0
309
TABLEFORMAT_END
309
FORMATTEDTABLEDATACELL_END
  1
TABLECELL_BEGIN
 90
        0
 91
        0
309
TABLECELL_END
300
CELL
  1
LINKEDTABLEDATACELL_BEGIN
 90
        0
300

 91
        0
301
CUSTOMDATA
  1
DATAMAP_BEGIN
 90
        1
300
ACAD_ROUNDTRIP_2008_CELL_CHECKSUM
301
DATAMAP_VALUE
 93
        2
 90
        2
140
5108.0
 94
        0
300

302

304
ACVALUE_END
309
DATAMAP_END
 92
        0
 95
        1
302
CONTENT
  1
CELLCONTENT_BEGIN
 90
        1
300
VALUE
 93
        6
 90
      512
  1
DESCRIPTION
 94
        0
300

302
DESCRIPTION
304
ACVALUE_END
 91
        0
309
CELLCONTENT_END
  1
FORMATTEDCELLCONTENT_BEGIN
170
     1
300
CONTENTFORMAT
  1
CONTENTFORMAT_BEGIN
 90
      192
 91
        0
 92
      512
 93
        0
300

 40
0.0
140
1.0
 94
        1
 62
     0
340
676
144
0.065
309
CONTENTFORMAT_END
309
FORMATTEDCELLCONTENT_END
309
LINKEDTABLEDATACELL_END
  1
FORMATTEDTABLEDATACELL_BEGIN
300
CELLTABLEFORMAT
  1
TABLEFORMAT_BEGIN
 90
        1
170
     1
 91
        0
 92
        0
 62
   257
 93
        1
300
CONTENTFORMAT
  1
CONTENTFORMAT_BEGIN
 90
        0
 91
        0
 92
      512
 93
        0
300

 40
0.0
140
1.0
 94
        1
 62
     0
340
0
144
0.18
309
CONTENTFORMAT_END
171
     0
 94
        0
309
TABLEFORMAT_END
309
FORMATTEDTABLEDATACELL_END
  1
TABLECELL_BEGIN
 90
        0
 91
        0
309
TABLECELL_END
300
CELL
  1
LINKEDTABLEDATACELL_BEGIN
 90
        0
300

 91
        0
301
CUSTOMDATA
  1
DATAMAP_BEGIN
 90
        1
300
ACAD_ROUNDTRIP_2008_CELL_CHECKSUM
301
DATAMAP_VALUE
 93
        2
 90
        2
140
726.0
 94
        0
300

302

304
ACVALUE_END
309
DATAMAP_END
 92
        0
 95
        1
302
CONTENT
  1
CELLCONTENT_BEGIN
 90
        1
300
VALUE
 93
        6
 90
      512
  1
DATE
 94
        0
300

302
DATE
304
ACVALUE_END
 91
        0
309
CELLCONTENT_END
  1
FORMATTEDCELLCONTENT_BEGIN
170
     1
300
CONTENTFORMAT
  1
CONTENTFORMAT_BEGIN
 90
      192
 91
        0
 92
      512
 93
        0
300

 40
0.0
140
1.0
 94
        1
 62
     0
340
676
144
0.065
309
CONTENTFORMAT_END
309
FORMATTEDCELLCONTENT_END
309
LINKEDTABLEDATACELL_END
  1
FORMATTEDTABLEDATACELL_BEGIN
300
CELLTABLEFORMAT
  1
TABLEFORMAT_BEGIN
 90
        1
170
     1
 91
        0
 92
        0
 62
   257
 93
        1
300
CONTENTFORMAT
  1
CONTENTFORMAT_BEGIN
 90
        0
 91
        0
 92
      512
 93
        0
300

 40
0.0
140
1.0
 94
        1
 62
     0
340
0
144
0.18
309
CONTENTFORMAT_END
171
     0
 94
        0
309
TABLEFORMAT_END
309
FORMATTEDTABLEDATACELL_END
  1
TABLECELL_BEGIN
 90
        0
 91
        0
309
TABLECELL_END
300
CELL
  1
LINKEDTABLEDATACELL_BEGIN
 90
        0
300

 91
        0
301
CUSTOMDATA
  1
DATAMAP_BEGIN
 90
        1
300
ACAD_ROUNDTRIP_2008_CELL_CHECKSUM
301
DATAMAP_VALUE
 93
        2
 90
        2
140
2731.0
 94
        0
300

302

304
ACVALUE_END
309
DATAMAP_END
 92
        0
 95
        1
302
CONTENT
  1
CELLCONTENT_BEGIN
 90
        1
300
VALUE
 93
        6
 90
      512
  1
APPROVED
 94
        0
300

302
APPROVED
304
ACVALUE_END
 91
        0
309
CELLCONTENT_END
  1
FORMATTEDCELLCONTENT_BEGIN
170
     1
300
CONTENTFORMAT
  1
CONTENTFORMAT_BEGIN
 90
      192
 91
        0
 92
      512
 93
        0
300

 40
0.0
140
1.0
 94
        1
 62
     0
340
676
144
0.065
309
CONTENTFORMAT_END
309
FORMATTEDCELLCONTENT_END
309
LINKEDTABLEDATACELL_END
  1
FORMATTEDTABLEDATACELL_BEGIN
300
CELLTABLEFORMAT
  1
TABLEFORMAT_BEGIN
 90
        1
170
     1
 91
        0
 92
        0
 62
   257
 93
        1
300
CONTENTFORMAT
  1
CONTENTFORMAT_BEGIN
 90
        0
 91
        0
 92
      512
 93
        0
300

 40
0.0
140
1.0
 94
        1
 62
     0
340
0
144
0.18
309
CONTENTFORMAT_END
171
     0
 94
        0
309
TABLEFORMAT_END
309
FORMATTEDTABLEDATACELL_END
  1
TABLECELL_BEGIN
 90
        0
 91
        0
309
TABLECELL_END
 91
        0
301
CUSTOMDATA
  1
DATAMAP_BEGIN
 90
        0
309
DATAMAP_END
309
LINKEDTABLEDATAROW_END
  1
FORMATTEDTABLEDATAROW_BEGIN
300
ROWTABLEFORMAT
  1
TABLEFORMAT_BEGIN
 90
        2
170
     0
309
TABLEFORMAT_END
309
FORMATTEDTABLEDATAROW_END
  1
TABLEROW_BEGIN
 90
        2
 40
0.25
309
TABLEROW_END
301
ROW
  1
LINKEDTABLEDATAROW_BEGIN
 90
        5
300
CELL
  1
LINKEDTABLEDATACELL_BEGIN
 90
        0
300

 91
        0
301
CUSTOMDATA
  1
DATAMAP_BEGIN
 90
        1
300
ACAD_ROUNDTRIP_2008_CELL_CHECKSUM
301
DATAMAP_VALUE
 93
        2
 90
        2
140
0.0
 94
        0
300

302

304
ACVALUE_END
309
DATAMAP_END
 92
        0
 95
        1
302
CONTENT
  1
CELLCONTENT_BEGIN
 90
        1
300
VALUE
 93
        6
 90
      512
  1

 94
        0
300

302

304
ACVALUE_END
 91
        0
309
CELLCONTENT_END
  1
FORMATTEDCELLCONTENT_BEGIN
170
     1
300
CONTENTFORMAT
  1
CONTENTFORMAT_BEGIN
 90
        0
 91
        0
 92
      512
 93
        0
300

 40
0.0
140
1.0
 94
        1
 62
     0
340
0
144
0.18
309
CONTENTFORMAT_END
309
FORMATTEDCELLCONTENT_END
309
LINKEDTABLEDATACELL_END
  1
FORMATTEDTABLEDATACELL_BEGIN
300
CELLTABLEFORMAT
  1
TABLEFORMAT_BEGIN
 90
        1
170
     1
 91
        0
 92
        0
 62
   257
 93
        1
300
CONTENTFORMAT
  1
CONTENTFORMAT_BEGIN
 90
        0
 91
        0
 92
      512
 93
        0
300

 40
0.0
140
1.0
 94
        1
 62
     0
340
0
144
0.18
309
CONTENTFORMAT_END
171
     0
 94
        0
309
TABLEFORMAT_END
309
FORMATTEDTABLEDATACELL_END
  1
TABLECELL_BEGIN
 90
        0
 91
        0
309
TABLECELL_END
300
CELL
  1
LINKEDTABLEDATACELL_BEGIN
 90
        0
300

 91
        0
301
CUSTOMDATA
  1
DATAMAP_BEGIN
 90
        1
300
ACAD_ROUNDTRIP_2008_CELL_CHECKSUM
301
DATAMAP_VALUE
 93
        2
 90
        2
140
0.0
 94
        0
300

302

304
ACVALUE_END
309
DATAMAP_END
 92
        0
 95
        1
302
CONTENT
  1
CELLCONTENT_BEGIN
 90
        1
300
VALUE
 93
        6
 90
      512
  1

 94
        0
300

302

304
ACVALUE_END
 91
        0
309
CELLCONTENT_END
  1
FORMATTEDCELLCONTENT_BEGIN
170
     1
300
CONTENTFORMAT
  1
CONTENTFORMAT_BEGIN
 90
        0
 91
        0
 92
      512
 93
        0
300

 40
0.0
140
1.0
 94
        1
 62
     0
340
0
144
0.18
309
CONTENTFORMAT_END
309
FORMATTEDCELLCONTENT_END
309
LINKEDTABLEDATACELL_END
  1
FORMATTEDTABLEDATACELL_BEGIN
300
CELLTABLEFORMAT
  1
TABLEFORMAT_BEGIN
 90
        1
170
     1
 91
        0
 92
        0
 62
   257
 93
        1
300
CONTENTFORMAT
  1
CONTENTFORMAT_BEGIN
 90
        0
 91
        0
 92
      512
 93
        0
300

 40
0.0
140
1.0
 94
        1
 62
     0
340
0
144
0.18
309
CONTENTFORMAT_END
171
     0
 94
        0
309
TABLEFORMAT_END
309
FORMATTEDTABLEDATACELL_END
  1
TABLECELL_BEGIN
 90
        0
 91
        0
309
TABLECELL_END
300
CELL
  1
LINKEDTABLEDATACELL_BEGIN
 90
        0
300

 91
        0
301
CUSTOMDATA
  1
DATAMAP_BEGIN
 90
        1
300
ACAD_ROUNDTRIP_2008_CELL_CHECKSUM
301
DATAMAP_VALUE
 93
        2
 90
        2
140
0.0
 94
        0
300

302

304
ACVALUE_END
309
DATAMAP_END
 92
        0
 95
        1
302
CONTENT
  1
CELLCONTENT_BEGIN
 90
        1
300
VALUE
 93
        6
 90
      512
  1

 94
        0
300

302

304
ACVALUE_END
 91
        0
309
CELLCONTENT_END
  1
FORMATTEDCELLCONTENT_BEGIN
170
     1
300
CONTENTFORMAT
  1
CONTENTFORMAT_BEGIN
 90
        0
 91
        0
 92
      512
 93
        0
300

 40
0.0
140
1.0
 94
        1
 62
     0
340
0
144
0.18
309
CONTENTFORMAT_END
309
FORMATTEDCELLCONTENT_END
309
LINKEDTABLEDATACELL_END
  1
FORMATTEDTABLEDATACELL_BEGIN
300
CELLTABLEFORMAT
  1
TABLEFORMAT_BEGIN
 90
        1
170
     1
 91
        0
 92
        0
 62
   257
 93
        1
300
CONTENTFORMAT
  1
CONTENTFORMAT_BEGIN
 90
        0
 91
        0
 92
      512
 93
        0
300

 40
0.0
140
1.0
 94
        1
 62
     0
340
0
144
0.18
309
CONTENTFORMAT_END
171
     0
 94
        0
309
TABLEFORMAT_END
309
FORMATTEDTABLEDATACELL_END
  1
TABLECELL_BEGIN
 90
        0
 91
        0
309
TABLECELL_END
300
CELL
  1
LINKEDTABLEDATACELL_BEGIN
 90
        0
300

 91
        0
301
CUSTOMDATA
  1
DATAMAP_BEGIN
 90
        1
300
ACAD_ROUNDTRIP_2008_CELL_CHECKSUM
301
DATAMAP_VALUE
 93
        2
 90
        2
140
0.0
 94
        0
300

302

304
ACVALUE_END
309
DATAMAP_END
 92
        0
 95
        1
302
CONTENT
  1
CELLCONTENT_BEGIN
 90
        1
300
VALUE
 93
        6
 90
      512
  1

 94
        0
300

302

304
ACVALUE_END
 91
        0
309
CELLCONTENT_END
  1
FORMATTEDCELLCONTENT_BEGIN
170
     1
300
CONTENTFORMAT
  1
CONTENTFORMAT_BEGIN
 90
        0
 91
        0
 92
      512
 93
        0
300

 40
0.0
140
1.0
 94
        1
 62
     0
340
0
144
0.18
309
CONTENTFORMAT_END
309
FORMATTEDCELLCONTENT_END
309
LINKEDTABLEDATACELL_END
  1
FORMATTEDTABLEDATACELL_BEGIN
300
CELLTABLEFORMAT
  1
TABLEFORMAT_BEGIN
 90
        1
170
     1
 91
        0
 92
        0
 62
   257
 93
        1
300
CONTENTFORMAT
  1
CONTENTFORMAT_BEGIN
 90
        0
 91
        0
 92
      512
 93
        0
300

 40
0.0
140
1.0
 94
        1
 62
     0
340
0
144
0.18
309
CONTENTFORMAT_END
171
     0
 94
        0
309
TABLEFORMAT_END
309
FORMATTEDTABLEDATACELL_END
  1
TABLECELL_BEGIN
 90
        0
 91
        0
309
TABLECELL_END
300
CELL
  1
LINKEDTABLEDATACELL_BEGIN
 90
        0
300

 91
        0
301
CUSTOMDATA
  1
DATAMAP_BEGIN
 90
        1
300
ACAD_ROUNDTRIP_2008_CELL_CHECKSUM
301
DATAMAP_VALUE
 93
        2
 90
        2
140
0.0
 94
        0
300

302

304
ACVALUE_END
309
DATAMAP_END
 92
        0
 95
        1
302
CONTENT
  1
CELLCONTENT_BEGIN
 90
        1
300
VALUE
 93
        6
 90
      512
  1

 94
        0
300

302

304
ACVALUE_END
 91
        0
309
CELLCONTENT_END
  1
FORMATTEDCELLCONTENT_BEGIN
170
     1
300
CONTENTFORMAT
  1
CONTENTFORMAT_BEGIN
 90
        0
 91
        0
 92
      512
 93
        0
300

 40
0.0
140
1.0
 94
        1
 62
     0
340
0
144
0.18
309
CONTENTFORMAT_END
309
FORMATTEDCELLCONTENT_END
309
LINKEDTABLEDATACELL_END
  1
FORMATTEDTABLEDATACELL_BEGIN
300
CELLTABLEFORMAT
  1
TABLEFORMAT_BEGIN
 90
        1
170
     1
 91
        0
 92
        0
 62
   257
 93
        1
300
CONTENTFORMAT
  1
CONTENTFORMAT_BEGIN
 90
        0
 91
        0
 92
      512
 93
        0
300

 40
0.0
140
1.0
 94
        1
 62
     0
340
0
144
0.18
309
CONTENTFORMAT_END
171
     0
 94
        0
309
TABLEFORMAT_END
309
FORMATTEDTABLEDATACELL_END
  1
TABLECELL_BEGIN
 90
        0
 91
        0
309
TABLECELL_END
 91
        0
301
CUSTOMDATA
  1
DATAMAP_BEGIN
 90
        0
309
DATAMAP_END
309
LINKEDTABLEDATAROW_END
  1
FORMATTEDTABLEDATAROW_BEGIN
300
ROWTABLEFORMAT
  1
TABLEFORMAT_BEGIN
 90
        2
170
     0
309
TABLEFORMAT_END
309
FORMATTEDTABLEDATAROW_END
  1
TABLEROW_BEGIN
 90
        3
 40
0.25
309
TABLEROW_END
 92
        0
100
AcDbFormattedTableData
300
TABLEFORMAT
  1
TABLEFORMAT_BEGIN
 90
        4
170
     1
 91
        0
 92
        0
 62
   257
 93
        1
300
CONTENTFORMAT
  1
CONTENTFORMAT_BEGIN
 90
        0
 91
        0
 92
      512
 93
        0
300

 40
0.0
140
1.0
 94
        1
 62
     0
340
0
144
0.18
309
CONTENTFORMAT_END
171
     0
 94
        0
309
TABLEFORMAT_END
 90
        1
 91
        0
 92
        0
 93
        0
 94
        4
100
AcDbTableContent
340
683
  0
TABLEGEOMETRY
  5
B38
330
C97
100
AcDbTableGeometry
 90
        3
 91
        5
 92
       15
 93
        0
 40
0.0
 41
0.0
330
0
 94
        0
 93
        0
 40
0.0
 41
0.0
330
0
 94
        0
 93
        0
 40
0.0
 41
0.0
330
0
 94
        0
 93
        0
 40
0.0
 41
0.0
330
0
 94
        0
 93
        0
 40
0.0
 41
0.0
330
0
 94
        0
 93
        0
 40
0.0
 41
0.0
330
0
 94
        0
 93
        0
 40
0.0
 41
0.0
330
0
 94
        0
 93
        0
 40
0.0
 41
0.0
330
0
 94
        0
 93
        0
 40
0.0
 41
0.0
330
0
 94
        0
 93
        0
 40
0.0
 41
0.0
330
0
 94
        0
 93
        0
 40
0.0
 41
0.0
330
0
 94
        0
 93
        0
 40
0.0
 41
0.0
330
0
 94
        0
 93
        0
 40
0.0
 41
0.0
330
0
 94
        0
 93
        0
 40
0.0
 41
0.0
330
0
 94
        0
 93
        0
 40
0.0
 41
0.0
330
0
 94
        0
  0
FIELD
  5
5F3
102
{ACAD_REACTORS
330
5F2
102
}
330
5F2
100
AcDbField
  1
_text
  2
%<\_FldIdx 0>%
 90
        1
360
5F4
 97
        0
 91
       63
 92
        0
 94
        9
 95
        2
 96
        0
300

 93
        2
  6
ACFD_FIELDTEXT_ATTDEF
 93
        0
 90
        1
 91
        1
 94
        0
300

302

304
ACVALUE_END
  6
ACFD_FIELDTEXT_CHECKSUM
 93
        2
 90
        2
140
350.0
 94
        0
300

302

304
ACVALUE_END
  7
ACFD_FIELD_VALUE
 93
        3
 90
        0
 94
        0
300

302

304
ACVALUE_END
301

 98
        0
  0
FIELD
  5
5F8
102
{ACAD_REACTORS
330
5F7
102
}
330
5F7
100
AcDbField
  1
_text
  2
%<\_FldIdx 0>%
 90
        1
360
5F9
 97
        0
 91
       63
 92
        0
 94
        9
 95
        2
 96
        0
300

 93
        2
  6
ACFD_FIELDTEXT_ATTDEF
 93
        0
 90
        1
 91
        1
 94
        0
300

302

304
ACVALUE_END
  6
ACFD_FIELDTEXT_CHECKSUM
 93
        2
 90
        2
140
312.0
 94
        0
300

302

304
ACVALUE_END
  7
ACFD_FIELD_VALUE
 93
        3
 90
        0
 94
        0
300

302

304
ACVALUE_END
301

 98
        0
  0
FIELD
  5
5FD
102
{ACAD_REACTORS
330
5FC
102
}
330
5FC
100
AcDbField
  1
_text
  2
%<\_FldIdx 0>% - %<\_FldIdx 1>%
 90
        2
360
5FE
360
5FF
 97
        0
 91
       63
 92
        0
 94
        9
 95
        2
 96
        0
300

 93
        2
  6
ACFD_FIELDTEXT_ATTDEF
 93
        0
 90
        1
 91
        1
 94
        0
300

302

304
ACVALUE_END
  6
ACFD_FIELDTEXT_CHECKSUM
 93
        2
 90
        2
140
2334.0
 94
        0
300

302

304
ACVALUE_END
  7
ACFD_FIELD_VALUE
 93
        3
 90
        0
 94
        0
300

302

304
ACVALUE_END
301

 98
        0
  0
FIELD
  5
603
102
{ACAD_REACTORS
330
602
102
}
330
602
100
AcDbField
  1
_text
  2
%<\_FldIdx 0>%
 90
        1
360
604
 97
        0
 91
       63
 92
        0
 94
        9
 95
        2
 96
        0
300

 93
        2
  6
ACFD_FIELDTEXT_ATTDEF
 93
        0
 90
        1
 91
        1
 94
        0
300

302

304
ACVALUE_END
  6
ACFD_FIELDTEXT_CHECKSUM
 93
        2
 90
        2
140
350.0
 94
        0
300

302

304
ACVALUE_END
  7
ACFD_FIELD_VALUE
 93
        3
 90
        0
 94
        0
300

302

304
ACVALUE_END
301

 98
        0
  0
FIELD
  5
608
102
{ACAD_REACTORS
330
607
102
}
330
607
100
AcDbField
  1
_text
  2
%<\_FldIdx 0>%
 90
        1
360
609
 97
        0
 91
       63
 92
        0
 94
        9
 95
        2
 96
        0
300

 93
        2
  6
ACFD_FIELDTEXT_ATTDEF
 93
        0
 90
        1
 91
        1
 94
        0
300

302

304
ACVALUE_END
  6
ACFD_FIELDTEXT_CHECKSUM
 93
        2
 90
        2
140
34758.0
 94
        0
300

302

304
ACVALUE_END
  7
ACFD_FIELD_VALUE
 93
        3
 90
        0
 94
        0
300

302

304
ACVALUE_END
301

 98
        0
  0
FIELD
  5
60D
102
{ACAD_REACTORS
330
60C
102
}
330
60C
100
AcDbField
  1
_text
  2
%<\_FldIdx 0>%
 90
        1
360
60E
 97
        0
 91
       63
 92
        0
 94
        9
 95
        2
 96
        0
300

 93
        2
  6
ACFD_FIELDTEXT_ATTDEF
 93
        0
 90
        1
 91
        1
 94
        0
300

302

304
ACVALUE_END
  6
ACFD_FIELDTEXT_CHECKSUM
 93
        2
 90
        2
140
2251.0
 94
        0
300

302

304
ACVALUE_END
  7
ACFD_FIELD_VALUE
 93
        3
 90
        0
 94
        0
300

302

304
ACVALUE_END
301

 98
        0
  0
FIELD
  5
61B
102
{ACAD_REACTORS
330
61A
102
}
330
61A
100
AcDbField
  1
_text
  2
%<\_FldIdx 0>%
 90
        1
360
61C
 97
        0
 91
       63
 92
        0
 94
        9
 95
        2
 96
        0
300

 93
        2
  6
ACFD_FIELDTEXT_ATTDEF
 93
        0
 90
        1
 91
        1
 94
        0
300

302

304
ACVALUE_END
  6
ACFD_FIELDTEXT_CHECKSUM
 93
        2
 90
        2
140
350.0
 94
        0
300

302

304
ACVALUE_END
  7
ACFD_FIELD_VALUE
 93
        3
 90
        0
 94
        0
300

302

304
ACVALUE_END
301

 98
        0
  0
FIELD
  5
623
102
{ACAD_REACTORS
330
622
102
}
330
622
100
AcDbField
  1
_text
  2
%<\_FldIdx 0>%
 90
        1
360
624
 97
        0
 91
       63
 92
        0
 94
        9
 95
        2
 96
        0
300

 93
        2
  6
ACFD_FIELDTEXT_ATTDEF
 93
        0
 90
        1
 91
        1
 94
        0
300

302

304
ACVALUE_END
  6
ACFD_FIELDTEXT_CHECKSUM
 93
        2
 90
        2
140
347185.0
 94
        0
300

302

304
ACVALUE_END
  7
ACFD_FIELD_VALUE
 93
        3
 90
        0
 94
        0
300

302

304
ACVALUE_END
301

 98
        0
  0
FIELD
  5
628
102
{ACAD_REACTORS
330
627
102
}
330
627
100
AcDbField
  1
_text
  2
%<\_FldIdx 0>%
 90
        1
360
629
 97
        0
 91
       63
 92
        0
 94
        9
 95
        2
 96
        0
300

 93
        2
  6
ACFD_FIELDTEXT_ATTDEF
 93
        0
 90
        1
 91
        1
 94
        0
300

302

304
ACVALUE_END
  6
ACFD_FIELDTEXT_CHECKSUM
 93
        2
 90
        2
140
2762.0
 94
        0
300

302

304
ACVALUE_END
  7
ACFD_FIELD_VALUE
 93
        3
 90
        0
 94
        0
300

302

304
ACVALUE_END
301

 98
        0
  0
FIELD
  5
62D
102
{ACAD_REACTORS
330
62C
102
}
330
62C
100
AcDbField
  1
_text
  2
%<\_FldIdx 0>%
 90
        1
360
62E
 97
        0
 91
       63
 92
        0
 94
        9
 95
        2
 96
        0
300

 93
        2
  6
ACFD_FIELDTEXT_ATTDEF
 93
        0
 90
        1
 91
        1
 94
        0
300

302

304
ACVALUE_END
  6
ACFD_FIELDTEXT_CHECKSUM
 93
        2
 90
        2
140
1648.0
 94
        0
300

302

304
ACVALUE_END
  7
ACFD_FIELD_VALUE
 93
        3
 90
        0
 94
        0
300

302

304
ACVALUE_END
301

 98
        0
  0
DICTIONARY
  5
194
330
22
100
AcDbDictionary
280
     1
281
     1
  0
DICTIONARY
  5
188
330
97
100
AcDbDictionary
280
     1
281
     1
  3
FBXASSET
360
189
  0
DICTIONARY
  5
186
330
96
100
AcDbDictionary
280
     1
281
     1
  3
FBXASSET
360
187
  0
DICTIONARY
  5
110
330
98
100
AcDbDictionary
280
     1
281
     1
  3
BUMPTILE
360
112
  3
DIFFUSETILE
360
111
  3
FBXASSET
360
18A
  3
OPACITYTILE
360
113
  3
REFLECTIONTILE
360
114
  0
DICTIONARY
  5
C98
330
683
100
AcDbDictionary
280
     1
281
     1
  3
ACAD_ROUNDTRIP_2008_TABLESTYLE_CELLSTYLEMAP
360
C99
  0
DICTIONARY
  5
104
330
87
100
AcDbDictionary
280
     1
281
     1
  3
ACAD_ROUNDTRIP_2008_TABLESTYLE_CELLSTYLEMAP
360
C95
  0
ACDBASSOCACTION
  5
3D2
330
3CF
100
AcDbAssocAction
 90
        2
 90
        0
330
3CF
360
3D3
 90
        1
 90
        3
 90
        3
360
3D6
360
3D7
360
3D8
 90
        0
 90
        3
360
3D4
360
3D5
360
3D9
 90
        0
 90
        9
 90
        0
  1
AlignItems
 90
        0
 90
        1
 90
        0
330
0
330
0
 90
        0
  1
AxesAngle
 90
        2
 90
        1
 40
1.570796326794896
330
0
330
0
 90
        0
  1
ItemSpacing
 90
        1
 90
        1
 40
0.8774330833853198
330
0
330
0
 90
        0
  1
Items
 90
        0
 90
        1
 90
        1
330
0
330
0
 90
        0
  1
LevelSpacing
 90
        1
 90
        1
 40
0.8774330833853198
330
0
330
0
 90
        0
  1
Levels
 90
        0
 90
        1
 90
        1
330
0
330
0
 90
        0
  1
RowElevation
 90
        1
 90
        1
 40
0.0
330
0
330
0
 90
        0
  1
RowSpacing
 90
        1
 90
        1
 40
3.033406707124584
330
0
330
0
 90
        0
  1
Rows
 90
        0
 90
        1
 90
        5
330
0
330
0
  0
ACDBASSOCACTION
  5
3FF
330
3CF
100
AcDbAssocAction
 90
        2
 90
        0
330
3CF
360
400
 90
        3
 90
        3
 90
        3
360
401
360
402
360
403
 90
        0
 90
        3
360
404
360
405
360
406
 90
        0
 90
        9
 90
        0
  1
AlignItems
 90
        0
 90
        1
 90
        0
330
0
330
0
 90
        0
  1
AxesAngle
 90
        2
 90
        1
 40
1.570796326794896
330
0
330
0
 90
        0
  1
ItemSpacing
 90
        1
 90
        1
 40
0.8774330833853198
330
0
330
0
 90
        0
  1
Items
 90
        0
 90
        1
 90
        1
330
0
330
0
 90
        0
  1
LevelSpacing
 90
        1
 90
        1
 40
0.8774330833853198
330
0
330
0
 90
        0
  1
Levels
 90
        0
 90
        1
 90
        1
330
0
330
0
 90
        0
  1
RowElevation
 90
        1
 90
        1
 40
0.0
330
0
330
0
 90
        0
  1
RowSpacing
 90
        1
 90
        1
 40
3.033406707124584
330
0
330
0
 90
        0
  1
Rows
 90
        0
 90
        1
 90
        5
330
0
330
0
  0
ACDBASSOCACTION
  5
414
330
3CF
100
AcDbAssocAction
 90
        2
 90
        0
330
3CF
360
415
 90
        4
 90
        3
 90
        3
360
418
360
419
360
41A
 90
        0
 90
        3
360
416
360
417
360
41B
 90
        0
 90
        9
 90
        0
  1
AlignItems
 90
        0
 90
        1
 90
        0
330
0
330
0
 90
        0
  1
AxesAngle
 90
        2
 90
        1
 40
1.570796326794896
330
0
330
0
 90
        0
  1
ItemSpacing
 90
        1
 90
        1
 40
0.6030911211492836
330
0
330
0
 90
        0
  1
Items
 90
        0
 90
        1
 90
        1
330
0
330
0
 90
        0
  1
LevelSpacing
 90
        1
 90
        1
 40
0.6030911211492836
330
0
330
0
 90
        0
  1
Levels
 90
        0
 90
        1
 90
        1
330
0
330
0
 90
        0
  1
RowElevation
 90
        1
 90
        1
 40
0.0
330
0
330
0
 90
        0
  1
RowSpacing
 90
        1
 90
        1
 40
0.5
330
0
330
0
 90
        0
  1
Rows
 90
        0
 90
        1
 90
        4
330
0
330
0
  0
ACDBASSOCACTION
  5
C2B
330
C35
100
AcDbAssocAction
 90
        2
 90
        0
330
C35
360
C2C
 90
        5
 90
        3
 90
        3
360
C2D
360
C2E
360
C2F
 90
        0
 90
        3
360
C30
360
C31
360
C32
 90
        0
 90
        9
 90
        0
  1
AlignItems
 90
        0
 90
        1
 90
        0
330
0
330
0
 90
        0
  1
AxesAngle
 90
        2
 90
        1
 40
1.570796326794896
330
0
330
0
 90
        0
  1
ItemSpacing
 90
        1
 90
        1
 40
0.6
330
0
330
0
 90
        0
  1
Items
 90
        0
 90
        1
 90
        8
330
0
330
0
 90
        0
  1
LevelSpacing
 90
        1
 90
        1
 40
0.6110194589082667
330
0
330
0
 90
        0
  1
Levels
 90
        0
 90
        1
 90
        1
330
0
330
0
 90
        0
  1
RowElevation
 90
        1
 90
        1
 40
0.0
330
0
330
0
 90
        0
  1
RowSpacing
 90
        1
 90
        1
 40
0.6110194589082667
330
0
330
0
 90
        0
  1
Rows
 90
        0
 90
        1
 90
        1
330
0
330
0
  0
FIELD
  5
5F4
330
5F3
100
AcDbField
  1
AcSm
  2
\AcSm Sheet.Number \f "%tc1"
 90
        0
 97
        0
 91
       63
 92
        0
 94
       43
 95
       32
 96
      335
300

 93
        2
  6
SheetSetCompName
 93
        0
 90
        4
  1
Sheet
 94
        0
300

302

304
ACVALUE_END
  6
SheetSetPropertyName
 93
        0
 90
        4
  1
Number
 94
        0
300

302

304
ACVALUE_END
  7
ACFD_FIELD_VALUE
 93
        0
 90
        0
 91
        0
 94
        0
300
%tc1
302

304
ACVALUE_END
301
####
 98
        4
  0
FIELD
  5
5F9
330
5F8
100
AcDbField
  1
AcVar
  2
\AcVar PlotScale \f "1:%lu2%ct1%qf2816"
 90
        0
 97
        0
 91
       63
 92
        0
 94
       59
 95
       64
 96
       22
300

 93
        1
  6
Variable
 93
        0
 90
        4
  1
PlotScale
 94
        0
300

302

304
ACVALUE_END
  7
ACFD_FIELD_VALUE
 93
        0
 90
        2
140
1.0
 94
        0
300
1:%lu2%ct1%qf2816
302

304
ACVALUE_END
301
1:1
 98
        3
  0
FIELD
  5
5FE
330
5FD
100
AcDbField
  1
AcSm
  2
\AcSm Sheet.Number \f "%tc1"
 90
        0
 97
        0
 91
       63
 92
        0
 94
       43
 95
       32
 96
      335
300

 93
        2
  6
SheetSetCompName
 93
        0
 90
        4
  1
Sheet
 94
        0
300

302

304
ACVALUE_END
  6
SheetSetPropertyName
 93
        0
 90
        4
  1
Number
 94
        0
300

302

304
ACVALUE_END
  7
ACFD_FIELD_VALUE
 93
        0
 90
        0
 91
        0
 94
        0
300
%tc1
302

304
ACVALUE_END
301
####
 98
        4
  0
FIELD
  5
5FF
330
5FD
100
AcDbField
  1
AcSm
  2
\AcSm Sheet.Name \f "%tc1"
 90
        0
 97
        0
 91
       63
 92
        0
 94
       43
 95
       32
 96
      335
300

 93
        2
  6
SheetSetCompName
 93
        0
 90
        4
  1
Sheet
 94
        0
300

302

304
ACVALUE_END
  6
SheetSetPropertyName
 93
        0
 90
        4
  1
Name
 94
        0
300

302

304
ACVALUE_END
  7
ACFD_FIELD_VALUE
 93
        0
 90
        0
 91
        0
 94
        0
300
%tc1
302

304
ACVALUE_END
301
####
 98
        4
  0
FIELD
  5
604
330
603
100
AcDbField
  1
AcSm
  2
\AcSm Sheet.Name \f "%tc1"
 90
        0
 97
        0
 91
       63
 92
        0
 94
       43
 95
       32
 96
      335
300

 93
        2
  6
SheetSetCompName
 93
        0
 90
        4
  1
Sheet
 94
        0
300

302

304
ACVALUE_END
  6
SheetSetPropertyName
 93
        0
 90
        4
  1
Name
 94
        0
300

302

304
ACVALUE_END
  7
ACFD_FIELD_VALUE
 93
        0
 90
        0
 91
        0
 94
        0
300
%tc1
302

304
ACVALUE_END
301
####
 98
        4
  0
FIELD
  5
609
330
608
100
AcDbField
  1
AcVar
  2
\AcVar Filename \f "%fn6"
 90
        0
 97
        0
 91
       63
 92
        0
 94
       59
 95
        2
 96
        0
300

 93
        1
  6
Variable
 93
        0
 90
        4
  1
Filename
 94
        0
300

302

304
ACVALUE_END
  7
ACFD_FIELD_VALUE
 93
        4
 90
        4
  1
C:\Users\Tomas\Documents\LAB3\CLAUDIO_AI\dxf\dwg_externos\substation_132_33kv_sld.dwg
 94
        0
300
%fn6
302
substation_132_33kv_sld.dwg
304
ACVALUE_END
301
substation_132_33kv_sld.dwg
 98
       27
  0
FIELD
  5
60E
330
60D
100
AcDbField
  1
AcVar
  2
\AcVar CreateDate \f "M/d/yyyy"
 90
        0
 97
        0
 91
       63
 92
        0
 94
       59
 95
        2
 96
        0
300

 93
        1
  6
Variable
 93
        0
 90
        4
  1
CreateDate
 94
        0
300

302

304
ACVALUE_END
  7
ACFD_FIELD_VALUE
 93
        4
 90
        8
 92
       16
310
EA07090005000B00150031001D000000
 94
        0
300
M/d/yyyy
302
9/11/2026
304
ACVALUE_END
301
9/11/2026
 98
        9
  0
FIELD
  5
61C
330
61B
100
AcDbField
  1
AcSm
  2
\AcSm SheetSet.Job Number
 90
        0
 97
        0
 91
       63
 92
        0
 94
       43
 95
       32
 96
      335
300

 93
        2
  6
SheetSetCompName
 93
        0
 90
        4
  1
SheetSet
 94
        0
300

302

304
ACVALUE_END
  6
SheetSetPropertyName
 93
        0
 90
        4
  1
Job Number
 94
        0
300

302

304
ACVALUE_END
  7
ACFD_FIELD_VALUE
 93
        0
 90
        0
 91
        0
 94
        0
300

302

304
ACVALUE_END
301
####
 98
        4
  0
FIELD
  5
624
330
623
100
AcDbField
  1
AcVar
  2
\AcVar Filename \f "%fn7"
 90
        0
 97
        0
 91
       63
 92
        0
 94
       59
 95
        2
 96
        0
300

 93
        1
  6
Variable
 93
        0
 90
        4
  1
Filename
 94
        0
300

302

304
ACVALUE_END
  7
ACFD_FIELD_VALUE
 93
        4
 90
        4
  1
C:\Users\Tomas\Documents\LAB3\CLAUDIO_AI\dxf\dwg_externos\substation_132_33kv_sld.dwg
 94
        0
300
%fn7
302
C:\Users\Tomas\Documents\LAB3\CLAUDIO_AI\dxf\dwg_externos\substation_132_33kv_sld.dwg
304
ACVALUE_END
301
C:\Users\Tomas\Documents\LAB3\CLAUDIO_AI\dxf\dwg_externos\substation_132_33kv_sld.dwg
 98
       85
  0
FIELD
  5
629
330
628
100
AcDbField
  1
AcVar
  2
\AcVar SaveDate \f "dd.MM.yyyy"
 90
        0
 97
        0
 91
       63
 92
        0
 94
       59
 95
        2
 96
        0
300

 93
        1
  6
Variable
 93
        0
 90
        4
  1
SaveDate
 94
        0
300

302

304
ACVALUE_END
  7
ACFD_FIELD_VALUE
 93
        4
 90
        8
 92
       16
310
EA07090005000B00150031001D000000
 94
        0
300
dd.MM.yyyy
302
11.09.2026
304
ACVALUE_END
301
11.09.2026
 98
       10
  0
FIELD
  5
62E
330
62D
100
AcDbField
  1
AcVar
  2
\AcVar LastSavedBy
 90
        0
 97
        0
 91
       63
 92
        0
 94
       59
 95
        2
 96
        0
300

 93
        1
  6
Variable
 93
        0
 90
        4
  1
LastSavedBy
 94
        0
300

302

304
ACVALUE_END
  7
ACFD_FIELD_VALUE
 93
        4
 90
        4
  1
rohit
 94
        0
300

302
rohit
304
ACVALUE_END
301
rohit
 98
        5
  0
XRECORD
  5
189
102
{ACAD_REACTORS
330
188
102
}
330
188
100
AcDbXrecord
280
     1
 70
     1
 90
429727718
  1
508B35C9-AEE7-456F-BE74-D52651303AC6
310
504B03040A0000080000B670623B3DEE336E79000000790000001B0000006175746F6465736B2D64657369676E2D7061636B6167652E786D6C3C3F786D6C2076657273696F6E3D22312E302220656E636F64696E673D227574662D3822203F3E3C666F726D6174733E3C666F726D61743E687474703A2F2F736368656D612E
310
6175746F6465736B2E636F6D2F64657369676E2D7061636B6167652F323030393C2F666F726D61743E3C2F666F726D6174733E504B0304140006080800B670623BD486FD9CA0000000F4000000130000005B436F6E74656E745F54797065735D2E786D6C7D8EC10E82300C865F65E91D8A1E8C310C0EEA1BF002731658846E
310
D98AC1B77784ABF1D8FE5FBFBF75BBCE937A534CCEB38643598122B6FEE978D0B0485F9C41B54DDD7D022595594E1A469170414C76A4D9A4D207E29CF43ECE46F218070CC6BECC4078ACAA135ACF422C856C0E68EA1BF5669944DDD7BCDE7B1F8E415D77AECB980613C2E4AC91FC167A2B244592486606FC29C8FD7F045B9A
310
EF7053A7E60B504B0304140006080800B670623B28ED286BEB0000007C01000008000000636F72652E786D6C8D90416EC3201045AF82665B6183218D6D61A254764FD00B204C5C94182C03558F5F9C3852BBEB6A467FFE9B197D71FA9E6FE8CBACC17AD7012D0820E3B41FAD9B3A48F1826B40272956EFE32F1B20A766D3C1
310
268314D3EAD3B24BDABB685CCCAAF3A3D94515828980F42D371D04FD696655A814B3235C8B45E9AB9A4C419F5D8653B2237A1CB163DE672FD6AC209BF3C08E0D1B30EB19C3FC9D72FCC6EB231EFA33EDE96BDD341517E5064B11EDFCBCAF57A3A2194156843498524CAA0FCA5B7268F9E185D42D21A2DCEC7FA0B48CFF8492
310
759155FBBB0F2C80A4F991FB408A72CB22977B50B96EB9C91F504B0304140006080800B670623B55019EA25F0000007C00000007000000636E782E786D6C4DCB3B0E80201045D1AD90E915ED2CF8AC45050C11660C8261F98AB1B07AC9C97D42D718D865D3E909258CFD00CCE24AC6E326A164D74DC0B4128928FF32603847
310
2BA13128B1252AC747C6BAB984FC68F0B87FE8960A5C09FE86CFB69FBA01504B0304140006080800B670623B7BC41AC871010000D40300000C0000006662782F636F72652E786D6CC553ED6E8320147D15C2DF4501B56B6D90A64BBB27D80B50A5CE54C120983EFEAE1F4DD7A56BBA5FF3879273EEE59E7310BE393735EA95
310
ED2AA333CC428A91D2B9292A5D66D8BB63B0C26823B835C67D2BC348CB46657880B1E0A535BE9DA1DC68A7B403549B42CDA0EC3AE530CA6B5864B8CB3F552343E91D5474A7B095F949962A6421D0502778E72C0840D390E18DC5F170E664C205F7BE2A66B62A605A75AC94C522DDEEE3651AEF837817C741F2CE92E02D592D
310
83FD6ECB76EC7595A651C2C9D02CB8AB9A8BBADC2AE954814544691A3016D0E883256BBA58278B17BA5A53CAC9507ED3E4DBE2C9265F691747B3DCA9ADC382819091F8E1162272A8933DE82182932144F88C09DF060D8140C84E1EEA8B8F1340BDCA9DB1093085F157AA97B557309586747CD0EF0B4EA64E983A6E0EAEEFCE
310
889E9EF17847386AA94B30211D2C0FDE0D3AF9A4610EAD5536E8DD1969631B593F67E381C33F5157F17725E5A636F6BF1491F980C8FC7B90E13E8A2F504B0304140006080800B670623B70102A487D0000009D0000000B0000006662782F636E782E786D6C4DCCD10A83201886E15B91FFDC95A5C30335ACCDFB886521330D
310
A76397BF1A1DECE883878F57749FD5A3B74D2F17830472A901D9F088930B8B849267CC01754AA418F3DF0D5018572BE160506249B16C274D761E8BCFBB7A179E27F65CB39A0F14D396184C9921B81F34C3ACA1B4B99ABB6E6F062A25AA5F69DF23ACBE504B0304140006080800B670623B3610CA3329010000120200003100
310
00006662782F42384135303843342D343331462D343546312D424341352D3532343432364645413344462F636F72652E786D6C8D515B6EC32010BC0AE22B55850D0E446E848992B43E412FE000495162B07854397EA176A4F62F3F2C9A9D991D58BEBB8F37F0AD7D30CE76905418026DA553C65E3A98E219B510EC04F7CEC5
310
3F3408EC30EA0E16180A7EF12E4D0B249D8DDAC68C5AA7F4020E21E80881BCE54B0783FCD2E3500D296646B856D320AFC34557A4CAEDCC133C449F0380794839A138B47B86DB2345744D7A44594FD0E1B867883594369BFE63BF7EEF793D0B054FC9A8456E548E63CE46FB674D8A58F068C6477CE9F510B582A2C1F80D1182
310
70F349E816B32D65AFB8DD62CCEB42FF274A937A52948C8DEB66893BCB021484D7734370E5D2E9F608A3EF93F3119479ABA0E50B14B8C298119A43CCC4FCFCECB8A18B6388CEE7EF5D5D4F994BD86CBBA182D76543B9FCAE2FD7B24DF103504B0304140006080800B670623B1B8617914E0100003303000030000000666278
310
2F42384135303843342D343331462D343546312D424341352D3532343432364645413344462F636E782E786D6CD593C16EC32010447F0571AD6CE3D489D20813A9877E410FBD62D82434182CC055F3F75D1292E692438FBD206B7698593D61BEFD1E2DF982108D773D6D6B460938E5B571FB9ECE6957AD29D90A1EBC4F7736
310
4A9C1CA1A759A682EF839FA72269D8C9D92654AD71C72206887E0E0A22CAF926B15E498B01E0AA19451807D01A34B919F16B070157417138917400F2F6FA41FCF0092A45DEE414C19BDC21783E4BD39D891265658C3D8DEA00A3ACE59CBC8678ACB54CB26EEB6BD7839D7E9348BE70AD9C8321B9BCA7F9A4A26C542347DEE0
310
50F09802D22BA6749A800A394DD62899107273365E3C82CFC6A55557BC06C10774B7ABE7AEC3B0F34CF06446280E154026D0542C187BA9DAB6628BF7B6DBB0E5A65B3EB1F58631DE64BBE083F7B65CC218087E22CABB042E51D1F2268F1FE12B3EA24D40D63E9CFE00120194D60B9D5BC67FE6D39CDF37E20AF817881F504B
310
0304140006080800B670623BBFEF2E3B690500003C100000340000006662782F42384135303843342D343331462D343546312D424341352D3532343432364645413344462F6F626A656374732E786D6CAD575D739B3814FD2B0CFB0C98D84E931D4227B6938EA793B6534F3BFB90198F0099B001899144EAECAFDF231018B0
310
D37A3FFC609090EEE7B94757C1FB7D915B2F54C88CB31BDB7727B64559CC938CA53776A576CE956DBD0F03C1B9EA2DB32D460A7A63EB693B0C52C1ABD24C257447AA5C8D66EF177F5832A68CDA569C13296F6C193FD182B8A4523CA1F2D94D88226EBADBBBBEDB2C1C8A4D05299F46424B222853B014F30C52ACC6287F389C
310
D85E1878FA7B18E87FB36AFAF62AAFF667A83F635211161F291B8999FAB3D5DDC5FCDA99CF6653677679E13B8BFBC5CAF1DF4D27CBCBE5F2FAF6EE1A8AA51290642C117467871F101B91C581D77CEA2C36869F3229E68CD1B8F61F1ED6361B89092D294B90C78C4A68EB793D190E7D1D9BDEE7A91E1B95FDE9F3BCEAEFE809
310
6A6D6F9F7D4B79F4275C90E7A04248AA51D5C4C738DAE06F72885AC4796EBE65D22A88A22223B995679120E2D50EB1542F098381188D4EA111AE3DB043FF20AF6F2B4AE3D7D83D65E5AECA730D4D3BAC91BD05FEA992B565D95F549CD6069B90AB2A63EACA38A45E4B6A87D781574F86817E4C2FCCC72690D62E2729520E37
310
9BAF234797BAF6D62B3BFC781FED37BA1E4F2B2F052FA9501A3E80569BB8F6A9A364D4FA67654E6F803383981F82F21591FF84F23D9882BC896C3FDBCF8C162508933B2E0AE4C69DD43F6BD2BE38DDDBF10BF86CB4FA784D37F3AF16075E67EC9030DECA1FC0A55373F5DFF3378C591FA9BDF485C10B0A8C8BA909E5262639
310
A8E72163488806A595734C81CB77D1DE0ED7604A303B76913CEC0272F412782FF88EFF4636D8AA56DF7B322474C4B767303F625997056C7B032C473C592B36CEBD15F3F9FF5233B7ABCDC74D257624A60F8658567497B14CE1EC3C80B76FD02011038F9EE9EB0F2E12387A9C844D3F09855125116D1D731DF8B43D2CF4E0A0
310
79A020C6BE946BCE0B7EA1E1219331CD73C228AF5A2DDD31A4B1DA918CE91350854D40A71723140BFA92E94E62B0626016CEFA5864A50E5977E8753CEDBEE1CBB7F52780D20E17AF0BA0F5F9B02A3AD07DCC732EB6D1EBB661421BE0C39E21BABF0FE16D22EA6929407C8DE596724C88B749B6DB5512BC7B228ADFD7CB7EA6
310
3A22397E690BA8D5D8D4E40CEC8CDA23C2C0B7D5898640101CEC9C6D331CE328CB93CAFBBAC70A642DF70DF95155945B52F08AA973C23469FD69ADEF84F7BB18F983A8F8C90E37F5D35980B2139A1C523540813E824EF83448CF7C72B598CE97D7CEEDDDDD3B6736BFBC771677EF66CE6A7E7139F7A793E9EDF2B2B3A8B624
310
0CDA13AA5F8388264EC4A0129909F3B7F5A16CEDF08128E97D680ACA4B9BE7B7B58BB638F0B00700EF36AE8B32A705658A68F83EE897FC2B41573190D1CCAF0B92D233A47CFEB019D9809933F67DD1A5467F8CF69AD9A5AE859342D45355448C64F968A371DC2D596ADC6E43D93D1B466F877A64E2893E54F23C4B40388995
310
525E5005DA3983ED45412510D3EFCA13737B3863F74BD30F2A12E5B4B5E489A025CE25500DB855B11ACE5BBFA185D35DD48D8DC3CE7DC69F2944DB42AA6F6CF09BCA622ADD08C7A36E7C6AE18000BAB08E040135C2D21C9D75B3A91B77BB746C403F38018DFE6EC939DD92F16B40BC05294B9CDA035AAD6D330AE27FE4786B
310
8E45145EA34A75BE1C263A676A35A8ACC6297337400BF16C54EF515F3F77CB77EB3583889C754FFA29081AA98E2222ADEF05DA3E63D2EDEA8B8756C05A7FB6CABC4A91CBF325398202CC952E70A008A830324BA200D5E5EF8F5F04C75DB4B0EE3340E071C98B823333B83577596BF3849B69F2085AA0FAFA212F26BEFF5877
310
FDE622B28D88A42E49E43326DA82D31E8CB006401E1DA726059ECEC168F97A6599036306A135688F9AD2E61A6EA178F4CD51974A9F2CCB9F36FE5EBD14601068D9C3BF01504B0304140006080000B670623B000000000000000000000000350000006662782F42384135303843342D343331462D343546312D424341352D35
310
32343432364645413344462F76657274696365732E62696E504B0304140006080800B670623BF270F1330600000004000000360000006662782F42384135303843342D343331462D343546312D424341352D3532343432364645413344462F747269616E676C65732E62696E636660600000504B0304140006080000B67062
310
3B000000000000000000000000370000006662782F42384135303843342D343331462D343546312D424341352D3532343432364645413344462F617474726962757465732E62696E504B0304140006080800B670623B08DA0BD19000000041010000360000006662782F42384135303843342D343331462D343546312D4243
310
41352D3532343432364645413344462F6469726563746F72792E786D6C858F410AC3201045AF22B36F53E9A60B35CBEEBAE80D244E44489C6234F4F835464A48035D0DF398FF9F8AF63D0E6CC63039F212F8F9020C7D47C6792B21C5FE7403D62A1188E2E60C98D7234A5830286103A55745067B9D86B8A3CF9C7F90C11DE6
310
07FB144396D7B6A82D282E9A152AD114D5EF2CB866EEE831B8EEA07A7BB5A8D7D61A2BAAEB7FD5F70921FF497D00504B0304140006080800B670623B3B4606F3FE000000A00100003B0000006662782F42384135303843342D343331462D343546312D424341352D3532343432364645413344462F7265736F75726365732F
310
636F72652E786D6C8D504B6E833010BD0A9A6D65B08134808CA354A427E8052C332156828DFCA97AFC9A40A576D7CDCCE87D344F8F9FBEE647F689CE6B6B7A6039850C8DB2A336530F315C4903D94970676DF82583CCC8197B5861107C72362E3BA4AC096842428D1D7107A5F71820538F74F4E0D50D6799CB1892C2DFF345
310
AABB9C306779A2934E701F5C0A906D4FD609C2A1B7D129F4BCD858C163D4E3AED163FAA9AF1A1D88F67CA98E6D35906AA82A52BFB39ABCD5CD915C86331BD86BD3B665CD8BD52C78D0F34F46E550061C419494B6843142CB0F5677F4D0D58717DA7494F26295FF31C565FCA7296A13AA728FBBD93C0896823C09C18BB5AFB4
310
9E65A6BD762BBE01504B010214000A0000080000B670623B3DEE336E79000000790000001B00000000000000000000000000000000006175746F6465736B2D64657369676E2D7061636B6167652E786D6C504B01021400140006080800B670623BD486FD9CA0000000F40000001300000000000000000000000000B2000000
310
5B436F6E74656E745F54797065735D2E786D6C504B01021400140006080800B670623B28ED286BEB0000007C010000080000000000000000000000000083010000636F72652E786D6C504B01021400140006080800B670623B55019EA25F0000007C000000070000000000000000000000000094020000636E782E786D6C50
310
4B01021400140006080800B670623B7BC41AC871010000D40300000C00000000000000000000000000180300006662782F636F72652E786D6C504B01021400140006080800B670623B70102A487D0000009D0000000B00000000000000000000000000B30400006662782F636E782E786D6C504B01021400140006080800B6
310
70623B3610CA3329010000120200003100000000000000000000000000590500006662782F42384135303843342D343331462D343546312D424341352D3532343432364645413344462F636F72652E786D6C504B01021400140006080800B670623B1B8617914E010000330300003000000000000000000000000000D10600
310
006662782F42384135303843342D343331462D343546312D424341352D3532343432364645413344462F636E782E786D6C504B01021400140006080800B670623BBFEF2E3B690500003C10000034000000000000000000000000006D0800006662782F42384135303843342D343331462D343546312D424341352D35323434
310
32364645413344462F6F626A656374732E786D6C504B01021400140006080000B670623B0000000000000000000000003500000000000000000000000000280E00006662782F42384135303843342D343331462D343546312D424341352D3532343432364645413344462F76657274696365732E62696E504B010214001400
310
06080800B670623BF270F133060000000400000036000000000000000000000000007B0E00006662782F42384135303843342D343331462D343546312D424341352D3532343432364645413344462F747269616E676C65732E62696E504B01021400140006080000B670623B00000000000000000000000037000000000000
310
00000000000000D50E00006662782F42384135303843342D343331462D343546312D424341352D3532343432364645413344462F617474726962757465732E62696E504B01021400140006080800B670623B08DA0BD1900000004101000036000000000000000000000000002A0F00006662782F42384135303843342D3433
310
31462D343546312D424341352D3532343432364645413344462F6469726563746F72792E786D6C504B01021400140006080800B670623B3B4606F3FE000000A00100003B000000000000000000000000000E1000006662782F42384135303843342D343331462D343546312D424341352D3532343432364645413344462F72
310
65736F75726365732F636F72652E786D6C504B0506000000000E000E0080040000651100000000
  0
XRECORD
  5
187
102
{ACAD_REACTORS
330
186
102
}
330
186
100
AcDbXrecord
280
     1
 70
     1
 90
429727718
  1
887D55A9-D0DD-414E-B741-A7DCD4DA2B4C
310
504B03040A0000080000B670623B3DEE336E79000000790000001B0000006175746F6465736B2D64657369676E2D7061636B6167652E786D6C3C3F786D6C2076657273696F6E3D22312E302220656E636F64696E673D227574662D3822203F3E3C666F726D6174733E3C666F726D61743E687474703A2F2F736368656D612E
310
6175746F6465736B2E636F6D2F64657369676E2D7061636B6167652F323030393C2F666F726D61743E3C2F666F726D6174733E504B0304140006080800B670623BD486FD9CA0000000F4000000130000005B436F6E74656E745F54797065735D2E786D6C7D8EC10E82300C865F65E91D8A1E8C310C0EEA1BF002731658846E
310
D98AC1B77784ABF1D8FE5FBFBF75BBCE937A534CCEB38643598122B6FEE978D0B0485F9C41B54DDD7D022595594E1A469170414C76A4D9A4D207E29CF43ECE46F218070CC6BECC4078ACAA135ACF422C856C0E68EA1BF5669944DDD7BCDE7B1F8E415D77AECB980613C2E4AC91FC167A2B244592486606FC29C8FD7F045B9A
310
EF7053A7E60B504B0304140006080800B670623BBC1638F5EC0000007C01000008000000636F72652E786D6C8D90416EC3201045AF82665B61836BE2D8C24471DB9CA01740401C94182C03558F5F9C3852BBEB6A467FFE9B197D7EF89E6EE8CB2CC17AD7032D0820E394D7D68D3DA478C67B4007C117EFE32F1B202727D3C3
310
2A83E0E3E2D3BC49CABB685CCCAAF3DA6CA20CC14440EA969B1E82BA98491632C5EC08D76296EA2A4753D06797E194AC468F2356E77DF66CCD02825543D50CACC62D39ED70FDC68EB8FD68F6F8787A6784342D1DDA1D2F5758F068A7E77DB518198D065111D2624A31A93E69DD11D6D5EC85EC3B4278B9DAFF4069D6FF8492
310
75F1B5DADE7D600104CD8FDC0782976B16B9DC83CA75CD4DFC00504B0304140006080800B670623B55019EA25F0000007C00000007000000636E782E786D6C4DCB3B0E80201045D1AD90E915ED2CF8AC45050C11660C8261F98AB1B07AC9C97D42D718D865D3E909258CFD00CCE24AC6E326A164D74DC0B4128928FF326038
310
472BA13128B1252AC747C6BAB984FC68F0B87FE8960A5C09FE86CFB69FBA01504B0304140006080800B670623B3586FFB671010000D40300000C0000006662782F636F72652E786D6CC553ED6E8320147D15C2DF4541A76D6D90A6DDD627D80B50A4CE54C120983EFEAE1F4DD7A55BBA5FF3879273EEE59E7310B6393735EA
310
95ED2AA3731C851423A5A5292A5DE6D8BB63B0C268C39935C67D29C3488B46E578803167A535BE9D2169B453DA01AA4DA16650749D7218C91A1639EEE4876A4428BC838AEE14B6429E44A9C228041AEA38EB9C0501681A32BC313F1ECE8C4C3867DE57C5CC56054CAB8E95B298A7F12E5EEED224C8E87E11242FE936C8DE96
310
AB60BB7F4D295D66D12E5B30323473E6AAE6A24E5A259C2A308F29CD82280A68FC1E256B9AAE93F489AED694323294DF34F9B678B0C957DA3DC7B3DCA9ADC33C022123F1CD2D44E450277AD04338234388F01913BE0D1A0281909D38D4171F27807A259DB1093085F157AA17B557309586747CD0CF0B46A64E983A6E0EAEEF
310
CE881F9EF1FB8E70D44297604238581EBC1B74B249C31C5AAB6CD0BB33D2C636A27ECCC62F0EFF445DC5DF95244D6DEC7F2922F30191F9F720C37DE49F504B0304140006080800B670623B4220A0FF7D0000009D0000000B0000006662782F636E782E786D6C4DCCD10A83201886E15B91FFDCE542CB0335D0EC3E6259C84A
310
C3E9D8E5AF46073BFAE0E1E315DD675BD1DBA5978F41C2FD4600B9F088930F8B849267CC01754AA418F3DF0D50183727E164506249B1EC174D6E1ECB9A0F5D7D785E68DB8151CD286E5A5363CA6B8A39E90D36D40E96B086F55A43A544F52B1D7B86D517504B0304140006080800B670623B2FA3FEDE290100001202000031
310
0000006662782F45374635344235342D363743322D343832342D383044432D4334454645303536354442422F636F72652E786D6C8D515B6EC32010BC0AE22B55850D2E386E848994D7097A0117488A1283C5A3CAF10BB523B57FF961D1ECCCECC0F2ED7DBC816FED8371B687A4C210682B9D32F6D2C314CFA883602BB8772E
310
FEA141608751F7B0C050F08B77695A20E96CD43666D43AA5177008414708E42D5F7A18E4971E876A483133C2B59A06791D2EBA22556E679EE021FA1C00CC43CA09C5717D6274C7286AD7FB06D1AEA1A8C3873DDAD3E3E98859CB0EBB1DAF67A1E02919B5C88DCA71CCD968FFAC49110B1ECDF8882FBD1EA256503418BF2342
310
106E3E08DD60B6A1EC15771B8C795DE8FF4469524F8A92B1F1AD59E2CEB20005E1F5DC105CB9F4797B84D1F7C9F908CABC55D0F2050A5C61CC1AD2F27A26E6E767C7962E8E213A9FBF7775FDCC5CC266DB960A5E970DE5F2BBBE5CCB36C50F504B0304140006080800B670623B1B8617914E01000033030000300000006662
310
782F45374635344235342D363743322D343832342D383044432D4334454645303536354442422F636E782E786D6CD593C16EC32010447F0571AD6CE3D489D20813A9877E410FBD62D82434182CC055F3F75D1292E692438FBD206B7698593D61BEFD1E2DF982108D773D6D6B460938E5B571FB9ECE6957AD29D90A1EBC4F77
310
364A9C1CA1A759A682EF839FA72269D8C9D92654AD71C72206887E0E0A22CAF926B15E498B01E0AA19451807D01A34B919F16B070157417138917400F2F6FA41FCF0092A45DEE414C19BDC21783E4BD39D891265658C3D8DEA00A3ACE59CBC8678ACB54CB26EEB6BD7839D7E9348BE70AD9C8321B9BCA7F9A4A26C542347DE
310
E050F09802D22BA6749A800A394DD62899107273365E3C82CFC6A55557BC06C10774B7ABE7AEC3B0F34CF06446280E154026D0542C187BA9DAB6628BF7B6DBB0E5A65B3EB1F58631DE64BBE083F7B65CC218087E22CABB042E51D1F2268F1FE12B3EA24D40D63E9CFE00120194D60B9D5BC67FE6D39CDF37E20AF817881F50
310
4B0304140006080800B670623B29652116630500003C100000340000006662782F45374635344235342D363743322D343832342D383044432D4334454645303536354442422F6F626A656374732E786D6CAD575D739B3814FD2B0CFB0C989834C90EA1639B24E3E9A6EDD4D3CE3E64C623834CD8006224913AFDF57B040203
310
B65BEF871F0C12D2FD3CF7E8CA7FBFCB33E3957291B2E2D674ED8969D02262715A24B76625B7D6B569BC0F7CCE98EC2D338D82E4F4D654D366E0279C55A59E8AE99654991CCDDECFFF3444440B6A1A514684B83545F44C7362934AB2988A173B2692D8C97667BB76B3702836E1A47C1E092D09A78584A5982F20C5688C7287
310
C389E904BEA3BE07BEFAD7ABA6A75739B53F43FD69212429A20365233153D70BEF2E2E6FAC4BCF9B5ADEBB0BD79ADFCF43CBBD9A4E16EF168B9BD9DD0D140BC921495BC2E9D60C1E101B9E46BED37CEA2CD6861F3329624541A3DA7F7858DBAC25C6B4A4458C3CA654405BCFEBC970E8AAD8F43E4FD558ABEC4F9FE7557F47
310
4F506B7BFBEC5BCA367FC105710E2AB8A00A554D7CB4A30DFE26FBA86D18CBF4B75418399194A72433B274C3097F33032C554B027F2046A1932B842B0FCCC0DDCBEBDB8AD2F835768F59B9ADB24C41D30C6A64AF817F2A456D59FA83F2E3DA60137255A585BCD60EC9B7929AC18DEFD49381AF1ED30BFDB109A4B1CD488294
310
C3CDE6EBC8D185AABD6568061FEE37BB95AAC7E3CA4BCE4ACAA5820FA0D526AE7DAA2869B5EE5999531BE0CC20E6FBA07C41E43FA27CF7A6206F3CDD793B4F6B919C1462CB788EDCD893FA674CDA17AB7B3B7C019F8D561FAEE966FED562DFE98C1D12C6A9FC015C2A35D7FF3D7FC398F591DA4B5FE0BFA2C0189FEA50AE22
310
92817A1ED3020951A03432862970F976B33383259812CC8E5D240BBA801CBCF8CE2BBEE3BF910DB6AAD5F79E05123AE2DB33981FB1ACCB02B69D00CB014FD68AB573A7627EF9BFD4CC2C5C7D58557C4B22FAA88925A4DBB44825CECE3D78FB060D1231F0E885BE7D673C86A3874958F593906B5502D1563157814FDAC3420D
310
F69A070A22EC4B98E23CFF171A1E5311D12C23056555ABA53B8614563B92D17D02AAB009E8F46284624E5F53D5490C560CCCC2591FF1B45421EB0EBD8EA7ED13BE7C5D7E0428CD60FEF60779EB13E6664FF711CB185F6FDED60D139A001FF60CD1FD6D086F1D51474901E26B2CB794A343BC8ED3EDB612E0DD2351FCB65CF4
310
33D511C9E14B5B40ADC6A6263DB0336A8F700DDF56271A024E70B0B3629DE21847591E55DED73D56206AB927E46FAABC5C939C55853C274C93D69FD6FA4E78BF8B11DF898C9ECD60553FAD39283BA6F18984AA23E8884F83F45C5F5F859797B31B2B9C84A1E5B9DE9D35BFF25C6B76152E422F9C5DCC3D847F5801ED09D5AF
310
41441327A25FF15487F9EB725FB666F048A4701E9A827292E6F97569A32DF61DEC01C0BB8DCBBCCC684E0B49147C1FD54BF685A0AB18C868E6973949E819523E3DAC463660E68C7D9F55A9D1EFA3BD7A76A16AE1A810F95CE59B82A4D968A376DC2E8B44BBDD86B27B368CDE0ED548C7137DA860591A83706223A12CA712B4
310
7306DBF39C0A20A6DF95C7FAF670C6EED7A61F946493D1D6926782963813403548A78AE470DEF80D2D9CEAA26E4D1C76F60BFE74219A06527D6B82DF641A51616F703CAAC6A7160E08A00BEB4810A0274592A1B36E3675E36E978A0DE80727A0D6DF2D39A75BD27E0D8837276589537B40ABB56D5A41F48F1C6FCD3188C4EB
310
A6929D2FFB89CE995A4D00AE813BDD032DC48B56BD437DFDDC2DD7AED70C2272D63DE9A72068A45A92F0A4BE17A8A06B9366E16707AD80B1FC649459952097E74BB23805982B55E0401150A165964402AA8BDF9F3E7386BB686EDCA780C0D382E5392BF460A6EFB2C6EA1937D3F809B440D5F5435C4C5CF7A9EEFAF54564BD
310
2182DA24162F98680B4E7930C21A0079709CEAEB99A372305ABE0C0D7D6078105A83F6A0296DAEE1068A47DD1C55A9F4C9B2FC69E3EFD44B81028E963DF81B504B0304140006080000B670623B000000000000000000000000350000006662782F45374635344235342D363743322D343832342D383044432D433445464530
310
3536354442422F76657274696365732E62696E504B0304140006080800B670623BF270F1330600000004000000360000006662782F45374635344235342D363743322D343832342D383044432D4334454645303536354442422F747269616E676C65732E62696E636660600000504B0304140006080000B670623B00000000
310
0000000000000000370000006662782F45374635344235342D363743322D343832342D383044432D4334454645303536354442422F617474726962757465732E62696E504B0304140006080800B670623B08DA0BD19000000041010000360000006662782F45374635344235342D363743322D343832342D383044432D4334
310
454645303536354442422F6469726563746F72792E786D6C858F410AC3201045AF22B36F53E9A60B35CBEEBAE80D244E44489C6234F4F835464A48035D0DF398FF9F8AF63D0E6CC63039F212F8F9020C7D47C6792B21C5FE7403D62A1188E2E60C98D7234A5830286103A55745067B9D86B8A3CF9C7F90C11DE607FB144396
310
D7B6A82D282E9A152AD114D5EF2CB866EEE831B8EEA07A7BB5A8D7D61A2BAAEB7FD5F70921FF497D00504B0304140006080800B670623B6378F24DFF000000A00100003B0000006662782F45374635344235342D363743322D343832342D383044432D4334454645303536354442422F7265736F75726365732F636F72652E
310
786D6C8D504B6E833010BD0A9A6D65B0094E42641C85B639412F6099496225D8C89FAAC7AF09546A77DDCC8CDE47F3F4C4F16B7C149FE88371B603565228D06A37187BED20C50BD9437194C23B177FC9A0B06AC40E6618A4B87A97A615D2CE46B431A3D60DB8822A048C50E8473E3A08FA86A32A558A5911EEE5A4F45D5DB1
310
6465A6B34E8A107D0E502C4FE609D26370C96B0CA25A58295232C3AA3143FE692E063D485EF7F5AEE71BD2D2F39634AFFC44DAF7DD9E9CCE6F9CD25DCBFA762BAAD92C4534E34F46ED51451C40D694B6843142EB0FD61C283F34FC85EE0F948A6A96FF31A569F8A729191B37F51A77B105902C0779125254735F793DCBCC7B
310
EE567E03504B010214000A0000080000B670623B3DEE336E79000000790000001B00000000000000000000000000000000006175746F6465736B2D64657369676E2D7061636B6167652E786D6C504B01021400140006080800B670623BD486FD9CA0000000F40000001300000000000000000000000000B20000005B436F6E
310
74656E745F54797065735D2E786D6C504B01021400140006080800B670623BBC1638F5EC0000007C010000080000000000000000000000000083010000636F72652E786D6C504B01021400140006080800B670623B55019EA25F0000007C000000070000000000000000000000000095020000636E782E786D6C504B010214
310
00140006080800B670623B3586FFB671010000D40300000C00000000000000000000000000190300006662782F636F72652E786D6C504B01021400140006080800B670623B4220A0FF7D0000009D0000000B00000000000000000000000000B40400006662782F636E782E786D6C504B01021400140006080800B670623B2F
310
A3FEDE290100001202000031000000000000000000000000005A0500006662782F45374635344235342D363743322D343832342D383044432D4334454645303536354442422F636F72652E786D6C504B01021400140006080800B670623B1B8617914E010000330300003000000000000000000000000000D2060000666278
310
2F45374635344235342D363743322D343832342D383044432D4334454645303536354442422F636E782E786D6C504B01021400140006080800B670623B29652116630500003C10000034000000000000000000000000006E0800006662782F45374635344235342D363743322D343832342D383044432D4334454645303536
310
354442422F6F626A656374732E786D6C504B01021400140006080000B670623B0000000000000000000000003500000000000000000000000000230E00006662782F45374635344235342D363743322D343832342D383044432D4334454645303536354442422F76657274696365732E62696E504B01021400140006080800
310
B670623BF270F13306000000040000003600000000000000000000000000760E00006662782F45374635344235342D363743322D343832342D383044432D4334454645303536354442422F747269616E676C65732E62696E504B01021400140006080000B670623B0000000000000000000000003700000000000000000000
310
000000D00E00006662782F45374635344235342D363743322D343832342D383044432D4334454645303536354442422F617474726962757465732E62696E504B01021400140006080800B670623B08DA0BD190000000410100003600000000000000000000000000250F00006662782F45374635344235342D363743322D34
310
3832342D383044432D4334454645303536354442422F6469726563746F72792E786D6C504B01021400140006080800B670623B6378F24DFF000000A00100003B00000000000000000000000000091000006662782F45374635344235342D363743322D343832342D383044432D4334454645303536354442422F7265736F75
310
726365732F636F72652E786D6C504B0506000000000E000E0080040000611100000000
  0
XRECORD
  5
112
102
{ACAD_REACTORS
330
110
102
}
330
110
100
AcDbXrecord
280
     1
270
     1
271
     1
  0
XRECORD
  5
111
102
{ACAD_REACTORS
330
110
102
}
330
110
100
AcDbXrecord
280
     1
270
     1
271
     1
  0
XRECORD
  5
18A
102
{ACAD_REACTORS
330
110
102
}
330
110
100
AcDbXrecord
280
     1
 70
     0
 90
1778669749
  1
9BF507EE-FAF7-4A99-A33D-4EE51894BC40
310
504B03040A0000080000B670623B3DEE336E79000000790000001B0000006175746F6465736B2D64657369676E2D7061636B6167652E786D6C3C3F786D6C2076657273696F6E3D22312E302220656E636F64696E673D227574662D3822203F3E3C666F726D6174733E3C666F726D61743E687474703A2F2F736368656D612E
310
6175746F6465736B2E636F6D2F64657369676E2D7061636B6167652F323030393C2F666F726D61743E3C2F666F726D6174733E504B0304140006080800B670623BD486FD9CA0000000F4000000130000005B436F6E74656E745F54797065735D2E786D6C7D8EC10E82300C865F65E91D8A1E8C310C0EEA1BF002731658846E
310
D98AC1B77784ABF1D8FE5FBFBF75BBCE937A534CCEB38643598122B6FEE978D0B0485F9C41B54DDD7D022595594E1A469170414C76A4D9A4D207E29CF43ECE46F218070CC6BECC4078ACAA135ACF422C856C0E68EA1BF5669944DDD7BCDE7B1F8E415D77AECB980613C2E4AC91FC167A2B244592486606FC29C8FD7F045B9A
310
EF7053A7E60B504B0304140006080800B670623BCA089DFFEC0000007C01000008000000636F72652E786D6C8D90416E83301045AF62CDB632D8402020E32882F604BD80653BC44AB011B6AB1EBF262152BBEB6A467FFE9B197D76FA9EEFE84BAFDE38DB03CD08206DA553C64E3DC470C1474027CE56E7C22F1B202B66DDC3
310
260367D3EAE2B24BD2D9A06D48AA754AEFA2F05E0740F29E9A1EBCBCEA59642286E4F0B76C11F226269DD15797E0188D42CF2346A57DE662F40ABCAEC77628C6120F654571D50C04B7F5B9C1E3997CD4F550BE3745C3F20DE62C98F9755FAE5A04AD801784B498524C8A4F5A75E4D055873772EC0861F966FF03C545FD138A
310
C686B2D8DF7D621E384D8F3C069CE55B16A93C824A75CB8DFF00504B0304140006080800B670623B55019EA25F0000007C00000007000000636E782E786D6C4DCB3B0E80201045D1AD90E915ED2CF8AC45050C11660C8261F98AB1B07AC9C97D42D718D865D3E909258CFD00CCE24AC6E326A164D74DC0B4128928FF326038
310
472BA13128B1252AC747C6BAB984FC68F0B87FE8960A5C09FE86CFB69FBA01504B0304140006080800B670623B68FC0B7272010000D40300000C0000006662782F636F72652E786D6CC5535B6E833010BC8AE5DF0A6C1E8124328E22D29EA01770C0A128602363A31CBFCB234A53A555FA553EC09AD9F5CE8C31DB5DDA060D
310
D2F4B556190E7C8A9154852E6B5565D8D993B7C668C799D1DA7E29C3488956667884316795D1AE5BA0422B2B950554E9522EA0E87B69312A1A5864B82F3E642B7CE12C54F467BF13C55954D20F7CA0A18EB3DE1A1080E621E31BF3D3F1C2C88C73E65C5D2E6C5DC2B4FA544B8379921C36797888BC3C8A032F4E73EA6D927D
310
EA1DF6F42D49F2E8350D5346C666CE6CDD5ED515460A2B4BCC434A375E1078347C0FE22D5D6DE3D50B5D6F2965642CBF6B725DF96493AB958DC245EEDCD6631E809089F8E61622B2A81703E8219C913144F84C09DF070D8140C8561C9BAB8F3340832CAC363130A576376A108D933095FA747AD0CF0B46E64E983A6D0EAE1F
310
CE089F9EF1FB8E70D44255604258581E9D1D75B259C3125A278D37D80B52DAB4A279CEC62F0EFF44DDC43F9454E8469BFF5244960322CBEF41C6FBC83F01504B0304140006080800B670623B0F71DDB67E0000009D0000000B0000006662782F636E782E786D6C4DCCD10A83201886E15B91FFDCA54DB73F502386BB8F5816
310
32D3703976F9ABD1C18E3E78F87855FB990379BBFCF2296AE02706C4C5471A7C9C349475A408A4352AA7B4FEDD80C47E761A7606A3A69CCA72D0E0C6BE8475D3E0E3F3409428EA6B27A84079A782899AA2EC1A7AE3ECCC2FD858CB2D544655BFD2B67BD87C01504B0304140006080800B670623BE134B4FB28010000120200
310
00310000006662782F38353834323741342D343835462D343034322D383541392D4331303331363839454531452F636F72652E786D6C8D515B6EC32010BC0AE22B55850D0EA424C24451959EA0172086A42831583CAA1CBF503B52FB971F16CDCECC0EACD8DFC71BF836215AEF7A481A0C817183D7D65D7A98D3197108F652
310
04EFD31F1A044E8DA6871586525C82CFD3020DDE25E352419DD76601558C264130DCCAA58771F832A36A544E8511AFCDA486ABBA988634A55D7852C4144A00300FA927949C71DABD1D28A29C7D208A6987383B6CD13BC16BB2E1DBE3911C453B0BA5C8D9EA456E758963CFD684674DAA588A64C747FC2118958C86B2C3788B
310
0841B8FB247487D98EB257CC77188BB6D2FF89F2A49F1465EBD2BA5BE2CEB2082511EDDC9042FB7CBA3DC298FBE4430275DE2A9AE1054ADC60CC08E3A29D89E5F9C5714317C7987C28DFBBBA9E0A97B0D97643A568EB864AF95D5FA9759BF207504B0304140006080800B670623B1B8617914E010000330300003000000066
310
62782F38353834323741342D343835462D343034322D383541392D4331303331363839454531452F636E782E786D6CD593C16EC32010447F0571AD6CE3D489D20813A9877E410FBD62D82434182CC055F3F75D1292E692438FBD206B7698593D61BEFD1E2DF982108D773D6D6B460938E5B571FB9ECE6957AD29D90A1EBC4F
310
77364A9C1CA1A759A682EF839FA72269D8C9D92654AD71C72206887E0E0A22CAF926B15E498B01E0AA19451807D01A34B919F16B070157417138917400F2F6FA41FCF0092A45DEE414C19BDC21783E4BD39D891265658C3D8DEA00A3ACE59CBC8678ACB54CB26EEB6BD7839D7E9348BE70AD9C8321B9BCA7F9A4A26C542347
310
DEE050F09802D22BA6749A800A394DD62899107273365E3C82CFC6A55557BC06C10774B7ABE7AEC3B0F34CF06446280E154026D0542C187BA9DAB6628BF7B6DBB0E5A65B3EB1F58631DE64BBE083F7B65CC218087E22CABB042E51D1F2268F1FE12B3EA24D40D63E9CFE00120194D60B9D5BC67FE6D39CDF37E20AF817881F
310
504B0304140006080800B670623B5933D422630500003B100000340000006662782F38353834323741342D343835462D343034322D383541392D4331303331363839454531452F6F626A656374732E786D6CAD575B6FA33814FE2B887D0642934E9B156594264D158D3A534DD4D13E548A0C38942D60649B4EBABF7E3F8321
310
40924EF6928780CDF1B97EE762EFF32E4B8D37CA45C2F21BD3B547A641F39045491EDF98A5DC5AD7A6F1D9F73863B243661A39C9E88DA9B64DDF8B392B0BBD15D12D295339D85DDEFE618890E6D434C2940871638AF08566C426A5641115AF764424B1E3EDCE76ED9AB0CF36E6A47819302D08A7B984A6D8CFC1C5A89572FB
310
CB91E9F89EA3BEFB9EFAD754E3D3544E654F5F7E920B49F2F040D880CDD89D2CEE2E2EA7D6E56432B6269F2E5CEB7679BBB0DCABF168FE693E9FCEEEA6102C240727AD09A75BD3BF876F78127A4EFDA9D5582B7E4CA590E5390D2BFB6161A5B3E618D182E611E2985001691DAB47FDA5AB7CD3F93C566B2DB2BB7D9E55DD13
310
1D468DEECDB3AB290BFE8409E21C54704115AA6AFF68436BFC8DF65E0B184BF5B74418199194272435D224E084BF9B3E481589EFF5D828747285706581E9BB7B7E5D5D911ABFC6EE312DB7659A2A689A7E85EC0DF04FA5A8344BFEA2FCB834E8845895492EAFB541F2BDA0A63FF59C6AD3F7D4637CA13FD68E34B629891172
310
98597F1D183A57B9B75A98FE9765B05BAB7C3C2EBCE0ACA05C2AF8005A4DE09AA7F29216EB9E15397500C6F47CBE77CA7778FE2BD277AF0AE2C693DD6437D1522427B9D8329E2136F6A8FA19A3E6C56ADF0E5F50CF06D48734EDCEBF22F69C56D97EC138153F804B85E6FABFC7AFEFB32E523BE1F3BD372418E363EDCA7548
310
52949E8724474014288D94610BB57C1BEC4C7F854A89CA8E5324F55B871CBC78CE1BBEE3BFE68D6A5589EF3C730474506FCFA8FCF0659516D0ED04580EEA6425581B77CAE797FF4BCECC16EB2FEB926F49481F746159D06D922712BD730FDEAE42BD40F42C7AA5EF3F198F60E86110D6DD20645A9480B795CF95E3E3A659A8
310
C55E724F408873315335CFFB8584874484344D494E59D94869DB90C26A5B64F49C802CAC1D3ABE18A098D3B7444D123D8A9E5AE8F5214F0AE5B2B6E9B575DA3E61CBD3EA2B4009FA940524DD1305FB6A1FB294F14DF0BEA90BA109ECE1481FDC3FFAE8D60E75141700BE82725371B4873751B2DD960265F788137FACE6DD40
310
B575E4F0A5C99F46629D92131467A41EE11ABD8D4CCC039CA0AFB37C93A08B232B8F0AEFCA1E0A1015DF13FC83322B362463652ECF71D3A8B1A7D1BE65DE1D62C44F22C317D35F574FEB16153BA2D13E543D10A80E74C4A65E78A6B7CBCBD1D5DD9DB59C2DAFACC96C3AB566E3F1C29ADCDD5DBAD7D3C9ED7C822ED74F80A6
310
41755310DE4443F44A9E68373FADF6596BFA0F440AE7BECE2727AE9F4F2B1B53B1E7E00CF0DD1E5C65454A339A4BA2D0FBA05ED2EF0443458F47BDBFCA484CCFE0F2ED7E3DD0013B679C7B5499467F0ECEEADDB9CA85A34CE44B99053949D2C1416DB85DE4B136BB7165FBAC0B7AB3542BED4F8CA182A549847A1319316519
310
95A83A67147B9E5101C47487F2485F1ECE38FD568F839204296D3479219888530154036E6528FBFBC66F98E0D4107563A2D7D9AFF8D389681A08F58D89F22693900A3B407754734FC51C10C010D6D640809EE4718AC1BA3ED4AEDB53CA37283F68805A7E4B72CEB0A4EDEAD5DD8C14059A76AFAA56BA6901E13F32BC51C720
310
12AF41295B5BF61BAD3195181FB506E6B40F4C10AF5AF40EF9F5B159AE5DD1F43C72D635E94310D45C2D49785C5D0B94D3B54AB3C5A38349C0587D338AB48C11CBF339599C02CCA54A70A008A8D03C0B2201D5F9EFCF8F9CE12A9A19CB0410789EB32C63B95ECCF455D658BFE0621A3DA32C5075FB101723D77DAE867E7D0F
310
D90444509B44E2151B4DC2290B065803200FBAA9BE9D392A0603F2D5C2D00D6302A615680F66D2FA166E2079D4C551A54AB758161FCEFD4E450A14704CECFEDF504B0304140006080000B670623B000000000000000000000000350000006662782F38353834323741342D343835462D343034322D383541392D4331303331
310
363839454531452F76657274696365732E62696E504B0304140006080800B670623BF270F1330600000004000000360000006662782F38353834323741342D343835462D343034322D383541392D4331303331363839454531452F747269616E676C65732E62696E636660600000504B0304140006080000B670623B000000
310
000000000000000000370000006662782F38353834323741342D343835462D343034322D383541392D4331303331363839454531452F617474726962757465732E62696E504B0304140006080800B670623B08DA0BD19000000041010000360000006662782F38353834323741342D343835462D343034322D383541392D43
310
31303331363839454531452F6469726563746F72792E786D6C858F410AC3201045AF22B36F53E9A60B35CBEEBAE80D244E44489C6234F4F835464A48035D0DF398FF9F8AF63D0E6CC63039F212F8F9020C7D47C6792B21C5FE7403D62A1188E2E60C98D7234A5830286103A55745067B9D86B8A3CF9C7F90C11DE607FB1443
310
96D7B6A82D282E9A152AD114D5EF2CB866EEE831B8EEA07A7BB5A8D7D61A2BAAEB7FD5F70921FF497D00504B0304140006080800B670623BD9A3B367FE000000A00100003B0000006662782F38353834323741342D343835462D343034322D383541392D4331303331363839454531452F7265736F75726365732F636F7265
310
2E786D6C8D504B6E833010BD0A9A6D65B01D0201194711694FD00B586642AD043BF2A7EAF16B122AB5BB6E6646EFA3797AE2F8B5DC8A4FF4C1383B002B291468B59B8C9D0748F1420E501CA5F0CEC55F3228AC5A708015062966EFD27D83B4B3116DCCA875136EA00A012314FA968F0182FEC045952AC5AC08D7F2AEF455CD
310
58B232D3592745883E07289E4FD609D26370C96B0CA27AB252A464A64D63A6FCD35C0C7A904D73EE467EE664DCD58CD4ED4849D79C5A723ED1B7A61977AF2D6F45B59AA58866F9C9A83DAA8813484E6947182394BFB3BAA7FBBEDEBFD0434FA9A856F91F53BA4FFF342563E38E6F719FB60092E5200F428A6AED2BAF479979
310
AFDDCA6F504B010214000A0000080000B670623B3DEE336E79000000790000001B00000000000000000000000000000000006175746F6465736B2D64657369676E2D7061636B6167652E786D6C504B01021400140006080800B670623BD486FD9CA0000000F40000001300000000000000000000000000B20000005B436F6E
310
74656E745F54797065735D2E786D6C504B01021400140006080800B670623BCA089DFFEC0000007C010000080000000000000000000000000083010000636F72652E786D6C504B01021400140006080800B670623B55019EA25F0000007C000000070000000000000000000000000095020000636E782E786D6C504B010214
310
00140006080800B670623B68FC0B7272010000D40300000C00000000000000000000000000190300006662782F636F72652E786D6C504B01021400140006080800B670623B0F71DDB67E0000009D0000000B00000000000000000000000000B50400006662782F636E782E786D6C504B01021400140006080800B670623BE1
310
34B4FB280100001202000031000000000000000000000000005C0500006662782F38353834323741342D343835462D343034322D383541392D4331303331363839454531452F636F72652E786D6C504B01021400140006080800B670623B1B8617914E010000330300003000000000000000000000000000D3060000666278
310
2F38353834323741342D343835462D343034322D383541392D4331303331363839454531452F636E782E786D6C504B01021400140006080800B670623B5933D422630500003B10000034000000000000000000000000006F0800006662782F38353834323741342D343835462D343034322D383541392D4331303331363839
310
454531452F6F626A656374732E786D6C504B01021400140006080000B670623B0000000000000000000000003500000000000000000000000000240E00006662782F38353834323741342D343835462D343034322D383541392D4331303331363839454531452F76657274696365732E62696E504B01021400140006080800
310
B670623BF270F13306000000040000003600000000000000000000000000770E00006662782F38353834323741342D343835462D343034322D383541392D4331303331363839454531452F747269616E676C65732E62696E504B01021400140006080000B670623B0000000000000000000000003700000000000000000000
310
000000D10E00006662782F38353834323741342D343835462D343034322D383541392D4331303331363839454531452F617474726962757465732E62696E504B01021400140006080800B670623B08DA0BD190000000410100003600000000000000000000000000260F00006662782F38353834323741342D343835462D34
310
3034322D383541392D4331303331363839454531452F6469726563746F72792E786D6C504B01021400140006080800B670623BD9A3B367FE000000A00100003B000000000000000000000000000A1000006662782F38353834323741342D343835462D343034322D383541392D4331303331363839454531452F7265736F75
310
726365732F636F72652E786D6C504B0506000000000E000E0080040000611100000000
  0
XRECORD
  5
113
102
{ACAD_REACTORS
330
110
102
}
330
110
100
AcDbXrecord
280
     1
270
     1
271
     1
  0
XRECORD
  5
114
102
{ACAD_REACTORS
330
110
102
}
330
110
100
AcDbXrecord
280
     1
270
     1
271
     1
  0
CELLSTYLEMAP
  5
C99
102
{ACAD_REACTORS
330
C98
102
}
330
C98
100
AcDbCellStyleMap
 90
        3
300
CELLSTYLE
  1
TABLEFORMAT_BEGIN
 90
        5
170
     1
 91
        0
 92
    32768
 62
   257
 93
        1
300
CONTENTFORMAT
  1
CONTENTFORMAT_BEGIN
 90
        0
 91
        0
 92
      512
 93
        0
300

 40
0.0
140
1.0
 94
        5
 62
     0
340
676
144
0.065
309
CONTENTFORMAT_END
171
     1
301
MARGIN
  1
CELLMARGIN_BEGIN
 40
0.05
 40
0.05
 40
0.05
 40
0.05
 40
0.18
 40
0.18
309
CELLMARGIN_END
 94
        6
 95
        1
302
GRIDFORMAT
  1
GRIDFORMAT_BEGIN
 90
        0
 91
        1
 62
     0
 92
       -2
340
0
 93
        0
 40
0.045
309
GRIDFORMAT_END
 95
        2
302
GRIDFORMAT
  1
GRIDFORMAT_BEGIN
 90
        0
 91
        1
 62
     0
 92
       -2
340
0
 93
        0
 40
0.045
309
GRIDFORMAT_END
 95
        4
302
GRIDFORMAT
  1
GRIDFORMAT_BEGIN
 90
        0
 91
        1
 62
     0
 92
       -2
340
0
 93
        0
 40
0.045
309
GRIDFORMAT_END
 95
        8
302
GRIDFORMAT
  1
GRIDFORMAT_BEGIN
 90
        0
 91
        1
 62
     0
 92
       -2
340
0
 93
        0
 40
0.045
309
GRIDFORMAT_END
 95
       16
302
GRIDFORMAT
  1
GRIDFORMAT_BEGIN
 90
        0
 91
        1
 62
     0
 92
       -2
340
0
 93
        0
 40
0.045
309
GRIDFORMAT_END
 95
       32
302
GRIDFORMAT
  1
GRIDFORMAT_BEGIN
 90
        0
 91
        1
 62
     0
 92
       -2
340
0
 93
        0
 40
0.045
309
GRIDFORMAT_END
309
TABLEFORMAT_END
  1
CELLSTYLE_BEGIN
 90
        1
 91
        1
300
_TITLE
309
CELLSTYLE_END
300
CELLSTYLE
  1
TABLEFORMAT_BEGIN
 90
        5
170
     1
 91
        0
 92
        0
 62
   257
 93
        1
300
CONTENTFORMAT
  1
CONTENTFORMAT_BEGIN
 90
        0
 91
        0
 92
      512
 93
        0
300

 40
0.0
140
1.0
 94
        2
 62
     0
340
676
144
0.065
309
CONTENTFORMAT_END
171
     1
301
MARGIN
  1
CELLMARGIN_BEGIN
 40
0.05
 40
0.05
 40
0.05
 40
0.05
 40
0.18
 40
0.18
309
CELLMARGIN_END
 94
        6
 95
        1
302
GRIDFORMAT
  1
GRIDFORMAT_BEGIN
 90
        0
 91
        1
 62
     0
 92
       -2
340
0
 93
        0
 40
0.045
309
GRIDFORMAT_END
 95
        2
302
GRIDFORMAT
  1
GRIDFORMAT_BEGIN
 90
        0
 91
        1
 62
     0
 92
       -2
340
0
 93
        0
 40
0.045
309
GRIDFORMAT_END
 95
        4
302
GRIDFORMAT
  1
GRIDFORMAT_BEGIN
 90
        0
 91
        1
 62
     0
 92
       -2
340
0
 93
        0
 40
0.045
309
GRIDFORMAT_END
 95
        8
302
GRIDFORMAT
  1
GRIDFORMAT_BEGIN
 90
        0
 91
        1
 62
     0
 92
       -2
340
0
 93
        0
 40
0.045
309
GRIDFORMAT_END
 95
       16
302
GRIDFORMAT
  1
GRIDFORMAT_BEGIN
 90
        0
 91
        1
 62
     0
 92
       -2
340
0
 93
        0
 40
0.045
309
GRIDFORMAT_END
 95
       32
302
GRIDFORMAT
  1
GRIDFORMAT_BEGIN
 90
        0
 91
        1
 62
     0
 92
       -2
340
0
 93
        0
 40
0.045
309
GRIDFORMAT_END
309
TABLEFORMAT_END
  1
CELLSTYLE_BEGIN
 90
        2
 91
        1
300
_HEADER
309
CELLSTYLE_END
300
CELLSTYLE
  1
TABLEFORMAT_BEGIN
 90
        5
170
     1
 91
        0
 92
        0
 62
   257
 93
        1
300
CONTENTFORMAT
  1
CONTENTFORMAT_BEGIN
 90
        0
 91
        0
 92
      512
 93
        0
300

 40
0.0
140
1.0
 94
        7
 62
     0
340
676
144
0.065
309
CONTENTFORMAT_END
171
     1
301
MARGIN
  1
CELLMARGIN_BEGIN
 40
0.05
 40
0.05
 40
0.05
 40
0.05
 40
0.18
 40
0.18
309
CELLMARGIN_END
 94
        6
 95
        1
302
GRIDFORMAT
  1
GRIDFORMAT_BEGIN
 90
        0
 91
        1
 62
     0
 92
       -2
340
0
 93
        0
 40
0.045
309
GRIDFORMAT_END
 95
        2
302
GRIDFORMAT
  1
GRIDFORMAT_BEGIN
 90
        0
 91
        1
 62
     0
 92
       -2
340
0
 93
        0
 40
0.045
309
GRIDFORMAT_END
 95
        4
302
GRIDFORMAT
  1
GRIDFORMAT_BEGIN
 90
        0
 91
        1
 62
     0
 92
       -2
340
0
 93
        0
 40
0.045
309
GRIDFORMAT_END
 95
        8
302
GRIDFORMAT
  1
GRIDFORMAT_BEGIN
 90
        0
 91
        1
 62
     0
 92
       -2
340
0
 93
        0
 40
0.045
309
GRIDFORMAT_END
 95
       16
302
GRIDFORMAT
  1
GRIDFORMAT_BEGIN
 90
        0
 91
        1
 62
     0
 92
       -2
340
0
 93
        0
 40
0.045
309
GRIDFORMAT_END
 95
       32
302
GRIDFORMAT
  1
GRIDFORMAT_BEGIN
 90
        0
 91
        1
 62
     0
 92
       -2
340
0
 93
        0
 40
0.045
309
GRIDFORMAT_END
309
TABLEFORMAT_END
  1
CELLSTYLE_BEGIN
 90
        3
 91
        2
300
_DATA
309
CELLSTYLE_END
  0
CELLSTYLEMAP
  5
C95
102
{ACAD_REACTORS
330
104
102
}
330
104
100
AcDbCellStyleMap
 90
        3
300
CELLSTYLE
  1
TABLEFORMAT_BEGIN
 90
        5
170
     1
 91
        0
 92
    32768
 62
   257
 93
        1
300
CONTENTFORMAT
  1
CONTENTFORMAT_BEGIN
 90
        0
 91
        0
 92
      512
 93
        0
300

 40
0.0
140
1.0
 94
        5
 62
     0
340
11
144
0.25
309
CONTENTFORMAT_END
171
     1
301
MARGIN
  1
CELLMARGIN_BEGIN
 40
0.06
 40
0.06
 40
0.06
 40
0.06
 40
0.18
 40
0.18
309
CELLMARGIN_END
 94
        6
 95
        1
302
GRIDFORMAT
  1
GRIDFORMAT_BEGIN
 90
        0
 91
        1
 62
     0
 92
       -2
340
0
 93
        0
 40
0.045
309
GRIDFORMAT_END
 95
        2
302
GRIDFORMAT
  1
GRIDFORMAT_BEGIN
 90
        0
 91
        1
 62
     0
 92
       -2
340
0
 93
        0
 40
0.045
309
GRIDFORMAT_END
 95
        4
302
GRIDFORMAT
  1
GRIDFORMAT_BEGIN
 90
        0
 91
        1
 62
     0
 92
       -2
340
0
 93
        0
 40
0.045
309
GRIDFORMAT_END
 95
        8
302
GRIDFORMAT
  1
GRIDFORMAT_BEGIN
 90
        0
 91
        1
 62
     0
 92
       -2
340
0
 93
        0
 40
0.045
309
GRIDFORMAT_END
 95
       16
302
GRIDFORMAT
  1
GRIDFORMAT_BEGIN
 90
        0
 91
        1
 62
     0
 92
       -2
340
0
 93
        0
 40
0.045
309
GRIDFORMAT_END
 95
       32
302
GRIDFORMAT
  1
GRIDFORMAT_BEGIN
 90
        0
 91
        1
 62
     0
 92
       -2
340
0
 93
        0
 40
0.045
309
GRIDFORMAT_END
309
TABLEFORMAT_END
  1
CELLSTYLE_BEGIN
 90
        1
 91
        1
300
_TITLE
309
CELLSTYLE_END
300
CELLSTYLE
  1
TABLEFORMAT_BEGIN
 90
        5
170
     1
 91
        0
 92
        0
 62
   257
 93
        1
300
CONTENTFORMAT
  1
CONTENTFORMAT_BEGIN
 90
        0
 91
        0
 92
      512
 93
        0
300

 40
0.0
140
1.0
 94
        5
 62
     0
340
11
144
0.18
309
CONTENTFORMAT_END
171
     1
301
MARGIN
  1
CELLMARGIN_BEGIN
 40
0.06
 40
0.06
 40
0.06
 40
0.06
 40
0.18
 40
0.18
309
CELLMARGIN_END
 94
        6
 95
        1
302
GRIDFORMAT
  1
GRIDFORMAT_BEGIN
 90
        0
 91
        1
 62
     0
 92
       -2
340
0
 93
        0
 40
0.045
309
GRIDFORMAT_END
 95
        2
302
GRIDFORMAT
  1
GRIDFORMAT_BEGIN
 90
        0
 91
        1
 62
     0
 92
       -2
340
0
 93
        0
 40
0.045
309
GRIDFORMAT_END
 95
        4
302
GRIDFORMAT
  1
GRIDFORMAT_BEGIN
 90
        0
 91
        1
 62
     0
 92
       -2
340
0
 93
        0
 40
0.045
309
GRIDFORMAT_END
 95
        8
302
GRIDFORMAT
  1
GRIDFORMAT_BEGIN
 90
        0
 91
        1
 62
     0
 92
       -2
340
0
 93
        0
 40
0.045
309
GRIDFORMAT_END
 95
       16
302
GRIDFORMAT
  1
GRIDFORMAT_BEGIN
 90
        0
 91
        1
 62
     0
 92
       -2
340
0
 93
        0
 40
0.045
309
GRIDFORMAT_END
 95
       32
302
GRIDFORMAT
  1
GRIDFORMAT_BEGIN
 90
        0
 91
        1
 62
     0
 92
       -2
340
0
 93
        0
 40
0.045
309
GRIDFORMAT_END
309
TABLEFORMAT_END
  1
CELLSTYLE_BEGIN
 90
        2
 91
        1
300
_HEADER
309
CELLSTYLE_END
300
CELLSTYLE
  1
TABLEFORMAT_BEGIN
 90
        5
170
     1
 91
        0
 92
        0
 62
   257
 93
        1
300
CONTENTFORMAT
  1
CONTENTFORMAT_BEGIN
 90
        0
 91
        0
 92
      512
 93
        0
300

 40
0.0
140
1.0
 94
        2
 62
     0
340
11
144
0.18
309
CONTENTFORMAT_END
171
     1
301
MARGIN
  1
CELLMARGIN_BEGIN
 40
0.06
 40
0.06
 40
0.06
 40
0.06
 40
0.18
 40
0.18
309
CELLMARGIN_END
 94
        6
 95
        1
302
GRIDFORMAT
  1
GRIDFORMAT_BEGIN
 90
        0
 91
        1
 62
     0
 92
       -2
340
0
 93
        0
 40
0.045
309
GRIDFORMAT_END
 95
        2
302
GRIDFORMAT
  1
GRIDFORMAT_BEGIN
 90
        0
 91
        1
 62
     0
 92
       -2
340
0
 93
        0
 40
0.045
309
GRIDFORMAT_END
 95
        4
302
GRIDFORMAT
  1
GRIDFORMAT_BEGIN
 90
        0
 91
        1
 62
     0
 92
       -2
340
0
 93
        0
 40
0.045
309
GRIDFORMAT_END
 95
        8
302
GRIDFORMAT
  1
GRIDFORMAT_BEGIN
 90
        0
 91
        1
 62
     0
 92
       -2
340
0
 93
        0
 40
0.045
309
GRIDFORMAT_END
 95
       16
302
GRIDFORMAT
  1
GRIDFORMAT_BEGIN
 90
        0
 91
        1
 62
     0
 92
       -2
340
0
 93
        0
 40
0.045
309
GRIDFORMAT_END
 95
       32
302
GRIDFORMAT
  1
GRIDFORMAT_BEGIN
 90
        0
 91
        1
 62
     0
 92
       -2
340
0
 93
        0
 40
0.045
309
GRIDFORMAT_END
309
TABLEFORMAT_END
  1
CELLSTYLE_BEGIN
 90
        3
 91
        2
300
_DATA
309
CELLSTYLE_END
  0
ACDBASSOCARRAYACTIONBODY
  5
3D3
330
3D2
100
AcDbAssocActionBody
 90
        2
100
AcDbAssocArrayActionBody
 90
        1
  1
AcDbAssocArrayRectangularParameters
 90
        0
 90
        5
  1
AcDbAssocArrayItem
100
AcDbAssocArrayItem
 90
        0
 90
        0
 90
        0
 90
        0
 90
        8
 11
0.0
 21
0.0
 31
0.0
330
3DB
100
AcDbAssocArrayItem
 90
        0
 90
        0
 90
        1
 90
        0
 90
        8
 11
0.0000000000000002
 21
3.033406707124584
 31
0.0
330
3DC
100
AcDbAssocArrayItem
 90
        0
 90
        0
 90
        2
 90
        0
 90
        8
 11
0.0000000000000004
 21
6.066813414249168
 31
0.0
330
3DD
100
AcDbAssocArrayItem
 90
        0
 90
        0
 90
        3
 90
        0
 90
        8
 11
0.0000000000000006
 21
9.100220121373752
 31
0.0
330
3DE
100
AcDbAssocArrayItem
 90
        0
 90
        0
 90
        4
 90
        0
 90
        8
 11
0.0000000000000007
 21
12.13362682849833
 31
0.0
330
3DF
 40
1.0
 40
0.0
 40
0.0
 40
47.40860467879003
 40
0.0
 40
1.0
 40
0.0
 40
21.2386812589032
 40
0.0
 40
0.0
 40
1.0
 40
0.0
 40
0.0
 40
0.0
 40
0.0
 40
1.0
  0
ACDBASSOCDEPENDENCY
  5
3D6
330
3D2
100
AcDbAssocDependency
 90
        2
 90
        0
290
     0
290
     1
290
     1
290
     1
 90
        0
330
3C8
290
     0
330
0
330
0
360
0
 90
        1
  0
ACDBASSOCDEPENDENCY
  5
3D7
330
3D2
100
AcDbAssocDependency
 90
        2
 90
        0
290
     1
290
     0
290
     1
290
     1
 90
        0
330
3C5
290
     0
330
0
330
0
360
0
 90
        2
  0
ACDBASSOCDEPENDENCY
  5
3D8
330
3D2
100
AcDbAssocDependency
 90
        2
 90
        0
290
     1
290
     1
290
     1
290
     1
 90
-2147483648
330
3CB
290
     0
330
0
330
0
360
0
 90
        3
  0
ACDBASSOCVERTEXACTIONPARAM
  5
3D4
330
3D2
100
AcDbAssocActionParam
 90
        1
 90
        0
  1
BaseNormal
100
AcDbAssocSingleDependencyActionParam
 90
        0
330
0
100
AcDbAssocVertexActionParam
 90
        0
 10
0.0
 20
0.0
 30
1.0
  0
ACDBASSOCVERTEXACTIONPARAM
  5
3D5
330
3D2
100
AcDbAssocActionParam
 90
        1
 90
        0
  1
Origin
100
AcDbAssocSingleDependencyActionParam
 90
        0
330
0
100
AcDbAssocVertexActionParam
 90
        0
 10
0.0
 20
0.0
 30
0.0
  0
ACDBASSOCVERTEXACTIONPARAM
  5
3D9
330
3D2
100
AcDbAssocActionParam
 90
        1
 90
        0
  1
basePoint
100
AcDbAssocSingleDependencyActionParam
 90
        0
330
0
100
AcDbAssocVertexActionParam
 90
        0
 10
0.0
 20
0.0
 30
0.0
  0
ACDBASSOCARRAYACTIONBODY
  5
400
330
3FF
100
AcDbAssocActionBody
 90
        2
100
AcDbAssocArrayActionBody
 90
        1
  1
AcDbAssocArrayRectangularParameters
 90
        0
 90
        5
  1
AcDbAssocArrayItem
100
AcDbAssocArrayItem
 90
        0
 90
        0
 90
        0
 90
        0
 90
        8
 11
0.0
 21
0.0
 31
0.0
330
3F9
100
AcDbAssocArrayItem
 90
        0
 90
        0
 90
        1
 90
        0
 90
        8
 11
0.0000000000000002
 21
3.033406707124584
 31
0.0
330
3FA
100
AcDbAssocArrayItem
 90
        0
 90
        0
 90
        2
 90
        0
 90
        8
 11
0.0000000000000004
 21
6.066813414249168
 31
0.0
330
3FB
100
AcDbAssocArrayItem
 90
        0
 90
        0
 90
        3
 90
        0
 90
        8
 11
0.0000000000000006
 21
9.100220121373752
 31
0.0
330
3FC
100
AcDbAssocArrayItem
 90
        0
 90
        0
 90
        4
 90
        0
 90
        8
 11
0.0000000000000007
 21
12.13362682849833
 31
0.0
330
3FD
 40
1.0
 40
0.0
 40
0.0
 40
64.92872549341183
 40
0.0
 40
1.0
 40
0.0
 40
68.71280323277088
 40
0.0
 40
0.0
 40
1.0
 40
0.0
 40
0.0
 40
0.0
 40
0.0
 40
1.0
  0
ACDBASSOCDEPENDENCY
  5
401
330
3FF
100
AcDbAssocDependency
 90
        2
 90
        0
290
     0
290
     1
290
     1
290
     1
 90
        0
330
3F7
290
     0
330
0
330
0
360
0
 90
        1
  0
ACDBASSOCDEPENDENCY
  5
402
330
3FF
100
AcDbAssocDependency
 90
        2
 90
        0
290
     1
290
     0
290
     1
290
     1
 90
        0
330
3F1
290
     0
330
0
330
0
360
0
 90
        2
  0
ACDBASSOCDEPENDENCY
  5
403
330
3FF
100
AcDbAssocDependency
 90
        2
 90
        0
290
     1
290
     1
290
     1
290
     1
 90
-2147483648
330
3EF
290
     0
330
0
330
0
360
0
 90
        3
  0
ACDBASSOCVERTEXACTIONPARAM
  5
404
330
3FF
100
AcDbAssocActionParam
 90
        1
 90
        0
  1
BaseNormal
100
AcDbAssocSingleDependencyActionParam
 90
        0
330
0
100
AcDbAssocVertexActionParam
 90
        0
 10
0.0
 20
0.0
 30
1.0
  0
ACDBASSOCVERTEXACTIONPARAM
  5
405
330
3FF
100
AcDbAssocActionParam
 90
        1
 90
        0
  1
Origin
100
AcDbAssocSingleDependencyActionParam
 90
        0
330
0
100
AcDbAssocVertexActionParam
 90
        0
 10
0.0
 20
0.0
 30
0.0
  0
ACDBASSOCVERTEXACTIONPARAM
  5
406
330
3FF
100
AcDbAssocActionParam
 90
        1
 90
        0
  1
basePoint
100
AcDbAssocSingleDependencyActionParam
 90
        0
330
0
100
AcDbAssocVertexActionParam
 90
        0
 10
0.0
 20
0.0
 30
0.0
  0
ACDBASSOCARRAYACTIONBODY
  5
415
330
414
100
AcDbAssocActionBody
 90
        2
100
AcDbAssocArrayActionBody
 90
        1
  1
AcDbAssocArrayRectangularParameters
 90
        0
 90
        4
  1
AcDbAssocArrayItem
100
AcDbAssocArrayItem
 90
        0
 90
        0
 90
        0
 90
        0
 90
        8
 11
0.0
 21
0.0
 31
0.0
330
41D
100
AcDbAssocArrayItem
 90
        0
 90
        0
 90
        1
 90
        0
 90
        8
 11
0.0
 21
0.5
 31
0.0
330
41E
100
AcDbAssocArrayItem
 90
        0
 90
        0
 90
        2
 90
        0
 90
        8
 11
0.0000000000000001
 21
1.0
 31
0.0
330
41F
100
AcDbAssocArrayItem
 90
        0
 90
        0
 90
        3
 90
        0
 90
        8
 11
0.0000000000000001
 21
1.5
 31
0.0
330
420
 40
1.0
 40
0.0
 40
0.0
 40
46.49455281878521
 40
0.0
 40
1.0
 40
0.0
 40
14.61928030182235
 40
0.0
 40
0.0
 40
1.0
 40
0.0
 40
0.0
 40
0.0
 40
0.0
 40
1.0
  0
ACDBASSOCDEPENDENCY
  5
418
330
414
100
AcDbAssocDependency
 90
        2
 90
        0
290
     0
290
     1
290
     1
290
     1
 90
        0
330
40E
290
     0
330
0
330
0
360
0
 90
        1
  0
ACDBASSOCDEPENDENCY
  5
419
330
414
100
AcDbAssocDependency
 90
        2
 90
        0
290
     1
290
     0
290
     1
290
     1
 90
        0
330
40B
290
     0
330
0
330
0
360
0
 90
        2
  0
ACDBASSOCDEPENDENCY
  5
41A
330
414
100
AcDbAssocDependency
 90
        2
 90
        0
290
     1
290
     1
290
     1
290
     1
 90
-2147483648
330
411
290
     0
330
0
330
0
360
0
 90
        3
  0
ACDBASSOCVERTEXACTIONPARAM
  5
416
330
414
100
AcDbAssocActionParam
 90
        1
 90
        0
  1
BaseNormal
100
AcDbAssocSingleDependencyActionParam
 90
        0
330
0
100
AcDbAssocVertexActionParam
 90
        0
 10
0.0
 20
0.0
 30
1.0
  0
ACDBASSOCVERTEXACTIONPARAM
  5
417
330
414
100
AcDbAssocActionParam
 90
        1
 90
        0
  1
Origin
100
AcDbAssocSingleDependencyActionParam
 90
        0
330
0
100
AcDbAssocVertexActionParam
 90
        0
 10
0.0
 20
0.0
 30
0.0
  0
ACDBASSOCVERTEXACTIONPARAM
  5
41B
330
414
100
AcDbAssocActionParam
 90
        1
 90
        0
  1
basePoint
100
AcDbAssocSingleDependencyActionParam
 90
        0
330
0
100
AcDbAssocVertexActionParam
 90
        0
 10
0.0
 20
0.0
 30
0.0
  0
ACDBASSOCARRAYACTIONBODY
  5
C2C
330
C2B
100
AcDbAssocActionBody
 90
        2
100
AcDbAssocArrayActionBody
 90
        1
  1
AcDbAssocArrayRectangularParameters
 90
        0
 90
        8
  1
AcDbAssocArrayItem
100
AcDbAssocArrayItem
 90
        0
 90
        0
 90
        0
 90
        0
 90
        8
 11
0.0
 21
0.0
 31
0.0
330
C22
100
AcDbAssocArrayItem
 90
        0
 90
        1
 90
        0
 90
        0
 90
        8
 11
0.6
 21
0.0
 31
0.0
330
C23
100
AcDbAssocArrayItem
 90
        0
 90
        2
 90
        0
 90
        0
 90
        8
 11
1.199999999999999
 21
0.0
 31
0.0
330
C24
100
AcDbAssocArrayItem
 90
        0
 90
        3
 90
        0
 90
        0
 90
        8
 11
1.799999999999999
 21
0.0
 31
0.0
330
C25
100
AcDbAssocArrayItem
 90
        0
 90
        4
 90
        0
 90
        0
 90
        8
 11
2.399999999999999
 21
0.0
 31
0.0
330
C26
100
AcDbAssocArrayItem
 90
        0
 90
        5
 90
        0
 90
        0
 90
        8
 11
3.0
 21
0.0
 31
0.0
330
C27
100
AcDbAssocArrayItem
 90
        0
 90
        6
 90
        0
 90
        0
 90
        8
 11
3.599999999999999
 21
0.0
 31
0.0
330
C28
100
AcDbAssocArrayItem
 90
        0
 90
        7
 90
        0
 90
        0
 90
        8
 11
4.2
 21
0.0
 31
0.0
330
C29
 40
1.0
 40
0.0
 40
0.0
 40
-2.07420721380754
 40
0.0
 40
1.0
 40
0.0
 40
-0.2036731529694151
 40
0.0
 40
0.0
 40
1.0
 40
0.0
 40
0.0
 40
0.0
 40
0.0
 40
1.0
  0
ACDBASSOCDEPENDENCY
  5
C2D
330
C2B
100
AcDbAssocDependency
 90
        2
 90
        0
290
     0
290
     1
290
     1
290
     1
 90
        0
330
C20
290
     0
330
0
330
0
360
0
 90
        1
  0
ACDBASSOCDEPENDENCY
  5
C2E
330
C2B
100
AcDbAssocDependency
 90
        2
 90
        0
290
     1
290
     0
290
     1
290
     1
 90
        0
330
C1A
290
     0
330
0
330
0
360
0
 90
        2
  0
ACDBASSOCDEPENDENCY
  5
C2F
330
C2B
100
AcDbAssocDependency
 90
        2
 90
        0
290
     1
290
     1
290
     1
290
     1
 90
-2147483648
330
C11
290
     0
330
0
330
0
360
0
 90
        3
  0
ACDBASSOCVERTEXACTIONPARAM
  5
C30
330
C2B
100
AcDbAssocActionParam
 90
        1
 90
        0
  1
BaseNormal
100
AcDbAssocSingleDependencyActionParam
 90
        0
330
0
100
AcDbAssocVertexActionParam
 90
        0
 10
0.0
 20
0.0
 30
1.0
  0
ACDBASSOCVERTEXACTIONPARAM
  5
C31
330
C2B
100
AcDbAssocActionParam
 90
        1
 90
        0
  1
Origin
100
AcDbAssocSingleDependencyActionParam
 90
        0
330
0
100
AcDbAssocVertexActionParam
 90
        0
 10
0.0
 20
0.0
 30
0.0
  0
ACDBASSOCVERTEXACTIONPARAM
  5
C32
330
C2B
100
AcDbAssocActionParam
 90
        1
 90
        0
  1
basePoint
100
AcDbAssocSingleDependencyActionParam
 90
        0
330
0
100
AcDbAssocVertexActionParam
 90
        0
 10
0.0
 20
0.0
 30
0.0
  0
ENDSEC
  0
SECTION
  2
ACDSDATA
 70
     2
 71
     8
  0
ACDSSCHEMA
 90
        0
  1
AcDb_Thumbnail_Schema
  2
AcDbDs::ID
280
    10
 91
        8
  2
Thumbnail_Data
280
    15
 91
        0
101
ACDSRECORD
 95
        0
 90
        1
  2
AcDbDs::TreatedAsObjectData
280
     1
291
     1
101
ACDSRECORD
 95
        0
 90
        2
  2
AcDbDs::Legacy
280
     1
291
     1
101
ACDSRECORD
  1
AcDbDs::ID
 90
        3
  2
AcDs:Indexable
280
     1
291
     1
101
ACDSRECORD
  1
AcDbDs::ID
 90
        4
  2
AcDbDs::HandleAttribute
280
     7
282
     1
  0
ACDSSCHEMA
 90
        1
  1
AcDbDs::TreatedAsObjectDataSchema
  2
AcDbDs::TreatedAsObjectData
280
     1
 91
        0
  0
ACDSSCHEMA
 90
        2
  1
AcDbDs::LegacySchema
  2
AcDbDs::Legacy
280
     1
 91
        0
  0
ACDSSCHEMA
 90
        3
  1
AcDbDs::IndexedPropertySchema
  2
AcDs:Indexable
280
     1
 91
        0
  0
ACDSSCHEMA
 90
        4
  1
AcDbDs::HandleAttributeSchema
  2
AcDbDs::HandleAttribute
280
     7
 91
        1
284
     1
  0
ACDSRECORD
 90
        0
  2
AcDbDs::ID
280
    10
320
59
  2
Thumbnail_Data
280
    15
 94
     1894
310
89504E470D0A1A0A0000000D4948445200000100000000A50803000000840AD3BD00000300504C5445FFFFFFFFFFFFFFFFFF0000000000000000000000000000000000000000000000000000330000660000990000CC0000FF0033000033330033660033990033CC0033FF0066000066330066660066990066CC0066FF0099
310
000099330099660099990099CC0099FF00CC0000CC3300CC6600CC9900CCCC00CCFF00FF0000FF3300FF6600FF9900FFCC00FFFF3300003300333300663300993300CC3300FF3333003333333333663333993333CC3333FF3366003366333366663366993366CC3366FF3399003399333399663399993399CC3399FF33CC00
310
33CC3333CC6633CC9933CCCC33CCFF33FF0033FF3333FF6633FF9933FFCC33FFFF6600006600336600666600996600CC6600FF6633006633336633666633996633CC6633FF6666006666336666666666996666CC6666FF6699006699336699666699996699CC6699FF66CC0066CC3366CC6666CC9966CCCC66CCFF66FF0066
310
FF3366FF6666FF9966FFCC66FFFF9900009900339900669900999900CC9900FF9933009933339933669933999933CC9933FF9966009966339966669966999966CC9966FF9999009999339999669999999999CC9999FF99CC0099CC3399CC6699CC9999CCCC99CCFF99FF0099FF3399FF6699FF9999FFCC99FFFFCC0000CC00
310
33CC0066CC0099CC00CCCC00FFCC3300CC3333CC3366CC3399CC33CCCC33FFCC6600CC6633CC6666CC6699CC66CCCC66FFCC9900CC9933CC9966CC9999CC99CCCC99FFCCCC00CCCC33CCCC66CCCC99CCCCCCCCCCFFCCFF00CCFF33CCFF66CCFF99CCFFCCCCFFFFFF0000FF0033FF0066FF0099FF00CCFF00FFFF3300FF3333
310
FF3366FF3399FF33CCFF33FFFF6600FF6633FF6666FF6699FF66CCFF66FFFF9900FF9933FF9966FF9999FF99CCFF99FFFFCC00FFCC33FFCC66FFCC99FFCCCCFFCCFFFFFF00FFFF33FFFF66FFFF99FFFFCCFFFFFF0000000D0D0D1A1A1A2828283535354343435050505D5D5D6B6B6B787878868686939393A1A1A1AEAEAEBB
310
BBBBC9C9C9D6D6D6E4E4E4F1F1F1FFFFFF000000000000000000000000000000000000000000000000000000000000AD4AB4E4000003F84944415478DAED9DDB9AAB200C8579FFC75CD7F31033DFB416500E5693989078C9A676FC9BAC1C4076FA717EA59FE4F8CA00E0EEDA03380D0D74B38427353E1100C6004E0F022766
310
9D998433DF079C040004807081AF00780A006D003E827F000800E200100002400008008E012000C035002823D001F0F737BAB180CFB30A015096678A03F8BF33F4984107801D0DB8D0FC5C2B0A60DC069A4E920640EE5B9B4561447B83FE3C0090DF38036859B93A0089014001E208409D0B3002B0A101F400CC458194BD12
310
DE2CE0A556C31F245CE0C2DD5089608515AFC08BFE332D0460A4106B0370EF0211062D8641E51600CE825D18002600BA7B84AC01E8AD7BA32840570D83E869C1F6AF9AC220B5770D00542EA000C05692D3B6446E6B801880DC9B70DA13C4AB77C3E002562C602B81DDBA4062D680B108EA01C015053A00A0260CA208573200
310
9054E501222ED0151E0F00948B20B834C04A1E003E0DE06888D02F8FE32117C0B41A14DA1FD000F04E8BC8A3804E00A905009400BAB1F70A009E28B0AB05A8004C5CE00540632244E502A73440631EF0DE2EE4A81C6601C01306655CC01780F7A36700346BC493280068EB0A6717A006D02C87F52D8E562E409017CF12A1B2
310
2652B82E00B2BBCD34C03D80B42C00963C406A7194E05B6E5BC0538BA35B4C6406201D06CBB55A310D3895078888E0BD233C48F38054259B7251001DBF2E07C9356007E0E92880D9A912CB86C19C7D8E07D19BBB4A393C3B6C64F94448158027AA417100BACAE1A6AB558318CFB51D061F0740550D5EE9577F3A3EBB48BF1F
310
CC8D31087485E72248BC30D27CA86A10E3B9E60148BBC0ED3C807C6548591E305D1A6309834D35C2F1C6CC000E41410640B32AA9F6EFB2E401ED30F8405778B3001C070FE2C203E0C85D04C0F64D5562D618C4A154E2CE049F7081FDC78B417200CA8AA1E6DBEC070BC8EB64AECB616848849E0500DF00F8C3E0D562C82C00
310
AA6A305A6204996057AC9DF40431378B00B0E6EAB02C001A80862D80C4851852E17D31088CE6AE01A03EA8BBDC06D0AC0DDE254158C072007C6B80FC06098516A0E6C7D50040D1D9996101C200F4FFF68CD5A07D00B7CEBAFB34C26D00C8CF4A0900AE01D8D2802600824C90F3706E13A9B0E728904C69405800310078D780
310
F2AD40E7161000BC8B600A006EAB41840B0400DF2EE05E041574BB6F7784EEAC0E5BEB08F1BC3BEC58040340190C02806717700D0001C0B3081ACA834203220A040066005AB6C37D5B0C110050B4136AA655C400AAD7A6B62304B59A0007005B1A40BF3C1E2218000240BE89E78D92EA23206F31142E100002807700D10F70
310
0E200500EB009C5C5D00848E0E85931A9F9800383DD8FA2FCFAE4CEABEEB3D9B85AFB1048000101A908E5B643C5D3B004EAF7F00CEAF5FA894F0F4578180320000000049454E44AE4260829200C203A0E81A700210F02800443D5E00821FFF00640671E7BC1937480000000049454E44AE426082
  0
ACDSRECORD
 90
        0
  2
AcDbDs::ID
280
    10
320
5E
  2
Thumbnail_Data
280
    15
 94
     1671
310
89504E470D0A1A0A0000000D4948445200000100000000C508030000008CFEDCE700000300504C5445FFFFFFFFFFFFFFFFFF0000000000000000000000000000000000000000000000000000330000660000990000CC0000FF0033000033330033660033990033CC0033FF0066000066330066660066990066CC0066FF0099
310
000099330099660099990099CC0099FF00CC0000CC3300CC6600CC9900CCCC00CCFF00FF0000FF3300FF6600FF9900FFCC00FFFF3300003300333300663300993300CC3300FF3333003333333333663333993333CC3333FF3366003366333366663366993366CC3366FF3399003399333399663399993399CC3399FF33CC00
310
33CC3333CC6633CC9933CCCC33CCFF33FF0033FF3333FF6633FF9933FFCC33FFFF6600006600336600666600996600CC6600FF6633006633336633666633996633CC6633FF6666006666336666666666996666CC6666FF6699006699336699666699996699CC6699FF66CC0066CC3366CC6666CC9966CCCC66CCFF66FF0066
310
FF3366FF6666FF9966FFCC66FFFF9900009900339900669900999900CC9900FF9933009933339933669933999933CC9933FF9966009966339966669966999966CC9966FF9999009999339999669999999999CC9999FF99CC0099CC3399CC6699CC9999CCCC99CCFF99FF0099FF3399FF6699FF9999FFCC99FFFFCC0000CC00
310
33CC0066CC0099CC00CCCC00FFCC3300CC3333CC3366CC3399CC33CCCC33FFCC6600CC6633CC6666CC6699CC66CCCC66FFCC9900CC9933CC9966CC9999CC99CCCC99FFCCCC00CCCC33CCCC66CCCC99CCCCCCCCCCFFCCFF00CCFF33CCFF66CCFF99CCFFCCCCFFFFFF0000FF0033FF0066FF0099FF00CCFF00FFFF3300FF3333
310
FF3366FF3399FF33CCFF33FFFF6600FF6633FF6666FF6699FF66CCFF66FFFF9900FF9933FF9966FF9999FF99CCFF99FFFFCC00FFCC33FFCC66FFCC99FFCCCCFFCCFFFFFF00FFFF33FFFF66FFFF99FFFFCCFFFFFF0000000D0D0D1A1A1A2828283535354343435050505D5D5D6B6B6B787878868686939393A1A1A1AEAEAEBB
310
BBBBC9C9C9D6D6D6E4E4E4F1F1F1FFFFFF000000000000000000000000000000000000000000000000000000000000AD4AB4E4000003424944415478DAED9D516EE3300C4479FF63CE770FB1BB4DEDDAAE8C0D508BA2344F1F4121040AF04CCE8832EDC687F908E7010000000000DBDFFA3B9C3E2F00E476ED050000000017
310
000029000000000011040029000000000017B80335FDF8A50B283B28B3561500000080B744301180F2B102A0500A281740390D502702F388A07B047CFDD4E314E671817F39107A3C0EA67101BD08E002BE2E20EFADB0A805A80534605500D44B81571B939B067C3AC0DB077988200070015C605D1740030000005C0017B074
310
0149994762853440DF55902980D81E647106A0D10062248011291000289402EE22A8ED40C85604AD23404500841B8028046088060429500FC0B71E3E78B3744A1750C80BC0B516180160E456F8870866A440E95A40F15CC3D094B580D41F40E95AC010C049041FBD493E57ABACE244C0C4058E81901701510EC0E1A79E6C13
310
99F5EEB0BAAC5A5A0300A08B22BA02D84CD1E544685404A4BA40A7077F677201DD2D251F116C5ECFE3E4AA22B8C7B25AB357008D7922601517A8A5010180E414D05D0AA8C5E2B97EA1321AE00B603BF0390BFB7E0C146AB88042B11C00B501A80120060008B714C005F2CB61F75AE05510A9B5FE6B767D00AD22F730691301
310
67005F11301C403F11FCAEEF8E25E1E176D0FECCE87F3D63761750A30BE6901463016495C3BA9FD4FDB6691D0D78D70601E00E602517E044885AE0B2E9BBD91ECA6227F863C5FE27510000403117280220DF05F616A8D6E4DD97577081EBDD3E9D67EFBEBD9E06B423204645002208805411ACDF22936083DD569CA51638AE
310
D8E97511B535A056040C039077EDEBED037687AF0820612BDCF5552133D4025D5F1532810BF47D4478060D0040290D180440D62E502A05D25D40C501C80D8000900FA0E7BB52668A80C0055C6B016F17602B0C0000942E861244F0A62BD8C605C2DD058E8160A901FD56040000A670818308560030CA055415801201C85903
310
CA44C0C8BBC3B880B50B546D914907D0EA1AB4A805A24327D82C1A707A706EBF4D6804805A0017C005824ED1E3BF1736D580C79F8F9E07804E6F8FC60570015CC0D305380F980BC0F4E39700961DEFBAC0E20300A40000000000441000A4000000800BE002B8001AE00D60EB65B7F944030000000000E013C087F9B007F007
310
ECD66F9AADEFD1730000000049454E44AE426082
  0
ACDSRECORD
 90
        0
  2
AcDbDs::ID
280
    10
320
22
  2
Thumbnail_Data
280
    15
 94
     1428
310
89504E470D0A1A0A0000000D49484452000001000000006C0803000000B2ED9CC100000300504C5445212830FFFFFF2128300000000000000000000000000000000000000000000000000000330000660000990000CC0000FF0033000033330033660033990033CC0033FF0066000066330066660066990066CC0066FF0099
310
000099330099660099990099CC0099FF00CC0000CC3300CC6600CC9900CCCC00CCFF00FF0000FF3300FF6600FF9900FFCC00FFFF3300003300333300663300993300CC3300FF3333003333333333663333993333CC3333FF3366003366333366663366993366CC3366FF3399003399333399663399993399CC3399FF33CC00
310
33CC3333CC6633CC9933CCCC33CCFF33FF0033FF3333FF6633FF9933FFCC33FFFF6600006600336600666600996600CC6600FF6633006633336633666633996633CC6633FF6666006666336666666666996666CC6666FF6699006699336699666699996699CC6699FF66CC0066CC3366CC6666CC9966CCCC66CCFF66FF0066
310
FF3366FF6666FF9966FFCC66FFFF9900009900339900669900999900CC9900FF9933009933339933669933999933CC9933FF9966009966339966669966999966CC9966FF9999009999339999669999999999CC9999FF99CC0099CC3399CC6699CC9999CCCC99CCFF99FF0099FF3399FF6699FF9999FFCC99FFFFCC0000CC00
310
33CC0066CC0099CC00CCCC00FFCC3300CC3333CC3366CC3399CC33CCCC33FFCC6600CC6633CC6666CC6699CC66CCCC66FFCC9900CC9933CC9966CC9999CC99CCCC99FFCCCC00CCCC33CCCC66CCCC99CCCCCCCCCCFFCCFF00CCFF33CCFF66CCFF99CCFFCCCCFFFFFF0000FF0033FF0066FF0099FF00CCFF00FFFF3300FF3333
310
FF3366FF3399FF33CCFF33FFFF6600FF6633FF6666FF6699FF66CCFF66FFFF9900FF9933FF9966FF9999FF99CCFF99FFFFCC00FFCC33FFCC66FFCC99FFCCCCFFCCFFFFFF00FFFF33FFFF66FFFF99FFFFCCFFFFFF0000000D0D0D1A1A1A2828283535354343435050505D5D5D6B6B6B787878868686939393A1A1A1AEAEAEBB
310
BBBBC9C9C9D6D6D6E4E4E4F1F1F1FFFFFF0000000000000000000000000000000000000000000000000000000000002E4550F1000001DD4944415478DAED9CC16E03210C44FDFFFF3BF756D92E61B3069A36173C0F29D12A560E7E8C8D0D24111F1D3AC6F7433CDEDAE7C74B517DE8F920F5000EEF252700E10EC053014706
310
381E3200A7BDB0025A12EC00E8393C15E00320F21C00004300576F1F01E1E47F24559F93F30000C0DD5FAF04902AC01580DF125833049415BC3E49509F1C3B2B40BF9FF292CBA0265EBC4E6D9D1CD02B5713630A606CDFB2AFB9CF62CF660C60A59E8DAB1BB31C000000580398963137A3DEF8F23E55C01C402C00C4F60026
310
6B995E0F3FB5B06F580865003A630A60745CBC6D08CC14503F04DC9320750000000080D6146BE06033160530D9DA7BD9F7ABAE8051083463BA75B27725D80AC1EBB9F739E36DD76808A04E43A809A8A80CA05D001ADBAA2BE0EFCB200000403344290C0000146E0562750DA0980214EF3A08000000000000A8D10EE7CBFCA2
310
D22F71494A37055CB68BA65F56FD10D00A2421401204408D3EC8F2B2744941FF1F80E98F415000005C75DFCDBF3C452073005D5724590268E7E3CE00AC43C03D0902000041123407601D02020000FA9A18055802C8FF2E100500803AC00D8075296C0D8010000000AC019C7F9CEC9A045B2D6C0BC03D042E4AF006E07E3ACC
310
05090000C0DC7DF314E85E0679AF823FAD401002355CF9023CAEF3C33D2D4C120000000049454E44AE426082CFC366009C578015FEFED6D9CD30D80B2402146F38D8D96B33320EF0BF3200CAA3A22933EB1400E4BF3292D30F2E0240DD51D2D70B94970017805F01022003D07B013E800960750013800004B026C0155E1AD2
310
43520210800004705D801FE1401BBBAAB163E10000000049454E44AE426082
  0
ENDSEC
  0
EOF
