  0
SECTION
  2
HEADER
  9
$ACADVER
  1
AC1032
  9
$ACADMAINTVER
 90
      427
  9
$DWGCODEPAGE
  3
ANSI_1252
  9
$LASTSAVEDBY
  1
ACER
  9
$REQUIREDVERSIONS
160
                 0
  9
$INSBASE
 10
0.0
 20
0.0
 30
0.0
  9
$EXTMIN
 10
1208.597037921844
 20
1047.511427205927
 30
-0.2889532523822472
  9
$EXTMAX
 10
3245.657800327045
 20
2489.137505465454
 30
0.0290000376094844
  9
$LIMMIN
 10
0.0
 20
0.0
  9
$LIMMAX
 10
12.0
 20
9.0
  9
$ORTHOMODE
 70
     0
  9
$REGENMODE
 70
     1
  9
$FILLMODE
 70
     1
  9
$QTEXTMODE
 70
     0
  9
$MIRRTEXT
 70
     0
  9
$LTSCALE
 40
1.0
  9
$ATTMODE
 70
     1
  9
$TEXTSIZE
 40
0.2
  9
$TRACEWID
 40
0.05
  9
$TEXTSTYLE
  7
Standard
  9
$CLAYER
  8
0
  9
$CELTYPE
  6
ByLayer
  9
$CECOLOR
 62
     1
  9
$CELTSCALE
 40
1.0
  9
$DISPSILH
 70
     0
  9
$DIMSCALE
 40
1.0
  9
$DIMASZ
 40
0.18
  9
$DIMEXO
 40
0.0625
  9
$DIMDLI
 40
0.38
  9
$DIMRND
 40
0.0
  9
$DIMDLE
 40
0.0
  9
$DIMEXE
 40
0.18
  9
$DIMTP
 40
0.0
  9
$DIMTM
 40
0.0
  9
$DIMTXT
 40
0.18
  9
$DIMCEN
 40
0.09
  9
$DIMTSZ
 40
0.0
  9
$DIMTOL
 70
     0
  9
$DIMLIM
 70
     0
  9
$DIMTIH
 70
     1
  9
$DIMTOH
 70
     1
  9
$DIMSE1
 70
     0
  9
$DIMSE2
 70
     0
  9
$DIMTAD
 70
     0
  9
$DIMZIN
 70
     0
  9
$DIMBLK
  1

  9
$DIMASO
 70
     1
  9
$DIMSHO
 70
     1
  9
$DIMPOST
  1

  9
$DIMAPOST
  1

  9
$DIMALT
 70
     0
  9
$DIMALTD
 70
     2
  9
$DIMALTF
 40
25.4
  9
$DIMLFAC
 40
1.0
  9
$DIMTOFL
 70
     0
  9
$DIMTVP
 40
0.0
  9
$DIMTIX
 70
     0
  9
$DIMSOXD
 70
     0
  9
$DIMSAH
 70
     0
  9
$DIMBLK1
  1

  9
$DIMBLK2
  1

  9
$DIMSTYLE
  2
Standard
  9
$DIMCLRD
 70
     0
  9
$DIMCLRE
 70
     0
  9
$DIMCLRT
 70
     0
  9
$DIMTFAC
 40
1.0
  9
$DIMGAP
 40
0.09
  9
$DIMJUST
 70
     0
  9
$DIMSD1
 70
     0
  9
$DIMSD2
 70
     0
  9
$DIMTOLJ
 70
     1
  9
$DIMTZIN
 70
     0
  9
$DIMALTZ
 70
     0
  9
$DIMALTTZ
 70
     0
  9
$DIMUPT
 70
     0
  9
$DIMDEC
 70
     4
  9
$DIMTDEC
 70
     4
  9
$DIMALTU
 70
     2
  9
$DIMALTTD
 70
     2
  9
$DIMTXSTY
  7
Standard
  9
$DIMAUNIT
 70
     0
  9
$DIMADEC
 70
     0
  9
$DIMALTRND
 40
0.0
  9
$DIMAZIN
 70
     0
  9
$DIMDSEP
 70
    46
  9
$DIMATFIT
 70
     3
  9
$DIMFRAC
 70
     0
  9
$DIMLDRBLK
  1

  9
$DIMLUNIT
 70
     2
  9
$DIMLWD
 70
    -2
  9
$DIMLWE
 70
    -2
  9
$DIMTMOVE
 70
     0
  9
$DIMFXL
 40
1.0
  9
$DIMFXLON
 70
     0
  9
$DIMJOGANG
 40
0.7853981633974483
  9
$DIMTFILL
 70
     0
  9
$DIMTFILLCLR
 70
     0
  9
$DIMARCSYM
 70
     0
  9
$DIMLTYPE
  6

  9
$DIMLTEX1
  6

  9
$DIMLTEX2
  6

  9
$DIMTXTDIRECTION
 70
     0
  9
$LUNITS
 70
     2
  9
$LUPREC
 70
     4
  9
$SKETCHINC
 40
0.1
  9
$FILLETRAD
 40
0.0
  9
$AUNITS
 70
     0
  9
$AUPREC
 70
     0
  9
$MENU
  1
.
  9
$ELEVATION
 40
0.0
  9
$PELEVATION
 40
0.0
  9
$THICKNESS
 40
0.0
  9
$LIMCHECK
 70
     0
  9
$CHAMFERA
 40
0.0
  9
$CHAMFERB
 40
0.0
  9
$CHAMFERC
 40
0.0
  9
$CHAMFERD
 40
0.0
  9
$SKPOLY
 70
     0
  9
$TDCREATE
 40
2460976.952858796
  9
$TDUCREATE
 40
2460977.077858796
  9
$TDUPDATE
 40
2461037.446631944
  9
$TDUUPDATE
 40
2461037.571631945
  9
$TDINDWG
 40
0.1173495370
  9
$TDUSRTIMER
 40
0.1173495370
  9
$USRTIMER
 70
     1
  9
$ANGBASE
 50
0.0
  9
$ANGDIR
 70
     0
  9
$PDMODE
 70
     0
  9
$PDSIZE
 40
0.0
  9
$PLINEWID
 40
0.0
  9
$SPLFRAME
 70
     0
  9
$SPLINETYPE
 70
     6
  9
$SPLINESEGS
 70
     8
  9
$HANDSEED
  5
1980
  9
$SURFTAB1
 70
     6
  9
$SURFTAB2
 70
     6
  9
$SURFTYPE
 70
     6
  9
$SURFU
 70
     6
  9
$SURFV
 70
     6
  9
$UCSBASE
  2

  9
$UCSNAME
  2

  9
$UCSORG
 10
0.0
 20
0.0
 30
0.0
  9
$UCSXDIR
 10
1.0
 20
0.0
 30
0.0
  9
$UCSYDIR
 10
0.0
 20
1.0
 30
0.0
  9
$UCSORTHOREF
  2

  9
$UCSORTHOVIEW
 70
     0
  9
$UCSORGTOP
 10
0.0
 20
0.0
 30
0.0
  9
$UCSORGBOTTOM
 10
0.0
 20
0.0
 30
0.0
  9
$UCSORGLEFT
 10
0.0
 20
0.0
 30
0.0
  9
$UCSORGRIGHT
 10
0.0
 20
0.0
 30
0.0
  9
$UCSORGFRONT
 10
0.0
 20
0.0
 30
0.0
  9
$UCSORGBACK
 10
0.0
 20
0.0
 30
0.0
  9
$PUCSBASE
  2

  9
$PUCSNAME
  2

  9
$PUCSORG
 10
0.0
 20
0.0
 30
0.0
  9
$PUCSXDIR
 10
1.0
 20
0.0
 30
0.0
  9
$PUCSYDIR
 10
0.0
 20
1.0
 30
0.0
  9
$PUCSORTHOREF
  2

  9
$PUCSORTHOVIEW
 70
     0
  9
$PUCSORGTOP
 10
0.0
 20
0.0
 30
0.0
  9
$PUCSORGBOTTOM
 10
0.0
 20
0.0
 30
0.0
  9
$PUCSORGLEFT
 10
0.0
 20
0.0
 30
0.0
  9
$PUCSORGRIGHT
 10
0.0
 20
0.0
 30
0.0
  9
$PUCSORGFRONT
 10
0.0
 20
0.0
 30
0.0
  9
$PUCSORGBACK
 10
0.0
 20
0.0
 30
0.0
  9
$USERI1
 70
     0
  9
$USERI2
 70
     0
  9
$USERI3
 70
     0
  9
$USERI4
 70
     0
  9
$USERI5
 70
     0
  9
$USERR1
 40
0.0
  9
$USERR2
 40
0.0
  9
$USERR3
 40
0.0
  9
$USERR4
 40
0.0
  9
$USERR5
 40
0.0
  9
$WORLDVIEW
 70
     1
  9
$SHADEDGE
 70
     3
  9
$SHADEDIF
 70
    70
  9
$TILEMODE
 70
     1
  9
$MAXACTVP
 70
    64
  9
$PINSBASE
 10
0.0
 20
0.0
 30
0.0
  9
$PLIMCHECK
 70
     0
  9
$PEXTMIN
 10
-9.57565690317574
 20
-35.82733647326586
 30
0.0
  9
$PEXTMAX
 10
461.6342036905909
 20
297.5342538391259
 30
0.0
  9
$PLIMMIN
 10
-10.4461861974023
 20
-35.69378688640632
  9
$PLIMMAX
 10
462.7357191672944
 20
298.9134176214863
  9
$UNITMODE
 70
     0
  9
$VISRETAIN
 70
     1
  9
$PLINEGEN
 70
     0
  9
$PSLTSCALE
 70
     1
  9
$TREEDEPTH
 70
  3020
  9
$CMLSTYLE
  2
Standard
  9
$CMLJUST
 70
     0
  9
$CMLSCALE
 40
1.0
  9
$PROXYGRAPHICS
 70
     1
  9
$MEASUREMENT
 70
     0
  9
$CELWEIGHT
370
    -1
  9
$ENDCAPS
280
     0
  9
$JOINSTYLE
280
     0
  9
$LWDISPLAY
290
     0
  9
$INSUNITS
 70
     1
  9
$HYPERLINKBASE
  1

  9
$STYLESHEET
  1

  9
$XEDIT
290
     1
  9
$CEPSNTYPE
380
     0
  9
$PSTYLEMODE
290
     1
  9
$FINGERPRINTGUID
  2
{8D43D5D6-730B-6C4E-90DA-7D3D9D4D3B9A}
  9
$VERSIONGUID
  2
{856BC825-A7B4-9546-8988-700D9EDDBEF3}
  9
$EXTNAMES
290
     1
  9
$PSVPSCALE
 40
0.0
  9
$OLESTARTUP
290
     0
  9
$SORTENTS
280
   127
  9
$INDEXCTL
280
     0
  9
$HIDETEXT
280
     1
  9
$XCLIPFRAME
280
     2
  9
$HALOGAP
280
     0
  9
$OBSCOLOR
 70
   257
  9
$OBSLTYPE
280
     0
  9
$INTERSECTIONDISPLAY
280
     0
  9
$INTERSECTIONCOLOR
 70
   257
  9
$DIMASSOC
280
     2
  9
$PROJECTNAME
  1

  9
$CAMERADISPLAY
290
     0
  9
$LENSLENGTH
 40
50.0
  9
$CAMERAHEIGHT
 40
0.0
  9
$STEPSPERSEC
 40
2.0
  9
$STEPSIZE
 40
6.0
  9
$3DDWFPREC
 40
2.0
  9
$PSOLWIDTH
 40
0.25
  9
$PSOLHEIGHT
 40
4.0
  9
$LOFTANG1
 40
1.570796326794896
  9
$LOFTANG2
 40
1.570796326794896
  9
$LOFTMAG1
 40
0.0
  9
$LOFTMAG2
 40
0.0
  9
$LOFTPARAM
 70
     7
  9
$LOFTNORMALS
280
     1
  9
$LATITUDE
 40
37.795
  9
$LONGITUDE
 40
-122.394
  9
$NORTHDIRECTION
 40
0.0
  9
$TIMEZONE
 70
 -8000
  9
$LIGHTGLYPHDISPLAY
280
     1
  9
$TILEMODELIGHTSYNCH
280
     1
  9
$CMATERIAL
347
96
  9
$SOLIDHIST
280
     0
  9
$SHOWHIST
280
     1
  9
$DWFFRAME
280
     2
  9
$DGNFRAME
280
     0
  9
$REALWORLDSCALE
290
     1
  9
$INTERFERECOLOR
 62
     1
  9
$INTERFEREOBJVS
345
A3
  9
$INTERFEREVPVS
346
A0
  9
$CSHADOW
280
     0
  9
$SHADOWPLANELOCATION
 40
0.0
  0
ENDSEC
  0
SECTION
  2
CLASSES
  0
CLASS
  1
ACDBDICTIONARYWDFLT
  2
AcDbDictionaryWithDefault
  3
ObjectDBX Classes
 90
        0
 91
        1
280
     0
281
     0
  0
CLASS
  1
ACDBPLACEHOLDER
  2
AcDbPlaceHolder
  3
ObjectDBX Classes
 90
        0
 91
        1
280
     0
281
     0
  0
CLASS
  1
LAYOUT
  2
AcDbLayout
  3
ObjectDBX Classes
 90
        0
 91
        3
280
     0
281
     0
  0
CLASS
  1
DICTIONARYVAR
  2
AcDbDictionaryVar
  3
ObjectDBX Classes
 90
        0
 91
        9
280
     0
281
     0
  0
CLASS
  1
TABLESTYLE
  2
AcDbTableStyle
  3
ObjectDBX Classes
 90
     4095
 91
        1
280
     0
281
     0
  0
CLASS
  1
MATERIAL
  2
AcDbMaterial
  3
ObjectDBX Classes
 90
     1153
 91
        3
280
     0
281
     0
  0
CLASS
  1
VISUALSTYLE
  2
AcDbVisualStyle
  3
ObjectDBX Classes
 90
     4095
 91
       24
280
     0
281
     0
  0
CLASS
  1
SCALE
  2
AcDbScale
  3
ObjectDBX Classes
 90
     1153
 91
       33
280
     0
281
     0
  0
CLASS
  1
MLEADERSTYLE
  2
AcDbMLeaderStyle
  3
ACDB_MLEADERSTYLE_CLASS
 90
     4095
 91
        2
280
     0
281
     0
  0
CLASS
  1
CELLSTYLEMAP
  2
AcDbCellStyleMap
  3
ObjectDBX Classes
 90
     1152
 91
        1
280
     0
281
     0
  0
CLASS
  1
EXACXREFPANELOBJECT
  2
ExAcXREFPanelObject
  3
EXAC_ESW
 90
     1025
 91
        0
280
     0
281
     0
  0
CLASS
  1
NPOCOLLECTION
  2
AcDbImpNonPersistentObjectsCollection
  3
ObjectDBX Classes
 90
     1153
 91
        0
280
     0
281
     0
  0
CLASS
  1
LAYER_INDEX
  2
AcDbLayerIndex
  3
ObjectDBX Classes
 90
        0
 91
        0
280
     0
281
     0
  0
CLASS
  1
SPATIAL_INDEX
  2
AcDbSpatialIndex
  3
ObjectDBX Classes
 90
        0
 91
        0
280
     0
281
     0
  0
CLASS
  1
IDBUFFER
  2
AcDbIdBuffer
  3
ObjectDBX Classes
 90
        0
 91
        0
280
     0
281
     0
  0
CLASS
  1
ACDBSECTIONVIEWSTYLE
  2
AcDbSectionViewStyle
  3
ObjectDBX Classes
 90
     1025
 91
        2
280
     0
281
     0
  0
CLASS
  1
ACDBDETAILVIEWSTYLE
  2
AcDbDetailViewStyle
  3
ObjectDBX Classes
 90
     1025
 91
        2
280
     0
281
     0
  0
CLASS
  1
SORTENTSTABLE
  2
AcDbSortentsTable
  3
ObjectDBX Classes
 90
        0
 91
        0
280
     0
281
     0
  0
CLASS
  1
RAPIDRTRENDERSETTINGS
  2
AcDbRapidRTRenderSettings
  3
ObjectDBX Classes
 90
     1024
 91
        6
280
     0
281
     0
  0
ENDSEC
  0
SECTION
  2
TABLES
  0
TABLE
  2
VPORT
  5
8
330
0
100
AcDbSymbolTable
 70
     1
  0
VPORT
  5
94
330
8
100
AcDbSymbolTableRecord
100
AcDbViewportTableRecord
  2
*Active
 70
     0
 10
0.0
 20
0.0
 11
1.0
 21
1.0
 12
2532.238496431163
 22
1968.40738476402
 13
0.0
 23
0.0
 14
0.5
 24
0.5
 15
0.5
 25
0.5
 16
0.0
 26
0.0
 36
1.0
 17
0.0
 27
0.0
 37
0.0
 40
1236.501943483476
 41
1.765478424015009
 42
50.0
 43
0.0
 44
0.0
 50
0.0
 51
0.0
 71
     0
 72
  1000
 73
     1
 74
     3
 75
     0
 76
     1
 77
     0
 78
     0
281
     0
 65
     1
110
0.0
120
0.0
130
0.0
111
1.0
121
0.0
131
0.0
112
0.0
122
1.0
132
0.0
 79
     0
146
0.0
348
9F
 60
     3
 61
     5
292
     1
282
     1
141
0.0
142
0.0
 63
   250
421
  3355443
1001
ACAD_NAV_VCDISPLAY
1070
     3
  0
ENDTAB
  0
TABLE
  2
LTYPE
  5
5
330
0
100
AcDbSymbolTable
 70
     3
  0
LTYPE
  5
14
330
5
100
AcDbSymbolTableRecord
100
AcDbLinetypeTableRecord
  2
ByBlock
 70
     0
  3

 72
    65
 73
     0
 40
0.0
  0
LTYPE
  5
15
330
5
100
AcDbSymbolTableRecord
100
AcDbLinetypeTableRecord
  2
ByLayer
 70
     0
  3

 72
    65
 73
     0
 40
0.0
  0
LTYPE
  5
16
330
5
100
AcDbSymbolTableRecord
100
AcDbLinetypeTableRecord
  2
Continuous
 70
     0
  3
Solid line
 72
    65
 73
     0
 40
0.0
  0
LTYPE
  5
253
330
5
100
AcDbSymbolTableRecord
100
AcDbLinetypeTableRecord
  2
CENTER
 70
     0
  3
Center ____ _ ____ _ ____ _ ____ _ ____ _ ____
 72
    65
 73
     4
 40
50.8
 49
31.75
 74
     0
 49
-6.349999999999999
 74
     0
 49
6.349999999999999
 74
     0
 49
-6.349999999999999
 74
     0
  0
LTYPE
  5
88D
330
5
100
AcDbSymbolTableRecord
100
AcDbLinetypeTableRecord
  2
ACAD_ISO02W100
 70
     0
  3
ISO dash __ __ __ __ __ __ __ __ __ __ __ __ __
 72
    65
 73
     2
 40
15.0
 49
12.0
 74
     0
 49
-3.0
 74
     0
  0
ENDTAB
  0
TABLE
  2
LAYER
  5
2
102
{ACAD_XDICTIONARY
360
18E
102
}
330
0
100
AcDbSymbolTable
 70
     4
  0
LAYER
  5
10
102
{ACAD_XDICTIONARY
360
E6
102
}
330
2
100
AcDbSymbolTableRecord
100
AcDbLayerTableRecord
  2
0
 70
     0
 62
     7
  6
Continuous
370
    -3
390
F
347
98
348
0
  0
LAYER
  5
254
102
{ACAD_XDICTIONARY
360
255
102
}
330
2
100
AcDbSymbolTableRecord
100
AcDbLayerTableRecord
  2
Connecting
 70
     0
 62
   250
  6
Continuous
370
    -3
390
F
347
98
348
0
1001
AcAecLayerStandard
1000

1000

1001
AcCmTransparency
1071
        0
  0
LAYER
  5
13BA
330
2
100
AcDbSymbolTableRecord
100
AcDbLayerTableRecord
  2
Area_Boundary
 70
     0
 62
     9
  6
ACAD_ISO02W100
370
    -3
390
F
347
98
348
0
1001
AcAecLayerStandard
1000

1000

1001
AcCmTransparency
1071
        0
  0
LAYER
  5
13BB
330
2
100
AcDbSymbolTableRecord
100
AcDbLayerTableRecord
  2
DOOR WINDOW 1 300
 70
     0
 62
    90
  6
Continuous
370
     5
390
F
347
98
348
0
1001
AcAecLayerStandard
1000

1000

1001
AcCmTransparency
1071
        0
  0
ENDTAB
  0
TABLE
  2
STYLE
  5
3
330
0
100
AcDbSymbolTable
 70
     4
  0
STYLE
  5
11
330
3
100
AcDbSymbolTableRecord
100
AcDbTextStyleTableRecord
  2
Standard
 70
     0
 40
0.0
 41
1.0
 50
0.0
 71
     0
 42
0.2
  3
arial.ttf
  4

1001
ACAD
1000
Arial
1071
       34
  0
STYLE
  5
DC
330
3
100
AcDbSymbolTableRecord
100
AcDbTextStyleTableRecord
  2
Annotative
 70
     0
 40
0.0
 41
1.0
 50
0.0
 71
     0
 42
0.2
  3
arial.ttf
  4

1001
AcadAnnotative
1000
AnnotativeData
1002
{
1070
     1
1070
     1
1002
}
1001
ACAD
1000
Arial
1071
       34
  0
STYLE
  5
256
330
3
100
AcDbSymbolTableRecord
100
AcDbTextStyleTableRecord
  2
Tittle Block
 70
     0
 40
0.0
 41
1.0
 50
0.0
 71
     0
 42
3.5
  3
arial.ttf
  4

1001
ACAD
1000
Arial
1071
       34
  0
STYLE
  5
13BC
330
3
100
AcDbSymbolTableRecord
100
AcDbTextStyleTableRecord
  2
750 judulskala150)
 70
     0
 40
750.0
 41
1.0
 50
0.0
 71
     0
 42
750.0
  3
arial.ttf
  4

1001
ACAD
1000
Arial
1071
       34
  0
ENDTAB
  0
TABLE
  2
VIEW
  5
6
330
0
100
AcDbSymbolTable
 70
     0
  0
ENDTAB
  0
TABLE
  2
UCS
  5
7
330
0
100
AcDbSymbolTable
 70
     0
  0
ENDTAB
  0
TABLE
  2
APPID
  5
9
330
0
100
AcDbSymbolTable
 70
    14
  0
APPID
  5
12
330
9
100
AcDbSymbolTableRecord
100
AcDbRegAppTableRecord
  2
ACAD
 70
     0
  0
APPID
  5
DD
330
9
100
AcDbSymbolTableRecord
100
AcDbRegAppTableRecord
  2
AcadAnnoPO
 70
     0
  0
APPID
  5
DE
330
9
100
AcDbSymbolTableRecord
100
AcDbRegAppTableRecord
  2
AcadAnnotative
 70
     0
  0
APPID
  5
DF
330
9
100
AcDbSymbolTableRecord
100
AcDbRegAppTableRecord
  2
ACAD_DSTYLE_DIMJAG
 70
     0
  0
APPID
  5
E0
330
9
100
AcDbSymbolTableRecord
100
AcDbRegAppTableRecord
  2
ACAD_DSTYLE_DIMTALN
 70
     0
  0
APPID
  5
107
330
9
100
AcDbSymbolTableRecord
100
AcDbRegAppTableRecord
  2
ACAD_MLEADERVER
 70
     0
  0
APPID
  5
1A6
330
9
100
AcDbSymbolTableRecord
100
AcDbRegAppTableRecord
  2
ACAD_NAV_VCDISPLAY
 70
     0
  0
APPID
  5
258
330
9
100
AcDbSymbolTableRecord
100
AcDbRegAppTableRecord
  2
ACAD_PSEXT
 70
     0
  0
APPID
  5
259
330
9
100
AcDbSymbolTableRecord
100
AcDbRegAppTableRecord
  2
AcAecLayerStandard
 70
     0
  0
APPID
  5
25A
330
9
100
AcDbSymbolTableRecord
100
AcDbRegAppTableRecord
  2
AcCmTransparency
 70
     0
  0
APPID
  5
25B
330
9
100
AcDbSymbolTableRecord
100
AcDbRegAppTableRecord
  2
GradientColor1ACI
 70
     0
  0
APPID
  5
25C
330
9
100
AcDbSymbolTableRecord
100
AcDbRegAppTableRecord
  2
GradientColor2ACI
 70
     0
  0
APPID
  5
86E
330
9
100
AcDbSymbolTableRecord
100
AcDbRegAppTableRecord
  2
ACAD_EXEMPT_FROM_CAD_STANDARDS
 70
     0
  0
APPID
  5
13BD
330
9
100
AcDbSymbolTableRecord
100
AcDbRegAppTableRecord
  2
AcDbBlockRepETag
 70
     0
  0
ENDTAB
  0
TABLE
  2
DIMSTYLE
  5
A
330
0
100
AcDbSymbolTable
 70
     3
100
AcDbDimStyleTable
 71
     2
340
27
340
E1
  0
DIMSTYLE
105
27
330
A
100
AcDbSymbolTableRecord
100
AcDbDimStyleTableRecord
  2
Standard
 70
     0
340
11
  0
DIMSTYLE
105
E1
330
A
100
AcDbSymbolTableRecord
100
AcDbDimStyleTableRecord
  2
Annotative
 70
     0
 40
0.0
340
11
1001
AcadAnnotative
1000
AnnotativeData
1002
{
1070
     1
1070
     1
1002
}
1001
ACAD_DSTYLE_DIMJAG
1070
   388
1040
1.5
1001
ACAD_DSTYLE_DIMTALN
1070
   392
1070
     0
  0
DIMSTYLE
105
257
330
A
100
AcDbSymbolTableRecord
100
AcDbDimStyleTableRecord
  2
ISO-25
 70
     0
 41
2.5
 42
0.625
 43
3.75
 44
1.25
 73
     0
 74
     0
 77
     1
 78
     8
140
2.5
141
2.5
143
0.03937007874016
147
0.625
171
     3
172
     1
271
     2
272
     2
274
     3
278
    44
283
     0
284
     8
340
11
  0
ENDTAB
  0
TABLE
  2
BLOCK_RECORD
  5
1
330
0
100
AcDbSymbolTable
 70
     2
  0
BLOCK_RECORD
  5
1F
102
{ACAD_XDICTIONARY
360
15D
102
}
330
1
100
AcDbSymbolTableRecord
100
AcDbBlockTableRecord
  2
*Model_Space
340
22
 70
     0
280
     1
281
     0
  0
BLOCK_RECORD
  5
58
330
1
100
AcDbSymbolTableRecord
100
AcDbBlockTableRecord
  2
*Paper_Space
340
59
 70
     0
280
     1
281
     0
  0
BLOCK_RECORD
  5
5D
330
1
100
AcDbSymbolTableRecord
100
AcDbBlockTableRecord
  2
*Paper_Space0
340
5E
 70
     0
280
     1
281
     0
  0
BLOCK_RECORD
  5
871
102
{ACAD_XDICTIONARY
360
873
102
}
330
1
100
AcDbSymbolTableRecord
100
AcDbBlockTableRecord
  2
A$Cf5047104
340
0
 70
     1
280
     1
281
     0
  0
ENDTAB
  0
ENDSEC
  0
SECTION
  2
BLOCKS
  0
BLOCK
  5
20
330
1F
100
AcDbEntity
  8
0
100
AcDbBlockBegin
  2
*Model_Space
 70
     0
 10
0.0
 20
0.0
 30
0.0
  3
*Model_Space
  1

  0
ENDBLK
  5
21
330
1F
100
AcDbEntity
  8
0
100
AcDbBlockEnd
  0
BLOCK
  5
5A
330
58
100
AcDbEntity
 67
     1
  8
0
100
AcDbBlockBegin
  2
*Paper_Space
 70
     0
 10
0.0
 20
0.0
 30
0.0
  3
*Paper_Space
  1

  0
ENDBLK
  5
5B
330
58
100
AcDbEntity
 67
     1
  8
0
100
AcDbBlockEnd
  0
BLOCK
  5
5F
330
5D
100
AcDbEntity
 67
     1
  8
0
100
AcDbBlockBegin
  2
*Paper_Space0
 70
     0
 10
0.0
 20
0.0
 30
0.0
  3
*Paper_Space0
  1

  0
ENDBLK
  5
60
330
5D
100
AcDbEntity
 67
     1
  8
0
100
AcDbBlockEnd
  0
BLOCK
  5
874
330
871
100
AcDbEntity
  8
0
100
AcDbBlockBegin
  2
A$Cf5047104
 70
     0
 10
0.0
 20
0.0
 30
0.0
  3
A$Cf5047104
  1

  0
LWPOLYLINE
  5
872
330
871
100
AcDbEntity
  8
0
  6
CENTER
 62
   252
420
  9211020
 48
0.1
100
AcDbPolyline
 90
        4
 70
     1
 43
0.0
 10
0.0
 20
41.75766777267154
 10
15.85206087625465
 20
41.90008747616866
 10
15.85206087625465
 20
0.1424197034971257
 10
0.0
 20
0.0
  0
ENDBLK
  5
875
330
871
100
AcDbEntity
  8
0
100
AcDbBlockEnd
  0
ENDSEC
  0
SECTION
  2
ENTITIES
  0
LINE
  5
569
102
{ACAD_REACTORS
330
1825
102
}
330
1F
100
AcDbEntity
  8
0
100
AcDbLine
 10
1665.510962955026
 20
1520.485911348635
 30
0.0
 11
1665.510962955026
 21
1525.692532012584
 31
0.0
  0
LINE
  5
56A
102
{ACAD_REACTORS
330
1825
102
}
330
1F
100
AcDbEntity
  8
0
100
AcDbLine
 10
1665.510962955026
 20
1540.761127386741
 30
0.0
 11
1665.510962955026
 21
1545.967748050693
 31
0.0
  0
LINE
  5
56B
102
{ACAD_REACTORS
330
1825
102
}
330
1F
100
AcDbEntity
  8
0
100
AcDbLine
 10
1665.510962955026
 20
1540.761127386741
 30
0.0
 11
1670.79060834267
 21
1526.060602456477
 31
0.0
  0
LINE
  5
56C
102
{ACAD_REACTORS
330
1825
102
}
330
1F
100
AcDbEntity
  8
0
100
AcDbLine
 10
1666.812618121016
 20
1524.390876846597
 30
0.0
 11
1664.209307789039
 21
1526.994187178574
 31
0.0
  0
LINE
  5
56D
102
{ACAD_REACTORS
330
1825
102
}
330
1F
100
AcDbEntity
  8
0
100
AcDbLine
 10
1664.209307789039
 20
1524.390876846597
 30
0.0
 11
1666.812618121016
 21
1526.994187178574
 31
0.0
  0
LINE
  5
56E
102
{ACAD_REACTORS
330
1825
102
}
330
1F
100
AcDbEntity
  8
0
100
AcDbLine
 10
1668.150785648849
 20
1533.410864921606
 30
0.0
 11
1670.4275563571
 21
1534.253254535153
 31
0.0
  0
LINE
  5
56F
102
{ACAD_REACTORS
330
1825
102
}
330
1F
100
AcDbEntity
  8
0
100
AcDbLine
 10
1670.4275563571
 20
1534.253254535153
 30
0.0
 11
1671.680453754636
 21
1530.900960164222
 31
0.0
  0
LINE
  5
570
102
{ACAD_REACTORS
330
1825
102
}
330
1F
100
AcDbEntity
  8
0
100
AcDbLine
 10
1671.680453754636
 20
1530.900960164222
 30
0.0
 11
1669.358728442787
 21
1530.047496389653
 31
0.0
  0
LINE
  5
571
102
{ACAD_REACTORS
330
1825
102
}
330
1F
100
AcDbEntity
  8
0
100
AcDbLine
 10
1674.465749736499
 20
1520.485911348635
 30
0.0
 11
1674.465749736499
 21
1525.692532012584
 31
0.0
  0
LINE
  5
572
102
{ACAD_REACTORS
330
1825
102
}
330
1F
100
AcDbEntity
  8
0
100
AcDbLine
 10
1674.465749736499
 20
1540.761127386741
 30
0.0
 11
1674.465749736499
 21
1545.967748050693
 31
0.0
  0
LINE
  5
573
102
{ACAD_REACTORS
330
1825
102
}
330
1F
100
AcDbEntity
  8
0
100
AcDbLine
 10
1674.465749736499
 20
1540.761127386741
 30
0.0
 11
1679.745395124143
 21
1526.060602456477
 31
0.0
  0
LINE
  5
574
102
{ACAD_REACTORS
330
1825
102
}
330
1F
100
AcDbEntity
  8
0
100
AcDbLine
 10
1675.767404902489
 20
1524.390876846597
 30
0.0
 11
1673.164094570516
 21
1526.994187178574
 31
0.0
  0
LINE
  5
575
102
{ACAD_REACTORS
330
1825
102
}
330
1F
100
AcDbEntity
  8
0
100
AcDbLine
 10
1673.164094570516
 20
1524.390876846597
 30
0.0
 11
1675.767404902489
 21
1526.994187178574
 31
0.0
  0
LINE
  5
576
102
{ACAD_REACTORS
330
1825
102
}
330
1F
100
AcDbEntity
  8
0
100
AcDbLine
 10
1677.105572430323
 20
1533.410864921606
 30
0.0
 11
1679.382343138572
 21
1534.253254535153
 31
0.0
  0
LINE
  5
577
102
{ACAD_REACTORS
330
1825
102
}
330
1F
100
AcDbEntity
  8
0
100
AcDbLine
 10
1679.382343138572
 20
1534.253254535153
 30
0.0
 11
1680.635240536109
 21
1530.900960164222
 31
0.0
  0
LINE
  5
578
102
{ACAD_REACTORS
330
1825
102
}
330
1F
100
AcDbEntity
  8
0
100
AcDbLine
 10
1680.635240536109
 20
1530.900960164222
 30
0.0
 11
1678.313515224264
 21
1530.047496389653
 31
0.0
  0
LINE
  5
579
102
{ACAD_REACTORS
330
1825
102
}
330
1F
100
AcDbEntity
  8
0
100
AcDbLine
 10
1683.999842188305
 20
1520.485911348635
 30
0.0
 11
1683.999842188305
 21
1525.692532012584
 31
0.0
  0
LINE
  5
57A
102
{ACAD_REACTORS
330
1825
102
}
330
1F
100
AcDbEntity
  8
0
100
AcDbLine
 10
1683.999842188305
 20
1540.761127386741
 30
0.0
 11
1683.999842188305
 21
1545.967748050693
 31
0.0
  0
LINE
  5
57B
102
{ACAD_REACTORS
330
1825
102
}
330
1F
100
AcDbEntity
  8
0
100
AcDbLine
 10
1683.999842188305
 20
1540.761127386741
 30
0.0
 11
1689.279487575946
 21
1526.060602456477
 31
0.0
  0
LINE
  5
57C
102
{ACAD_REACTORS
330
1825
102
}
330
1F
100
AcDbEntity
  8
0
100
AcDbLine
 10
1685.301497354292
 20
1524.390876846597
 30
0.0
 11
1682.698187022314
 21
1526.994187178574
 31
0.0
  0
LINE
  5
57D
102
{ACAD_REACTORS
330
1825
102
}
330
1F
100
AcDbEntity
  8
0
100
AcDbLine
 10
1682.698187022314
 20
1524.390876846597
 30
0.0
 11
1685.301497354292
 21
1526.994187178574
 31
0.0
  0
LINE
  5
57E
102
{ACAD_REACTORS
330
1825
102
}
330
1F
100
AcDbEntity
  8
0
100
AcDbLine
 10
1686.639664882125
 20
1533.410864921606
 30
0.0
 11
1688.916435590376
 21
1534.253254535153
 31
0.0
  0
LINE
  5
57F
102
{ACAD_REACTORS
330
1825
102
}
330
1F
100
AcDbEntity
  8
0
100
AcDbLine
 10
1688.916435590376
 20
1534.253254535153
 30
0.0
 11
1690.169332987911
 21
1530.900960164222
 31
0.0
  0
LINE
  5
580
102
{ACAD_REACTORS
330
1825
102
}
330
1F
100
AcDbEntity
  8
0
100
AcDbLine
 10
1690.169332987911
 20
1530.900960164222
 30
0.0
 11
1687.847607676063
 21
1530.047496389653
 31
0.0
  0
LWPOLYLINE
  5
581
102
{ACAD_REACTORS
330
1825
102
}
330
1F
100
AcDbEntity
  8
0
100
AcDbPolyline
 90
        4
 70
     1
 43
0.0
 10
1658.972849502329
 20
1551.442624157865
 10
1695.456655085276
 20
1551.442624157865
 10
1695.456655085276
 20
1514.958818574913
 10
1658.972849502329
 20
1514.958818574913
  0
LINE
  5
582
102
{ACAD_REACTORS
330
1825
102
}
330
1F
100
AcDbEntity
  8
0
100
AcDbLine
 10
1665.510962955026
 20
1520.485911348635
 30
0.0
 11
1665.510962955026
 21
1470.631561017794
 31
0.0
  0
LINE
  5
583
102
{ACAD_REACTORS
330
1825
102
}
330
1F
100
AcDbEntity
  8
0
100
AcDbLine
 10
1674.465749736499
 20
1520.485911348635
 30
0.0
 11
1674.465749736499
 21
1470.631561017794
 31
0.0
  0
LINE
  5
584
102
{ACAD_REACTORS
330
1825
102
}
330
1F
100
AcDbEntity
  8
0
100
AcDbLine
 10
1683.999842188305
 20
1520.485911348635
 30
0.0
 11
1683.999842188305
 21
1470.631561017794
 31
0.0
  0
LINE
  5
585
102
{ACAD_REACTORS
330
1825
102
}
330
1F
100
AcDbEntity
  8
0
100
AcDbLine
 10
1652.94998442933
 20
1566.957129797897
 30
0.0
 11
1792.542165355681
 21
1566.957129797897
 31
0.0
  0
LINE
  5
586
102
{ACAD_REACTORS
330
1825
102
}
330
1F
100
AcDbEntity
  8
0
100
AcDbLine
 10
1652.94998442933
 20
1575.181386675444
 30
0.0
 11
1792.542165355681
 21
1575.181386675444
 31
0.0
  0
LINE
  5
587
102
{ACAD_REACTORS
330
1825
102
}
330
1F
100
AcDbEntity
  8
0
100
AcDbLine
 10
1652.94998442933
 20
1583.740458973421
 30
0.0
 11
1792.542165355681
 21
1583.740458973421
 31
0.0
  0
LINE
  5
588
102
{ACAD_REACTORS
330
1825
102
}
330
1F
100
AcDbEntity
  8
0
100
AcDbLine
 10
1711.04228555373
 20
1520.485911348635
 30
0.0
 11
1711.04228555373
 21
1525.692532012584
 31
0.0
  0
LINE
  5
589
102
{ACAD_REACTORS
330
1825
102
}
330
1F
100
AcDbEntity
  8
0
100
AcDbLine
 10
1711.04228555373
 20
1540.761127386741
 30
0.0
 11
1711.04228555373
 21
1545.967748050693
 31
0.0
  0
LINE
  5
58A
102
{ACAD_REACTORS
330
1825
102
}
330
1F
100
AcDbEntity
  8
0
100
AcDbLine
 10
1711.04228555373
 20
1540.761127386741
 30
0.0
 11
1716.321930941368
 21
1526.060602456477
 31
0.0
  0
LINE
  5
58B
102
{ACAD_REACTORS
330
1825
102
}
330
1F
100
AcDbEntity
  8
0
100
AcDbLine
 10
1712.343940719717
 20
1524.390876846597
 30
0.0
 11
1709.740630387743
 21
1526.994187178574
 31
0.0
  0
LINE
  5
58C
102
{ACAD_REACTORS
330
1825
102
}
330
1F
100
AcDbEntity
  8
0
100
AcDbLine
 10
1709.740630387743
 20
1524.390876846597
 30
0.0
 11
1712.343940719717
 21
1526.994187178574
 31
0.0
  0
LINE
  5
58D
102
{ACAD_REACTORS
330
1825
102
}
330
1F
100
AcDbEntity
  8
0
100
AcDbLine
 10
1713.682108247551
 20
1533.410864921606
 30
0.0
 11
1715.958878955796
 21
1534.253254535153
 31
0.0
  0
LINE
  5
58E
102
{ACAD_REACTORS
330
1825
102
}
330
1F
100
AcDbEntity
  8
0
100
AcDbLine
 10
1715.958878955796
 20
1534.253254535153
 30
0.0
 11
1717.211776353333
 21
1530.900960164222
 31
0.0
  0
LINE
  5
58F
102
{ACAD_REACTORS
330
1825
102
}
330
1F
100
AcDbEntity
  8
0
100
AcDbLine
 10
1717.211776353333
 20
1530.900960164222
 30
0.0
 11
1714.890051041488
 21
1530.047496389653
 31
0.0
  0
LINE
  5
590
102
{ACAD_REACTORS
330
1825
102
}
330
1F
100
AcDbEntity
  8
0
100
AcDbLine
 10
1719.997072335206
 20
1520.485911348635
 30
0.0
 11
1719.997072335206
 21
1525.692532012584
 31
0.0
  0
LINE
  5
591
102
{ACAD_REACTORS
330
1825
102
}
330
1F
100
AcDbEntity
  8
0
100
AcDbLine
 10
1719.997072335206
 20
1540.761127386741
 30
0.0
 11
1719.997072335206
 21
1545.967748050693
 31
0.0
  0
LINE
  5
592
102
{ACAD_REACTORS
330
1825
102
}
330
1F
100
AcDbEntity
  8
0
100
AcDbLine
 10
1719.997072335206
 20
1540.761127386741
 30
0.0
 11
1725.276717722841
 21
1526.060602456477
 31
0.0
  0
LINE
  5
593
102
{ACAD_REACTORS
330
1825
102
}
330
1F
100
AcDbEntity
  8
0
100
AcDbLine
 10
1721.29872750119
 20
1524.390876846597
 30
0.0
 11
1718.695417169219
 21
1526.994187178574
 31
0.0
  0
LINE
  5
594
102
{ACAD_REACTORS
330
1825
102
}
330
1F
100
AcDbEntity
  8
0
100
AcDbLine
 10
1718.695417169219
 20
1524.390876846597
 30
0.0
 11
1721.29872750119
 21
1526.994187178574
 31
0.0
  0
LINE
  5
595
102
{ACAD_REACTORS
330
1825
102
}
330
1F
100
AcDbEntity
  8
0
100
AcDbLine
 10
1722.636895029023
 20
1533.410864921606
 30
0.0
 11
1724.91366573727
 21
1534.253254535153
 31
0.0
  0
LINE
  5
596
102
{ACAD_REACTORS
330
1825
102
}
330
1F
100
AcDbEntity
  8
0
100
AcDbLine
 10
1724.91366573727
 20
1534.253254535153
 30
0.0
 11
1726.16656313481
 21
1530.900960164222
 31
0.0
  0
LINE
  5
597
102
{ACAD_REACTORS
330
1825
102
}
330
1F
100
AcDbEntity
  8
0
100
AcDbLine
 10
1726.16656313481
 20
1530.900960164222
 30
0.0
 11
1723.84483782296
 21
1530.047496389653
 31
0.0
  0
LINE
  5
598
102
{ACAD_REACTORS
330
1825
102
}
330
1F
100
AcDbEntity
  8
0
100
AcDbLine
 10
1729.531164787006
 20
1520.485911348635
 30
0.0
 11
1729.531164787006
 21
1525.692532012584
 31
0.0
  0
LINE
  5
599
102
{ACAD_REACTORS
330
1825
102
}
330
1F
100
AcDbEntity
  8
0
100
AcDbLine
 10
1729.531164787006
 20
1540.761127386741
 30
0.0
 11
1729.531164787006
 21
1545.967748050693
 31
0.0
  0
LINE
  5
59A
102
{ACAD_REACTORS
330
1825
102
}
330
1F
100
AcDbEntity
  8
0
100
AcDbLine
 10
1729.531164787006
 20
1540.761127386741
 30
0.0
 11
1734.810810174643
 21
1526.060602456477
 31
0.0
  0
LINE
  5
59B
102
{ACAD_REACTORS
330
1825
102
}
330
1F
100
AcDbEntity
  8
0
100
AcDbLine
 10
1730.832819952993
 20
1524.390876846597
 30
0.0
 11
1728.229509621022
 21
1526.994187178574
 31
0.0
  0
LINE
  5
59C
102
{ACAD_REACTORS
330
1825
102
}
330
1F
100
AcDbEntity
  8
0
100
AcDbLine
 10
1728.229509621022
 20
1524.390876846597
 30
0.0
 11
1730.832819952993
 21
1526.994187178574
 31
0.0
  0
LINE
  5
59D
102
{ACAD_REACTORS
330
1825
102
}
330
1F
100
AcDbEntity
  8
0
100
AcDbLine
 10
1732.170987480827
 20
1533.410864921606
 30
0.0
 11
1734.447758189072
 21
1534.253254535153
 31
0.0
  0
LINE
  5
59E
102
{ACAD_REACTORS
330
1825
102
}
330
1F
100
AcDbEntity
  8
0
100
AcDbLine
 10
1734.447758189072
 20
1534.253254535153
 30
0.0
 11
1735.700655586609
 21
1530.900960164222
 31
0.0
  0
LINE
  5
59F
102
{ACAD_REACTORS
330
1825
102
}
330
1F
100
AcDbEntity
  8
0
100
AcDbLine
 10
1735.700655586609
 20
1530.900960164222
 30
0.0
 11
1733.378930274763
 21
1530.047496389653
 31
0.0
  0
LWPOLYLINE
  5
5A0
102
{ACAD_REACTORS
330
1825
102
}
330
1F
100
AcDbEntity
  8
0
100
AcDbPolyline
 90
        4
 70
     1
 43
0.0
 10
1704.504172101026
 20
1551.442624157865
 10
1740.987977683985
 20
1551.442624157865
 10
1740.987977683985
 20
1514.958818574913
 10
1704.504172101026
 20
1514.958818574913
  0
LINE
  5
5A1
102
{ACAD_REACTORS
330
1825
102
}
330
1F
100
AcDbEntity
  8
0
100
AcDbLine
 10
1711.04228555373
 20
1520.485911348635
 30
0.0
 11
1711.04228555373
 21
1470.631561017794
 31
0.0
  0
LINE
  5
5A2
102
{ACAD_REACTORS
330
1825
102
}
330
1F
100
AcDbEntity
  8
0
100
AcDbLine
 10
1719.997072335206
 20
1520.485911348635
 30
0.0
 11
1719.997072335206
 21
1470.631561017794
 31
0.0
  0
LINE
  5
5A3
102
{ACAD_REACTORS
330
1825
102
}
330
1F
100
AcDbEntity
  8
0
100
AcDbLine
 10
1729.531164787006
 20
1520.485911348635
 30
0.0
 11
1729.531164787006
 21
1470.631561017794
 31
0.0
  0
LINE
  5
5A4
102
{ACAD_REACTORS
330
1825
102
}
330
1F
100
AcDbEntity
  8
0
100
AcDbLine
 10
1757.216249818743
 20
1520.485911348635
 30
0.0
 11
1757.216249818743
 21
1525.692532012584
 31
0.0
  0
LINE
  5
5A5
102
{ACAD_REACTORS
330
1825
102
}
330
1F
100
AcDbEntity
  8
0
100
AcDbLine
 10
1757.216249818743
 20
1540.761127386741
 30
0.0
 11
1757.216249818743
 21
1545.967748050693
 31
0.0
  0
LINE
  5
5A6
102
{ACAD_REACTORS
330
1825
102
}
330
1F
100
AcDbEntity
  8
0
100
AcDbLine
 10
1757.216249818743
 20
1540.761127386741
 30
0.0
 11
1762.49589520638
 21
1526.060602456477
 31
0.0
  0
LINE
  5
5A7
102
{ACAD_REACTORS
330
1825
102
}
330
1F
100
AcDbEntity
  8
0
100
AcDbLine
 10
1758.51790498473
 20
1524.390876846597
 30
0.0
 11
1755.914594652759
 21
1526.994187178574
 31
0.0
  0
LINE
  5
5A8
102
{ACAD_REACTORS
330
1825
102
}
330
1F
100
AcDbEntity
  8
0
100
AcDbLine
 10
1755.914594652759
 20
1524.390876846597
 30
0.0
 11
1758.51790498473
 21
1526.994187178574
 31
0.0
  0
LINE
  5
5A9
102
{ACAD_REACTORS
330
1825
102
}
330
1F
100
AcDbEntity
  8
0
100
AcDbLine
 10
1759.856072512564
 20
1533.410864921606
 30
0.0
 11
1762.13284322081
 21
1534.253254535153
 31
0.0
  0
LINE
  5
5AA
102
{ACAD_REACTORS
330
1825
102
}
330
1F
100
AcDbEntity
  8
0
100
AcDbLine
 10
1762.13284322081
 20
1534.253254535153
 30
0.0
 11
1763.385740618346
 21
1530.900960164222
 31
0.0
  0
LINE
  5
5AB
102
{ACAD_REACTORS
330
1825
102
}
330
1F
100
AcDbEntity
  8
0
100
AcDbLine
 10
1763.385740618346
 20
1530.900960164222
 30
0.0
 11
1761.064015306504
 21
1530.047496389653
 31
0.0
  0
LINE
  5
5AC
102
{ACAD_REACTORS
330
1825
102
}
330
1F
100
AcDbEntity
  8
0
100
AcDbLine
 10
1766.17103660022
 20
1520.485911348635
 30
0.0
 11
1766.17103660022
 21
1525.692532012584
 31
0.0
  0
LINE
  5
5AD
102
{ACAD_REACTORS
330
1825
102
}
330
1F
100
AcDbEntity
  8
0
100
AcDbLine
 10
1766.17103660022
 20
1540.761127386741
 30
0.0
 11
1766.17103660022
 21
1545.967748050693
 31
0.0
  0
LINE
  5
5AE
102
{ACAD_REACTORS
330
1825
102
}
330
1F
100
AcDbEntity
  8
0
100
AcDbLine
 10
1766.17103660022
 20
1540.761127386741
 30
0.0
 11
1771.450681987854
 21
1526.060602456477
 31
0.0
  0
LINE
  5
5AF
102
{ACAD_REACTORS
330
1825
102
}
330
1F
100
AcDbEntity
  8
0
100
AcDbLine
 10
1767.472691766207
 20
1524.390876846597
 30
0.0
 11
1764.869381434232
 21
1526.994187178574
 31
0.0
  0
LINE
  5
5B0
102
{ACAD_REACTORS
330
1825
102
}
330
1F
100
AcDbEntity
  8
0
100
AcDbLine
 10
1764.869381434232
 20
1524.390876846597
 30
0.0
 11
1767.472691766207
 21
1526.994187178574
 31
0.0
  0
LINE
  5
5B1
102
{ACAD_REACTORS
330
1825
102
}
330
1F
100
AcDbEntity
  8
0
100
AcDbLine
 10
1768.810859294037
 20
1533.410864921606
 30
0.0
 11
1771.087630002283
 21
1534.253254535153
 31
0.0
  0
LINE
  5
5B2
102
{ACAD_REACTORS
330
1825
102
}
330
1F
100
AcDbEntity
  8
0
100
AcDbLine
 10
1771.087630002283
 20
1534.253254535153
 30
0.0
 11
1772.340527399826
 21
1530.900960164222
 31
0.0
  0
LINE
  5
5B3
102
{ACAD_REACTORS
330
1825
102
}
330
1F
100
AcDbEntity
  8
0
100
AcDbLine
 10
1772.340527399826
 20
1530.900960164222
 30
0.0
 11
1770.018802087978
 21
1530.047496389653
 31
0.0
  0
LINE
  5
5B4
102
{ACAD_REACTORS
330
1825
102
}
330
1F
100
AcDbEntity
  8
0
100
AcDbLine
 10
1775.705129052019
 20
1520.485911348635
 30
0.0
 11
1775.705129052019
 21
1525.692532012584
 31
0.0
  0
LINE
  5
5B5
102
{ACAD_REACTORS
330
1825
102
}
330
1F
100
AcDbEntity
  8
0
100
AcDbLine
 10
1775.705129052019
 20
1540.761127386741
 30
0.0
 11
1775.705129052019
 21
1545.967748050693
 31
0.0
  0
LINE
  5
5B6
102
{ACAD_REACTORS
330
1825
102
}
330
1F
100
AcDbEntity
  8
0
100
AcDbLine
 10
1775.705129052019
 20
1540.761127386741
 30
0.0
 11
1780.984774439656
 21
1526.060602456477
 31
0.0
  0
LINE
  5
5B7
102
{ACAD_REACTORS
330
1825
102
}
330
1F
100
AcDbEntity
  8
0
100
AcDbLine
 10
1777.006784218009
 20
1524.390876846597
 30
0.0
 11
1774.403473886035
 21
1526.994187178574
 31
0.0
  0
LINE
  5
5B8
102
{ACAD_REACTORS
330
1825
102
}
330
1F
100
AcDbEntity
  8
0
100
AcDbLine
 10
1774.403473886035
 20
1524.390876846597
 30
0.0
 11
1777.006784218009
 21
1526.994187178574
 31
0.0
  0
LINE
  5
5B9
102
{ACAD_REACTORS
330
1825
102
}
330
1F
100
AcDbEntity
  8
0
100
AcDbLine
 10
1778.34495174584
 20
1533.410864921606
 30
0.0
 11
1780.621722454086
 21
1534.253254535153
 31
0.0
  0
LINE
  5
5BA
102
{ACAD_REACTORS
330
1825
102
}
330
1F
100
AcDbEntity
  8
0
100
AcDbLine
 10
1780.621722454086
 20
1534.253254535153
 30
0.0
 11
1781.874619851626
 21
1530.900960164222
 31
0.0
  0
LINE
  5
5BB
102
{ACAD_REACTORS
330
1825
102
}
330
1F
100
AcDbEntity
  8
0
100
AcDbLine
 10
1781.874619851626
 20
1530.900960164222
 30
0.0
 11
1779.552894539781
 21
1530.047496389653
 31
0.0
  0
LWPOLYLINE
  5
5BC
102
{ACAD_REACTORS
330
1825
102
}
330
1F
100
AcDbEntity
  8
0
100
AcDbPolyline
 90
        4
 70
     1
 43
0.0
 10
1750.678136366039
 20
1551.442624157865
 10
1787.161941948999
 20
1551.442624157865
 10
1787.161941948999
 20
1514.958818574913
 10
1750.678136366039
 20
1514.958818574913
  0
LINE
  5
5BD
102
{ACAD_REACTORS
330
1825
102
}
330
1F
100
AcDbEntity
  8
0
100
AcDbLine
 10
1757.216249818743
 20
1520.485911348635
 30
0.0
 11
1757.216249818743
 21
1470.631561017794
 31
0.0
  0
LINE
  5
5BE
102
{ACAD_REACTORS
330
1825
102
}
330
1F
100
AcDbEntity
  8
0
100
AcDbLine
 10
1766.17103660022
 20
1520.485911348635
 30
0.0
 11
1766.17103660022
 21
1470.631561017794
 31
0.0
  0
LINE
  5
5BF
102
{ACAD_REACTORS
330
1825
102
}
330
1F
100
AcDbEntity
  8
0
100
AcDbLine
 10
1775.705129052019
 20
1520.485911348635
 30
0.0
 11
1775.705129052019
 21
1470.631561017794
 31
0.0
  0
HATCH
  5
5C0
102
{ACAD_REACTORS
330
1825
102
}
330
1F
100
AcDbEntity
  8
Connecting
440
 33554687
100
AcDbHatch
 10
0.0
 20
0.0
 30
0.0
210
0.0
220
0.0
230
1.0
  2
SOLID
 70
     1
 71
     0
 91
        1
 92
        7
 72
     1
 73
     1
 93
        2
 10
1663.516788941795
 20
1470.631561017794
 42
1.0
 10
1667.505136968263
 20
1470.631561017794
 42
1.0
 97
        0
 75
     1
 76
     1
 47
0.0048123264401831
 98
        1
 10
1666.520439724386
 20
1471.225444589777
450
        0
451
        0
460
0.0
461
0.0
452
        0
462
0.0
453
        2
463
0.0
 63
     5
421
      255
463
1.0
 63
     2
421
 16776960
470
LINEAR
1001
GradientColor1ACI
1070
     5
1001
GradientColor2ACI
1070
     2
1001
ACAD
1010
0.0
1020
0.0
1030
0.0
  0
HATCH
  5
5C1
102
{ACAD_REACTORS
330
1825
102
}
330
1F
100
AcDbEntity
  8
Connecting
440
 33554687
100
AcDbHatch
 10
0.0
 20
0.0
 30
0.0
210
0.0
220
0.0
230
1.0
  2
SOLID
 70
     1
 71
     0
 91
        1
 92
        7
 72
     1
 73
     1
 93
        2
 10
1672.471575723268
 20
1470.631561017794
 42
1.0
 10
1676.459923749737
 20
1470.631561017794
 42
1.0
 97
        0
 75
     1
 76
     1
 47
0.0048123264401831
 98
        1
 10
1675.475226505859
 20
1471.225444589777
450
        0
451
        0
460
0.0
461
0.0
452
        0
462
0.0
453
        2
463
0.0
 63
     5
421
      255
463
1.0
 63
     2
421
 16776960
470
LINEAR
1001
GradientColor1ACI
1070
     5
1001
GradientColor2ACI
1070
     2
1001
ACAD
1010
0.0
1020
0.0
1030
0.0
  0
HATCH
  5
5C2
102
{ACAD_REACTORS
330
1825
102
}
330
1F
100
AcDbEntity
  8
Connecting
440
 33554687
100
AcDbHatch
 10
0.0
 20
0.0
 30
0.0
210
0.0
220
0.0
230
1.0
  2
SOLID
 70
     1
 71
     0
 91
        1
 92
        7
 72
     1
 73
     1
 93
        2
 10
1682.005668175071
 20
1470.631561017794
 42
1.0
 10
1685.99401620154
 20
1470.631561017794
 42
1.0
 97
        0
 75
     1
 76
     1
 47
0.0048123264401831
 98
        1
 10
1685.009318957663
 20
1471.225444589777
450
        0
451
        0
460
0.0
461
0.0
452
        0
462
0.0
453
        2
463
0.0
 63
     5
421
      255
463
1.0
 63
     2
421
 16776960
470
LINEAR
1001
GradientColor1ACI
1070
     5
1001
GradientColor2ACI
1070
     2
1001
ACAD
1010
0.0
1020
0.0
1030
0.0
  0
HATCH
  5
5C3
102
{ACAD_REACTORS
330
1825
102
}
330
1F
100
AcDbEntity
  8
Connecting
440
 33554687
100
AcDbHatch
 10
0.0
 20
0.0
 30
0.0
210
0.0
220
0.0
230
1.0
  2
SOLID
 70
     1
 71
     0
 91
        1
 92
        7
 72
     1
 73
     1
 93
        2
 10
1709.048111540495
 20
1470.631561017794
 42
1.0
 10
1713.036459566964
 20
1470.631561017794
 42
1.0
 97
        0
 75
     1
 76
     1
 47
0.0048123264401831
 98
        1
 10
1712.051762323087
 20
1471.225444589777
450
        0
451
        0
460
0.0
461
0.0
452
        0
462
0.0
453
        2
463
0.0
 63
     5
421
      255
463
1.0
 63
     2
421
 16776960
470
LINEAR
1001
GradientColor1ACI
1070
     5
1001
GradientColor2ACI
1070
     2
1001
ACAD
1010
0.0
1020
0.0
1030
0.0
  0
HATCH
  5
5C4
102
{ACAD_REACTORS
330
1825
102
}
330
1F
100
AcDbEntity
  8
Connecting
440
 33554687
100
AcDbHatch
 10
0.0
 20
0.0
 30
0.0
210
0.0
220
0.0
230
1.0
  2
SOLID
 70
     1
 71
     0
 91
        1
 92
        7
 72
     1
 73
     1
 93
        2
 10
1718.002898321969
 20
1470.631561017794
 42
1.0
 10
1721.991246348437
 20
1470.631561017794
 42
1.0
 97
        0
 75
     1
 76
     1
 47
0.0048123264401831
 98
        1
 10
1721.006549104563
 20
1471.225444589777
450
        0
451
        0
460
0.0
461
0.0
452
        0
462
0.0
453
        2
463
0.0
 63
     5
421
      255
463
1.0
 63
     2
421
 16776960
470
LINEAR
1001
GradientColor1ACI
1070
     5
1001
GradientColor2ACI
1070
     2
1001
ACAD
1010
0.0
1020
0.0
1030
0.0
  0
HATCH
  5
5C5
102
{ACAD_REACTORS
330
1825
102
}
330
1F
100
AcDbEntity
  8
Connecting
440
 33554687
100
AcDbHatch
 10
0.0
 20
0.0
 30
0.0
210
0.0
220
0.0
230
1.0
  2
SOLID
 70
     1
 71
     0
 91
        1
 92
        7
 72
     1
 73
     1
 93
        2
 10
1727.536990773775
 20
1470.631561017794
 42
1.0
 10
1731.52533880024
 20
1470.631561017794
 42
1.0
 97
        0
 75
     1
 76
     1
 47
0.0048123264401831
 98
        1
 10
1730.540641556363
 20
1471.225444589777
450
        0
451
        0
460
0.0
461
0.0
452
        0
462
0.0
453
        2
463
0.0
 63
     5
421
      255
463
1.0
 63
     2
421
 16776960
470
LINEAR
1001
GradientColor1ACI
1070
     5
1001
GradientColor2ACI
1070
     2
1001
ACAD
1010
0.0
1020
0.0
1030
0.0
  0
HATCH
  5
5C6
102
{ACAD_REACTORS
330
1825
102
}
330
1F
100
AcDbEntity
  8
Connecting
440
 33554687
100
AcDbHatch
 10
0.0
 20
0.0
 30
0.0
210
0.0
220
0.0
230
1.0
  2
SOLID
 70
     1
 71
     0
 91
        1
 92
        7
 72
     1
 73
     1
 93
        2
 10
1755.222075805512
 20
1470.631561017794
 42
1.0
 10
1759.210423831981
 20
1470.631561017794
 42
1.0
 97
        0
 75
     1
 76
     1
 47
0.0048123264401831
 98
        1
 10
1758.225726588101
 20
1471.225444589777
450
        0
451
        0
460
0.0
461
0.0
452
        0
462
0.0
453
        2
463
0.0
 63
     5
421
      255
463
1.0
 63
     2
421
 16776960
470
LINEAR
1001
GradientColor1ACI
1070
     5
1001
GradientColor2ACI
1070
     2
1001
ACAD
1010
0.0
1020
0.0
1030
0.0
  0
HATCH
  5
5C7
102
{ACAD_REACTORS
330
1825
102
}
330
1F
100
AcDbEntity
  8
Connecting
440
 33554687
100
AcDbHatch
 10
0.0
 20
0.0
 30
0.0
210
0.0
220
0.0
230
1.0
  2
SOLID
 70
     1
 71
     0
 91
        1
 92
        7
 72
     1
 73
     1
 93
        2
 10
1764.176862586985
 20
1470.631561017794
 42
1.0
 10
1768.165210613454
 20
1470.631561017794
 42
1.0
 97
        0
 75
     1
 76
     1
 47
0.0048123264401831
 98
        1
 10
1767.180513369581
 20
1471.225444589777
450
        0
451
        0
460
0.0
461
0.0
452
        0
462
0.0
453
        2
463
0.0
 63
     5
421
      255
463
1.0
 63
     2
421
 16776960
470
LINEAR
1001
GradientColor1ACI
1070
     5
1001
GradientColor2ACI
1070
     2
1001
ACAD
1010
0.0
1020
0.0
1030
0.0
  0
HATCH
  5
5C8
102
{ACAD_REACTORS
330
1825
102
}
330
1F
100
AcDbEntity
  8
Connecting
440
 33554687
100
AcDbHatch
 10
0.0
 20
0.0
 30
0.0
210
0.0
220
0.0
230
1.0
  2
SOLID
 70
     1
 71
     0
 91
        1
 92
        7
 72
     1
 73
     1
 93
        2
 10
1773.710955038788
 20
1470.631561017794
 42
1.0
 10
1777.699303065256
 20
1470.631561017794
 42
1.0
 97
        0
 75
     1
 76
     1
 47
0.0048123264401831
 98
        1
 10
1776.71460582138
 20
1471.225444589777
450
        0
451
        0
460
0.0
461
0.0
452
        0
462
0.0
453
        2
463
0.0
 63
     5
421
      255
463
1.0
 63
     2
421
 16776960
470
LINEAR
1001
GradientColor1ACI
1070
     5
1001
GradientColor2ACI
1070
     2
1001
ACAD
1010
0.0
1020
0.0
1030
0.0
  0
LINE
  5
5C9
102
{ACAD_REACTORS
330
1825
102
}
330
1F
100
AcDbEntity
  8
0
100
AcDbLine
 10
1665.510962955026
 20
1545.967748050693
 30
0.0
 11
1665.510962955026
 21
1583.740458973421
 31
0.0
  0
LINE
  5
5CA
102
{ACAD_REACTORS
330
1825
102
}
330
1F
100
AcDbEntity
  8
0
100
AcDbLine
 10
1674.465749736499
 20
1545.967748050693
 30
0.0
 11
1674.465749736499
 21
1575.181386675444
 31
0.0
  0
LINE
  5
5CB
102
{ACAD_REACTORS
330
1825
102
}
330
1F
100
AcDbEntity
  8
0
100
AcDbLine
 10
1683.999842188305
 20
1545.967748050693
 30
0.0
 11
1683.999842188305
 21
1566.957129797897
 31
0.0
  0
LINE
  5
5CC
102
{ACAD_REACTORS
330
1825
102
}
330
1F
100
AcDbEntity
  8
0
100
AcDbLine
 10
1711.04228555373
 20
1545.967748050693
 30
0.0
 11
1711.04228555373
 21
1583.740458973421
 31
0.0
  0
LINE
  5
5CD
102
{ACAD_REACTORS
330
1825
102
}
330
1F
100
AcDbEntity
  8
0
100
AcDbLine
 10
1719.997072335206
 20
1545.967748050693
 30
0.0
 11
1719.997072335206
 21
1575.181386675444
 31
0.0
  0
LINE
  5
5CE
102
{ACAD_REACTORS
330
1825
102
}
330
1F
100
AcDbEntity
  8
0
100
AcDbLine
 10
1729.531164787006
 20
1545.967748050693
 30
0.0
 11
1729.531164787006
 21
1566.957129797897
 31
0.0
  0
LINE
  5
5CF
102
{ACAD_REACTORS
330
1825
102
}
330
1F
100
AcDbEntity
  8
0
100
AcDbLine
 10
1757.216249818743
 20
1545.967748050693
 30
0.0
 11
1757.216249818743
 21
1583.740458973421
 31
0.0
  0
LINE
  5
5D0
102
{ACAD_REACTORS
330
1825
102
}
330
1F
100
AcDbEntity
  8
0
100
AcDbLine
 10
1766.17103660022
 20
1545.967748050693
 30
0.0
 11
1766.17103660022
 21
1575.181386675444
 31
0.0
  0
LINE
  5
5D1
102
{ACAD_REACTORS
330
1825
102
}
330
1F
100
AcDbEntity
  8
0
100
AcDbLine
 10
1775.705129052019
 20
1545.967748050693
 30
0.0
 11
1775.705129052019
 21
1566.957129797897
 31
0.0
  0
HATCH
  5
5D2
102
{ACAD_REACTORS
330
1825
102
}
330
1F
100
AcDbEntity
  8
Connecting
440
 33554687
100
AcDbHatch
 10
0.0
 20
0.0
 30
0.0
210
0.0
220
0.0
230
1.0
  2
SOLID
 70
     1
 71
     0
 91
        1
 92
        7
 72
     1
 73
     1
 93
        2
 10
1663.516788941795
 20
1583.740458973421
 42
1.0
 10
1667.505136968263
 20
1583.740458973421
 42
1.0
 97
        0
 75
     1
 76
     1
 47
0.0048123264401831
 98
        1
 10
1666.520439724386
 20
1584.334342545403
450
        0
451
        0
460
0.0
461
0.0
452
        0
462
0.0
453
        2
463
0.0
 63
     5
421
      255
463
1.0
 63
     2
421
 16776960
470
LINEAR
1001
GradientColor1ACI
1070
     5
1001
GradientColor2ACI
1070
     2
1001
ACAD
1010
0.0
1020
0.0
1030
0.0
  0
HATCH
  5
5D3
102
{ACAD_REACTORS
330
1825
102
}
330
1F
100
AcDbEntity
  8
Connecting
440
 33554687
100
AcDbHatch
 10
0.0
 20
0.0
 30
0.0
210
0.0
220
0.0
230
1.0
  2
SOLID
 70
     1
 71
     0
 91
        1
 92
        7
 72
     1
 73
     1
 93
        2
 10
1672.471575723268
 20
1575.181386675444
 42
1.0
 10
1676.459923749737
 20
1575.181386675444
 42
1.0
 97
        0
 75
     1
 76
     1
 47
0.0048123264401831
 98
        1
 10
1675.475226505859
 20
1575.77527024743
450
        0
451
        0
460
0.0
461
0.0
452
        0
462
0.0
453
        2
463
0.0
 63
     5
421
      255
463
1.0
 63
     2
421
 16776960
470
LINEAR
1001
GradientColor1ACI
1070
     5
1001
GradientColor2ACI
1070
     2
1001
ACAD
1010
0.0
1020
0.0
1030
0.0
  0
HATCH
  5
5D4
102
{ACAD_REACTORS
330
1825
102
}
330
1F
100
AcDbEntity
  8
Connecting
440
 33554687
100
AcDbHatch
 10
0.0
 20
0.0
 30
0.0
210
0.0
220
0.0
230
1.0
  2
SOLID
 70
     1
 71
     0
 91
        1
 92
        7
 72
     1
 73
     1
 93
        2
 10
1682.005668175071
 20
1566.957129797897
 42
1.0
 10
1685.99401620154
 20
1566.957129797897
 42
1.0
 97
        0
 75
     1
 76
     1
 47
0.0048123264401831
 98
        1
 10
1685.009318957663
 20
1567.551013369883
450
        0
451
        0
460
0.0
461
0.0
452
        0
462
0.0
453
        2
463
0.0
 63
     5
421
      255
463
1.0
 63
     2
421
 16776960
470
LINEAR
1001
GradientColor1ACI
1070
     5
1001
GradientColor2ACI
1070
     2
1001
ACAD
1010
0.0
1020
0.0
1030
0.0
  0
HATCH
  5
5D5
102
{ACAD_REACTORS
330
1825
102
}
330
1F
100
AcDbEntity
  8
Connecting
440
 33554687
100
AcDbHatch
 10
0.0
 20
0.0
 30
0.0
210
0.0
220
0.0
230
1.0
  2
SOLID
 70
     1
 71
     0
 91
        1
 92
        7
 72
     1
 73
     1
 93
        2
 10
1709.048111540495
 20
1583.740458973421
 42
1.0
 10
1713.036459566964
 20
1583.740458973421
 42
1.0
 97
        0
 75
     1
 76
     1
 47
0.0048123264401831
 98
        1
 10
1712.051762323087
 20
1584.334342545403
450
        0
451
        0
460
0.0
461
0.0
452
        0
462
0.0
453
        2
463
0.0
 63
     5
421
      255
463
1.0
 63
     2
421
 16776960
470
LINEAR
1001
GradientColor1ACI
1070
     5
1001
GradientColor2ACI
1070
     2
1001
ACAD
1010
0.0
1020
0.0
1030
0.0
  0
HATCH
  5
5D6
102
{ACAD_REACTORS
330
1825
102
}
330
1F
100
AcDbEntity
  8
Connecting
440
 33554687
100
AcDbHatch
 10
0.0
 20
0.0
 30
0.0
210
0.0
220
0.0
230
1.0
  2
SOLID
 70
     1
 71
     0
 91
        1
 92
        7
 72
     1
 73
     1
 93
        2
 10
1718.002898321969
 20
1575.181386675444
 42
1.0
 10
1721.991246348437
 20
1575.181386675444
 42
1.0
 97
        0
 75
     1
 76
     1
 47
0.0048123264401831
 98
        1
 10
1721.006549104563
 20
1575.77527024743
450
        0
451
        0
460
0.0
461
0.0
452
        0
462
0.0
453
        2
463
0.0
 63
     5
421
      255
463
1.0
 63
     2
421
 16776960
470
LINEAR
1001
GradientColor1ACI
1070
     5
1001
GradientColor2ACI
1070
     2
1001
ACAD
1010
0.0
1020
0.0
1030
0.0
  0
HATCH
  5
5D7
102
{ACAD_REACTORS
330
1825
102
}
330
1F
100
AcDbEntity
  8
Connecting
440
 33554687
100
AcDbHatch
 10
0.0
 20
0.0
 30
0.0
210
0.0
220
0.0
230
1.0
  2
SOLID
 70
     1
 71
     0
 91
        1
 92
        7
 72
     1
 73
     1
 93
        2
 10
1727.536990773775
 20
1566.957129797897
 42
1.0
 10
1731.52533880024
 20
1566.957129797897
 42
1.0
 97
        0
 75
     1
 76
     1
 47
0.0048123264401831
 98
        1
 10
1730.540641556363
 20
1567.551013369883
450
        0
451
        0
460
0.0
461
0.0
452
        0
462
0.0
453
        2
463
0.0
 63
     5
421
      255
463
1.0
 63
     2
421
 16776960
470
LINEAR
1001
GradientColor1ACI
1070
     5
1001
GradientColor2ACI
1070
     2
1001
ACAD
1010
0.0
1020
0.0
1030
0.0
  0
HATCH
  5
5D8
102
{ACAD_REACTORS
330
1825
102
}
330
1F
100
AcDbEntity
  8
Connecting
440
 33554687
100
AcDbHatch
 10
0.0
 20
0.0
 30
0.0
210
0.0
220
0.0
230
1.0
  2
SOLID
 70
     1
 71
     0
 91
        1
 92
        7
 72
     1
 73
     1
 93
        2
 10
1755.222075805512
 20
1583.740458973421
 42
1.0
 10
1759.210423831981
 20
1583.740458973421
 42
1.0
 97
        0
 75
     1
 76
     1
 47
0.0048123264401831
 98
        1
 10
1758.225726588101
 20
1584.334342545403
450
        0
451
        0
460
0.0
461
0.0
452
        0
462
0.0
453
        2
463
0.0
 63
     5
421
      255
463
1.0
 63
     2
421
 16776960
470
LINEAR
1001
GradientColor1ACI
1070
     5
1001
GradientColor2ACI
1070
     2
1001
ACAD
1010
0.0
1020
0.0
1030
0.0
  0
HATCH
  5
5D9
102
{ACAD_REACTORS
330
1825
102
}
330
1F
100
AcDbEntity
  8
Connecting
440
 33554687
100
AcDbHatch
 10
0.0
 20
0.0
 30
0.0
210
0.0
220
0.0
230
1.0
  2
SOLID
 70
     1
 71
     0
 91
        1
 92
        7
 72
     1
 73
     1
 93
        2
 10
1764.176862586985
 20
1575.181386675444
 42
1.0
 10
1768.165210613454
 20
1575.181386675444
 42
1.0
 97
        0
 75
     1
 76
     1
 47
0.0048123264401831
 98
        1
 10
1767.180513369581
 20
1575.77527024743
450
        0
451
        0
460
0.0
461
0.0
452
        0
462
0.0
453
        2
463
0.0
 63
     5
421
      255
463
1.0
 63
     2
421
 16776960
470
LINEAR
1001
GradientColor1ACI
1070
     5
1001
GradientColor2ACI
1070
     2
1001
ACAD
1010
0.0
1020
0.0
1030
0.0
  0
HATCH
  5
5DA
102
{ACAD_REACTORS
330
1825
102
}
330
1F
100
AcDbEntity
  8
Connecting
440
 33554687
100
AcDbHatch
 10
0.0
 20
0.0
 30
0.0
210
0.0
220
0.0
230
1.0
  2
SOLID
 70
     1
 71
     0
 91
        1
 92
        7
 72
     1
 73
     1
 93
        2
 10
1773.710955038788
 20
1566.957129797897
 42
1.0
 10
1777.699303065256
 20
1566.957129797897
 42
1.0
 97
        0
 75
     1
 76
     1
 47
0.0048123264401831
 98
        1
 10
1776.71460582138
 20
1567.551013369883
450
        0
451
        0
460
0.0
461
0.0
452
        0
462
0.0
453
        2
463
0.0
 63
     5
421
      255
463
1.0
 63
     2
421
 16776960
470
LINEAR
1001
GradientColor1ACI
1070
     5
1001
GradientColor2ACI
1070
     2
1001
ACAD
1010
0.0
1020
0.0
1030
0.0
  0
LWPOLYLINE
  5
5DB
102
{ACAD_REACTORS
330
1825
102
}
330
1F
100
AcDbEntity
  8
0
100
AcDbPolyline
 90
        4
 70
     1
 43
0.0
 10
1697.503788085595
 20
1645.246383566312
 10
1747.358138416436
 20
1645.246383566312
 10
1747.358138416436
 20
1625.304643433973
 10
1697.503788085595
 20
1625.304643433973
  0
LINE
  5
5DC
102
{ACAD_REACTORS
330
1825
102
}
330
1F
100
AcDbEntity
  8
0
100
AcDbLine
 10
1703.73558187695
 20
1593.228961551863
 30
0.0
 11
1703.73558187695
 21
1598.435582215815
 31
0.0
  0
LINE
  5
5DD
102
{ACAD_REACTORS
330
1825
102
}
330
1F
100
AcDbEntity
  8
0
100
AcDbLine
 10
1703.73558187695
 20
1613.504177589968
 30
0.0
 11
1703.73558187695
 21
1618.71079825392
 31
0.0
  0
LINE
  5
5DE
102
{ACAD_REACTORS
330
1825
102
}
330
1F
100
AcDbEntity
  8
0
100
AcDbLine
 10
1703.73558187695
 20
1613.504177589968
 30
0.0
 11
1709.015227264591
 21
1598.803652659705
 31
0.0
  0
LINE
  5
5DF
102
{ACAD_REACTORS
330
1825
102
}
330
1F
100
AcDbEntity
  8
0
100
AcDbLine
 10
1705.03723704294
 20
1597.133927049824
 30
0.0
 11
1702.433926710963
 21
1599.737237381802
 31
0.0
  0
LINE
  5
5E0
102
{ACAD_REACTORS
330
1825
102
}
330
1F
100
AcDbEntity
  8
0
100
AcDbLine
 10
1702.433926710963
 20
1597.133927049824
 30
0.0
 11
1705.03723704294
 21
1599.737237381802
 31
0.0
  0
LINE
  5
5E1
102
{ACAD_REACTORS
330
1825
102
}
330
1F
100
AcDbEntity
  8
0
100
AcDbLine
 10
1706.375404570774
 20
1606.153915124837
 30
0.0
 11
1708.652175279017
 21
1606.996304738381
 31
0.0
  0
LINE
  5
5E2
102
{ACAD_REACTORS
330
1825
102
}
330
1F
100
AcDbEntity
  8
0
100
AcDbLine
 10
1708.652175279017
 20
1606.996304738381
 30
0.0
 11
1709.90507267656
 21
1603.64401036745
 31
0.0
  0
LINE
  5
5E3
102
{ACAD_REACTORS
330
1825
102
}
330
1F
100
AcDbEntity
  8
0
100
AcDbLine
 10
1709.90507267656
 20
1603.64401036745
 30
0.0
 11
1707.583347364711
 21
1602.790546592887
 31
0.0
  0
LINE
  5
5E4
102
{ACAD_REACTORS
330
1825
102
}
330
1F
100
AcDbEntity
  8
0
100
AcDbLine
 10
1722.430963251017
 20
1593.228961551863
 30
0.0
 11
1722.430963251017
 21
1598.435582215815
 31
0.0
  0
LINE
  5
5E5
102
{ACAD_REACTORS
330
1825
102
}
330
1F
100
AcDbEntity
  8
0
100
AcDbLine
 10
1722.430963251017
 20
1613.504177589968
 30
0.0
 11
1722.430963251017
 21
1618.71079825392
 31
0.0
  0
LINE
  5
5E6
102
{ACAD_REACTORS
330
1825
102
}
330
1F
100
AcDbEntity
  8
0
100
AcDbLine
 10
1722.430963251017
 20
1613.504177589968
 30
0.0
 11
1727.710608638654
 21
1598.803652659705
 31
0.0
  0
LINE
  5
5E7
102
{ACAD_REACTORS
330
1825
102
}
330
1F
100
AcDbEntity
  8
0
100
AcDbLine
 10
1723.732618417007
 20
1597.133927049824
 30
0.0
 11
1721.129308085029
 21
1599.737237381802
 31
0.0
  0
LINE
  5
5E8
102
{ACAD_REACTORS
330
1825
102
}
330
1F
100
AcDbEntity
  8
0
100
AcDbLine
 10
1721.129308085029
 20
1597.133927049824
 30
0.0
 11
1723.732618417007
 21
1599.737237381802
 31
0.0
  0
LINE
  5
5E9
102
{ACAD_REACTORS
330
1825
102
}
330
1F
100
AcDbEntity
  8
0
100
AcDbLine
 10
1725.070785944836
 20
1606.153915124837
 30
0.0
 11
1727.347556653082
 21
1606.996304738381
 31
0.0
  0
LINE
  5
5EA
102
{ACAD_REACTORS
330
1825
102
}
330
1F
100
AcDbEntity
  8
0
100
AcDbLine
 10
1727.347556653082
 20
1606.996304738381
 30
0.0
 11
1728.600454050626
 21
1603.64401036745
 31
0.0
  0
LINE
  5
5EB
102
{ACAD_REACTORS
330
1825
102
}
330
1F
100
AcDbEntity
  8
0
100
AcDbLine
 10
1728.600454050626
 20
1603.64401036745
 30
0.0
 11
1726.278728738777
 21
1602.790546592887
 31
0.0
  0
LINE
  5
5EC
102
{ACAD_REACTORS
330
1825
102
}
330
1F
100
AcDbEntity
  8
0
100
AcDbLine
 10
1741.126344625082
 20
1593.228961551863
 30
0.0
 11
1741.126344625082
 21
1598.435582215815
 31
0.0
  0
LINE
  5
5ED
102
{ACAD_REACTORS
330
1825
102
}
330
1F
100
AcDbEntity
  8
0
100
AcDbLine
 10
1741.126344625082
 20
1613.504177589968
 30
0.0
 11
1741.126344625082
 21
1618.71079825392
 31
0.0
  0
LINE
  5
5EE
102
{ACAD_REACTORS
330
1825
102
}
330
1F
100
AcDbEntity
  8
0
100
AcDbLine
 10
1741.126344625082
 20
1613.504177589968
 30
0.0
 11
1746.40599001272
 21
1598.803652659705
 31
0.0
  0
LINE
  5
5EF
102
{ACAD_REACTORS
330
1825
102
}
330
1F
100
AcDbEntity
  8
0
100
AcDbLine
 10
1742.42799979107
 20
1597.133927049824
 30
0.0
 11
1739.824689459092
 21
1599.737237381802
 31
0.0
  0
LINE
  5
5F0
102
{ACAD_REACTORS
330
1825
102
}
330
1F
100
AcDbEntity
  8
0
100
AcDbLine
 10
1739.824689459092
 20
1597.133927049824
 30
0.0
 11
1742.42799979107
 21
1599.737237381802
 31
0.0
  0
LINE
  5
5F1
102
{ACAD_REACTORS
330
1825
102
}
330
1F
100
AcDbEntity
  8
0
100
AcDbLine
 10
1743.766167318903
 20
1606.153915124837
 30
0.0
 11
1746.042938027146
 21
1606.996304738381
 31
0.0
  0
LINE
  5
5F2
102
{ACAD_REACTORS
330
1825
102
}
330
1F
100
AcDbEntity
  8
0
100
AcDbLine
 10
1746.042938027146
 20
1606.996304738381
 30
0.0
 11
1747.295835424689
 21
1603.64401036745
 31
0.0
  0
LINE
  5
5F3
102
{ACAD_REACTORS
330
1825
102
}
330
1F
100
AcDbEntity
  8
0
100
AcDbLine
 10
1747.295835424689
 20
1603.64401036745
 30
0.0
 11
1744.97411011284
 21
1602.790546592887
 31
0.0
  0
LINE
  5
5F4
102
{ACAD_REACTORS
330
1825
102
}
330
1F
100
AcDbEntity
  8
0
100
AcDbLine
 10
1741.126344625082
 20
1593.228961551863
 30
0.0
 11
1741.126344625082
 21
1566.957129797897
 31
0.0
  0
LINE
  5
5F5
102
{ACAD_REACTORS
330
1825
102
}
330
1F
100
AcDbEntity
  8
0
100
AcDbLine
 10
1722.430963251017
 20
1593.228961551863
 30
0.0
 11
1722.430963251017
 21
1575.181386675444
 31
0.0
  0
LINE
  5
5F6
102
{ACAD_REACTORS
330
1825
102
}
330
1F
100
AcDbEntity
  8
0
100
AcDbLine
 10
1703.73558187695
 20
1593.228961551863
 30
0.0
 11
1703.73558187695
 21
1583.740458973421
 31
0.0
  0
HATCH
  5
5F7
102
{ACAD_REACTORS
330
1825
102
}
330
1F
100
AcDbEntity
  8
Connecting
440
 33554687
100
AcDbHatch
 10
0.0
 20
0.0
 30
0.0
210
0.0
220
0.0
230
1.0
  2
SOLID
 70
     1
 71
     0
 91
        1
 92
        7
 72
     1
 73
     1
 93
        2
 10
1701.741407863719
 20
1583.740458973421
 42
1.0
 10
1705.729755890184
 20
1583.740458973421
 42
1.0
 97
        0
 75
     1
 76
     1
 47
0.0048123264401831
 98
        1
 10
1704.74505864631
 20
1584.334342545403
450
        0
451
        0
460
0.0
461
0.0
452
        0
462
0.0
453
        2
463
0.0
 63
     5
421
      255
463
1.0
 63
     2
421
 16776960
470
LINEAR
1001
GradientColor1ACI
1070
     5
1001
GradientColor2ACI
1070
     2
1001
ACAD
1010
0.0
1020
0.0
1030
0.0
  0
HATCH
  5
5F8
102
{ACAD_REACTORS
330
1825
102
}
330
1F
100
AcDbEntity
  8
Connecting
440
 33554687
100
AcDbHatch
 10
0.0
 20
0.0
 30
0.0
210
0.0
220
0.0
230
1.0
  2
SOLID
 70
     1
 71
     0
 91
        1
 92
        7
 72
     1
 73
     1
 93
        2
 10
1720.436789237786
 20
1575.181386675444
 42
1.0
 10
1724.425137264246
 20
1575.181386675444
 42
1.0
 97
        0
 75
     1
 76
     1
 47
0.0048123264401831
 98
        1
 10
1723.440440020374
 20
1575.77527024743
450
        0
451
        0
460
0.0
461
0.0
452
        0
462
0.0
453
        2
463
0.0
 63
     5
421
      255
463
1.0
 63
     2
421
 16776960
470
LINEAR
1001
GradientColor1ACI
1070
     5
1001
GradientColor2ACI
1070
     2
1001
ACAD
1010
0.0
1020
0.0
1030
0.0
  0
HATCH
  5
5F9
102
{ACAD_REACTORS
330
1825
102
}
330
1F
100
AcDbEntity
  8
Connecting
440
 33554687
100
AcDbHatch
 10
0.0
 20
0.0
 30
0.0
210
0.0
220
0.0
230
1.0
  2
SOLID
 70
     1
 71
     0
 91
        1
 92
        7
 72
     1
 73
     1
 93
        2
 10
1739.132170611848
 20
1566.957129797897
 42
1.0
 10
1743.120518638313
 20
1566.957129797897
 42
1.0
 97
        0
 75
     1
 76
     1
 47
0.0048123264401831
 98
        1
 10
1742.135821394439
 20
1567.551013369883
450
        0
451
        0
460
0.0
461
0.0
452
        0
462
0.0
453
        2
463
0.0
 63
     5
421
      255
463
1.0
 63
     2
421
 16776960
470
LINEAR
1001
GradientColor1ACI
1070
     5
1001
GradientColor2ACI
1070
     2
1001
ACAD
1010
0.0
1020
0.0
1030
0.0
  0
LINE
  5
5FA
102
{ACAD_REACTORS
330
1825
102
}
330
1F
100
AcDbEntity
  8
0
100
AcDbLine
 10
1703.73558187695
 20
1618.71079825392
 30
0.0
 11
1703.73558187695
 21
1625.304643433973
 31
0.0
  0
LINE
  5
5FB
102
{ACAD_REACTORS
330
1825
102
}
330
1F
100
AcDbEntity
  8
0
100
AcDbLine
 10
1722.430963251017
 20
1618.71079825392
 30
0.0
 11
1722.430963251017
 21
1625.304643433973
 31
0.0
  0
LINE
  5
5FC
102
{ACAD_REACTORS
330
1825
102
}
330
1F
100
AcDbEntity
  8
0
100
AcDbLine
 10
1741.126344625082
 20
1618.71079825392
 30
0.0
 11
1741.126344625082
 21
1625.304643433973
 31
0.0
  0
LWPOLYLINE
  5
5FD
102
{ACAD_REACTORS
330
1825
102
}
330
1F
100
AcDbEntity
  8
0
100
AcDbPolyline
 90
        4
 70
     1
 43
0.0
 10
1697.503788085595
 20
1718.127887223777
 10
1747.358138416436
 20
1718.127887223777
 10
1747.358138416436
 20
1668.273536892936
 10
1697.503788085595
 20
1668.273536892936
  0
LINE
  5
5FE
102
{ACAD_REACTORS
330
1825
102
}
330
1F
100
AcDbEntity
  8
0
100
AcDbLine
 10
1741.126344625082
 20
1668.273536892936
 30
0.0
 11
1741.126344625082
 21
1645.246383566312
 31
0.0
  0
LINE
  5
5FF
102
{ACAD_REACTORS
330
1825
102
}
330
1F
100
AcDbEntity
  8
0
100
AcDbLine
 10
1728.662757042371
 20
1668.273536892936
 30
0.0
 11
1728.662757042371
 21
1645.246383566312
 31
0.0
  0
LINE
  5
600
102
{ACAD_REACTORS
330
1825
102
}
330
1F
100
AcDbEntity
  8
0
100
AcDbLine
 10
1716.199169459662
 20
1668.273536892936
 30
0.0
 11
1716.199169459662
 21
1645.246383566312
 31
0.0
  0
LINE
  5
601
102
{ACAD_REACTORS
330
1825
102
}
330
1F
100
AcDbEntity
  8
0
100
AcDbLine
 10
1703.73558187695
 20
1668.273536892936
 30
0.0
 11
1703.73558187695
 21
1645.246383566312
 31
0.0
  0
LINE
  5
602
102
{ACAD_REACTORS
330
1825
102
}
330
1F
100
AcDbEntity
  8
0
100
AcDbLine
 10
1703.73558187695
 20
1718.127887223777
 30
0.0
 11
1703.73558187695
 21
1836.65448385182
 31
0.0
  0
LINE
  5
603
102
{ACAD_REACTORS
330
1825
102
}
330
1F
100
AcDbEntity
  8
0
100
AcDbLine
 10
1716.199169459662
 20
1718.127887223777
 30
0.0
 11
1716.199169459662
 21
1816.712743719481
 31
0.0
  0
LINE
  5
604
102
{ACAD_REACTORS
330
1825
102
}
330
1F
100
AcDbEntity
  8
0
100
AcDbLine
 10
1728.662757042371
 20
1718.127887223777
 30
0.0
 11
1728.662757042371
 21
1797.071479272285
 31
0.0
  0
LINE
  5
605
102
{ACAD_REACTORS
330
1825
102
}
330
1F
100
AcDbEntity
  8
0
100
AcDbLine
 10
1741.126344625082
 20
1718.127887223777
 30
0.0
 11
1741.126344625082
 21
1777.12973913995
 31
0.0
  0
HATCH
  5
606
102
{ACAD_REACTORS
330
1825
102
}
330
1F
100
AcDbEntity
  8
Connecting
440
 33554687
100
AcDbHatch
 10
0.0
 20
0.0
 30
0.0
210
0.0
220
0.0
230
1.0
  2
SOLID
 70
     1
 71
     0
 91
        1
 92
        7
 72
     1
 73
     1
 93
        2
 10
1739.132170611848
 20
1777.12973913995
 42
1.0
 10
1743.120518638313
 20
1777.12973913995
 42
1.0
 97
        0
 75
     1
 76
     1
 47
0.0048123264401831
 98
        1
 10
1742.135821394439
 20
1777.723622711933
450
        0
451
        0
460
0.0
461
0.0
452
        0
462
0.0
453
        2
463
0.0
 63
     5
421
      255
463
1.0
 63
     2
421
 16776960
470
LINEAR
1001
GradientColor1ACI
1070
     5
1001
GradientColor2ACI
1070
     2
1001
ACAD
1010
0.0
1020
0.0
1030
0.0
  0
MTEXT
  5
607
102
{ACAD_REACTORS
330
1825
102
}
330
1F
100
AcDbEntity
  8
0
100
AcDbMText
 10
1644.822777779904
 20
1586.372129646967
 30
0.0
 40
4.98543503308397
 41
6.453339956958355
 46
0.0
 71
     1
 72
     5
  1
\pxqc;R
  7
Tittle Block
 73
     1
 44
1.0
101
Embedded Object
 70
     1
 10
1.0
 20
0.0
 30
0.0
 11
1644.822777779904
 21
1586.372129646967
 31
0.0
 40
6.453339956958355
 41
0.0
 42
4.393712184682462
 43
4.98543503308397
 71
     2
 72
     1
 44
6.453339956958355
 45
174.4902261579389
 73
     0
 74
     0
 46
0.0
  0
MTEXT
  5
608
102
{ACAD_REACTORS
330
1825
102
}
330
1F
100
AcDbEntity
  8
0
100
AcDbMText
 10
1644.664835315571
 20
1578.444331907888
 30
0.0
 40
4.98543503308397
 41
6.453339956958355
 46
0.0
 71
     1
 72
     5
  1
\pxqc;S
  7
Tittle Block
 73
     1
 44
1.0
101
Embedded Object
 70
     1
 10
1.0
 20
0.0
 30
0.0
 11
1644.664835315571
 21
1578.444331907888
 31
0.0
 40
6.453339956958355
 41
0.0
 42
3.968623931520459
 43
5.155470334348771
 71
     2
 72
     1
 44
6.453339956958355
 45
174.4902261579389
 73
     0
 74
     0
 46
0.0
  0
MTEXT
  5
609
102
{ACAD_REACTORS
330
1825
102
}
330
1F
100
AcDbEntity
  8
0
100
AcDbMText
 10
1644.822777779904
 20
1569.588800471443
 30
0.0
 40
4.98543503308397
 41
6.453339956958355
 46
0.0
 71
     1
 72
     5
  1
\pxqc;T
  7
Tittle Block
 73
     1
 44
1.0
101
Embedded Object
 70
     1
 10
1.0
 20
0.0
 30
0.0
 11
1644.822777779904
 21
1569.588800471443
 31
0.0
 40
6.453339956958355
 41
0.0
 42
3.951620401393979
 43
4.98543503308397
 71
     2
 72
     1
 44
6.453339956958355
 45
174.4902261579389
 73
     0
 74
     0
 46
0.0
  0
MTEXT
  5
60A
102
{ACAD_REACTORS
330
1825
102
}
330
1F
100
AcDbEntity
  8
0
100
AcDbMText
 10
1666.892787079647
 20
1643.068900611918
 30
0.0
 40
4.98543503308397
 41
25.14820892242031
 46
0.0
 71
     1
 72
     5
  1
\pxqc;MCCB \P3P 40 A
  7
Tittle Block
 73
     1
 44
1.0
101
Embedded Object
 70
     1
 10
1.0
 20
0.0
 30
0.0
 11
1666.892787079647
 21
1643.068900611918
 31
0.0
 40
25.14820892242031
 41
0.0
 42
24.49868620623255
 43
13.48833366499913
 71
     2
 72
     1
 44
25.14820892242031
 45
174.4902261579389
 73
     0
 74
     0
 46
0.0
  0
MTEXT
  5
60B
102
{ACAD_REACTORS
330
1825
102
}
330
1F
100
AcDbEntity
  8
0
100
AcDbMText
 10
1657.836360528867
 20
1464.467880253046
 30
0.0
 40
4.98543503308397
 41
32.62464624553575
 46
0.0
 71
     1
 72
     5
  1
\pxqc;CRITICAL\PLOAD 1
  7
Tittle Block
 73
     1
 44
1.0
101
Embedded Object
 70
     1
 10
1.0
 20
0.0
 30
0.0
 11
1657.836360528867
 21
1464.467880253046
 31
0.0
 40
32.62464624553575
 41
0.0
 42
31.13686436761039
 43
13.55294707947975
 71
     2
 72
     1
 44
32.62464624553575
 45
174.4902261579389
 73
     0
 74
     0
 46
0.0
  0
MTEXT
  5
60C
102
{ACAD_REACTORS
330
1825
102
}
330
1F
100
AcDbEntity
  8
0
100
AcDbMText
 10
1703.367683127568
 20
1464.467880253046
 30
0.0
 40
4.98543503308397
 41
32.62464624553575
 46
0.0
 71
     1
 72
     5
  1
\pxqc;CRITICAL\PLOAD 2
  7
Tittle Block
 73
     1
 44
1.0
101
Embedded Object
 70
     1
 10
1.0
 20
0.0
 30
0.0
 11
1703.367683127568
 21
1464.467880253046
 31
0.0
 40
32.62464624553575
 41
0.0
 42
31.13686436761039
 43
13.55294707947975
 71
     2
 72
     1
 44
32.62464624553575
 45
174.4902261579389
 73
     0
 74
     0
 46
0.0
  0
MTEXT
  5
60D
102
{ACAD_REACTORS
330
1825
102
}
330
1F
100
AcDbEntity
  8
0
100
AcDbMText
 10
1749.541647392581
 20
1464.467880253046
 30
0.0
 40
4.98543503308397
 41
32.62464624553575
 46
0.0
 71
     1
 72
     5
  1
\pxqc;CRITICAL\PLOAD 3
  7
Tittle Block
 73
     1
 44
1.0
101
Embedded Object
 70
     1
 10
1.0
 20
0.0
 30
0.0
 11
1749.541647392581
 21
1464.467880253046
 31
0.0
 40
32.62464624553575
 41
0.0
 42
31.13686436761039
 43
13.55634778550505
 71
     2
 72
     1
 44
32.62464624553575
 45
174.4902261579389
 73
     0
 74
     0
 46
0.0
  0
MTEXT
  5
60E
102
{ACAD_REACTORS
330
1825
102
}
330
1F
100
AcDbEntity
  8
0
100
AcDbMText
 10
1657.836360528867
 20
1502.408306078948
 30
0.0
 40
4.98543503308397
 41
32.62464624553575
 46
0.0
 71
     1
 72
     5
  1
\pxqc;CL-1
  7
Tittle Block
 73
     1
 44
1.0
101
Embedded Object
 70
     1
 10
1.0
 20
0.0
 30
0.0
 11
1657.836360528867
 21
1502.408306078948
 31
0.0
 40
32.62464624553575
 41
0.0
 42
13.47019656619755
 43
5.155470334348771
 71
     2
 72
     1
 44
32.62464624553575
 45
174.4902261579389
 73
     0
 74
     0
 46
0.0
  0
MTEXT
  5
60F
102
{ACAD_REACTORS
330
1825
102
}
330
1F
100
AcDbEntity
  8
0
100
AcDbMText
 10
1703.367683127568
 20
1502.408306078948
 30
0.0
 40
4.98543503308397
 41
32.62464624553575
 46
0.0
 71
     1
 72
     5
  1
\pxqc;CL-2
  7
Tittle Block
 73
     1
 44
1.0
101
Embedded Object
 70
     1
 10
1.0
 20
0.0
 30
0.0
 11
1703.367683127568
 21
1502.408306078948
 31
0.0
 40
32.62464624553575
 41
0.0
 42
14.38158578097688
 43
5.155470334348771
 71
     2
 72
     1
 44
32.62464624553575
 45
174.4902261579389
 73
     0
 74
     0
 46
0.0
  0
MTEXT
  5
610
102
{ACAD_REACTORS
330
1825
102
}
330
1F
100
AcDbEntity
  8
0
100
AcDbMText
 10
1749.541647392581
 20
1502.408306078948
 30
0.0
 40
4.98543503308397
 41
32.62464624553575
 46
0.0
 71
     1
 72
     5
  1
\pxqc;CL-3
  7
Tittle Block
 73
     1
 44
1.0
101
Embedded Object
 70
     1
 10
1.0
 20
0.0
 30
0.0
 11
1749.541647392581
 21
1502.408306078948
 31
0.0
 40
32.62464624553575
 41
0.0
 42
14.43259637135632
 43
5.158871040374068
 71
     2
 72
     1
 44
32.62464624553575
 45
174.4902261579389
 73
     0
 74
     0
 46
0.0
  0
MTEXT
  5
611
102
{ACAD_REACTORS
330
1825
102
}
330
1F
100
AcDbEntity
  8
0
100
AcDbMText
 10
1705.801574043381
 20
1659.827621074336
 30
0.0
 40
4.98543503308397
 41
32.62464624553575
 46
0.0
 71
     1
 72
     5
  1
\pxqc;ATS-LOAD
  7
Tittle Block
 73
     1
 44
1.0
101
Embedded Object
 70
     1
 10
1.0
 20
0.0
 30
0.0
 11
1705.801574043381
 21
1659.827621074336
 31
0.0
 40
32.62464624553575
 41
0.0
 42
34.45935415432461
 43
5.158871040374068
 71
     2
 72
     1
 44
32.62464624553575
 45
174.4902261579389
 73
     0
 74
     0
 46
0.0
  0
MTEXT
  5
612
102
{ACAD_REACTORS
330
1825
102
}
330
1F
100
AcDbEntity
  8
0
100
AcDbMText
 10
1702.377440697966
 20
1702.577755652913
 30
0.0
 40
4.98543503308397
 41
38.89781323045161
 46
0.0
 71
     1
 72
     5
  1
\pxqc;AUTOMATIC\PTRANSFER\PSWITCH
  7
Tittle Block
 73
     1
 44
1.0
101
Embedded Object
 70
     1
 10
1.0
 20
0.0
 30
0.0
 11
1702.377440697966
 21
1702.577755652913
 31
0.0
 40
38.89781323045161
 41
0.0
 42
40.73705747702105
 43
21.94702311858543
 71
     2
 72
     1
 44
38.89781323045161
 45
174.4902261579389
 73
     0
 74
     0
 46
0.0
  0
LINE
  5
613
102
{ACAD_REACTORS
330
1825
102
}
330
1F
100
AcDbEntity
  8
0
100
AcDbLine
 10
1697.503788085595
 20
1711.896093432423
 30
0.0
 11
1545.519009902717
 21
1711.896093432423
 31
0.0
  0
LINE
  5
614
102
{ACAD_REACTORS
330
1825
102
}
330
1F
100
AcDbEntity
  8
0
100
AcDbLine
 10
1697.503788085595
 20
1699.432505849711
 30
0.0
 11
1566.293300192231
 21
1699.432505849711
 31
0.0
  0
LINE
  5
615
102
{ACAD_REACTORS
330
1825
102
}
330
1F
100
AcDbEntity
  8
0
100
AcDbLine
 10
1697.503788085595
 20
1686.968918267002
 30
0.0
 11
1590.328558957836
 21
1686.968918267002
 31
0.0
  0
LINE
  5
616
102
{ACAD_REACTORS
330
1825
102
}
330
1F
100
AcDbEntity
  8
0
100
AcDbLine
 10
1697.503788085595
 20
1674.505330684294
 30
0.0
 11
1612.435056530294
 21
1674.505330684294
 31
0.0
  0
LINE
  5
617
102
{ACAD_REACTORS
330
1825
102
}
330
1F
100
AcDbEntity
  8
0
100
AcDbLine
 10
2666.854565492896
 20
1581.216163104519
 30
0.0
 11
2666.854565492896
 21
1586.422783768471
 31
0.0
  0
LINE
  5
618
102
{ACAD_REACTORS
330
1825
102
}
330
1F
100
AcDbEntity
  8
0
100
AcDbLine
 10
2666.854565492896
 20
1601.491379142629
 30
0.0
 11
2666.854565492896
 21
1606.697999806577
 31
0.0
  0
LINE
  5
619
102
{ACAD_REACTORS
330
1825
102
}
330
1F
100
AcDbEntity
  8
0
100
AcDbLine
 10
2666.854565492896
 20
1601.491379142629
 30
0.0
 11
2672.134210880538
 21
1586.790854212361
 31
0.0
  0
LINE
  5
61A
102
{ACAD_REACTORS
330
1825
102
}
330
1F
100
AcDbEntity
  8
0
100
AcDbLine
 10
2668.156220658883
 20
1585.12112860248
 30
0.0
 11
2665.552910326906
 21
1587.724438934458
 31
0.0
  0
LINE
  5
61B
102
{ACAD_REACTORS
330
1825
102
}
330
1F
100
AcDbEntity
  8
0
100
AcDbLine
 10
2665.552910326906
 20
1585.12112860248
 30
0.0
 11
2668.156220658883
 21
1587.724438934458
 31
0.0
  0
LINE
  5
61C
102
{ACAD_REACTORS
330
1825
102
}
330
1F
100
AcDbEntity
  8
0
100
AcDbLine
 10
2669.494388186717
 20
1594.141116677493
 30
0.0
 11
2671.771158894967
 21
1594.983506291037
 31
0.0
  0
LINE
  5
61D
102
{ACAD_REACTORS
330
1825
102
}
330
1F
100
AcDbEntity
  8
0
100
AcDbLine
 10
2671.771158894967
 20
1594.983506291037
 30
0.0
 11
2673.024056292506
 21
1591.631211920106
 31
0.0
  0
LINE
  5
61E
102
{ACAD_REACTORS
330
1825
102
}
330
1F
100
AcDbEntity
  8
0
100
AcDbLine
 10
2673.024056292506
 20
1591.631211920106
 30
0.0
 11
2670.702330980654
 21
1590.777748145536
 31
0.0
  0
LINE
  5
61F
102
{ACAD_REACTORS
330
1825
102
}
330
1F
100
AcDbEntity
  8
0
100
AcDbLine
 10
2675.809352274369
 20
1581.216163104519
 30
0.0
 11
2675.809352274369
 21
1586.422783768471
 31
0.0
  0
LINE
  5
620
102
{ACAD_REACTORS
330
1825
102
}
330
1F
100
AcDbEntity
  8
0
100
AcDbLine
 10
2675.809352274369
 20
1601.491379142629
 30
0.0
 11
2675.809352274369
 21
1606.697999806577
 31
0.0
  0
LINE
  5
621
102
{ACAD_REACTORS
330
1825
102
}
330
1F
100
AcDbEntity
  8
0
100
AcDbLine
 10
2675.809352274369
 20
1601.491379142629
 30
0.0
 11
2681.088997662011
 21
1586.790854212361
 31
0.0
  0
LINE
  5
622
102
{ACAD_REACTORS
330
1825
102
}
330
1F
100
AcDbEntity
  8
0
100
AcDbLine
 10
2677.111007440356
 20
1585.12112860248
 30
0.0
 11
2674.507697108385
 21
1587.724438934458
 31
0.0
  0
LINE
  5
623
102
{ACAD_REACTORS
330
1825
102
}
330
1F
100
AcDbEntity
  8
0
100
AcDbLine
 10
2674.507697108385
 20
1585.12112860248
 30
0.0
 11
2677.111007440356
 21
1587.724438934458
 31
0.0
  0
LINE
  5
624
102
{ACAD_REACTORS
330
1825
102
}
330
1F
100
AcDbEntity
  8
0
100
AcDbLine
 10
2678.44917496819
 20
1594.141116677493
 30
0.0
 11
2680.72594567644
 21
1594.983506291037
 31
0.0
  0
LINE
  5
625
102
{ACAD_REACTORS
330
1825
102
}
330
1F
100
AcDbEntity
  8
0
100
AcDbLine
 10
2680.72594567644
 20
1594.983506291037
 30
0.0
 11
2681.978843073979
 21
1591.631211920106
 31
0.0
  0
LINE
  5
626
102
{ACAD_REACTORS
330
1825
102
}
330
1F
100
AcDbEntity
  8
0
100
AcDbLine
 10
2681.978843073979
 20
1591.631211920106
 30
0.0
 11
2679.657117762135
 21
1590.777748145536
 31
0.0
  0
LINE
  5
627
102
{ACAD_REACTORS
330
1825
102
}
330
1F
100
AcDbEntity
  8
0
100
AcDbLine
 10
2685.343444726173
 20
1581.216163104519
 30
0.0
 11
2685.343444726173
 21
1586.422783768471
 31
0.0
  0
LINE
  5
628
102
{ACAD_REACTORS
330
1825
102
}
330
1F
100
AcDbEntity
  8
0
100
AcDbLine
 10
2685.343444726173
 20
1601.491379142629
 30
0.0
 11
2685.343444726173
 21
1606.697999806577
 31
0.0
  0
LINE
  5
629
102
{ACAD_REACTORS
330
1825
102
}
330
1F
100
AcDbEntity
  8
0
100
AcDbLine
 10
2685.343444726173
 20
1601.491379142629
 30
0.0
 11
2690.623090113816
 21
1586.790854212361
 31
0.0
  0
LINE
  5
62A
102
{ACAD_REACTORS
330
1825
102
}
330
1F
100
AcDbEntity
  8
0
100
AcDbLine
 10
2686.645099892163
 20
1585.12112860248
 30
0.0
 11
2684.041789560185
 21
1587.724438934458
 31
0.0
  0
LINE
  5
62B
102
{ACAD_REACTORS
330
1825
102
}
330
1F
100
AcDbEntity
  8
0
100
AcDbLine
 10
2684.041789560185
 20
1585.12112860248
 30
0.0
 11
2686.645099892163
 21
1587.724438934458
 31
0.0
  0
LINE
  5
62C
102
{ACAD_REACTORS
330
1825
102
}
330
1F
100
AcDbEntity
  8
0
100
AcDbLine
 10
2687.983267419993
 20
1594.141116677493
 30
0.0
 11
2690.260038128242
 21
1594.983506291037
 31
0.0
  0
LINE
  5
62D
102
{ACAD_REACTORS
330
1825
102
}
330
1F
100
AcDbEntity
  8
0
100
AcDbLine
 10
2690.260038128242
 20
1594.983506291037
 30
0.0
 11
2691.512935525782
 21
1591.631211920106
 31
0.0
  0
LINE
  5
62E
102
{ACAD_REACTORS
330
1825
102
}
330
1F
100
AcDbEntity
  8
0
100
AcDbLine
 10
2691.512935525782
 20
1591.631211920106
 30
0.0
 11
2689.191210213933
 21
1590.777748145536
 31
0.0
  0
LWPOLYLINE
  5
62F
102
{ACAD_REACTORS
330
1825
102
}
330
1F
100
AcDbEntity
  8
0
100
AcDbPolyline
 90
        4
 70
     1
 43
0.0
 10
2660.316452040196
 20
1612.172875913752
 10
2696.800257623147
 20
1612.172875913752
 10
2696.800257623147
 20
1575.689070330797
 10
2660.316452040196
 20
1575.689070330797
  0
LINE
  5
630
102
{ACAD_REACTORS
330
1825
102
}
330
1F
100
AcDbEntity
  8
0
100
AcDbLine
 10
2666.854565492896
 20
1581.216163104519
 30
0.0
 11
2666.854565492896
 21
1531.361812773678
 31
0.0
  0
LINE
  5
631
102
{ACAD_REACTORS
330
1825
102
}
330
1F
100
AcDbEntity
  8
0
100
AcDbLine
 10
2675.809352274369
 20
1581.216163104519
 30
0.0
 11
2675.809352274369
 21
1531.361812773678
 31
0.0
  0
LINE
  5
632
102
{ACAD_REACTORS
330
1825
102
}
330
1F
100
AcDbEntity
  8
0
100
AcDbLine
 10
2685.343444726173
 20
1581.216163104519
 30
0.0
 11
2685.343444726173
 21
1531.361812773678
 31
0.0
  0
LINE
  5
633
102
{ACAD_REACTORS
330
1825
102
}
330
1F
100
AcDbEntity
  8
0
100
AcDbLine
 10
2654.293586967197
 20
1627.687381553784
 30
0.0
 11
2793.88576789355
 21
1627.687381553784
 31
0.0
  0
LINE
  5
634
102
{ACAD_REACTORS
330
1825
102
}
330
1F
100
AcDbEntity
  8
0
100
AcDbLine
 10
2654.293586967197
 20
1635.911638431332
 30
0.0
 11
2793.88576789355
 21
1635.911638431332
 31
0.0
  0
LINE
  5
635
102
{ACAD_REACTORS
330
1825
102
}
330
1F
100
AcDbEntity
  8
0
100
AcDbLine
 10
2654.293586967197
 20
1644.470710729305
 30
0.0
 11
2793.88576789355
 21
1644.470710729305
 31
0.0
  0
LINE
  5
636
102
{ACAD_REACTORS
330
1825
102
}
330
1F
100
AcDbEntity
  8
0
100
AcDbLine
 10
2712.385888091597
 20
1581.216163104519
 30
0.0
 11
2712.385888091597
 21
1586.422783768471
 31
0.0
  0
LINE
  5
637
102
{ACAD_REACTORS
330
1825
102
}
330
1F
100
AcDbEntity
  8
0
100
AcDbLine
 10
2712.385888091597
 20
1601.491379142629
 30
0.0
 11
2712.385888091597
 21
1606.697999806577
 31
0.0
  0
LINE
  5
638
102
{ACAD_REACTORS
330
1825
102
}
330
1F
100
AcDbEntity
  8
0
100
AcDbLine
 10
2712.385888091597
 20
1601.491379142629
 30
0.0
 11
2717.665533479234
 21
1586.790854212361
 31
0.0
  0
LINE
  5
639
102
{ACAD_REACTORS
330
1825
102
}
330
1F
100
AcDbEntity
  8
0
100
AcDbLine
 10
2713.687543257588
 20
1585.12112860248
 30
0.0
 11
2711.084232925613
 21
1587.724438934458
 31
0.0
  0
LINE
  5
63A
102
{ACAD_REACTORS
330
1825
102
}
330
1F
100
AcDbEntity
  8
0
100
AcDbLine
 10
2711.084232925613
 20
1585.12112860248
 30
0.0
 11
2713.687543257588
 21
1587.724438934458
 31
0.0
  0
LINE
  5
63B
102
{ACAD_REACTORS
330
1825
102
}
330
1F
100
AcDbEntity
  8
0
100
AcDbLine
 10
2715.025710785417
 20
1594.141116677493
 30
0.0
 11
2717.302481493664
 21
1594.983506291037
 31
0.0
  0
LINE
  5
63C
102
{ACAD_REACTORS
330
1825
102
}
330
1F
100
AcDbEntity
  8
0
100
AcDbLine
 10
2717.302481493664
 20
1594.983506291037
 30
0.0
 11
2718.555378891203
 21
1591.631211920106
 31
0.0
  0
LINE
  5
63D
102
{ACAD_REACTORS
330
1825
102
}
330
1F
100
AcDbEntity
  8
0
100
AcDbLine
 10
2718.555378891203
 20
1591.631211920106
 30
0.0
 11
2716.233653579358
 21
1590.777748145536
 31
0.0
  0
LINE
  5
63E
102
{ACAD_REACTORS
330
1825
102
}
330
1F
100
AcDbEntity
  8
0
100
AcDbLine
 10
2721.340674873077
 20
1581.216163104519
 30
0.0
 11
2721.340674873077
 21
1586.422783768471
 31
0.0
  0
LINE
  5
63F
102
{ACAD_REACTORS
330
1825
102
}
330
1F
100
AcDbEntity
  8
0
100
AcDbLine
 10
2721.340674873077
 20
1601.491379142629
 30
0.0
 11
2721.340674873077
 21
1606.697999806577
 31
0.0
  0
LINE
  5
640
102
{ACAD_REACTORS
330
1825
102
}
330
1F
100
AcDbEntity
  8
0
100
AcDbLine
 10
2721.340674873077
 20
1601.491379142629
 30
0.0
 11
2726.620320260708
 21
1586.790854212361
 31
0.0
  0
LINE
  5
641
102
{ACAD_REACTORS
330
1825
102
}
330
1F
100
AcDbEntity
  8
0
100
AcDbLine
 10
2722.642330039061
 20
1585.12112860248
 30
0.0
 11
2720.039019707086
 21
1587.724438934458
 31
0.0
  0
LINE
  5
642
102
{ACAD_REACTORS
330
1825
102
}
330
1F
100
AcDbEntity
  8
0
100
AcDbLine
 10
2720.039019707086
 20
1585.12112860248
 30
0.0
 11
2722.642330039061
 21
1587.724438934458
 31
0.0
  0
LINE
  5
643
102
{ACAD_REACTORS
330
1825
102
}
330
1F
100
AcDbEntity
  8
0
100
AcDbLine
 10
2723.98049756689
 20
1594.141116677493
 30
0.0
 11
2726.257268275137
 21
1594.983506291037
 31
0.0
  0
LINE
  5
644
102
{ACAD_REACTORS
330
1825
102
}
330
1F
100
AcDbEntity
  8
0
100
AcDbLine
 10
2726.257268275137
 20
1594.983506291037
 30
0.0
 11
2727.51016567268
 21
1591.631211920106
 31
0.0
  0
LINE
  5
645
102
{ACAD_REACTORS
330
1825
102
}
330
1F
100
AcDbEntity
  8
0
100
AcDbLine
 10
2727.51016567268
 20
1591.631211920106
 30
0.0
 11
2725.188440360831
 21
1590.777748145536
 31
0.0
  0
LINE
  5
646
102
{ACAD_REACTORS
330
1825
102
}
330
1F
100
AcDbEntity
  8
0
100
AcDbLine
 10
2730.874767324873
 20
1581.216163104519
 30
0.0
 11
2730.874767324873
 21
1586.422783768471
 31
0.0
  0
LINE
  5
647
102
{ACAD_REACTORS
330
1825
102
}
330
1F
100
AcDbEntity
  8
0
100
AcDbLine
 10
2730.874767324873
 20
1601.491379142629
 30
0.0
 11
2730.874767324873
 21
1606.697999806577
 31
0.0
  0
LINE
  5
648
102
{ACAD_REACTORS
330
1825
102
}
330
1F
100
AcDbEntity
  8
0
100
AcDbLine
 10
2730.874767324873
 20
1601.491379142629
 30
0.0
 11
2736.154412712514
 21
1586.790854212361
 31
0.0
  0
LINE
  5
649
102
{ACAD_REACTORS
330
1825
102
}
330
1F
100
AcDbEntity
  8
0
100
AcDbLine
 10
2732.176422490863
 20
1585.12112860248
 30
0.0
 11
2729.57311215889
 21
1587.724438934458
 31
0.0
  0
LINE
  5
64A
102
{ACAD_REACTORS
330
1825
102
}
330
1F
100
AcDbEntity
  8
0
100
AcDbLine
 10
2729.57311215889
 20
1585.12112860248
 30
0.0
 11
2732.176422490863
 21
1587.724438934458
 31
0.0
  0
LINE
  5
64B
102
{ACAD_REACTORS
330
1825
102
}
330
1F
100
AcDbEntity
  8
0
100
AcDbLine
 10
2733.514590018697
 20
1594.141116677493
 30
0.0
 11
2735.791360726939
 21
1594.983506291037
 31
0.0
  0
LINE
  5
64C
102
{ACAD_REACTORS
330
1825
102
}
330
1F
100
AcDbEntity
  8
0
100
AcDbLine
 10
2735.791360726939
 20
1594.983506291037
 30
0.0
 11
2737.04425812448
 21
1591.631211920106
 31
0.0
  0
LINE
  5
64D
102
{ACAD_REACTORS
330
1825
102
}
330
1F
100
AcDbEntity
  8
0
100
AcDbLine
 10
2737.04425812448
 20
1591.631211920106
 30
0.0
 11
2734.722532812634
 21
1590.777748145536
 31
0.0
  0
LWPOLYLINE
  5
64E
102
{ACAD_REACTORS
330
1825
102
}
330
1F
100
AcDbEntity
  8
0
100
AcDbPolyline
 90
        4
 70
     1
 43
0.0
 10
2705.847774638894
 20
1612.172875913752
 10
2742.331580221852
 20
1612.172875913752
 10
2742.331580221852
 20
1575.689070330797
 10
2705.847774638894
 20
1575.689070330797
  0
LINE
  5
64F
102
{ACAD_REACTORS
330
1825
102
}
330
1F
100
AcDbEntity
  8
0
100
AcDbLine
 10
2712.385888091597
 20
1581.216163104519
 30
0.0
 11
2712.385888091597
 21
1531.361812773678
 31
0.0
  0
LINE
  5
650
102
{ACAD_REACTORS
330
1825
102
}
330
1F
100
AcDbEntity
  8
0
100
AcDbLine
 10
2721.340674873077
 20
1581.216163104519
 30
0.0
 11
2721.340674873077
 21
1531.361812773678
 31
0.0
  0
LINE
  5
651
102
{ACAD_REACTORS
330
1825
102
}
330
1F
100
AcDbEntity
  8
0
100
AcDbLine
 10
2730.874767324873
 20
1581.216163104519
 30
0.0
 11
2730.874767324873
 21
1531.361812773678
 31
0.0
  0
LINE
  5
652
102
{ACAD_REACTORS
330
1825
102
}
330
1F
100
AcDbEntity
  8
0
100
AcDbLine
 10
2758.559852356614
 20
1581.216163104519
 30
0.0
 11
2758.559852356614
 21
1586.422783768471
 31
0.0
  0
LINE
  5
653
102
{ACAD_REACTORS
330
1825
102
}
330
1F
100
AcDbEntity
  8
0
100
AcDbLine
 10
2758.559852356614
 20
1601.491379142629
 30
0.0
 11
2758.559852356614
 21
1606.697999806577
 31
0.0
  0
LINE
  5
654
102
{ACAD_REACTORS
330
1825
102
}
330
1F
100
AcDbEntity
  8
0
100
AcDbLine
 10
2758.559852356614
 20
1601.491379142629
 30
0.0
 11
2763.839497744251
 21
1586.790854212361
 31
0.0
  0
LINE
  5
655
102
{ACAD_REACTORS
330
1825
102
}
330
1F
100
AcDbEntity
  8
0
100
AcDbLine
 10
2759.861507522601
 20
1585.12112860248
 30
0.0
 11
2757.258197190627
 21
1587.724438934458
 31
0.0
  0
LINE
  5
656
102
{ACAD_REACTORS
330
1825
102
}
330
1F
100
AcDbEntity
  8
0
100
AcDbLine
 10
2757.258197190627
 20
1585.12112860248
 30
0.0
 11
2759.861507522601
 21
1587.724438934458
 31
0.0
  0
LINE
  5
657
102
{ACAD_REACTORS
330
1825
102
}
330
1F
100
AcDbEntity
  8
0
100
AcDbLine
 10
2761.199675050435
 20
1594.141116677493
 30
0.0
 11
2763.476445758676
 21
1594.983506291037
 31
0.0
  0
LINE
  5
658
102
{ACAD_REACTORS
330
1825
102
}
330
1F
100
AcDbEntity
  8
0
100
AcDbLine
 10
2763.476445758676
 20
1594.983506291037
 30
0.0
 11
2764.729343156217
 21
1591.631211920106
 31
0.0
  0
LINE
  5
659
102
{ACAD_REACTORS
330
1825
102
}
330
1F
100
AcDbEntity
  8
0
100
AcDbLine
 10
2764.729343156217
 20
1591.631211920106
 30
0.0
 11
2762.407617844371
 21
1590.777748145536
 31
0.0
  0
LINE
  5
65A
102
{ACAD_REACTORS
330
1825
102
}
330
1F
100
AcDbEntity
  8
0
100
AcDbLine
 10
2767.514639138091
 20
1581.216163104519
 30
0.0
 11
2767.514639138091
 21
1586.422783768471
 31
0.0
  0
LINE
  5
65B
102
{ACAD_REACTORS
330
1825
102
}
330
1F
100
AcDbEntity
  8
0
100
AcDbLine
 10
2767.514639138091
 20
1601.491379142629
 30
0.0
 11
2767.514639138091
 21
1606.697999806577
 31
0.0
  0
LINE
  5
65C
102
{ACAD_REACTORS
330
1825
102
}
330
1F
100
AcDbEntity
  8
0
100
AcDbLine
 10
2767.514639138091
 20
1601.491379142629
 30
0.0
 11
2772.794284525724
 21
1586.790854212361
 31
0.0
  0
LINE
  5
65D
102
{ACAD_REACTORS
330
1825
102
}
330
1F
100
AcDbEntity
  8
0
100
AcDbLine
 10
2768.816294304075
 20
1585.12112860248
 30
0.0
 11
2766.2129839721
 21
1587.724438934458
 31
0.0
  0
LINE
  5
65E
102
{ACAD_REACTORS
330
1825
102
}
330
1F
100
AcDbEntity
  8
0
100
AcDbLine
 10
2766.2129839721
 20
1585.12112860248
 30
0.0
 11
2768.816294304075
 21
1587.724438934458
 31
0.0
  0
LINE
  5
65F
102
{ACAD_REACTORS
330
1825
102
}
330
1F
100
AcDbEntity
  8
0
100
AcDbLine
 10
2770.154461831907
 20
1594.141116677493
 30
0.0
 11
2772.431232540153
 21
1594.983506291037
 31
0.0
  0
LINE
  5
660
102
{ACAD_REACTORS
330
1825
102
}
330
1F
100
AcDbEntity
  8
0
100
AcDbLine
 10
2772.431232540153
 20
1594.983506291037
 30
0.0
 11
2773.684129937693
 21
1591.631211920106
 31
0.0
  0
LINE
  5
661
102
{ACAD_REACTORS
330
1825
102
}
330
1F
100
AcDbEntity
  8
0
100
AcDbLine
 10
2773.684129937693
 20
1591.631211920106
 30
0.0
 11
2771.362404625844
 21
1590.777748145536
 31
0.0
  0
LINE
  5
662
102
{ACAD_REACTORS
330
1825
102
}
330
1F
100
AcDbEntity
  8
0
100
AcDbLine
 10
2777.048731589889
 20
1581.216163104519
 30
0.0
 11
2777.048731589889
 21
1586.422783768471
 31
0.0
  0
LINE
  5
663
102
{ACAD_REACTORS
330
1825
102
}
330
1F
100
AcDbEntity
  8
0
100
AcDbLine
 10
2777.048731589889
 20
1601.491379142629
 30
0.0
 11
2777.048731589889
 21
1606.697999806577
 31
0.0
  0
LINE
  5
664
102
{ACAD_REACTORS
330
1825
102
}
330
1F
100
AcDbEntity
  8
0
100
AcDbLine
 10
2777.048731589889
 20
1601.491379142629
 30
0.0
 11
2782.328376977527
 21
1586.790854212361
 31
0.0
  0
LINE
  5
665
102
{ACAD_REACTORS
330
1825
102
}
330
1F
100
AcDbEntity
  8
0
100
AcDbLine
 10
2778.350386755877
 20
1585.12112860248
 30
0.0
 11
2775.747076423906
 21
1587.724438934458
 31
0.0
  0
LINE
  5
666
102
{ACAD_REACTORS
330
1825
102
}
330
1F
100
AcDbEntity
  8
0
100
AcDbLine
 10
2775.747076423906
 20
1585.12112860248
 30
0.0
 11
2778.350386755877
 21
1587.724438934458
 31
0.0
  0
LINE
  5
667
102
{ACAD_REACTORS
330
1825
102
}
330
1F
100
AcDbEntity
  8
0
100
AcDbLine
 10
2779.68855428371
 20
1594.141116677493
 30
0.0
 11
2781.965324991956
 21
1594.983506291037
 31
0.0
  0
LINE
  5
668
102
{ACAD_REACTORS
330
1825
102
}
330
1F
100
AcDbEntity
  8
0
100
AcDbLine
 10
2781.965324991956
 20
1594.983506291037
 30
0.0
 11
2783.218222389493
 21
1591.631211920106
 31
0.0
  0
LINE
  5
669
102
{ACAD_REACTORS
330
1825
102
}
330
1F
100
AcDbEntity
  8
0
100
AcDbLine
 10
2783.218222389493
 20
1591.631211920106
 30
0.0
 11
2780.896497077648
 21
1590.777748145536
 31
0.0
  0
LWPOLYLINE
  5
66A
102
{ACAD_REACTORS
330
1825
102
}
330
1F
100
AcDbEntity
  8
0
100
AcDbPolyline
 90
        4
 70
     1
 43
0.0
 10
2752.02173890391
 20
1612.172875913752
 10
2788.505544486869
 20
1612.172875913752
 10
2788.505544486869
 20
1575.689070330797
 10
2752.02173890391
 20
1575.689070330797
  0
LINE
  5
66B
102
{ACAD_REACTORS
330
1825
102
}
330
1F
100
AcDbEntity
  8
0
100
AcDbLine
 10
2758.559852356614
 20
1581.216163104519
 30
0.0
 11
2758.559852356614
 21
1531.361812773678
 31
0.0
  0
LINE
  5
66C
102
{ACAD_REACTORS
330
1825
102
}
330
1F
100
AcDbEntity
  8
0
100
AcDbLine
 10
2767.514639138091
 20
1581.216163104519
 30
0.0
 11
2767.514639138091
 21
1531.361812773678
 31
0.0
  0
LINE
  5
66D
102
{ACAD_REACTORS
330
1825
102
}
330
1F
100
AcDbEntity
  8
0
100
AcDbLine
 10
2777.048731589889
 20
1581.216163104519
 30
0.0
 11
2777.048731589889
 21
1531.361812773678
 31
0.0
  0
HATCH
  5
66E
102
{ACAD_REACTORS
330
1825
102
}
330
1F
100
AcDbEntity
  8
Connecting
440
 33554687
100
AcDbHatch
 10
0.0
 20
0.0
 30
0.0
210
0.0
220
0.0
230
1.0
  2
SOLID
 70
     1
 71
     0
 91
        1
 92
        7
 72
     1
 73
     1
 93
        2
 10
2664.860391479665
 20
1531.361812773678
 42
1.0
 10
2668.848739506134
 20
1531.361812773678
 42
1.0
 97
        0
 75
     1
 76
     1
 47
0.0048123264401831
 98
        1
 10
2667.864042262253
 20
1531.955696345664
450
        0
451
        0
460
0.0
461
0.0
452
        0
462
0.0
453
        2
463
0.0
 63
     5
421
      255
463
1.0
 63
     2
421
 16776960
470
LINEAR
1001
GradientColor1ACI
1070
     5
1001
GradientColor2ACI
1070
     2
1001
ACAD
1010
0.0
1020
0.0
1030
0.0
  0
HATCH
  5
66F
102
{ACAD_REACTORS
330
1825
102
}
330
1F
100
AcDbEntity
  8
Connecting
440
 33554687
100
AcDbHatch
 10
0.0
 20
0.0
 30
0.0
210
0.0
220
0.0
230
1.0
  2
SOLID
 70
     1
 71
     0
 91
        1
 92
        7
 72
     1
 73
     1
 93
        2
 10
2673.815178261139
 20
1531.361812773678
 42
1.0
 10
2677.803526287607
 20
1531.361812773678
 42
1.0
 97
        0
 75
     1
 76
     1
 47
0.0048123264401831
 98
        1
 10
2676.818829043726
 20
1531.955696345664
450
        0
451
        0
460
0.0
461
0.0
452
        0
462
0.0
453
        2
463
0.0
 63
     5
421
      255
463
1.0
 63
     2
421
 16776960
470
LINEAR
1001
GradientColor1ACI
1070
     5
1001
GradientColor2ACI
1070
     2
1001
ACAD
1010
0.0
1020
0.0
1030
0.0
  0
HATCH
  5
670
102
{ACAD_REACTORS
330
1825
102
}
330
1F
100
AcDbEntity
  8
Connecting
440
 33554687
100
AcDbHatch
 10
0.0
 20
0.0
 30
0.0
210
0.0
220
0.0
230
1.0
  2
SOLID
 70
     1
 71
     0
 91
        1
 92
        7
 72
     1
 73
     1
 93
        2
 10
2683.349270712942
 20
1531.361812773678
 42
1.0
 10
2687.33761873941
 20
1531.361812773678
 42
1.0
 97
        0
 75
     1
 76
     1
 47
0.0048123264401831
 98
        1
 10
2686.352921495533
 20
1531.955696345664
450
        0
451
        0
460
0.0
461
0.0
452
        0
462
0.0
453
        2
463
0.0
 63
     5
421
      255
463
1.0
 63
     2
421
 16776960
470
LINEAR
1001
GradientColor1ACI
1070
     5
1001
GradientColor2ACI
1070
     2
1001
ACAD
1010
0.0
1020
0.0
1030
0.0
  0
HATCH
  5
671
102
{ACAD_REACTORS
330
1825
102
}
330
1F
100
AcDbEntity
  8
Connecting
440
 33554687
100
AcDbHatch
 10
0.0
 20
0.0
 30
0.0
210
0.0
220
0.0
230
1.0
  2
SOLID
 70
     1
 71
     0
 91
        1
 92
        7
 72
     1
 73
     1
 93
        2
 10
2710.391714078366
 20
1531.361812773678
 42
1.0
 10
2714.380062104835
 20
1531.361812773678
 42
1.0
 97
        0
 75
     1
 76
     1
 47
0.0048123264401831
 98
        1
 10
2713.395364860958
 20
1531.955696345664
450
        0
451
        0
460
0.0
461
0.0
452
        0
462
0.0
453
        2
463
0.0
 63
     5
421
      255
463
1.0
 63
     2
421
 16776960
470
LINEAR
1001
GradientColor1ACI
1070
     5
1001
GradientColor2ACI
1070
     2
1001
ACAD
1010
0.0
1020
0.0
1030
0.0
  0
HATCH
  5
672
102
{ACAD_REACTORS
330
1825
102
}
330
1F
100
AcDbEntity
  8
Connecting
440
 33554687
100
AcDbHatch
 10
0.0
 20
0.0
 30
0.0
210
0.0
220
0.0
230
1.0
  2
SOLID
 70
     1
 71
     0
 91
        1
 92
        7
 72
     1
 73
     1
 93
        2
 10
2719.346500859839
 20
1531.361812773678
 42
1.0
 10
2723.334848886308
 20
1531.361812773678
 42
1.0
 97
        0
 75
     1
 76
     1
 47
0.0048123264401831
 98
        1
 10
2722.350151642434
 20
1531.955696345664
450
        0
451
        0
460
0.0
461
0.0
452
        0
462
0.0
453
        2
463
0.0
 63
     5
421
      255
463
1.0
 63
     2
421
 16776960
470
LINEAR
1001
GradientColor1ACI
1070
     5
1001
GradientColor2ACI
1070
     2
1001
ACAD
1010
0.0
1020
0.0
1030
0.0
  0
HATCH
  5
673
102
{ACAD_REACTORS
330
1825
102
}
330
1F
100
AcDbEntity
  8
Connecting
440
 33554687
100
AcDbHatch
 10
0.0
 20
0.0
 30
0.0
210
0.0
220
0.0
230
1.0
  2
SOLID
 70
     1
 71
     0
 91
        1
 92
        7
 72
     1
 73
     1
 93
        2
 10
2728.880593311642
 20
1531.361812773678
 42
1.0
 10
2732.86894133811
 20
1531.361812773678
 42
1.0
 97
        0
 75
     1
 76
     1
 47
0.0048123264401831
 98
        1
 10
2731.884244094234
 20
1531.955696345664
450
        0
451
        0
460
0.0
461
0.0
452
        0
462
0.0
453
        2
463
0.0
 63
     5
421
      255
463
1.0
 63
     2
421
 16776960
470
LINEAR
1001
GradientColor1ACI
1070
     5
1001
GradientColor2ACI
1070
     2
1001
ACAD
1010
0.0
1020
0.0
1030
0.0
  0
HATCH
  5
674
102
{ACAD_REACTORS
330
1825
102
}
330
1F
100
AcDbEntity
  8
Connecting
440
 33554687
100
AcDbHatch
 10
0.0
 20
0.0
 30
0.0
210
0.0
220
0.0
230
1.0
  2
SOLID
 70
     1
 71
     0
 91
        1
 92
        7
 72
     1
 73
     1
 93
        2
 10
2756.56567834338
 20
1531.361812773678
 42
1.0
 10
2760.554026369848
 20
1531.361812773678
 42
1.0
 97
        0
 75
     1
 76
     1
 47
0.0048123264401831
 98
        1
 10
2759.569329125972
 20
1531.955696345664
450
        0
451
        0
460
0.0
461
0.0
452
        0
462
0.0
453
        2
463
0.0
 63
     5
421
      255
463
1.0
 63
     2
421
 16776960
470
LINEAR
1001
GradientColor1ACI
1070
     5
1001
GradientColor2ACI
1070
     2
1001
ACAD
1010
0.0
1020
0.0
1030
0.0
  0
HATCH
  5
675
102
{ACAD_REACTORS
330
1825
102
}
330
1F
100
AcDbEntity
  8
Connecting
440
 33554687
100
AcDbHatch
 10
0.0
 20
0.0
 30
0.0
210
0.0
220
0.0
230
1.0
  2
SOLID
 70
     1
 71
     0
 91
        1
 92
        7
 72
     1
 73
     1
 93
        2
 10
2765.520465124853
 20
1531.361812773678
 42
1.0
 10
2769.508813151321
 20
1531.361812773678
 42
1.0
 97
        0
 75
     1
 76
     1
 47
0.0048123264401831
 98
        1
 10
2768.524115907448
 20
1531.955696345664
450
        0
451
        0
460
0.0
461
0.0
452
        0
462
0.0
453
        2
463
0.0
 63
     5
421
      255
463
1.0
 63
     2
421
 16776960
470
LINEAR
1001
GradientColor1ACI
1070
     5
1001
GradientColor2ACI
1070
     2
1001
ACAD
1010
0.0
1020
0.0
1030
0.0
  0
HATCH
  5
676
102
{ACAD_REACTORS
330
1825
102
}
330
1F
100
AcDbEntity
  8
Connecting
440
 33554687
100
AcDbHatch
 10
0.0
 20
0.0
 30
0.0
210
0.0
220
0.0
230
1.0
  2
SOLID
 70
     1
 71
     0
 91
        1
 92
        7
 72
     1
 73
     1
 93
        2
 10
2775.054557576656
 20
1531.361812773678
 42
1.0
 10
2779.042905603124
 20
1531.361812773678
 42
1.0
 97
        0
 75
     1
 76
     1
 47
0.0048123264401831
 98
        1
 10
2778.058208359246
 20
1531.955696345664
450
        0
451
        0
460
0.0
461
0.0
452
        0
462
0.0
453
        2
463
0.0
 63
     5
421
      255
463
1.0
 63
     2
421
 16776960
470
LINEAR
1001
GradientColor1ACI
1070
     5
1001
GradientColor2ACI
1070
     2
1001
ACAD
1010
0.0
1020
0.0
1030
0.0
  0
LINE
  5
677
102
{ACAD_REACTORS
330
1825
102
}
330
1F
100
AcDbEntity
  8
0
100
AcDbLine
 10
2666.854565492896
 20
1606.697999806577
 30
0.0
 11
2666.854565492896
 21
1644.470710729305
 31
0.0
  0
LINE
  5
678
102
{ACAD_REACTORS
330
1825
102
}
330
1F
100
AcDbEntity
  8
0
100
AcDbLine
 10
2675.809352274369
 20
1606.697999806577
 30
0.0
 11
2675.809352274369
 21
1635.911638431332
 31
0.0
  0
LINE
  5
679
102
{ACAD_REACTORS
330
1825
102
}
330
1F
100
AcDbEntity
  8
0
100
AcDbLine
 10
2685.343444726173
 20
1606.697999806577
 30
0.0
 11
2685.343444726173
 21
1627.687381553784
 31
0.0
  0
LINE
  5
67A
102
{ACAD_REACTORS
330
1825
102
}
330
1F
100
AcDbEntity
  8
0
100
AcDbLine
 10
2712.385888091597
 20
1606.697999806577
 30
0.0
 11
2712.385888091597
 21
1644.470710729305
 31
0.0
  0
LINE
  5
67B
102
{ACAD_REACTORS
330
1825
102
}
330
1F
100
AcDbEntity
  8
0
100
AcDbLine
 10
2721.340674873077
 20
1606.697999806577
 30
0.0
 11
2721.340674873077
 21
1635.911638431332
 31
0.0
  0
LINE
  5
67C
102
{ACAD_REACTORS
330
1825
102
}
330
1F
100
AcDbEntity
  8
0
100
AcDbLine
 10
2730.874767324873
 20
1606.697999806577
 30
0.0
 11
2730.874767324873
 21
1627.687381553784
 31
0.0
  0
LINE
  5
67D
102
{ACAD_REACTORS
330
1825
102
}
330
1F
100
AcDbEntity
  8
0
100
AcDbLine
 10
2758.559852356614
 20
1606.697999806577
 30
0.0
 11
2758.559852356614
 21
1644.470710729305
 31
0.0
  0
LINE
  5
67E
102
{ACAD_REACTORS
330
1825
102
}
330
1F
100
AcDbEntity
  8
0
100
AcDbLine
 10
2767.514639138091
 20
1606.697999806577
 30
0.0
 11
2767.514639138091
 21
1635.911638431332
 31
0.0
  0
LINE
  5
67F
102
{ACAD_REACTORS
330
1825
102
}
330
1F
100
AcDbEntity
  8
0
100
AcDbLine
 10
2777.048731589889
 20
1606.697999806577
 30
0.0
 11
2777.048731589889
 21
1627.687381553784
 31
0.0
  0
HATCH
  5
680
102
{ACAD_REACTORS
330
1825
102
}
330
1F
100
AcDbEntity
  8
Connecting
440
 33554687
100
AcDbHatch
 10
0.0
 20
0.0
 30
0.0
210
0.0
220
0.0
230
1.0
  2
SOLID
 70
     1
 71
     0
 91
        1
 92
        7
 72
     1
 73
     1
 93
        2
 10
2664.860391479665
 20
1644.470710729305
 42
1.0
 10
2668.848739506134
 20
1644.470710729305
 42
1.0
 97
        0
 75
     1
 76
     1
 47
0.0048123264401831
 98
        1
 10
2667.864042262253
 20
1645.064594301287
450
        0
451
        0
460
0.0
461
0.0
452
        0
462
0.0
453
        2
463
0.0
 63
     5
421
      255
463
1.0
 63
     2
421
 16776960
470
LINEAR
1001
GradientColor1ACI
1070
     5
1001
GradientColor2ACI
1070
     2
1001
ACAD
1010
0.0
1020
0.0
1030
0.0
  0
HATCH
  5
681
102
{ACAD_REACTORS
330
1825
102
}
330
1F
100
AcDbEntity
  8
Connecting
440
 33554687
100
AcDbHatch
 10
0.0
 20
0.0
 30
0.0
210
0.0
220
0.0
230
1.0
  2
SOLID
 70
     1
 71
     0
 91
        1
 92
        7
 72
     1
 73
     1
 93
        2
 10
2673.815178261139
 20
1635.911638431332
 42
1.0
 10
2677.803526287607
 20
1635.911638431332
 42
1.0
 97
        0
 75
     1
 76
     1
 47
0.0048123264401831
 98
        1
 10
2676.818829043726
 20
1636.505522003314
450
        0
451
        0
460
0.0
461
0.0
452
        0
462
0.0
453
        2
463
0.0
 63
     5
421
      255
463
1.0
 63
     2
421
 16776960
470
LINEAR
1001
GradientColor1ACI
1070
     5
1001
GradientColor2ACI
1070
     2
1001
ACAD
1010
0.0
1020
0.0
1030
0.0
  0
HATCH
  5
682
102
{ACAD_REACTORS
330
1825
102
}
330
1F
100
AcDbEntity
  8
Connecting
440
 33554687
100
AcDbHatch
 10
0.0
 20
0.0
 30
0.0
210
0.0
220
0.0
230
1.0
  2
SOLID
 70
     1
 71
     0
 91
        1
 92
        7
 72
     1
 73
     1
 93
        2
 10
2683.349270712942
 20
1627.687381553784
 42
1.0
 10
2687.33761873941
 20
1627.687381553784
 42
1.0
 97
        0
 75
     1
 76
     1
 47
0.0048123264401831
 98
        1
 10
2686.352921495533
 20
1628.281265125766
450
        0
451
        0
460
0.0
461
0.0
452
        0
462
0.0
453
        2
463
0.0
 63
     5
421
      255
463
1.0
 63
     2
421
 16776960
470
LINEAR
1001
GradientColor1ACI
1070
     5
1001
GradientColor2ACI
1070
     2
1001
ACAD
1010
0.0
1020
0.0
1030
0.0
  0
HATCH
  5
683
102
{ACAD_REACTORS
330
1825
102
}
330
1F
100
AcDbEntity
  8
Connecting
440
 33554687
100
AcDbHatch
 10
0.0
 20
0.0
 30
0.0
210
0.0
220
0.0
230
1.0
  2
SOLID
 70
     1
 71
     0
 91
        1
 92
        7
 72
     1
 73
     1
 93
        2
 10
2710.391714078366
 20
1644.470710729305
 42
1.0
 10
2714.380062104835
 20
1644.470710729305
 42
1.0
 97
        0
 75
     1
 76
     1
 47
0.0048123264401831
 98
        1
 10
2713.395364860958
 20
1645.064594301287
450
        0
451
        0
460
0.0
461
0.0
452
        0
462
0.0
453
        2
463
0.0
 63
     5
421
      255
463
1.0
 63
     2
421
 16776960
470
LINEAR
1001
GradientColor1ACI
1070
     5
1001
GradientColor2ACI
1070
     2
1001
ACAD
1010
0.0
1020
0.0
1030
0.0
  0
HATCH
  5
684
102
{ACAD_REACTORS
330
1825
102
}
330
1F
100
AcDbEntity
  8
Connecting
440
 33554687
100
AcDbHatch
 10
0.0
 20
0.0
 30
0.0
210
0.0
220
0.0
230
1.0
  2
SOLID
 70
     1
 71
     0
 91
        1
 92
        7
 72
     1
 73
     1
 93
        2
 10
2719.346500859839
 20
1635.911638431332
 42
1.0
 10
2723.334848886308
 20
1635.911638431332
 42
1.0
 97
        0
 75
     1
 76
     1
 47
0.0048123264401831
 98
        1
 10
2722.350151642434
 20
1636.505522003314
450
        0
451
        0
460
0.0
461
0.0
452
        0
462
0.0
453
        2
463
0.0
 63
     5
421
      255
463
1.0
 63
     2
421
 16776960
470
LINEAR
1001
GradientColor1ACI
1070
     5
1001
GradientColor2ACI
1070
     2
1001
ACAD
1010
0.0
1020
0.0
1030
0.0
  0
HATCH
  5
685
102
{ACAD_REACTORS
330
1825
102
}
330
1F
100
AcDbEntity
  8
Connecting
440
 33554687
100
AcDbHatch
 10
0.0
 20
0.0
 30
0.0
210
0.0
220
0.0
230
1.0
  2
SOLID
 70
     1
 71
     0
 91
        1
 92
        7
 72
     1
 73
     1
 93
        2
 10
2728.880593311642
 20
1627.687381553784
 42
1.0
 10
2732.86894133811
 20
1627.687381553784
 42
1.0
 97
        0
 75
     1
 76
     1
 47
0.0048123264401831
 98
        1
 10
2731.884244094234
 20
1628.281265125766
450
        0
451
        0
460
0.0
461
0.0
452
        0
462
0.0
453
        2
463
0.0
 63
     5
421
      255
463
1.0
 63
     2
421
 16776960
470
LINEAR
1001
GradientColor1ACI
1070
     5
1001
GradientColor2ACI
1070
     2
1001
ACAD
1010
0.0
1020
0.0
1030
0.0
  0
HATCH
  5
686
102
{ACAD_REACTORS
330
1825
102
}
330
1F
100
AcDbEntity
  8
Connecting
440
 33554687
100
AcDbHatch
 10
0.0
 20
0.0
 30
0.0
210
0.0
220
0.0
230
1.0
  2
SOLID
 70
     1
 71
     0
 91
        1
 92
        7
 72
     1
 73
     1
 93
        2
 10
2756.56567834338
 20
1644.470710729305
 42
1.0
 10
2760.554026369848
 20
1644.470710729305
 42
1.0
 97
        0
 75
     1
 76
     1
 47
0.0048123264401831
 98
        1
 10
2759.569329125972
 20
1645.064594301287
450
        0
451
        0
460
0.0
461
0.0
452
        0
462
0.0
453
        2
463
0.0
 63
     5
421
      255
463
1.0
 63
     2
421
 16776960
470
LINEAR
1001
GradientColor1ACI
1070
     5
1001
GradientColor2ACI
1070
     2
1001
ACAD
1010
0.0
1020
0.0
1030
0.0
  0
HATCH
  5
687
102
{ACAD_REACTORS
330
1825
102
}
330
1F
100
AcDbEntity
  8
Connecting
440
 33554687
100
AcDbHatch
 10
0.0
 20
0.0
 30
0.0
210
0.0
220
0.0
230
1.0
  2
SOLID
 70
     1
 71
     0
 91
        1
 92
        7
 72
     1
 73
     1
 93
        2
 10
2765.520465124853
 20
1635.911638431332
 42
1.0
 10
2769.508813151321
 20
1635.911638431332
 42
1.0
 97
        0
 75
     1
 76
     1
 47
0.0048123264401831
 98
        1
 10
2768.524115907448
 20
1636.505522003314
450
        0
451
        0
460
0.0
461
0.0
452
        0
462
0.0
453
        2
463
0.0
 63
     5
421
      255
463
1.0
 63
     2
421
 16776960
470
LINEAR
1001
GradientColor1ACI
1070
     5
1001
GradientColor2ACI
1070
     2
1001
ACAD
1010
0.0
1020
0.0
1030
0.0
  0
HATCH
  5
688
102
{ACAD_REACTORS
330
1825
102
}
330
1F
100
AcDbEntity
  8
Connecting
440
 33554687
100
AcDbHatch
 10
0.0
 20
0.0
 30
0.0
210
0.0
220
0.0
230
1.0
  2
SOLID
 70
     1
 71
     0
 91
        1
 92
        7
 72
     1
 73
     1
 93
        2
 10
2775.054557576656
 20
1627.687381553784
 42
1.0
 10
2779.042905603124
 20
1627.687381553784
 42
1.0
 97
        0
 75
     1
 76
     1
 47
0.0048123264401831
 98
        1
 10
2778.058208359246
 20
1628.281265125766
450
        0
451
        0
460
0.0
461
0.0
452
        0
462
0.0
453
        2
463
0.0
 63
     5
421
      255
463
1.0
 63
     2
421
 16776960
470
LINEAR
1001
GradientColor1ACI
1070
     5
1001
GradientColor2ACI
1070
     2
1001
ACAD
1010
0.0
1020
0.0
1030
0.0
  0
LWPOLYLINE
  5
689
102
{ACAD_REACTORS
330
1825
102
}
330
1F
100
AcDbEntity
  8
0
100
AcDbPolyline
 90
        4
 70
     1
 43
0.0
 10
2698.847390623466
 20
1705.976635322195
 10
2748.701740954303
 20
1705.976635322195
 10
2748.701740954303
 20
1686.034895189861
 10
2698.847390623466
 20
1686.034895189861
  0
LINE
  5
68A
102
{ACAD_REACTORS
330
1825
102
}
330
1F
100
AcDbEntity
  8
0
100
AcDbLine
 10
2705.07918441482
 20
1653.959213307746
 30
0.0
 11
2705.07918441482
 21
1659.165833971698
 31
0.0
  0
LINE
  5
68B
102
{ACAD_REACTORS
330
1825
102
}
330
1F
100
AcDbEntity
  8
0
100
AcDbLine
 10
2705.07918441482
 20
1674.234429345856
 30
0.0
 11
2705.07918441482
 21
1679.441050009804
 31
0.0
  0
LINE
  5
68C
102
{ACAD_REACTORS
330
1825
102
}
330
1F
100
AcDbEntity
  8
0
100
AcDbLine
 10
2705.07918441482
 20
1674.234429345856
 30
0.0
 11
2710.358829802458
 21
1659.533904415589
 31
0.0
  0
LINE
  5
68D
102
{ACAD_REACTORS
330
1825
102
}
330
1F
100
AcDbEntity
  8
0
100
AcDbLine
 10
2706.380839580808
 20
1657.864178805708
 30
0.0
 11
2703.777529248834
 21
1660.467489137685
 31
0.0
  0
LINE
  5
68E
102
{ACAD_REACTORS
330
1825
102
}
330
1F
100
AcDbEntity
  8
0
100
AcDbLine
 10
2703.777529248834
 20
1657.864178805708
 30
0.0
 11
2706.380839580808
 21
1660.467489137685
 31
0.0
  0
LINE
  5
68F
102
{ACAD_REACTORS
330
1825
102
}
330
1F
100
AcDbEntity
  8
0
100
AcDbLine
 10
2707.719007108641
 20
1666.88416688072
 30
0.0
 11
2709.995777816887
 21
1667.726556494268
 31
0.0
  0
LINE
  5
690
102
{ACAD_REACTORS
330
1825
102
}
330
1F
100
AcDbEntity
  8
0
100
AcDbLine
 10
2709.995777816887
 20
1667.726556494268
 30
0.0
 11
2711.248675214431
 21
1664.374262123337
 31
0.0
  0
LINE
  5
691
102
{ACAD_REACTORS
330
1825
102
}
330
1F
100
AcDbEntity
  8
0
100
AcDbLine
 10
2711.248675214431
 20
1664.374262123337
 30
0.0
 11
2708.926949902581
 21
1663.520798348771
 31
0.0
  0
LINE
  5
692
102
{ACAD_REACTORS
330
1825
102
}
330
1F
100
AcDbEntity
  8
0
100
AcDbLine
 10
2723.774565788886
 20
1653.959213307746
 30
0.0
 11
2723.774565788886
 21
1659.165833971698
 31
0.0
  0
LINE
  5
693
102
{ACAD_REACTORS
330
1825
102
}
330
1F
100
AcDbEntity
  8
0
100
AcDbLine
 10
2723.774565788886
 20
1674.234429345856
 30
0.0
 11
2723.774565788886
 21
1679.441050009804
 31
0.0
  0
LINE
  5
694
102
{ACAD_REACTORS
330
1825
102
}
330
1F
100
AcDbEntity
  8
0
100
AcDbLine
 10
2723.774565788886
 20
1674.234429345856
 30
0.0
 11
2729.054211176523
 21
1659.533904415589
 31
0.0
  0
LINE
  5
695
102
{ACAD_REACTORS
330
1825
102
}
330
1F
100
AcDbEntity
  8
0
100
AcDbLine
 10
2725.076220954873
 20
1657.864178805708
 30
0.0
 11
2722.472910622896
 21
1660.467489137685
 31
0.0
  0
LINE
  5
696
102
{ACAD_REACTORS
330
1825
102
}
330
1F
100
AcDbEntity
  8
0
100
AcDbLine
 10
2722.472910622896
 20
1657.864178805708
 30
0.0
 11
2725.076220954873
 21
1660.467489137685
 31
0.0
  0
LINE
  5
697
102
{ACAD_REACTORS
330
1825
102
}
330
1F
100
AcDbEntity
  8
0
100
AcDbLine
 10
2726.414388482707
 20
1666.88416688072
 30
0.0
 11
2728.69115919095
 21
1667.726556494268
 31
0.0
  0
LINE
  5
698
102
{ACAD_REACTORS
330
1825
102
}
330
1F
100
AcDbEntity
  8
0
100
AcDbLine
 10
2728.69115919095
 20
1667.726556494268
 30
0.0
 11
2729.944056588494
 21
1664.374262123337
 31
0.0
  0
LINE
  5
699
102
{ACAD_REACTORS
330
1825
102
}
330
1F
100
AcDbEntity
  8
0
100
AcDbLine
 10
2729.944056588494
 20
1664.374262123337
 30
0.0
 11
2727.622331276644
 21
1663.520798348771
 31
0.0
  0
LINE
  5
69A
102
{ACAD_REACTORS
330
1825
102
}
330
1F
100
AcDbEntity
  8
0
100
AcDbLine
 10
2742.469947162949
 20
1653.959213307746
 30
0.0
 11
2742.469947162949
 21
1659.165833971698
 31
0.0
  0
LINE
  5
69B
102
{ACAD_REACTORS
330
1825
102
}
330
1F
100
AcDbEntity
  8
0
100
AcDbLine
 10
2742.469947162949
 20
1674.234429345856
 30
0.0
 11
2742.469947162949
 21
1679.441050009804
 31
0.0
  0
LINE
  5
69C
102
{ACAD_REACTORS
330
1825
102
}
330
1F
100
AcDbEntity
  8
0
100
AcDbLine
 10
2742.469947162949
 20
1674.234429345856
 30
0.0
 11
2747.749592550587
 21
1659.533904415589
 31
0.0
  0
LINE
  5
69D
102
{ACAD_REACTORS
330
1825
102
}
330
1F
100
AcDbEntity
  8
0
100
AcDbLine
 10
2743.771602328941
 20
1657.864178805708
 30
0.0
 11
2741.168291996962
 21
1660.467489137685
 31
0.0
  0
LINE
  5
69E
102
{ACAD_REACTORS
330
1825
102
}
330
1F
100
AcDbEntity
  8
0
100
AcDbLine
 10
2741.168291996962
 20
1657.864178805708
 30
0.0
 11
2743.771602328941
 21
1660.467489137685
 31
0.0
  0
LINE
  5
69F
102
{ACAD_REACTORS
330
1825
102
}
330
1F
100
AcDbEntity
  8
0
100
AcDbLine
 10
2745.10976985677
 20
1666.88416688072
 30
0.0
 11
2747.386540565016
 21
1667.726556494268
 31
0.0
  0
LINE
  5
6A0
102
{ACAD_REACTORS
330
1825
102
}
330
1F
100
AcDbEntity
  8
0
100
AcDbLine
 10
2747.386540565016
 20
1667.726556494268
 30
0.0
 11
2748.639437962559
 21
1664.374262123337
 31
0.0
  0
LINE
  5
6A1
102
{ACAD_REACTORS
330
1825
102
}
330
1F
100
AcDbEntity
  8
0
100
AcDbLine
 10
2748.639437962559
 20
1664.374262123337
 30
0.0
 11
2746.317712650711
 21
1663.520798348771
 31
0.0
  0
LINE
  5
6A2
102
{ACAD_REACTORS
330
1825
102
}
330
1F
100
AcDbEntity
  8
0
100
AcDbLine
 10
2742.469947162949
 20
1653.959213307746
 30
0.0
 11
2742.469947162949
 21
1627.687381553784
 31
0.0
  0
LINE
  5
6A3
102
{ACAD_REACTORS
330
1825
102
}
330
1F
100
AcDbEntity
  8
0
100
AcDbLine
 10
2723.774565788886
 20
1653.959213307746
 30
0.0
 11
2723.774565788886
 21
1635.911638431332
 31
0.0
  0
LINE
  5
6A4
102
{ACAD_REACTORS
330
1825
102
}
330
1F
100
AcDbEntity
  8
0
100
AcDbLine
 10
2705.07918441482
 20
1653.959213307746
 30
0.0
 11
2705.07918441482
 21
1644.470710729305
 31
0.0
  0
HATCH
  5
6A5
102
{ACAD_REACTORS
330
1825
102
}
330
1F
100
AcDbEntity
  8
Connecting
440
 33554687
100
AcDbHatch
 10
0.0
 20
0.0
 30
0.0
210
0.0
220
0.0
230
1.0
  2
SOLID
 70
     1
 71
     0
 91
        1
 92
        7
 72
     1
 73
     1
 93
        2
 10
2703.085010401589
 20
1644.470710729305
 42
1.0
 10
2707.073358428051
 20
1644.470710729305
 42
1.0
 97
        0
 75
     1
 76
     1
 47
0.0048123264401831
 98
        1
 10
2706.088661184177
 20
1645.064594301287
450
        0
451
        0
460
0.0
461
0.0
452
        0
462
0.0
453
        2
463
0.0
 63
     5
421
      255
463
1.0
 63
     2
421
 16776960
470
LINEAR
1001
GradientColor1ACI
1070
     5
1001
GradientColor2ACI
1070
     2
1001
ACAD
1010
0.0
1020
0.0
1030
0.0
  0
HATCH
  5
6A6
102
{ACAD_REACTORS
330
1825
102
}
330
1F
100
AcDbEntity
  8
Connecting
440
 33554687
100
AcDbHatch
 10
0.0
 20
0.0
 30
0.0
210
0.0
220
0.0
230
1.0
  2
SOLID
 70
     1
 71
     0
 91
        1
 92
        7
 72
     1
 73
     1
 93
        2
 10
2721.780391775653
 20
1635.911638431332
 42
1.0
 10
2725.768739802117
 20
1635.911638431332
 42
1.0
 97
        0
 75
     1
 76
     1
 47
0.0048123264401831
 98
        1
 10
2724.784042558244
 20
1636.505522003314
450
        0
451
        0
460
0.0
461
0.0
452
        0
462
0.0
453
        2
463
0.0
 63
     5
421
      255
463
1.0
 63
     2
421
 16776960
470
LINEAR
1001
GradientColor1ACI
1070
     5
1001
GradientColor2ACI
1070
     2
1001
ACAD
1010
0.0
1020
0.0
1030
0.0
  0
HATCH
  5
6A7
102
{ACAD_REACTORS
330
1825
102
}
330
1F
100
AcDbEntity
  8
Connecting
440
 33554687
100
AcDbHatch
 10
0.0
 20
0.0
 30
0.0
210
0.0
220
0.0
230
1.0
  2
SOLID
 70
     1
 71
     0
 91
        1
 92
        7
 72
     1
 73
     1
 93
        2
 10
2740.475773149718
 20
1627.687381553784
 42
1.0
 10
2744.46412117618
 20
1627.687381553784
 42
1.0
 97
        0
 75
     1
 76
     1
 47
0.0048123264401831
 98
        1
 10
2743.47942393231
 20
1628.281265125766
450
        0
451
        0
460
0.0
461
0.0
452
        0
462
0.0
453
        2
463
0.0
 63
     5
421
      255
463
1.0
 63
     2
421
 16776960
470
LINEAR
1001
GradientColor1ACI
1070
     5
1001
GradientColor2ACI
1070
     2
1001
ACAD
1010
0.0
1020
0.0
1030
0.0
  0
LINE
  5
6A8
102
{ACAD_REACTORS
330
1825
102
}
330
1F
100
AcDbEntity
  8
0
100
AcDbLine
 10
2705.07918441482
 20
1679.441050009804
 30
0.0
 11
2705.07918441482
 21
1686.034895189861
 31
0.0
  0
LINE
  5
6A9
102
{ACAD_REACTORS
330
1825
102
}
330
1F
100
AcDbEntity
  8
0
100
AcDbLine
 10
2723.774565788886
 20
1679.441050009804
 30
0.0
 11
2723.774565788886
 21
1686.034895189861
 31
0.0
  0
LINE
  5
6AA
102
{ACAD_REACTORS
330
1825
102
}
330
1F
100
AcDbEntity
  8
0
100
AcDbLine
 10
2742.469947162949
 20
1679.441050009804
 30
0.0
 11
2742.469947162949
 21
1686.034895189861
 31
0.0
  0
LINE
  5
6AB
102
{ACAD_REACTORS
330
1825
102
}
330
1F
100
AcDbEntity
  8
0
100
AcDbLine
 10
2742.469947162949
 20
1777.12973913995
 30
0.0
 11
2742.469947162949
 21
1705.976635322195
 31
0.0
  0
LINE
  5
6AC
102
{ACAD_REACTORS
330
1825
102
}
330
1F
100
AcDbEntity
  8
0
100
AcDbLine
 10
2730.006359580241
 20
1797.071479272285
 30
0.0
 11
2730.006359580241
 21
1705.976635322195
 31
0.0
  0
LINE
  5
6AD
102
{ACAD_REACTORS
330
1825
102
}
330
1F
100
AcDbEntity
  8
0
100
AcDbLine
 10
2717.542771997529
 20
1816.712743719481
 30
0.0
 11
2717.542771997529
 21
1705.976635322195
 31
0.0
  0
LINE
  5
6AE
102
{ACAD_REACTORS
330
1825
102
}
330
1F
100
AcDbEntity
  8
0
100
AcDbLine
 10
2705.07918441482
 20
1836.65448385182
 30
0.0
 11
2705.07918441482
 21
1705.976635322195
 31
0.0
  0
MTEXT
  5
6AF
102
{ACAD_REACTORS
330
1825
102
}
330
1F
100
AcDbEntity
  8
0
100
AcDbMText
 10
2646.166380317774
 20
1647.102381402851
 30
0.0
 40
4.98543503308397
 41
6.453339956958355
 46
0.0
 71
     1
 72
     5
  1
\pxqc;R
  7
Tittle Block
 73
     1
 44
1.0
101
Embedded Object
 70
     1
 10
1.0
 20
0.0
 30
0.0
 11
2646.166380317774
 21
1647.102381402851
 31
0.0
 40
6.453339956958355
 41
0.0
 42
4.393712184682462
 43
4.98543503308397
 71
     2
 72
     1
 44
6.453339956958355
 45
174.4902261579389
 73
     0
 74
     0
 46
0.0
  0
MTEXT
  5
6B0
102
{ACAD_REACTORS
330
1825
102
}
330
1F
100
AcDbEntity
  8
0
100
AcDbMText
 10
2646.008437853439
 20
1639.174583663776
 30
0.0
 40
4.98543503308397
 41
6.453339956958355
 46
0.0
 71
     1
 72
     5
  1
\pxqc;S
  7
Tittle Block
 73
     1
 44
1.0
101
Embedded Object
 70
     1
 10
1.0
 20
0.0
 30
0.0
 11
2646.008437853439
 21
1639.174583663776
 31
0.0
 40
6.453339956958355
 41
0.0
 42
3.968623931520459
 43
5.155470334348771
 71
     2
 72
     1
 44
6.453339956958355
 45
174.4902261579389
 73
     0
 74
     0
 46
0.0
  0
MTEXT
  5
6B1
102
{ACAD_REACTORS
330
1825
102
}
330
1F
100
AcDbEntity
  8
0
100
AcDbMText
 10
2646.166380317774
 20
1630.319052227327
 30
0.0
 40
4.98543503308397
 41
6.453339956958355
 46
0.0
 71
     1
 72
     5
  1
\pxqc;T
  7
Tittle Block
 73
     1
 44
1.0
101
Embedded Object
 70
     1
 10
1.0
 20
0.0
 30
0.0
 11
2646.166380317774
 21
1630.319052227327
 31
0.0
 40
6.453339956958355
 41
0.0
 42
3.951620401393979
 43
4.98543503308397
 71
     2
 72
     1
 44
6.453339956958355
 45
174.4902261579389
 73
     0
 74
     0
 46
0.0
  0
MTEXT
  5
6B2
102
{ACAD_REACTORS
330
1825
102
}
330
1F
100
AcDbEntity
  8
0
100
AcDbMText
 10
2668.236389617517
 20
1703.799152367805
 30
0.0
 40
4.98543503308397
 41
25.14820892242031
 46
0.0
 71
     1
 72
     5
  1
\pxqc;MCCB \P3P 32 A
  7
Tittle Block
 73
     1
 44
1.0
101
Embedded Object
 70
     1
 10
1.0
 20
0.0
 30
0.0
 11
2668.236389617517
 21
1703.799152367805
 31
0.0
 40
25.14820892242031
 41
0.0
 42
24.49868620623255
 43
13.48833366499913
 71
     2
 72
     1
 44
25.14820892242031
 45
174.4902261579389
 73
     0
 74
     0
 46
0.0
  0
MTEXT
  5
6B3
102
{ACAD_REACTORS
330
1825
102
}
330
1F
100
AcDbEntity
  8
0
100
AcDbMText
 10
2659.179963066734
 20
1525.19813200893
 30
0.0
 40
4.98543503308397
 41
32.62464624553575
 46
0.0
 71
     1
 72
     5
  1
\pxqc;SPARE 1
  7
Tittle Block
 73
     1
 44
1.0
101
Embedded Object
 70
     1
 10
1.0
 20
0.0
 30
0.0
 11
2659.179963066734
 21
1525.19813200893
 31
0.0
 40
32.62464624553575
 41
0.0
 42
27.82797740499736
 43
5.155470334348771
 71
     2
 72
     1
 44
32.62464624553575
 45
174.4902261579389
 73
     0
 74
     0
 46
0.0
  0
MTEXT
  5
6B4
102
{ACAD_REACTORS
330
1825
102
}
330
1F
100
AcDbEntity
  8
0
100
AcDbMText
 10
2704.711285665438
 20
1525.19813200893
 30
0.0
 40
4.98543503308397
 41
32.62464624553575
 46
0.0
 71
     1
 72
     5
  1
\pxqc;SPARE 2
  7
Tittle Block
 73
     1
 44
1.0
101
Embedded Object
 70
     1
 10
1.0
 20
0.0
 30
0.0
 11
2704.711285665438
 21
1525.19813200893
 31
0.0
 40
32.62464624553575
 41
0.0
 42
28.73936661977669
 43
5.155470334348771
 71
     2
 72
     1
 44
32.62464624553575
 45
174.4902261579389
 73
     0
 74
     0
 46
0.0
  0
MTEXT
  5
6B5
102
{ACAD_REACTORS
330
1825
102
}
330
1F
100
AcDbEntity
  8
0
100
AcDbMText
 10
2750.885249930452
 20
1525.19813200893
 30
0.0
 40
4.98543503308397
 41
32.62464624553575
 46
0.0
 71
     1
 72
     5
  1
\pxqc;SPARE 3
  7
Tittle Block
 73
     1
 44
1.0
101
Embedded Object
 70
     1
 10
1.0
 20
0.0
 30
0.0
 11
2750.885249930452
 21
1525.19813200893
 31
0.0
 40
32.62464624553575
 41
0.0
 42
28.79037721015614
 43
5.158871040374068
 71
     2
 72
     1
 44
32.62464624553575
 45
174.4902261579389
 73
     0
 74
     0
 46
0.0
  0
MTEXT
  5
6B6
102
{ACAD_REACTORS
330
1825
102
}
330
1F
100
AcDbEntity
  8
0
100
AcDbMText
 10
2659.179963066734
 20
1563.138557834832
 30
0.0
 40
4.98543503308397
 41
32.62464624553575
 46
0.0
 71
     1
 72
     5
  1
\pxqc;SPR-1
  7
Tittle Block
 73
     1
 44
1.0
101
Embedded Object
 70
     1
 10
1.0
 20
0.0
 30
0.0
 11
2659.179963066734
 21
1563.138557834832
 31
0.0
 40
32.62464624553575
 41
0.0
 42
18.92152832474707
 43
5.155470334348771
 71
     2
 72
     1
 44
32.62464624553575
 45
174.4902261579389
 73
     0
 74
     0
 46
0.0
  0
MTEXT
  5
6B7
102
{ACAD_REACTORS
330
1825
102
}
330
1F
100
AcDbEntity
  8
0
100
AcDbMText
 10
2704.711285665438
 20
1563.138557834832
 30
0.0
 40
4.98543503308397
 41
32.62464624553575
 46
0.0
 71
     1
 72
     5
  1
\pxqc;SPR-2
  7
Tittle Block
 73
     1
 44
1.0
101
Embedded Object
 70
     1
 10
1.0
 20
0.0
 30
0.0
 11
2704.711285665438
 21
1563.138557834832
 31
0.0
 40
32.62464624553575
 41
0.0
 42
19.8329175395264
 43
5.155470334348771
 71
     2
 72
     1
 44
32.62464624553575
 45
174.4902261579389
 73
     0
 74
     0
 46
0.0
  0
MTEXT
  5
6B8
102
{ACAD_REACTORS
330
1825
102
}
330
1F
100
AcDbEntity
  8
0
100
AcDbMText
 10
2750.885249930452
 20
1563.138557834832
 30
0.0
 40
4.98543503308397
 41
32.62464624553575
 46
0.0
 71
     1
 72
     5
  1
\pxqc;SPR-3
  7
Tittle Block
 73
     1
 44
1.0
101
Embedded Object
 70
     1
 10
1.0
 20
0.0
 30
0.0
 11
2750.885249930452
 21
1563.138557834832
 31
0.0
 40
32.62464624553575
 41
0.0
 42
19.88392812990585
 43
5.158871040374068
 71
     2
 72
     1
 44
32.62464624553575
 45
174.4902261579389
 73
     0
 74
     0
 46
0.0
  0
HATCH
  5
6B9
102
{ACAD_REACTORS
330
1825
102
}
330
1F
100
AcDbEntity
  8
Connecting
440
 33554687
100
AcDbHatch
 10
0.0
 20
0.0
 30
0.0
210
0.0
220
0.0
230
1.0
  2
SOLID
 70
     1
 71
     0
 91
        1
 92
        7
 72
     1
 73
     1
 93
        2
 10
2740.475773149718
 20
1777.12973913995
 42
1.0
 10
2744.46412117618
 20
1777.12973913995
 42
1.0
 97
        0
 75
     1
 76
     1
 47
0.0048123264401831
 98
        1
 10
2743.47942393231
 20
1777.723622711933
450
        0
451
        0
460
0.0
461
0.0
452
        0
462
0.0
453
        2
463
0.0
 63
     5
421
      255
463
1.0
 63
     2
421
 16776960
470
LINEAR
1001
GradientColor1ACI
1070
     5
1001
GradientColor2ACI
1070
     2
1001
ACAD
1010
0.0
1020
0.0
1030
0.0
  0
LINE
  5
6BA
102
{ACAD_REACTORS
330
1825
102
}
330
1F
100
AcDbEntity
  8
0
100
AcDbLine
 10
1977.093190917981
 20
1581.216163104519
 30
0.0
 11
1977.093190917981
 21
1586.422783768471
 31
0.0
  0
LINE
  5
6BB
102
{ACAD_REACTORS
330
1825
102
}
330
1F
100
AcDbEntity
  8
0
100
AcDbLine
 10
1977.093190917981
 20
1601.491379142629
 30
0.0
 11
1977.093190917981
 21
1606.697999806577
 31
0.0
  0
LINE
  5
6BC
102
{ACAD_REACTORS
330
1825
102
}
330
1F
100
AcDbEntity
  8
0
100
AcDbLine
 10
1977.093190917981
 20
1601.491379142629
 30
0.0
 11
1982.372836305619
 21
1586.790854212361
 31
0.0
  0
LINE
  5
6BD
102
{ACAD_REACTORS
330
1825
102
}
330
1F
100
AcDbEntity
  8
0
100
AcDbLine
 10
1978.394846083968
 20
1585.12112860248
 30
0.0
 11
1975.791535751994
 21
1587.724438934458
 31
0.0
  0
LINE
  5
6BE
102
{ACAD_REACTORS
330
1825
102
}
330
1F
100
AcDbEntity
  8
0
100
AcDbLine
 10
1975.791535751994
 20
1585.12112860248
 30
0.0
 11
1978.394846083968
 21
1587.724438934458
 31
0.0
  0
LINE
  5
6BF
102
{ACAD_REACTORS
330
1825
102
}
330
1F
100
AcDbEntity
  8
0
100
AcDbLine
 10
1979.733013611802
 20
1594.141116677493
 30
0.0
 11
1982.009784320045
 21
1594.983506291037
 31
0.0
  0
LINE
  5
6C0
102
{ACAD_REACTORS
330
1825
102
}
330
1F
100
AcDbEntity
  8
0
100
AcDbLine
 10
1982.009784320045
 20
1594.983506291037
 30
0.0
 11
1983.262681717585
 21
1591.631211920106
 31
0.0
  0
LINE
  5
6C1
102
{ACAD_REACTORS
330
1825
102
}
330
1F
100
AcDbEntity
  8
0
100
AcDbLine
 10
1983.262681717585
 20
1591.631211920106
 30
0.0
 11
1980.94095640574
 21
1590.777748145536
 31
0.0
  0
LINE
  5
6C2
102
{ACAD_REACTORS
330
1825
102
}
330
1F
100
AcDbEntity
  8
0
100
AcDbLine
 10
1986.047977699458
 20
1581.216163104519
 30
0.0
 11
1986.047977699458
 21
1586.422783768471
 31
0.0
  0
LINE
  5
6C3
102
{ACAD_REACTORS
330
1825
102
}
330
1F
100
AcDbEntity
  8
0
100
AcDbLine
 10
1986.047977699458
 20
1601.491379142629
 30
0.0
 11
1986.047977699458
 21
1606.697999806577
 31
0.0
  0
LINE
  5
6C4
102
{ACAD_REACTORS
330
1825
102
}
330
1F
100
AcDbEntity
  8
0
100
AcDbLine
 10
1986.047977699458
 20
1601.491379142629
 30
0.0
 11
1991.327623087092
 21
1586.790854212361
 31
0.0
  0
LINE
  5
6C5
102
{ACAD_REACTORS
330
1825
102
}
330
1F
100
AcDbEntity
  8
0
100
AcDbLine
 10
1987.349632865441
 20
1585.12112860248
 30
0.0
 11
1984.746322533468
 21
1587.724438934458
 31
0.0
  0
LINE
  5
6C6
102
{ACAD_REACTORS
330
1825
102
}
330
1F
100
AcDbEntity
  8
0
100
AcDbLine
 10
1984.746322533468
 20
1585.12112860248
 30
0.0
 11
1987.349632865441
 21
1587.724438934458
 31
0.0
  0
LINE
  5
6C7
102
{ACAD_REACTORS
330
1825
102
}
330
1F
100
AcDbEntity
  8
0
100
AcDbLine
 10
1988.687800393275
 20
1594.141116677493
 30
0.0
 11
1990.964571101521
 21
1594.983506291037
 31
0.0
  0
LINE
  5
6C8
102
{ACAD_REACTORS
330
1825
102
}
330
1F
100
AcDbEntity
  8
0
100
AcDbLine
 10
1990.964571101521
 20
1594.983506291037
 30
0.0
 11
1992.217468499061
 21
1591.631211920106
 31
0.0
  0
LINE
  5
6C9
102
{ACAD_REACTORS
330
1825
102
}
330
1F
100
AcDbEntity
  8
0
100
AcDbLine
 10
1992.217468499061
 20
1591.631211920106
 30
0.0
 11
1989.895743187212
 21
1590.777748145536
 31
0.0
  0
LINE
  5
6CA
102
{ACAD_REACTORS
330
1825
102
}
330
1F
100
AcDbEntity
  8
0
100
AcDbLine
 10
1995.582070151257
 20
1581.216163104519
 30
0.0
 11
1995.582070151257
 21
1586.422783768471
 31
0.0
  0
LINE
  5
6CB
102
{ACAD_REACTORS
330
1825
102
}
330
1F
100
AcDbEntity
  8
0
100
AcDbLine
 10
1995.582070151257
 20
1601.491379142629
 30
0.0
 11
1995.582070151257
 21
1606.697999806577
 31
0.0
  0
LINE
  5
6CC
102
{ACAD_REACTORS
330
1825
102
}
330
1F
100
AcDbEntity
  8
0
100
AcDbLine
 10
1995.582070151257
 20
1601.491379142629
 30
0.0
 11
2000.861715538895
 21
1586.790854212361
 31
0.0
  0
LINE
  5
6CD
102
{ACAD_REACTORS
330
1825
102
}
330
1F
100
AcDbEntity
  8
0
100
AcDbLine
 10
1996.883725317244
 20
1585.12112860248
 30
0.0
 11
1994.280414985274
 21
1587.724438934458
 31
0.0
  0
LINE
  5
6CE
102
{ACAD_REACTORS
330
1825
102
}
330
1F
100
AcDbEntity
  8
0
100
AcDbLine
 10
1994.280414985274
 20
1585.12112860248
 30
0.0
 11
1996.883725317244
 21
1587.724438934458
 31
0.0
  0
LINE
  5
6CF
102
{ACAD_REACTORS
330
1825
102
}
330
1F
100
AcDbEntity
  8
0
100
AcDbLine
 10
1998.221892845077
 20
1594.141116677493
 30
0.0
 11
2000.498663553324
 21
1594.983506291037
 31
0.0
  0
LINE
  5
6D0
102
{ACAD_REACTORS
330
1825
102
}
330
1F
100
AcDbEntity
  8
0
100
AcDbLine
 10
2000.498663553324
 20
1594.983506291037
 30
0.0
 11
2001.75156095086
 21
1591.631211920106
 31
0.0
  0
LINE
  5
6D1
102
{ACAD_REACTORS
330
1825
102
}
330
1F
100
AcDbEntity
  8
0
100
AcDbLine
 10
2001.75156095086
 20
1591.631211920106
 30
0.0
 11
1999.429835639014
 21
1590.777748145536
 31
0.0
  0
LWPOLYLINE
  5
6D2
102
{ACAD_REACTORS
330
1825
102
}
330
1F
100
AcDbEntity
  8
0
100
AcDbPolyline
 90
        4
 70
     1
 43
0.0
 10
1970.555077465277
 20
1612.172875913752
 10
2007.038883048236
 20
1612.172875913752
 10
2007.038883048236
 20
1575.689070330797
 10
1970.555077465277
 20
1575.689070330797
  0
LINE
  5
6D3
102
{ACAD_REACTORS
330
1825
102
}
330
1F
100
AcDbEntity
  8
0
100
AcDbLine
 10
1977.093190917981
 20
1581.216163104519
 30
0.0
 11
1977.093190917981
 21
1531.361812773678
 31
0.0
  0
LINE
  5
6D4
102
{ACAD_REACTORS
330
1825
102
}
330
1F
100
AcDbEntity
  8
0
100
AcDbLine
 10
1986.047977699458
 20
1581.216163104519
 30
0.0
 11
1986.047977699458
 21
1531.361812773678
 31
0.0
  0
LINE
  5
6D5
102
{ACAD_REACTORS
330
1825
102
}
330
1F
100
AcDbEntity
  8
0
100
AcDbLine
 10
1995.582070151257
 20
1581.216163104519
 30
0.0
 11
1995.582070151257
 21
1531.361812773678
 31
0.0
  0
LINE
  5
6D6
102
{ACAD_REACTORS
330
1825
102
}
330
1F
100
AcDbEntity
  8
0
100
AcDbLine
 10
1914.677862061441
 20
1627.687381553784
 30
0.0
 11
2153.978743649473
 21
1627.687381553784
 31
0.0
  0
LINE
  5
6D7
102
{ACAD_REACTORS
330
1825
102
}
330
1F
100
AcDbEntity
  8
0
100
AcDbLine
 10
1914.677862061441
 20
1635.911638431332
 30
0.0
 11
2153.978743649473
 21
1635.911638431332
 31
0.0
  0
LINE
  5
6D8
102
{ACAD_REACTORS
330
1825
102
}
330
1F
100
AcDbEntity
  8
0
100
AcDbLine
 10
1914.677862061441
 20
1644.470710729305
 30
0.0
 11
2153.978743649473
 21
1644.470710729305
 31
0.0
  0
LINE
  5
6D9
102
{ACAD_REACTORS
330
1825
102
}
330
1F
100
AcDbEntity
  8
0
100
AcDbLine
 10
2022.624513516682
 20
1581.216163104519
 30
0.0
 11
2022.624513516682
 21
1586.422783768471
 31
0.0
  0
LINE
  5
6DA
102
{ACAD_REACTORS
330
1825
102
}
330
1F
100
AcDbEntity
  8
0
100
AcDbLine
 10
2022.624513516682
 20
1601.491379142629
 30
0.0
 11
2022.624513516682
 21
1606.697999806577
 31
0.0
  0
LINE
  5
6DB
102
{ACAD_REACTORS
330
1825
102
}
330
1F
100
AcDbEntity
  8
0
100
AcDbLine
 10
2022.624513516682
 20
1601.491379142629
 30
0.0
 11
2027.90415890432
 21
1586.790854212361
 31
0.0
  0
LINE
  5
6DC
102
{ACAD_REACTORS
330
1825
102
}
330
1F
100
AcDbEntity
  8
0
100
AcDbLine
 10
2023.926168682669
 20
1585.12112860248
 30
0.0
 11
2021.322858350691
 21
1587.724438934458
 31
0.0
  0
LINE
  5
6DD
102
{ACAD_REACTORS
330
1825
102
}
330
1F
100
AcDbEntity
  8
0
100
AcDbLine
 10
2021.322858350691
 20
1585.12112860248
 30
0.0
 11
2023.926168682669
 21
1587.724438934458
 31
0.0
  0
LINE
  5
6DE
102
{ACAD_REACTORS
330
1825
102
}
330
1F
100
AcDbEntity
  8
0
100
AcDbLine
 10
2025.264336210503
 20
1594.141116677493
 30
0.0
 11
2027.54110691875
 21
1594.983506291037
 31
0.0
  0
LINE
  5
6DF
102
{ACAD_REACTORS
330
1825
102
}
330
1F
100
AcDbEntity
  8
0
100
AcDbLine
 10
2027.54110691875
 20
1594.983506291037
 30
0.0
 11
2028.794004316292
 21
1591.631211920106
 31
0.0
  0
LINE
  5
6E0
102
{ACAD_REACTORS
330
1825
102
}
330
1F
100
AcDbEntity
  8
0
100
AcDbLine
 10
2028.794004316292
 20
1591.631211920106
 30
0.0
 11
2026.47227900444
 21
1590.777748145536
 31
0.0
  0
LINE
  5
6E1
102
{ACAD_REACTORS
330
1825
102
}
330
1F
100
AcDbEntity
  8
0
100
AcDbLine
 10
2031.579300298155
 20
1581.216163104519
 30
0.0
 11
2031.579300298155
 21
1586.422783768471
 31
0.0
  0
LINE
  5
6E2
102
{ACAD_REACTORS
330
1825
102
}
330
1F
100
AcDbEntity
  8
0
100
AcDbLine
 10
2031.579300298155
 20
1601.491379142629
 30
0.0
 11
2031.579300298155
 21
1606.697999806577
 31
0.0
  0
LINE
  5
6E3
102
{ACAD_REACTORS
330
1825
102
}
330
1F
100
AcDbEntity
  8
0
100
AcDbLine
 10
2031.579300298155
 20
1601.491379142629
 30
0.0
 11
2036.858945685796
 21
1586.790854212361
 31
0.0
  0
LINE
  5
6E4
102
{ACAD_REACTORS
330
1825
102
}
330
1F
100
AcDbEntity
  8
0
100
AcDbLine
 10
2032.880955464142
 20
1585.12112860248
 30
0.0
 11
2030.277645132164
 21
1587.724438934458
 31
0.0
  0
LINE
  5
6E5
102
{ACAD_REACTORS
330
1825
102
}
330
1F
100
AcDbEntity
  8
0
100
AcDbLine
 10
2030.277645132164
 20
1585.12112860248
 30
0.0
 11
2032.880955464142
 21
1587.724438934458
 31
0.0
  0
LINE
  5
6E6
102
{ACAD_REACTORS
330
1825
102
}
330
1F
100
AcDbEntity
  8
0
100
AcDbLine
 10
2034.219122991975
 20
1594.141116677493
 30
0.0
 11
2036.495893700226
 21
1594.983506291037
 31
0.0
  0
LINE
  5
6E7
102
{ACAD_REACTORS
330
1825
102
}
330
1F
100
AcDbEntity
  8
0
100
AcDbLine
 10
2036.495893700226
 20
1594.983506291037
 30
0.0
 11
2037.748791097765
 21
1591.631211920106
 31
0.0
  0
LINE
  5
6E8
102
{ACAD_REACTORS
330
1825
102
}
330
1F
100
AcDbEntity
  8
0
100
AcDbLine
 10
2037.748791097765
 20
1591.631211920106
 30
0.0
 11
2035.427065785913
 21
1590.777748145536
 31
0.0
  0
LINE
  5
6E9
102
{ACAD_REACTORS
330
1825
102
}
330
1F
100
AcDbEntity
  8
0
100
AcDbLine
 10
2041.113392749959
 20
1581.216163104519
 30
0.0
 11
2041.113392749959
 21
1586.422783768471
 31
0.0
  0
LINE
  5
6EA
102
{ACAD_REACTORS
330
1825
102
}
330
1F
100
AcDbEntity
  8
0
100
AcDbLine
 10
2041.113392749959
 20
1601.491379142629
 30
0.0
 11
2041.113392749959
 21
1606.697999806577
 31
0.0
  0
LINE
  5
6EB
102
{ACAD_REACTORS
330
1825
102
}
330
1F
100
AcDbEntity
  8
0
100
AcDbLine
 10
2041.113392749959
 20
1601.491379142629
 30
0.0
 11
2046.393038137595
 21
1586.790854212361
 31
0.0
  0
LINE
  5
6EC
102
{ACAD_REACTORS
330
1825
102
}
330
1F
100
AcDbEntity
  8
0
100
AcDbLine
 10
2042.415047915945
 20
1585.12112860248
 30
0.0
 11
2039.811737583971
 21
1587.724438934458
 31
0.0
  0
LINE
  5
6ED
102
{ACAD_REACTORS
330
1825
102
}
330
1F
100
AcDbEntity
  8
0
100
AcDbLine
 10
2039.811737583971
 20
1585.12112860248
 30
0.0
 11
2042.415047915945
 21
1587.724438934458
 31
0.0
  0
LINE
  5
6EE
102
{ACAD_REACTORS
330
1825
102
}
330
1F
100
AcDbEntity
  8
0
100
AcDbLine
 10
2043.753215443778
 20
1594.141116677493
 30
0.0
 11
2046.029986152024
 21
1594.983506291037
 31
0.0
  0
LINE
  5
6EF
102
{ACAD_REACTORS
330
1825
102
}
330
1F
100
AcDbEntity
  8
0
100
AcDbLine
 10
2046.029986152024
 20
1594.983506291037
 30
0.0
 11
2047.282883549568
 21
1591.631211920106
 31
0.0
  0
LINE
  5
6F0
102
{ACAD_REACTORS
330
1825
102
}
330
1F
100
AcDbEntity
  8
0
100
AcDbLine
 10
2047.282883549568
 20
1591.631211920106
 30
0.0
 11
2044.96115823772
 21
1590.777748145536
 31
0.0
  0
LWPOLYLINE
  5
6F1
102
{ACAD_REACTORS
330
1825
102
}
330
1F
100
AcDbEntity
  8
0
100
AcDbPolyline
 90
        4
 70
     1
 43
0.0
 10
2016.086400063982
 20
1612.172875913752
 10
2052.570205646933
 20
1612.172875913752
 10
2052.570205646933
 20
1575.689070330797
 10
2016.086400063982
 20
1575.689070330797
  0
LINE
  5
6F2
102
{ACAD_REACTORS
330
1825
102
}
330
1F
100
AcDbEntity
  8
0
100
AcDbLine
 10
2022.624513516682
 20
1581.216163104519
 30
0.0
 11
2022.624513516682
 21
1531.361812773678
 31
0.0
  0
LINE
  5
6F3
102
{ACAD_REACTORS
330
1825
102
}
330
1F
100
AcDbEntity
  8
0
100
AcDbLine
 10
2031.579300298155
 20
1581.216163104519
 30
0.0
 11
2031.579300298155
 21
1531.361812773678
 31
0.0
  0
LINE
  5
6F4
102
{ACAD_REACTORS
330
1825
102
}
330
1F
100
AcDbEntity
  8
0
100
AcDbLine
 10
2041.113392749959
 20
1581.216163104519
 30
0.0
 11
2041.113392749959
 21
1531.361812773678
 31
0.0
  0
LINE
  5
6F5
102
{ACAD_REACTORS
330
1825
102
}
330
1F
100
AcDbEntity
  8
0
100
AcDbLine
 10
2068.798477781696
 20
1581.216163104519
 30
0.0
 11
2068.798477781696
 21
1586.422783768471
 31
0.0
  0
LINE
  5
6F6
102
{ACAD_REACTORS
330
1825
102
}
330
1F
100
AcDbEntity
  8
0
100
AcDbLine
 10
2068.798477781696
 20
1601.491379142629
 30
0.0
 11
2068.798477781696
 21
1606.697999806577
 31
0.0
  0
LINE
  5
6F7
102
{ACAD_REACTORS
330
1825
102
}
330
1F
100
AcDbEntity
  8
0
100
AcDbLine
 10
2068.798477781696
 20
1601.491379142629
 30
0.0
 11
2074.078123169333
 21
1586.790854212361
 31
0.0
  0
LINE
  5
6F8
102
{ACAD_REACTORS
330
1825
102
}
330
1F
100
AcDbEntity
  8
0
100
AcDbLine
 10
2070.100132947686
 20
1585.12112860248
 30
0.0
 11
2067.496822615708
 21
1587.724438934458
 31
0.0
  0
LINE
  5
6F9
102
{ACAD_REACTORS
330
1825
102
}
330
1F
100
AcDbEntity
  8
0
100
AcDbLine
 10
2067.496822615708
 20
1585.12112860248
 30
0.0
 11
2070.100132947686
 21
1587.724438934458
 31
0.0
  0
LINE
  5
6FA
102
{ACAD_REACTORS
330
1825
102
}
330
1F
100
AcDbEntity
  8
0
100
AcDbLine
 10
2071.438300475516
 20
1594.141116677493
 30
0.0
 11
2073.715071183762
 21
1594.983506291037
 31
0.0
  0
LINE
  5
6FB
102
{ACAD_REACTORS
330
1825
102
}
330
1F
100
AcDbEntity
  8
0
100
AcDbLine
 10
2073.715071183762
 20
1594.983506291037
 30
0.0
 11
2074.967968581305
 21
1591.631211920106
 31
0.0
  0
LINE
  5
6FC
102
{ACAD_REACTORS
330
1825
102
}
330
1F
100
AcDbEntity
  8
0
100
AcDbLine
 10
2074.967968581305
 20
1591.631211920106
 30
0.0
 11
2072.646243269456
 21
1590.777748145536
 31
0.0
  0
LINE
  5
6FD
102
{ACAD_REACTORS
330
1825
102
}
330
1F
100
AcDbEntity
  8
0
100
AcDbLine
 10
2077.753264563168
 20
1581.216163104519
 30
0.0
 11
2077.753264563168
 21
1586.422783768471
 31
0.0
  0
LINE
  5
6FE
102
{ACAD_REACTORS
330
1825
102
}
330
1F
100
AcDbEntity
  8
0
100
AcDbLine
 10
2077.753264563168
 20
1601.491379142629
 30
0.0
 11
2077.753264563168
 21
1606.697999806577
 31
0.0
  0
LINE
  5
6FF
102
{ACAD_REACTORS
330
1825
102
}
330
1F
100
AcDbEntity
  8
0
100
AcDbLine
 10
2077.753264563168
 20
1601.491379142629
 30
0.0
 11
2083.032909950813
 21
1586.790854212361
 31
0.0
  0
LINE
  5
700
102
{ACAD_REACTORS
330
1825
102
}
330
1F
100
AcDbEntity
  8
0
100
AcDbLine
 10
2079.054919729159
 20
1585.12112860248
 30
0.0
 11
2076.451609397181
 21
1587.724438934458
 31
0.0
  0
LINE
  5
701
102
{ACAD_REACTORS
330
1825
102
}
330
1F
100
AcDbEntity
  8
0
100
AcDbLine
 10
2076.451609397181
 20
1585.12112860248
 30
0.0
 11
2079.054919729159
 21
1587.724438934458
 31
0.0
  0
LINE
  5
702
102
{ACAD_REACTORS
330
1825
102
}
330
1F
100
AcDbEntity
  8
0
100
AcDbLine
 10
2080.393087256988
 20
1594.141116677493
 30
0.0
 11
2082.669857965238
 21
1594.983506291037
 31
0.0
  0
LINE
  5
703
102
{ACAD_REACTORS
330
1825
102
}
330
1F
100
AcDbEntity
  8
0
100
AcDbLine
 10
2082.669857965238
 20
1594.983506291037
 30
0.0
 11
2083.922755362778
 21
1591.631211920106
 31
0.0
  0
LINE
  5
704
102
{ACAD_REACTORS
330
1825
102
}
330
1F
100
AcDbEntity
  8
0
100
AcDbLine
 10
2083.922755362778
 20
1591.631211920106
 30
0.0
 11
2081.60103005093
 21
1590.777748145536
 31
0.0
  0
LINE
  5
705
102
{ACAD_REACTORS
330
1825
102
}
330
1F
100
AcDbEntity
  8
0
100
AcDbLine
 10
2087.287357014972
 20
1581.216163104519
 30
0.0
 11
2087.287357014972
 21
1586.422783768471
 31
0.0
  0
LINE
  5
706
102
{ACAD_REACTORS
330
1825
102
}
330
1F
100
AcDbEntity
  8
0
100
AcDbLine
 10
2087.287357014972
 20
1601.491379142629
 30
0.0
 11
2087.287357014972
 21
1606.697999806577
 31
0.0
  0
LINE
  5
707
102
{ACAD_REACTORS
330
1825
102
}
330
1F
100
AcDbEntity
  8
0
100
AcDbLine
 10
2087.287357014972
 20
1601.491379142629
 30
0.0
 11
2092.567002402612
 21
1586.790854212361
 31
0.0
  0
LINE
  5
708
102
{ACAD_REACTORS
330
1825
102
}
330
1F
100
AcDbEntity
  8
0
100
AcDbLine
 10
2088.589012180962
 20
1585.12112860248
 30
0.0
 11
2085.985701848985
 21
1587.724438934458
 31
0.0
  0
LINE
  5
709
102
{ACAD_REACTORS
330
1825
102
}
330
1F
100
AcDbEntity
  8
0
100
AcDbLine
 10
2085.985701848985
 20
1585.12112860248
 30
0.0
 11
2088.589012180962
 21
1587.724438934458
 31
0.0
  0
LINE
  5
70A
102
{ACAD_REACTORS
330
1825
102
}
330
1F
100
AcDbEntity
  8
0
100
AcDbLine
 10
2089.927179708796
 20
1594.141116677493
 30
0.0
 11
2092.203950417038
 21
1594.983506291037
 31
0.0
  0
LINE
  5
70B
102
{ACAD_REACTORS
330
1825
102
}
330
1F
100
AcDbEntity
  8
0
100
AcDbLine
 10
2092.203950417038
 20
1594.983506291037
 30
0.0
 11
2093.456847814582
 21
1591.631211920106
 31
0.0
  0
LINE
  5
70C
102
{ACAD_REACTORS
330
1825
102
}
330
1F
100
AcDbEntity
  8
0
100
AcDbLine
 10
2093.456847814582
 20
1591.631211920106
 30
0.0
 11
2091.135122502733
 21
1590.777748145536
 31
0.0
  0
LWPOLYLINE
  5
70D
102
{ACAD_REACTORS
330
1825
102
}
330
1F
100
AcDbEntity
  8
0
100
AcDbPolyline
 90
        4
 70
     1
 43
0.0
 10
2062.260364328999
 20
1612.172875913752
 10
2098.744169911947
 20
1612.172875913752
 10
2098.744169911947
 20
1575.689070330797
 10
2062.260364328999
 20
1575.689070330797
  0
LINE
  5
70E
102
{ACAD_REACTORS
330
1825
102
}
330
1F
100
AcDbEntity
  8
0
100
AcDbLine
 10
2068.798477781696
 20
1581.216163104519
 30
0.0
 11
2068.798477781696
 21
1531.361812773678
 31
0.0
  0
LINE
  5
70F
102
{ACAD_REACTORS
330
1825
102
}
330
1F
100
AcDbEntity
  8
0
100
AcDbLine
 10
2077.753264563168
 20
1581.216163104519
 30
0.0
 11
2077.753264563168
 21
1531.361812773678
 31
0.0
  0
LINE
  5
710
102
{ACAD_REACTORS
330
1825
102
}
330
1F
100
AcDbEntity
  8
0
100
AcDbLine
 10
2087.287357014972
 20
1581.216163104519
 30
0.0
 11
2087.287357014972
 21
1531.361812773678
 31
0.0
  0
HATCH
  5
711
102
{ACAD_REACTORS
330
1825
102
}
330
1F
100
AcDbEntity
  8
Connecting
440
 33554687
100
AcDbHatch
 10
0.0
 20
0.0
 30
0.0
210
0.0
220
0.0
230
1.0
  2
SOLID
 70
     1
 71
     0
 91
        1
 92
        7
 72
     1
 73
     1
 93
        2
 10
1975.099016904747
 20
1531.361812773678
 42
1.0
 10
1979.087364931215
 20
1531.361812773678
 42
1.0
 97
        0
 75
     1
 76
     1
 47
0.0048123264401831
 98
        1
 10
1978.102667687338
 20
1531.955696345664
450
        0
451
        0
460
0.0
461
0.0
452
        0
462
0.0
453
        2
463
0.0
 63
     5
421
      255
463
1.0
 63
     2
421
 16776960
470
LINEAR
1001
GradientColor1ACI
1070
     5
1001
GradientColor2ACI
1070
     2
1001
ACAD
1010
0.0
1020
0.0
1030
0.0
  0
HATCH
  5
712
102
{ACAD_REACTORS
330
1825
102
}
330
1F
100
AcDbEntity
  8
Connecting
440
 33554687
100
AcDbHatch
 10
0.0
 20
0.0
 30
0.0
210
0.0
220
0.0
230
1.0
  2
SOLID
 70
     1
 71
     0
 91
        1
 92
        7
 72
     1
 73
     1
 93
        2
 10
1984.05380368622
 20
1531.361812773678
 42
1.0
 10
1988.042151712688
 20
1531.361812773678
 42
1.0
 97
        0
 75
     1
 76
     1
 47
0.0048123264401831
 98
        1
 10
1987.057454468815
 20
1531.955696345664
450
        0
451
        0
460
0.0
461
0.0
452
        0
462
0.0
453
        2
463
0.0
 63
     5
421
      255
463
1.0
 63
     2
421
 16776960
470
LINEAR
1001
GradientColor1ACI
1070
     5
1001
GradientColor2ACI
1070
     2
1001
ACAD
1010
0.0
1020
0.0
1030
0.0
  0
HATCH
  5
713
102
{ACAD_REACTORS
330
1825
102
}
330
1F
100
AcDbEntity
  8
Connecting
440
 33554687
100
AcDbHatch
 10
0.0
 20
0.0
 30
0.0
210
0.0
220
0.0
230
1.0
  2
SOLID
 70
     1
 71
     0
 91
        1
 92
        7
 72
     1
 73
     1
 93
        2
 10
1993.587896138023
 20
1531.361812773678
 42
1.0
 10
1997.576244164492
 20
1531.361812773678
 42
1.0
 97
        0
 75
     1
 76
     1
 47
0.0048123264401831
 98
        1
 10
1996.591546920615
 20
1531.955696345664
450
        0
451
        0
460
0.0
461
0.0
452
        0
462
0.0
453
        2
463
0.0
 63
     5
421
      255
463
1.0
 63
     2
421
 16776960
470
LINEAR
1001
GradientColor1ACI
1070
     5
1001
GradientColor2ACI
1070
     2
1001
ACAD
1010
0.0
1020
0.0
1030
0.0
  0
HATCH
  5
714
102
{ACAD_REACTORS
330
1825
102
}
330
1F
100
AcDbEntity
  8
Connecting
440
 33554687
100
AcDbHatch
 10
0.0
 20
0.0
 30
0.0
210
0.0
220
0.0
230
1.0
  2
SOLID
 70
     1
 71
     0
 91
        1
 92
        7
 72
     1
 73
     1
 93
        2
 10
2020.630339503448
 20
1531.361812773678
 42
1.0
 10
2024.618687529913
 20
1531.361812773678
 42
1.0
 97
        0
 75
     1
 76
     1
 47
0.0048123264401831
 98
        1
 10
2023.633990286039
 20
1531.955696345664
450
        0
451
        0
460
0.0
461
0.0
452
        0
462
0.0
453
        2
463
0.0
 63
     5
421
      255
463
1.0
 63
     2
421
 16776960
470
LINEAR
1001
GradientColor1ACI
1070
     5
1001
GradientColor2ACI
1070
     2
1001
ACAD
1010
0.0
1020
0.0
1030
0.0
  0
HATCH
  5
715
102
{ACAD_REACTORS
330
1825
102
}
330
1F
100
AcDbEntity
  8
Connecting
440
 33554687
100
AcDbHatch
 10
0.0
 20
0.0
 30
0.0
210
0.0
220
0.0
230
1.0
  2
SOLID
 70
     1
 71
     0
 91
        1
 92
        7
 72
     1
 73
     1
 93
        2
 10
2029.585126284924
 20
1531.361812773678
 42
1.0
 10
2033.573474311389
 20
1531.361812773678
 42
1.0
 97
        0
 75
     1
 76
     1
 47
0.0048123264401831
 98
        1
 10
2032.588777067512
 20
1531.955696345664
450
        0
451
        0
460
0.0
461
0.0
452
        0
462
0.0
453
        2
463
0.0
 63
     5
421
      255
463
1.0
 63
     2
421
 16776960
470
LINEAR
1001
GradientColor1ACI
1070
     5
1001
GradientColor2ACI
1070
     2
1001
ACAD
1010
0.0
1020
0.0
1030
0.0
  0
HATCH
  5
716
102
{ACAD_REACTORS
330
1825
102
}
330
1F
100
AcDbEntity
  8
Connecting
440
 33554687
100
AcDbHatch
 10
0.0
 20
0.0
 30
0.0
210
0.0
220
0.0
230
1.0
  2
SOLID
 70
     1
 71
     0
 91
        1
 92
        7
 72
     1
 73
     1
 93
        2
 10
2039.119218736728
 20
1531.361812773678
 42
1.0
 10
2043.107566763188
 20
1531.361812773678
 42
1.0
 97
        0
 75
     1
 76
     1
 47
0.0048123264401831
 98
        1
 10
2042.122869519315
 20
1531.955696345664
450
        0
451
        0
460
0.0
461
0.0
452
        0
462
0.0
453
        2
463
0.0
 63
     5
421
      255
463
1.0
 63
     2
421
 16776960
470
LINEAR
1001
GradientColor1ACI
1070
     5
1001
GradientColor2ACI
1070
     2
1001
ACAD
1010
0.0
1020
0.0
1030
0.0
  0
HATCH
  5
717
102
{ACAD_REACTORS
330
1825
102
}
330
1F
100
AcDbEntity
  8
Connecting
440
 33554687
100
AcDbHatch
 10
0.0
 20
0.0
 30
0.0
210
0.0
220
0.0
230
1.0
  2
SOLID
 70
     1
 71
     0
 91
        1
 92
        7
 72
     1
 73
     1
 93
        2
 10
2066.804303768465
 20
1531.361812773678
 42
1.0
 10
2070.792651794926
 20
1531.361812773678
 42
1.0
 97
        0
 75
     1
 76
     1
 47
0.0048123264401831
 98
        1
 10
2069.807954551056
 20
1531.955696345664
450
        0
451
        0
460
0.0
461
0.0
452
        0
462
0.0
453
        2
463
0.0
 63
     5
421
      255
463
1.0
 63
     2
421
 16776960
470
LINEAR
1001
GradientColor1ACI
1070
     5
1001
GradientColor2ACI
1070
     2
1001
ACAD
1010
0.0
1020
0.0
1030
0.0
  0
HATCH
  5
718
102
{ACAD_REACTORS
330
1825
102
}
330
1F
100
AcDbEntity
  8
Connecting
440
 33554687
100
AcDbHatch
 10
0.0
 20
0.0
 30
0.0
210
0.0
220
0.0
230
1.0
  2
SOLID
 70
     1
 71
     0
 91
        1
 92
        7
 72
     1
 73
     1
 93
        2
 10
2075.759090549937
 20
1531.361812773678
 42
1.0
 10
2079.747438576406
 20
1531.361812773678
 42
1.0
 97
        0
 75
     1
 76
     1
 47
0.0048123264401831
 98
        1
 10
2078.762741332529
 20
1531.955696345664
450
        0
451
        0
460
0.0
461
0.0
452
        0
462
0.0
453
        2
463
0.0
 63
     5
421
      255
463
1.0
 63
     2
421
 16776960
470
LINEAR
1001
GradientColor1ACI
1070
     5
1001
GradientColor2ACI
1070
     2
1001
ACAD
1010
0.0
1020
0.0
1030
0.0
  0
HATCH
  5
719
102
{ACAD_REACTORS
330
1825
102
}
330
1F
100
AcDbEntity
  8
Connecting
440
 33554687
100
AcDbHatch
 10
0.0
 20
0.0
 30
0.0
210
0.0
220
0.0
230
1.0
  2
SOLID
 70
     1
 71
     0
 91
        1
 92
        7
 72
     1
 73
     1
 93
        2
 10
2085.293183001741
 20
1531.361812773678
 42
1.0
 10
2089.281531028205
 20
1531.361812773678
 42
1.0
 97
        0
 75
     1
 76
     1
 47
0.0048123264401831
 98
        1
 10
2088.296833784331
 20
1531.955696345664
450
        0
451
        0
460
0.0
461
0.0
452
        0
462
0.0
453
        2
463
0.0
 63
     5
421
      255
463
1.0
 63
     2
421
 16776960
470
LINEAR
1001
GradientColor1ACI
1070
     5
1001
GradientColor2ACI
1070
     2
1001
ACAD
1010
0.0
1020
0.0
1030
0.0
  0
LINE
  5
71A
102
{ACAD_REACTORS
330
1825
102
}
330
1F
100
AcDbEntity
  8
0
100
AcDbLine
 10
1977.093190917981
 20
1606.697999806577
 30
0.0
 11
1977.093190917981
 21
1644.470710729305
 31
0.0
  0
LINE
  5
71B
102
{ACAD_REACTORS
330
1825
102
}
330
1F
100
AcDbEntity
  8
0
100
AcDbLine
 10
1986.047977699458
 20
1606.697999806577
 30
0.0
 11
1986.047977699458
 21
1635.911638431332
 31
0.0
  0
LINE
  5
71C
102
{ACAD_REACTORS
330
1825
102
}
330
1F
100
AcDbEntity
  8
0
100
AcDbLine
 10
1995.582070151257
 20
1606.697999806577
 30
0.0
 11
1995.582070151257
 21
1627.687381553784
 31
0.0
  0
LINE
  5
71D
102
{ACAD_REACTORS
330
1825
102
}
330
1F
100
AcDbEntity
  8
0
100
AcDbLine
 10
2022.624513516682
 20
1606.697999806577
 30
0.0
 11
2022.624513516682
 21
1644.470710729305
 31
0.0
  0
LINE
  5
71E
102
{ACAD_REACTORS
330
1825
102
}
330
1F
100
AcDbEntity
  8
0
100
AcDbLine
 10
2031.579300298155
 20
1606.697999806577
 30
0.0
 11
2031.579300298155
 21
1635.911638431332
 31
0.0
  0
LINE
  5
71F
102
{ACAD_REACTORS
330
1825
102
}
330
1F
100
AcDbEntity
  8
0
100
AcDbLine
 10
2041.113392749959
 20
1606.697999806577
 30
0.0
 11
2041.113392749959
 21
1627.687381553784
 31
0.0
  0
LINE
  5
720
102
{ACAD_REACTORS
330
1825
102
}
330
1F
100
AcDbEntity
  8
0
100
AcDbLine
 10
2068.798477781696
 20
1606.697999806577
 30
0.0
 11
2068.798477781696
 21
1644.470710729305
 31
0.0
  0
LINE
  5
721
102
{ACAD_REACTORS
330
1825
102
}
330
1F
100
AcDbEntity
  8
0
100
AcDbLine
 10
2077.753264563168
 20
1606.697999806577
 30
0.0
 11
2077.753264563168
 21
1635.911638431332
 31
0.0
  0
LINE
  5
722
102
{ACAD_REACTORS
330
1825
102
}
330
1F
100
AcDbEntity
  8
0
100
AcDbLine
 10
2087.287357014972
 20
1606.697999806577
 30
0.0
 11
2087.287357014972
 21
1627.687381553784
 31
0.0
  0
HATCH
  5
723
102
{ACAD_REACTORS
330
1825
102
}
330
1F
100
AcDbEntity
  8
Connecting
440
 33554687
100
AcDbHatch
 10
0.0
 20
0.0
 30
0.0
210
0.0
220
0.0
230
1.0
  2
SOLID
 70
     1
 71
     0
 91
        1
 92
        7
 72
     1
 73
     1
 93
        2
 10
1975.099016904747
 20
1644.470710729305
 42
1.0
 10
1979.087364931215
 20
1644.470710729305
 42
1.0
 97
        0
 75
     1
 76
     1
 47
0.0048123264401831
 98
        1
 10
1978.102667687338
 20
1645.064594301287
450
        0
451
        0
460
0.0
461
0.0
452
        0
462
0.0
453
        2
463
0.0
 63
     5
421
      255
463
1.0
 63
     2
421
 16776960
470
LINEAR
1001
GradientColor1ACI
1070
     5
1001
GradientColor2ACI
1070
     2
1001
ACAD
1010
0.0
1020
0.0
1030
0.0
  0
HATCH
  5
724
102
{ACAD_REACTORS
330
1825
102
}
330
1F
100
AcDbEntity
  8
Connecting
440
 33554687
100
AcDbHatch
 10
0.0
 20
0.0
 30
0.0
210
0.0
220
0.0
230
1.0
  2
SOLID
 70
     1
 71
     0
 91
        1
 92
        7
 72
     1
 73
     1
 93
        2
 10
1984.05380368622
 20
1635.911638431332
 42
1.0
 10
1988.042151712688
 20
1635.911638431332
 42
1.0
 97
        0
 75
     1
 76
     1
 47
0.0048123264401831
 98
        1
 10
1987.057454468815
 20
1636.505522003314
450
        0
451
        0
460
0.0
461
0.0
452
        0
462
0.0
453
        2
463
0.0
 63
     5
421
      255
463
1.0
 63
     2
421
 16776960
470
LINEAR
1001
GradientColor1ACI
1070
     5
1001
GradientColor2ACI
1070
     2
1001
ACAD
1010
0.0
1020
0.0
1030
0.0
  0
HATCH
  5
725
102
{ACAD_REACTORS
330
1825
102
}
330
1F
100
AcDbEntity
  8
Connecting
440
 33554687
100
AcDbHatch
 10
0.0
 20
0.0
 30
0.0
210
0.0
220
0.0
230
1.0
  2
SOLID
 70
     1
 71
     0
 91
        1
 92
        7
 72
     1
 73
     1
 93
        2
 10
1993.587896138023
 20
1627.687381553784
 42
1.0
 10
1997.576244164492
 20
1627.687381553784
 42
1.0
 97
        0
 75
     1
 76
     1
 47
0.0048123264401831
 98
        1
 10
1996.591546920615
 20
1628.281265125766
450
        0
451
        0
460
0.0
461
0.0
452
        0
462
0.0
453
        2
463
0.0
 63
     5
421
      255
463
1.0
 63
     2
421
 16776960
470
LINEAR
1001
GradientColor1ACI
1070
     5
1001
GradientColor2ACI
1070
     2
1001
ACAD
1010
0.0
1020
0.0
1030
0.0
  0
HATCH
  5
726
102
{ACAD_REACTORS
330
1825
102
}
330
1F
100
AcDbEntity
  8
Connecting
440
 33554687
100
AcDbHatch
 10
0.0
 20
0.0
 30
0.0
210
0.0
220
0.0
230
1.0
  2
SOLID
 70
     1
 71
     0
 91
        1
 92
        7
 72
     1
 73
     1
 93
        2
 10
2020.630339503448
 20
1644.470710729305
 42
1.0
 10
2024.618687529913
 20
1644.470710729305
 42
1.0
 97
        0
 75
     1
 76
     1
 47
0.0048123264401831
 98
        1
 10
2023.633990286039
 20
1645.064594301287
450
        0
451
        0
460
0.0
461
0.0
452
        0
462
0.0
453
        2
463
0.0
 63
     5
421
      255
463
1.0
 63
     2
421
 16776960
470
LINEAR
1001
GradientColor1ACI
1070
     5
1001
GradientColor2ACI
1070
     2
1001
ACAD
1010
0.0
1020
0.0
1030
0.0
  0
HATCH
  5
727
102
{ACAD_REACTORS
330
1825
102
}
330
1F
100
AcDbEntity
  8
Connecting
440
 33554687
100
AcDbHatch
 10
0.0
 20
0.0
 30
0.0
210
0.0
220
0.0
230
1.0
  2
SOLID
 70
     1
 71
     0
 91
        1
 92
        7
 72
     1
 73
     1
 93
        2
 10
2029.585126284924
 20
1635.911638431332
 42
1.0
 10
2033.573474311389
 20
1635.911638431332
 42
1.0
 97
        0
 75
     1
 76
     1
 47
0.0048123264401831
 98
        1
 10
2032.588777067512
 20
1636.505522003314
450
        0
451
        0
460
0.0
461
0.0
452
        0
462
0.0
453
        2
463
0.0
 63
     5
421
      255
463
1.0
 63
     2
421
 16776960
470
LINEAR
1001
GradientColor1ACI
1070
     5
1001
GradientColor2ACI
1070
     2
1001
ACAD
1010
0.0
1020
0.0
1030
0.0
  0
HATCH
  5
728
102
{ACAD_REACTORS
330
1825
102
}
330
1F
100
AcDbEntity
  8
Connecting
440
 33554687
100
AcDbHatch
 10
0.0
 20
0.0
 30
0.0
210
0.0
220
0.0
230
1.0
  2
SOLID
 70
     1
 71
     0
 91
        1
 92
        7
 72
     1
 73
     1
 93
        2
 10
2039.119218736728
 20
1627.687381553784
 42
1.0
 10
2043.107566763188
 20
1627.687381553784
 42
1.0
 97
        0
 75
     1
 76
     1
 47
0.0048123264401831
 98
        1
 10
2042.122869519315
 20
1628.281265125766
450
        0
451
        0
460
0.0
461
0.0
452
        0
462
0.0
453
        2
463
0.0
 63
     5
421
      255
463
1.0
 63
     2
421
 16776960
470
LINEAR
1001
GradientColor1ACI
1070
     5
1001
GradientColor2ACI
1070
     2
1001
ACAD
1010
0.0
1020
0.0
1030
0.0
  0
HATCH
  5
729
102
{ACAD_REACTORS
330
1825
102
}
330
1F
100
AcDbEntity
  8
Connecting
440
 33554687
100
AcDbHatch
 10
0.0
 20
0.0
 30
0.0
210
0.0
220
0.0
230
1.0
  2
SOLID
 70
     1
 71
     0
 91
        1
 92
        7
 72
     1
 73
     1
 93
        2
 10
2066.804303768465
 20
1644.470710729305
 42
1.0
 10
2070.792651794926
 20
1644.470710729305
 42
1.0
 97
        0
 75
     1
 76
     1
 47
0.0048123264401831
 98
        1
 10
2069.807954551056
 20
1645.064594301287
450
        0
451
        0
460
0.0
461
0.0
452
        0
462
0.0
453
        2
463
0.0
 63
     5
421
      255
463
1.0
 63
     2
421
 16776960
470
LINEAR
1001
GradientColor1ACI
1070
     5
1001
GradientColor2ACI
1070
     2
1001
ACAD
1010
0.0
1020
0.0
1030
0.0
  0
HATCH
  5
72A
102
{ACAD_REACTORS
330
1825
102
}
330
1F
100
AcDbEntity
  8
Connecting
440
 33554687
100
AcDbHatch
 10
0.0
 20
0.0
 30
0.0
210
0.0
220
0.0
230
1.0
  2
SOLID
 70
     1
 71
     0
 91
        1
 92
        7
 72
     1
 73
     1
 93
        2
 10
2075.759090549937
 20
1635.911638431332
 42
1.0
 10
2079.747438576406
 20
1635.911638431332
 42
1.0
 97
        0
 75
     1
 76
     1
 47
0.0048123264401831
 98
        1
 10
2078.762741332529
 20
1636.505522003314
450
        0
451
        0
460
0.0
461
0.0
452
        0
462
0.0
453
        2
463
0.0
 63
     5
421
      255
463
1.0
 63
     2
421
 16776960
470
LINEAR
1001
GradientColor1ACI
1070
     5
1001
GradientColor2ACI
1070
     2
1001
ACAD
1010
0.0
1020
0.0
1030
0.0
  0
HATCH
  5
72B
102
{ACAD_REACTORS
330
1825
102
}
330
1F
100
AcDbEntity
  8
Connecting
440
 33554687
100
AcDbHatch
 10
0.0
 20
0.0
 30
0.0
210
0.0
220
0.0
230
1.0
  2
SOLID
 70
     1
 71
     0
 91
        1
 92
        7
 72
     1
 73
     1
 93
        2
 10
2085.293183001741
 20
1627.687381553784
 42
1.0
 10
2089.281531028205
 20
1627.687381553784
 42
1.0
 97
        0
 75
     1
 76
     1
 47
0.0048123264401831
 98
        1
 10
2088.296833784331
 20
1628.281265125766
450
        0
451
        0
460
0.0
461
0.0
452
        0
462
0.0
453
        2
463
0.0
 63
     5
421
      255
463
1.0
 63
     2
421
 16776960
470
LINEAR
1001
GradientColor1ACI
1070
     5
1001
GradientColor2ACI
1070
     2
1001
ACAD
1010
0.0
1020
0.0
1030
0.0
  0
LWPOLYLINE
  5
72C
102
{ACAD_REACTORS
330
1825
102
}
330
1F
100
AcDbEntity
  8
0
100
AcDbPolyline
 90
        4
 70
     1
 43
0.0
 10
2009.086016048547
 20
1705.976635322195
 10
2058.940366379388
 20
1705.976635322195
 10
2058.940366379388
 20
1686.034895189861
 10
2009.086016048547
 20
1686.034895189861
  0
LINE
  5
72D
102
{ACAD_REACTORS
330
1825
102
}
330
1F
100
AcDbEntity
  8
0
100
AcDbLine
 10
2015.317809839905
 20
1653.959213307746
 30
0.0
 11
2015.317809839905
 21
1659.165833971698
 31
0.0
  0
LINE
  5
72E
102
{ACAD_REACTORS
330
1825
102
}
330
1F
100
AcDbEntity
  8
0
100
AcDbLine
 10
2015.317809839905
 20
1674.234429345856
 30
0.0
 11
2015.317809839905
 21
1679.441050009804
 31
0.0
  0
LINE
  5
72F
102
{ACAD_REACTORS
330
1825
102
}
330
1F
100
AcDbEntity
  8
0
100
AcDbLine
 10
2015.317809839905
 20
1674.234429345856
 30
0.0
 11
2020.597455227543
 21
1659.533904415589
 31
0.0
  0
LINE
  5
730
102
{ACAD_REACTORS
330
1825
102
}
330
1F
100
AcDbEntity
  8
0
100
AcDbLine
 10
2016.619465005889
 20
1657.864178805708
 30
0.0
 11
2014.016154673915
 21
1660.467489137685
 31
0.0
  0
LINE
  5
731
102
{ACAD_REACTORS
330
1825
102
}
330
1F
100
AcDbEntity
  8
0
100
AcDbLine
 10
2014.016154673915
 20
1657.864178805708
 30
0.0
 11
2016.619465005889
 21
1660.467489137685
 31
0.0
  0
LINE
  5
732
102
{ACAD_REACTORS
330
1825
102
}
330
1F
100
AcDbEntity
  8
0
100
AcDbLine
 10
2017.957632533723
 20
1666.88416688072
 30
0.0
 11
2020.234403241973
 21
1667.726556494268
 31
0.0
  0
LINE
  5
733
102
{ACAD_REACTORS
330
1825
102
}
330
1F
100
AcDbEntity
  8
0
100
AcDbLine
 10
2020.234403241973
 20
1667.726556494268
 30
0.0
 11
2021.487300639509
 21
1664.374262123337
 31
0.0
  0
LINE
  5
734
102
{ACAD_REACTORS
330
1825
102
}
330
1F
100
AcDbEntity
  8
0
100
AcDbLine
 10
2021.487300639509
 20
1664.374262123337
 30
0.0
 11
2019.165575327664
 21
1663.520798348771
 31
0.0
  0
LINE
  5
735
102
{ACAD_REACTORS
330
1825
102
}
330
1F
100
AcDbEntity
  8
0
100
AcDbLine
 10
2034.013191213968
 20
1653.959213307746
 30
0.0
 11
2034.013191213968
 21
1659.165833971698
 31
0.0
  0
LINE
  5
736
102
{ACAD_REACTORS
330
1825
102
}
330
1F
100
AcDbEntity
  8
0
100
AcDbLine
 10
2034.013191213968
 20
1674.234429345856
 30
0.0
 11
2034.013191213968
 21
1679.441050009804
 31
0.0
  0
LINE
  5
737
102
{ACAD_REACTORS
330
1825
102
}
330
1F
100
AcDbEntity
  8
0
100
AcDbLine
 10
2034.013191213968
 20
1674.234429345856
 30
0.0
 11
2039.292836601606
 21
1659.533904415589
 31
0.0
  0
LINE
  5
738
102
{ACAD_REACTORS
330
1825
102
}
330
1F
100
AcDbEntity
  8
0
100
AcDbLine
 10
2035.314846379952
 20
1657.864178805708
 30
0.0
 11
2032.711536047981
 21
1660.467489137685
 31
0.0
  0
LINE
  5
739
102
{ACAD_REACTORS
330
1825
102
}
330
1F
100
AcDbEntity
  8
0
100
AcDbLine
 10
2032.711536047981
 20
1657.864178805708
 30
0.0
 11
2035.314846379952
 21
1660.467489137685
 31
0.0
  0
LINE
  5
73A
102
{ACAD_REACTORS
330
1825
102
}
330
1F
100
AcDbEntity
  8
0
100
AcDbLine
 10
2036.653013907785
 20
1666.88416688072
 30
0.0
 11
2038.929784616034
 21
1667.726556494268
 31
0.0
  0
LINE
  5
73B
102
{ACAD_REACTORS
330
1825
102
}
330
1F
100
AcDbEntity
  8
0
100
AcDbLine
 10
2038.929784616034
 20
1667.726556494268
 30
0.0
 11
2040.182682013575
 21
1664.374262123337
 31
0.0
  0
LINE
  5
73C
102
{ACAD_REACTORS
330
1825
102
}
330
1F
100
AcDbEntity
  8
0
100
AcDbLine
 10
2040.182682013575
 20
1664.374262123337
 30
0.0
 11
2037.860956701729
 21
1663.520798348771
 31
0.0
  0
LINE
  5
73D
102
{ACAD_REACTORS
330
1825
102
}
330
1F
100
AcDbEntity
  8
0
100
AcDbLine
 10
2052.708572588034
 20
1653.959213307746
 30
0.0
 11
2052.708572588034
 21
1659.165833971698
 31
0.0
  0
LINE
  5
73E
102
{ACAD_REACTORS
330
1825
102
}
330
1F
100
AcDbEntity
  8
0
100
AcDbLine
 10
2052.708572588034
 20
1674.234429345856
 30
0.0
 11
2052.708572588034
 21
1679.441050009804
 31
0.0
  0
LINE
  5
73F
102
{ACAD_REACTORS
330
1825
102
}
330
1F
100
AcDbEntity
  8
0
100
AcDbLine
 10
2052.708572588034
 20
1674.234429345856
 30
0.0
 11
2057.988217975672
 21
1659.533904415589
 31
0.0
  0
LINE
  5
740
102
{ACAD_REACTORS
330
1825
102
}
330
1F
100
AcDbEntity
  8
0
100
AcDbLine
 10
2054.010227754018
 20
1657.864178805708
 30
0.0
 11
2051.406917422044
 21
1660.467489137685
 31
0.0
  0
LINE
  5
741
102
{ACAD_REACTORS
330
1825
102
}
330
1F
100
AcDbEntity
  8
0
100
AcDbLine
 10
2051.406917422044
 20
1657.864178805708
 30
0.0
 11
2054.010227754018
 21
1660.467489137685
 31
0.0
  0
LINE
  5
742
102
{ACAD_REACTORS
330
1825
102
}
330
1F
100
AcDbEntity
  8
0
100
AcDbLine
 10
2055.348395281852
 20
1666.88416688072
 30
0.0
 11
2057.625165990102
 21
1667.726556494268
 31
0.0
  0
LINE
  5
743
102
{ACAD_REACTORS
330
1825
102
}
330
1F
100
AcDbEntity
  8
0
100
AcDbLine
 10
2057.625165990102
 20
1667.726556494268
 30
0.0
 11
2058.878063387638
 21
1664.374262123337
 31
0.0
  0
LINE
  5
744
102
{ACAD_REACTORS
330
1825
102
}
330
1F
100
AcDbEntity
  8
0
100
AcDbLine
 10
2058.878063387638
 20
1664.374262123337
 30
0.0
 11
2056.556338075792
 21
1663.520798348771
 31
0.0
  0
LINE
  5
745
102
{ACAD_REACTORS
330
1825
102
}
330
1F
100
AcDbEntity
  8
0
100
AcDbLine
 10
2052.708572588034
 20
1653.959213307746
 30
0.0
 11
2052.708572588034
 21
1627.687381553784
 31
0.0
  0
LINE
  5
746
102
{ACAD_REACTORS
330
1825
102
}
330
1F
100
AcDbEntity
  8
0
100
AcDbLine
 10
2034.013191213968
 20
1653.959213307746
 30
0.0
 11
2034.013191213968
 21
1635.911638431332
 31
0.0
  0
LINE
  5
747
102
{ACAD_REACTORS
330
1825
102
}
330
1F
100
AcDbEntity
  8
0
100
AcDbLine
 10
2015.317809839905
 20
1653.959213307746
 30
0.0
 11
2015.317809839905
 21
1644.470710729305
 31
0.0
  0
HATCH
  5
748
102
{ACAD_REACTORS
330
1825
102
}
330
1F
100
AcDbEntity
  8
Connecting
440
 33554687
100
AcDbHatch
 10
0.0
 20
0.0
 30
0.0
210
0.0
220
0.0
230
1.0
  2
SOLID
 70
     1
 71
     0
 91
        1
 92
        7
 72
     1
 73
     1
 93
        2
 10
2013.323635826668
 20
1644.470710729305
 42
1.0
 10
2017.311983853136
 20
1644.470710729305
 42
1.0
 97
        0
 75
     1
 76
     1
 47
0.0048123264401831
 98
        1
 10
2016.327286609262
 20
1645.064594301287
450
        0
451
        0
460
0.0
461
0.0
452
        0
462
0.0
453
        2
463
0.0
 63
     5
421
      255
463
1.0
 63
     2
421
 16776960
470
LINEAR
1001
GradientColor1ACI
1070
     5
1001
GradientColor2ACI
1070
     2
1001
ACAD
1010
0.0
1020
0.0
1030
0.0
  0
HATCH
  5
749
102
{ACAD_REACTORS
330
1825
102
}
330
1F
100
AcDbEntity
  8
Connecting
440
 33554687
100
AcDbHatch
 10
0.0
 20
0.0
 30
0.0
210
0.0
220
0.0
230
1.0
  2
SOLID
 70
     1
 71
     0
 91
        1
 92
        7
 72
     1
 73
     1
 93
        2
 10
2032.019017200735
 20
1635.911638431332
 42
1.0
 10
2036.007365227203
 20
1635.911638431332
 42
1.0
 97
        0
 75
     1
 76
     1
 47
0.0048123264401831
 98
        1
 10
2035.02266798333
 20
1636.505522003314
450
        0
451
        0
460
0.0
461
0.0
452
        0
462
0.0
453
        2
463
0.0
 63
     5
421
      255
463
1.0
 63
     2
421
 16776960
470
LINEAR
1001
GradientColor1ACI
1070
     5
1001
GradientColor2ACI
1070
     2
1001
ACAD
1010
0.0
1020
0.0
1030
0.0
  0
HATCH
  5
74A
102
{ACAD_REACTORS
330
1825
102
}
330
1F
100
AcDbEntity
  8
Connecting
440
 33554687
100
AcDbHatch
 10
0.0
 20
0.0
 30
0.0
210
0.0
220
0.0
230
1.0
  2
SOLID
 70
     1
 71
     0
 91
        1
 92
        7
 72
     1
 73
     1
 93
        2
 10
2050.714398574796
 20
1627.687381553784
 42
1.0
 10
2054.702746601265
 20
1627.687381553784
 42
1.0
 97
        0
 75
     1
 76
     1
 47
0.0048123264401831
 98
        1
 10
2053.718049357391
 20
1628.281265125766
450
        0
451
        0
460
0.0
461
0.0
452
        0
462
0.0
453
        2
463
0.0
 63
     5
421
      255
463
1.0
 63
     2
421
 16776960
470
LINEAR
1001
GradientColor1ACI
1070
     5
1001
GradientColor2ACI
1070
     2
1001
ACAD
1010
0.0
1020
0.0
1030
0.0
  0
LINE
  5
74B
102
{ACAD_REACTORS
330
1825
102
}
330
1F
100
AcDbEntity
  8
0
100
AcDbLine
 10
2015.317809839905
 20
1679.441050009804
 30
0.0
 11
2015.317809839905
 21
1686.034895189861
 31
0.0
  0
LINE
  5
74C
102
{ACAD_REACTORS
330
1825
102
}
330
1F
100
AcDbEntity
  8
0
100
AcDbLine
 10
2034.013191213968
 20
1679.441050009804
 30
0.0
 11
2034.013191213968
 21
1686.034895189861
 31
0.0
  0
LINE
  5
74D
102
{ACAD_REACTORS
330
1825
102
}
330
1F
100
AcDbEntity
  8
0
100
AcDbLine
 10
2052.708572588034
 20
1679.441050009804
 30
0.0
 11
2052.708572588034
 21
1686.034895189861
 31
0.0
  0
MTEXT
  5
74E
102
{ACAD_REACTORS
330
1825
102
}
330
1F
100
AcDbEntity
  8
0
100
AcDbMText
 10
1907.483974582249
 20
1647.102381402851
 30
0.0
 40
4.98543503308397
 41
6.453339956958355
 46
0.0
 71
     1
 72
     5
  1
\pxqc;R
  7
Tittle Block
 73
     1
 44
1.0
101
Embedded Object
 70
     1
 10
1.0
 20
0.0
 30
0.0
 11
1907.483974582249
 21
1647.102381402851
 31
0.0
 40
6.453339956958355
 41
0.0
 42
4.393712184682462
 43
4.98543503308397
 71
     2
 72
     1
 44
6.453339956958355
 45
174.4902261579389
 73
     0
 74
     0
 46
0.0
  0
MTEXT
  5
74F
102
{ACAD_REACTORS
330
1825
102
}
330
1F
100
AcDbEntity
  8
0
100
AcDbMText
 10
1907.326032117917
 20
1639.174583663776
 30
0.0
 40
4.98543503308397
 41
6.453339956958355
 46
0.0
 71
     1
 72
     5
  1
\pxqc;S
  7
Tittle Block
 73
     1
 44
1.0
101
Embedded Object
 70
     1
 10
1.0
 20
0.0
 30
0.0
 11
1907.326032117917
 21
1639.174583663776
 31
0.0
 40
6.453339956958355
 41
0.0
 42
3.968623931520459
 43
5.155470334348771
 71
     2
 72
     1
 44
6.453339956958355
 45
174.4902261579389
 73
     0
 74
     0
 46
0.0
  0
MTEXT
  5
750
102
{ACAD_REACTORS
330
1825
102
}
330
1F
100
AcDbEntity
  8
0
100
AcDbMText
 10
1907.483974582249
 20
1630.319052227327
 30
0.0
 40
4.98543503308397
 41
6.453339956958355
 46
0.0
 71
     1
 72
     5
  1
\pxqc;T
  7
Tittle Block
 73
     1
 44
1.0
101
Embedded Object
 70
     1
 10
1.0
 20
0.0
 30
0.0
 11
1907.483974582249
 21
1630.319052227327
 31
0.0
 40
6.453339956958355
 41
0.0
 42
3.951620401393979
 43
4.98543503308397
 71
     2
 72
     1
 44
6.453339956958355
 45
174.4902261579389
 73
     0
 74
     0
 46
0.0
  0
MTEXT
  5
751
102
{ACAD_REACTORS
330
1825
102
}
330
1F
100
AcDbEntity
  8
0
100
AcDbMText
 10
1978.475015042602
 20
1703.799152367805
 30
0.0
 40
4.98543503308397
 41
25.14820892242031
 46
0.0
 71
     1
 72
     5
  1
\pxqc;MCCB \P3P 63 A
  7
Tittle Block
 73
     1
 44
1.0
101
Embedded Object
 70
     1
 10
1.0
 20
0.0
 30
0.0
 11
1978.475015042602
 21
1703.799152367805
 31
0.0
 40
25.14820892242031
 41
0.0
 42
24.49868620623255
 43
13.48833366499913
 71
     2
 72
     1
 44
25.14820892242031
 45
174.4902261579389
 73
     0
 74
     0
 46
0.0
  0
MTEXT
  5
752
102
{ACAD_REACTORS
330
1825
102
}
330
1F
100
AcDbEntity
  8
0
100
AcDbMText
 10
1969.41858849182
 20
1525.19813200893
 30
0.0
 40
4.98543503308397
 41
32.62464624553575
 46
0.0
 71
     1
 72
     5
  1
\pxqc;POWER\PLOAD 2
  7
Tittle Block
 73
     1
 44
1.0
101
Embedded Object
 70
     1
 10
1.0
 20
0.0
 30
0.0
 11
1969.41858849182
 21
1525.19813200893
 31
0.0
 40
32.62464624553575
 41
0.0
 42
25.68553260906087
 43
13.55634778550505
 71
     2
 72
     1
 44
32.62464624553575
 45
174.4902261579389
 73
     0
 74
     0
 46
0.0
  0
MTEXT
  5
753
102
{ACAD_REACTORS
330
1825
102
}
330
1F
100
AcDbEntity
  8
0
100
AcDbMText
 10
2014.94991109052
 20
1525.19813200893
 30
0.0
 40
4.98543503308397
 41
32.62464624553575
 46
0.0
 71
     1
 72
     5
  1
\pxqc;POWER\PLOAD 3
  7
Tittle Block
 73
     1
 44
1.0
101
Embedded Object
 70
     1
 10
1.0
 20
0.0
 30
0.0
 11
2014.94991109052
 21
1525.19813200893
 31
0.0
 40
32.62464624553575
 41
0.0
 42
25.68553260906087
 43
13.55974849153034
 71
     2
 72
     1
 44
32.62464624553575
 45
174.4902261579389
 73
     0
 74
     0
 46
0.0
  0
MTEXT
  5
754
102
{ACAD_REACTORS
330
1825
102
}
330
1F
100
AcDbEntity
  8
0
100
AcDbMText
 10
2061.123875355536
 20
1525.19813200893
 30
0.0
 40
4.98543503308397
 41
32.62464624553575
 46
0.0
 71
     1
 72
     5
  1
\pxqc;POWER\PLOAD 4
  7
Tittle Block
 73
     1
 44
1.0
101
Embedded Object
 70
     1
 10
1.0
 20
0.0
 30
0.0
 11
2061.123875355536
 21
1525.19813200893
 31
0.0
 40
32.62464624553575
 41
0.0
 42
25.68553260906087
 43
13.55634778550505
 71
     2
 72
     1
 44
32.62464624553575
 45
174.4902261579389
 73
     0
 74
     0
 46
0.0
  0
MTEXT
  5
755
102
{ACAD_REACTORS
330
1825
102
}
330
1F
100
AcDbEntity
  8
0
100
AcDbMText
 10
1969.41858849182
 20
1563.138557834832
 30
0.0
 40
4.98543503308397
 41
32.62464624553575
 46
0.0
 71
     1
 72
     5
  1
\pxqc;PWR-2
  7
Tittle Block
 73
     1
 44
1.0
101
Embedded Object
 70
     1
 10
1.0
 20
0.0
 30
0.0
 11
1969.41858849182
 21
1563.138557834832
 31
0.0
 40
32.62464624553575
 41
0.0
 42
21.53667125819971
 43
5.005839269235746
 71
     2
 72
     1
 44
32.62464624553575
 45
174.4902261579389
 73
     0
 74
     0
 46
0.0
  0
MTEXT
  5
756
102
{ACAD_REACTORS
330
1825
102
}
330
1F
100
AcDbEntity
  8
0
100
AcDbMText
 10
2014.94991109052
 20
1563.138557834832
 30
0.0
 40
4.98543503308397
 41
32.62464624553575
 46
0.0
 71
     1
 72
     5
  1
\pxqc;PWR-3
  7
Tittle Block
 73
     1
 44
1.0
101
Embedded Object
 70
     1
 10
1.0
 20
0.0
 30
0.0
 11
2014.94991109052
 21
1563.138557834832
 31
0.0
 40
32.62464624553575
 41
0.0
 42
21.58768184857915
 43
5.094257625893443
 71
     2
 72
     1
 44
32.62464624553575
 45
174.4902261579389
 73
     0
 74
     0
 46
0.0
  0
MTEXT
  5
757
102
{ACAD_REACTORS
330
1825
102
}
330
1F
100
AcDbEntity
  8
0
100
AcDbMText
 10
2061.123875355536
 20
1563.138557834832
 30
0.0
 40
4.98543503308397
 41
32.62464624553575
 46
0.0
 71
     1
 72
     5
  1
\pxqc;PWR-4
  7
Tittle Block
 73
     1
 44
1.0
101
Embedded Object
 70
     1
 10
1.0
 20
0.0
 30
0.0
 11
2061.123875355536
 21
1563.138557834832
 31
0.0
 40
32.62464624553575
 41
0.0
 42
21.56727761242738
 43
4.98543503308397
 71
     2
 72
     1
 44
32.62464624553575
 45
174.4902261579389
 73
     0
 74
     0
 46
0.0
  0
LINE
  5
758
102
{ACAD_REACTORS
330
1825
102
}
330
1F
100
AcDbEntity
  8
0
100
AcDbLine
 10
1930.972181273397
 20
1581.216163104519
 30
0.0
 11
1930.972181273397
 21
1586.422783768471
 31
0.0
  0
LINE
  5
759
102
{ACAD_REACTORS
330
1825
102
}
330
1F
100
AcDbEntity
  8
0
100
AcDbLine
 10
1930.972181273397
 20
1601.491379142629
 30
0.0
 11
1930.972181273397
 21
1606.697999806577
 31
0.0
  0
LINE
  5
75A
102
{ACAD_REACTORS
330
1825
102
}
330
1F
100
AcDbEntity
  8
0
100
AcDbLine
 10
1930.972181273397
 20
1601.491379142629
 30
0.0
 11
1936.251826661037
 21
1586.790854212361
 31
0.0
  0
LINE
  5
75B
102
{ACAD_REACTORS
330
1825
102
}
330
1F
100
AcDbEntity
  8
0
100
AcDbLine
 10
1932.273836439384
 20
1585.12112860248
 30
0.0
 11
1929.67052610741
 21
1587.724438934458
 31
0.0
  0
LINE
  5
75C
102
{ACAD_REACTORS
330
1825
102
}
330
1F
100
AcDbEntity
  8
0
100
AcDbLine
 10
1929.67052610741
 20
1585.12112860248
 30
0.0
 11
1932.273836439384
 21
1587.724438934458
 31
0.0
  0
LINE
  5
75D
102
{ACAD_REACTORS
330
1825
102
}
330
1F
100
AcDbEntity
  8
0
100
AcDbLine
 10
1933.612003967217
 20
1594.141116677493
 30
0.0
 11
1935.888774675467
 21
1594.983506291037
 31
0.0
  0
LINE
  5
75E
102
{ACAD_REACTORS
330
1825
102
}
330
1F
100
AcDbEntity
  8
0
100
AcDbLine
 10
1935.888774675467
 20
1594.983506291037
 30
0.0
 11
1937.141672073004
 21
1591.631211920106
 31
0.0
  0
LINE
  5
75F
102
{ACAD_REACTORS
330
1825
102
}
330
1F
100
AcDbEntity
  8
0
100
AcDbLine
 10
1937.141672073004
 20
1591.631211920106
 30
0.0
 11
1934.819946761158
 21
1590.777748145536
 31
0.0
  0
LINE
  5
760
102
{ACAD_REACTORS
330
1825
102
}
330
1F
100
AcDbEntity
  8
0
100
AcDbLine
 10
1939.926968054874
 20
1581.216163104519
 30
0.0
 11
1939.926968054874
 21
1586.422783768471
 31
0.0
  0
LINE
  5
761
102
{ACAD_REACTORS
330
1825
102
}
330
1F
100
AcDbEntity
  8
0
100
AcDbLine
 10
1939.926968054874
 20
1601.491379142629
 30
0.0
 11
1939.926968054874
 21
1606.697999806577
 31
0.0
  0
LINE
  5
762
102
{ACAD_REACTORS
330
1825
102
}
330
1F
100
AcDbEntity
  8
0
100
AcDbLine
 10
1939.926968054874
 20
1601.491379142629
 30
0.0
 11
1945.206613442511
 21
1586.790854212361
 31
0.0
  0
LINE
  5
763
102
{ACAD_REACTORS
330
1825
102
}
330
1F
100
AcDbEntity
  8
0
100
AcDbLine
 10
1941.228623220857
 20
1585.12112860248
 30
0.0
 11
1938.625312888887
 21
1587.724438934458
 31
0.0
  0
LINE
  5
764
102
{ACAD_REACTORS
330
1825
102
}
330
1F
100
AcDbEntity
  8
0
100
AcDbLine
 10
1938.625312888887
 20
1585.12112860248
 30
0.0
 11
1941.228623220857
 21
1587.724438934458
 31
0.0
  0
LINE
  5
765
102
{ACAD_REACTORS
330
1825
102
}
330
1F
100
AcDbEntity
  8
0
100
AcDbLine
 10
1942.56679074869
 20
1594.141116677493
 30
0.0
 11
1944.84356145694
 21
1594.983506291037
 31
0.0
  0
LINE
  5
766
102
{ACAD_REACTORS
330
1825
102
}
330
1F
100
AcDbEntity
  8
0
100
AcDbLine
 10
1944.84356145694
 20
1594.983506291037
 30
0.0
 11
1946.096458854476
 21
1591.631211920106
 31
0.0
  0
LINE
  5
767
102
{ACAD_REACTORS
330
1825
102
}
330
1F
100
AcDbEntity
  8
0
100
AcDbLine
 10
1946.096458854476
 20
1591.631211920106
 30
0.0
 11
1943.774733542635
 21
1590.777748145536
 31
0.0
  0
LINE
  5
768
102
{ACAD_REACTORS
330
1825
102
}
330
1F
100
AcDbEntity
  8
0
100
AcDbLine
 10
1949.461060506673
 20
1581.216163104519
 30
0.0
 11
1949.461060506673
 21
1586.422783768471
 31
0.0
  0
LINE
  5
769
102
{ACAD_REACTORS
330
1825
102
}
330
1F
100
AcDbEntity
  8
0
100
AcDbLine
 10
1949.461060506673
 20
1601.491379142629
 30
0.0
 11
1949.461060506673
 21
1606.697999806577
 31
0.0
  0
LINE
  5
76A
102
{ACAD_REACTORS
330
1825
102
}
330
1F
100
AcDbEntity
  8
0
100
AcDbLine
 10
1949.461060506673
 20
1601.491379142629
 30
0.0
 11
1954.740705894314
 21
1586.790854212361
 31
0.0
  0
LINE
  5
76B
102
{ACAD_REACTORS
330
1825
102
}
330
1F
100
AcDbEntity
  8
0
100
AcDbLine
 10
1950.76271567266
 20
1585.12112860248
 30
0.0
 11
1948.15940534069
 21
1587.724438934458
 31
0.0
  0
LINE
  5
76C
102
{ACAD_REACTORS
330
1825
102
}
330
1F
100
AcDbEntity
  8
0
100
AcDbLine
 10
1948.15940534069
 20
1585.12112860248
 30
0.0
 11
1950.76271567266
 21
1587.724438934458
 31
0.0
  0
LINE
  5
76D
102
{ACAD_REACTORS
330
1825
102
}
330
1F
100
AcDbEntity
  8
0
100
AcDbLine
 10
1952.100883200493
 20
1594.141116677493
 30
0.0
 11
1954.377653908743
 21
1594.983506291037
 31
0.0
  0
LINE
  5
76E
102
{ACAD_REACTORS
330
1825
102
}
330
1F
100
AcDbEntity
  8
0
100
AcDbLine
 10
1954.377653908743
 20
1594.983506291037
 30
0.0
 11
1955.630551306283
 21
1591.631211920106
 31
0.0
  0
LINE
  5
76F
102
{ACAD_REACTORS
330
1825
102
}
330
1F
100
AcDbEntity
  8
0
100
AcDbLine
 10
1955.630551306283
 20
1591.631211920106
 30
0.0
 11
1953.308825994438
 21
1590.777748145536
 31
0.0
  0
LWPOLYLINE
  5
770
102
{ACAD_REACTORS
330
1825
102
}
330
1F
100
AcDbEntity
  8
0
100
AcDbPolyline
 90
        4
 70
     1
 43
0.0
 10
1924.434067820697
 20
1612.172875913752
 10
1960.917873403652
 20
1612.172875913752
 10
1960.917873403652
 20
1575.689070330797
 10
1924.434067820697
 20
1575.689070330797
  0
LINE
  5
771
102
{ACAD_REACTORS
330
1825
102
}
330
1F
100
AcDbEntity
  8
0
100
AcDbLine
 10
1930.972181273397
 20
1581.216163104519
 30
0.0
 11
1930.972181273397
 21
1531.361812773678
 31
0.0
  0
LINE
  5
772
102
{ACAD_REACTORS
330
1825
102
}
330
1F
100
AcDbEntity
  8
0
100
AcDbLine
 10
1939.926968054874
 20
1581.216163104519
 30
0.0
 11
1939.926968054874
 21
1531.361812773678
 31
0.0
  0
LINE
  5
773
102
{ACAD_REACTORS
330
1825
102
}
330
1F
100
AcDbEntity
  8
0
100
AcDbLine
 10
1949.461060506673
 20
1581.216163104519
 30
0.0
 11
1949.461060506673
 21
1531.361812773678
 31
0.0
  0
HATCH
  5
774
102
{ACAD_REACTORS
330
1825
102
}
330
1F
100
AcDbEntity
  8
Connecting
440
 33554687
100
AcDbHatch
 10
0.0
 20
0.0
 30
0.0
210
0.0
220
0.0
230
1.0
  2
SOLID
 70
     1
 71
     0
 91
        1
 92
        7
 72
     1
 73
     1
 93
        2
 10
1928.978007260163
 20
1531.361812773678
 42
1.0
 10
1932.966355286631
 20
1531.361812773678
 42
1.0
 97
        0
 75
     1
 76
     1
 47
0.0048123264401831
 98
        1
 10
1931.981658042754
 20
1531.955696345664
450
        0
451
        0
460
0.0
461
0.0
452
        0
462
0.0
453
        2
463
0.0
 63
     5
421
      255
463
1.0
 63
     2
421
 16776960
470
LINEAR
1001
GradientColor1ACI
1070
     5
1001
GradientColor2ACI
1070
     2
1001
ACAD
1010
0.0
1020
0.0
1030
0.0
  0
HATCH
  5
775
102
{ACAD_REACTORS
330
1825
102
}
330
1F
100
AcDbEntity
  8
Connecting
440
 33554687
100
AcDbHatch
 10
0.0
 20
0.0
 30
0.0
210
0.0
220
0.0
230
1.0
  2
SOLID
 70
     1
 71
     0
 91
        1
 92
        7
 72
     1
 73
     1
 93
        2
 10
1937.932794041636
 20
1531.361812773678
 42
1.0
 10
1941.921142068111
 20
1531.361812773678
 42
1.0
 97
        0
 75
     1
 76
     1
 47
0.0048123264401831
 98
        1
 10
1940.936444824231
 20
1531.955696345664
450
        0
451
        0
460
0.0
461
0.0
452
        0
462
0.0
453
        2
463
0.0
 63
     5
421
      255
463
1.0
 63
     2
421
 16776960
470
LINEAR
1001
GradientColor1ACI
1070
     5
1001
GradientColor2ACI
1070
     2
1001
ACAD
1010
0.0
1020
0.0
1030
0.0
  0
HATCH
  5
776
102
{ACAD_REACTORS
330
1825
102
}
330
1F
100
AcDbEntity
  8
Connecting
440
 33554687
100
AcDbHatch
 10
0.0
 20
0.0
 30
0.0
210
0.0
220
0.0
230
1.0
  2
SOLID
 70
     1
 71
     0
 91
        1
 92
        7
 72
     1
 73
     1
 93
        2
 10
1947.466886493442
 20
1531.361812773678
 42
1.0
 10
1951.455234519907
 20
1531.361812773678
 42
1.0
 97
        0
 75
     1
 76
     1
 47
0.0048123264401831
 98
        1
 10
1950.47053727603
 20
1531.955696345664
450
        0
451
        0
460
0.0
461
0.0
452
        0
462
0.0
453
        2
463
0.0
 63
     5
421
      255
463
1.0
 63
     2
421
 16776960
470
LINEAR
1001
GradientColor1ACI
1070
     5
1001
GradientColor2ACI
1070
     2
1001
ACAD
1010
0.0
1020
0.0
1030
0.0
  0
LINE
  5
777
102
{ACAD_REACTORS
330
1825
102
}
330
1F
100
AcDbEntity
  8
0
100
AcDbLine
 10
1930.972181273397
 20
1606.697999806577
 30
0.0
 11
1930.972181273397
 21
1644.470710729305
 31
0.0
  0
LINE
  5
778
102
{ACAD_REACTORS
330
1825
102
}
330
1F
100
AcDbEntity
  8
0
100
AcDbLine
 10
1939.926968054874
 20
1606.697999806577
 30
0.0
 11
1939.926968054874
 21
1635.911638431332
 31
0.0
  0
LINE
  5
779
102
{ACAD_REACTORS
330
1825
102
}
330
1F
100
AcDbEntity
  8
0
100
AcDbLine
 10
1949.461060506673
 20
1606.697999806577
 30
0.0
 11
1949.461060506673
 21
1627.687381553784
 31
0.0
  0
HATCH
  5
77A
102
{ACAD_REACTORS
330
1825
102
}
330
1F
100
AcDbEntity
  8
Connecting
440
 33554687
100
AcDbHatch
 10
0.0
 20
0.0
 30
0.0
210
0.0
220
0.0
230
1.0
  2
SOLID
 70
     1
 71
     0
 91
        1
 92
        7
 72
     1
 73
     1
 93
        2
 10
1928.978007260163
 20
1644.470710729305
 42
1.0
 10
1932.966355286631
 20
1644.470710729305
 42
1.0
 97
        0
 75
     1
 76
     1
 47
0.0048123264401831
 98
        1
 10
1931.981658042754
 20
1645.064594301287
450
        0
451
        0
460
0.0
461
0.0
452
        0
462
0.0
453
        2
463
0.0
 63
     5
421
      255
463
1.0
 63
     2
421
 16776960
470
LINEAR
1001
GradientColor1ACI
1070
     5
1001
GradientColor2ACI
1070
     2
1001
ACAD
1010
0.0
1020
0.0
1030
0.0
  0
HATCH
  5
77B
102
{ACAD_REACTORS
330
1825
102
}
330
1F
100
AcDbEntity
  8
Connecting
440
 33554687
100
AcDbHatch
 10
0.0
 20
0.0
 30
0.0
210
0.0
220
0.0
230
1.0
  2
SOLID
 70
     1
 71
     0
 91
        1
 92
        7
 72
     1
 73
     1
 93
        2
 10
1937.932794041636
 20
1635.911638431332
 42
1.0
 10
1941.921142068111
 20
1635.911638431332
 42
1.0
 97
        0
 75
     1
 76
     1
 47
0.0048123264401831
 98
        1
 10
1940.936444824231
 20
1636.505522003314
450
        0
451
        0
460
0.0
461
0.0
452
        0
462
0.0
453
        2
463
0.0
 63
     5
421
      255
463
1.0
 63
     2
421
 16776960
470
LINEAR
1001
GradientColor1ACI
1070
     5
1001
GradientColor2ACI
1070
     2
1001
ACAD
1010
0.0
1020
0.0
1030
0.0
  0
HATCH
  5
77C
102
{ACAD_REACTORS
330
1825
102
}
330
1F
100
AcDbEntity
  8
Connecting
440
 33554687
100
AcDbHatch
 10
0.0
 20
0.0
 30
0.0
210
0.0
220
0.0
230
1.0
  2
SOLID
 70
     1
 71
     0
 91
        1
 92
        7
 72
     1
 73
     1
 93
        2
 10
1947.466886493442
 20
1627.687381553784
 42
1.0
 10
1951.455234519907
 20
1627.687381553784
 42
1.0
 97
        0
 75
     1
 76
     1
 47
0.0048123264401831
 98
        1
 10
1950.47053727603
 20
1628.281265125766
450
        0
451
        0
460
0.0
461
0.0
452
        0
462
0.0
453
        2
463
0.0
 63
     5
421
      255
463
1.0
 63
     2
421
 16776960
470
LINEAR
1001
GradientColor1ACI
1070
     5
1001
GradientColor2ACI
1070
     2
1001
ACAD
1010
0.0
1020
0.0
1030
0.0
  0
MTEXT
  5
77D
102
{ACAD_REACTORS
330
1825
102
}
330
1F
100
AcDbEntity
  8
0
100
AcDbMText
 10
1923.297578847235
 20
1525.19813200893
 30
0.0
 40
4.98543503308397
 41
32.62464624553575
 46
0.0
 71
     1
 72
     5
  1
\pxqc;POWER\PLOAD 1
  7
Tittle Block
 73
     1
 44
1.0
101
Embedded Object
 70
     1
 10
1.0
 20
0.0
 30
0.0
 11
1923.297578847235
 21
1525.19813200893
 31
0.0
 40
32.62464624553575
 41
0.0
 42
25.68553260906087
 43
13.55634778550505
 71
     2
 72
     1
 44
32.62464624553575
 45
174.4902261579389
 73
     0
 74
     0
 46
0.0
  0
MTEXT
  5
77E
102
{ACAD_REACTORS
330
1825
102
}
330
1F
100
AcDbEntity
  8
0
100
AcDbMText
 10
1923.297578847235
 20
1563.138557834832
 30
0.0
 40
4.98543503308397
 41
32.62464624553575
 46
0.0
 71
     1
 72
     5
  1
\pxqc;PWR-1
  7
Tittle Block
 73
     1
 44
1.0
101
Embedded Object
 70
     1
 10
1.0
 20
0.0
 30
0.0
 11
1923.297578847235
 21
1563.138557834832
 31
0.0
 40
32.62464624553575
 41
0.0
 42
20.62528204342038
 43
5.005839269235746
 71
     2
 72
     1
 44
32.62464624553575
 45
174.4902261579389
 73
     0
 74
     0
 46
0.0
  0
LINE
  5
77F
102
{ACAD_REACTORS
330
1825
102
}
330
1F
100
AcDbEntity
  8
0
100
AcDbLine
 10
2115.361341671234
 20
1581.216163104519
 30
0.0
 11
2115.361341671234
 21
1586.422783768471
 31
0.0
  0
LINE
  5
780
102
{ACAD_REACTORS
330
1825
102
}
330
1F
100
AcDbEntity
  8
0
100
AcDbLine
 10
2115.361341671234
 20
1601.491379142629
 30
0.0
 11
2115.361341671234
 21
1606.697999806577
 31
0.0
  0
LINE
  5
781
102
{ACAD_REACTORS
330
1825
102
}
330
1F
100
AcDbEntity
  8
0
100
AcDbLine
 10
2115.361341671234
 20
1601.491379142629
 30
0.0
 11
2120.640987058868
 21
1586.790854212361
 31
0.0
  0
LINE
  5
782
102
{ACAD_REACTORS
330
1825
102
}
330
1F
100
AcDbEntity
  8
0
100
AcDbLine
 10
2116.662996837221
 20
1585.12112860248
 30
0.0
 11
2114.059686505248
 21
1587.724438934458
 31
0.0
  0
LINE
  5
783
102
{ACAD_REACTORS
330
1825
102
}
330
1F
100
AcDbEntity
  8
0
100
AcDbLine
 10
2114.059686505248
 20
1585.12112860248
 30
0.0
 11
2116.662996837221
 21
1587.724438934458
 31
0.0
  0
LINE
  5
784
102
{ACAD_REACTORS
330
1825
102
}
330
1F
100
AcDbEntity
  8
0
100
AcDbLine
 10
2118.001164365051
 20
1594.141116677493
 30
0.0
 11
2120.277935073297
 21
1594.983506291037
 31
0.0
  0
LINE
  5
785
102
{ACAD_REACTORS
330
1825
102
}
330
1F
100
AcDbEntity
  8
0
100
AcDbLine
 10
2120.277935073297
 20
1594.983506291037
 30
0.0
 11
2121.530832470841
 21
1591.631211920106
 31
0.0
  0
LINE
  5
786
102
{ACAD_REACTORS
330
1825
102
}
330
1F
100
AcDbEntity
  8
0
100
AcDbLine
 10
2121.530832470841
 20
1591.631211920106
 30
0.0
 11
2119.209107158988
 21
1590.777748145536
 31
0.0
  0
LINE
  5
787
102
{ACAD_REACTORS
330
1825
102
}
330
1F
100
AcDbEntity
  8
0
100
AcDbLine
 10
2124.316128452708
 20
1581.216163104519
 30
0.0
 11
2124.316128452708
 21
1586.422783768471
 31
0.0
  0
LINE
  5
788
102
{ACAD_REACTORS
330
1825
102
}
330
1F
100
AcDbEntity
  8
0
100
AcDbLine
 10
2124.316128452708
 20
1601.491379142629
 30
0.0
 11
2124.316128452708
 21
1606.697999806577
 31
0.0
  0
LINE
  5
789
102
{ACAD_REACTORS
330
1825
102
}
330
1F
100
AcDbEntity
  8
0
100
AcDbLine
 10
2124.316128452708
 20
1601.491379142629
 30
0.0
 11
2129.595773840345
 21
1586.790854212361
 31
0.0
  0
LINE
  5
78A
102
{ACAD_REACTORS
330
1825
102
}
330
1F
100
AcDbEntity
  8
0
100
AcDbLine
 10
2125.617783618698
 20
1585.12112860248
 30
0.0
 11
2123.01447328672
 21
1587.724438934458
 31
0.0
  0
LINE
  5
78B
102
{ACAD_REACTORS
330
1825
102
}
330
1F
100
AcDbEntity
  8
0
100
AcDbLine
 10
2123.01447328672
 20
1585.12112860248
 30
0.0
 11
2125.617783618698
 21
1587.724438934458
 31
0.0
  0
LINE
  5
78C
102
{ACAD_REACTORS
330
1825
102
}
330
1F
100
AcDbEntity
  8
0
100
AcDbLine
 10
2126.955951146528
 20
1594.141116677493
 30
0.0
 11
2129.232721854774
 21
1594.983506291037
 31
0.0
  0
LINE
  5
78D
102
{ACAD_REACTORS
330
1825
102
}
330
1F
100
AcDbEntity
  8
0
100
AcDbLine
 10
2129.232721854774
 20
1594.983506291037
 30
0.0
 11
2130.485619252314
 21
1591.631211920106
 31
0.0
  0
LINE
  5
78E
102
{ACAD_REACTORS
330
1825
102
}
330
1F
100
AcDbEntity
  8
0
100
AcDbLine
 10
2130.485619252314
 20
1591.631211920106
 30
0.0
 11
2128.163893940461
 21
1590.777748145536
 31
0.0
  0
LINE
  5
78F
102
{ACAD_REACTORS
330
1825
102
}
330
1F
100
AcDbEntity
  8
0
100
AcDbLine
 10
2133.85022090451
 20
1581.216163104519
 30
0.0
 11
2133.85022090451
 21
1586.422783768471
 31
0.0
  0
LINE
  5
790
102
{ACAD_REACTORS
330
1825
102
}
330
1F
100
AcDbEntity
  8
0
100
AcDbLine
 10
2133.85022090451
 20
1601.491379142629
 30
0.0
 11
2133.85022090451
 21
1606.697999806577
 31
0.0
  0
LINE
  5
791
102
{ACAD_REACTORS
330
1825
102
}
330
1F
100
AcDbEntity
  8
0
100
AcDbLine
 10
2133.85022090451
 20
1601.491379142629
 30
0.0
 11
2139.129866292145
 21
1586.790854212361
 31
0.0
  0
LINE
  5
792
102
{ACAD_REACTORS
330
1825
102
}
330
1F
100
AcDbEntity
  8
0
100
AcDbLine
 10
2135.151876070501
 20
1585.12112860248
 30
0.0
 11
2132.548565738523
 21
1587.724438934458
 31
0.0
  0
LINE
  5
793
102
{ACAD_REACTORS
330
1825
102
}
330
1F
100
AcDbEntity
  8
0
100
AcDbLine
 10
2132.548565738523
 20
1585.12112860248
 30
0.0
 11
2135.151876070501
 21
1587.724438934458
 31
0.0
  0
LINE
  5
794
102
{ACAD_REACTORS
330
1825
102
}
330
1F
100
AcDbEntity
  8
0
100
AcDbLine
 10
2136.490043598327
 20
1594.141116677493
 30
0.0
 11
2138.766814306574
 21
1594.983506291037
 31
0.0
  0
LINE
  5
795
102
{ACAD_REACTORS
330
1825
102
}
330
1F
100
AcDbEntity
  8
0
100
AcDbLine
 10
2138.766814306574
 20
1594.983506291037
 30
0.0
 11
2140.019711704117
 21
1591.631211920106
 31
0.0
  0
LINE
  5
796
102
{ACAD_REACTORS
330
1825
102
}
330
1F
100
AcDbEntity
  8
0
100
AcDbLine
 10
2140.019711704117
 20
1591.631211920106
 30
0.0
 11
2137.697986392264
 21
1590.777748145536
 31
0.0
  0
LWPOLYLINE
  5
797
102
{ACAD_REACTORS
330
1825
102
}
330
1F
100
AcDbEntity
  8
0
100
AcDbPolyline
 90
        4
 70
     1
 43
0.0
 10
2108.82322821853
 20
1612.172875913752
 10
2145.307033801486
 20
1612.172875913752
 10
2145.307033801486
 20
1575.689070330797
 10
2108.82322821853
 20
1575.689070330797
  0
LINE
  5
798
102
{ACAD_REACTORS
330
1825
102
}
330
1F
100
AcDbEntity
  8
0
100
AcDbLine
 10
2115.361341671234
 20
1581.216163104519
 30
0.0
 11
2115.361341671234
 21
1531.361812773678
 31
0.0
  0
LINE
  5
799
102
{ACAD_REACTORS
330
1825
102
}
330
1F
100
AcDbEntity
  8
0
100
AcDbLine
 10
2124.316128452708
 20
1581.216163104519
 30
0.0
 11
2124.316128452708
 21
1531.361812773678
 31
0.0
  0
LINE
  5
79A
102
{ACAD_REACTORS
330
1825
102
}
330
1F
100
AcDbEntity
  8
0
100
AcDbLine
 10
2133.85022090451
 20
1581.216163104519
 30
0.0
 11
2133.85022090451
 21
1531.361812773678
 31
0.0
  0
HATCH
  5
79B
102
{ACAD_REACTORS
330
1825
102
}
330
1F
100
AcDbEntity
  8
Connecting
440
 33554687
100
AcDbHatch
 10
0.0
 20
0.0
 30
0.0
210
0.0
220
0.0
230
1.0
  2
SOLID
 70
     1
 71
     0
 91
        1
 92
        7
 72
     1
 73
     1
 93
        2
 10
2113.367167657997
 20
1531.361812773678
 42
1.0
 10
2117.355515684465
 20
1531.361812773678
 42
1.0
 97
        0
 75
     1
 76
     1
 47
0.0048123264401831
 98
        1
 10
2116.370818440592
 20
1531.955696345664
450
        0
451
        0
460
0.0
461
0.0
452
        0
462
0.0
453
        2
463
0.0
 63
     5
421
      255
463
1.0
 63
     2
421
 16776960
470
LINEAR
1001
GradientColor1ACI
1070
     5
1001
GradientColor2ACI
1070
     2
1001
ACAD
1010
0.0
1020
0.0
1030
0.0
  0
HATCH
  5
79C
102
{ACAD_REACTORS
330
1825
102
}
330
1F
100
AcDbEntity
  8
Connecting
440
 33554687
100
AcDbHatch
 10
0.0
 20
0.0
 30
0.0
210
0.0
220
0.0
230
1.0
  2
SOLID
 70
     1
 71
     0
 91
        1
 92
        7
 72
     1
 73
     1
 93
        2
 10
2122.321954439477
 20
1531.361812773678
 42
1.0
 10
2126.310302465939
 20
1531.361812773678
 42
1.0
 97
        0
 75
     1
 76
     1
 47
0.0048123264401831
 98
        1
 10
2125.325605222065
 20
1531.955696345664
450
        0
451
        0
460
0.0
461
0.0
452
        0
462
0.0
453
        2
463
0.0
 63
     5
421
      255
463
1.0
 63
     2
421
 16776960
470
LINEAR
1001
GradientColor1ACI
1070
     5
1001
GradientColor2ACI
1070
     2
1001
ACAD
1010
0.0
1020
0.0
1030
0.0
  0
HATCH
  5
79D
102
{ACAD_REACTORS
330
1825
102
}
330
1F
100
AcDbEntity
  8
Connecting
440
 33554687
100
AcDbHatch
 10
0.0
 20
0.0
 30
0.0
210
0.0
220
0.0
230
1.0
  2
SOLID
 70
     1
 71
     0
 91
        1
 92
        7
 72
     1
 73
     1
 93
        2
 10
2131.856046891276
 20
1531.361812773678
 42
1.0
 10
2135.844394917745
 20
1531.361812773678
 42
1.0
 97
        0
 75
     1
 76
     1
 47
0.0048123264401831
 98
        1
 10
2134.859697673871
 20
1531.955696345664
450
        0
451
        0
460
0.0
461
0.0
452
        0
462
0.0
453
        2
463
0.0
 63
     5
421
      255
463
1.0
 63
     2
421
 16776960
470
LINEAR
1001
GradientColor1ACI
1070
     5
1001
GradientColor2ACI
1070
     2
1001
ACAD
1010
0.0
1020
0.0
1030
0.0
  0
LINE
  5
79E
102
{ACAD_REACTORS
330
1825
102
}
330
1F
100
AcDbEntity
  8
0
100
AcDbLine
 10
2115.361341671234
 20
1606.697999806577
 30
0.0
 11
2115.361341671234
 21
1644.470710729305
 31
0.0
  0
LINE
  5
79F
102
{ACAD_REACTORS
330
1825
102
}
330
1F
100
AcDbEntity
  8
0
100
AcDbLine
 10
2124.316128452708
 20
1606.697999806577
 30
0.0
 11
2124.316128452708
 21
1635.911638431332
 31
0.0
  0
LINE
  5
7A0
102
{ACAD_REACTORS
330
1825
102
}
330
1F
100
AcDbEntity
  8
0
100
AcDbLine
 10
2133.85022090451
 20
1606.697999806577
 30
0.0
 11
2133.85022090451
 21
1627.687381553784
 31
0.0
  0
HATCH
  5
7A1
102
{ACAD_REACTORS
330
1825
102
}
330
1F
100
AcDbEntity
  8
Connecting
440
 33554687
100
AcDbHatch
 10
0.0
 20
0.0
 30
0.0
210
0.0
220
0.0
230
1.0
  2
SOLID
 70
     1
 71
     0
 91
        1
 92
        7
 72
     1
 73
     1
 93
        2
 10
2113.367167657997
 20
1644.470710729305
 42
1.0
 10
2117.355515684465
 20
1644.470710729305
 42
1.0
 97
        0
 75
     1
 76
     1
 47
0.0048123264401831
 98
        1
 10
2116.370818440592
 20
1645.064594301287
450
        0
451
        0
460
0.0
461
0.0
452
        0
462
0.0
453
        2
463
0.0
 63
     5
421
      255
463
1.0
 63
     2
421
 16776960
470
LINEAR
1001
GradientColor1ACI
1070
     5
1001
GradientColor2ACI
1070
     2
1001
ACAD
1010
0.0
1020
0.0
1030
0.0
  0
HATCH
  5
7A2
102
{ACAD_REACTORS
330
1825
102
}
330
1F
100
AcDbEntity
  8
Connecting
440
 33554687
100
AcDbHatch
 10
0.0
 20
0.0
 30
0.0
210
0.0
220
0.0
230
1.0
  2
SOLID
 70
     1
 71
     0
 91
        1
 92
        7
 72
     1
 73
     1
 93
        2
 10
2122.321954439477
 20
1635.911638431332
 42
1.0
 10
2126.310302465939
 20
1635.911638431332
 42
1.0
 97
        0
 75
     1
 76
     1
 47
0.0048123264401831
 98
        1
 10
2125.325605222065
 20
1636.505522003314
450
        0
451
        0
460
0.0
461
0.0
452
        0
462
0.0
453
        2
463
0.0
 63
     5
421
      255
463
1.0
 63
     2
421
 16776960
470
LINEAR
1001
GradientColor1ACI
1070
     5
1001
GradientColor2ACI
1070
     2
1001
ACAD
1010
0.0
1020
0.0
1030
0.0
  0
HATCH
  5
7A3
102
{ACAD_REACTORS
330
1825
102
}
330
1F
100
AcDbEntity
  8
Connecting
440
 33554687
100
AcDbHatch
 10
0.0
 20
0.0
 30
0.0
210
0.0
220
0.0
230
1.0
  2
SOLID
 70
     1
 71
     0
 91
        1
 92
        7
 72
     1
 73
     1
 93
        2
 10
2131.856046891276
 20
1627.687381553784
 42
1.0
 10
2135.844394917745
 20
1627.687381553784
 42
1.0
 97
        0
 75
     1
 76
     1
 47
0.0048123264401831
 98
        1
 10
2134.859697673871
 20
1628.281265125766
450
        0
451
        0
460
0.0
461
0.0
452
        0
462
0.0
453
        2
463
0.0
 63
     5
421
      255
463
1.0
 63
     2
421
 16776960
470
LINEAR
1001
GradientColor1ACI
1070
     5
1001
GradientColor2ACI
1070
     2
1001
ACAD
1010
0.0
1020
0.0
1030
0.0
  0
MTEXT
  5
7A4
102
{ACAD_REACTORS
330
1825
102
}
330
1F
100
AcDbEntity
  8
0
100
AcDbMText
 10
2107.686739245069
 20
1525.19813200893
 30
0.0
 40
4.98543503308397
 41
32.62464624553575
 46
0.0
 71
     1
 72
     5
  1
\pxqc;POWER\PLOAD 5
  7
Tittle Block
 73
     1
 44
1.0
101
Embedded Object
 70
     1
 10
1.0
 20
0.0
 30
0.0
 11
2107.686739245069
 21
1525.19813200893
 31
0.0
 40
32.62464624553575
 41
0.0
 42
25.68553260906087
 43
13.55634778550505
 71
     2
 72
     1
 44
32.62464624553575
 45
174.4902261579389
 73
     0
 74
     0
 46
0.0
  0
MTEXT
  5
7A5
102
{ACAD_REACTORS
330
1825
102
}
330
1F
100
AcDbEntity
  8
0
100
AcDbMText
 10
2107.686739245069
 20
1563.138557834832
 30
0.0
 40
4.98543503308397
 41
32.62464624553575
 46
0.0
 71
     1
 72
     5
  1
\pxqc;PWR-5
  7
Tittle Block
 73
     1
 44
1.0
101
Embedded Object
 70
     1
 10
1.0
 20
0.0
 30
0.0
 11
2107.686739245069
 21
1563.138557834832
 31
0.0
 40
32.62464624553575
 41
0.0
 42
21.62508961485741
 43
5.070452683716371
 71
     2
 72
     1
 44
32.62464624553575
 45
174.4902261579389
 73
     0
 74
     0
 46
0.0
  0
LINE
  5
7A6
102
{ACAD_REACTORS
330
1825
102
}
330
1F
100
AcDbEntity
  8
0
100
AcDbLine
 10
2262.100403011226
 20
1627.687381553784
 30
0.0
 11
2551.255634930099
 21
1627.687381553784
 31
0.0
  0
LINE
  5
7A7
102
{ACAD_REACTORS
330
1825
102
}
330
1F
100
AcDbEntity
  8
0
100
AcDbLine
 10
2262.100403011226
 20
1635.911638431332
 30
0.0
 11
2551.255634930099
 21
1635.911638431332
 31
0.0
  0
LINE
  5
7A8
102
{ACAD_REACTORS
330
1825
102
}
330
1F
100
AcDbEntity
  8
0
100
AcDbLine
 10
2262.100403011226
 20
1644.470710729305
 30
0.0
 11
2551.255634930099
 21
1644.470710729305
 31
0.0
  0
LWPOLYLINE
  5
7A9
102
{ACAD_REACTORS
330
1825
102
}
330
1F
100
AcDbEntity
  8
0
100
AcDbPolyline
 90
        4
 70
     1
 43
0.0
 10
2356.508556998335
 20
1705.976635322195
 10
2406.362907329173
 20
1705.976635322195
 10
2406.362907329173
 20
1686.034895189861
 10
2356.508556998335
 20
1686.034895189861
  0
LINE
  5
7AA
102
{ACAD_REACTORS
330
1825
102
}
330
1F
100
AcDbEntity
  8
0
100
AcDbLine
 10
2362.74035078969
 20
1655.346437823851
 30
0.0
 11
2362.74035078969
 21
1660.553058487803
 31
0.0
  0
LINE
  5
7AB
102
{ACAD_REACTORS
330
1825
102
}
330
1F
100
AcDbEntity
  8
0
100
AcDbLine
 10
2362.74035078969
 20
1675.62165386196
 30
0.0
 11
2362.74035078969
 21
1680.828274525909
 31
0.0
  0
LINE
  5
7AC
102
{ACAD_REACTORS
330
1825
102
}
330
1F
100
AcDbEntity
  8
0
100
AcDbLine
 10
2362.74035078969
 20
1675.62165386196
 30
0.0
 11
2368.019996177327
 21
1660.921128931693
 31
0.0
  0
LINE
  5
7AD
102
{ACAD_REACTORS
330
1825
102
}
330
1F
100
AcDbEntity
  8
0
100
AcDbLine
 10
2364.042005955676
 20
1659.251403321813
 30
0.0
 11
2361.438695623698
 21
1661.85471365379
 31
0.0
  0
LINE
  5
7AE
102
{ACAD_REACTORS
330
1825
102
}
330
1F
100
AcDbEntity
  8
0
100
AcDbLine
 10
2361.438695623698
 20
1659.251403321813
 30
0.0
 11
2364.042005955676
 21
1661.85471365379
 31
0.0
  0
LINE
  5
7AF
102
{ACAD_REACTORS
330
1825
102
}
330
1F
100
AcDbEntity
  8
0
100
AcDbLine
 10
2365.38017348351
 20
1668.271391396825
 30
0.0
 11
2367.656944191756
 21
1669.113781010369
 31
0.0
  0
LINE
  5
7B0
102
{ACAD_REACTORS
330
1825
102
}
330
1F
100
AcDbEntity
  8
0
100
AcDbLine
 10
2367.656944191756
 20
1669.113781010369
 30
0.0
 11
2368.909841589296
 21
1665.761486639438
 31
0.0
  0
LINE
  5
7B1
102
{ACAD_REACTORS
330
1825
102
}
330
1F
100
AcDbEntity
  8
0
100
AcDbLine
 10
2368.909841589296
 20
1665.761486639438
 30
0.0
 11
2366.588116277447
 21
1664.908022864869
 31
0.0
  0
LINE
  5
7B2
102
{ACAD_REACTORS
330
1825
102
}
330
1F
100
AcDbEntity
  8
0
100
AcDbLine
 10
2375.203938372398
 20
1655.346437823851
 30
0.0
 11
2375.203938372398
 21
1660.553058487803
 31
0.0
  0
LINE
  5
7B3
102
{ACAD_REACTORS
330
1825
102
}
330
1F
100
AcDbEntity
  8
0
100
AcDbLine
 10
2375.203938372398
 20
1675.62165386196
 30
0.0
 11
2375.203938372398
 21
1680.828274525909
 31
0.0
  0
LINE
  5
7B4
102
{ACAD_REACTORS
330
1825
102
}
330
1F
100
AcDbEntity
  8
0
100
AcDbLine
 10
2375.203938372398
 20
1675.62165386196
 30
0.0
 11
2380.483583760042
 21
1660.921128931693
 31
0.0
  0
LINE
  5
7B5
102
{ACAD_REACTORS
330
1825
102
}
330
1F
100
AcDbEntity
  8
0
100
AcDbLine
 10
2376.505593538389
 20
1659.251403321813
 30
0.0
 11
2373.90228320641
 21
1661.85471365379
 31
0.0
  0
LINE
  5
7B6
102
{ACAD_REACTORS
330
1825
102
}
330
1F
100
AcDbEntity
  8
0
100
AcDbLine
 10
2373.90228320641
 20
1659.251403321813
 30
0.0
 11
2376.505593538389
 21
1661.85471365379
 31
0.0
  0
LINE
  5
7B7
102
{ACAD_REACTORS
330
1825
102
}
330
1F
100
AcDbEntity
  8
0
100
AcDbLine
 10
2377.843761066218
 20
1668.271391396825
 30
0.0
 11
2380.120531774468
 21
1669.113781010369
 31
0.0
  0
LINE
  5
7B8
102
{ACAD_REACTORS
330
1825
102
}
330
1F
100
AcDbEntity
  8
0
100
AcDbLine
 10
2380.120531774468
 20
1669.113781010369
 30
0.0
 11
2381.373429172008
 21
1665.761486639438
 31
0.0
  0
LINE
  5
7B9
102
{ACAD_REACTORS
330
1825
102
}
330
1F
100
AcDbEntity
  8
0
100
AcDbLine
 10
2381.373429172008
 20
1665.761486639438
 30
0.0
 11
2379.051703860159
 21
1664.908022864869
 31
0.0
  0
LINE
  5
7BA
102
{ACAD_REACTORS
330
1825
102
}
330
1F
100
AcDbEntity
  8
0
100
AcDbLine
 10
2387.667525955107
 20
1655.346437823851
 30
0.0
 11
2387.667525955107
 21
1660.553058487803
 31
0.0
  0
LINE
  5
7BB
102
{ACAD_REACTORS
330
1825
102
}
330
1F
100
AcDbEntity
  8
0
100
AcDbLine
 10
2387.667525955107
 20
1675.62165386196
 30
0.0
 11
2387.667525955107
 21
1680.828274525909
 31
0.0
  0
LINE
  5
7BC
102
{ACAD_REACTORS
330
1825
102
}
330
1F
100
AcDbEntity
  8
0
100
AcDbLine
 10
2387.667525955107
 20
1675.62165386196
 30
0.0
 11
2392.947171342747
 21
1660.921128931693
 31
0.0
  0
LINE
  5
7BD
102
{ACAD_REACTORS
330
1825
102
}
330
1F
100
AcDbEntity
  8
0
100
AcDbLine
 10
2388.969181121097
 20
1659.251403321813
 30
0.0
 11
2386.36587078912
 21
1661.85471365379
 31
0.0
  0
LINE
  5
7BE
102
{ACAD_REACTORS
330
1825
102
}
330
1F
100
AcDbEntity
  8
0
100
AcDbLine
 10
2386.36587078912
 20
1659.251403321813
 30
0.0
 11
2388.969181121097
 21
1661.85471365379
 31
0.0
  0
LINE
  5
7BF
102
{ACAD_REACTORS
330
1825
102
}
330
1F
100
AcDbEntity
  8
0
100
AcDbLine
 10
2390.30734864893
 20
1668.271391396825
 30
0.0
 11
2392.584119357173
 21
1669.113781010369
 31
0.0
  0
LINE
  5
7C0
102
{ACAD_REACTORS
330
1825
102
}
330
1F
100
AcDbEntity
  8
0
100
AcDbLine
 10
2392.584119357173
 20
1669.113781010369
 30
0.0
 11
2393.837016754716
 21
1665.761486639438
 31
0.0
  0
LINE
  5
7C1
102
{ACAD_REACTORS
330
1825
102
}
330
1F
100
AcDbEntity
  8
0
100
AcDbLine
 10
2393.837016754716
 20
1665.761486639438
 30
0.0
 11
2391.515291442868
 21
1664.908022864869
 31
0.0
  0
MTEXT
  5
7C2
102
{ACAD_REACTORS
330
1825
102
}
330
1F
100
AcDbEntity
  8
0
100
AcDbMText
 10
2254.906515532033
 20
1647.102381402851
 30
0.0
 40
4.98543503308397
 41
6.453339956958355
 46
0.0
 71
     1
 72
     5
  1
\pxqc;R
  7
Tittle Block
 73
     1
 44
1.0
101
Embedded Object
 70
     1
 10
1.0
 20
0.0
 30
0.0
 11
2254.906515532033
 21
1647.102381402851
 31
0.0
 40
6.453339956958355
 41
0.0
 42
4.393712184682462
 43
4.98543503308397
 71
     2
 72
     1
 44
6.453339956958355
 45
174.4902261579389
 73
     0
 74
     0
 46
0.0
  0
MTEXT
  5
7C3
102
{ACAD_REACTORS
330
1825
102
}
330
1F
100
AcDbEntity
  8
0
100
AcDbMText
 10
2254.748573067701
 20
1639.174583663776
 30
0.0
 40
4.98543503308397
 41
6.453339956958355
 46
0.0
 71
     1
 72
     5
  1
\pxqc;S
  7
Tittle Block
 73
     1
 44
1.0
101
Embedded Object
 70
     1
 10
1.0
 20
0.0
 30
0.0
 11
2254.748573067701
 21
1639.174583663776
 31
0.0
 40
6.453339956958355
 41
0.0
 42
3.968623931520459
 43
5.155470334348771
 71
     2
 72
     1
 44
6.453339956958355
 45
174.4902261579389
 73
     0
 74
     0
 46
0.0
  0
MTEXT
  5
7C4
102
{ACAD_REACTORS
330
1825
102
}
330
1F
100
AcDbEntity
  8
0
100
AcDbMText
 10
2254.906515532033
 20
1630.319052227327
 30
0.0
 40
4.98543503308397
 41
6.453339956958355
 46
0.0
 71
     1
 72
     5
  1
\pxqc;T
  7
Tittle Block
 73
     1
 44
1.0
101
Embedded Object
 70
     1
 10
1.0
 20
0.0
 30
0.0
 11
2254.906515532033
 21
1630.319052227327
 31
0.0
 40
6.453339956958355
 41
0.0
 42
3.951620401393979
 43
4.98543503308397
 71
     2
 72
     1
 44
6.453339956958355
 45
174.4902261579389
 73
     0
 74
     0
 46
0.0
  0
MTEXT
  5
7C5
102
{ACAD_REACTORS
330
1825
102
}
330
1F
100
AcDbEntity
  8
0
100
AcDbMText
 10
2325.897555992387
 20
1703.799152367805
 30
0.0
 40
4.98543503308397
 41
25.14820892242031
 46
0.0
 71
     1
 72
     5
  1
\pxqc;MCCB \P3P 20 A
  7
Tittle Block
 73
     1
 44
1.0
101
Embedded Object
 70
     1
 10
1.0
 20
0.0
 30
0.0
 11
2325.897555992387
 21
1703.799152367805
 31
0.0
 40
25.14820892242031
 41
0.0
 42
24.49868620623255
 43
13.48833366499913
 71
     2
 72
     1
 44
25.14820892242031
 45
174.4902261579389
 73
     0
 74
     0
 46
0.0
  0
LINE
  5
7C6
102
{ACAD_REACTORS
330
1825
102
}
330
1F
100
AcDbEntity
  8
0
100
AcDbLine
 10
2280.977560166223
 20
1581.216163104519
 30
0.0
 11
2280.977560166223
 21
1586.422783768471
 31
0.0
  0
LINE
  5
7C7
102
{ACAD_REACTORS
330
1825
102
}
330
1F
100
AcDbEntity
  8
0
100
AcDbLine
 10
2280.977560166223
 20
1601.491379142629
 30
0.0
 11
2280.977560166223
 21
1606.697999806577
 31
0.0
  0
LINE
  5
7C8
102
{ACAD_REACTORS
330
1825
102
}
330
1F
100
AcDbEntity
  8
0
100
AcDbLine
 10
2280.977560166223
 20
1601.491379142629
 30
0.0
 11
2286.257205553861
 21
1586.790854212361
 31
0.0
  0
LINE
  5
7C9
102
{ACAD_REACTORS
330
1825
102
}
330
1F
100
AcDbEntity
  8
0
100
AcDbLine
 10
2282.279215332207
 20
1585.12112860248
 30
0.0
 11
2279.675905000232
 21
1587.724438934458
 31
0.0
  0
LINE
  5
7CA
102
{ACAD_REACTORS
330
1825
102
}
330
1F
100
AcDbEntity
  8
0
100
AcDbLine
 10
2279.675905000232
 20
1585.12112860248
 30
0.0
 11
2282.279215332207
 21
1587.724438934458
 31
0.0
  0
LINE
  5
7CB
102
{ACAD_REACTORS
330
1825
102
}
330
1F
100
AcDbEntity
  8
0
100
AcDbLine
 10
2283.617382860036
 20
1594.141116677493
 30
0.0
 11
2285.894153568286
 21
1594.983506291037
 31
0.0
  0
LINE
  5
7CC
102
{ACAD_REACTORS
330
1825
102
}
330
1F
100
AcDbEntity
  8
0
100
AcDbLine
 10
2285.894153568286
 20
1594.983506291037
 30
0.0
 11
2287.147050965826
 21
1591.631211920106
 31
0.0
  0
LINE
  5
7CD
102
{ACAD_REACTORS
330
1825
102
}
330
1F
100
AcDbEntity
  8
0
100
AcDbLine
 10
2287.147050965826
 20
1591.631211920106
 30
0.0
 11
2284.82532565398
 21
1590.777748145536
 31
0.0
  0
LWPOLYLINE
  5
7CE
102
{ACAD_REACTORS
330
1825
102
}
330
1F
100
AcDbEntity
  8
0
100
AcDbPolyline
 90
        4
 70
     1
 43
0.0
 10
2271.856608770481
 20
1612.172875913752
 10
2308.340414353436
 20
1612.172875913752
 10
2308.340414353436
 20
1575.689070330797
 10
2271.856608770481
 20
1575.689070330797
  0
MTEXT
  5
7CF
102
{ACAD_REACTORS
330
1825
102
}
330
1F
100
AcDbEntity
  8
0
100
AcDbMText
 10
2270.720119797022
 20
1525.19813200893
 30
0.0
 40
4.98543503308397
 41
32.62464624553575
 46
0.0
 71
     1
 72
     5
  1
\pxqc;LIGHTING\PLOAD 1
  7
Tittle Block
 73
     1
 44
1.0
101
Embedded Object
 70
     1
 10
1.0
 20
0.0
 30
0.0
 11
2270.720119797022
 21
1525.19813200893
 31
0.0
 40
32.62464624553575
 41
0.0
 42
31.94623240163084
 43
13.55294707947975
 71
     2
 72
     1
 44
32.62464624553575
 45
174.4902261579389
 73
     0
 74
     0
 46
0.0
  0
MTEXT
  5
7D0
102
{ACAD_REACTORS
330
1825
102
}
330
1F
100
AcDbEntity
  8
0
100
AcDbMText
 10
2273.36117468657
 20
1562.808682453681
 30
0.0
 40
4.98543503308397
 41
32.62464624553575
 46
0.0
 71
     1
 72
     5
  1
\pxqc;LGT-1
  7
Tittle Block
 73
     1
 44
1.0
101
Embedded Object
 70
     1
 10
1.0
 20
0.0
 30
0.0
 11
2273.36117468657
 21
1562.808682453681
 31
0.0
 40
32.62464624553575
 41
0.0
 42
17.94892640151241
 43
5.155470334348771
 71
     2
 72
     1
 44
32.62464624553575
 45
174.4902261579389
 73
     0
 74
     0
 46
0.0
  0
LINE
  5
7D1
102
{ACAD_REACTORS
330
1825
102
}
330
1F
100
AcDbEntity
  8
0
100
AcDbLine
 10
2280.977560166223
 20
1581.216163104519
 30
0.0
 11
2280.977560166223
 21
1530.820155033041
 31
0.0
  0
LINE
  5
7D2
102
{ACAD_REACTORS
330
1825
102
}
330
1F
100
AcDbEntity
  8
0
100
AcDbLine
 10
2299.219462957697
 20
1575.689070330797
 30
0.0
 11
2299.219462957697
 21
1530.820155033041
 31
0.0
  0
LINE
  5
7D3
102
{ACAD_REACTORS
330
1825
102
}
330
1F
100
AcDbEntity
  8
0
100
AcDbLine
 10
2262.100403011226
 20
1619.065707033979
 30
0.0
 11
2551.255634930099
 21
1619.065707033979
 31
0.0
  0
MTEXT
  5
7D4
102
{ACAD_REACTORS
330
1825
102
}
330
1F
100
AcDbEntity
  8
0
100
AcDbMText
 10
2254.906515532033
 20
1621.697377707525
 30
0.0
 40
4.98543503308397
 41
6.453339956958355
 46
0.0
 71
     1
 72
     5
  1
\pxqc;N
  7
Tittle Block
 73
     1
 44
1.0
101
Embedded Object
 70
     1
 10
1.0
 20
0.0
 30
0.0
 11
2254.906515532033
 21
1621.697377707525
 31
0.0
 40
6.453339956958355
 41
0.0
 42
3.927815459216907
 43
4.98543503308397
 71
     2
 72
     1
 44
6.453339956958355
 45
174.4902261579389
 73
     0
 74
     0
 46
0.0
  0
LINE
  5
7D5
102
{ACAD_REACTORS
330
1825
102
}
330
1F
100
AcDbEntity
  8
0
100
AcDbLine
 10
2280.977560166223
 20
1606.697999806577
 30
0.0
 11
2280.977560166223
 21
1644.470710729305
 31
0.0
  0
LINE
  5
7D6
102
{ACAD_REACTORS
330
1825
102
}
330
1F
100
AcDbEntity
  8
0
100
AcDbLine
 10
2299.219462957697
 20
1612.172875913752
 30
0.0
 11
2299.219462957697
 21
1619.065707033979
 31
0.0
  0
HATCH
  5
7D7
102
{ACAD_REACTORS
330
1825
102
}
330
1F
100
AcDbEntity
  8
Connecting
440
 33554687
100
AcDbHatch
 10
0.0
 20
0.0
 30
0.0
210
0.0
220
0.0
230
1.0
  2
SOLID
 70
     1
 71
     0
 91
        1
 92
        7
 72
     1
 73
     1
 93
        2
 10
2278.983386152985
 20
1644.470710729305
 42
1.0
 10
2282.971734179458
 20
1644.470710729305
 42
1.0
 97
        0
 75
     1
 76
     1
 47
0.0048123264401831
 98
        1
 10
2281.98703693558
 20
1645.064594301287
450
        0
451
        0
460
0.0
461
0.0
452
        0
462
0.0
453
        2
463
0.0
 63
     5
421
      255
463
1.0
 63
     2
421
 16776960
470
LINEAR
1001
GradientColor1ACI
1070
     5
1001
GradientColor2ACI
1070
     2
1001
ACAD
1010
0.0
1020
0.0
1030
0.0
  0
HATCH
  5
7D8
102
{ACAD_REACTORS
330
1825
102
}
330
1F
100
AcDbEntity
  8
Connecting
440
 33554687
100
AcDbHatch
 10
0.0
 20
0.0
 30
0.0
210
0.0
220
0.0
230
1.0
  2
SOLID
 70
     1
 71
     0
 91
        1
 92
        7
 72
     1
 73
     1
 93
        2
 10
2297.225288944463
 20
1619.065707033979
 42
1.0
 10
2301.213636970928
 20
1619.065707033979
 42
1.0
 97
        0
 75
     1
 76
     1
 47
0.0048123264401831
 98
        1
 10
2300.228939727054
 20
1619.659590605965
450
        0
451
        0
460
0.0
461
0.0
452
        0
462
0.0
453
        2
463
0.0
 63
     5
421
      255
463
1.0
 63
     2
421
 16776960
470
LINEAR
1001
GradientColor1ACI
1070
     5
1001
GradientColor2ACI
1070
     2
1001
ACAD
1010
0.0
1020
0.0
1030
0.0
  0
HATCH
  5
7D9
102
{ACAD_REACTORS
330
1825
102
}
330
1F
100
AcDbEntity
  8
Connecting
440
 33554687
100
AcDbHatch
 10
0.0
 20
0.0
 30
0.0
210
0.0
220
0.0
230
1.0
  2
SOLID
 70
     1
 71
     0
 91
        1
 92
        7
 72
     1
 73
     1
 93
        2
 10
2278.983386152985
 20
1530.820155033041
 42
1.0
 10
2282.971734179454
 20
1530.820155033041
 42
1.0
 97
        0
 75
     1
 76
     1
 47
0.0048123264401831
 98
        1
 10
2281.98703693558
 20
1531.414038605024
450
        0
451
        0
460
0.0
461
0.0
452
        0
462
0.0
453
        2
463
0.0
 63
     5
421
      255
463
1.0
 63
     2
421
 16776960
470
LINEAR
1001
GradientColor1ACI
1070
     5
1001
GradientColor2ACI
1070
     2
1001
ACAD
1010
0.0
1020
0.0
1030
0.0
  0
HATCH
  5
7DA
102
{ACAD_REACTORS
330
1825
102
}
330
1F
100
AcDbEntity
  8
Connecting
440
 33554687
100
AcDbHatch
 10
0.0
 20
0.0
 30
0.0
210
0.0
220
0.0
230
1.0
  2
SOLID
 70
     1
 71
     0
 91
        1
 92
        7
 72
     1
 73
     1
 93
        2
 10
2297.225288944463
 20
1530.820155033041
 42
1.0
 10
2301.213636970928
 20
1530.820155033041
 42
1.0
 97
        0
 75
     1
 76
     1
 47
0.0048123264401831
 98
        1
 10
2300.228939727054
 20
1531.414038605024
450
        0
451
        0
460
0.0
461
0.0
452
        0
462
0.0
453
        2
463
0.0
 63
     5
421
      255
463
1.0
 63
     2
421
 16776960
470
LINEAR
1001
GradientColor1ACI
1070
     5
1001
GradientColor2ACI
1070
     2
1001
ACAD
1010
0.0
1020
0.0
1030
0.0
  0
LINE
  5
7DB
102
{ACAD_REACTORS
330
1825
102
}
330
1F
100
AcDbEntity
  8
0
100
AcDbLine
 10
2326.691610682122
 20
1581.216163104519
 30
0.0
 11
2326.691610682122
 21
1586.422783768471
 31
0.0
  0
LINE
  5
7DC
102
{ACAD_REACTORS
330
1825
102
}
330
1F
100
AcDbEntity
  8
0
100
AcDbLine
 10
2326.691610682122
 20
1601.491379142629
 30
0.0
 11
2326.691610682122
 21
1606.697999806577
 31
0.0
  0
LINE
  5
7DD
102
{ACAD_REACTORS
330
1825
102
}
330
1F
100
AcDbEntity
  8
0
100
AcDbLine
 10
2326.691610682122
 20
1601.491379142629
 30
0.0
 11
2331.971256069759
 21
1586.790854212361
 31
0.0
  0
LINE
  5
7DE
102
{ACAD_REACTORS
330
1825
102
}
330
1F
100
AcDbEntity
  8
0
100
AcDbLine
 10
2327.993265848109
 20
1585.12112860248
 30
0.0
 11
2325.389955516131
 21
1587.724438934458
 31
0.0
  0
LINE
  5
7DF
102
{ACAD_REACTORS
330
1825
102
}
330
1F
100
AcDbEntity
  8
0
100
AcDbLine
 10
2325.389955516131
 20
1585.12112860248
 30
0.0
 11
2327.993265848109
 21
1587.724438934458
 31
0.0
  0
LINE
  5
7E0
102
{ACAD_REACTORS
330
1825
102
}
330
1F
100
AcDbEntity
  8
0
100
AcDbLine
 10
2329.331433375942
 20
1594.141116677493
 30
0.0
 11
2331.608204084185
 21
1594.983506291037
 31
0.0
  0
LINE
  5
7E1
102
{ACAD_REACTORS
330
1825
102
}
330
1F
100
AcDbEntity
  8
0
100
AcDbLine
 10
2331.608204084185
 20
1594.983506291037
 30
0.0
 11
2332.861101481725
 21
1591.631211920106
 31
0.0
  0
LINE
  5
7E2
102
{ACAD_REACTORS
330
1825
102
}
330
1F
100
AcDbEntity
  8
0
100
AcDbLine
 10
2332.861101481725
 20
1591.631211920106
 30
0.0
 11
2330.539376169875
 21
1590.777748145536
 31
0.0
  0
LWPOLYLINE
  5
7E3
102
{ACAD_REACTORS
330
1825
102
}
330
1F
100
AcDbEntity
  8
0
100
AcDbPolyline
 90
        4
 70
     1
 43
0.0
 10
2317.570659286379
 20
1612.172875913752
 10
2354.054464869335
 20
1612.172875913752
 10
2354.054464869335
 20
1575.689070330797
 10
2317.570659286379
 20
1575.689070330797
  0
MTEXT
  5
7E4
102
{ACAD_REACTORS
330
1825
102
}
330
1F
100
AcDbEntity
  8
0
100
AcDbMText
 10
2316.434170312917
 20
1525.19813200893
 30
0.0
 40
4.98543503308397
 41
32.62464624553575
 46
0.0
 71
     1
 72
     5
  1
\pxqc;LIGHTING\PLOAD 2
  7
Tittle Block
 73
     1
 44
1.0
101
Embedded Object
 70
     1
 10
1.0
 20
0.0
 30
0.0
 11
2316.434170312917
 21
1525.19813200893
 31
0.0
 40
32.62464624553575
 41
0.0
 42
31.94623240163084
 43
13.55294707947975
 71
     2
 72
     1
 44
32.62464624553575
 45
174.4902261579389
 73
     0
 74
     0
 46
0.0
  0
MTEXT
  5
7E5
102
{ACAD_REACTORS
330
1825
102
}
330
1F
100
AcDbEntity
  8
0
100
AcDbMText
 10
2319.075225202464
 20
1562.808682453681
 30
0.0
 40
4.98543503308397
 41
32.62464624553575
 46
0.0
 71
     1
 72
     5
  1
\pxqc;LGT-2
  7
Tittle Block
 73
     1
 44
1.0
101
Embedded Object
 70
     1
 10
1.0
 20
0.0
 30
0.0
 11
2319.075225202464
 21
1562.808682453681
 31
0.0
 40
32.62464624553575
 41
0.0
 42
18.86031561629175
 43
5.155470334348771
 71
     2
 72
     1
 44
32.62464624553575
 45
174.4902261579389
 73
     0
 74
     0
 46
0.0
  0
LINE
  5
7E6
102
{ACAD_REACTORS
330
1825
102
}
330
1F
100
AcDbEntity
  8
0
100
AcDbLine
 10
2326.691610682122
 20
1581.216163104519
 30
0.0
 11
2326.691610682122
 21
1530.820155033041
 31
0.0
  0
LINE
  5
7E7
102
{ACAD_REACTORS
330
1825
102
}
330
1F
100
AcDbEntity
  8
0
100
AcDbLine
 10
2344.933513473595
 20
1575.689070330797
 30
0.0
 11
2344.933513473595
 21
1530.820155033041
 31
0.0
  0
LINE
  5
7E8
102
{ACAD_REACTORS
330
1825
102
}
330
1F
100
AcDbEntity
  8
0
100
AcDbLine
 10
2326.691610682122
 20
1606.697999806577
 30
0.0
 11
2326.691610682122
 21
1644.470710729305
 31
0.0
  0
LINE
  5
7E9
102
{ACAD_REACTORS
330
1825
102
}
330
1F
100
AcDbEntity
  8
0
100
AcDbLine
 10
2344.933513473595
 20
1612.172875913752
 30
0.0
 11
2344.933513473595
 21
1619.065707033979
 31
0.0
  0
HATCH
  5
7EA
102
{ACAD_REACTORS
330
1825
102
}
330
1F
100
AcDbEntity
  8
Connecting
440
 33554687
100
AcDbHatch
 10
0.0
 20
0.0
 30
0.0
210
0.0
220
0.0
230
1.0
  2
SOLID
 70
     1
 71
     0
 91
        1
 92
        7
 72
     1
 73
     1
 93
        2
 10
2324.697436668888
 20
1644.470710729305
 42
1.0
 10
2328.685784695353
 20
1644.470710729305
 42
1.0
 97
        0
 75
     1
 76
     1
 47
0.0048123264401831
 98
        1
 10
2327.701087451479
 20
1645.064594301287
450
        0
451
        0
460
0.0
461
0.0
452
        0
462
0.0
453
        2
463
0.0
 63
     5
421
      255
463
1.0
 63
     2
421
 16776960
470
LINEAR
1001
GradientColor1ACI
1070
     5
1001
GradientColor2ACI
1070
     2
1001
ACAD
1010
0.0
1020
0.0
1030
0.0
  0
HATCH
  5
7EB
102
{ACAD_REACTORS
330
1825
102
}
330
1F
100
AcDbEntity
  8
Connecting
440
 33554687
100
AcDbHatch
 10
0.0
 20
0.0
 30
0.0
210
0.0
220
0.0
230
1.0
  2
SOLID
 70
     1
 71
     0
 91
        1
 92
        7
 72
     1
 73
     1
 93
        2
 10
2342.939339460357
 20
1619.065707033979
 42
1.0
 10
2346.927687486829
 20
1619.065707033979
 42
1.0
 97
        0
 75
     1
 76
     1
 47
0.0048123264401831
 98
        1
 10
2345.942990242952
 20
1619.659590605965
450
        0
451
        0
460
0.0
461
0.0
452
        0
462
0.0
453
        2
463
0.0
 63
     5
421
      255
463
1.0
 63
     2
421
 16776960
470
LINEAR
1001
GradientColor1ACI
1070
     5
1001
GradientColor2ACI
1070
     2
1001
ACAD
1010
0.0
1020
0.0
1030
0.0
  0
HATCH
  5
7EC
102
{ACAD_REACTORS
330
1825
102
}
330
1F
100
AcDbEntity
  8
Connecting
440
 33554687
100
AcDbHatch
 10
0.0
 20
0.0
 30
0.0
210
0.0
220
0.0
230
1.0
  2
SOLID
 70
     1
 71
     0
 91
        1
 92
        7
 72
     1
 73
     1
 93
        2
 10
2324.697436668888
 20
1530.820155033041
 42
1.0
 10
2328.685784695353
 20
1530.820155033041
 42
1.0
 97
        0
 75
     1
 76
     1
 47
0.0048123264401831
 98
        1
 10
2327.701087451479
 20
1531.414038605024
450
        0
451
        0
460
0.0
461
0.0
452
        0
462
0.0
453
        2
463
0.0
 63
     5
421
      255
463
1.0
 63
     2
421
 16776960
470
LINEAR
1001
GradientColor1ACI
1070
     5
1001
GradientColor2ACI
1070
     2
1001
ACAD
1010
0.0
1020
0.0
1030
0.0
  0
HATCH
  5
7ED
102
{ACAD_REACTORS
330
1825
102
}
330
1F
100
AcDbEntity
  8
Connecting
440
 33554687
100
AcDbHatch
 10
0.0
 20
0.0
 30
0.0
210
0.0
220
0.0
230
1.0
  2
SOLID
 70
     1
 71
     0
 91
        1
 92
        7
 72
     1
 73
     1
 93
        2
 10
2342.939339460357
 20
1530.820155033041
 42
1.0
 10
2346.927687486829
 20
1530.820155033041
 42
1.0
 97
        0
 75
     1
 76
     1
 47
0.0048123264401831
 98
        1
 10
2345.942990242952
 20
1531.414038605024
450
        0
451
        0
460
0.0
461
0.0
452
        0
462
0.0
453
        2
463
0.0
 63
     5
421
      255
463
1.0
 63
     2
421
 16776960
470
LINEAR
1001
GradientColor1ACI
1070
     5
1001
GradientColor2ACI
1070
     2
1001
ACAD
1010
0.0
1020
0.0
1030
0.0
  0
LINE
  5
7EE
102
{ACAD_REACTORS
330
1825
102
}
330
1F
100
AcDbEntity
  8
0
100
AcDbLine
 10
2372.496548519069
 20
1581.216163104519
 30
0.0
 11
2372.496548519069
 21
1586.422783768471
 31
0.0
  0
LINE
  5
7EF
102
{ACAD_REACTORS
330
1825
102
}
330
1F
100
AcDbEntity
  8
0
100
AcDbLine
 10
2372.496548519069
 20
1601.491379142629
 30
0.0
 11
2372.496548519069
 21
1606.697999806577
 31
0.0
  0
LINE
  5
7F0
102
{ACAD_REACTORS
330
1825
102
}
330
1F
100
AcDbEntity
  8
0
100
AcDbLine
 10
2372.496548519069
 20
1601.491379142629
 30
0.0
 11
2377.776193906705
 21
1586.790854212361
 31
0.0
  0
LINE
  5
7F1
102
{ACAD_REACTORS
330
1825
102
}
330
1F
100
AcDbEntity
  8
0
100
AcDbLine
 10
2373.798203685055
 20
1585.12112860248
 30
0.0
 11
2371.194893353077
 21
1587.724438934458
 31
0.0
  0
LINE
  5
7F2
102
{ACAD_REACTORS
330
1825
102
}
330
1F
100
AcDbEntity
  8
0
100
AcDbLine
 10
2371.194893353077
 20
1585.12112860248
 30
0.0
 11
2373.798203685055
 21
1587.724438934458
 31
0.0
  0
LINE
  5
7F3
102
{ACAD_REACTORS
330
1825
102
}
330
1F
100
AcDbEntity
  8
0
100
AcDbLine
 10
2375.136371212889
 20
1594.141116677493
 30
0.0
 11
2377.413141921135
 21
1594.983506291037
 31
0.0
  0
LINE
  5
7F4
102
{ACAD_REACTORS
330
1825
102
}
330
1F
100
AcDbEntity
  8
0
100
AcDbLine
 10
2377.413141921135
 20
1594.983506291037
 30
0.0
 11
2378.666039318671
 21
1591.631211920106
 31
0.0
  0
LINE
  5
7F5
102
{ACAD_REACTORS
330
1825
102
}
330
1F
100
AcDbEntity
  8
0
100
AcDbLine
 10
2378.666039318671
 20
1591.631211920106
 30
0.0
 11
2376.344314006822
 21
1590.777748145536
 31
0.0
  0
LWPOLYLINE
  5
7F6
102
{ACAD_REACTORS
330
1825
102
}
330
1F
100
AcDbEntity
  8
0
100
AcDbPolyline
 90
        4
 70
     1
 43
0.0
 10
2363.375597123329
 20
1612.172875913752
 10
2399.859402706281
 20
1612.172875913752
 10
2399.859402706281
 20
1575.689070330797
 10
2363.375597123329
 20
1575.689070330797
  0
MTEXT
  5
7F7
102
{ACAD_REACTORS
330
1825
102
}
330
1F
100
AcDbEntity
  8
0
100
AcDbMText
 10
2362.239108149867
 20
1525.19813200893
 30
0.0
 40
4.98543503308397
 41
32.62464624553575
 46
0.0
 71
     1
 72
     5
  1
\pxqc;LIGHTING\PLOAD 3
  7
Tittle Block
 73
     1
 44
1.0
101
Embedded Object
 70
     1
 10
1.0
 20
0.0
 30
0.0
 11
2362.239108149867
 21
1525.19813200893
 31
0.0
 40
32.62464624553575
 41
0.0
 42
31.94623240163084
 43
13.55634778550505
 71
     2
 72
     1
 44
32.62464624553575
 45
174.4902261579389
 73
     0
 74
     0
 46
0.0
  0
MTEXT
  5
7F8
102
{ACAD_REACTORS
330
1825
102
}
330
1F
100
AcDbEntity
  8
0
100
AcDbMText
 10
2364.880163039411
 20
1562.808682453681
 30
0.0
 40
4.98543503308397
 41
32.62464624553575
 46
0.0
 71
     1
 72
     5
  1
\pxqc;LGT-3
  7
Tittle Block
 73
     1
 44
1.0
101
Embedded Object
 70
     1
 10
1.0
 20
0.0
 30
0.0
 11
2364.880163039411
 21
1562.808682453681
 31
0.0
 40
32.62464624553575
 41
0.0
 42
18.91132620667118
 43
5.158871040374068
 71
     2
 72
     1
 44
32.62464624553575
 45
174.4902261579389
 73
     0
 74
     0
 46
0.0
  0
LINE
  5
7F9
102
{ACAD_REACTORS
330
1825
102
}
330
1F
100
AcDbEntity
  8
0
100
AcDbLine
 10
2372.496548519069
 20
1581.216163104519
 30
0.0
 11
2372.496548519069
 21
1530.820155033041
 31
0.0
  0
LINE
  5
7FA
102
{ACAD_REACTORS
330
1825
102
}
330
1F
100
AcDbEntity
  8
0
100
AcDbLine
 10
2390.738451310542
 20
1575.689070330797
 30
0.0
 11
2390.738451310542
 21
1530.820155033041
 31
0.0
  0
LINE
  5
7FB
102
{ACAD_REACTORS
330
1825
102
}
330
1F
100
AcDbEntity
  8
0
100
AcDbLine
 10
2372.496548519069
 20
1606.697999806577
 30
0.0
 11
2372.496548519069
 21
1644.470710729305
 31
0.0
  0
LINE
  5
7FC
102
{ACAD_REACTORS
330
1825
102
}
330
1F
100
AcDbEntity
  8
0
100
AcDbLine
 10
2390.738451310542
 20
1612.172875913752
 30
0.0
 11
2390.738451310542
 21
1619.065707033979
 31
0.0
  0
HATCH
  5
7FD
102
{ACAD_REACTORS
330
1825
102
}
330
1F
100
AcDbEntity
  8
Connecting
440
 33554687
100
AcDbHatch
 10
0.0
 20
0.0
 30
0.0
210
0.0
220
0.0
230
1.0
  2
SOLID
 70
     1
 71
     0
 91
        1
 92
        7
 72
     1
 73
     1
 93
        2
 10
2388.744277297308
 20
1619.065707033979
 42
1.0
 10
2392.73262532378
 20
1619.065707033979
 42
1.0
 97
        0
 75
     1
 76
     1
 47
0.0048123264401831
 98
        1
 10
2391.747928079903
 20
1619.659590605965
450
        0
451
        0
460
0.0
461
0.0
452
        0
462
0.0
453
        2
463
0.0
 63
     5
421
      255
463
1.0
 63
     2
421
 16776960
470
LINEAR
1001
GradientColor1ACI
1070
     5
1001
GradientColor2ACI
1070
     2
1001
ACAD
1010
0.0
1020
0.0
1030
0.0
  0
HATCH
  5
7FE
102
{ACAD_REACTORS
330
1825
102
}
330
1F
100
AcDbEntity
  8
Connecting
440
 33554687
100
AcDbHatch
 10
0.0
 20
0.0
 30
0.0
210
0.0
220
0.0
230
1.0
  2
SOLID
 70
     1
 71
     0
 91
        1
 92
        7
 72
     1
 73
     1
 93
        2
 10
2370.502374505838
 20
1530.820155033041
 42
1.0
 10
2374.490722532299
 20
1530.820155033041
 42
1.0
 97
        0
 75
     1
 76
     1
 47
0.0048123264401831
 98
        1
 10
2373.506025288426
 20
1531.414038605024
450
        0
451
        0
460
0.0
461
0.0
452
        0
462
0.0
453
        2
463
0.0
 63
     5
421
      255
463
1.0
 63
     2
421
 16776960
470
LINEAR
1001
GradientColor1ACI
1070
     5
1001
GradientColor2ACI
1070
     2
1001
ACAD
1010
0.0
1020
0.0
1030
0.0
  0
HATCH
  5
7FF
102
{ACAD_REACTORS
330
1825
102
}
330
1F
100
AcDbEntity
  8
Connecting
440
 33554687
100
AcDbHatch
 10
0.0
 20
0.0
 30
0.0
210
0.0
220
0.0
230
1.0
  2
SOLID
 70
     1
 71
     0
 91
        1
 92
        7
 72
     1
 73
     1
 93
        2
 10
2388.744277297308
 20
1530.820155033041
 42
1.0
 10
2392.73262532378
 20
1530.820155033041
 42
1.0
 97
        0
 75
     1
 76
     1
 47
0.0048123264401831
 98
        1
 10
2391.747928079903
 20
1531.414038605024
450
        0
451
        0
460
0.0
461
0.0
452
        0
462
0.0
453
        2
463
0.0
 63
     5
421
      255
463
1.0
 63
     2
421
 16776960
470
LINEAR
1001
GradientColor1ACI
1070
     5
1001
GradientColor2ACI
1070
     2
1001
ACAD
1010
0.0
1020
0.0
1030
0.0
  0
LINE
  5
800
102
{ACAD_REACTORS
330
1825
102
}
330
1F
100
AcDbEntity
  8
0
100
AcDbLine
 10
2419.134248232317
 20
1581.216163104519
 30
0.0
 11
2419.134248232317
 21
1586.422783768471
 31
0.0
  0
LINE
  5
801
102
{ACAD_REACTORS
330
1825
102
}
330
1F
100
AcDbEntity
  8
0
100
AcDbLine
 10
2419.134248232317
 20
1601.491379142629
 30
0.0
 11
2419.134248232317
 21
1606.697999806577
 31
0.0
  0
LINE
  5
802
102
{ACAD_REACTORS
330
1825
102
}
330
1F
100
AcDbEntity
  8
0
100
AcDbLine
 10
2419.134248232317
 20
1601.491379142629
 30
0.0
 11
2424.413893619955
 21
1586.790854212361
 31
0.0
  0
LINE
  5
803
102
{ACAD_REACTORS
330
1825
102
}
330
1F
100
AcDbEntity
  8
0
100
AcDbLine
 10
2420.435903398308
 20
1585.12112860248
 30
0.0
 11
2417.83259306633
 21
1587.724438934458
 31
0.0
  0
LINE
  5
804
102
{ACAD_REACTORS
330
1825
102
}
330
1F
100
AcDbEntity
  8
0
100
AcDbLine
 10
2417.83259306633
 20
1585.12112860248
 30
0.0
 11
2420.435903398308
 21
1587.724438934458
 31
0.0
  0
LINE
  5
805
102
{ACAD_REACTORS
330
1825
102
}
330
1F
100
AcDbEntity
  8
0
100
AcDbLine
 10
2421.774070926137
 20
1594.141116677493
 30
0.0
 11
2424.050841634384
 21
1594.983506291037
 31
0.0
  0
LINE
  5
806
102
{ACAD_REACTORS
330
1825
102
}
330
1F
100
AcDbEntity
  8
0
100
AcDbLine
 10
2424.050841634384
 20
1594.983506291037
 30
0.0
 11
2425.303739031923
 21
1591.631211920106
 31
0.0
  0
LINE
  5
807
102
{ACAD_REACTORS
330
1825
102
}
330
1F
100
AcDbEntity
  8
0
100
AcDbLine
 10
2425.303739031923
 20
1591.631211920106
 30
0.0
 11
2422.982013720071
 21
1590.777748145536
 31
0.0
  0
LWPOLYLINE
  5
808
102
{ACAD_REACTORS
330
1825
102
}
330
1F
100
AcDbEntity
  8
0
100
AcDbPolyline
 90
        4
 70
     1
 43
0.0
 10
2410.013296836579
 20
1612.172875913752
 10
2446.497102419534
 20
1612.172875913752
 10
2446.497102419534
 20
1575.689070330797
 10
2410.013296836579
 20
1575.689070330797
  0
MTEXT
  5
809
102
{ACAD_REACTORS
330
1825
102
}
330
1F
100
AcDbEntity
  8
0
100
AcDbMText
 10
2408.876807863117
 20
1525.19813200893
 30
0.0
 40
4.98543503308397
 41
32.62464624553575
 46
0.0
 71
     1
 72
     5
  1
\pxqc;LIGHTING\PLOAD 4
  7
Tittle Block
 73
     1
 44
1.0
101
Embedded Object
 70
     1
 10
1.0
 20
0.0
 30
0.0
 11
2408.876807863117
 21
1525.19813200893
 31
0.0
 40
32.62464624553575
 41
0.0
 42
31.94623240163084
 43
13.55294707947975
 71
     2
 72
     1
 44
32.62464624553575
 45
174.4902261579389
 73
     0
 74
     0
 46
0.0
  0
MTEXT
  5
80A
102
{ACAD_REACTORS
330
1825
102
}
330
1F
100
AcDbEntity
  8
0
100
AcDbMText
 10
2411.51786275266
 20
1562.808682453681
 30
0.0
 40
4.98543503308397
 41
32.62464624553575
 46
0.0
 71
     1
 72
     5
  1
\pxqc;LGT-4
  7
Tittle Block
 73
     1
 44
1.0
101
Embedded Object
 70
     1
 10
1.0
 20
0.0
 30
0.0
 11
2411.51786275266
 21
1562.808682453681
 31
0.0
 40
32.62464624553575
 41
0.0
 42
18.89092197051941
 43
5.155470334348771
 71
     2
 72
     1
 44
32.62464624553575
 45
174.4902261579389
 73
     0
 74
     0
 46
0.0
  0
LINE
  5
80B
102
{ACAD_REACTORS
330
1825
102
}
330
1F
100
AcDbEntity
  8
0
100
AcDbLine
 10
2419.134248232317
 20
1581.216163104519
 30
0.0
 11
2419.134248232317
 21
1530.820155033041
 31
0.0
  0
LINE
  5
80C
102
{ACAD_REACTORS
330
1825
102
}
330
1F
100
AcDbEntity
  8
0
100
AcDbLine
 10
2437.376151023792
 20
1575.689070330797
 30
0.0
 11
2437.376151023792
 21
1530.820155033041
 31
0.0
  0
LINE
  5
80D
102
{ACAD_REACTORS
330
1825
102
}
330
1F
100
AcDbEntity
  8
0
100
AcDbLine
 10
2419.134248232317
 20
1606.697999806577
 30
0.0
 11
2419.134248232317
 21
1644.470710729305
 31
0.0
  0
LINE
  5
80E
102
{ACAD_REACTORS
330
1825
102
}
330
1F
100
AcDbEntity
  8
0
100
AcDbLine
 10
2437.376151023792
 20
1612.172875913752
 30
0.0
 11
2437.376151023792
 21
1619.065707033979
 31
0.0
  0
HATCH
  5
80F
102
{ACAD_REACTORS
330
1825
102
}
330
1F
100
AcDbEntity
  8
Connecting
440
 33554687
100
AcDbHatch
 10
0.0
 20
0.0
 30
0.0
210
0.0
220
0.0
230
1.0
  2
SOLID
 70
     1
 71
     0
 91
        1
 92
        7
 72
     1
 73
     1
 93
        2
 10
2417.140074219086
 20
1644.470710729305
 42
1.0
 10
2421.128422245548
 20
1644.470710729305
 42
1.0
 97
        0
 75
     1
 76
     1
 47
0.0048123264401831
 98
        1
 10
2420.143725001674
 20
1645.064594301287
450
        0
451
        0
460
0.0
461
0.0
452
        0
462
0.0
453
        2
463
0.0
 63
     5
421
      255
463
1.0
 63
     2
421
 16776960
470
LINEAR
1001
GradientColor1ACI
1070
     5
1001
GradientColor2ACI
1070
     2
1001
ACAD
1010
0.0
1020
0.0
1030
0.0
  0
HATCH
  5
810
102
{ACAD_REACTORS
330
1825
102
}
330
1F
100
AcDbEntity
  8
Connecting
440
 33554687
100
AcDbHatch
 10
0.0
 20
0.0
 30
0.0
210
0.0
220
0.0
230
1.0
  2
SOLID
 70
     1
 71
     0
 91
        1
 92
        7
 72
     1
 73
     1
 93
        2
 10
2435.381977010557
 20
1619.065707033979
 42
1.0
 10
2439.370325037029
 20
1619.065707033979
 42
1.0
 97
        0
 75
     1
 76
     1
 47
0.0048123264401831
 98
        1
 10
2438.385627793152
 20
1619.659590605965
450
        0
451
        0
460
0.0
461
0.0
452
        0
462
0.0
453
        2
463
0.0
 63
     5
421
      255
463
1.0
 63
     2
421
 16776960
470
LINEAR
1001
GradientColor1ACI
1070
     5
1001
GradientColor2ACI
1070
     2
1001
ACAD
1010
0.0
1020
0.0
1030
0.0
  0
HATCH
  5
811
102
{ACAD_REACTORS
330
1825
102
}
330
1F
100
AcDbEntity
  8
Connecting
440
 33554687
100
AcDbHatch
 10
0.0
 20
0.0
 30
0.0
210
0.0
220
0.0
230
1.0
  2
SOLID
 70
     1
 71
     0
 91
        1
 92
        7
 72
     1
 73
     1
 93
        2
 10
2417.140074219086
 20
1530.820155033041
 42
1.0
 10
2421.128422245548
 20
1530.820155033041
 42
1.0
 97
        0
 75
     1
 76
     1
 47
0.0048123264401831
 98
        1
 10
2420.143725001674
 20
1531.414038605024
450
        0
451
        0
460
0.0
461
0.0
452
        0
462
0.0
453
        2
463
0.0
 63
     5
421
      255
463
1.0
 63
     2
421
 16776960
470
LINEAR
1001
GradientColor1ACI
1070
     5
1001
GradientColor2ACI
1070
     2
1001
ACAD
1010
0.0
1020
0.0
1030
0.0
  0
HATCH
  5
812
102
{ACAD_REACTORS
330
1825
102
}
330
1F
100
AcDbEntity
  8
Connecting
440
 33554687
100
AcDbHatch
 10
0.0
 20
0.0
 30
0.0
210
0.0
220
0.0
230
1.0
  2
SOLID
 70
     1
 71
     0
 91
        1
 92
        7
 72
     1
 73
     1
 93
        2
 10
2435.381977010557
 20
1530.820155033041
 42
1.0
 10
2439.370325037029
 20
1530.820155033041
 42
1.0
 97
        0
 75
     1
 76
     1
 47
0.0048123264401831
 98
        1
 10
2438.385627793152
 20
1531.414038605024
450
        0
451
        0
460
0.0
461
0.0
452
        0
462
0.0
453
        2
463
0.0
 63
     5
421
      255
463
1.0
 63
     2
421
 16776960
470
LINEAR
1001
GradientColor1ACI
1070
     5
1001
GradientColor2ACI
1070
     2
1001
ACAD
1010
0.0
1020
0.0
1030
0.0
  0
LINE
  5
813
102
{ACAD_REACTORS
330
1825
102
}
330
1F
100
AcDbEntity
  8
0
100
AcDbLine
 10
2466.049511713317
 20
1581.216163104519
 30
0.0
 11
2466.049511713317
 21
1586.422783768471
 31
0.0
  0
LINE
  5
814
102
{ACAD_REACTORS
330
1825
102
}
330
1F
100
AcDbEntity
  8
0
100
AcDbLine
 10
2466.049511713317
 20
1601.491379142629
 30
0.0
 11
2466.049511713317
 21
1606.697999806577
 31
0.0
  0
LINE
  5
815
102
{ACAD_REACTORS
330
1825
102
}
330
1F
100
AcDbEntity
  8
0
100
AcDbLine
 10
2466.049511713317
 20
1601.491379142629
 30
0.0
 11
2471.329157100955
 21
1586.790854212361
 31
0.0
  0
LINE
  5
816
102
{ACAD_REACTORS
330
1825
102
}
330
1F
100
AcDbEntity
  8
0
100
AcDbLine
 10
2467.351166879304
 20
1585.12112860248
 30
0.0
 11
2464.747856547327
 21
1587.724438934458
 31
0.0
  0
LINE
  5
817
102
{ACAD_REACTORS
330
1825
102
}
330
1F
100
AcDbEntity
  8
0
100
AcDbLine
 10
2464.747856547327
 20
1585.12112860248
 30
0.0
 11
2467.351166879304
 21
1587.724438934458
 31
0.0
  0
LINE
  5
818
102
{ACAD_REACTORS
330
1825
102
}
330
1F
100
AcDbEntity
  8
0
100
AcDbLine
 10
2468.689334407138
 20
1594.141116677493
 30
0.0
 11
2470.966105115385
 21
1594.983506291037
 31
0.0
  0
LINE
  5
819
102
{ACAD_REACTORS
330
1825
102
}
330
1F
100
AcDbEntity
  8
0
100
AcDbLine
 10
2470.966105115385
 20
1594.983506291037
 30
0.0
 11
2472.21900251292
 21
1591.631211920106
 31
0.0
  0
LINE
  5
81A
102
{ACAD_REACTORS
330
1825
102
}
330
1F
100
AcDbEntity
  8
0
100
AcDbLine
 10
2472.21900251292
 20
1591.631211920106
 30
0.0
 11
2469.897277201072
 21
1590.777748145536
 31
0.0
  0
LWPOLYLINE
  5
81B
102
{ACAD_REACTORS
330
1825
102
}
330
1F
100
AcDbEntity
  8
0
100
AcDbPolyline
 90
        4
 70
     1
 43
0.0
 10
2456.928560317579
 20
1612.172875913752
 10
2493.41236590053
 20
1612.172875913752
 10
2493.41236590053
 20
1575.689070330797
 10
2456.928560317579
 20
1575.689070330797
  0
MTEXT
  5
81C
102
{ACAD_REACTORS
330
1825
102
}
330
1F
100
AcDbEntity
  8
0
100
AcDbMText
 10
2455.792071344113
 20
1525.19813200893
 30
0.0
 40
4.98543503308397
 41
32.62464624553575
 46
0.0
 71
     1
 72
     5
  1
\pxqc;LIGHTING\PLOAD 5
  7
Tittle Block
 73
     1
 44
1.0
101
Embedded Object
 70
     1
 10
1.0
 20
0.0
 30
0.0
 11
2455.792071344113
 21
1525.19813200893
 31
0.0
 40
32.62464624553575
 41
0.0
 42
31.94623240163084
 43
13.55294707947975
 71
     2
 72
     1
 44
32.62464624553575
 45
174.4902261579389
 73
     0
 74
     0
 46
0.0
  0
MTEXT
  5
81D
102
{ACAD_REACTORS
330
1825
102
}
330
1F
100
AcDbEntity
  8
0
100
AcDbMText
 10
2458.433126233661
 20
1562.808682453681
 30
0.0
 40
4.98543503308397
 41
32.62464624553575
 46
0.0
 71
     1
 72
     5
  1
\pxqc;LGT-5
  7
Tittle Block
 73
     1
 44
1.0
101
Embedded Object
 70
     1
 10
1.0
 20
0.0
 30
0.0
 11
2458.433126233661
 21
1562.808682453681
 31
0.0
 40
32.62464624553575
 41
0.0
 42
18.94873397294944
 43
5.155470334348771
 71
     2
 72
     1
 44
32.62464624553575
 45
174.4902261579389
 73
     0
 74
     0
 46
0.0
  0
LINE
  5
81E
102
{ACAD_REACTORS
330
1825
102
}
330
1F
100
AcDbEntity
  8
0
100
AcDbLine
 10
2466.049511713317
 20
1581.216163104519
 30
0.0
 11
2466.049511713317
 21
1530.820155033041
 31
0.0
  0
LINE
  5
81F
102
{ACAD_REACTORS
330
1825
102
}
330
1F
100
AcDbEntity
  8
0
100
AcDbLine
 10
2484.291414504792
 20
1575.689070330797
 30
0.0
 11
2484.291414504792
 21
1530.820155033041
 31
0.0
  0
LINE
  5
820
102
{ACAD_REACTORS
330
1825
102
}
330
1F
100
AcDbEntity
  8
0
100
AcDbLine
 10
2466.049511713317
 20
1606.697999806577
 30
0.0
 11
2466.049511713317
 21
1644.470710729305
 31
0.0
  0
LINE
  5
821
102
{ACAD_REACTORS
330
1825
102
}
330
1F
100
AcDbEntity
  8
0
100
AcDbLine
 10
2484.291414504792
 20
1612.172875913752
 30
0.0
 11
2484.291414504792
 21
1619.065707033979
 31
0.0
  0
HATCH
  5
822
102
{ACAD_REACTORS
330
1825
102
}
330
1F
100
AcDbEntity
  8
Connecting
440
 33554687
100
AcDbHatch
 10
0.0
 20
0.0
 30
0.0
210
0.0
220
0.0
230
1.0
  2
SOLID
 70
     1
 71
     0
 91
        1
 92
        7
 72
     1
 73
     1
 93
        2
 10
2464.055337700083
 20
1644.470710729305
 42
1.0
 10
2468.043685726548
 20
1644.470710729305
 42
1.0
 97
        0
 75
     1
 76
     1
 47
0.0048123264401831
 98
        1
 10
2467.058988482674
 20
1645.064594301287
450
        0
451
        0
460
0.0
461
0.0
452
        0
462
0.0
453
        2
463
0.0
 63
     5
421
      255
463
1.0
 63
     2
421
 16776960
470
LINEAR
1001
GradientColor1ACI
1070
     5
1001
GradientColor2ACI
1070
     2
1001
ACAD
1010
0.0
1020
0.0
1030
0.0
  0
HATCH
  5
823
102
{ACAD_REACTORS
330
1825
102
}
330
1F
100
AcDbEntity
  8
Connecting
440
 33554687
100
AcDbHatch
 10
0.0
 20
0.0
 30
0.0
210
0.0
220
0.0
230
1.0
  2
SOLID
 70
     1
 71
     0
 91
        1
 92
        7
 72
     1
 73
     1
 93
        2
 10
2482.297240491554
 20
1619.065707033979
 42
1.0
 10
2486.28558851803
 20
1619.065707033979
 42
1.0
 97
        0
 75
     1
 76
     1
 47
0.0048123264401831
 98
        1
 10
2485.300891274149
 20
1619.659590605965
450
        0
451
        0
460
0.0
461
0.0
452
        0
462
0.0
453
        2
463
0.0
 63
     5
421
      255
463
1.0
 63
     2
421
 16776960
470
LINEAR
1001
GradientColor1ACI
1070
     5
1001
GradientColor2ACI
1070
     2
1001
ACAD
1010
0.0
1020
0.0
1030
0.0
  0
HATCH
  5
824
102
{ACAD_REACTORS
330
1825
102
}
330
1F
100
AcDbEntity
  8
Connecting
440
 33554687
100
AcDbHatch
 10
0.0
 20
0.0
 30
0.0
210
0.0
220
0.0
230
1.0
  2
SOLID
 70
     1
 71
     0
 91
        1
 92
        7
 72
     1
 73
     1
 93
        2
 10
2464.055337700083
 20
1530.820155033041
 42
1.0
 10
2468.043685726548
 20
1530.820155033041
 42
1.0
 97
        0
 75
     1
 76
     1
 47
0.0048123264401831
 98
        1
 10
2467.058988482674
 20
1531.414038605024
450
        0
451
        0
460
0.0
461
0.0
452
        0
462
0.0
453
        2
463
0.0
 63
     5
421
      255
463
1.0
 63
     2
421
 16776960
470
LINEAR
1001
GradientColor1ACI
1070
     5
1001
GradientColor2ACI
1070
     2
1001
ACAD
1010
0.0
1020
0.0
1030
0.0
  0
HATCH
  5
825
102
{ACAD_REACTORS
330
1825
102
}
330
1F
100
AcDbEntity
  8
Connecting
440
 33554687
100
AcDbHatch
 10
0.0
 20
0.0
 30
0.0
210
0.0
220
0.0
230
1.0
  2
SOLID
 70
     1
 71
     0
 91
        1
 92
        7
 72
     1
 73
     1
 93
        2
 10
2482.297240491554
 20
1530.820155033041
 42
1.0
 10
2486.28558851803
 20
1530.820155033041
 42
1.0
 97
        0
 75
     1
 76
     1
 47
0.0048123264401831
 98
        1
 10
2485.300891274149
 20
1531.414038605024
450
        0
451
        0
460
0.0
461
0.0
452
        0
462
0.0
453
        2
463
0.0
 63
     5
421
      255
463
1.0
 63
     2
421
 16776960
470
LINEAR
1001
GradientColor1ACI
1070
     5
1001
GradientColor2ACI
1070
     2
1001
ACAD
1010
0.0
1020
0.0
1030
0.0
  0
LINE
  5
826
102
{ACAD_REACTORS
330
1825
102
}
330
1F
100
AcDbEntity
  8
0
100
AcDbLine
 10
2512.409647658808
 20
1581.216163104519
 30
0.0
 11
2512.409647658808
 21
1586.422783768471
 31
0.0
  0
LINE
  5
827
102
{ACAD_REACTORS
330
1825
102
}
330
1F
100
AcDbEntity
  8
0
100
AcDbLine
 10
2512.409647658808
 20
1601.491379142629
 30
0.0
 11
2512.409647658808
 21
1606.697999806577
 31
0.0
  0
LINE
  5
828
102
{ACAD_REACTORS
330
1825
102
}
330
1F
100
AcDbEntity
  8
0
100
AcDbLine
 10
2512.409647658808
 20
1601.491379142629
 30
0.0
 11
2517.689293046446
 21
1586.790854212361
 31
0.0
  0
LINE
  5
829
102
{ACAD_REACTORS
330
1825
102
}
330
1F
100
AcDbEntity
  8
0
100
AcDbLine
 10
2513.711302824796
 20
1585.12112860248
 30
0.0
 11
2511.107992492818
 21
1587.724438934458
 31
0.0
  0
LINE
  5
82A
102
{ACAD_REACTORS
330
1825
102
}
330
1F
100
AcDbEntity
  8
0
100
AcDbLine
 10
2511.107992492818
 20
1585.12112860248
 30
0.0
 11
2513.711302824796
 21
1587.724438934458
 31
0.0
  0
LINE
  5
82B
102
{ACAD_REACTORS
330
1825
102
}
330
1F
100
AcDbEntity
  8
0
100
AcDbLine
 10
2515.049470352629
 20
1594.141116677493
 30
0.0
 11
2517.326241060875
 21
1594.983506291037
 31
0.0
  0
LINE
  5
82C
102
{ACAD_REACTORS
330
1825
102
}
330
1F
100
AcDbEntity
  8
0
100
AcDbLine
 10
2517.326241060875
 20
1594.983506291037
 30
0.0
 11
2518.579138458411
 21
1591.631211920106
 31
0.0
  0
LINE
  5
82D
102
{ACAD_REACTORS
330
1825
102
}
330
1F
100
AcDbEntity
  8
0
100
AcDbLine
 10
2518.579138458411
 20
1591.631211920106
 30
0.0
 11
2516.257413146563
 21
1590.777748145536
 31
0.0
  0
LWPOLYLINE
  5
82E
102
{ACAD_REACTORS
330
1825
102
}
330
1F
100
AcDbEntity
  8
0
100
AcDbPolyline
 90
        4
 70
     1
 43
0.0
 10
2503.28869626307
 20
1612.172875913752
 10
2539.772501846022
 20
1612.172875913752
 10
2539.772501846022
 20
1575.689070330797
 10
2503.28869626307
 20
1575.689070330797
  0
MTEXT
  5
82F
102
{ACAD_REACTORS
330
1825
102
}
330
1F
100
AcDbEntity
  8
0
100
AcDbMText
 10
2502.152207289608
 20
1525.19813200893
 30
0.0
 40
4.98543503308397
 41
32.62464624553575
 46
0.0
 71
     1
 72
     5
  1
\pxqc;LIGHTING\PLOAD 6
  7
Tittle Block
 73
     1
 44
1.0
101
Embedded Object
 70
     1
 10
1.0
 20
0.0
 30
0.0
 11
2502.152207289608
 21
1525.19813200893
 31
0.0
 40
32.62464624553575
 41
0.0
 42
31.94623240163084
 43
13.55294707947975
 71
     2
 72
     1
 44
32.62464624553575
 45
174.4902261579389
 73
     0
 74
     0
 46
0.0
  0
MTEXT
  5
830
102
{ACAD_REACTORS
330
1825
102
}
330
1F
100
AcDbEntity
  8
0
100
AcDbMText
 10
2504.793262179152
 20
1562.808682453681
 30
0.0
 40
4.98543503308397
 41
32.62464624553575
 46
0.0
 71
     1
 72
     5
  1
\pxqc;LGT-6
  7
Tittle Block
 73
     1
 44
1.0
101
Embedded Object
 70
     1
 10
1.0
 20
0.0
 30
0.0
 11
2504.793262179152
 21
1562.808682453681
 31
0.0
 40
32.62464624553575
 41
0.0
 42
18.90792550064588
 43
5.155470334348771
 71
     2
 72
     1
 44
32.62464624553575
 45
174.4902261579389
 73
     0
 74
     0
 46
0.0
  0
LINE
  5
831
102
{ACAD_REACTORS
330
1825
102
}
330
1F
100
AcDbEntity
  8
0
100
AcDbLine
 10
2512.409647658808
 20
1581.216163104519
 30
0.0
 11
2512.409647658808
 21
1530.820155033041
 31
0.0
  0
LINE
  5
832
102
{ACAD_REACTORS
330
1825
102
}
330
1F
100
AcDbEntity
  8
0
100
AcDbLine
 10
2530.651550450282
 20
1575.689070330797
 30
0.0
 11
2530.651550450282
 21
1530.820155033041
 31
0.0
  0
LINE
  5
833
102
{ACAD_REACTORS
330
1825
102
}
330
1F
100
AcDbEntity
  8
0
100
AcDbLine
 10
2512.409647658808
 20
1606.697999806577
 30
0.0
 11
2512.409647658808
 21
1644.470710729305
 31
0.0
  0
LINE
  5
834
102
{ACAD_REACTORS
330
1825
102
}
330
1F
100
AcDbEntity
  8
0
100
AcDbLine
 10
2530.651550450282
 20
1612.172875913752
 30
0.0
 11
2530.651550450282
 21
1619.065707033979
 31
0.0
  0
HATCH
  5
835
102
{ACAD_REACTORS
330
1825
102
}
330
1F
100
AcDbEntity
  8
Connecting
440
 33554687
100
AcDbHatch
 10
0.0
 20
0.0
 30
0.0
210
0.0
220
0.0
230
1.0
  2
SOLID
 70
     1
 71
     0
 91
        1
 92
        7
 72
     1
 73
     1
 93
        2
 10
2510.415473645578
 20
1644.470710729305
 42
1.0
 10
2514.403821672039
 20
1644.470710729305
 42
1.0
 97
        0
 75
     1
 76
     1
 47
0.0048123264401831
 98
        1
 10
2513.419124428166
 20
1645.064594301287
450
        0
451
        0
460
0.0
461
0.0
452
        0
462
0.0
453
        2
463
0.0
 63
     5
421
      255
463
1.0
 63
     2
421
 16776960
470
LINEAR
1001
GradientColor1ACI
1070
     5
1001
GradientColor2ACI
1070
     2
1001
ACAD
1010
0.0
1020
0.0
1030
0.0
  0
HATCH
  5
836
102
{ACAD_REACTORS
330
1825
102
}
330
1F
100
AcDbEntity
  8
Connecting
440
 33554687
100
AcDbHatch
 10
0.0
 20
0.0
 30
0.0
210
0.0
220
0.0
230
1.0
  2
SOLID
 70
     1
 71
     0
 91
        1
 92
        7
 72
     1
 73
     1
 93
        2
 10
2528.657376437045
 20
1619.065707033979
 42
1.0
 10
2532.645724463521
 20
1619.065707033979
 42
1.0
 97
        0
 75
     1
 76
     1
 47
0.0048123264401831
 98
        1
 10
2531.66102721964
 20
1619.659590605965
450
        0
451
        0
460
0.0
461
0.0
452
        0
462
0.0
453
        2
463
0.0
 63
     5
421
      255
463
1.0
 63
     2
421
 16776960
470
LINEAR
1001
GradientColor1ACI
1070
     5
1001
GradientColor2ACI
1070
     2
1001
ACAD
1010
0.0
1020
0.0
1030
0.0
  0
HATCH
  5
837
102
{ACAD_REACTORS
330
1825
102
}
330
1F
100
AcDbEntity
  8
Connecting
440
 33554687
100
AcDbHatch
 10
0.0
 20
0.0
 30
0.0
210
0.0
220
0.0
230
1.0
  2
SOLID
 70
     1
 71
     0
 91
        1
 92
        7
 72
     1
 73
     1
 93
        2
 10
2510.415473645578
 20
1530.820155033041
 42
1.0
 10
2514.403821672039
 20
1530.820155033041
 42
1.0
 97
        0
 75
     1
 76
     1
 47
0.0048123264401831
 98
        1
 10
2513.419124428166
 20
1531.414038605024
450
        0
451
        0
460
0.0
461
0.0
452
        0
462
0.0
453
        2
463
0.0
 63
     5
421
      255
463
1.0
 63
     2
421
 16776960
470
LINEAR
1001
GradientColor1ACI
1070
     5
1001
GradientColor2ACI
1070
     2
1001
ACAD
1010
0.0
1020
0.0
1030
0.0
  0
HATCH
  5
838
102
{ACAD_REACTORS
330
1825
102
}
330
1F
100
AcDbEntity
  8
Connecting
440
 33554687
100
AcDbHatch
 10
0.0
 20
0.0
 30
0.0
210
0.0
220
0.0
230
1.0
  2
SOLID
 70
     1
 71
     0
 91
        1
 92
        7
 72
     1
 73
     1
 93
        2
 10
2528.657376437045
 20
1530.820155033041
 42
1.0
 10
2532.645724463521
 20
1530.820155033041
 42
1.0
 97
        0
 75
     1
 76
     1
 47
0.0048123264401831
 98
        1
 10
2531.66102721964
 20
1531.414038605024
450
        0
451
        0
460
0.0
461
0.0
452
        0
462
0.0
453
        2
463
0.0
 63
     5
421
      255
463
1.0
 63
     2
421
 16776960
470
LINEAR
1001
GradientColor1ACI
1070
     5
1001
GradientColor2ACI
1070
     2
1001
ACAD
1010
0.0
1020
0.0
1030
0.0
  0
LINE
  5
839
102
{ACAD_REACTORS
330
1825
102
}
330
1F
100
AcDbEntity
  8
0
100
AcDbLine
 10
2400.131113537819
 20
1655.346437823851
 30
0.0
 11
2400.131113537819
 21
1660.553058487803
 31
0.0
  0
LINE
  5
83A
102
{ACAD_REACTORS
330
1825
102
}
330
1F
100
AcDbEntity
  8
0
100
AcDbLine
 10
2400.131113537819
 20
1675.62165386196
 30
0.0
 11
2400.131113537819
 21
1680.828274525909
 31
0.0
  0
LINE
  5
83B
102
{ACAD_REACTORS
330
1825
102
}
330
1F
100
AcDbEntity
  8
0
100
AcDbLine
 10
2400.131113537819
 20
1675.62165386196
 30
0.0
 11
2405.410758925456
 21
1660.921128931693
 31
0.0
  0
LINE
  5
83C
102
{ACAD_REACTORS
330
1825
102
}
330
1F
100
AcDbEntity
  8
0
100
AcDbLine
 10
2401.432768703806
 20
1659.251403321813
 30
0.0
 11
2398.829458371828
 21
1661.85471365379
 31
0.0
  0
LINE
  5
83D
102
{ACAD_REACTORS
330
1825
102
}
330
1F
100
AcDbEntity
  8
0
100
AcDbLine
 10
2398.829458371828
 20
1659.251403321813
 30
0.0
 11
2401.432768703806
 21
1661.85471365379
 31
0.0
  0
LINE
  5
83E
102
{ACAD_REACTORS
330
1825
102
}
330
1F
100
AcDbEntity
  8
0
100
AcDbLine
 10
2402.770936231639
 20
1668.271391396825
 30
0.0
 11
2405.047706939885
 21
1669.113781010369
 31
0.0
  0
LINE
  5
83F
102
{ACAD_REACTORS
330
1825
102
}
330
1F
100
AcDbEntity
  8
0
100
AcDbLine
 10
2405.047706939885
 20
1669.113781010369
 30
0.0
 11
2406.300604337429
 21
1665.761486639438
 31
0.0
  0
LINE
  5
840
102
{ACAD_REACTORS
330
1825
102
}
330
1F
100
AcDbEntity
  8
0
100
AcDbLine
 10
2406.300604337429
 20
1665.761486639438
 30
0.0
 11
2403.978879025576
 21
1664.908022864869
 31
0.0
  0
LINE
  5
841
102
{ACAD_REACTORS
330
1825
102
}
330
1F
100
AcDbEntity
  8
0
100
AcDbLine
 10
2362.74035078969
 20
1680.828274525909
 30
0.0
 11
2362.74035078969
 21
1686.034895189861
 31
0.0
  0
LINE
  5
842
102
{ACAD_REACTORS
330
1825
102
}
330
1F
100
AcDbEntity
  8
0
100
AcDbLine
 10
2375.203938372398
 20
1680.828274525909
 30
0.0
 11
2375.203938372398
 21
1686.034895189861
 31
0.0
  0
LINE
  5
843
102
{ACAD_REACTORS
330
1825
102
}
330
1F
100
AcDbEntity
  8
0
100
AcDbLine
 10
2387.667525955107
 20
1680.828274525909
 30
0.0
 11
2387.667525955107
 21
1686.034895189861
 31
0.0
  0
LINE
  5
844
102
{ACAD_REACTORS
330
1825
102
}
330
1F
100
AcDbEntity
  8
0
100
AcDbLine
 10
2400.131113537819
 20
1680.828274525909
 30
0.0
 11
2400.131113537819
 21
1686.034895189861
 31
0.0
  0
LINE
  5
845
102
{ACAD_REACTORS
330
1825
102
}
330
1F
100
AcDbEntity
  8
0
100
AcDbLine
 10
2362.74035078969
 20
1655.346437823851
 30
0.0
 11
2362.74035078969
 21
1644.470710729305
 31
0.0
  0
LINE
  5
846
102
{ACAD_REACTORS
330
1825
102
}
330
1F
100
AcDbEntity
  8
0
100
AcDbLine
 10
2375.203938372398
 20
1655.346437823851
 30
0.0
 11
2375.203938372398
 21
1635.911638431332
 31
0.0
  0
LINE
  5
847
102
{ACAD_REACTORS
330
1825
102
}
330
1F
100
AcDbEntity
  8
0
100
AcDbLine
 10
2387.667525955107
 20
1655.346437823851
 30
0.0
 11
2387.667525955107
 21
1627.687381553784
 31
0.0
  0
LINE
  5
848
102
{ACAD_REACTORS
330
1825
102
}
330
1F
100
AcDbEntity
  8
0
100
AcDbLine
 10
2400.131113537819
 20
1655.346437823851
 30
0.0
 11
2400.131113537819
 21
1619.065707033979
 31
0.0
  0
HATCH
  5
849
102
{ACAD_REACTORS
330
1825
102
}
330
1F
100
AcDbEntity
  8
Connecting
440
 33554687
100
AcDbHatch
 10
0.0
 20
0.0
 30
0.0
210
0.0
220
0.0
230
1.0
  2
SOLID
 70
     1
 71
     0
 91
        1
 92
        7
 72
     1
 73
     1
 93
        2
 10
2370.502374505838
 20
1644.470710729305
 42
1.0
 10
2374.490722532299
 20
1644.470710729305
 42
1.0
 97
        0
 75
     1
 76
     1
 47
0.0048123264401831
 98
        1
 10
2373.506025288426
 20
1645.064594301287
450
        0
451
        0
460
0.0
461
0.0
452
        0
462
0.0
453
        2
463
0.0
 63
     5
421
      255
463
1.0
 63
     2
421
 16776960
470
LINEAR
1001
GradientColor1ACI
1070
     5
1001
GradientColor2ACI
1070
     2
1001
ACAD
1010
0.0
1020
0.0
1030
0.0
  0
HATCH
  5
84A
102
{ACAD_REACTORS
330
1825
102
}
330
1F
100
AcDbEntity
  8
Connecting
440
 33554687
100
AcDbHatch
 10
0.0
 20
0.0
 30
0.0
210
0.0
220
0.0
230
1.0
  2
SOLID
 70
     1
 71
     0
 91
        1
 92
        7
 72
     1
 73
     1
 93
        2
 10
2360.746176776455
 20
1644.470710729305
 42
1.0
 10
2364.734524802921
 20
1644.470710729305
 42
1.0
 97
        0
 75
     1
 76
     1
 47
0.0048123264401831
 98
        1
 10
2363.749827559047
 20
1645.064594301287
450
        0
451
        0
460
0.0
461
0.0
452
        0
462
0.0
453
        2
463
0.0
 63
     5
421
      255
463
1.0
 63
     2
421
 16776960
470
LINEAR
1001
GradientColor1ACI
1070
     5
1001
GradientColor2ACI
1070
     2
1001
ACAD
1010
0.0
1020
0.0
1030
0.0
  0
HATCH
  5
84B
102
{ACAD_REACTORS
330
1825
102
}
330
1F
100
AcDbEntity
  8
Connecting
440
 33554687
100
AcDbHatch
 10
0.0
 20
0.0
 30
0.0
210
0.0
220
0.0
230
1.0
  2
SOLID
 70
     1
 71
     0
 91
        1
 92
        7
 72
     1
 73
     1
 93
        2
 10
2373.209764359167
 20
1635.911638431332
 42
1.0
 10
2377.198112385629
 20
1635.911638431332
 42
1.0
 97
        0
 75
     1
 76
     1
 47
0.0048123264401831
 98
        1
 10
2376.213415141755
 20
1636.505522003314
450
        0
451
        0
460
0.0
461
0.0
452
        0
462
0.0
453
        2
463
0.0
 63
     5
421
      255
463
1.0
 63
     2
421
 16776960
470
LINEAR
1001
GradientColor1ACI
1070
     5
1001
GradientColor2ACI
1070
     2
1001
ACAD
1010
0.0
1020
0.0
1030
0.0
  0
HATCH
  5
84C
102
{ACAD_REACTORS
330
1825
102
}
330
1F
100
AcDbEntity
  8
Connecting
440
 33554687
100
AcDbHatch
 10
0.0
 20
0.0
 30
0.0
210
0.0
220
0.0
230
1.0
  2
SOLID
 70
     1
 71
     0
 91
        1
 92
        7
 72
     1
 73
     1
 93
        2
 10
2385.673351941876
 20
1627.687381553784
 42
1.0
 10
2389.66169996834
 20
1627.687381553784
 42
1.0
 97
        0
 75
     1
 76
     1
 47
0.0048123264401831
 98
        1
 10
2388.677002724467
 20
1628.281265125766
450
        0
451
        0
460
0.0
461
0.0
452
        0
462
0.0
453
        2
463
0.0
 63
     5
421
      255
463
1.0
 63
     2
421
 16776960
470
LINEAR
1001
GradientColor1ACI
1070
     5
1001
GradientColor2ACI
1070
     2
1001
ACAD
1010
0.0
1020
0.0
1030
0.0
  0
HATCH
  5
84D
102
{ACAD_REACTORS
330
1825
102
}
330
1F
100
AcDbEntity
  8
Connecting
440
 33554687
100
AcDbHatch
 10
0.0
 20
0.0
 30
0.0
210
0.0
220
0.0
230
1.0
  2
SOLID
 70
     1
 71
     0
 91
        1
 92
        7
 72
     1
 73
     1
 93
        2
 10
2398.136939524588
 20
1619.065707033979
 42
1.0
 10
2402.125287551049
 20
1619.065707033979
 42
1.0
 97
        0
 75
     1
 76
     1
 47
0.0048123264401831
 98
        1
 10
2401.140590307175
 20
1619.659590605965
450
        0
451
        0
460
0.0
461
0.0
452
        0
462
0.0
453
        2
463
0.0
 63
     5
421
      255
463
1.0
 63
     2
421
 16776960
470
LINEAR
1001
GradientColor1ACI
1070
     5
1001
GradientColor2ACI
1070
     2
1001
ACAD
1010
0.0
1020
0.0
1030
0.0
  0
LINE
  5
84E
102
{ACAD_REACTORS
330
1825
102
}
330
1F
100
AcDbEntity
  8
0
100
AcDbLine
 10
2052.708572588034
 20
1777.12973913995
 30
0.0
 11
2052.708572588034
 21
1705.976635322195
 31
0.0
  0
LINE
  5
84F
102
{ACAD_REACTORS
330
1825
102
}
330
1F
100
AcDbEntity
  8
0
100
AcDbLine
 10
2040.244985005323
 20
1797.071479272285
 30
0.0
 11
2040.244985005323
 21
1705.976635322195
 31
0.0
  0
LINE
  5
850
102
{ACAD_REACTORS
330
1825
102
}
330
1F
100
AcDbEntity
  8
0
100
AcDbLine
 10
2027.781397422614
 20
1816.712743719481
 30
0.0
 11
2027.781397422614
 21
1705.976635322195
 31
0.0
  0
LINE
  5
851
102
{ACAD_REACTORS
330
1825
102
}
330
1F
100
AcDbEntity
  8
0
100
AcDbLine
 10
2015.317809839905
 20
1836.65448385182
 30
0.0
 11
2015.317809839905
 21
1705.976635322195
 31
0.0
  0
LINE
  5
852
102
{ACAD_REACTORS
330
1825
102
}
330
1F
100
AcDbEntity
  8
0
100
AcDbLine
 10
2400.131113537819
 20
1777.12973913995
 30
0.0
 11
2400.131113537819
 21
1705.976635322195
 31
0.0
  0
LINE
  5
853
102
{ACAD_REACTORS
330
1825
102
}
330
1F
100
AcDbEntity
  8
0
100
AcDbLine
 10
2387.667525955107
 20
1797.071479272285
 30
0.0
 11
2387.667525955107
 21
1705.976635322195
 31
0.0
  0
LINE
  5
854
102
{ACAD_REACTORS
330
1825
102
}
330
1F
100
AcDbEntity
  8
0
100
AcDbLine
 10
2375.203938372398
 20
1816.712743719481
 30
0.0
 11
2375.203938372398
 21
1705.976635322195
 31
0.0
  0
LINE
  5
855
102
{ACAD_REACTORS
330
1825
102
}
330
1F
100
AcDbEntity
  8
0
100
AcDbLine
 10
2362.74035078969
 20
1836.65448385182
 30
0.0
 11
2362.74035078969
 21
1705.976635322195
 31
0.0
  0
HATCH
  5
856
102
{ACAD_REACTORS
330
1825
102
}
330
1F
100
AcDbEntity
  8
Connecting
440
 33554687
100
AcDbHatch
 10
0.0
 20
0.0
 30
0.0
210
0.0
220
0.0
230
1.0
  2
SOLID
 70
     1
 71
     0
 91
        1
 92
        7
 72
     1
 73
     1
 93
        2
 10
2703.085010401589
 20
1836.65448385182
 42
1.0
 10
2707.073358428051
 20
1836.65448385182
 42
1.0
 97
        0
 75
     1
 76
     1
 47
0.0048123264401831
 98
        1
 10
2706.088661184177
 20
1837.248367423802
450
        0
451
        0
460
0.0
461
0.0
452
        0
462
0.0
453
        2
463
0.0
 63
     5
421
      255
463
1.0
 63
     2
421
 16776960
470
LINEAR
1001
GradientColor1ACI
1070
     5
1001
GradientColor2ACI
1070
     2
1001
ACAD
1010
0.0
1020
0.0
1030
0.0
  0
HATCH
  5
857
102
{ACAD_REACTORS
330
1825
102
}
330
1F
100
AcDbEntity
  8
Connecting
440
 33554687
100
AcDbHatch
 10
0.0
 20
0.0
 30
0.0
210
0.0
220
0.0
230
1.0
  2
SOLID
 70
     1
 71
     0
 91
        1
 92
        7
 72
     1
 73
     1
 93
        2
 10
2728.012185567007
 20
1797.071479272285
 42
1.0
 10
2732.000533593472
 20
1797.071479272285
 42
1.0
 97
        0
 75
     1
 76
     1
 47
0.0048123264401831
 98
        1
 10
2731.015836349599
 20
1797.665362844267
450
        0
451
        0
460
0.0
461
0.0
452
        0
462
0.0
453
        2
463
0.0
 63
     5
421
      255
463
1.0
 63
     2
421
 16776960
470
LINEAR
1001
GradientColor1ACI
1070
     5
1001
GradientColor2ACI
1070
     2
1001
ACAD
1010
0.0
1020
0.0
1030
0.0
  0
HATCH
  5
858
102
{ACAD_REACTORS
330
1825
102
}
330
1F
100
AcDbEntity
  8
Connecting
440
 33554687
100
AcDbHatch
 10
0.0
 20
0.0
 30
0.0
210
0.0
220
0.0
230
1.0
  2
SOLID
 70
     1
 71
     0
 91
        1
 92
        7
 72
     1
 73
     1
 93
        2
 10
2715.548597984298
 20
1816.712743719481
 42
1.0
 10
2719.536946010763
 20
1816.712743719481
 42
1.0
 97
        0
 75
     1
 76
     1
 47
0.0048123264401831
 98
        1
 10
2718.55224876689
 20
1817.306627291467
450
        0
451
        0
460
0.0
461
0.0
452
        0
462
0.0
453
        2
463
0.0
 63
     5
421
      255
463
1.0
 63
     2
421
 16776960
470
LINEAR
1001
GradientColor1ACI
1070
     5
1001
GradientColor2ACI
1070
     2
1001
ACAD
1010
0.0
1020
0.0
1030
0.0
  0
HATCH
  5
859
102
{ACAD_REACTORS
330
1825
102
}
330
1F
100
AcDbEntity
  8
Connecting
440
 33554687
100
AcDbHatch
 10
0.0
 20
0.0
 30
0.0
210
0.0
220
0.0
230
1.0
  2
SOLID
 70
     1
 71
     0
 91
        1
 92
        7
 72
     1
 73
     1
 93
        2
 10
1701.741407863719
 20
1836.65448385182
 42
1.0
 10
1705.729755890184
 20
1836.65448385182
 42
1.0
 97
        0
 75
     1
 76
     1
 47
0.0048123264401831
 98
        1
 10
1704.74505864631
 20
1837.248367423802
450
        0
451
        0
460
0.0
461
0.0
452
        0
462
0.0
453
        2
463
0.0
 63
     5
421
      255
463
1.0
 63
     2
421
 16776960
470
LINEAR
1001
GradientColor1ACI
1070
     5
1001
GradientColor2ACI
1070
     2
1001
ACAD
1010
0.0
1020
0.0
1030
0.0
  0
HATCH
  5
85A
102
{ACAD_REACTORS
330
1825
102
}
330
1F
100
AcDbEntity
  8
Connecting
440
 33554687
100
AcDbHatch
 10
0.0
 20
0.0
 30
0.0
210
0.0
220
0.0
230
1.0
  2
SOLID
 70
     1
 71
     0
 91
        1
 92
        7
 72
     1
 73
     1
 93
        2
 10
1714.204995446431
 20
1816.712743719481
 42
1.0
 10
1718.193343472892
 20
1816.712743719481
 42
1.0
 97
        0
 75
     1
 76
     1
 47
0.0048123264401831
 98
        1
 10
1717.208646229019
 20
1817.306627291467
450
        0
451
        0
460
0.0
461
0.0
452
        0
462
0.0
453
        2
463
0.0
 63
     5
421
      255
463
1.0
 63
     2
421
 16776960
470
LINEAR
1001
GradientColor1ACI
1070
     5
1001
GradientColor2ACI
1070
     2
1001
ACAD
1010
0.0
1020
0.0
1030
0.0
  0
HATCH
  5
85B
102
{ACAD_REACTORS
330
1825
102
}
330
1F
100
AcDbEntity
  8
Connecting
440
 33554687
100
AcDbHatch
 10
0.0
 20
0.0
 30
0.0
210
0.0
220
0.0
230
1.0
  2
SOLID
 70
     1
 71
     0
 91
        1
 92
        7
 72
     1
 73
     1
 93
        2
 10
1726.66858302914
 20
1797.071479272285
 42
1.0
 10
1730.656931055605
 20
1797.071479272285
 42
1.0
 97
        0
 75
     1
 76
     1
 47
0.0048123264401831
 98
        1
 10
1729.672233811731
 20
1797.665362844267
450
        0
451
        0
460
0.0
461
0.0
452
        0
462
0.0
453
        2
463
0.0
 63
     5
421
      255
463
1.0
 63
     2
421
 16776960
470
LINEAR
1001
GradientColor1ACI
1070
     5
1001
GradientColor2ACI
1070
     2
1001
ACAD
1010
0.0
1020
0.0
1030
0.0
  0
HATCH
  5
85C
102
{ACAD_REACTORS
330
1825
102
}
330
1F
100
AcDbEntity
  8
Connecting
440
 33554687
100
AcDbHatch
 10
0.0
 20
0.0
 30
0.0
210
0.0
220
0.0
230
1.0
  2
SOLID
 70
     1
 71
     0
 91
        1
 92
        7
 72
     1
 73
     1
 93
        2
 10
2013.323635826668
 20
1836.65448385182
 42
1.0
 10
2017.311983853136
 20
1836.65448385182
 42
1.0
 97
        0
 75
     1
 76
     1
 47
0.0048123264401831
 98
        1
 10
2016.327286609262
 20
1837.248367423802
450
        0
451
        0
460
0.0
461
0.0
452
        0
462
0.0
453
        2
463
0.0
 63
     5
421
      255
463
1.0
 63
     2
421
 16776960
470
LINEAR
1001
GradientColor1ACI
1070
     5
1001
GradientColor2ACI
1070
     2
1001
ACAD
1010
0.0
1020
0.0
1030
0.0
  0
HATCH
  5
85D
102
{ACAD_REACTORS
330
1825
102
}
330
1F
100
AcDbEntity
  8
Connecting
440
 33554687
100
AcDbHatch
 10
0.0
 20
0.0
 30
0.0
210
0.0
220
0.0
230
1.0
  2
SOLID
 70
     1
 71
     0
 91
        1
 92
        7
 72
     1
 73
     1
 93
        2
 10
2025.787223409377
 20
1816.712743719481
 42
1.0
 10
2029.775571435845
 20
1816.712743719481
 42
1.0
 97
        0
 75
     1
 76
     1
 47
0.0048123264401831
 98
        1
 10
2028.790874191971
 20
1817.306627291467
450
        0
451
        0
460
0.0
461
0.0
452
        0
462
0.0
453
        2
463
0.0
 63
     5
421
      255
463
1.0
 63
     2
421
 16776960
470
LINEAR
1001
GradientColor1ACI
1070
     5
1001
GradientColor2ACI
1070
     2
1001
ACAD
1010
0.0
1020
0.0
1030
0.0
  0
HATCH
  5
85E
102
{ACAD_REACTORS
330
1825
102
}
330
1F
100
AcDbEntity
  8
Connecting
440
 33554687
100
AcDbHatch
 10
0.0
 20
0.0
 30
0.0
210
0.0
220
0.0
230
1.0
  2
SOLID
 70
     1
 71
     0
 91
        1
 92
        7
 72
     1
 73
     1
 93
        2
 10
2038.250810992088
 20
1797.071479272285
 42
1.0
 10
2042.239159018557
 20
1797.071479272285
 42
1.0
 97
        0
 75
     1
 76
     1
 47
0.0048123264401831
 98
        1
 10
2041.254461774684
 20
1797.665362844267
450
        0
451
        0
460
0.0
461
0.0
452
        0
462
0.0
453
        2
463
0.0
 63
     5
421
      255
463
1.0
 63
     2
421
 16776960
470
LINEAR
1001
GradientColor1ACI
1070
     5
1001
GradientColor2ACI
1070
     2
1001
ACAD
1010
0.0
1020
0.0
1030
0.0
  0
HATCH
  5
85F
102
{ACAD_REACTORS
330
1825
102
}
330
1F
100
AcDbEntity
  8
Connecting
440
 33554687
100
AcDbHatch
 10
0.0
 20
0.0
 30
0.0
210
0.0
220
0.0
230
1.0
  2
SOLID
 70
     1
 71
     0
 91
        1
 92
        7
 72
     1
 73
     1
 93
        2
 10
2050.714398574796
 20
1777.12973913995
 42
1.0
 10
2054.702746601265
 20
1777.12973913995
 42
1.0
 97
        0
 75
     1
 76
     1
 47
0.0048123264401831
 98
        1
 10
2053.718049357391
 20
1777.723622711933
450
        0
451
        0
460
0.0
461
0.0
452
        0
462
0.0
453
        2
463
0.0
 63
     5
421
      255
463
1.0
 63
     2
421
 16776960
470
LINEAR
1001
GradientColor1ACI
1070
     5
1001
GradientColor2ACI
1070
     2
1001
ACAD
1010
0.0
1020
0.0
1030
0.0
  0
HATCH
  5
860
102
{ACAD_REACTORS
330
1825
102
}
330
1F
100
AcDbEntity
  8
Connecting
440
 33554687
100
AcDbHatch
 10
0.0
 20
0.0
 30
0.0
210
0.0
220
0.0
230
1.0
  2
SOLID
 70
     1
 71
     0
 91
        1
 92
        7
 72
     1
 73
     1
 93
        2
 10
2398.136939524588
 20
1777.12973913995
 42
1.0
 10
2402.125287551049
 20
1777.12973913995
 42
1.0
 97
        0
 75
     1
 76
     1
 47
0.0048123264401831
 98
        1
 10
2401.140590307175
 20
1777.723622711933
450
        0
451
        0
460
0.0
461
0.0
452
        0
462
0.0
453
        2
463
0.0
 63
     5
421
      255
463
1.0
 63
     2
421
 16776960
470
LINEAR
1001
GradientColor1ACI
1070
     5
1001
GradientColor2ACI
1070
     2
1001
ACAD
1010
0.0
1020
0.0
1030
0.0
  0
HATCH
  5
861
102
{ACAD_REACTORS
330
1825
102
}
330
1F
100
AcDbEntity
  8
Connecting
440
 33554687
100
AcDbHatch
 10
0.0
 20
0.0
 30
0.0
210
0.0
220
0.0
230
1.0
  2
SOLID
 70
     1
 71
     0
 91
        1
 92
        7
 72
     1
 73
     1
 93
        2
 10
2385.673351941876
 20
1797.071479272285
 42
1.0
 10
2389.66169996834
 20
1797.071479272285
 42
1.0
 97
        0
 75
     1
 76
     1
 47
0.0048123264401831
 98
        1
 10
2388.677002724467
 20
1797.665362844267
450
        0
451
        0
460
0.0
461
0.0
452
        0
462
0.0
453
        2
463
0.0
 63
     5
421
      255
463
1.0
 63
     2
421
 16776960
470
LINEAR
1001
GradientColor1ACI
1070
     5
1001
GradientColor2ACI
1070
     2
1001
ACAD
1010
0.0
1020
0.0
1030
0.0
  0
HATCH
  5
862
102
{ACAD_REACTORS
330
1825
102
}
330
1F
100
AcDbEntity
  8
Connecting
440
 33554687
100
AcDbHatch
 10
0.0
 20
0.0
 30
0.0
210
0.0
220
0.0
230
1.0
  2
SOLID
 70
     1
 71
     0
 91
        1
 92
        7
 72
     1
 73
     1
 93
        2
 10
2373.209764359167
 20
1816.712743719481
 42
1.0
 10
2377.198112385629
 20
1816.712743719481
 42
1.0
 97
        0
 75
     1
 76
     1
 47
0.0048123264401831
 98
        1
 10
2376.213415141755
 20
1817.306627291467
450
        0
451
        0
460
0.0
461
0.0
452
        0
462
0.0
453
        2
463
0.0
 63
     5
421
      255
463
1.0
 63
     2
421
 16776960
470
LINEAR
1001
GradientColor1ACI
1070
     5
1001
GradientColor2ACI
1070
     2
1001
ACAD
1010
0.0
1020
0.0
1030
0.0
  0
HATCH
  5
863
102
{ACAD_REACTORS
330
1825
102
}
330
1F
100
AcDbEntity
  8
Connecting
440
 33554687
100
AcDbHatch
 10
0.0
 20
0.0
 30
0.0
210
0.0
220
0.0
230
1.0
  2
SOLID
 70
     1
 71
     0
 91
        1
 92
        7
 72
     1
 73
     1
 93
        2
 10
2360.746176776455
 20
1836.65448385182
 42
1.0
 10
2364.734524802921
 20
1836.65448385182
 42
1.0
 97
        0
 75
     1
 76
     1
 47
0.0048123264401831
 98
        1
 10
2363.749827559047
 20
1837.248367423802
450
        0
451
        0
460
0.0
461
0.0
452
        0
462
0.0
453
        2
463
0.0
 63
     5
421
      255
463
1.0
 63
     2
421
 16776960
470
LINEAR
1001
GradientColor1ACI
1070
     5
1001
GradientColor2ACI
1070
     2
1001
ACAD
1010
0.0
1020
0.0
1030
0.0
  0
LWPOLYLINE
  5
865
102
{ACAD_REACTORS
330
1825
102
}
330
1F
100
AcDbEntity
  8
0
  6
CENTER
 48
0.1
100
AcDbPolyline
 90
        4
 70
     1
 43
0.0
 10
2642.820742530615
 20
1857.022487194367
 10
2800.879581808736
 20
1858.442535552799
 10
2800.879581808736
 20
1442.082255925283
 10
2642.820742530615
 20
1440.66220756685
  0
MTEXT
  5
868
102
{ACAD_REACTORS
330
1825
102
}
330
1F
100
AcDbEntity
  8
0
100
AcDbMText
 10
1594.15111940617
 20
1429.056952811313
 30
0.0
 40
12.96213108601832
 41
245.4427774398114
 46
0.0
 71
     1
 72
     5
  1
\pxqc;CRITICAL LOAD GROUP
  7
Tittle Block
 73
     1
 44
1.0
101
Embedded Object
 70
     1
 10
1.0
 20
0.0
 30
0.0
 11
1594.15111940617
 21
1429.056952811313
 31
0.0
 40
245.4427774398114
 41
0.0
 42
206.5894903307082
 43
13.41306470497258
 71
     2
 72
     1
 44
245.4427774398114
 45
174.4902261579389
 73
     0
 74
     0
 46
0.0
  0
MTEXT
  5
869
102
{ACAD_REACTORS
330
1825
102
}
330
1F
100
AcDbEntity
  8
0
100
AcDbMText
 10
2621.05793578544
 20
1434.05411385672
 30
0.0
 40
12.96213108601832
 41
200.2711380699996
 46
0.0
 71
     1
 72
     5
  1
\pxqc;SPARE GROUP
  7
Tittle Block
 73
     1
 44
1.0
101
Embedded Object
 70
     1
 10
1.0
 20
0.0
 30
0.0
 11
2621.05793578544
 21
1434.05411385672
 31
0.0
 40
200.2711380699996
 41
0.0
 42
131.2216831156875
 43
13.41306470497258
 71
     2
 72
     1
 44
200.2711380699996
 45
174.4902261579389
 73
     0
 74
     0
 46
0.0
  0
MTEXT
  5
86A
102
{ACAD_REACTORS
330
1825
102
}
330
1F
100
AcDbEntity
  8
0
100
AcDbMText
 10
1920.704492433548
 20
1435.832689728036
 30
0.0
 40
12.96213108601832
 41
235.7161345990562
 46
0.0
 71
     1
 72
     5
  1
\pxqc;POWER GROUP
  7
Tittle Block
 73
     1
 44
1.0
101
Embedded Object
 70
     1
 10
1.0
 20
0.0
 30
0.0
 11
1920.704492433548
 21
1435.832689728036
 31
0.0
 40
235.7161345990562
 41
0.0
 42
137.6585394803678
 43
13.41306470497258
 71
     2
 72
     1
 44
235.7161345990562
 45
174.4902261579389
 73
     0
 74
     0
 46
0.0
  0
MTEXT
  5
86B
102
{ACAD_REACTORS
330
1825
102
}
330
1F
100
AcDbEntity
  8
0
100
AcDbMText
 10
2326.514739145508
 20
1437.264667354341
 30
0.0
 40
12.96213108601832
 41
162.1758587338332
 46
0.0
 71
     1
 72
     5
  1
\pxqc;LIGHTING LOAD
  7
Tittle Block
 73
     1
 44
1.0
101
Embedded Object
 70
     1
 10
1.0
 20
0.0
 30
0.0
 11
2326.514739145508
 21
1437.264667354341
 31
0.0
 40
162.1758587338332
 41
0.0
 42
137.5701211237102
 43
13.41306470497258
 71
     2
 72
     1
 44
162.1758587338332
 45
174.4902261579389
 73
     0
 74
     0
 46
0.0
  0
LWPOLYLINE
  5
876
102
{ACAD_REACTORS
330
1825
102
}
330
1F
100
AcDbEntity
  8
0
  6
CENTER
 48
0.1
100
AcDbPolyline
 90
        4
 70
     1
 43
0.0
 10
2245.044191770038
 20
1857.022487194367
 10
2564.908024726646
 20
1858.442535552799
 10
2564.908024726646
 20
1442.082255925283
 10
2245.044191770038
 20
1440.66220756685
  0
LWPOLYLINE
  5
87D
102
{ACAD_REACTORS
330
1825
102
}
330
1F
100
AcDbEntity
  8
0
  6
CENTER
 48
0.1
100
AcDbPolyline
 90
        4
 70
     1
 43
0.0
 10
1897.620215982123
 20
1857.022487194367
 10
2166.666246143818
 20
1858.442535552799
 10
2166.666246143818
 20
1442.082255925283
 10
1897.620215982123
 20
1440.66220756685
  0
LWPOLYLINE
  5
880
102
{ACAD_REACTORS
330
1825
102
}
330
1F
100
AcDbEntity
  8
0
  6
CENTER
 48
0.1
100
AcDbPolyline
 90
        4
 70
     1
 43
0.0
 10
1640.492413159345
 20
1857.022487194367
 10
1799.302069540043
 20
1858.442535552799
 10
1799.302069540043
 20
1442.082255925283
 10
1640.492413159345
 20
1440.66220756685
  0
LINE
  5
881
102
{ACAD_REACTORS
330
1825
102
}
330
1F
100
AcDbEntity
  8
0
100
AcDbLine
 10
1703.73558187695
 20
1836.65448385182
 30
0.0
 11
2015.317809839905
 21
1836.65448385182
 31
0.0
  0
LINE
  5
882
102
{ACAD_REACTORS
330
1825
102
}
330
1F
100
AcDbEntity
  8
0
100
AcDbLine
 10
2015.317809839905
 20
1836.65448385182
 30
0.0
 11
2362.74035078969
 21
1836.65448385182
 31
0.0
  0
LINE
  5
883
102
{ACAD_REACTORS
330
1825
102
}
330
1F
100
AcDbEntity
  8
0
100
AcDbLine
 10
2362.74035078969
 20
1836.65448385182
 30
0.0
 11
2705.07918441482
 21
1836.65448385182
 31
0.0
  0
LINE
  5
884
102
{ACAD_REACTORS
330
1825
102
}
330
1F
100
AcDbEntity
  8
0
100
AcDbLine
 10
1716.199169459662
 20
1816.712743719481
 30
0.0
 11
2027.781397422614
 21
1816.712743719481
 31
0.0
  0
LINE
  5
885
102
{ACAD_REACTORS
330
1825
102
}
330
1F
100
AcDbEntity
  8
0
100
AcDbLine
 10
2027.781397422614
 20
1816.712743719481
 30
0.0
 11
2375.203938372398
 21
1816.712743719481
 31
0.0
  0
LINE
  5
886
102
{ACAD_REACTORS
330
1825
102
}
330
1F
100
AcDbEntity
  8
0
100
AcDbLine
 10
2375.203938372398
 20
1816.712743719481
 30
0.0
 11
2717.542771997529
 21
1816.712743719481
 31
0.0
  0
LINE
  5
887
102
{ACAD_REACTORS
330
1825
102
}
330
1F
100
AcDbEntity
  8
0
100
AcDbLine
 10
1728.662757042371
 20
1797.071479272285
 30
0.0
 11
2040.244985005323
 21
1797.071479272285
 31
0.0
  0
LINE
  5
888
102
{ACAD_REACTORS
330
1825
102
}
330
1F
100
AcDbEntity
  8
0
100
AcDbLine
 10
2040.244985005323
 20
1797.071479272285
 30
0.0
 11
2387.667525955107
 21
1797.071479272285
 31
0.0
  0
LINE
  5
889
102
{ACAD_REACTORS
330
1825
102
}
330
1F
100
AcDbEntity
  8
0
100
AcDbLine
 10
2387.667525955107
 20
1797.071479272285
 30
0.0
 11
2730.006359580241
 21
1797.071479272285
 31
0.0
  0
LINE
  5
88A
102
{ACAD_REACTORS
330
1825
102
}
330
1F
100
AcDbEntity
  8
0
100
AcDbLine
 10
1741.126344625082
 20
1777.12973913995
 30
0.0
 11
2052.708572588034
 21
1777.12973913995
 31
0.0
  0
LINE
  5
88B
102
{ACAD_REACTORS
330
1825
102
}
330
1F
100
AcDbEntity
  8
0
100
AcDbLine
 10
2052.708572588034
 20
1777.12973913995
 30
0.0
 11
2400.131113537819
 21
1777.12973913995
 31
0.0
  0
LINE
  5
88C
102
{ACAD_REACTORS
330
1825
102
}
330
1F
100
AcDbEntity
  8
0
100
AcDbLine
 10
2400.131113537819
 20
1777.12973913995
 30
0.0
 11
2742.469947162949
 21
1777.12973913995
 31
0.0
  0
CIRCLE
  5
12E2
102
{ACAD_REACTORS
330
1825
102
}
330
1F
100
AcDbEntity
  8
0
100
AcDbCircle
 10
1384.003527286314
 20
1711.861197919383
 30
0.0
 40
3.178653727660175
  0
CIRCLE
  5
12E3
102
{ACAD_REACTORS
330
1825
102
}
330
1F
100
AcDbEntity
  8
0
100
AcDbCircle
 10
1384.003527286314
 20
1699.085716016135
 30
0.0
 40
3.178653727660175
  0
CIRCLE
  5
12E4
102
{ACAD_REACTORS
330
1825
102
}
330
1F
100
AcDbEntity
  8
0
100
AcDbCircle
 10
1384.003527286314
 20
1686.5498221953
 30
0.0
 40
3.178653727660175
  0
CIRCLE
  5
12E5
102
{ACAD_REACTORS
330
1825
102
}
330
1F
100
AcDbEntity
  8
0
100
AcDbCircle
 10
1384.003527286314
 20
1673.774340292055
 30
0.0
 40
3.178653727660175
  0
MTEXT
  5
12E6
102
{ACAD_REACTORS
330
1825
102
}
330
1F
100
AcDbEntity
  8
0
100
AcDbMText
 10
1375.706448905506
 20
1706.675760261278
 30
0.0
 40
3.832644570973993
 41
18.04673899181933
 46
0.0
 71
     1
 72
     5
  1
\pxqc;S2
 11
-0.0000000000000002
 21
-1.0
 31
0.0
 73
     1
 44
1.0
101
Embedded Object
 70
     1
 10
-0.0000000000000002
 20
-1.0
 30
0.0
 11
1375.706448905506
 21
1706.675760261278
 31
0.0
 40
18.04673899181933
 41
0.0
 42
6.026088496654198
 43
3.96336232578211
 71
     2
 72
     1
 44
18.04673899181933
 45
12.77548190324664
 73
     0
 74
     0
 46
0.0
  0
MTEXT
  5
12E7
102
{ACAD_REACTORS
330
1825
102
}
330
1F
100
AcDbEntity
  8
0
100
AcDbMText
 10
1375.706448905506
 20
1693.900278358029
 30
0.0
 40
3.832644570973993
 41
18.04673899181933
 46
0.0
 71
     1
 72
     5
  1
\pxqc;T2
 11
-0.0000000000000002
 21
-1.0
 31
0.0
 73
     1
 44
1.0
101
Embedded Object
 70
     1
 10
-0.0000000000000002
 20
-1.0
 30
0.0
 11
1375.706448905506
 21
1693.900278358029
 31
0.0
 40
18.04673899181933
 41
0.0
 42
5.840469284826672
 43
3.848330701550967
 71
     2
 72
     1
 44
18.04673899181933
 45
12.77548190324664
 73
     0
 74
     0
 46
0.0
  0
MTEXT
  5
12E8
102
{ACAD_REACTORS
330
1825
102
}
330
1F
100
AcDbEntity
  8
0
100
AcDbMText
 10
1375.706448905506
 20
1681.124796454788
 30
0.0
 40
3.832644570973993
 41
18.04673899181933
 46
0.0
 71
     1
 72
     5
  1
\pxqc;N2
 11
-0.0000000000000002
 21
-1.0
 31
0.0
 73
     1
 44
1.0
101
Embedded Object
 70
     1
 10
-0.0000000000000002
 20
-1.0
 30
0.0
 11
1375.706448905506
 21
1681.124796454788
 31
0.0
 40
18.04673899181933
 41
0.0
 42
6.154191896366153
 43
3.848330701550967
 71
     2
 72
     1
 44
18.04673899181933
 45
12.77548190324664
 73
     0
 74
     0
 46
0.0
  0
MTEXT
  5
12E9
102
{ACAD_REACTORS
330
1825
102
}
330
1F
100
AcDbEntity
  8
0
100
AcDbMText
 10
1375.706448905506
 20
1719.451242164523
 30
0.0
 40
3.832644570973993
 41
18.04673899181933
 46
0.0
 71
     1
 72
     5
  1
\pxqc;R2
 11
-0.0000000000000002
 21
-1.0
 31
0.0
 73
     1
 44
1.0
101
Embedded Object
 70
     1
 10
-0.0000000000000002
 20
-1.0
 30
0.0
 11
1375.706448905506
 21
1719.451242164523
 31
0.0
 40
18.04673899181933
 41
0.0
 42
6.141120120885341
 43
3.848330701550967
 71
     2
 72
     1
 44
18.04673899181933
 45
12.77548190324664
 73
     0
 74
     0
 46
0.0
  0
LINE
  5
12EA
102
{ACAD_REACTORS
330
1825
102
}
330
1F
100
AcDbEntity
  8
0
  6
Continuous
 48
0.25
100
AcDbLine
 10
1387.182181013981
 20
1711.861197919383
 30
0.0
 11
1533.571472757619
 21
1711.861197919383
 31
0.0
  0
LINE
  5
12EB
102
{ACAD_REACTORS
330
1825
102
}
330
1F
100
AcDbEntity
  8
0
  6
Continuous
 48
0.25
100
AcDbLine
 10
1387.182181013981
 20
1699.085716016135
 30
0.0
 11
1533.571472757619
 21
1699.085716016135
 31
0.0
  0
LINE
  5
12EC
102
{ACAD_REACTORS
330
1825
102
}
330
1F
100
AcDbEntity
  8
0
  6
Continuous
 48
0.25
100
AcDbLine
 10
1387.182181013981
 20
1686.5498221953
 30
0.0
 11
1533.571472757619
 21
1686.5498221953
 31
0.0
  0
LINE
  5
12ED
102
{ACAD_REACTORS
330
1825
102
}
330
1F
100
AcDbEntity
  8
0
  6
Continuous
 48
0.25
100
AcDbLine
 10
1387.182181013981
 20
1673.774340292055
 30
0.0
 11
1533.571472757619
 21
1673.774340292055
 31
0.0
  0
MTEXT
  5
12EE
102
{ACAD_REACTORS
330
1825
102
}
330
1F
100
AcDbEntity
  8
0
100
AcDbMText
 10
1262.655576549269
 20
1708.107248852125
 30
0.0
 40
6.387740951623322
 41
156.5615328888653
 46
0.0
 71
     1
 72
     5
  1
\pxqc;BACKUP\PGENSET\P0.4kV 50Hz
 73
     1
 44
1.0
101
Embedded Object
 70
     1
 10
1.0
 20
0.0
 30
0.0
 11
1262.655576549269
 21
1708.107248852125
 31
0.0
 40
156.5615328888653
 41
0.0
 42
45.56820932610962
 43
28.03314872834965
 71
     2
 72
     1
 44
156.5615328888653
 45
12.77548190324664
 73
     0
 74
     0
 46
0.0
  0
MTEXT
  5
12EF
102
{ACAD_REACTORS
330
1825
102
}
330
1F
100
AcDbEntity
  8
0
100
AcDbMText
 10
1423.048393532026
 20
1702.814752016172
 30
0.0
 40
3.832644570973993
 41
18.04673899181933
 46
0.0
 71
     1
 72
     5
  1
\pxqc;ATS-GEN
 11
-0.0000000000000002
 21
-1.0
 31
0.0
 73
     1
 44
1.0
101
Embedded Object
 70
     1
 10
-0.0000000000000002
 20
-1.0
 30
0.0
 11
1423.048393532026
 21
1702.814752016172
 31
0.0
 40
18.04673899181933
 41
0.0
 42
23.35926278421053
 43
3.96336232578211
 71
     2
 72
     1
 44
18.04673899181933
 45
12.77548190324664
 73
     0
 74
     0
 46
0.0
  0
LINE
  5
12F0
102
{ACAD_REACTORS
330
1825
102
}
330
1F
100
AcDbEntity
  8
0
100
AcDbLine
 10
1545.519009902717
 20
1711.896093432423
 30
0.0
 11
1533.571472757619
 21
1711.861197919383
 31
0.0
  0
LINE
  5
12F1
102
{ACAD_REACTORS
330
1825
102
}
330
1F
100
AcDbEntity
  8
0
100
AcDbLine
 10
1566.293300192231
 20
1699.432505849711
 30
0.0
 11
1533.571472757619
 21
1699.085716016135
 31
0.0
  0
LINE
  5
12F2
102
{ACAD_REACTORS
330
1825
102
}
330
1F
100
AcDbEntity
  8
0
100
AcDbLine
 10
1590.328558957836
 20
1686.968918267002
 30
0.0
 11
1533.571472757619
 21
1686.5498221953
 31
0.0
  0
LINE
  5
12F3
102
{ACAD_REACTORS
330
1825
102
}
330
1F
100
AcDbEntity
  8
0
100
AcDbLine
 10
1612.435056530294
 20
1674.505330684294
 30
0.0
 11
1533.571472757619
 21
1673.774340292055
 31
0.0
  0
LINE
  5
12F4
102
{ACAD_REACTORS
330
1825
102
}
330
1F
100
AcDbEntity
  8
0
100
AcDbLine
 10
1610.585658801052
 20
2139.815807234647
 30
0.0
 11
1610.585658801052
 21
2116.306789315906
 31
0.0
  0
LINE
  5
12F5
102
{ACAD_REACTORS
330
1825
102
}
330
1F
100
AcDbEntity
  8
0
100
AcDbLine
 10
1610.585658801052
 20
2075.672218532032
 30
0.0
 11
1610.585658801052
 21
2074.044977703191
 31
0.0
  0
LINE
  5
12F6
102
{ACAD_REACTORS
330
1825
102
}
330
1F
100
AcDbEntity
  8
0
100
AcDbLine
 10
1610.585658801052
 20
2067.299431982165
 30
0.0
 11
1610.585658801052
 21
1851.19893105178
 31
0.0
  0
LINE
  5
12F7
102
{ACAD_REACTORS
330
1825
102
}
330
1F
100
AcDbEntity
  8
0
100
AcDbLine
 10
1594.845633677426
 20
1816.712743719488
 30
0.0
 11
1594.84563367743
 21
2067.299431982165
 31
0.0
  0
LINE
  5
12F8
102
{ACAD_REACTORS
330
1825
102
}
330
1F
100
AcDbEntity
  8
0
100
AcDbLine
 10
1594.84563367743
 20
2116.306789315906
 30
0.0
 11
1594.84563367743
 21
2139.815807234647
 31
0.0
  0
LINE
  5
12F9
102
{ACAD_REACTORS
330
1825
102
}
330
1F
100
AcDbEntity
  8
0
100
AcDbLine
 10
1579.105608553794
 20
2081.580904237104
 30
0.0
 11
1579.105608553794
 21
2079.447456678813
 31
0.0
  0
LINE
  5
12FA
102
{ACAD_REACTORS
330
1825
102
}
330
1F
100
AcDbEntity
  8
0
100
AcDbLine
 10
1579.105608553794
 20
2067.299431982165
 30
0.0
 11
1579.105608553794
 21
1797.071479272289
 31
0.0
  0
MTEXT
  5
12FB
102
{ACAD_REACTORS
330
1825
102
}
330
1F
100
AcDbEntity
  8
0
100
AcDbMText
 10
1496.543577524486
 20
2185.60385571406
 30
0.0
 40
7.870012561817021
 41
192.8915464581533
 46
0.0
 71
     1
 72
     5
  1
\pxqc;MAIN INCOMING\P0.4kV 50Hz
 73
     1
 44
1.0
101
Embedded Object
 70
     1
 10
1.0
 20
-0.0000000000000005
 30
0.0
 11
1496.543577524486
 21
2185.60385571406
 31
0.0
 40
192.8915464581533
 41
0.0
 42
85.22804872537998
 43
21.29269656049585
 71
     2
 72
     1
 44
192.8915464581533
 45
15.74002512363404
 73
     0
 74
     0
 46
0.0
  0
LINE
  5
12FC
102
{ACAD_REACTORS
330
1825
102
}
330
1F
100
AcDbEntity
  8
0
100
AcDbLine
 10
1579.400792912781
 20
2116.306789315906
 30
0.0
 11
1579.400792912781
 21
2139.815807234647
 31
0.0
  0
LINE
  5
12FD
102
{ACAD_REACTORS
330
1825
102
}
330
1F
100
AcDbEntity
  8
0
100
AcDbLine
 10
1610.585658801052
 20
2098.312356955414
 30
0.0
 11
1612.553161941509
 21
2096.344853814956
 31
0.0
  0
LINE
  5
12FE
102
{ACAD_REACTORS
330
1825
102
}
330
1F
100
AcDbEntity
  8
0
100
AcDbLine
 10
1610.585658801052
 20
2098.312356955414
 30
0.0
 11
1612.553161941509
 21
2100.279860095868
 31
0.0
  0
LINE
  5
12FF
102
{ACAD_REACTORS
330
1825
102
}
330
1F
100
AcDbEntity
  8
0
100
AcDbLine
 10
1610.585658801052
 20
2098.312356955414
 30
0.0
 11
1608.618155660601
 21
2100.279860095868
 31
0.0
  0
LINE
  5
1300
102
{ACAD_REACTORS
330
1825
102
}
330
1F
100
AcDbEntity
  8
0
100
AcDbLine
 10
1610.585658801052
 20
2098.312356955414
 30
0.0
 11
1608.618155660601
 21
2096.344853814956
 31
0.0
  0
LINE
  5
1301
102
{ACAD_REACTORS
330
1825
102
}
330
1F
100
AcDbEntity
  8
0
100
AcDbLine
 10
1594.84563367743
 20
2098.312356955414
 30
0.0
 11
1596.813136817877
 21
2096.344853814956
 31
0.0
  0
LINE
  5
1302
102
{ACAD_REACTORS
330
1825
102
}
330
1F
100
AcDbEntity
  8
0
100
AcDbLine
 10
1594.84563367743
 20
2098.312356955414
 30
0.0
 11
1596.813136817877
 21
2100.279860095868
 31
0.0
  0
LINE
  5
1303
102
{ACAD_REACTORS
330
1825
102
}
330
1F
100
AcDbEntity
  8
0
100
AcDbLine
 10
1594.84563367743
 20
2098.312356955414
 30
0.0
 11
1592.878130536969
 21
2100.279860095868
 31
0.0
  0
LINE
  5
1304
102
{ACAD_REACTORS
330
1825
102
}
330
1F
100
AcDbEntity
  8
0
100
AcDbLine
 10
1594.84563367743
 20
2098.312356955414
 30
0.0
 11
1592.878130536969
 21
2096.344853814956
 31
0.0
  0
LINE
  5
1305
102
{ACAD_REACTORS
330
1825
102
}
330
1F
100
AcDbEntity
  8
0
100
AcDbLine
 10
1579.105608553794
 20
2098.312356955414
 30
0.0
 11
1581.073111694245
 21
2096.344853814956
 31
0.0
  0
LINE
  5
1306
102
{ACAD_REACTORS
330
1825
102
}
330
1F
100
AcDbEntity
  8
0
100
AcDbLine
 10
1579.105608553794
 20
2098.312356955414
 30
0.0
 11
1581.073111694245
 21
2100.279860095868
 31
0.0
  0
LINE
  5
1307
102
{ACAD_REACTORS
330
1825
102
}
330
1F
100
AcDbEntity
  8
0
100
AcDbLine
 10
1579.105608553794
 20
2098.312356955414
 30
0.0
 11
1577.138105413333
 21
2100.279860095868
 31
0.0
  0
LINE
  5
1308
102
{ACAD_REACTORS
330
1825
102
}
330
1F
100
AcDbEntity
  8
0
100
AcDbLine
 10
1579.105608553794
 20
2098.312356955414
 30
0.0
 11
1577.138105413333
 21
2096.344853814956
 31
0.0
  0
CIRCLE
  5
1309
102
{ACAD_REACTORS
330
1825
102
}
330
1F
100
AcDbEntity
  8
0
100
AcDbCircle
 10
1610.585658801052
 20
2143.732065729762
 30
0.0
 40
3.916258495109249
  0
CIRCLE
  5
130A
102
{ACAD_REACTORS
330
1825
102
}
330
1F
100
AcDbEntity
  8
0
100
AcDbCircle
 10
1594.84563367743
 20
2143.732065729762
 30
0.0
 40
3.916258495109249
  0
CIRCLE
  5
130B
102
{ACAD_REACTORS
330
1825
102
}
330
1F
100
AcDbEntity
  8
0
100
AcDbCircle
 10
1579.400792912781
 20
2143.732065729762
 30
0.0
 40
3.916258495109249
  0
LINE
  5
130C
102
{ACAD_REACTORS
330
1825
102
}
330
1F
100
AcDbEntity
  8
0
  6
Continuous
100
AcDbLine
 10
1563.635316418555
 20
2139.815889938482
 30
0.0
 11
1563.372644276169
 21
1777.258521366803
 31
0.0
  0
CIRCLE
  5
130D
102
{ACAD_REACTORS
330
1825
102
}
330
1F
100
AcDbEntity
  8
0
100
AcDbCircle
 10
1563.660767789145
 20
2143.732065729762
 30
0.0
 40
3.916258495109249
  0
MTEXT
  5
130E
102
{ACAD_REACTORS
330
1825
102
}
330
1F
100
AcDbEntity
  8
0
100
AcDbMText
 10
1568.0556761189
 20
2154.590410010349
 30
0.0
 40
4.722007537090211
 41
22.23447438477565
 46
0.0
 71
     1
 72
     5
  1
\pxqc;S1
 73
     1
 44
1.0
101
Embedded Object
 70
     1
 10
1.0
 20
-0.0000000000000005
 30
0.0
 11
1568.0556761189
 21
2154.590410010349
 31
0.0
 40
22.23447438477565
 41
0.0
 42
6.561206925684011
 43
4.883058271643083
 71
     2
 72
     1
 44
22.23447438477565
 45
15.74002512363404
 73
     0
 74
     0
 46
0.0
  0
MTEXT
  5
130F
102
{ACAD_REACTORS
330
1825
102
}
330
1F
100
AcDbEntity
  8
0
100
AcDbMText
 10
1583.795701242543
 20
2154.590410010349
 30
0.0
 40
4.722007537090211
 41
22.23447438477565
 46
0.0
 71
     1
 72
     5
  1
\pxqc;T1
 73
     1
 44
1.0
101
Embedded Object
 70
     1
 10
1.0
 20
-0.0000000000000005
 30
0.0
 11
1583.795701242543
 21
2154.590410010349
 31
0.0
 40
22.23447438477565
 41
0.0
 42
6.332514882618933
 43
4.741333625236555
 71
     2
 72
     1
 44
22.23447438477565
 45
15.74002512363404
 73
     0
 74
     0
 46
0.0
  0
MTEXT
  5
1310
102
{ACAD_REACTORS
330
1825
102
}
330
1F
100
AcDbEntity
  8
0
100
AcDbMText
 10
1599.535726366175
 20
2154.590410010349
 30
0.0
 40
4.722007537090211
 41
22.23447438477565
 46
0.0
 71
     1
 72
     5
  1
\pxqc;N1
 73
     1
 44
1.0
101
Embedded Object
 70
     1
 10
1.0
 20
-0.0000000000000005
 30
0.0
 11
1599.535726366175
 21
2154.590410010349
 31
0.0
 40
22.23447438477565
 41
0.0
 42
6.719036645545825
 43
4.741333625236555
 71
     2
 72
     1
 44
22.23447438477565
 45
15.74002512363404
 73
     0
 74
     0
 46
0.0
  0
MTEXT
  5
1311
102
{ACAD_REACTORS
330
1825
102
}
330
1F
100
AcDbEntity
  8
0
100
AcDbMText
 10
1552.315650995278
 20
2154.590410010349
 30
0.0
 40
4.722007537090211
 41
22.23447438477565
 46
0.0
 71
     1
 72
     5
  1
\pxqc;R1
 73
     1
 44
1.0
101
Embedded Object
 70
     1
 10
1.0
 20
-0.0000000000000005
 30
0.0
 11
1552.315650995278
 21
2154.590410010349
 31
0.0
 40
22.23447438477565
 41
0.0
 42
6.702931572090538
 43
4.741333625236555
 71
     2
 72
     1
 44
22.23447438477565
 45
15.74002512363404
 73
     0
 74
     0
 46
0.0
  0
LINE
  5
1312
102
{ACAD_REACTORS
330
1825
102
}
330
1F
100
AcDbEntity
  8
0
100
AcDbLine
 10
1610.585658801052
 20
2098.312356955414
 30
0.0
 11
1610.585658801052
 21
2116.306789315906
 31
0.0
  0
LINE
  5
1313
102
{ACAD_REACTORS
330
1825
102
}
330
1F
100
AcDbEntity
  8
0
100
AcDbLine
 10
1594.84563367743
 20
2098.312356955414
 30
0.0
 11
1594.84563367743
 21
2116.306789315906
 31
0.0
  0
LINE
  5
1314
102
{ACAD_REACTORS
330
1825
102
}
330
1F
100
AcDbEntity
  8
0
100
AcDbLine
 10
1579.105608553794
 20
2098.312356955414
 30
0.0
 11
1579.400792912781
 21
2116.306789315906
 31
0.0
  0
LINE
  5
1315
102
{ACAD_REACTORS
330
1825
102
}
330
1F
100
AcDbEntity
  8
0
100
AcDbLine
 10
1610.585658801052
 20
2081.580904237104
 30
0.0
 11
1616.157750873736
 21
2097.228111986797
 31
0.0
  0
LINE
  5
1316
102
{ACAD_REACTORS
330
1825
102
}
330
1F
100
AcDbEntity
  8
0
100
AcDbLine
 10
1615.299577627125
 20
2094.814409080194
 30
0.0
 11
1617.873306112329
 21
2093.897884399308
 31
0.0
  0
LINE
  5
1317
102
{ACAD_REACTORS
330
1825
102
}
330
1F
100
AcDbEntity
  8
0
100
AcDbLine
 10
1617.873306112329
 20
2093.897884399308
 30
0.0
 11
1616.511872854032
 21
2090.074790891134
 31
0.0
  0
LINE
  5
1318
102
{ACAD_REACTORS
330
1825
102
}
330
1F
100
AcDbEntity
  8
0
100
AcDbLine
 10
1616.511872854032
 20
2090.074790891134
 30
0.0
 11
1613.936932912656
 21
2090.991746980969
 31
0.0
  0
LINE
  5
1319
102
{ACAD_REACTORS
330
1825
102
}
330
1F
100
AcDbEntity
  8
0
100
AcDbLine
 10
1583.819527379864
 20
2094.814409080194
 30
0.0
 11
1586.393255865064
 21
2093.897884399308
 31
0.0
  0
LINE
  5
131A
102
{ACAD_REACTORS
330
1825
102
}
330
1F
100
AcDbEntity
  8
0
100
AcDbLine
 10
1586.393255865064
 20
2093.897884399308
 30
0.0
 11
1585.031822606756
 21
2090.074790891134
 31
0.0
  0
LINE
  5
131B
102
{ACAD_REACTORS
330
1825
102
}
330
1F
100
AcDbEntity
  8
0
100
AcDbLine
 10
1585.031822606756
 20
2090.074790891134
 30
0.0
 11
1582.456882665391
 21
2090.991746980969
 31
0.0
  0
LINE
  5
131C
102
{ACAD_REACTORS
330
1825
102
}
330
1F
100
AcDbEntity
  8
0
100
AcDbLine
 10
1579.105608553794
 20
2081.580904237104
 30
0.0
 11
1584.677700626471
 21
2097.228111986797
 31
0.0
  0
LINE
  5
131D
102
{ACAD_REACTORS
330
1825
102
}
330
1F
100
AcDbEntity
  8
0
100
AcDbLine
 10
1583.819527379864
 20
2094.814409080194
 30
0.0
 11
1586.393255865064
 21
2093.897884399308
 31
0.0
  0
LINE
  5
131E
102
{ACAD_REACTORS
330
1825
102
}
330
1F
100
AcDbEntity
  8
0
100
AcDbLine
 10
1586.393255865064
 20
2093.897884399308
 30
0.0
 11
1585.031822606756
 21
2090.074790891134
 31
0.0
  0
LINE
  5
131F
102
{ACAD_REACTORS
330
1825
102
}
330
1F
100
AcDbEntity
  8
0
100
AcDbLine
 10
1585.031822606756
 20
2090.074790891134
 30
0.0
 11
1582.456882665391
 21
2090.991746980969
 31
0.0
  0
LINE
  5
1320
102
{ACAD_REACTORS
330
1825
102
}
330
1F
100
AcDbEntity
  8
0
100
AcDbLine
 10
1610.585658801052
 20
2078.723237755548
 30
0.0
 11
1608.546787238064
 21
2078.723237755548
 31
0.0
  0
LINE
  5
1321
102
{ACAD_REACTORS
330
1825
102
}
330
1F
100
AcDbEntity
  8
0
100
AcDbLine
 10
1607.790302642346
 20
2078.723237755548
 30
0.0
 11
1607.790302642346
 21
2075.672218532032
 31
0.0
  0
LINE
  5
1322
102
{ACAD_REACTORS
330
1825
102
}
330
1F
100
AcDbEntity
  8
0
100
AcDbLine
 10
1608.545717188536
 20
2075.672218532032
 30
0.0
 11
1610.585658801052
 21
2075.672218532032
 31
0.0
  0
ARC
  5
1323
102
{ACAD_REACTORS
330
1825
102
}
330
1F
100
AcDbEntity
  8
0
100
AcDbCircle
 10
1610.355781697458
 20
2070.859687894271
 30
0.0
 40
2.200164523187823
100
AcDbArc
 50
84.00268953545472
 51
275.9973104645453
  0
LINE
  5
1324
102
{ACAD_REACTORS
330
1825
102
}
330
1F
100
AcDbEntity
  8
0
100
AcDbLine
 10
1610.585658801052
 20
2081.611522297436
 30
0.0
 11
1572.809598504333
 21
2081.611522297436
 31
0.0
  0
LINE
  5
1325
102
{ACAD_REACTORS
330
1825
102
}
330
1F
100
AcDbEntity
  8
0
100
AcDbLine
 10
1572.809598504333
 20
2067.299431982165
 30
0.0
 11
1610.585658801052
 21
2067.299431982165
 31
0.0
  0
LINE
  5
1326
102
{ACAD_REACTORS
330
1825
102
}
330
1F
100
AcDbEntity
  8
0
100
AcDbLine
 10
1610.585658801052
 20
2067.294346419316
 30
0.0
 11
1614.205864579498
 21
2067.294346419316
 31
0.0
  0
LINE
  5
1327
102
{ACAD_REACTORS
330
1825
102
}
330
1F
100
AcDbEntity
  8
0
100
AcDbLine
 10
1614.093998617758
 20
2081.611522297436
 30
0.0
 11
1610.585658801052
 21
2081.611522297436
 31
0.0
  0
LINE
  5
1328
102
{ACAD_REACTORS
330
1825
102
}
330
1F
100
AcDbEntity
  8
0
  6
Continuous
100
AcDbLine
 10
1614.205864579498
 20
2069.761678732827
 30
0.0
 11
1614.149931598623
 21
2075.006384056882
 31
0.0
  0
LINE
  5
1329
102
{ACAD_REACTORS
330
1825
102
}
330
1F
100
AcDbEntity
  8
0
  6
Continuous
100
AcDbLine
 10
1614.149931598623
 20
2075.006384056882
 30
0.0
 11
1614.093998617758
 21
2080.54701256154
 31
0.0
  0
LINE
  5
132A
102
{ACAD_REACTORS
330
1825
102
}
330
1F
100
AcDbEntity
  8
0
  6
Continuous
 48
0.25
100
AcDbLine
 10
1608.545717188536
 20
2075.672218532032
 30
0.0
 11
1607.790302642346
 21
2075.672218532032
 31
0.0
  0
LINE
  5
132B
102
{ACAD_REACTORS
330
1825
102
}
330
1F
100
AcDbEntity
  8
0
  6
Continuous
 48
0.25
100
AcDbLine
 10
1607.790302642346
 20
2078.723237755548
 30
0.0
 11
1608.546787238064
 21
2078.723237755548
 31
0.0
  0
LINE
  5
132C
102
{ACAD_REACTORS
330
1825
102
}
330
1F
100
AcDbEntity
  8
0
  6
Continuous
 48
0.25
100
AcDbLine
 10
1610.585658801052
 20
2073.047810479122
 30
0.0
 11
1610.585658801052
 21
2074.044977703191
 31
0.0
  0
LINE
  5
132D
102
{ACAD_REACTORS
330
1825
102
}
330
1F
100
AcDbEntity
  8
0
  6
Continuous
 48
0.25
100
AcDbLine
 10
1614.205864579498
 20
2067.294346419316
 30
0.0
 11
1614.205864579498
 21
2069.761678732827
 31
0.0
  0
LINE
  5
132E
102
{ACAD_REACTORS
330
1825
102
}
330
1F
100
AcDbEntity
  8
0
  6
Continuous
 48
0.25
100
AcDbLine
 10
1610.585658801052
 20
2078.723237755548
 30
0.0
 11
1610.585658801052
 21
2080.54701256154
 31
0.0
  0
LINE
  5
132F
102
{ACAD_REACTORS
330
1825
102
}
330
1F
100
AcDbEntity
  8
0
  6
Continuous
 48
0.25
100
AcDbLine
 10
1610.585658801052
 20
2080.54701256154
 30
0.0
 11
1610.585658801052
 21
2081.580904237104
 31
0.0
  0
LINE
  5
1330
102
{ACAD_REACTORS
330
1825
102
}
330
1F
100
AcDbEntity
  8
0
  6
Continuous
 48
0.25
100
AcDbLine
 10
1594.84563367743
 20
2081.580904237104
 30
0.0
 11
1594.84563367743
 21
2080.54701256154
 31
0.0
  0
LINE
  5
1331
102
{ACAD_REACTORS
330
1825
102
}
330
1F
100
AcDbEntity
  8
0
  6
Continuous
 48
0.25
100
AcDbLine
 10
1610.585658801052
 20
2068.67156530942
 30
0.0
 11
1610.585658801052
 21
2067.299431982165
 31
0.0
  0
LINE
  5
1332
102
{ACAD_REACTORS
330
1825
102
}
330
1F
100
AcDbEntity
  8
0
100
AcDbLine
 10
1594.800762003543
 20
2075.672218532032
 30
0.0
 11
1594.800762003543
 21
2074.044977703191
 31
0.0
  0
LINE
  5
1333
102
{ACAD_REACTORS
330
1825
102
}
330
1F
100
AcDbEntity
  8
0
100
AcDbLine
 10
1594.800762003543
 20
2078.723237755548
 30
0.0
 11
1592.761890440555
 21
2078.723237755548
 31
0.0
  0
LINE
  5
1334
102
{ACAD_REACTORS
330
1825
102
}
330
1F
100
AcDbEntity
  8
0
100
AcDbLine
 10
1592.005405844834
 20
2078.723237755548
 30
0.0
 11
1592.005405844834
 21
2075.672218532032
 31
0.0
  0
LINE
  5
1335
102
{ACAD_REACTORS
330
1825
102
}
330
1F
100
AcDbEntity
  8
0
100
AcDbLine
 10
1592.760820391027
 20
2075.672218532032
 30
0.0
 11
1594.800762003543
 21
2075.672218532032
 31
0.0
  0
ARC
  5
1336
102
{ACAD_REACTORS
330
1825
102
}
330
1F
100
AcDbEntity
  8
0
100
AcDbCircle
 10
1594.57088489995
 20
2070.859687894271
 30
0.0
 40
2.200164523187823
100
AcDbArc
 50
84.00268953545472
 51
275.9973104645453
  0
LINE
  5
1337
102
{ACAD_REACTORS
330
1825
102
}
330
1F
100
AcDbEntity
  8
0
  6
Continuous
 48
0.25
100
AcDbLine
 10
1592.760820391027
 20
2075.672218532032
 30
0.0
 11
1592.005405844834
 21
2075.672218532032
 31
0.0
  0
LINE
  5
1338
102
{ACAD_REACTORS
330
1825
102
}
330
1F
100
AcDbEntity
  8
0
  6
Continuous
 48
0.25
100
AcDbLine
 10
1592.005405844834
 20
2078.723237755548
 30
0.0
 11
1592.761890440555
 21
2078.723237755548
 31
0.0
  0
LINE
  5
1339
102
{ACAD_REACTORS
330
1825
102
}
330
1F
100
AcDbEntity
  8
0
  6
Continuous
 48
0.25
100
AcDbLine
 10
1594.800762003543
 20
2073.047810479122
 30
0.0
 11
1594.800762003543
 21
2074.044977703191
 31
0.0
  0
LINE
  5
133A
102
{ACAD_REACTORS
330
1825
102
}
330
1F
100
AcDbEntity
  8
0
100
AcDbLine
 10
1579.105608553794
 20
2075.672218532032
 30
0.0
 11
1579.105608553794
 21
2074.044977703191
 31
0.0
  0
LINE
  5
133B
102
{ACAD_REACTORS
330
1825
102
}
330
1F
100
AcDbEntity
  8
0
100
AcDbLine
 10
1579.105608553794
 20
2078.723237755548
 30
0.0
 11
1577.066736990792
 21
2078.723237755548
 31
0.0
  0
LINE
  5
133C
102
{ACAD_REACTORS
330
1825
102
}
330
1F
100
AcDbEntity
  8
0
100
AcDbLine
 10
1576.310252395081
 20
2078.723237755548
 30
0.0
 11
1576.310252395081
 21
2075.672218532032
 31
0.0
  0
LINE
  5
133D
102
{ACAD_REACTORS
330
1825
102
}
330
1F
100
AcDbEntity
  8
0
100
AcDbLine
 10
1577.065666941278
 20
2075.672218532032
 30
0.0
 11
1579.105608553794
 21
2075.672218532032
 31
0.0
  0
ARC
  5
133E
102
{ACAD_REACTORS
330
1825
102
}
330
1F
100
AcDbEntity
  8
0
100
AcDbCircle
 10
1578.875731450193
 20
2070.859687894271
 30
0.0
 40
2.200164523187823
100
AcDbArc
 50
84.00268953545472
 51
275.9973104645453
  0
LINE
  5
133F
102
{ACAD_REACTORS
330
1825
102
}
330
1F
100
AcDbEntity
  8
0
  6
Continuous
 48
0.25
100
AcDbLine
 10
1577.065666941278
 20
2075.672218532032
 30
0.0
 11
1576.310252395081
 21
2075.672218532032
 31
0.0
  0
LINE
  5
1340
102
{ACAD_REACTORS
330
1825
102
}
330
1F
100
AcDbEntity
  8
0
  6
Continuous
 48
0.25
100
AcDbLine
 10
1576.310252395081
 20
2078.723237755548
 30
0.0
 11
1577.066736990792
 21
2078.723237755548
 31
0.0
  0
LINE
  5
1341
102
{ACAD_REACTORS
330
1825
102
}
330
1F
100
AcDbEntity
  8
0
  6
Continuous
 48
0.25
100
AcDbLine
 10
1579.105608553794
 20
2073.047810479122
 30
0.0
 11
1579.105608553794
 21
2074.044977703191
 31
0.0
  0
LINE
  5
1342
102
{ACAD_REACTORS
330
1825
102
}
330
1F
100
AcDbEntity
  8
0
  6
Continuous
 48
0.25
100
AcDbLine
 10
1594.84563367743
 20
2080.54701256154
 30
0.0
 11
1594.84563367743
 21
2078.723237755548
 31
0.0
  0
LINE
  5
1343
102
{ACAD_REACTORS
330
1825
102
}
330
1F
100
AcDbEntity
  8
0
  6
Continuous
 48
0.25
100
AcDbLine
 10
1594.84563367743
 20
2078.723237755548
 30
0.0
 11
1594.800762003543
 21
2078.723237755548
 31
0.0
  0
LINE
  5
1344
102
{ACAD_REACTORS
330
1825
102
}
330
1F
100
AcDbEntity
  8
0
  6
Continuous
 48
0.25
100
AcDbLine
 10
1594.84563367743
 20
2067.299431982165
 30
0.0
 11
1594.84563367743
 21
2068.676745604982
 31
0.0
  0
LINE
  5
1345
102
{ACAD_REACTORS
330
1825
102
}
330
1F
100
AcDbEntity
  8
0
  6
Continuous
 48
0.25
100
AcDbLine
 10
1594.84563367743
 20
2068.676745604982
 30
0.0
 11
1594.800762003543
 21
2068.67156530942
 31
0.0
  0
LINE
  5
1346
102
{ACAD_REACTORS
330
1825
102
}
330
1F
100
AcDbEntity
  8
0
  6
Continuous
 48
0.25
100
AcDbLine
 10
1579.105608553794
 20
2079.447456678813
 30
0.0
 11
1579.105608553794
 21
2078.723237755548
 31
0.0
  0
LINE
  5
1347
102
{ACAD_REACTORS
330
1825
102
}
330
1F
100
AcDbEntity
  8
0
  6
Continuous
 48
0.25
100
AcDbLine
 10
1579.105608553794
 20
2067.299431982165
 30
0.0
 11
1579.105608553794
 21
2068.67156530942
 31
0.0
  0
LINE
  5
1348
102
{ACAD_REACTORS
330
1825
102
}
330
1F
100
AcDbEntity
  8
0
  6
Continuous
 48
0.25
100
AcDbLine
 10
1572.809598504333
 20
2080.54701256154
 30
0.0
 11
1572.809598504333
 21
2067.299431982165
 31
0.0
  0
LINE
  5
1349
102
{ACAD_REACTORS
330
1825
102
}
330
1F
100
AcDbEntity
  8
0
  6
Continuous
 48
0.25
100
AcDbLine
 10
1572.809598504333
 20
2067.299431982165
 30
0.0
 11
1579.105608553794
 21
2067.299431982165
 31
0.0
  0
LINE
  5
134A
102
{ACAD_REACTORS
330
1825
102
}
330
1F
100
AcDbEntity
  8
0
  6
Continuous
 48
0.25
100
AcDbLine
 10
1614.149931598623
 20
2074.308536422238
 30
0.0
 11
1572.809598504333
 21
2074.308536422238
 31
0.0
  0
CIRCLE
  5
134B
102
{ACAD_REACTORS
330
1825
102
}
330
1F
100
AcDbEntity
  8
0
  6
Continuous
 48
0.25
100
AcDbCircle
 10
1610.585658801052
 20
1950.21071855253
 30
0.0
 40
2.286793230624341
  0
CIRCLE
  5
134C
102
{ACAD_REACTORS
330
1825
102
}
330
1F
100
AcDbEntity
  8
0
  6
Continuous
 48
0.25
100
AcDbCircle
 10
1610.585658801052
 20
1954.784305013778
 30
0.0
 40
2.286793230624341
  0
CIRCLE
  5
134D
102
{ACAD_REACTORS
330
1825
102
}
330
1F
100
AcDbEntity
  8
0
  6
Continuous
 48
0.25
100
AcDbCircle
 10
1610.585658801052
 20
1959.357891475019
 30
0.0
 40
2.286793230624341
  0
CIRCLE
  5
134E
102
{ACAD_REACTORS
330
1825
102
}
330
1F
100
AcDbEntity
  8
0
  6
Continuous
 48
0.25
100
AcDbCircle
 10
1610.585658801052
 20
1968.505064397526
 30
0.0
 40
2.286793230624341
  0
CIRCLE
  5
134F
102
{ACAD_REACTORS
330
1825
102
}
330
1F
100
AcDbEntity
  8
0
  6
Continuous
 48
0.25
100
AcDbCircle
 10
1610.585658801052
 20
1963.931477936274
 30
0.0
 40
2.286793230624341
  0
CIRCLE
  5
1350
102
{ACAD_REACTORS
330
1825
102
}
330
1F
100
AcDbEntity
  8
0
  6
Continuous
 48
0.25
100
AcDbCircle
 10
1610.585658801052
 20
1973.078650858774
 30
0.0
 40
2.286793230624341
  0
LINE
  5
1351
102
{ACAD_REACTORS
330
1825
102
}
330
1F
100
AcDbEntity
  8
0
  6
Continuous
 48
0.25
100
AcDbLine
 10
1615.3472616591
 20
1946.027774756426
 30
0.0
 11
1605.339143751912
 21
1946.027774756426
 31
0.0
  0
LINE
  5
1352
102
{ACAD_REACTORS
330
1825
102
}
330
1F
100
AcDbEntity
  8
0
  6
Continuous
 48
0.25
100
AcDbLine
 10
1605.339143751912
 20
1946.027774756426
 30
0.0
 11
1605.339143751912
 21
1978.268360202251
 31
0.0
  0
LINE
  5
1353
102
{ACAD_REACTORS
330
1825
102
}
330
1F
100
AcDbEntity
  8
0
  6
Continuous
 48
0.25
100
AcDbLine
 10
1605.339143751912
 20
1978.268360202251
 30
0.0
 11
1615.3472616591
 21
1978.268360202251
 31
0.0
  0
LINE
  5
1354
102
{ACAD_REACTORS
330
1825
102
}
330
1F
100
AcDbEntity
  8
0
  6
Continuous
 48
0.25
100
AcDbLine
 10
1615.3472616591
 20
1978.268360202251
 30
0.0
 11
1615.3472616591
 21
1946.027774756426
 31
0.0
  0
CIRCLE
  5
1355
102
{ACAD_REACTORS
330
1825
102
}
330
1F
100
AcDbEntity
  8
0
  6
Continuous
 48
0.25
100
AcDbCircle
 10
1594.84563367743
 20
1950.21071855253
 30
0.0
 40
2.286793230624341
  0
CIRCLE
  5
1356
102
{ACAD_REACTORS
330
1825
102
}
330
1F
100
AcDbEntity
  8
0
  6
Continuous
 48
0.25
100
AcDbCircle
 10
1594.84563367743
 20
1954.784305013778
 30
0.0
 40
2.286793230624341
  0
CIRCLE
  5
1357
102
{ACAD_REACTORS
330
1825
102
}
330
1F
100
AcDbEntity
  8
0
  6
Continuous
 48
0.25
100
AcDbCircle
 10
1594.84563367743
 20
1959.357891475019
 30
0.0
 40
2.286793230624341
  0
CIRCLE
  5
1358
102
{ACAD_REACTORS
330
1825
102
}
330
1F
100
AcDbEntity
  8
0
  6
Continuous
 48
0.25
100
AcDbCircle
 10
1594.84563367743
 20
1968.505064397526
 30
0.0
 40
2.286793230624341
  0
CIRCLE
  5
1359
102
{ACAD_REACTORS
330
1825
102
}
330
1F
100
AcDbEntity
  8
0
  6
Continuous
 48
0.25
100
AcDbCircle
 10
1594.84563367743
 20
1963.931477936274
 30
0.0
 40
2.286793230624341
  0
CIRCLE
  5
135A
102
{ACAD_REACTORS
330
1825
102
}
330
1F
100
AcDbEntity
  8
0
  6
Continuous
 48
0.25
100
AcDbCircle
 10
1594.84563367743
 20
1973.078650858774
 30
0.0
 40
2.286793230624341
  0
LINE
  5
135B
102
{ACAD_REACTORS
330
1825
102
}
330
1F
100
AcDbEntity
  8
0
  6
Continuous
 48
0.25
100
AcDbLine
 10
1599.607236535468
 20
1946.027774756426
 30
0.0
 11
1589.599118628273
 21
1946.027774756426
 31
0.0
  0
LINE
  5
135C
102
{ACAD_REACTORS
330
1825
102
}
330
1F
100
AcDbEntity
  8
0
  6
Continuous
 48
0.25
100
AcDbLine
 10
1589.599118628273
 20
1946.027774756426
 30
0.0
 11
1589.599118628273
 21
1978.268360202251
 31
0.0
  0
LINE
  5
135D
102
{ACAD_REACTORS
330
1825
102
}
330
1F
100
AcDbEntity
  8
0
  6
Continuous
 48
0.25
100
AcDbLine
 10
1589.599118628273
 20
1978.268360202251
 30
0.0
 11
1599.607236535468
 21
1978.268360202251
 31
0.0
  0
LINE
  5
135E
102
{ACAD_REACTORS
330
1825
102
}
330
1F
100
AcDbEntity
  8
0
  6
Continuous
 48
0.25
100
AcDbLine
 10
1599.607236535468
 20
1978.268360202251
 30
0.0
 11
1599.607236535468
 21
1946.027774756426
 31
0.0
  0
CIRCLE
  5
135F
102
{ACAD_REACTORS
330
1825
102
}
330
1F
100
AcDbEntity
  8
0
  6
Continuous
 48
0.25
100
AcDbCircle
 10
1579.105608553794
 20
1950.21071855253
 30
0.0
 40
2.286793230624341
  0
CIRCLE
  5
1360
102
{ACAD_REACTORS
330
1825
102
}
330
1F
100
AcDbEntity
  8
0
  6
Continuous
 48
0.25
100
AcDbCircle
 10
1579.105608553794
 20
1954.784305013778
 30
0.0
 40
2.286793230624341
  0
CIRCLE
  5
1361
102
{ACAD_REACTORS
330
1825
102
}
330
1F
100
AcDbEntity
  8
0
  6
Continuous
 48
0.25
100
AcDbCircle
 10
1579.105608553794
 20
1959.357891475019
 30
0.0
 40
2.286793230624341
  0
CIRCLE
  5
1362
102
{ACAD_REACTORS
330
1825
102
}
330
1F
100
AcDbEntity
  8
0
  6
Continuous
 48
0.25
100
AcDbCircle
 10
1579.105608553794
 20
1968.505064397526
 30
0.0
 40
2.286793230624341
  0
CIRCLE
  5
1363
102
{ACAD_REACTORS
330
1825
102
}
330
1F
100
AcDbEntity
  8
0
  6
Continuous
 48
0.25
100
AcDbCircle
 10
1579.105608553794
 20
1963.931477936274
 30
0.0
 40
2.286793230624341
  0
CIRCLE
  5
1364
102
{ACAD_REACTORS
330
1825
102
}
330
1F
100
AcDbEntity
  8
0
  6
Continuous
 48
0.25
100
AcDbCircle
 10
1579.105608553794
 20
1973.078650858774
 30
0.0
 40
2.286793230624341
  0
LINE
  5
1365
102
{ACAD_REACTORS
330
1825
102
}
330
1F
100
AcDbEntity
  8
0
  6
Continuous
 48
0.25
100
AcDbLine
 10
1583.867211411836
 20
1946.027774756426
 30
0.0
 11
1573.85909350464
 21
1946.027774756426
 31
0.0
  0
LINE
  5
1366
102
{ACAD_REACTORS
330
1825
102
}
330
1F
100
AcDbEntity
  8
0
  6
Continuous
 48
0.25
100
AcDbLine
 10
1573.85909350464
 20
1946.027774756426
 30
0.0
 11
1573.85909350464
 21
1978.268360202251
 31
0.0
  0
LINE
  5
1367
102
{ACAD_REACTORS
330
1825
102
}
330
1F
100
AcDbEntity
  8
0
  6
Continuous
 48
0.25
100
AcDbLine
 10
1573.85909350464
 20
1978.268360202251
 30
0.0
 11
1583.867211411836
 21
1978.268360202251
 31
0.0
  0
LINE
  5
1368
102
{ACAD_REACTORS
330
1825
102
}
330
1F
100
AcDbEntity
  8
0
  6
Continuous
 48
0.25
100
AcDbLine
 10
1583.867211411836
 20
1978.268360202251
 30
0.0
 11
1583.867211411836
 21
1946.027774756426
 31
0.0
  0
CIRCLE
  5
1369
102
{ACAD_REACTORS
330
1825
102
}
330
1F
100
AcDbEntity
  8
0
  6
Continuous
 48
0.25
100
AcDbCircle
 10
1563.501679085249
 20
1950.230658402947
 30
0.0
 40
2.286793230624341
  0
CIRCLE
  5
136A
102
{ACAD_REACTORS
330
1825
102
}
330
1F
100
AcDbEntity
  8
0
  6
Continuous
 48
0.25
100
AcDbCircle
 10
1563.501679085249
 20
1954.804244864198
 30
0.0
 40
2.286793230624341
  0
CIRCLE
  5
136B
102
{ACAD_REACTORS
330
1825
102
}
330
1F
100
AcDbEntity
  8
0
  6
Continuous
 48
0.25
100
AcDbCircle
 10
1563.501679085249
 20
1959.377831325447
 30
0.0
 40
2.286793230624341
  0
CIRCLE
  5
136C
102
{ACAD_REACTORS
330
1825
102
}
330
1F
100
AcDbEntity
  8
0
  6
Continuous
 48
0.25
100
AcDbCircle
 10
1563.501679085249
 20
1968.525004247939
 30
0.0
 40
2.286793230624341
  0
CIRCLE
  5
136D
102
{ACAD_REACTORS
330
1825
102
}
330
1F
100
AcDbEntity
  8
0
  6
Continuous
 48
0.25
100
AcDbCircle
 10
1563.501679085249
 20
1963.951417786695
 30
0.0
 40
2.286793230624341
  0
CIRCLE
  5
136E
102
{ACAD_REACTORS
330
1825
102
}
330
1F
100
AcDbEntity
  8
0
  6
Continuous
 48
0.25
100
AcDbCircle
 10
1563.501679085249
 20
1973.098590709188
 30
0.0
 40
2.286793230624341
  0
LINE
  5
136F
102
{ACAD_REACTORS
330
1825
102
}
330
1F
100
AcDbEntity
  8
0
  6
Continuous
 48
0.25
100
AcDbLine
 10
1568.26328194329
 20
1946.047714606843
 30
0.0
 11
1558.255164036098
 21
1946.047714606843
 31
0.0
  0
LINE
  5
1370
102
{ACAD_REACTORS
330
1825
102
}
330
1F
100
AcDbEntity
  8
0
  6
Continuous
 48
0.25
100
AcDbLine
 10
1558.255164036098
 20
1946.047714606843
 30
0.0
 11
1558.255164036098
 21
1978.288300052678
 31
0.0
  0
LINE
  5
1371
102
{ACAD_REACTORS
330
1825
102
}
330
1F
100
AcDbEntity
  8
0
  6
Continuous
 48
0.25
100
AcDbLine
 10
1558.255164036098
 20
1978.288300052678
 30
0.0
 11
1568.26328194329
 21
1978.288300052678
 31
0.0
  0
LINE
  5
1372
102
{ACAD_REACTORS
330
1825
102
}
330
1F
100
AcDbEntity
  8
0
  6
Continuous
 48
0.25
100
AcDbLine
 10
1568.26328194329
 20
1978.288300052678
 30
0.0
 11
1568.26328194329
 21
1946.047714606843
 31
0.0
  0
MTEXT
  5
1373
102
{ACAD_REACTORS
330
1825
102
}
330
1F
100
AcDbEntity
  8
0
100
AcDbMText
 10
1618.359896635733
 20
2082.307666476003
 30
0.0
 40
4.722007537090211
 41
37.27154580662776
 46
0.0
 71
     1
 72
     5
  1
\pxqc;LC ACB\P4P 400A
 73
     1
 44
1.0
101
Embedded Object
 70
     1
 10
1.0
 20
-0.0000000000000005
 30
0.0
 11
1618.359896635733
 21
2082.307666476003
 31
0.0
 40
37.27154580662776
 41
0.0
 42
25.23342908974401
 43
12.77239692160645
 71
     2
 72
     1
 44
37.27154580662776
 45
15.74002512363404
 73
     0
 74
     0
 46
0.0
  0
MTEXT
  5
1374
102
{ACAD_REACTORS
330
1825
102
}
330
1F
100
AcDbEntity
  8
0
100
AcDbMText
 10
1550.183239305841
 20
1936.893096817435
 30
0.0
 40
4.722007537090211
 41
79.11492802926074
 46
0.0
 71
     1
 72
     5
  1
\pxqc;POWER DISTRIBUTION BARS
 73
     1
 44
1.0
101
Embedded Object
 70
     1
 10
1.0
 20
-0.0000000000000005
 30
0.0
 11
1550.183239305841
 21
1936.893096817435
 31
0.0
 40
79.11492802926074
 41
0.0
 42
72.24735952041844
 43
12.83681721542759
 71
     2
 72
     1
 44
79.11492802926074
 45
15.74002512363404
 73
     0
 74
     0
 46
0.0
  0
LINE
  5
1375
102
{ACAD_REACTORS
330
1825
102
}
330
1F
100
AcDbEntity
  8
0
  6
CENTER
 48
0.25
100
AcDbLine
 10
1572.809598504333
 20
2080.54701256154
 30
0.0
 11
1572.809598504333
 21
2081.611522297436
 31
0.0
  0
LINE
  5
1376
102
{ACAD_REACTORS
330
1825
102
}
330
1F
100
AcDbEntity
  8
0
  6
CENTER
 48
0.25
100
AcDbLine
 10
1614.093998617758
 20
2080.54701256154
 30
0.0
 11
1614.093998617758
 21
2081.611522297436
 31
0.0
  0
LINE
  5
1377
102
{ACAD_REACTORS
330
1825
102
}
330
1F
100
AcDbEntity
  8
0
100
AcDbLine
 10
1599.559552503492
 20
2094.814409080194
 30
0.0
 11
1602.13328098869
 21
2093.897884399308
 31
0.0
  0
LINE
  5
1378
102
{ACAD_REACTORS
330
1825
102
}
330
1F
100
AcDbEntity
  8
0
100
AcDbLine
 10
1602.13328098869
 20
2093.897884399308
 30
0.0
 11
1600.771847730399
 21
2090.074790891134
 31
0.0
  0
LINE
  5
1379
102
{ACAD_REACTORS
330
1825
102
}
330
1F
100
AcDbEntity
  8
0
100
AcDbLine
 10
1600.771847730399
 20
2090.074790891134
 30
0.0
 11
1598.196907789023
 21
2090.991746980969
 31
0.0
  0
LINE
  5
137A
102
{ACAD_REACTORS
330
1825
102
}
330
1F
100
AcDbEntity
  8
0
100
AcDbLine
 10
1594.84563367743
 20
2081.580904237104
 30
0.0
 11
1600.417725750103
 21
2097.228111986797
 31
0.0
  0
LINE
  5
137B
102
{ACAD_REACTORS
330
1825
102
}
330
1F
100
AcDbEntity
  8
0
100
AcDbLine
 10
1599.559552503492
 20
2094.814409080194
 30
0.0
 11
1602.13328098869
 21
2093.897884399308
 31
0.0
  0
LINE
  5
137C
102
{ACAD_REACTORS
330
1825
102
}
330
1F
100
AcDbEntity
  8
0
100
AcDbLine
 10
1602.13328098869
 20
2093.897884399308
 30
0.0
 11
1600.771847730399
 21
2090.074790891134
 31
0.0
  0
LINE
  5
137D
102
{ACAD_REACTORS
330
1825
102
}
330
1F
100
AcDbEntity
  8
0
100
AcDbLine
 10
1600.771847730399
 20
2090.074790891134
 30
0.0
 11
1598.196907789023
 21
2090.991746980969
 31
0.0
  0
LINE
  5
1388
102
{ACAD_REACTORS
330
1825
102
}
330
1F
100
AcDbEntity
  8
0
  6
Continuous
 48
0.25
100
AcDbLine
 10
1612.181317139826
 20
1994.843411481497
 30
0.0
 11
1612.181317139826
 21
1978.268360202251
 31
0.0
  0
LINE
  5
138A
102
{ACAD_REACTORS
330
1825
102
}
330
1F
100
AcDbEntity
  8
0
  6
Continuous
 48
0.25
100
AcDbLine
 10
1596.257350123886
 20
2010.583436605119
 30
0.0
 11
1596.257350123886
 21
1978.268360202251
 31
0.0
  0
LINE
  5
138C
102
{ACAD_REACTORS
330
1825
102
}
330
1F
100
AcDbEntity
  8
0
  6
Continuous
 48
0.25
100
AcDbLine
 10
1580.459585722878
 20
2010.672551444156
 30
0.0
 11
1580.459585722878
 21
1978.268360202251
 31
0.0
  0
LINE
  5
138E
102
{ACAD_REACTORS
330
1825
102
}
330
1F
100
AcDbEntity
  8
0
  6
Continuous
 48
0.25
100
AcDbLine
 10
1564.664873235956
 20
1995.042326271847
 30
0.0
 11
1564.664873235956
 21
1978.288300052678
 31
0.0
  0
MTEXT
  5
138F
102
{ACAD_REACTORS
330
1825
102
}
330
1F
100
AcDbEntity
  8
0
100
AcDbMText
 10
1544.539434373927
 20
2116.764424625555
 30
0.0
 40
4.722007537090211
 41
79.11492802926074
 46
0.0
 71
     1
 72
     5
  1
\pxqc;MDP-IN
 73
     1
 44
1.0
101
Embedded Object
 70
     1
 10
1.0
 20
-0.0000000000000005
 30
0.0
 11
1544.539434373927
 21
2116.764424625555
 31
0.0
 40
79.11492802926074
 41
0.0
 42
22.42148326445086
 43
4.722007537090211
 71
     2
 72
     1
 44
79.11492802926074
 45
15.74002512363404
 73
     0
 74
     0
 46
0.0
  0
CIRCLE
  5
1391
102
{ACAD_REACTORS
330
1825
102
}
330
1F
100
AcDbEntity
  8
0
100
AcDbCircle
 10
1518.194655596624
 20
2144.050032548965
 30
0.0
 40
3.916258495109249
  0
CIRCLE
  5
1392
102
{ACAD_REACTORS
330
1825
102
}
330
1F
100
AcDbEntity
  8
0
100
AcDbCircle
 10
1502.454630472988
 20
2144.050032548965
 30
0.0
 40
3.916258495109249
  0
CIRCLE
  5
1393
102
{ACAD_REACTORS
330
1825
102
}
330
1F
100
AcDbEntity
  8
0
100
AcDbCircle
 10
1487.009789708346
 20
2144.050032548965
 30
0.0
 40
3.916258495109249
  0
CIRCLE
  5
1394
102
{ACAD_REACTORS
330
1825
102
}
330
1F
100
AcDbEntity
  8
0
100
AcDbCircle
 10
1471.269764584721
 20
2144.050032548965
 30
0.0
 40
3.916258495109249
  0
MTEXT
  5
1395
102
{ACAD_REACTORS
330
1825
102
}
330
1F
100
AcDbEntity
  8
0
100
AcDbMText
 10
1476.303677341872
 20
2154.272443191148
 30
0.0
 40
4.722007537090211
 41
22.23447438477565
 46
0.0
 71
     1
 72
     5
  1
\pxqc;S3
 73
     1
 44
1.0
101
Embedded Object
 70
     1
 10
1.0
 20
-0.0000000000000007
 30
0.0
 11
1476.303677341872
 21
2154.272443191148
 31
0.0
 40
22.23447438477565
 41
0.0
 42
7.472754083253268
 43
4.886279286334141
 71
     2
 72
     1
 44
22.23447438477565
 45
15.74002512363404
 73
     0
 74
     0
 46
0.0
  0
MTEXT
  5
1396
102
{ACAD_REACTORS
330
1825
102
}
330
1F
100
AcDbEntity
  8
0
100
AcDbMText
 10
1492.043702465505
 20
2154.272443191148
 30
0.0
 40
4.722007537090211
 41
22.23447438477565
 46
0.0
 71
     1
 72
     5
  1
\pxqc;T3
 73
     1
 44
1.0
101
Embedded Object
 70
     1
 10
1.0
 20
-0.0000000000000007
 30
0.0
 11
1492.043702465505
 21
2154.272443191148
 31
0.0
 40
22.23447438477565
 41
0.0
 42
7.244062040188189
 43
4.825080007204049
 71
     2
 72
     1
 44
22.23447438477565
 45
15.74002512363404
 73
     0
 74
     0
 46
0.0
  0
MTEXT
  5
1397
102
{ACAD_REACTORS
330
1825
102
}
330
1F
100
AcDbEntity
  8
0
100
AcDbMText
 10
1507.783727589138
 20
2154.272443191148
 30
0.0
 40
4.722007537090211
 41
22.23447438477565
 46
0.0
 71
     1
 72
     5
  1
\pxqc;N3
 73
     1
 44
1.0
101
Embedded Object
 70
     1
 10
1.0
 20
-0.0000000000000007
 30
0.0
 11
1507.783727589138
 21
2154.272443191148
 31
0.0
 40
22.23447438477565
 41
0.0
 42
7.630583803115083
 43
4.825080007204049
 71
     2
 72
     1
 44
22.23447438477565
 45
15.74002512363404
 73
     0
 74
     0
 46
0.0
  0
MTEXT
  5
1398
102
{ACAD_REACTORS
330
1825
102
}
330
1F
100
AcDbEntity
  8
0
100
AcDbMText
 10
1460.56365221824
 20
2154.272443191151
 30
0.0
 40
4.722007537090211
 41
22.23447438477565
 46
0.0
 71
     1
 72
     5
  1
\pxqc;R3
 73
     1
 44
1.0
101
Embedded Object
 70
     1
 10
1.0
 20
-0.0000000000000007
 30
0.0
 11
1460.56365221824
 21
2154.272443191151
 31
0.0
 40
22.23447438477565
 41
0.0
 42
7.614478729659795
 43
4.825080007204049
 71
     2
 72
     1
 44
22.23447438477565
 45
15.74002512363404
 73
     0
 74
     0
 46
0.0
  0
MTEXT
  5
1399
102
{ACAD_REACTORS
330
1825
102
}
330
1F
100
AcDbEntity
  8
0
100
AcDbMText
 10
1393.611486212346
 20
2187.018175252178
 30
0.0
 40
7.870012561817021
 41
192.8915464581533
 46
0.0
 71
     1
 72
     5
  1
\pxqc;PV \P10kWP
 73
     1
 44
1.0
101
Embedded Object
 70
     1
 10
1.0
 20
-0.0000000000000005
 30
0.0
 11
1393.611486212346
 21
2187.018175252178
 31
0.0
 40
192.8915464581533
 41
0.0
 42
33.76160232010045
 43
21.1531192572167
 71
     2
 72
     1
 44
192.8915464581533
 45
15.74002512363404
 73
     0
 74
     0
 46
0.0
  0
MTEXT
  5
139A
102
{ACAD_REACTORS
330
1825
102
}
330
1F
100
AcDbEntity
  8
0
100
AcDbMText
 10
1483.821945915583
 20
2101.122289641468
 30
0.0
 40
4.722007537090211
 41
22.23447438477565
 46
0.0
 71
     1
 72
     5
  1
\pxqc;MDP-PV
 73
     1
 44
1.0
101
Embedded Object
 70
     1
 10
1.0
 20
-0.0000000000000007
 30
0.0
 11
1483.821945915583
 21
2101.122289641468
 31
0.0
 40
22.23447438477565
 41
0.0
 42
25.11425154617489
 43
4.722007537090211
 71
     2
 72
     1
 44
22.23447438477565
 45
15.74002512363404
 73
     0
 74
     0
 46
0.0
  0
LINE
  5
139B
102
{ACAD_REACTORS
330
1825
102
}
330
1F
100
AcDbEntity
  8
0
100
AcDbLine
 10
1612.181317139826
 20
1994.843411481497
 30
0.0
 11
1612.181317139826
 21
2041.768302493397
 31
0.0
  0
LINE
  5
139C
102
{ACAD_REACTORS
330
1825
102
}
330
1F
100
AcDbEntity
  8
0
100
AcDbLine
 10
1612.181317139826
 20
2041.768302493397
 30
0.0
 11
1518.194655596624
 21
2041.768302493397
 31
0.0
  0
LINE
  5
139D
102
{ACAD_REACTORS
330
1825
102
}
330
1F
100
AcDbEntity
  8
0
100
AcDbLine
 10
1596.257350123886
 20
2010.583436605119
 30
0.0
 11
1596.257350123886
 21
2026.028277369765
 31
0.0
  0
LINE
  5
139E
102
{ACAD_REACTORS
330
1825
102
}
330
1F
100
AcDbEntity
  8
0
100
AcDbLine
 10
1596.257350123886
 20
2026.028277369765
 30
0.0
 11
1502.454630472988
 21
2026.028277369765
 31
0.0
  0
LINE
  5
139F
102
{ACAD_REACTORS
330
1825
102
}
330
1F
100
AcDbEntity
  8
0
100
AcDbLine
 10
1580.459585722878
 20
2010.672551444156
 30
0.0
 11
1487.009789708346
 21
2010.672551444156
 31
0.0
  0
LINE
  5
13A0
102
{ACAD_REACTORS
330
1825
102
}
330
1F
100
AcDbEntity
  8
0
100
AcDbLine
 10
1564.664873235956
 20
1995.042326271847
 30
0.0
 11
1471.269764584721
 21
1995.042326271847
 31
0.0
  0
LINE
  5
13A1
102
{ACAD_REACTORS
330
1825
102
}
330
1F
100
AcDbEntity
  8
0
100
AcDbLine
 10
1518.194655596624
 20
2041.768302493397
 30
0.0
 11
1518.194655596624
 21
2140.133774053858
 31
0.0
  0
LINE
  5
13A9
102
{ACAD_REACTORS
330
1825
102
}
330
1F
100
AcDbEntity
  8
0
100
AcDbLine
 10
1502.454630472988
 20
2140.133774053858
 30
0.0
 11
1502.454630472988
 21
2026.028277369765
 31
0.0
  0
LINE
  5
13AA
102
{ACAD_REACTORS
330
1825
102
}
330
1F
100
AcDbEntity
  8
0
100
AcDbLine
 10
1487.009789708346
 20
2140.133774053858
 30
0.0
 11
1487.009789708346
 21
2010.672551444156
 31
0.0
  0
LINE
  5
13AB
102
{ACAD_REACTORS
330
1825
102
}
330
1F
100
AcDbEntity
  8
0
100
AcDbLine
 10
1471.269764584721
 20
2140.133774053858
 30
0.0
 11
1471.269764584721
 21
1995.042326271847
 31
0.0
  0
LINE
  5
13AD
102
{ACAD_REACTORS
330
1825
102
}
330
1F
100
AcDbEntity
  8
0
100
AcDbLine
 10
1703.73558187695
 20
1836.65448385182
 30
0.0
 11
1610.365938406123
 21
1836.65448385182
 31
0.0
  0
LINE
  5
13AE
102
{ACAD_REACTORS
330
1825
102
}
330
1F
100
AcDbEntity
  8
0
100
AcDbLine
 10
1610.365938406123
 20
1836.65448385182
 30
0.0
 11
1610.585658801059
 21
1851.19893105178
 31
0.0
  0
LINE
  5
13AF
102
{ACAD_REACTORS
330
1825
102
}
330
1F
100
AcDbEntity
  8
0
100
AcDbLine
 10
1716.199169459662
 20
1816.712743719481
 30
0.0
 11
1594.845633677426
 21
1816.712743719488
 31
0.0
  0
LINE
  5
13B0
102
{ACAD_REACTORS
330
1825
102
}
330
1F
100
AcDbEntity
  8
0
100
AcDbLine
 10
1728.662757042371
 20
1797.071479272285
 30
0.0
 11
1579.105608553794
 21
1797.071479272285
 31
0.0
  0
LINE
  5
13B1
102
{ACAD_REACTORS
330
1825
102
}
330
1F
100
AcDbEntity
  8
0
100
AcDbLine
 10
1741.126344625082
 20
1777.12973913995
 30
0.0
 11
1563.372644276175
 21
1777.258521366803
 31
0.0
  0
MTEXT
  5
17CF
330
1F
100
AcDbEntity
  8
DOOR WINDOW 1 300
 62
     7
440
 33554687
370
     9
100
AcDbMText
 10
2906.514803303545
 20
2129.792085171968
 30
-0.1786006726848441
 40
11.85193272193148
 41
221.8974869858771
 46
0.0
 71
     1
 72
     5
  1
Ahmad Farel Desadvi Akbar\P     22/494867/TK/54326
 73
     1
 44
1.0
101
Embedded Object
 70
     1
 10
1.0
 20
0.0
 30
0.0
 11
2906.514803303545
 21
2129.792085171968
 31
-0.1786006726848441
 40
221.8974869858771
 41
0.0
 42
207.2794700256489
 43
32.01746536363528
 71
     2
 72
     1
 44
221.8974869858771
 45
59.25966360965739
 73
     0
 74
     0
 46
0.0
  0
LWPOLYLINE
  5
17D1
330
1F
100
AcDbEntity
  8
DOOR WINDOW 1 300
 62
     7
440
 33554687
370
    30
100
AcDbPolyline
 90
        4
 70
     1
 43
0.0
 38
-0.1786006726848441
 10
1308.785493766119
 20
2414.044809246625
 10
3157.686998387473
 20
2414.044809246625
 10
3157.686998387473
 20
1100.850663656565
 10
1308.785493766119
 20
1100.850663656565
  0
LINE
  5
17D2
330
1F
100
AcDbEntity
  8
DOOR WINDOW 1 300
 62
     7
440
 33554687
370
    30
100
AcDbLine
 10
2873.240613061106
 20
2414.044809246625
 30
-0.1786006726848441
 11
2873.240613061106
 21
1100.850663656565
 31
-0.1786006726848441
  0
TEXT
  5
17D3
330
1F
100
AcDbEntity
  8
DOOR WINDOW 1 300
 62
     7
440
 33554687
100
AcDbText
 10
2945.543677497044
 20
1272.203970240838
 30
-0.1786006726848441
 40
8.164749044428116
  1
JUDUL
100
AcDbText
  0
TEXT
  5
17D4
330
1F
100
AcDbEntity
  8
DOOR WINDOW 1 300
 62
     7
440
 33554687
100
AcDbText
 10
3093.933713803012
 20
1175.709710318822
 30
-0.1786006726848441
 40
8.164749044428116
  1
DATE
100
AcDbText
  0
TEXT
  5
17D5
330
1F
100
AcDbEntity
  8
DOOR WINDOW 1 300
 62
     7
440
 33554687
100
AcDbText
 10
3091.627327151876
 20
1272.846880989351
 30
-0.1786006726848441
 40
8.164749044428116
  1
SKALA
100
AcDbText
  0
TEXT
  5
17D6
330
1F
100
AcDbEntity
  8
DOOR WINDOW 1 300
 62
     7
440
 33554687
100
AcDbText
 10
2909.292251657252
 20
2309.739088927824
 30
-0.1786006726848441
 40
11.05651944911105
  1
GADJAH MADA UNIVERSITY
100
AcDbText
  0
TEXT
  5
17D7
330
1F
100
AcDbEntity
  8
DOOR WINDOW 1 300
 62
     7
440
 33554687
100
AcDbText
 10
2951.448965307357
 20
2296.102136456115
 30
-0.1786006726848441
 40
6.633911669466634
  1
FACULTY OF ENGINEERING
100
AcDbText
  0
TEXT
  5
17D8
330
1F
100
AcDbEntity
  8
DOOR WINDOW 1 300
 62
     7
440
 33554687
100
AcDbText
 10
2944.582007913363
 20
2248.11162521437
 30
-0.1786006726848441
 40
9.481546177545185
  1
Ujian Tengah Semester
100
AcDbText
  0
TEXT
  5
17D9
330
1F
100
AcDbEntity
  8
DOOR WINDOW 1 300
 62
     7
440
 33554687
100
AcDbText
 10
2914.331063613641
 20
2229.771877986523
 30
-0.1786006726848441
 40
11.05643099763542
  1
Perlengkapan Sistem Tenaga
100
AcDbText
  0
LINE
  5
17DA
330
1F
100
AcDbEntity
  8
DOOR WINDOW 1 300
 62
     7
440
 33554687
100
AcDbLine
 10
3062.871536612038
 20
1166.06800102102
 30
-0.1786006726848441
 11
3157.686998387473
 21
1166.06800102102
 31
-0.1786006726848441
  0
LINE
  5
17DB
330
1F
100
AcDbEntity
  8
DOOR WINDOW 1 300
 62
     7
440
 33554687
100
AcDbLine
 10
3062.871536612038
 20
1189.771866464898
 30
-0.1786006726848441
 11
3157.686998387473
 21
1189.771866464898
 31
-0.1786006726848441
  0
LINE
  5
17DC
330
1F
100
AcDbEntity
  8
DOOR WINDOW 1 300
 62
     7
440
 33554687
100
AcDbLine
 10
2873.240613061106
 20
2143.820743186553
 30
-0.1786006726848441
 11
3157.686998387473
 21
2143.820743186553
 31
-0.1786006726848441
  0
LINE
  5
17DD
330
1F
100
AcDbEntity
  8
DOOR WINDOW 1 300
 62
     7
440
 33554687
100
AcDbLine
 10
2873.240613061106
 20
2271.821616583447
 30
-0.1786006726848441
 11
3157.686998387473
 21
2271.821616583447
 31
-0.1786006726848441
  0
LINE
  5
17DE
330
1F
100
AcDbEntity
  8
DOOR WINDOW 1 300
 62
     7
440
 33554687
100
AcDbLine
 10
2873.240613061106
 20
2172.26538171928
 30
-0.1786006726848441
 11
3157.686998387473
 21
2172.26538171928
 31
-0.1786006726848441
  0
LINE
  5
17DF
330
1F
100
AcDbEntity
  8
DOOR WINDOW 1 300
 62
     7
440
 33554687
100
AcDbLine
 10
2873.240613061106
 20
2200.710020251879
 30
-0.1786006726848441
 11
3157.686998387473
 21
2200.710020251879
 31
-0.1786006726848441
  0
LINE
  5
17E0
330
1F
100
AcDbEntity
  8
DOOR WINDOW 1 300
 62
     7
440
 33554687
100
AcDbLine
 10
2873.240613061106
 20
2143.820743186553
 30
-0.1786006726848441
 11
3157.686998387473
 21
2143.820743186553
 31
-0.1786006726848441
  0
LINE
  5
17E1
330
1F
100
AcDbEntity
  8
DOOR WINDOW 1 300
 62
     7
440
 33554687
100
AcDbLine
 10
2873.240613061107
 20
1269.170879290253
 30
-0.1786006726848441
 11
3157.686998387473
 21
1269.170879290253
 31
-0.1786006726848441
  0
LINE
  5
17E2
330
1F
100
AcDbEntity
  8
DOOR WINDOW 1 300
 62
     7
440
 33554687
100
AcDbLine
 10
2974.868798231228
 20
2330.034478560708
 30
-0.1786006726848441
 11
2974.868798231228
 21
2398.921850934866
 31
-0.1786006726848441
1001
ACAD
1000
OLEBEGIN
1070
    70
1070
     1
1070
    71
1070
     1
1070
    40
1040
0.0
1070
    41
1040
29.08555843465729
1070
    42
1040
30.77078868793615
1070
    72
1070
     0
1070
     3
1000

1070
    90
1071
        0
1070
    43
1040
0.0
1070
     4
1000

1070
    91
1071
        0
1070
    44
1040
0.0
1000
OLEEND
  0
LINE
  5
17E3
330
1F
100
AcDbEntity
  8
DOOR WINDOW 1 300
 62
     7
440
 33554687
100
AcDbLine
 10
3043.812814580522
 20
2398.921850934866
 30
-0.1786006726848441
 11
3043.812814580522
 21
2330.034478560708
 31
-0.1786006726848441
1001
ACAD
1000
OLEBEGIN
1070
    70
1070
     1
1070
    71
1070
     1
1070
    40
1040
0.0
1070
    41
1040
29.08555843465729
1070
    42
1040
30.77078868793615
1070
    72
1070
     0
1070
     3
1000

1070
    90
1071
        0
1070
    43
1040
0.0
1070
     4
1000

1070
    91
1071
        0
1070
    44
1040
0.0
1000
OLEEND
  0
LINE
  5
17E4
330
1F
100
AcDbEntity
  8
DOOR WINDOW 1 300
 62
     7
440
 33554687
100
AcDbLine
 10
3043.812814580522
 20
2330.034478560708
 30
-0.1786006726848441
 11
2974.868798231228
 21
2330.034478560708
 31
-0.1786006726848441
1001
ACAD
1000
OLEBEGIN
1070
    70
1070
     1
1070
    71
1070
     1
1070
    40
1040
0.0
1070
    41
1040
29.08555843465729
1070
    42
1040
30.77078868793615
1070
    72
1070
     0
1070
     3
1000

1070
    90
1071
        0
1070
    43
1040
0.0
1070
     4
1000

1070
    91
1071
        0
1070
    44
1040
0.0
1000
OLEEND
  0
LINE
  5
17E5
330
1F
100
AcDbEntity
  8
DOOR WINDOW 1 300
 62
     7
440
 33554687
100
AcDbLine
 10
3062.871536612038
 20
1283.463080320233
 30
-0.1786006726848441
 11
3062.871536612038
 21
1195.666125432062
 31
-0.1786006726848441
  0
LINE
  5
17E6
330
1F
100
AcDbEntity
  8
DOOR WINDOW 1 300
 62
     7
440
 33554687
100
AcDbLine
 10
2873.240613061106
 20
1283.463080320233
 30
-0.1786006726848441
 11
3157.686998387473
 21
1283.463080320233
 31
-0.1786006726848441
  0
LINE
  5
17E7
330
1F
100
AcDbEntity
  8
DOOR WINDOW 1 300
 62
     7
440
 33554687
100
AcDbLine
 10
3062.871536612038
 20
1166.06800102102
 30
-0.1786006726848441
 11
3157.686998387473
 21
1166.06800102102
 31
-0.1786006726848441
  0
LINE
  5
17E8
330
1F
100
AcDbEntity
  8
DOOR WINDOW 1 300
 62
     7
440
 33554687
100
AcDbLine
 10
3062.871536612038
 20
1189.771866464898
 30
-0.1786006726848441
 11
3157.686998387473
 21
1189.771866464898
 31
-0.1786006726848441
  0
LINE
  5
17E9
330
1F
100
AcDbEntity
  8
DOOR WINDOW 1 300
 62
     7
440
 33554687
100
AcDbLine
 10
2873.240613061106
 20
2271.821616583447
 30
-0.1786006726848441
 11
3157.686998387473
 21
2271.821616583447
 31
-0.1786006726848441
  0
LINE
  5
17EA
330
1F
100
AcDbEntity
  8
DOOR WINDOW 1 300
 62
     7
440
 33554687
100
AcDbLine
 10
2873.240613061106
 20
2200.710020251879
 30
-0.1786006726848441
 11
3157.686998387473
 21
2200.710020251879
 31
-0.1786006726848441
  0
LINE
  5
17EB
330
1F
100
AcDbEntity
  8
DOOR WINDOW 1 300
 62
     7
440
 33554687
100
AcDbLine
 10
2873.240613061106
 20
2172.26538171928
 30
-0.1786006726848441
 11
3157.686998387473
 21
2172.26538171928
 31
-0.1786006726848441
  0
LINE
  5
17EC
330
1F
100
AcDbEntity
  8
DOOR WINDOW 1 300
 62
     7
440
 33554687
100
AcDbLine
 10
3062.871536612038
 20
1622.658620946078
 30
-0.1786006726848441
 11
3062.871536612038
 21
1100.850663656565
 31
-0.1786006726848441
  0
OLE2FRAME
  5
17ED
330
1F
100
AcDbEntity
  8
DOOR WINDOW 1 300
 62
     7
440
 33554687
100
AcDbOle2Frame
 70
     2
  1
OLE
1001
ACAD
1000
OLEBEGIN
1070
    70
1070
     1
1070
    71
1070
     1
1070
    40
1040
0.0
1070
    41
1040
59.31312893930499
1070
    42
1040
59.26439764137967
1070
    72
1070
     0
1070
     3
1000

1070
    90
1071
        0
1070
    43
1040
0.0
1070
     4
1000

1070
    91
1071
        0
1070
    44
1040
0.0
1000
OLEEND
  0
LINE
  5
17EE
330
1F
100
AcDbEntity
  8
DOOR WINDOW 1 300
 62
     7
440
 33554687
100
AcDbLine
 10
2873.240613061106
 20
2271.821616583447
 30
-0.1786006726848441
 11
3157.686998387473
 21
2271.821616583447
 31
-0.1786006726848441
  0
TEXT
  5
17EF
330
1F
100
AcDbEntity
  8
DOOR WINDOW 1 300
 62
     7
440
 33554687
100
AcDbText
 10
2994.276715410621
 20
2152.968972754809
 30
-0.1786006726848441
 40
11.85193272193146
  1
NAME
100
AcDbText
  0
TEXT
  5
17F0
330
1F
100
AcDbEntity
  8
DOOR WINDOW 1 300
 62
     7
440
 33554687
100
AcDbText
 10
2896.15755291587
 20
2181.458204041723
 30
-0.1786006726848441
 40
11.85193272193146
  1
UNIVERSITAS GADJAH MADA
100
AcDbText
  0
MTEXT
  5
17F1
102
{ACAD_XDICTIONARY
360
17F2
102
}
330
1F
100
AcDbEntity
  8
DOOR WINDOW 1 300
 62
     7
440
 33554687
100
AcDbMText
 10
3062.871536612038
 20
1137.030765852325
 30
-0.1786006726848441
 40
10.66673944973833
 41
95.28125911293541
 46
14.93343522963367
 71
     1
 72
     5
  1
\pxqc;26/10/2025
  7
750 judulskala150)
 73
     1
 44
1.0
1001
AcDbBlockRepETag
1070
     1
1071
       67
1005
0
  0
MTEXT
  5
17F3
102
{ACAD_XDICTIONARY
360
17F4
102
}
330
1F
100
AcDbEntity
  8
DOOR WINDOW 1 300
 62
     7
440
 33554687
100
AcDbMText
 10
2330.244812338069
 20
1167.828546377506
 30
-0.1786006726848441
 40
18.96338472142219
 41
551.2136987474486
 46
38.33461825021678
 71
     1
 72
     5
  1
\pxqc;Wiring Diagram MDP
  7
750 judulskala150)
 73
     1
 44
1.0
1001
AcDbBlockRepETag
1070
     1
1071
       67
1005
0
  0
LINE
  5
17F5
330
1F
100
AcDbEntity
  8
DOOR WINDOW 1 300
 62
     7
100
AcDbLine
 10
2388.815876194711
 20
1142.031740411785
 30
-0.1786006726848441
 11
2832.011784593289
 21
1142.031740411785
 31
-0.1786006726848441
  0
MTEXT
  5
17F6
102
{ACAD_XDICTIONARY
360
17F7
102
}
330
1F
100
AcDbEntity
  8
DOOR WINDOW 1 300
 62
     7
440
 33554687
100
AcDbMText
 10
2832.633637574754
 20
1184.952169306937
 30
-0.222206475426801
 40
9.588637018616326
 41
278.7154379148105
 46
19.38349851824271
 71
     1
 72
     5
  1
\pxqc;Wiring Diagram MDP
  7
750 judulskala150)
 73
     1
 44
1.0
1001
AcDbBlockRepETag
1070
     1
1071
       67
1005
0
  0
LINE
  5
17F8
330
1F
100
AcDbEntity
  8
DOOR WINDOW 1 300
 62
     7
440
 33554687
100
AcDbLine
 10
2873.240613061106
 20
2080.091652346243
 30
-0.1786006726848441
 11
3157.686998387473
 21
2080.091652346243
 31
-0.1786006726848441
  0
LINE
  5
17FC
330
1F
100
AcDbEntity
  8
0
 62
     1
100
AcDbLine
 10
1709.61024053556
 20
1120.480895331424
 30
0.0290000376094844
 11
1709.61024053556
 21
1116.708939465134
 31
0.0290000376094844
  0
MTEXT
  5
1802
102
{ACAD_XDICTIONARY
360
1803
102
}
330
1F
100
AcDbEntity
  8
DOOR WINDOW 1 300
 62
     7
440
 33554687
100
AcDbMText
 10
3060.257792892988
 20
1233.988728209081
 30
-0.1786006726848441
 40
10.66673944973833
 41
95.28125911293541
 46
14.93343522963367
 71
     1
 72
     5
  1
\pxqc;1 : 100
  7
750 judulskala150)
 73
     1
 44
1.0
1001
AcDbBlockRepETag
1070
     1
1071
       67
1005
0
  0
LINE
  5
1826
330
1F
100
AcDbEntity
  8
DOOR WINDOW 1 300
 62
     7
440
 33554687
100
AcDbLine
 10
2873.240613061107
 20
1586.281148384338
 30
-0.1786006726848441
 11
3157.686998387473
 21
1586.281148384338
 31
-0.1786006726848441
  0
LINE
  5
1827
330
1F
100
AcDbEntity
  8
DOOR WINDOW 1 300
 62
     7
440
 33554687
100
AcDbLine
 10
2873.240613061106
 20
1622.658620946078
 30
-0.1786006726848441
 11
3157.686998387473
 21
1622.658620946078
 31
-0.1786006726848441
  0
TEXT
  5
182E
330
1F
100
AcDbEntity
  8
DOOR WINDOW 1 300
 62
     7
440
 33554687
100
AcDbText
 10
2945.974056617055
 20
1598.707673513665
 30
-0.2599498183409754
 40
11.88363402552205
  1
Disetujui 
100
AcDbText
  0
TEXT
  5
1835
330
1F
100
AcDbEntity
  8
DOOR WINDOW 1 300
 62
     7
440
 33554687
100
AcDbText
 10
3089.019355761195
 20
1597.221627413865
 30
-0.2889532523822472
 40
13.20952914570154
  1
Paraf
100
AcDbText
  0
LWPOLYLINE
  5
18C4
330
1F
100
AcDbEntity
  8
DOOR WINDOW 1 300
 62
     7
440
 33554687
370
    30
100
AcDbPolyline
 90
        4
 70
     1
 43
0.0
 38
-0.1786006726848441
 10
1208.597037921844
 20
2482.391988793436
 10
3245.318659775914
 20
2489.137505465454
 10
3245.657800327045
 20
1054.256943877945
 10
1208.936178472974
 20
1047.511427205927
  0
VIEWPORT
  5
183F
102
{ACAD_XDICTIONARY
360
1840
102
}
330
58
100
AcDbEntity
 67
     1
  8
0
 62
     1
100
AcDbViewport
 10
237.1660604807165
 20
133.5737685308794
 30
0.0
 40
839.4663040315592
 41
371.9405276269622
 68
     2
 69
     1
 12
237.1660604807165
 22
133.5737685308794
 13
0.0
 23
0.0
 14
10.0
 24
10.0
 15
10.0
 25
10.0
 16
0.0
 26
0.0
 36
1.0
 17
0.0
 27
0.0
 37
0.0
 42
50.0
 43
0.0
 44
0.0
 45
371.9405276269622
 50
0.0
 51
0.0
 72
  1000
 90
   819232
  1

281
     0
 71
     1
 74
     0
110
0.0
120
0.0
130
0.0
111
1.0
121
0.0
131
0.0
112
0.0
122
1.0
132
0.0
 79
     0
146
0.0
170
     0
 61
     5
348
9F
292
     1
282
     1
141
0.0
142
0.0
 63
   250
421
  3355443
  0
VIEWPORT
  5
1843
102
{ACAD_XDICTIONARY
360
1844
102
}
330
58
100
AcDbEntity
 67
     1
  8
0
 62
     1
100
AcDbViewport
 10
226.0292733937076
 20
130.85345868293
 30
0.0
 40
471.2098605937667
 41
333.3615903123917
 68
     1
 69
     2
 12
2227.127416545898
 22
1768.324465343203
 13
0.0
 23
0.0
 14
0.5
 24
0.5
 15
0.5
 25
0.5
 16
0.0
 26
0.0
 36
1.0
 17
0.0
 27
0.0
 37
0.0
 42
50.0
 43
0.0
 44
0.0
 45
1454.478613251567
 50
0.0
 51
0.0
 72
  1000
 90
   819296
  1

281
     0
 71
     1
 74
     0
110
0.0
120
0.0
130
0.0
111
1.0
121
0.0
131
0.0
112
0.0
122
1.0
132
0.0
 79
     0
146
0.0
170
     0
 61
     5
348
9F
292
     1
282
     1
141
0.0
142
0.0
 63
   250
421
  3355443
  0
ENDSEC
  0
SECTION
  2
OBJECTS
  0
DICTIONARY
  5
C
330
0
100
AcDbDictionary
281
     1
  3
ACAD_CIP_PREVIOUS_PRODUCT_INFO
350
1A5
  3
ACAD_COLOR
350
73
  3
ACAD_DETAILVIEWSTYLE
350
1AB
  3
ACAD_GROUP
350
D
  3
ACAD_LAST_SAVED_VERSION_INFO
350
251
  3
ACAD_LAYOUT
350
1A
  3
ACAD_MATERIAL
350
72
  3
ACAD_MLEADERSTYLE
350
D7
  3
ACAD_MLINESTYLE
350
17
  3
ACAD_PLOTSETTINGS
350
19
  3
ACAD_PLOTSTYLENAME
350
E
  3
ACAD_RENDER_RAPIDRT_SETTINGS
350
1854
  3
ACAD_SCALELIST
350
B6
  3
ACAD_SECTIONVIEWSTYLE
350
1A8
  3
ACAD_TABLESTYLE
350
86
  3
ACAD_VISUALSTYLE
350
99
  3
ACDB_RECOMPOSE_DATA
350
197F
  3
AcDbVariableDictionary
350
66
  0
DICTIONARY
  5
18E
330
2
100
AcDbDictionary
280
     1
281
     1
  3
ACAD_LAYERSTATES
360
18F
  0
DICTIONARY
  5
E6
330
10
100
AcDbDictionary
280
     1
281
     1
  0
DICTIONARY
  5
255
330
254
100
AcDbDictionary
280
     1
281
     1
  0
DICTIONARY
  5
15D
330
1F
100
AcDbDictionary
280
     1
281
     1
  0
DICTIONARY
  5
873
330
871
100
AcDbDictionary
280
     1
281
     1
  0
DICTIONARY
  5
17F2
330
17F1
100
AcDbDictionary
280
     1
281
     1
  0
DICTIONARY
  5
17F4
330
17F3
100
AcDbDictionary
280
     1
281
     1
  0
DICTIONARY
  5
17F7
330
17F6
100
AcDbDictionary
280
     1
281
     1
  0
DICTIONARY
  5
1803
330
1802
100
AcDbDictionary
280
     1
281
     1
  0
DICTIONARY
  5
1840
330
183F
100
AcDbDictionary
280
     1
281
     1
  3
ASDK_XREC_ANNOTATION_SCALE_INFO
360
1841
  0
DICTIONARY
  5
1844
330
1843
100
AcDbDictionary
280
     1
281
     1
  3
ASDK_XREC_ANNOTATION_SCALE_INFO
360
1845
  0
XRECORD
  5
1A5
102
{ACAD_REACTORS
330
C
102
}
330
C
100
AcDbXrecord
280
     1
300

300

300

  0
DICTIONARY
  5
73
102
{ACAD_REACTORS
330
C
102
}
330
C
100
AcDbDictionary
281
     1
  0
DICTIONARY
  5
1AB
102
{ACAD_REACTORS
330
C
102
}
330
C
100
AcDbDictionary
281
     1
  3
Imperial24
350
1AC
  3
Metric50
350
25E
  0
DICTIONARY
  5
D
102
{ACAD_REACTORS
330
C
102
}
330
C
100
AcDbDictionary
281
     1
  3
*A1
350
1825
  0
XRECORD
  5
251
102
{ACAD_REACTORS
330
C
102
}
330
C
100
AcDbXrecord
280
     1
300
{856BC825-A7B4-9546-8988-700D9EDDBEF3}
301
{0FBBE061-3061-E74D-97C6-4EFBEC32ED96}
302
{856BC825-A7B4-9546-8988-700D9EDDBEF3}
303
C:\Users\ACER\Documents\Portofolio Electrical Engineer_Ahmad Farel Desadvi Akbar\Wiring_Diagram_MDP_Ahmad Farel Desadvi Akbar.dwg
  0
DICTIONARY
  5
1A
102
{ACAD_REACTORS
330
C
102
}
330
C
100
AcDbDictionary
281
     1
  3
Layout1
350
59
  3
Layout2
350
5E
  3
Model
350
22
  0
DICTIONARY
  5
72
102
{ACAD_REACTORS
330
C
102
}
330
C
100
AcDbDictionary
281
     1
  3
ByBlock
350
97
  3
ByLayer
350
96
  3
Global
350
98
  0
DICTIONARY
  5
D7
102
{ACAD_REACTORS
330
C
102
}
330
C
100
AcDbDictionary
281
     1
  3
Annotative
350
E5
  3
Standard
350
D8
  0
DICTIONARY
  5
17
102
{ACAD_REACTORS
330
C
102
}
330
C
100
AcDbDictionary
281
     1
  3
Standard
350
18
  0
DICTIONARY
  5
19
102
{ACAD_REACTORS
330
C
102
}
330
C
100
AcDbDictionary
281
     1
  0
ACDBDICTIONARYWDFLT
  5
E
102
{ACAD_REACTORS
330
C
102
}
330
C
100
AcDbDictionary
281
     1
  3
Normal
350
F
100
AcDbDictionaryWithDefault
340
F
  0
DICTIONARY
  5
1854
102
{ACAD_REACTORS
330
C
102
}
330
C
100
AcDbDictionary
281
     1
  3
Coffee-Break Quality
350
1858
  3
High
350
1857
  3
Low
350
1855
  3
Lunch Quality
350
1859
  3
Medium
350
1856
  3
Overnight Quality
350
185A
  0
DICTIONARY
  5
B6
102
{ACAD_REACTORS
330
C
102
}
330
C
100
AcDbDictionary
281
     1
  3
A0
350
B7
  3
A1
350
124
  3
A2
350
125
  3
A3
350
126
  3
A4
350
127
  3
A5
350
128
  3
A6
350
129
  3
A7
350
12A
  3
A8
350
12B
  3
A9
350
12C
  3
B0
350
12D
  3
B1
350
12E
  3
B2
350
12F
  3
B3
350
130
  3
B4
350
131
  3
B5
350
132
  3
B6
350
133
  3
B7
350
134
  3
B8
350
135
  3
B9
350
136
  3
C0
350
137
  3
C1
350
138
  3
C2
350
139
  3
C3
350
13A
  3
C4
350
13B
  3
C5
350
13C
  3
C6
350
13D
  3
C7
350
13E
  3
C8
350
13F
  3
C9
350
140
  3
D0
350
141
  3
D1
350
142
  3
D2
350
143
  0
DICTIONARY
  5
1A8
102
{ACAD_REACTORS
330
C
102
}
330
C
100
AcDbDictionary
281
     1
  3
Imperial24
350
1AA
  3
Metric50
350
25D
  0
DICTIONARY
  5
86
102
{ACAD_REACTORS
330
C
102
}
330
C
100
AcDbDictionary
281
     1
  3
Standard
350
87
  0
DICTIONARY
  5
99
102
{ACAD_REACTORS
330
C
102
}
330
C
100
AcDbDictionary
281
     1
  3
2dWireframe
350
9F
  3
Basic
350
9E
  3
Brighten
350
A5
  3
ColorChange
350
A9
  3
Conceptual
350
A2
  3
Dim
350
A4
  3
EdgeColorOff
350
175
  3
Facepattern
350
A8
  3
Flat
350
9A
  3
FlatWithEdges
350
9B
  3
Gouraud
350
9C
  3
GouraudWithEdges
350
9D
  3
Hidden
350
A1
  3
JitterOff
350
173
  3
Linepattern
350
A7
  3
OverhangOff
350
174
  3
Realistic
350
A3
  3
Shaded
350
182
  3
Shaded with edges
350
181
  3
Shades of Gray
350
17E
  3
Sketchy
350
17F
  3
Thicken
350
A6
  3
Wireframe
350
A0
  3
X-Ray
350
180
  0
XRECORD
  5
197F
102
{ACAD_REACTORS
330
C
102
}
330
C
100
AcDbXrecord
280
     1
 90
        1
330
87
  0
DICTIONARY
  5
66
102
{ACAD_REACTORS
330
C
102
}
330
C
100
AcDbDictionary
281
     1
  3
CANNOSCALE
350
F0
  3
CMLEADERSTYLE
350
EF
  3
CTABLESTYLE
350
89
  3
CVIEWDETAILSTYLE
350
1B7
  3
CVIEWSECTIONSTYLE
350
1B8
  3
DIMASSOC
350
67
  3
HIDETEXT
350
6B
  3
LAYEREVAL
350
14D
  3
LAYERNOTIFY
350
14E
  0
DICTIONARY
  5
18F
102
{ACAD_REACTORS
330
18E
102
}
330
18E
100
AcDbDictionary
281
     1
  0
XRECORD
  5
1841
102
{ACAD_REACTORS
330
1840
102
}
330
1840
100
AcDbXrecord
280
     1
 90
        1
340
B7
  0
XRECORD
  5
1845
102
{ACAD_REACTORS
330
1844
102
}
330
1844
100
AcDbXrecord
280
     1
 90
        1
340
B7
  0
ACDBDETAILVIEWSTYLE
  5
1AC
102
{ACAD_REACTORS
330
1AB
102
}
330
1AB
100
AcDbModelDocViewStyle
 70
     0
  3
Imperial24
290
     0
300
Imperial24
 90
        0
100
AcDbDetailViewStyle
 70
     0
 71
     0
 90
        3
 71
     1
340
11
 62
   256
 40
0.24
340
0
 62
   256
 40
0.24
300

 40
0.36
280
     3
 71
     2
340
16
 90
       25
 62
   256
 71
     3
340
11
 62
   256
 40
0.24
 90
        1
 40
0.75
 90
        1
300
%<\AcVar ViewType \f "%tc1">% %<\AcVar ViewDetailId>%\PSCALE %<\AcVar ViewScale \f "%sn">%
 71
     4
340
16
 90
       25
 62
   256
340
16
 90
       25
 62
   256
280
     0
  0
ACDBDETAILVIEWSTYLE
  5
25E
102
{ACAD_REACTORS
330
1AB
102
}
330
1AB
100
AcDbModelDocViewStyle
 70
     0
  3
Metric50
290
     0
300
Metric50
 90
        0
100
AcDbDetailViewStyle
 70
     0
 71
     0
 90
        3
 71
     1
340
11
 62
   256
 40
5.0
340
0
 62
   256
 40
5.0
300

 40
0.0
280
     1
 71
     2
340
16
 90
       25
 62
   256
 71
     3
340
11
 62
   256
 40
5.0
 90
        0
 40
15.0
 90
        1
300
%<\AcVar ViewDetailId>% (%<\AcVar ViewScale \f "%sn">%)
 71
     4
340
16
 90
       25
 62
   256
340
16
 90
       25
 62
   256
280
     0
  0
GROUP
  5
1825
102
{ACAD_REACTORS
330
D
102
}
330
D
100
AcDbGroup
300

 70
     1
 71
     1
340
13B1
340
13B0
340
13AF
340
13AE
340
13AD
340
13AB
340
13AA
340
13A9
340
13A1
340
13A0
340
139F
340
139E
340
139D
340
139C
340
139B
340
139A
340
1399
340
1398
340
1397
340
1396
340
1395
340
1394
340
1393
340
1392
340
1391
340
138F
340
138E
340
138C
340
138A
340
1388
340
137D
340
137C
340
137B
340
137A
340
1379
340
1378
340
1377
340
1376
340
1375
340
1374
340
1373
340
1372
340
1371
340
1370
340
136F
340
136E
340
136D
340
136C
340
136B
340
136A
340
1369
340
1368
340
1367
340
1366
340
1365
340
1364
340
1363
340
1362
340
1361
340
1360
340
135F
340
135E
340
135D
340
135C
340
135B
340
135A
340
1359
340
1358
340
1357
340
1356
340
1355
340
1354
340
1353
340
1352
340
1351
340
1350
340
134F
340
134E
340
134D
340
134C
340
134B
340
134A
340
1349
340
1348
340
1347
340
1346
340
1345
340
1344
340
1343
340
1342
340
1341
340
1340
340
133F
340
133E
340
133D
340
133C
340
133B
340
133A
340
1339
340
1338
340
1337
340
1336
340
1335
340
1334
340
1333
340
1332
340
1331
340
1330
340
132F
340
132E
340
132D
340
132C
340
132B
340
132A
340
1329
340
1328
340
1327
340
1326
340
1325
340
1324
340
1323
340
1322
340
1321
340
1320
340
131F
340
131E
340
131D
340
131C
340
131B
340
131A
340
1319
340
1318
340
1317
340
1316
340
1315
340
1314
340
1313
340
1312
340
1311
340
1310
340
130F
340
130E
340
130D
340
130C
340
130B
340
130A
340
1309
340
1308
340
1307
340
1306
340
1305
340
1304
340
1303
340
1302
340
1301
340
1300
340
12FF
340
12FE
340
12FD
340
12FC
340
12FB
340
12FA
340
12F9
340
12F8
340
12F7
340
12F6
340
12F5
340
12F4
340
12F3
340
12F2
340
12F1
340
12F0
340
12EF
340
12EE
340
12ED
340
12EC
340
12EB
340
12EA
340
12E9
340
12E8
340
12E7
340
12E6
340
12E5
340
12E4
340
12E3
340
12E2
340
88C
340
88B
340
88A
340
889
340
888
340
887
340
886
340
885
340
884
340
883
340
882
340
881
340
880
340
87D
340
876
340
86B
340
86A
340
869
340
868
340
865
340
863
340
862
340
861
340
860
340
85F
340
85E
340
85D
340
85C
340
85B
340
85A
340
859
340
858
340
857
340
856
340
855
340
854
340
853
340
852
340
851
340
850
340
84F
340
84E
340
84D
340
84C
340
84B
340
84A
340
849
340
848
340
847
340
846
340
845
340
844
340
843
340
842
340
841
340
840
340
83F
340
83E
340
83D
340
83C
340
83B
340
83A
340
839
340
838
340
837
340
836
340
835
340
834
340
833
340
832
340
831
340
830
340
82F
340
82E
340
82D
340
82C
340
82B
340
82A
340
829
340
828
340
827
340
826
340
825
340
824
340
823
340
822
340
821
340
820
340
81F
340
81E
340
81D
340
81C
340
81B
340
81A
340
819
340
818
340
817
340
816
340
815
340
814
340
813
340
812
340
811
340
810
340
80F
340
80E
340
80D
340
80C
340
80B
340
80A
340
809
340
808
340
807
340
806
340
805
340
804
340
803
340
802
340
801
340
800
340
7FF
340
7FE
340
7FD
340
7FC
340
7FB
340
7FA
340
7F9
340
7F8
340
7F7
340
7F6
340
7F5
340
7F4
340
7F3
340
7F2
340
7F1
340
7F0
340
7EF
340
7EE
340
7ED
340
7EC
340
7EB
340
7EA
340
7E9
340
7E8
340
7E7
340
7E6
340
7E5
340
7E4
340
7E3
340
7E2
340
7E1
340
7E0
340
7DF
340
7DE
340
7DD
340
7DC
340
7DB
340
7DA
340
7D9
340
7D8
340
7D7
340
7D6
340
7D5
340
7D4
340
7D3
340
7D2
340
7D1
340
7D0
340
7CF
340
7CE
340
7CD
340
7CC
340
7CB
340
7CA
340
7C9
340
7C8
340
7C7
340
7C6
340
7C5
340
7C4
340
7C3
340
7C2
340
7C1
340
7C0
340
7BF
340
7BE
340
7BD
340
7BC
340
7BB
340
7BA
340
7B9
340
7B8
340
7B7
340
7B6
340
7B5
340
7B4
340
7B3
340
7B2
340
7B1
340
7B0
340
7AF
340
7AE
340
7AD
340
7AC
340
7AB
340
7AA
340
7A9
340
7A8
340
7A7
340
7A6
340
7A5
340
7A4
340
7A3
340
7A2
340
7A1
340
7A0
340
79F
340
79E
340
79D
340
79C
340
79B
340
79A
340
799
340
798
340
797
340
796
340
795
340
794
340
793
340
792
340
791
340
790
340
78F
340
78E
340
78D
340
78C
340
78B
340
78A
340
789
340
788
340
787
340
786
340
785
340
784
340
783
340
782
340
781
340
780
340
77F
340
77E
340
77D
340
77C
340
77B
340
77A
340
779
340
778
340
777
340
776
340
775
340
774
340
773
340
772
340
771
340
770
340
76F
340
76E
340
76D
340
76C
340
76B
340
76A
340
769
340
768
340
767
340
766
340
765
340
764
340
763
340
762
340
761
340
760
340
75F
340
75E
340
75D
340
75C
340
75B
340
75A
340
759
340
758
340
757
340
756
340
755
340
754
340
753
340
752
340
751
340
750
340
74F
340
74E
340
74D
340
74C
340
74B
340
74A
340
749
340
748
340
747
340
746
340
745
340
744
340
743
340
742
340
741
340
740
340
73F
340
73E
340
73D
340
73C
340
73B
340
73A
340
739
340
738
340
737
340
736
340
735
340
734
340
733
340
732
340
731
340
730
340
72F
340
72E
340
72D
340
72C
340
72B
340
72A
340
729
340
728
340
727
340
726
340
725
340
724
340
723
340
722
340
721
340
720
340
71F
340
71E
340
71D
340
71C
340
71B
340
71A
340
719
340
718
340
717
340
716
340
715
340
714
340
713
340
712
340
711
340
710
340
70F
340
70E
340
70D
340
70C
340
70B
340
70A
340
709
340
708
340
707
340
706
340
705
340
704
340
703
340
702
340
701
340
700
340
6FF
340
6FE
340
6FD
340
6FC
340
6FB
340
6FA
340
6F9
340
6F8
340
6F7
340
6F6
340
6F5
340
6F4
340
6F3
340
6F2
340
6F1
340
6F0
340
6EF
340
6EE
340
6ED
340
6EC
340
6EB
340
6EA
340
6E9
340
6E8
340
6E7
340
6E6
340
6E5
340
6E4
340
6E3
340
6E2
340
6E1
340
6E0
340
6DF
340
6DE
340
6DD
340
6DC
340
6DB
340
6DA
340
6D9
340
6D8
340
6D7
340
6D6
340
6D5
340
6D4
340
6D3
340
6D2
340
6D1
340
6D0
340
6CF
340
6CE
340
6CD
340
6CC
340
6CB
340
6CA
340
6C9
340
6C8
340
6C7
340
6C6
340
6C5
340
6C4
340
6C3
340
6C2
340
6C1
340
6C0
340
6BF
340
6BE
340
6BD
340
6BC
340
6BB
340
6BA
340
6B9
340
6B8
340
6B7
340
6B6
340
6B5
340
6B4
340
6B3
340
6B2
340
6B1
340
6B0
340
6AF
340
6AE
340
6AD
340
6AC
340
6AB
340
6AA
340
6A9
340
6A8
340
6A7
340
6A6
340
6A5
340
6A4
340
6A3
340
6A2
340
6A1
340
6A0
340
69F
340
69E
340
69D
340
69C
340
69B
340
69A
340
699
340
698
340
697
340
696
340
695
340
694
340
693
340
692
340
691
340
690
340
68F
340
68E
340
68D
340
68C
340
68B
340
68A
340
689
340
688
340
687
340
686
340
685
340
684
340
683
340
682
340
681
340
680
340
67F
340
67E
340
67D
340
67C
340
67B
340
67A
340
679
340
678
340
677
340
676
340
675
340
674
340
673
340
672
340
671
340
670
340
66F
340
66E
340
66D
340
66C
340
66B
340
66A
340
669
340
668
340
667
340
666
340
665
340
664
340
663
340
662
340
661
340
660
340
65F
340
65E
340
65D
340
65C
340
65B
340
65A
340
659
340
658
340
657
340
656
340
655
340
654
340
653
340
652
340
651
340
650
340
64F
340
64E
340
64D
340
64C
340
64B
340
64A
340
649
340
648
340
647
340
646
340
645
340
644
340
643
340
642
340
641
340
640
340
63F
340
63E
340
63D
340
63C
340
63B
340
63A
340
639
340
638
340
637
340
636
340
635
340
634
340
633
340
632
340
631
340
630
340
62F
340
62E
340
62D
340
62C
340
62B
340
62A
340
629
340
628
340
627
340
626
340
625
340
624
340
623
340
622
340
621
340
620
340
61F
340
61E
340
61D
340
61C
340
61B
340
61A
340
619
340
618
340
617
340
616
340
615
340
614
340
613
340
612
340
611
340
610
340
60F
340
60E
340
60D
340
60C
340
60B
340
60A
340
609
340
608
340
607
340
606
340
605
340
604
340
603
340
602
340
601
340
600
340
5FF
340
5FE
340
5FD
340
5FC
340
5FB
340
5FA
340
5F9
340
5F8
340
5F7
340
5F6
340
5F5
340
5F4
340
5F3
340
5F2
340
5F1
340
5F0
340
5EF
340
5EE
340
5ED
340
5EC
340
5EB
340
5EA
340
5E9
340
5E8
340
5E7
340
5E6
340
5E5
340
5E4
340
5E3
340
5E2
340
5E1
340
5E0
340
5DF
340
5DE
340
5DD
340
5DC
340
5DB
340
5DA
340
5D9
340
5D8
340
5D7
340
5D6
340
5D5
340
5D4
340
5D3
340
5D2
340
5D1
340
5D0
340
5CF
340
5CE
340
5CD
340
5CC
340
5CB
340
5CA
340
5C9
340
5C8
340
5C7
340
5C6
340
5C5
340
5C4
340
5C3
340
5C2
340
5C1
340
5C0
340
5BF
340
5BE
340
5BD
340
5BC
340
5BB
340
5BA
340
5B9
340
5B8
340
5B7
340
5B6
340
5B5
340
5B4
340
5B3
340
5B2
340
5B1
340
5B0
340
5AF
340
5AE
340
5AD
340
5AC
340
5AB
340
5AA
340
5A9
340
5A8
340
5A7
340
5A6
340
5A5
340
5A4
340
5A3
340
5A2
340
5A1
340
5A0
340
59F
340
59E
340
59D
340
59C
340
59B
340
59A
340
599
340
598
340
597
340
596
340
595
340
594
340
593
340
592
340
591
340
590
340
58F
340
58E
340
58D
340
58C
340
58B
340
58A
340
589
340
588
340
587
340
586
340
585
340
584
340
583
340
582
340
581
340
580
340
57F
340
57E
340
57D
340
57C
340
57B
340
57A
340
579
340
578
340
577
340
576
340
575
340
574
340
573
340
572
340
571
340
570
340
56F
340
56E
340
56D
340
56C
340
56B
340
56A
340
569
  0
LAYOUT
  5
59
102
{ACAD_REACTORS
330
1A
102
}
330
1A
100
AcDbPlotSettings
  1

  2
AutoCAD PDF (High Quality Print).pc3
  4
ISO_A3_(420.00_x_297.00_MM)
  6

 40
5.0
 41
17.0
 42
5.0
 43
17.0
 44
420.0
 45
297.0
 46
0.0
 47
0.0
 48
0.0
 49
0.0
140
0.0
141
0.0
142
1.0
143
1.126623584201658
 70
   688
 72
     1
 73
     0
 74
     1
  7

 75
     0
147
0.8876079056241433
 76
     0
 77
     2
 78
   300
148
4.813068276394005
149
16.54118595497812
100
AcDbLayout
  1
Layout1
 70
     1
 71
     1
 10
-10.4461861974023
 20
-35.69378688640632
 11
462.7357191672944
 21
298.9134176214863
 12
0.0
 22
0.0
 32
0.0
 14
-9.57565690317574
 24
-35.82733647326586
 34
0.0
 15
461.6342036905909
 25
297.5342538391259
 35
0.0
146
0.0
 13
0.0
 23
0.0
 33
0.0
 16
1.0
 26
0.0
 36
0.0
 17
0.0
 27
1.0
 37
0.0
 76
     0
330
58
331
1843
1001
ACAD_PSEXT
1000
AutoCAD PDF (High Quality Print).pc3
1000
DWG To PDF
1000
File
1000

1070
     0
  0
LAYOUT
  5
5E
102
{ACAD_REACTORS
330
1A
102
}
330
1A
100
AcDbPlotSettings
  1

  2
None
  4

  6

 40
0.0
 41
0.0
 42
0.0
 43
0.0
 44
0.0
 45
0.0
 46
0.0
 47
0.0
 48
0.0
 49
0.0
140
0.0
141
0.0
142
1.0
143
1.0
 70
   688
 72
     0
 73
     0
 74
     5
  7

 75
    16
147
1.0
 76
     0
 77
     2
 78
   300
148
0.0
149
0.0
100
AcDbLayout
  1
Layout2
 70
     1
 71
     2
 10
0.0
 20
0.0
 11
12.0
 21
9.0
 12
0.0
 22
0.0
 32
0.0
 14
0.0
 24
0.0
 34
0.0
 15
0.0
 25
0.0
 35
0.0
146
0.0
 13
0.0
 23
0.0
 33
0.0
 16
1.0
 26
0.0
 36
0.0
 17
0.0
 27
1.0
 37
0.0
 76
     0
330
5D
  0
LAYOUT
  5
22
102
{ACAD_XDICTIONARY
360
194
102
}
102
{ACAD_REACTORS
330
1A
102
}
330
1A
100
AcDbPlotSettings
  1

  2
AutoCAD PDF (High Quality Print).pc3
  4
ISO_A3_(420.00_x_297.00_MM)
  6

 40
5.0
 41
17.0
 42
5.0
 43
17.0
 44
420.0
 45
297.0
 46
17.90055713900679
 47
0.0
 48
1209.76233643764
 49
1056.502474439257
140
3240.52950729547
141
2483.796318206649
142
1.0
143
5.426972789990084
 70
 11956
 72
     1
 73
     0
 74
     4
  7

 75
     0
147
0.1842647897266917
 76
     0
 77
     2
 78
   300
148
-1209.76233643764
149
-1056.502474439257
100
AcDbLayout
  1
Model
 70
     1
 71
     0
 10
0.0
 20
0.0
 11
12.0
 21
9.0
 12
0.0
 22
0.0
 32
0.0
 14
0.0
 24
0.0
 34
0.0
 15
0.0
 25
0.0
 35
0.0
146
0.0
 13
0.0
 23
0.0
 33
0.0
 16
1.0
 26
0.0
 36
0.0
 17
0.0
 27
1.0
 37
0.0
 76
     0
330
1F
331
94
1001
ACAD_PSEXT
1000
AutoCAD PDF (High Quality Print).pc3
1000
DWG To PDF
1000
File
1000

1070
     0
  0
MATERIAL
  5
97
102
{ACAD_XDICTIONARY
360
188
102
}
102
{ACAD_REACTORS
330
72
102
}
330
72
100
AcDbMaterial
  1
ByBlock
 94
       63
  0
MATERIAL
  5
96
102
{ACAD_XDICTIONARY
360
186
102
}
102
{ACAD_REACTORS
330
72
102
}
330
72
100
AcDbMaterial
  1
ByLayer
 94
       63
  0
MATERIAL
  5
98
102
{ACAD_XDICTIONARY
360
110
102
}
102
{ACAD_REACTORS
330
72
102
}
330
72
100
AcDbMaterial
  1
Global
 43
0.0208000000566244
 43
0.0
 43
0.0
 43
0.0
 43
0.0
 43
0.0208000000566244
 43
0.0
 43
0.0
 43
0.0
 43
0.0
 43
1.0
 43
0.0
 43
0.0
 43
0.0
 43
0.0
 43
1.0
 49
0.0208000000566244
 49
0.0
 49
0.0
 49
0.0
 49
0.0
 49
0.0208000000566244
 49
0.0
 49
0.0
 49
0.0
 49
0.0
 49
1.0
 49
0.0
 49
0.0
 49
0.0
 49
0.0
 49
1.0
142
0.0208000000566244
142
0.0
142
0.0
142
0.0
142
0.0
142
0.0208000000566244
142
0.0
142
0.0
142
0.0
142
0.0
142
1.0
142
0.0
142
0.0
142
0.0
142
0.0
142
1.0
144
0.0208000000566244
144
0.0
144
0.0
144
0.0
144
0.0
144
0.0208000000566244
144
0.0
144
0.0
144
0.0
144
0.0
144
1.0
144
0.0
144
0.0
144
0.0
144
0.0
144
1.0
 94
       63
1001
ACAD
1070
    -1
1070
     3
1070
     0
1000

1071
        0
1070
     0
  0
MLEADERSTYLE
  5
E5
102
{ACAD_REACTORS
330
D7
102
}
330
D7
100
AcDbMLeaderStyle
179
     2
170
     2
171
     1
172
     0
 90
        2
 40
0.0
 41
0.0
173
     1
 91
-1056964608
340
14
 92
       -2
290
     1
 42
0.09
291
     1
 43
0.36
  3
Standard
 44
0.18
300

342
11
174
     1
178
     1
175
     1
176
     0
 93
-1056964608
 45
0.18
292
     0
297
     0
 46
0.18
 94
-1056964608
 47
1.0
 49
1.0
140
1.0
293
     1
141
0.0
294
     1
177
     0
142
1.0
295
     0
296
     1
143
0.125
271
     0
272
     9
273
     9
298
     0
  0
MLEADERSTYLE
  5
D8
102
{ACAD_REACTORS
330
D7
102
}
330
D7
100
AcDbMLeaderStyle
179
     2
170
     2
171
     1
172
     0
 90
        2
 40
0.0
 41
0.0
173
     1
 91
-1056964608
340
14
 92
       -2
290
     1
 42
0.09
291
     1
 43
0.36
  3
Standard
 44
0.18
300

342
11
174
     1
178
     1
175
     1
176
     0
 93
-1056964608
 45
0.18
292
     0
297
     0
 46
0.18
 94
-1056964608
 47
1.0
 49
1.0
140
1.0
293
     1
141
0.0
294
     1
177
     0
142
1.0
295
     0
296
     0
143
0.125
271
     0
272
     9
273
     9
298
     0
  0
MLINESTYLE
  5
18
102
{ACAD_REACTORS
330
17
102
}
330
17
100
AcDbMlineStyle
  2
STANDARD
 70
     0
  3

 62
   256
 51
90.0
 52
90.0
 71
     2
 49
0.5
 62
   256
  6
BYLAYER
 49
-0.5
 62
   256
  6
BYLAYER
  0
ACDBPLACEHOLDER
  5
F
102
{ACAD_REACTORS
330
E
102
}
330
E
  0
ACAD_PROXY_OBJECT
  5
1858
102
{ACAD_REACTORS
330
1854
102
}
330
1854
100
AcDbProxyObject
 90
      499
 91
      518
 71
    33
 97
      329
 70
     0
162
               694
311
4510C01BC019801980194019400B4010801C80194018401AC0080014401D4018401B001A401D001E40245948019401B80190019401C801CC0080019801BC01C8008000C400C0008001B401A401B801D401D0019401CC00
161
               217
310
40AD0340D014050A40502000000000000021000000000000000840CC
 94
        0
  0
ACAD_PROXY_OBJECT
  5
1857
102
{ACAD_REACTORS
330
1854
102
}
330
1854
100
AcDbProxyObject
 90
      499
 91
      518
 71
    33
 97
      329
 70
     0
162
               518
311
4112001A4019C01A00246D0401C001C001B001A4019401CC008000C400C0008001C8019401B80190019401C801A401B8019C008001B0019401D8019401B001CC00
161
               209
310
40AD0240E4290140902000000000000021000000000000000840CC
 94
        0
  0
ACAD_PROXY_OBJECT
  5
1855
102
{ACAD_REACTORS
330
1854
102
}
330
1854
100
AcDbProxyObject
 90
      499
 91
      518
 71
    33
 97
      329
 70
     0
162
               470
311
40D3001BC01DC024650401C001C001B001A4019401CC008000C4008001C8019401B80190019401C801A401B8019C008001B0019401D8019401B000
161
               193
310
40AE40E40501902000000000000021000000000000000840CC
 94
        0
  0
ACAD_PROXY_OBJECT
  5
1859
102
{ACAD_REACTORS
330
1854
102
}
330
1854
100
AcDbProxyObject
 90
      499
 91
      518
 71
    33
 97
      329
 70
     0
162
               582
311
4353001D401B8018C01A00080014401D4018401B001A401D001E40245948019401B80190019401C801CC0080019801BC01C8008000D800C0008001B401A401B801D401D0019401CC00
161
               217
310
40AD0440D014053C40902000000000000021000000000000000840CC
 94
        0
  0
ACAD_PROXY_OBJECT
  5
1856
102
{ACAD_REACTORS
330
1854
102
}
330
1854
100
AcDbProxyObject
 90
      499
 91
      518
 71
    33
 97
      329
 70
     0
162
               534
311
419340194019001A401D401B4024690401C001C001B001A4019401CC008000D4008001C8019401B80190019401C801A401B8019C008001B0019401D8019401B001CC00
161
               209
310
40AD0140E4150140502000000000000021000000000000000840CC
 94
        0
  0
ACAD_PROXY_OBJECT
  5
185A
102
{ACAD_REACTORS
330
1854
102
}
330
1854
100
AcDbProxyObject
 90
      499
 91
      518
 71
    33
 97
      329
 70
     0
162
               614
311
4453C01D8019401C801B801A4019C01A001D00080014401D4018401B001A401D001E40245148019401B80190019401C801CC0080019801BC01C8008000C400C8008001A001BC01D401C801CC00
161
               241
310
40AD0540D01404D002000040902000000000000021000000000000000840CC
 94
        0
  0
SCALE
  5
B7
102
{ACAD_REACTORS
330
B6
102
}
330
B6
100
AcDbScale
 70
     0
300
1:1
140
1.0
141
1.0
290
     1
  0
SCALE
  5
124
102
{ACAD_REACTORS
330
B6
102
}
330
B6
100
AcDbScale
 70
     0
300
1:2
140
1.0
141
2.0
290
     0
  0
SCALE
  5
125
102
{ACAD_REACTORS
330
B6
102
}
330
B6
100
AcDbScale
 70
     0
300
1:4
140
1.0
141
4.0
290
     0
  0
SCALE
  5
126
102
{ACAD_REACTORS
330
B6
102
}
330
B6
100
AcDbScale
 70
     0
300
1:5
140
1.0
141
5.0
290
     0
  0
SCALE
  5
127
102
{ACAD_REACTORS
330
B6
102
}
330
B6
100
AcDbScale
 70
     0
300
1:8
140
1.0
141
8.0
290
     0
  0
SCALE
  5
128
102
{ACAD_REACTORS
330
B6
102
}
330
B6
100
AcDbScale
 70
     0
300
1:10
140
1.0
141
10.0
290
     0
  0
SCALE
  5
129
102
{ACAD_REACTORS
330
B6
102
}
330
B6
100
AcDbScale
 70
     0
300
1:16
140
1.0
141
16.0
290
     0
  0
SCALE
  5
12A
102
{ACAD_REACTORS
330
B6
102
}
330
B6
100
AcDbScale
 70
     0
300
1:20
140
1.0
141
20.0
290
     0
  0
SCALE
  5
12B
102
{ACAD_REACTORS
330
B6
102
}
330
B6
100
AcDbScale
 70
     0
300
1:30
140
1.0
141
30.0
290
     0
  0
SCALE
  5
12C
102
{ACAD_REACTORS
330
B6
102
}
330
B6
100
AcDbScale
 70
     0
300
1:40
140
1.0
141
40.0
290
     0
  0
SCALE
  5
12D
102
{ACAD_REACTORS
330
B6
102
}
330
B6
100
AcDbScale
 70
     0
300
1:50
140
1.0
141
50.0
290
     0
  0
SCALE
  5
12E
102
{ACAD_REACTORS
330
B6
102
}
330
B6
100
AcDbScale
 70
     0
300
1:100
140
1.0
141
100.0
290
     0
  0
SCALE
  5
12F
102
{ACAD_REACTORS
330
B6
102
}
330
B6
100
AcDbScale
 70
     0
300
2:1
140
2.0
141
1.0
290
     0
  0
SCALE
  5
130
102
{ACAD_REACTORS
330
B6
102
}
330
B6
100
AcDbScale
 70
     0
300
4:1
140
4.0
141
1.0
290
     0
  0
SCALE
  5
131
102
{ACAD_REACTORS
330
B6
102
}
330
B6
100
AcDbScale
 70
     0
300
8:1
140
8.0
141
1.0
290
     0
  0
SCALE
  5
132
102
{ACAD_REACTORS
330
B6
102
}
330
B6
100
AcDbScale
 70
     0
300
10:1
140
10.0
141
1.0
290
     0
  0
SCALE
  5
133
102
{ACAD_REACTORS
330
B6
102
}
330
B6
100
AcDbScale
 70
     0
300
100:1
140
100.0
141
1.0
290
     0
  0
SCALE
  5
134
102
{ACAD_REACTORS
330
B6
102
}
330
B6
100
AcDbScale
 70
     0
300
1/128" = 1'-0"
140
0.0078125
141
12.0
290
     0
  0
SCALE
  5
135
102
{ACAD_REACTORS
330
B6
102
}
330
B6
100
AcDbScale
 70
     0
300
1/64" = 1'-0"
140
0.015625
141
12.0
290
     0
  0
SCALE
  5
136
102
{ACAD_REACTORS
330
B6
102
}
330
B6
100
AcDbScale
 70
     0
300
1/32" = 1'-0"
140
0.03125
141
12.0
290
     0
  0
SCALE
  5
137
102
{ACAD_REACTORS
330
B6
102
}
330
B6
100
AcDbScale
 70
     0
300
1/16" = 1'-0"
140
0.0625
141
12.0
290
     0
  0
SCALE
  5
138
102
{ACAD_REACTORS
330
B6
102
}
330
B6
100
AcDbScale
 70
     0
300
3/32" = 1'-0"
140
0.09375
141
12.0
290
     0
  0
SCALE
  5
139
102
{ACAD_REACTORS
330
B6
102
}
330
B6
100
AcDbScale
 70
     0
300
1/8" = 1'-0"
140
0.125
141
12.0
290
     0
  0
SCALE
  5
13A
102
{ACAD_REACTORS
330
B6
102
}
330
B6
100
AcDbScale
 70
     0
300
3/16" = 1'-0"
140
0.1875
141
12.0
290
     0
  0
SCALE
  5
13B
102
{ACAD_REACTORS
330
B6
102
}
330
B6
100
AcDbScale
 70
     0
300
1/4" = 1'-0"
140
0.25
141
12.0
290
     0
  0
SCALE
  5
13C
102
{ACAD_REACTORS
330
B6
102
}
330
B6
100
AcDbScale
 70
     0
300
3/8" = 1'-0"
140
0.375
141
12.0
290
     0
  0
SCALE
  5
13D
102
{ACAD_REACTORS
330
B6
102
}
330
B6
100
AcDbScale
 70
     0
300
1/2" = 1'-0"
140
0.5
141
12.0
290
     0
  0
SCALE
  5
13E
102
{ACAD_REACTORS
330
B6
102
}
330
B6
100
AcDbScale
 70
     0
300
3/4" = 1'-0"
140
0.75
141
12.0
290
     0
  0
SCALE
  5
13F
102
{ACAD_REACTORS
330
B6
102
}
330
B6
100
AcDbScale
 70
     0
300
1" = 1'-0"
140
1.0
141
12.0
290
     0
  0
SCALE
  5
140
102
{ACAD_REACTORS
330
B6
102
}
330
B6
100
AcDbScale
 70
     0
300
1-1/2" = 1'-0"
140
1.5
141
12.0
290
     0
  0
SCALE
  5
141
102
{ACAD_REACTORS
330
B6
102
}
330
B6
100
AcDbScale
 70
     0
300
3" = 1'-0"
140
3.0
141
12.0
290
     0
  0
SCALE
  5
142
102
{ACAD_REACTORS
330
B6
102
}
330
B6
100
AcDbScale
 70
     0
300
6" = 1'-0"
140
6.0
141
12.0
290
     0
  0
SCALE
  5
143
102
{ACAD_REACTORS
330
B6
102
}
330
B6
100
AcDbScale
 70
     0
300
1'-0" = 1'-0"
140
12.0
141
12.0
290
     0
  0
ACDBSECTIONVIEWSTYLE
  5
1AA
102
{ACAD_REACTORS
330
1A8
102
}
330
1A8
100
AcDbModelDocViewStyle
 70
     0
  3
Imperial24
290
     0
300
Imperial24
 90
        0
100
AcDbSectionViewStyle
 70
     0
 71
     0
 90
       78
 71
     1
340
11
 62
   256
 40
0.24
340
0
340
0
 62
   256
 40
0.24
300
I, O, Q, S, X, Z
 40
0.48
 90
        3
 40
0.18
 90
        1
 71
     2
340
16
 90
       25
 62
   256
340
16
 90
       50
 62
   256
 40
0.24
 40
0.0
 40
0.24
 71
     3
340
11
 62
   256
 40
0.24
 90
        1
 40
0.75
 90
        1
300
%<\AcVar ViewType \f "%tc1">% %<\AcVar ViewSectionStartId>%-%<\AcVar ViewSectionEndId>%\PSCALE %<\AcVar ViewScale \f "%sn">%
 71
     4
 62
   256
 62
   257
300
ANSI31
 40
1.0
 90
        0
290
     0
290
     0
 90
        6
 40
0.0
 40
1.570796326794896
 40
0.2617993877991494
 40
1.308996938995747
 40
-0.2617993877991494
 40
1.832595714594046
  0
ACDBSECTIONVIEWSTYLE
  5
25D
102
{ACAD_REACTORS
330
1A8
102
}
330
1A8
100
AcDbModelDocViewStyle
 70
     0
  3
Metric50
290
     0
300
Metric50
 90
        0
100
AcDbSectionViewStyle
 70
     0
 71
     0
 90
      102
 71
     1
340
11
 62
   256
 40
5.0
340
0
340
0
 62
   256
 40
5.0
300
I, O, Q, S, X, Z
 40
10.0
 90
        0
 40
2.5
 90
        0
 71
     2
340
16
 90
       25
 62
   256
340
16
 90
       50
 62
   256
 40
5.0
 40
2.5
 40
5.0
 71
     3
340
11
 62
   256
 40
5.0
 90
        0
 40
15.0
 90
        1
300
%<\AcVar ViewSectionStartId>%-%<\AcVar ViewSectionEndId>% (%<\AcVar ViewScale \f "%sn">%)
 71
     4
 62
   256
 62
   257
300
ANSI31
 40
1.0
 90
        0
290
     0
290
     0
 90
        6
 40
0.0
 40
1.570796326794896
 40
0.2617993877991494
 40
1.308996938995747
 40
-0.2617993877991494
 40
1.832595714594046
  0
TABLESTYLE
  5
87
102
{ACAD_XDICTIONARY
360
104
102
}
102
{ACAD_REACTORS
330
86
102
}
330
86
100
AcDbTableStyle
280
     0
  3
Standard
 70
     0
 71
     0
 40
0.06
 41
0.06
280
     0
281
     0
  7
Standard
140
0.18
170
     2
 62
     0
 63
     7
283
     0
 90
      512
 91
        0
  1

274
    -2
284
     1
 64
     0
275
    -2
285
     1
 65
     0
276
    -2
286
     1
 66
     0
277
    -2
287
     1
 67
     0
278
    -2
288
     1
 68
     0
279
    -2
289
     1
 69
     0
  7
Standard
140
0.25
170
     5
 62
     0
 63
     7
283
     0
 90
      512
 91
        0
  1

274
    -2
284
     1
 64
     0
275
    -2
285
     1
 65
     0
276
    -2
286
     1
 66
     0
277
    -2
287
     1
 67
     0
278
    -2
288
     1
 68
     0
279
    -2
289
     1
 69
     0
  7
Standard
140
0.18
170
     5
 62
     0
 63
     7
283
     0
 90
      512
 91
        0
  1

274
    -2
284
     1
 64
     0
275
    -2
285
     1
 65
     0
276
    -2
286
     1
 66
     0
277
    -2
287
     1
 67
     0
278
    -2
288
     1
 68
     0
279
    -2
289
     1
 69
     0
  0
VISUALSTYLE
  5
9F
102
{ACAD_REACTORS
330
99
102
}
330
99
100
AcDbVisualStyle
  2
2dWireframe
 70
     4
177
     3
291
     0
 70
    58
 90
        0
176
     1
 90
        2
176
     1
 90
        1
176
     1
 90
        0
176
     1
 40
0.6
176
     1
 40
30.0
176
     1
 62
     7
420
 16777215
176
     1
 90
        1
176
     1
 90
        4
176
     1
 62
     7
176
     1
 62
   257
176
     1
 90
        1
176
     1
 90
        1
176
     1
 40
1.0
176
     1
 90
        0
176
     1
 62
   257
176
     1
 40
1.0
176
     1
 90
        1
176
     1
 90
        6
176
     1
 90
        2
176
     1
 62
     7
176
     1
 90
        5
176
     1
 90
        0
176
     1
 90
        0
176
     1
290
     0
176
     1
 90
        1
176
     1
 40
0.0
176
     1
 90
        0
176
     1
290
     1
176
     1
290
     1
176
     1
290
     0
176
     1
290
     0
176
     1
290
     0
176
     1
290
     0
176
     1
290
     0
176
     1
290
     0
176
     1
290
     0
176
     1
 90
       50
176
     1
 40
0.0
176
     1
 40
1.0
176
     1
 90
        0
176
     1
 62
    18
420
        0
176
     1
 90
       50
176
     1
 90
        3
176
     1
 62
     5
420
      255
176
     1
290
     0
176
     1
 90
       50
176
     1
 90
       50
176
     1
 90
       50
176
     1
290
     0
176
     1
 90
       50
176
     1
 62
   256
176
     0
 40
1.0
176
     0
 90
        2
176
     1
  1
strokes_ogs.tif
176
     1
290
     0
176
     1
 40
1.0
176
     1
 40
1.0
176
     1
  0
VISUALSTYLE
  5
9E
102
{ACAD_REACTORS
330
99
102
}
330
99
100
AcDbVisualStyle
  2
Basic
 70
     7
177
     3
291
     1
 70
    58
 90
        1
176
     1
 90
        0
176
     1
 90
        1
176
     1
 90
        0
176
     1
 40
0.6
176
     1
 40
30.0
176
     1
 62
     7
420
 16777215
176
     1
 90
        0
176
     1
 90
        4
176
     1
 62
     7
176
     1
 62
   257
176
     1
 90
        1
176
     1
 90
        1
176
     1
 40
1.0
176
     1
 90
        8
176
     1
 62
     7
176
     1
 40
1.0
176
     1
 90
        1
176
     1
 90
        6
176
     1
 90
        2
176
     1
 62
     7
176
     1
 90
        5
176
     1
 90
        0
176
     1
 90
        0
176
     1
290
     0
176
     1
 90
        1
176
     1
 40
0.0
176
     1
 90
        0
176
     1
290
     0
176
     1
290
     1
176
     1
290
     1
176
     1
290
     0
176
     1
290
     0
176
     1
290
     0
176
     1
290
     0
176
     1
290
     0
176
     1
290
     0
176
     1
 90
       50
176
     1
 40
0.0
176
     1
 40
1.0
176
     1
 90
        0
176
     1
 62
    18
420
        0
176
     1
 90
       50
176
     1
 90
        3
176
     1
 62
     5
420
      255
176
     1
290
     0
176
     1
 90
       50
176
     1
 90
       50
176
     1
 90
       50
176
     1
290
     0
176
     1
 90
       50
176
     1
 62
   256
176
     0
 40
1.0
176
     0
 90
        2
176
     1
  1
strokes_ogs.tif
176
     1
290
     0
176
     1
 40
1.0
176
     1
 40
1.0
176
     1
  0
VISUALSTYLE
  5
A5
102
{ACAD_REACTORS
330
99
102
}
330
99
100
AcDbVisualStyle
  2
Brighten
 70
    12
177
     3
291
     1
 70
    58
 90
        2
176
     1
 90
        2
176
     1
 90
        1
176
     1
 90
        0
176
     1
 40
0.6
176
     1
 40
30.0
176
     1
 62
     7
420
 16777215
176
     1
 90
        1
176
     1
 90
        4
176
     1
 62
     7
176
     1
 62
   257
176
     1
 90
        1
176
     1
 90
        1
176
     1
 40
1.0
176
     1
 90
        8
176
     1
 62
     7
176
     1
 40
1.0
176
     1
 90
        1
176
     1
 90
        6
176
     1
 90
        2
176
     1
 62
     7
176
     1
 90
        5
176
     1
 90
        0
176
     1
 90
        0
176
     1
290
     0
176
     1
 90
        1
176
     1
 40
50.0
176
     1
 90
        0
176
     1
290
     0
176
     1
290
     1
176
     1
290
     1
176
     1
290
     0
176
     1
290
     0
176
     1
290
     0
176
     1
290
     0
176
     1
290
     0
176
     1
290
     0
176
     1
 90
       50
176
     1
 40
0.0
176
     1
 40
1.0
176
     1
 90
        0
176
     1
 62
    18
420
        0
176
     1
 90
       50
176
     1
 90
        3
176
     1
 62
     5
420
      255
176
     1
290
     0
176
     1
 90
       50
176
     1
 90
       50
176
     1
 90
       50
176
     1
290
     0
176
     1
 90
       50
176
     1
 62
   256
176
     0
 40
1.0
176
     0
 90
        2
176
     1
  1
strokes_ogs.tif
176
     1
290
     0
176
     1
 40
1.0
176
     1
 40
1.0
176
     1
  0
VISUALSTYLE
  5
A9
102
{ACAD_REACTORS
330
99
102
}
330
99
100
AcDbVisualStyle
  2
ColorChange
 70
    16
177
     3
291
     1
 70
    58
 90
        2
176
     1
 90
        2
176
     1
 90
        3
176
     1
 90
        0
176
     1
 40
0.6
176
     1
 40
30.0
176
     1
 62
     8
420
  8421504
176
     1
 90
        1
176
     1
 90
        4
176
     1
 62
     7
176
     1
 62
   257
176
     1
 90
        1
176
     1
 90
        1
176
     1
 40
1.0
176
     1
 90
        8
176
     1
 62
     8
420
  8421504
176
     1
 40
1.0
176
     1
 90
        1
176
     1
 90
        6
176
     1
 90
        2
176
     1
 62
     7
176
     1
 90
        5
176
     1
 90
        0
176
     1
 90
        0
176
     1
290
     0
176
     1
 90
        1
176
     1
 40
0.0
176
     1
 90
        0
176
     1
290
     0
176
     1
290
     1
176
     1
290
     1
176
     1
290
     0
176
     1
290
     0
176
     1
290
     0
176
     1
290
     0
176
     1
290
     0
176
     1
290
     0
176
     1
 90
       50
176
     1
 40
0.0
176
     1
 40
1.0
176
     1
 90
        0
176
     1
 62
    18
420
        0
176
     1
 90
       50
176
     1
 90
        3
176
     1
 62
     5
420
      255
176
     1
290
     0
176
     1
 90
       50
176
     1
 90
       50
176
     1
 90
       50
176
     1
290
     0
176
     1
 90
       50
176
     1
 62
   256
176
     0
 40
1.0
176
     0
 90
        2
176
     1
  1
strokes_ogs.tif
176
     1
290
     0
176
     1
 40
1.0
176
     1
 40
1.0
176
     1
  0
VISUALSTYLE
  5
A2
102
{ACAD_REACTORS
330
99
102
}
330
99
100
AcDbVisualStyle
  2
Conceptual
 70
     9
177
     3
291
     0
 70
    58
 90
        3
176
     1
 90
        2
176
     1
 90
        1
176
     1
 90
        0
176
     1
 40
0.6
176
     1
 40
30.0
176
     1
 62
     7
420
 16777215
176
     1
 90
        2
176
     1
 90
        2
176
     1
 62
     7
176
     1
 62
   257
176
     1
 90
        1
176
     1
 90
        1
176
     1
 40
40.0
176
     1
 90
        8
176
     1
 62
     7
176
     1
 40
1.0
176
     1
 90
        1
176
     1
 90
        6
176
     1
 90
        2
176
     1
 62
     7
176
     1
 90
        3
176
     1
 90
        0
176
     1
 90
        0
176
     1
290
     0
176
     1
 90
        1
176
     1
 40
0.0
176
     1
 90
        0
176
     1
290
     0
176
     1
290
     1
176
     1
290
     1
176
     1
290
     0
176
     1
290
     0
176
     1
290
     0
176
     1
290
     0
176
     1
290
     0
176
     1
290
     0
176
     1
 90
       50
176
     1
 40
0.0
176
     1
 40
1.0
176
     1
 90
        0
176
     1
 62
    18
420
        0
176
     1
 90
       50
176
     1
 90
        3
176
     1
 62
     5
420
      255
176
     1
290
     0
176
     1
 90
       50
176
     1
 90
       50
176
     1
 90
       50
176
     1
290
     0
176
     1
 90
       50
176
     1
 62
   256
176
     0
 40
1.0
176
     0
 90
        2
176
     1
  1
strokes_ogs.tif
176
     1
290
     0
176
     1
 40
1.0
176
     1
 40
1.0
176
     1
  0
VISUALSTYLE
  5
A4
102
{ACAD_REACTORS
330
99
102
}
330
99
100
AcDbVisualStyle
  2
Dim
 70
    11
177
     3
291
     1
 70
    58
 90
        2
176
     1
 90
        2
176
     1
 90
        1
176
     1
 90
        0
176
     1
 40
0.6
176
     1
 40
30.0
176
     1
 62
     7
420
 16777215
176
     1
 90
        1
176
     1
 90
        4
176
     1
 62
     7
176
     1
 62
   257
176
     1
 90
        1
176
     1
 90
        1
176
     1
 40
1.0
176
     1
 90
        8
176
     1
 62
     7
176
     1
 40
1.0
176
     1
 90
        1
176
     1
 90
        6
176
     1
 90
        2
176
     1
 62
     7
176
     1
 90
        5
176
     1
 90
        0
176
     1
 90
        0
176
     1
290
     0
176
     1
 90
        1
176
     1
 40
-50.0
176
     1
 90
        0
176
     1
290
     0
176
     1
290
     1
176
     1
290
     1
176
     1
290
     0
176
     1
290
     0
176
     1
290
     0
176
     1
290
     0
176
     1
290
     0
176
     1
290
     0
176
     1
 90
       50
176
     1
 40
0.0
176
     1
 40
1.0
176
     1
 90
        0
176
     1
 62
    18
420
        0
176
     1
 90
       50
176
     1
 90
        3
176
     1
 62
     5
420
      255
176
     1
290
     0
176
     1
 90
       50
176
     1
 90
       50
176
     1
 90
       50
176
     1
290
     0
176
     1
 90
       50
176
     1
 62
   256
176
     0
 40
1.0
176
     0
 90
        2
176
     1
  1
strokes_ogs.tif
176
     1
290
     0
176
     1
 40
1.0
176
     1
 40
1.0
176
     1
  0
VISUALSTYLE
  5
175
102
{ACAD_REACTORS
330
99
102
}
330
99
100
AcDbVisualStyle
  2
EdgeColorOff
 70
    22
177
     3
291
     1
 70
    58
 90
        2
176
     0
 90
        2
176
     0
 90
        0
176
     0
 90
        0
176
     0
 40
0.6
176
     0
 40
30.0
176
     0
 62
     7
420
 16777215
176
     0
 90
        1
176
     0
 90
        4
176
     0
 62
     7
176
     0
 62
   257
176
     0
 90
        1
176
     0
 90
        1
176
     0
 40
1.0
176
     0
 90
        8
176
     2
 62
     7
176
     0
 40
1.0
176
     0
 90
        1
176
     0
 90
        6
176
     0
 90
        2
176
     0
 62
     7
176
     0
 90
        5
176
     0
 90
        0
176
     0
 90
        0
176
     0
290
     0
176
     0
 90
        1
176
     0
 40
0.0
176
     0
 90
        0
176
     0
290
     0
176
     1
290
     1
176
     1
290
     1
176
     1
290
     0
176
     1
290
     0
176
     1
290
     0
176
     1
290
     0
176
     1
290
     0
176
     1
290
     0
176
     1
 90
       50
176
     1
 40
0.0
176
     1
 40
1.0
176
     1
 90
        0
176
     1
 62
    18
420
        0
176
     1
 90
       50
176
     1
 90
        3
176
     1
 62
     5
420
      255
176
     1
290
     0
176
     1
 90
       50
176
     1
 90
       50
176
     1
 90
       50
176
     1
290
     0
176
     1
 90
       50
176
     1
 62
   256
176
     0
 40
1.0
176
     0
 90
        2
176
     1
  1
strokes_ogs.tif
176
     1
290
     0
176
     1
 40
1.0
176
     1
 40
1.0
176
     1
  0
VISUALSTYLE
  5
A8
102
{ACAD_REACTORS
330
99
102
}
330
99
100
AcDbVisualStyle
  2
Facepattern
 70
    15
177
     3
291
     1
 70
    58
 90
        2
176
     1
 90
        2
176
     1
 90
        1
176
     1
 90
        0
176
     1
 40
0.6
176
     1
 40
30.0
176
     1
 62
     7
420
 16777215
176
     1
 90
        1
176
     1
 90
        4
176
     1
 62
     7
176
     1
 62
   257
176
     1
 90
        1
176
     1
 90
        1
176
     1
 40
1.0
176
     1
 90
        8
176
     1
 62
     7
176
     1
 40
1.0
176
     1
 90
        1
176
     1
 90
        6
176
     1
 90
        2
176
     1
 62
     7
176
     1
 90
        5
176
     1
 90
        0
176
     1
 90
        0
176
     1
290
     0
176
     1
 90
        1
176
     1
 40
0.0
176
     1
 90
        0
176
     1
290
     0
176
     1
290
     1
176
     1
290
     1
176
     1
290
     0
176
     1
290
     0
176
     1
290
     0
176
     1
290
     0
176
     1
290
     0
176
     1
290
     0
176
     1
 90
       50
176
     1
 40
0.0
176
     1
 40
1.0
176
     1
 90
        0
176
     1
 62
    18
420
        0
176
     1
 90
       50
176
     1
 90
        3
176
     1
 62
     5
420
      255
176
     1
290
     0
176
     1
 90
       50
176
     1
 90
       50
176
     1
 90
       50
176
     1
290
     0
176
     1
 90
       50
176
     1
 62
   256
176
     0
 40
1.0
176
     0
 90
        2
176
     1
  1
strokes_ogs.tif
176
     1
290
     0
176
     1
 40
1.0
176
     1
 40
1.0
176
     1
  0
VISUALSTYLE
  5
9A
102
{ACAD_REACTORS
330
99
102
}
330
99
100
AcDbVisualStyle
  2
Flat
 70
     0
177
     3
291
     1
 70
    58
 90
        2
176
     1
 90
        1
176
     1
 90
        1
176
     1
 90
        2
176
     1
 40
0.6
176
     1
 40
30.0
176
     1
 62
     7
420
 16777215
176
     1
 90
        0
176
     1
 90
        0
176
     1
 62
     7
176
     1
 62
   257
176
     1
 90
        1
176
     1
 90
        1
176
     1
 40
1.0
176
     1
 90
        8
176
     1
 62
     7
176
     1
 40
1.0
176
     1
 90
        1
176
     1
 90
        6
176
     1
 90
        2
176
     1
 62
     7
176
     1
 90
        5
176
     1
 90
        0
176
     1
 90
        0
176
     1
290
     0
176
     1
 90
       13
176
     1
 40
0.0
176
     1
 90
        0
176
     1
290
     0
176
     1
290
     1
176
     1
290
     1
176
     1
290
     0
176
     1
290
     0
176
     1
290
     0
176
     1
290
     0
176
     1
290
     0
176
     1
290
     0
176
     1
 90
       50
176
     1
 40
0.0
176
     1
 40
1.0
176
     1
 90
        0
176
     1
 62
    18
420
        0
176
     1
 90
       50
176
     1
 90
        3
176
     1
 62
     5
420
      255
176
     1
290
     0
176
     1
 90
       50
176
     1
 90
       50
176
     1
 90
       50
176
     1
290
     0
176
     1
 90
       50
176
     1
 62
   256
176
     0
 40
1.0
176
     0
 90
        2
176
     1
  1
strokes_ogs.tif
176
     1
290
     0
176
     1
 40
1.0
176
     1
 40
1.0
176
     1
  0
VISUALSTYLE
  5
9B
102
{ACAD_REACTORS
330
99
102
}
330
99
100
AcDbVisualStyle
  2
FlatWithEdges
 70
     1
177
     3
291
     1
 70
    58
 90
        2
176
     1
 90
        1
176
     1
 90
        1
176
     1
 90
        2
176
     1
 40
0.6
176
     1
 40
30.0
176
     1
 62
     7
420
 16777215
176
     1
 90
        1
176
     1
 90
        0
176
     1
 62
     7
176
     1
 62
   257
176
     1
 90
        1
176
     1
 90
        1
176
     1
 40
1.0
176
     1
 90
        0
176
     1
 62
   257
176
     1
 40
1.0
176
     1
 90
        1
176
     1
 90
        6
176
     1
 90
        2
176
     1
 62
     7
176
     1
 90
        5
176
     1
 90
        0
176
     1
 90
        0
176
     1
290
     0
176
     1
 90
       13
176
     1
 40
0.0
176
     1
 90
        0
176
     1
290
     0
176
     1
290
     1
176
     1
290
     1
176
     1
290
     0
176
     1
290
     0
176
     1
290
     0
176
     1
290
     0
176
     1
290
     0
176
     1
290
     0
176
     1
 90
       50
176
     1
 40
0.0
176
     1
 40
1.0
176
     1
 90
        0
176
     1
 62
    18
420
        0
176
     1
 90
       50
176
     1
 90
        3
176
     1
 62
     5
420
      255
176
     1
290
     0
176
     1
 90
       50
176
     1
 90
       50
176
     1
 90
       50
176
     1
290
     0
176
     1
 90
       50
176
     1
 62
   256
176
     0
 40
1.0
176
     0
 90
        2
176
     1
  1
strokes_ogs.tif
176
     1
290
     0
176
     1
 40
1.0
176
     1
 40
1.0
176
     1
  0
VISUALSTYLE
  5
9C
102
{ACAD_REACTORS
330
99
102
}
330
99
100
AcDbVisualStyle
  2
Gouraud
 70
     2
177
     3
291
     1
 70
    58
 90
        2
176
     1
 90
        2
176
     1
 90
        1
176
     1
 90
        2
176
     1
 40
0.6
176
     1
 40
30.0
176
     1
 62
     7
420
 16777215
176
     1
 90
        0
176
     1
 90
        0
176
     1
 62
     7
176
     1
 62
   257
176
     1
 90
        1
176
     1
 90
        1
176
     1
 40
1.0
176
     1
 90
        0
176
     1
 62
     7
176
     1
 40
1.0
176
     1
 90
        1
176
     1
 90
        6
176
     1
 90
        2
176
     1
 62
     7
176
     1
 90
        5
176
     1
 90
        0
176
     1
 90
        0
176
     1
290
     0
176
     1
 90
       13
176
     1
 40
0.0
176
     1
 90
        0
176
     1
290
     0
176
     1
290
     1
176
     1
290
     1
176
     1
290
     0
176
     1
290
     0
176
     1
290
     0
176
     1
290
     0
176
     1
290
     0
176
     1
290
     0
176
     1
 90
       50
176
     1
 40
0.0
176
     1
 40
1.0
176
     1
 90
        0
176
     1
 62
    18
420
        0
176
     1
 90
       50
176
     1
 90
        3
176
     1
 62
     5
420
      255
176
     1
290
     0
176
     1
 90
       50
176
     1
 90
       50
176
     1
 90
       50
176
     1
290
     0
176
     1
 90
       50
176
     1
 62
   256
176
     0
 40
1.0
176
     0
 90
        2
176
     1
  1
strokes_ogs.tif
176
     1
290
     0
176
     1
 40
1.0
176
     1
 40
1.0
176
     1
  0
VISUALSTYLE
  5
9D
102
{ACAD_REACTORS
330
99
102
}
330
99
100
AcDbVisualStyle
  2
GouraudWithEdges
 70
     3
177
     3
291
     1
 70
    58
 90
        2
176
     1
 90
        2
176
     1
 90
        1
176
     1
 90
        2
176
     1
 40
0.6
176
     1
 40
30.0
176
     1
 62
     7
420
 16777215
176
     1
 90
        1
176
     1
 90
        0
176
     1
 62
     7
176
     1
 62
   257
176
     1
 90
        1
176
     1
 90
        1
176
     1
 40
1.0
176
     1
 90
        0
176
     1
 62
   257
176
     1
 40
1.0
176
     1
 90
        1
176
     1
 90
        6
176
     1
 90
        2
176
     1
 62
     7
176
     1
 90
        5
176
     1
 90
        0
176
     1
 90
        0
176
     1
290
     0
176
     1
 90
       13
176
     1
 40
0.0
176
     1
 90
        0
176
     1
290
     0
176
     1
290
     1
176
     1
290
     1
176
     1
290
     0
176
     1
290
     0
176
     1
290
     0
176
     1
290
     0
176
     1
290
     0
176
     1
290
     0
176
     1
 90
       50
176
     1
 40
0.0
176
     1
 40
1.0
176
     1
 90
        0
176
     1
 62
    18
420
        0
176
     1
 90
       50
176
     1
 90
        3
176
     1
 62
     5
420
      255
176
     1
290
     0
176
     1
 90
       50
176
     1
 90
       50
176
     1
 90
       50
176
     1
290
     0
176
     1
 90
       50
176
     1
 62
   256
176
     0
 40
1.0
176
     0
 90
        2
176
     1
  1
strokes_ogs.tif
176
     1
290
     0
176
     1
 40
1.0
176
     1
 40
1.0
176
     1
  0
VISUALSTYLE
  5
A1
102
{ACAD_REACTORS
330
99
102
}
330
99
100
AcDbVisualStyle
  2
Hidden
 70
     6
177
     3
291
     0
 70
    58
 90
        1
176
     1
 90
        2
176
     1
 90
        2
176
     1
 90
        0
176
     1
 40
0.6
176
     1
 40
30.0
176
     1
 62
     7
420
 16777215
176
     1
 90
        2
176
     1
 90
        2
176
     1
 62
     7
176
     1
 62
   257
176
     1
 90
        2
176
     1
 90
        1
176
     1
 40
40.0
176
     1
 90
        0
176
     1
 62
   257
176
     1
 40
1.0
176
     1
 90
        1
176
     1
 90
        6
176
     1
 90
        2
176
     1
 62
     7
176
     1
 90
        3
176
     1
 90
        0
176
     1
 90
        0
176
     1
290
     0
176
     1
 90
        1
176
     1
 40
0.0
176
     1
 90
        0
176
     1
290
     0
176
     1
290
     1
176
     1
290
     1
176
     1
290
     0
176
     1
290
     0
176
     1
290
     0
176
     1
290
     0
176
     1
290
     0
176
     1
290
     0
176
     1
 90
       50
176
     1
 40
0.0
176
     1
 40
1.0
176
     1
 90
        0
176
     1
 62
    18
420
        0
176
     1
 90
       50
176
     1
 90
        3
176
     1
 62
     5
420
      255
176
     1
290
     0
176
     1
 90
       50
176
     1
 90
       50
176
     1
 90
       50
176
     1
290
     0
176
     1
 90
       50
176
     1
 62
   256
176
     0
 40
1.0
176
     0
 90
        2
176
     1
  1
strokes_ogs.tif
176
     1
290
     0
176
     1
 40
1.0
176
     1
 40
1.0
176
     1
  0
VISUALSTYLE
  5
173
102
{ACAD_REACTORS
330
99
102
}
330
99
100
AcDbVisualStyle
  2
JitterOff
 70
    20
177
     3
291
     1
 70
    58
 90
        2
176
     0
 90
        2
176
     0
 90
        0
176
     0
 90
        0
176
     0
 40
0.6
176
     0
 40
30.0
176
     0
 62
     7
420
 16777215
176
     0
 90
        1
176
     0
 90
        4
176
     0
 62
     7
176
     0
 62
   257
176
     0
 90
        1
176
     0
 90
        1
176
     0
 40
1.0
176
     0
 90
       10
176
     2
 62
     7
176
     0
 40
1.0
176
     0
 90
        1
176
     0
 90
        6
176
     0
 90
        2
176
     0
 62
     7
176
     0
 90
        5
176
     0
 90
        0
176
     0
 90
        0
176
     0
290
     0
176
     0
 90
        1
176
     0
 40
0.0
176
     0
 90
        0
176
     0
290
     0
176
     1
290
     1
176
     1
290
     1
176
     1
290
     0
176
     1
290
     0
176
     1
290
     0
176
     1
290
     0
176
     1
290
     0
176
     1
290
     0
176
     1
 90
       50
176
     1
 40
0.0
176
     1
 40
1.0
176
     1
 90
        0
176
     1
 62
    18
420
        0
176
     1
 90
       50
176
     1
 90
        3
176
     1
 62
     5
420
      255
176
     1
290
     0
176
     1
 90
       50
176
     1
 90
       50
176
     1
 90
       50
176
     1
290
     0
176
     1
 90
       50
176
     1
 62
   256
176
     0
 40
1.0
176
     0
 90
        2
176
     1
  1
strokes_ogs.tif
176
     1
290
     0
176
     1
 40
1.0
176
     1
 40
1.0
176
     1
  0
VISUALSTYLE
  5
A7
102
{ACAD_REACTORS
330
99
102
}
330
99
100
AcDbVisualStyle
  2
Linepattern
 70
    14
177
     3
291
     1
 70
    58
 90
        2
176
     1
 90
        2
176
     1
 90
        1
176
     1
 90
        0
176
     1
 40
0.6
176
     1
 40
30.0
176
     1
 62
     7
420
 16777215
176
     1
 90
        1
176
     1
 90
        4
176
     1
 62
     7
176
     1
 62
   257
176
     1
 90
        7
176
     1
 90
        7
176
     1
 40
1.0
176
     1
 90
        8
176
     1
 62
     7
176
     1
 40
1.0
176
     1
 90
        1
176
     1
 90
        6
176
     1
 90
        2
176
     1
 62
     7
176
     1
 90
        5
176
     1
 90
        0
176
     1
 90
        0
176
     1
290
     0
176
     1
 90
        1
176
     1
 40
0.0
176
     1
 90
        0
176
     1
290
     0
176
     1
290
     1
176
     1
290
     1
176
     1
290
     0
176
     1
290
     0
176
     1
290
     0
176
     1
290
     0
176
     1
290
     0
176
     1
290
     0
176
     1
 90
       50
176
     1
 40
0.0
176
     1
 40
1.0
176
     1
 90
        0
176
     1
 62
    18
420
        0
176
     1
 90
       50
176
     1
 90
        3
176
     1
 62
     5
420
      255
176
     1
290
     0
176
     1
 90
       50
176
     1
 90
       50
176
     1
 90
       50
176
     1
290
     0
176
     1
 90
       50
176
     1
 62
   256
176
     0
 40
1.0
176
     0
 90
        2
176
     1
  1
strokes_ogs.tif
176
     1
290
     0
176
     1
 40
1.0
176
     1
 40
1.0
176
     1
  0
VISUALSTYLE
  5
174
102
{ACAD_REACTORS
330
99
102
}
330
99
100
AcDbVisualStyle
  2
OverhangOff
 70
    21
177
     3
291
     1
 70
    58
 90
        2
176
     0
 90
        2
176
     0
 90
        0
176
     0
 90
        0
176
     0
 40
0.6
176
     0
 40
30.0
176
     0
 62
     7
420
 16777215
176
     0
 90
        1
176
     0
 90
        4
176
     0
 62
     7
176
     0
 62
   257
176
     0
 90
        1
176
     0
 90
        1
176
     0
 40
1.0
176
     0
 90
        9
176
     2
 62
     7
176
     0
 40
1.0
176
     0
 90
        1
176
     0
 90
        6
176
     0
 90
        2
176
     0
 62
     7
176
     0
 90
        5
176
     0
 90
        0
176
     0
 90
        0
176
     0
290
     0
176
     0
 90
        1
176
     0
 40
0.0
176
     0
 90
        0
176
     0
290
     0
176
     1
290
     1
176
     1
290
     1
176
     1
290
     0
176
     1
290
     0
176
     1
290
     0
176
     1
290
     0
176
     1
290
     0
176
     1
290
     0
176
     1
 90
       50
176
     1
 40
0.0
176
     1
 40
1.0
176
     1
 90
        0
176
     1
 62
    18
420
        0
176
     1
 90
       50
176
     1
 90
        3
176
     1
 62
     5
420
      255
176
     1
290
     0
176
     1
 90
       50
176
     1
 90
       50
176
     1
 90
       50
176
     1
290
     0
176
     1
 90
       50
176
     1
 62
   256
176
     0
 40
1.0
176
     0
 90
        2
176
     1
  1
strokes_ogs.tif
176
     1
290
     0
176
     1
 40
1.0
176
     1
 40
1.0
176
     1
  0
VISUALSTYLE
  5
A3
102
{ACAD_REACTORS
330
99
102
}
330
99
100
AcDbVisualStyle
  2
Realistic
 70
     8
177
     3
291
     0
 70
    58
 90
        2
176
     1
 90
        3
176
     1
 90
        0
176
     1
 90
        2
176
     1
 40
0.6
176
     1
 40
30.0
176
     1
 62
     7
420
 16777215
176
     1
 90
        0
176
     1
 90
        0
176
     1
 62
     7
176
     1
 62
   257
176
     1
 90
        1
176
     1
 90
        1
176
     1
 40
1.0
176
     1
 90
        8
176
     1
 62
   257
176
     1
 40
1.0
176
     1
 90
        1
176
     1
 90
        6
176
     1
 90
        2
176
     1
 62
     7
176
     1
 90
        3
176
     1
 90
        0
176
     1
 90
        0
176
     1
290
     0
176
     1
 90
       13
176
     1
 40
0.0
176
     1
 90
        0
176
     1
290
     0
176
     1
290
     1
176
     1
290
     1
176
     1
290
     0
176
     1
290
     0
176
     1
290
     0
176
     1
290
     0
176
     1
290
     0
176
     1
290
     0
176
     1
 90
       50
176
     1
 40
0.0
176
     1
 40
1.0
176
     1
 90
        0
176
     1
 62
    18
420
        0
176
     1
 90
       50
176
     1
 90
        3
176
     1
 62
     5
420
      255
176
     1
290
     0
176
     1
 90
       50
176
     1
 90
       50
176
     1
 90
       50
176
     1
290
     0
176
     1
 90
       50
176
     1
 62
   256
176
     0
 40
1.0
176
     0
 90
        2
176
     1
  1
strokes_ogs.tif
176
     1
290
     0
176
     1
 40
1.0
176
     1
 40
1.0
176
     1
  0
VISUALSTYLE
  5
182
102
{ACAD_REACTORS
330
99
102
}
330
99
100
AcDbVisualStyle
  2
Shaded
 70
    27
177
     3
291
     0
 70
    58
 90
        2
176
     1
 90
        2
176
     1
 90
        1
176
     1
 90
        2
176
     1
 40
0.6
176
     1
 40
30.0
176
     1
 62
     7
420
 16777215
176
     1
 90
        0
176
     1
 90
        4
176
     1
 62
     7
176
     1
 62
   257
176
     1
 90
        1
176
     1
 90
        1
176
     1
 40
1.0
176
     1
 90
        8
176
     1
 62
   257
176
     1
 40
1.0
176
     1
 90
        1
176
     1
 90
        6
176
     1
 90
        2
176
     1
 62
     8
420
  7895160
176
     1
 90
        3
176
     1
 90
        0
176
     1
 90
        0
176
     1
290
     0
176
     1
 90
        5
176
     1
 40
0.0
176
     1
 90
        0
176
     1
290
     0
176
     1
290
     1
176
     1
290
     1
176
     1
290
     0
176
     1
290
     0
176
     1
290
     0
176
     1
290
     0
176
     1
290
     0
176
     1
290
     0
176
     1
 90
       50
176
     1
 40
0.0
176
     1
 40
1.0
176
     1
 90
        0
176
     1
 62
    18
420
        0
176
     1
 90
       50
176
     1
 90
        3
176
     1
 62
     5
420
      255
176
     1
290
     0
176
     1
 90
       50
176
     1
 90
       50
176
     1
 90
       50
176
     1
290
     0
176
     1
 90
       50
176
     1
 62
   256
176
     0
 40
1.0
176
     0
 90
        2
176
     1
  1
strokes_ogs.tif
176
     1
290
     0
176
     1
 40
1.0
176
     1
 40
1.0
176
     1
  0
VISUALSTYLE
  5
181
102
{ACAD_REACTORS
330
99
102
}
330
99
100
AcDbVisualStyle
  2
Shaded with edges
 70
    26
177
     3
291
     0
 70
    58
 90
        2
176
     1
 90
        2
176
     1
 90
        1
176
     1
 90
        2
176
     1
 40
0.6
176
     1
 40
30.0
176
     1
 62
     7
420
 16777215
176
     1
 90
        1
176
     1
 90
        2
176
     1
 62
     7
176
     1
 62
   257
176
     1
 90
        2
176
     1
 90
        1
176
     1
 40
1.0
176
     1
 90
        8
176
     1
 62
   257
176
     1
 40
1.0
176
     1
 90
        1
176
     1
 90
        6
176
     1
 90
        2
176
     1
 62
     7
176
     1
 90
        3
176
     1
 90
        0
176
     1
 90
        0
176
     1
290
     0
176
     1
 90
        5
176
     1
 40
0.0
176
     1
 90
        0
176
     1
290
     0
176
     1
290
     1
176
     1
290
     1
176
     1
290
     0
176
     1
290
     0
176
     1
290
     0
176
     1
290
     0
176
     1
290
     0
176
     1
290
     0
176
     1
 90
       50
176
     1
 40
0.0
176
     1
 40
1.0
176
     1
 90
        0
176
     1
 62
    18
420
        0
176
     1
 90
       50
176
     1
 90
        3
176
     1
 62
     5
420
      255
176
     1
290
     0
176
     1
 90
       50
176
     1
 90
       50
176
     1
 90
       50
176
     1
290
     0
176
     1
 90
       50
176
     1
 62
   256
176
     0
 40
1.0
176
     0
 90
        2
176
     1
  1
strokes_ogs.tif
176
     1
290
     0
176
     1
 40
1.0
176
     1
 40
1.0
176
     1
  0
VISUALSTYLE
  5
17E
102
{ACAD_REACTORS
330
99
102
}
330
99
100
AcDbVisualStyle
  2
Shades of Gray
 70
    23
177
     3
291
     0
 70
    58
 90
        2
176
     1
 90
        2
176
     1
 90
        3
176
     1
 90
        0
176
     1
 40
0.6
176
     1
 40
30.0
176
     1
 62
     7
420
 16777215
176
     1
 90
        2
176
     1
 90
        2
176
     1
 62
     7
176
     1
 62
     7
176
     1
 90
        1
176
     1
 90
        1
176
     1
 40
40.0
176
     1
 90
        8
176
     1
 62
     7
176
     1
 40
1.0
176
     1
 90
        1
176
     1
 90
        6
176
     1
 90
        2
176
     1
 62
     7
176
     1
 90
        3
176
     1
 90
        0
176
     1
 90
        0
176
     1
290
     0
176
     1
 90
        1
176
     1
 40
0.0
176
     1
 90
        0
176
     1
290
     0
176
     1
290
     1
176
     1
290
     1
176
     1
290
     0
176
     1
290
     0
176
     1
290
     0
176
     1
290
     0
176
     1
290
     0
176
     1
290
     0
176
     1
 90
       50
176
     1
 40
0.0
176
     1
 40
1.0
176
     1
 90
        0
176
     1
 62
    18
420
        0
176
     1
 90
       50
176
     1
 90
        3
176
     1
 62
     5
420
      255
176
     1
290
     0
176
     1
 90
       50
176
     1
 90
       50
176
     1
 90
       50
176
     1
290
     0
176
     1
 90
       50
176
     1
 62
   256
176
     0
 40
1.0
176
     0
 90
        2
176
     1
  1
strokes_ogs.tif
176
     1
290
     0
176
     1
 40
1.0
176
     1
 40
1.0
176
     1
  0
VISUALSTYLE
  5
17F
102
{ACAD_REACTORS
330
99
102
}
330
99
100
AcDbVisualStyle
  2
Sketchy
 70
    24
177
     3
291
     0
 70
    58
 90
        1
176
     1
 90
        2
176
     1
 90
        2
176
     1
 90
        0
176
     1
 40
0.6
176
     1
 40
30.0
176
     1
 62
     7
420
 16777215
176
     1
 90
        2
176
     1
 90
        2
176
     1
 62
     7
176
     1
 62
     7
176
     1
 90
        1
176
     1
 90
        1
176
     1
 40
40.0
176
     1
 90
       11
176
     1
 62
     7
176
     1
 40
1.0
176
     1
 90
        1
176
     1
 90
        6
176
     1
 90
        2
176
     1
 62
     7
176
     1
 90
        6
176
     1
 90
        0
176
     1
 90
        0
176
     1
290
     0
176
     1
 90
        1
176
     1
 40
0.0
176
     1
 90
        0
176
     1
290
     0
176
     1
290
     1
176
     1
290
     1
176
     1
290
     0
176
     1
290
     0
176
     1
290
     0
176
     1
290
     0
176
     1
290
     0
176
     1
290
     0
176
     1
 90
       50
176
     1
 40
0.0
176
     1
 40
1.0
176
     1
 90
        0
176
     1
 62
    18
420
        0
176
     1
 90
       50
176
     1
 90
        3
176
     1
 62
     5
420
      255
176
     1
290
     0
176
     1
 90
       50
176
     1
 90
       50
176
     1
 90
       50
176
     1
290
     0
176
     1
 90
       50
176
     1
 62
   256
176
     0
 40
1.0
176
     0
 90
        2
176
     1
  1
strokes_ogs.tif
176
     1
290
     0
176
     1
 40
1.0
176
     1
 40
1.0
176
     1
  0
VISUALSTYLE
  5
A6
102
{ACAD_REACTORS
330
99
102
}
330
99
100
AcDbVisualStyle
  2
Thicken
 70
    13
177
     3
291
     1
 70
    58
 90
        2
176
     1
 90
        2
176
     1
 90
        1
176
     1
 90
        0
176
     1
 40
0.6
176
     1
 40
30.0
176
     1
 62
     7
420
 16777215
176
     1
 90
        1
176
     1
 90
        4
176
     1
 62
     7
176
     1
 62
   257
176
     1
 90
        1
176
     1
 90
        1
176
     1
 40
1.0
176
     1
 90
       12
176
     1
 62
     7
176
     1
 40
1.0
176
     1
 90
        1
176
     1
 90
        6
176
     1
 90
        2
176
     1
 62
     7
176
     1
 90
        5
176
     1
 90
        0
176
     1
 90
        0
176
     1
290
     0
176
     1
 90
        1
176
     1
 40
0.0
176
     1
 90
        0
176
     1
290
     0
176
     1
290
     1
176
     1
290
     1
176
     1
290
     0
176
     1
290
     0
176
     1
290
     0
176
     1
290
     0
176
     1
290
     0
176
     1
290
     0
176
     1
 90
       50
176
     1
 40
0.0
176
     1
 40
1.0
176
     1
 90
        0
176
     1
 62
    18
420
        0
176
     1
 90
       50
176
     1
 90
        3
176
     1
 62
     5
420
      255
176
     1
290
     0
176
     1
 90
       50
176
     1
 90
       50
176
     1
 90
       50
176
     1
290
     0
176
     1
 90
       50
176
     1
 62
   256
176
     0
 40
1.0
176
     0
 90
        2
176
     1
  1
strokes_ogs.tif
176
     1
290
     0
176
     1
 40
1.0
176
     1
 40
1.0
176
     1
  0
VISUALSTYLE
  5
A0
102
{ACAD_REACTORS
330
99
102
}
330
99
100
AcDbVisualStyle
  2
Wireframe
 70
     5
177
     3
291
     0
 70
    58
 90
        0
176
     1
 90
        2
176
     1
 90
        0
176
     1
 90
        0
176
     1
 40
0.6
176
     1
 40
30.0
176
     1
 62
     7
420
 16777215
176
     1
 90
        1
176
     1
 90
        4
176
     1
 62
     7
176
     1
 62
   257
176
     1
 90
        1
176
     1
 90
        1
176
     1
 40
1.0
176
     1
 90
        0
176
     1
 62
   257
176
     1
 40
1.0
176
     1
 90
        1
176
     1
 90
        6
176
     1
 90
        2
176
     1
 62
     7
176
     1
 90
        3
176
     1
 90
        0
176
     1
 90
        0
176
     1
290
     0
176
     1
 90
        1
176
     1
 40
0.0
176
     1
 90
        0
176
     1
290
     0
176
     1
290
     1
176
     1
290
     1
176
     1
290
     0
176
     1
290
     0
176
     1
290
     0
176
     1
290
     0
176
     1
290
     0
176
     1
290
     0
176
     1
 90
       50
176
     1
 40
0.0
176
     1
 40
1.0
176
     1
 90
        0
176
     1
 62
    18
420
        0
176
     1
 90
       50
176
     1
 90
        3
176
     1
 62
     5
420
      255
176
     1
290
     0
176
     1
 90
       50
176
     1
 90
       50
176
     1
 90
       50
176
     1
290
     0
176
     1
 90
       50
176
     1
 62
   256
176
     0
 40
1.0
176
     0
 90
        2
176
     1
  1
strokes_ogs.tif
176
     1
290
     0
176
     1
 40
1.0
176
     1
 40
1.0
176
     1
  0
VISUALSTYLE
  5
180
102
{ACAD_REACTORS
330
99
102
}
330
99
100
AcDbVisualStyle
  2
X-Ray
 70
    25
177
     3
291
     0
 70
    58
 90
        2
176
     1
 90
        2
176
     1
 90
        1
176
     1
 90
        1
176
     1
 40
0.5
176
     1
 40
30.0
176
     1
 62
     7
420
 16777215
176
     1
 90
        1
176
     1
 90
        0
176
     1
 62
     7
176
     1
 62
   257
176
     1
 90
        1
176
     1
 90
        1
176
     1
 40
1.0
176
     1
 90
        8
176
     1
 62
     7
176
     1
 40
1.0
176
     1
 90
        1
176
     1
 90
        6
176
     1
 90
        2
176
     1
 62
     7
176
     1
 90
        3
176
     1
 90
        0
176
     1
 90
        0
176
     1
290
     0
176
     1
 90
       13
176
     1
 40
0.0
176
     1
 90
        0
176
     1
290
     0
176
     1
290
     1
176
     1
290
     1
176
     1
290
     0
176
     1
290
     0
176
     1
290
     0
176
     1
290
     0
176
     1
290
     0
176
     1
290
     0
176
     1
 90
       50
176
     1
 40
0.0
176
     1
 40
1.0
176
     1
 90
        0
176
     1
 62
    18
420
        0
176
     1
 90
       50
176
     1
 90
        3
176
     1
 62
     5
420
      255
176
     1
290
     0
176
     1
 90
       50
176
     1
 90
       50
176
     1
 90
       50
176
     1
290
     0
176
     1
 90
       50
176
     1
 62
   256
176
     0
 40
1.0
176
     0
 90
        2
176
     1
  1
strokes_ogs.tif
176
     1
290
     0
176
     1
 40
1.0
176
     1
 40
1.0
176
     1
  0
DICTIONARYVAR
  5
F0
102
{ACAD_REACTORS
330
66
102
}
330
66
100
DictionaryVariables
280
     0
  1
1:1
  0
DICTIONARYVAR
  5
EF
102
{ACAD_REACTORS
330
66
102
}
330
66
100
DictionaryVariables
280
     0
  1
STANDARD
  0
DICTIONARYVAR
  5
89
102
{ACAD_REACTORS
330
66
102
}
330
66
100
DictionaryVariables
280
     0
  1
STANDARD
  0
DICTIONARYVAR
  5
1B7
102
{ACAD_REACTORS
330
66
102
}
330
66
100
DictionaryVariables
280
     0
  1
Imperial24
  0
DICTIONARYVAR
  5
1B8
102
{ACAD_REACTORS
330
66
102
}
330
66
100
DictionaryVariables
280
     0
  1
Imperial24
  0
DICTIONARYVAR
  5
67
102
{ACAD_REACTORS
330
66
102
}
330
66
100
DictionaryVariables
280
     0
  1
2
  0
DICTIONARYVAR
  5
6B
102
{ACAD_REACTORS
330
66
102
}
330
66
100
DictionaryVariables
280
     0
  1
1
  0
DICTIONARYVAR
  5
14D
102
{ACAD_REACTORS
330
66
102
}
330
66
100
DictionaryVariables
280
     0
  1
0
  0
DICTIONARYVAR
  5
14E
102
{ACAD_REACTORS
330
66
102
}
330
66
100
DictionaryVariables
280
     0
  1
0
  0
DICTIONARY
  5
194
330
22
100
AcDbDictionary
280
     1
281
     1
  0
DICTIONARY
  5
188
330
97
100
AcDbDictionary
280
     1
281
     1
  3
FBXASSET
360
189
  0
DICTIONARY
  5
186
330
96
100
AcDbDictionary
280
     1
281
     1
  3
FBXASSET
360
187
  0
DICTIONARY
  5
110
330
98
100
AcDbDictionary
280
     1
281
     1
  3
BUMPTILE
360
112
  3
DIFFUSETILE
360
111
  3
FBXASSET
360
18A
  3
OPACITYTILE
360
113
  3
REFLECTIONTILE
360
114
  0
DICTIONARY
  5
104
330
87
100
AcDbDictionary
280
     1
281
     1
  3
ACAD_ROUNDTRIP_2008_TABLESTYLE_CELLSTYLEMAP
360
197E
  0
XRECORD
  5
189
102
{ACAD_REACTORS
330
188
102
}
330
188
100
AcDbXrecord
280
     1
 70
     1
 90
429727718
  1
508B35C9-AEE7-456F-BE74-D52651303AC6
310
504B03040A0000080000B670623B3DEE336E79000000790000001B0000006175746F6465736B2D64657369676E2D7061636B6167652E786D6C3C3F786D6C2076657273696F6E3D22312E302220656E636F64696E673D227574662D3822203F3E3C666F726D6174733E3C666F726D61743E687474703A2F2F736368656D612E
310
6175746F6465736B2E636F6D2F64657369676E2D7061636B6167652F323030393C2F666F726D61743E3C2F666F726D6174733E504B0304140006080800B670623BD486FD9CA0000000F4000000130000005B436F6E74656E745F54797065735D2E786D6C7D8EC10E82300C865F65E91D8A1E8C310C0EEA1BF002731658846E
310
D98AC1B77784ABF1D8FE5FBFBF75BBCE937A534CCEB38643598122B6FEE978D0B0485F9C41B54DDD7D022595594E1A469170414C76A4D9A4D207E29CF43ECE46F218070CC6BECC4078ACAA135ACF422C856C0E68EA1BF5669944DDD7BCDE7B1F8E415D77AECB980613C2E4AC91FC167A2B244592486606FC29C8FD7F045B9A
310
EF7053A7E60B504B0304140006080800B670623B28ED286BEB0000007C01000008000000636F72652E786D6C8D90416EC3201045AF82665B6183218D6D61A254764FD00B204C5C94182C03558F5F9C3852BBEB6A467FFE9B197D71FA9E6FE8CBACC17AD7012D0820E3B41FAD9B3A48F1826B40272956EFE32F1B20A766D3C1
310
268314D3EAD3B24BDABB685CCCAAF3A3D94515828980F42D371D04FD696655A814B3235C8B45E9AB9A4C419F5D8653B2237A1CB163DE672FD6AC209BF3C08E0D1B30EB19C3FC9D72FCC6EB231EFA33EDE96BDD341517E5064B11EDFCBCAF57A3A2194156843498524CAA0FCA5B7268F9E185D42D21A2DCEC7FA0B48CFF8492
310
759155FBBB0F2C80A4F991FB408A72CB22977B50B96EB9C91F504B0304140006080800B670623B55019EA25F0000007C00000007000000636E782E786D6C4DCB3B0E80201045D1AD90E915ED2CF8AC45050C11660C8261F98AB1B07AC9C97D42D718D865D3E909258CFD00CCE24AC6E326A164D74DC0B4128928FF32603847
310
2BA13128B1252AC747C6BAB984FC68F0B87FE8960A5C09FE86CFB69FBA01504B0304140006080800B670623B7BC41AC871010000D40300000C0000006662782F636F72652E786D6CC553ED6E8320147D15C2DF4501B56B6D90A64BBB27D80B50A5CE54C120983EFEAE1F4DD7A56BBA5FF3879273EEE59E7310BE393735EA95
310
ED2AA333CC428A91D2B9292A5D66D8BB63B0C26823B835C67D2BC348CB46657880B1E0A535BE9DA1DC68A7B403549B42CDA0EC3AE530CA6B5864B8CB3F552343E91D5474A7B095F949962A6421D0502778E72C0840D390E18DC5F170E664C205F7BE2A66B62A605A75AC94C522DDEEE3651AEF837817C741F2CE92E02D592D
310
83FD6ECB76EC7595A651C2C9D02CB8AB9A8BBADC2AE954814544691A3016D0E883256BBA58278B17BA5A53CAC9507ED3E4DBE2C9265F691747B3DCA9ADC382819091F8E1162272A8933DE82182932144F88C09DF060D8140C84E1EEA8B8F1340BDCA9DB1093085F157AA97B557309586747CD0EF0B4EA64E983A6E0EAEEFCE
310
889E9EF17847386AA94B30211D2C0FDE0D3AF9A4610EAD5536E8DD1969631B593F67E381C33F5157F17725E5A636F6BF1491F980C8FC7B90E13E8A2F504B0304140006080800B670623B70102A487D0000009D0000000B0000006662782F636E782E786D6C4DCCD10A83201886E15B91FFDC95A5C30335ACCDFB886521330D
310
A76397BF1A1DECE883878F57749FD5A3B74D2F17830472A901D9F088930B8B849267CC01754AA418F3DF0D5018572BE160506249B16C274D761E8BCFBB7A179E27F65CB39A0F14D396184C9921B81F34C3ACA1B4B99ABB6E6F062A25AA5F69DF23ACBE504B0304140006080800B670623B3610CA3329010000120200003100
310
00006662782F42384135303843342D343331462D343546312D424341352D3532343432364645413344462F636F72652E786D6C8D515B6EC32010BC0AE22B55850D0E446E848992B43E412FE000495162B07854397EA176A4F62F3F2C9A9D991D58BEBB8F37F0AD7D30CE76905418026DA553C65E3A98E219B510EC04F7CEC5
310
3F3408EC30EA0E16180A7EF12E4D0B249D8DDAC68C5AA7F4020E21E80881BCE54B0783FCD2E3500D296646B856D320AFC34557A4CAEDCC133C449F0380794839A138B47B86DB2345744D7A44594FD0E1B867883594369BFE63BF7EEF793D0B054FC9A8456E548E63CE46FB674D8A58F068C6477CE9F510B582A2C1F80D1182
310
70F349E816B32D65AFB8DD62CCEB42FF274A937A52948C8DEB66893BCB021484D7734370E5D2E9F608A3EF93F3119479ABA0E50B14B8C298119A43CCC4FCFCECB8A18B6388CEE7EF5D5D4F994BD86CBBA182D76543B9FCAE2FD7B24DF103504B0304140006080800B670623B1B8617914E0100003303000030000000666278
310
2F42384135303843342D343331462D343546312D424341352D3532343432364645413344462F636E782E786D6CD593C16EC32010447F0571AD6CE3D489D20813A9877E410FBD62D82434182CC055F3F75D1292E692438FBD206B7698593D61BEFD1E2DF982108D773D6D6B460938E5B571FB9ECE6957AD29D90A1EBC4F7736
310
4A9C1CA1A759A682EF839FA72269D8C9D92654AD71C72206887E0E0A22CAF926B15E498B01E0AA19451807D01A34B919F16B070157417138917400F2F6FA41FCF0092A45DEE414C19BDC21783E4BD39D891265658C3D8DEA00A3ACE59CBC8678ACB54CB26EEB6BD7839D7E9348BE70AD9C8321B9BCA7F9A4A26C542347DEE0
310
50F09802D22BA6749A800A394DD62899107273365E3C82CFC6A55557BC06C10774B7ABE7AEC3B0F34CF06446280E154026D0542C187BA9DAB6628BF7B6DBB0E5A65B3EB1F58631DE64BBE083F7B65CC218087E22CABB042E51D1F2268F1FE12B3EA24D40D63E9CFE00120194D60B9D5BC67FE6D39CDF37E20AF817881F504B
310
0304140006080800B670623BBFEF2E3B690500003C100000340000006662782F42384135303843342D343331462D343546312D424341352D3532343432364645413344462F6F626A656374732E786D6CAD575D739B3814FD2B0CFB0C98D84E931D4227B6938EA793B6534F3BFB90198F0099B001899144EAECAFDF231018B0
310
D37A3FFC609090EEE7B94757C1FB7D915B2F54C88CB31BDB7727B64559CC938CA53776A576CE956DBD0F03C1B9EA2DB32D460A7A63EB693B0C52C1ABD24C257447AA5C8D66EF177F5832A68CDA569C13296F6C193FD182B8A4523CA1F2D94D88226EBADBBBBEDB2C1C8A4D05299F46424B222853B014F30C52ACC6287F389C
310
D85E1878FA7B18E87FB36AFAF62AAFF667A83F635211161F291B8999FAB3D5DDC5FCDA99CF6653677679E13B8BFBC5CAF1DF4D27CBCBE5F2FAF6EE1A8AA51290642C117467871F101B91C581D77CEA2C36869F3229E68CD1B8F61F1ED6361B89092D294B90C78C4A68EB793D190E7D1D9BDEE7A91E1B95FDE9F3BCEAEFE809
310
6A6D6F9F7D4B79F4275C90E7A04248AA51D5C4C738DAE06F72885AC4796EBE65D22A88A22223B995679120E2D50EB1542F098381188D4EA111AE3DB043FF20AF6F2B4AE3D7D83D65E5AECA730D4D3BAC91BD05FEA992B565D95F549CD6069B90AB2A63EACA38A45E4B6A87D781574F86817E4C2FCCC72690D62E2729520E37
310
9BAF234797BAF6D62B3BFC781FED37BA1E4F2B2F052FA9501A3E80569BB8F6A9A364D4FA67654E6F803383981F82F21591FF84F23D9882BC896C3FDBCF8C162508933B2E0AE4C69DD43F6BD2BE38DDDBF10BF86CB4FA784D37F3AF16075E67EC9030DECA1FC0A55373F5DFF3378C591FA9BDF485C10B0A8C8BA909E5262639
310
A8E72163488806A595734C81CB77D1DE0ED7604A303B76913CEC0272F412782FF88EFF4636D8AA56DF7B322474C4B767303F625997056C7B032C473C592B36CEBD15F3F9FF5233B7ABCDC74D257624A60F8658567497B14CE1EC3C80B76FD02011038F9EE9EB0F2E12387A9C844D3F09855125116D1D731DF8B43D2CF4E0A0
310
79A020C6BE946BCE0B7EA1E1219331CD73C228AF5A2DDD31A4B1DA918CE91350854D40A71723140BFA92E94E62B0626016CEFA5864A50E5977E8753CEDBEE1CBB7F52780D20E17AF0BA0F5F9B02A3AD07DCC732EB6D1EBB661421BE0C39E21BABF0FE16D22EA6929407C8DE596724C88B749B6DB5512BC7B228ADFD7CB7EA6
310
3A22397E690BA8D5D8D4E40CEC8CDA23C2C0B7D5898640101CEC9C6D331CE328CB93CAFBBAC70A642DF70DF95155945B52F08AA973C23469FD69ADEF84F7BB18F983A8F8C90E37F5D35980B2139A1C523540813E824EF83448CF7C72B598CE97D7CEEDDDDD3B6736BFBC771677EF66CE6A7E7139F7A793E9EDF2B2B3A8B624
310
0CDA13AA5F8388264EC4A0129909F3B7F5A16CEDF08128E97D680ACA4B9BE7B7B58BB638F0B00700EF36AE8B32A705658A68F83EE897FC2B41573190D1CCAF0B92D233A47CFEB019D9809933F67DD1A5467F8CF69AD9A5AE859342D45355448C64F968A371DC2D596ADC6E43D93D1B466F877A64E2893E54F23C4B40388995
310
525E5005DA3983ED45412510D3EFCA13737B3863F74BD30F2A12E5B4B5E489A025CE25500DB855B11ACE5BBFA185D35DD48D8DC3CE7DC69F2944DB42AA6F6CF09BCA622ADD08C7A36E7C6AE18000BAB08E040135C2D21C9D75B3A91B77BB746C403F38018DFE6EC939DD92F16B40BC05294B9CDA035AAD6D330AE27FE4786B
310
8E45145EA34A75BE1C263A676A35A8ACC6297337400BF16C54EF515F3F77CB77EB3583889C754FFA29081AA98E2222ADEF05DA3E63D2EDEA8B8756C05A7FB6CABC4A91CBF325398202CC952E70A008A830324BA200D5E5EF8F5F04C75DB4B0EE3340E071C98B823333B83577596BF3849B69F2085AA0FAFA212F26BEFF5877
310
FDE622B28D88A42E49E43326DA82D31E8CB006401E1DA726059ECEC168F97A6599036306A135688F9AD2E61A6EA178F4CD51974A9F2CCB9F36FE5EBD14601068D9C3BF01504B0304140006080000B670623B000000000000000000000000350000006662782F42384135303843342D343331462D343546312D424341352D35
310
32343432364645413344462F76657274696365732E62696E504B0304140006080800B670623BF270F1330600000004000000360000006662782F42384135303843342D343331462D343546312D424341352D3532343432364645413344462F747269616E676C65732E62696E636660600000504B0304140006080000B67062
310
3B000000000000000000000000370000006662782F42384135303843342D343331462D343546312D424341352D3532343432364645413344462F617474726962757465732E62696E504B0304140006080800B670623B08DA0BD19000000041010000360000006662782F42384135303843342D343331462D343546312D4243
310
41352D3532343432364645413344462F6469726563746F72792E786D6C858F410AC3201045AF22B36F53E9A60B35CBEEBAE80D244E44489C6234F4F835464A48035D0DF398FF9F8AF63D0E6CC63039F212F8F9020C7D47C6792B21C5FE7403D62A1188E2E60C98D7234A5830286103A55745067B9D86B8A3CF9C7F90C11DE6
310
07FB144396D7B6A82D282E9A152AD114D5EF2CB866EEE831B8EEA07A7BB5A8D7D61A2BAAEB7FD5F70921FF497D00504B0304140006080800B670623B3B4606F3FE000000A00100003B0000006662782F42384135303843342D343331462D343546312D424341352D3532343432364645413344462F7265736F75726365732F
310
636F72652E786D6C8D504B6E833010BD0A9A6D65B08134808CA354A427E8052C332156828DFCA97AFC9A40A576D7CDCCE87D344F8F9FBEE647F689CE6B6B7A6039850C8DB2A336530F315C4903D94970676DF82583CCC8197B5861107C72362E3BA4AC096842428D1D7107A5F71820538F74F4E0D50D6799CB1892C2DFF345
310
AABB9C306779A2934E701F5C0A906D4FD609C2A1B7D129F4BCD858C163D4E3AED163FAA9AF1A1D88F67CA98E6D35906AA82A52BFB39ABCD5CD915C86331BD86BD3B665CD8BD52C78D0F34F46E550061C419494B6843142CB0F5677F4D0D58717DA7494F26295FF31C565FCA7296A13AA728FBBD93C0896823C09C18BB5AFB4
310
9E65A6BD762BBE01504B010214000A0000080000B670623B3DEE336E79000000790000001B00000000000000000000000000000000006175746F6465736B2D64657369676E2D7061636B6167652E786D6C504B01021400140006080800B670623BD486FD9CA0000000F40000001300000000000000000000000000B2000000
310
5B436F6E74656E745F54797065735D2E786D6C504B01021400140006080800B670623B28ED286BEB0000007C010000080000000000000000000000000083010000636F72652E786D6C504B01021400140006080800B670623B55019EA25F0000007C000000070000000000000000000000000094020000636E782E786D6C50
310
4B01021400140006080800B670623B7BC41AC871010000D40300000C00000000000000000000000000180300006662782F636F72652E786D6C504B01021400140006080800B670623B70102A487D0000009D0000000B00000000000000000000000000B30400006662782F636E782E786D6C504B01021400140006080800B6
310
70623B3610CA3329010000120200003100000000000000000000000000590500006662782F42384135303843342D343331462D343546312D424341352D3532343432364645413344462F636F72652E786D6C504B01021400140006080800B670623B1B8617914E010000330300003000000000000000000000000000D10600
310
006662782F42384135303843342D343331462D343546312D424341352D3532343432364645413344462F636E782E786D6C504B01021400140006080800B670623BBFEF2E3B690500003C10000034000000000000000000000000006D0800006662782F42384135303843342D343331462D343546312D424341352D35323434
310
32364645413344462F6F626A656374732E786D6C504B01021400140006080000B670623B0000000000000000000000003500000000000000000000000000280E00006662782F42384135303843342D343331462D343546312D424341352D3532343432364645413344462F76657274696365732E62696E504B010214001400
310
06080800B670623BF270F133060000000400000036000000000000000000000000007B0E00006662782F42384135303843342D343331462D343546312D424341352D3532343432364645413344462F747269616E676C65732E62696E504B01021400140006080000B670623B00000000000000000000000037000000000000
310
00000000000000D50E00006662782F42384135303843342D343331462D343546312D424341352D3532343432364645413344462F617474726962757465732E62696E504B01021400140006080800B670623B08DA0BD1900000004101000036000000000000000000000000002A0F00006662782F42384135303843342D3433
310
31462D343546312D424341352D3532343432364645413344462F6469726563746F72792E786D6C504B01021400140006080800B670623B3B4606F3FE000000A00100003B000000000000000000000000000E1000006662782F42384135303843342D343331462D343546312D424341352D3532343432364645413344462F72
310
65736F75726365732F636F72652E786D6C504B0506000000000E000E0080040000651100000000
  0
XRECORD
  5
187
102
{ACAD_REACTORS
330
186
102
}
330
186
100
AcDbXrecord
280
     1
 70
     1
 90
429727718
  1
887D55A9-D0DD-414E-B741-A7DCD4DA2B4C
310
504B03040A0000080000B670623B3DEE336E79000000790000001B0000006175746F6465736B2D64657369676E2D7061636B6167652E786D6C3C3F786D6C2076657273696F6E3D22312E302220656E636F64696E673D227574662D3822203F3E3C666F726D6174733E3C666F726D61743E687474703A2F2F736368656D612E
310
6175746F6465736B2E636F6D2F64657369676E2D7061636B6167652F323030393C2F666F726D61743E3C2F666F726D6174733E504B0304140006080800B670623BD486FD9CA0000000F4000000130000005B436F6E74656E745F54797065735D2E786D6C7D8EC10E82300C865F65E91D8A1E8C310C0EEA1BF002731658846E
310
D98AC1B77784ABF1D8FE5FBFBF75BBCE937A534CCEB38643598122B6FEE978D0B0485F9C41B54DDD7D022595594E1A469170414C76A4D9A4D207E29CF43ECE46F218070CC6BECC4078ACAA135ACF422C856C0E68EA1BF5669944DDD7BCDE7B1F8E415D77AECB980613C2E4AC91FC167A2B244592486606FC29C8FD7F045B9A
310
EF7053A7E60B504B0304140006080800B670623BBC1638F5EC0000007C01000008000000636F72652E786D6C8D90416EC3201045AF82665B61836BE2D8C24471DB9CA01740401C94182C03558F5F9C3852BBEB6A467FFE9B197D7EF89E6EE8CB2CC17AD7032D0820E394D7D68D3DA478C67B4007C117EFE32F1B202727D3C3
310
2A83E0E3E2D3BC49CABB685CCCAAF3DA6CA20CC14440EA969B1E82BA98491632C5EC08D76296EA2A4753D06797E194AC468F2356E77DF66CCD02825543D50CACC62D39ED70FDC68EB8FD68F6F8787A6784342D1DDA1D2F5758F068A7E77DB518198D065111D2624A31A93E69DD11D6D5EC85EC3B4278B9DAFF4069D6FF8492
310
75F1B5DADE7D600104CD8FDC0782976B16B9DC83CA75CD4DFC00504B0304140006080800B670623B55019EA25F0000007C00000007000000636E782E786D6C4DCB3B0E80201045D1AD90E915ED2CF8AC45050C11660C8261F98AB1B07AC9C97D42D718D865D3E909258CFD00CCE24AC6E326A164D74DC0B4128928FF326038
310
472BA13128B1252AC747C6BAB984FC68F0B87FE8960A5C09FE86CFB69FBA01504B0304140006080800B670623B3586FFB671010000D40300000C0000006662782F636F72652E786D6CC553ED6E8320147D15C2DF4541A76D6D90A6DDD627D80B50A4CE54C120983EFEAE1F4DD7A55BBA5FF3879273EEE59E7310B6393735EA
310
95ED2AA3731C851423A5A5292A5DE6D8BB63B0C268C39935C67D29C3488B46E578803167A535BE9D2169B453DA01AA4DA16650749D7218C91A1639EEE4876A4428BC838AEE14B6429E44A9C228041AEA38EB9C0501681A32BC313F1ECE8C4C3867DE57C5CC56054CAB8E95B298A7F12E5EEED224C8E87E11242FE936C8DE96
310
AB60BB7F4D295D66D12E5B30323473E6AAE6A24E5A259C2A308F29CD82280A68FC1E256B9AAE93F489AED694323294DF34F9B678B0C957DA3DC7B3DCA9ADC33C022123F1CD2D44E450277AD04338234388F01913BE0D1A0281909D38D4171F27807A259DB1093085F157AA17B557309586747CD0CF0B46A64E983A6E0EAEEF
310
CE881F9EF1FB8E70D44297604238581EBC1B74B249C31C5AAB6CD0BB33D2C636A27ECCC62F0EFF445DC5DF95244D6DEC7F2922F30191F9F720C37DE49F504B0304140006080800B670623B4220A0FF7D0000009D0000000B0000006662782F636E782E786D6C4DCCD10A83201886E15B91FFDCE542CB0335D0EC3E6259C84A
310
C3E9D8E5AF46073BFAE0E1E315DD675BD1DBA5978F41C2FD4600B9F088930F8B849267CC01754AA418F3DF0D50183727E164506249B1EC174D6E1ECB9A0F5D7D785E68DB8151CD286E5A5363CA6B8A39E90D36D40E96B086F55A43A544F52B1D7B86D517504B0304140006080800B670623B2FA3FEDE290100001202000031
310
0000006662782F45374635344235342D363743322D343832342D383044432D4334454645303536354442422F636F72652E786D6C8D515B6EC32010BC0AE22B55850D2E386E848994D7097A0117488A1283C5A3CAF10BB523B57FF961D1ECCCECC0F2ED7DBC816FED8371B687A4C210682B9D32F6D2C314CFA883602BB8772E
310
FEA141608751F7B0C050F08B77695A20E96CD43666D43AA5177008414708E42D5F7A18E4971E876A483133C2B59A06791D2EBA22556E679EE021FA1C00CC43CA09C5717D6274C7286AD7FB06D1AEA1A8C3873DDAD3E3E98859CB0EBB1DAF67A1E02919B5C88DCA71CCD968FFAC49110B1ECDF8882FBD1EA256503418BF2342
310
106E3E08DD60B6A1EC15771B8C795DE8FF4469524F8A92B1F1AD59E2CEB20005E1F5DC105CB9F4797B84D1F7C9F908CABC55D0F2050A5C61CC1AD2F27A26E6E767C7962E8E213A9FBF7775FDCC5CC266DB960A5E970DE5F2BBBE5CCB36C50F504B0304140006080800B670623B1B8617914E01000033030000300000006662
310
782F45374635344235342D363743322D343832342D383044432D4334454645303536354442422F636E782E786D6CD593C16EC32010447F0571AD6CE3D489D20813A9877E410FBD62D82434182CC055F3F75D1292E692438FBD206B7698593D61BEFD1E2DF982108D773D6D6B460938E5B571FB9ECE6957AD29D90A1EBC4F77
310
364A9C1CA1A759A682EF839FA72269D8C9D92654AD71C72206887E0E0A22CAF926B15E498B01E0AA19451807D01A34B919F16B070157417138917400F2F6FA41FCF0092A45DEE414C19BDC21783E4BD39D891265658C3D8DEA00A3ACE59CBC8678ACB54CB26EEB6BD7839D7E9348BE70AD9C8321B9BCA7F9A4A26C542347DE
310
E050F09802D22BA6749A800A394DD62899107273365E3C82CFC6A55557BC06C10774B7ABE7AEC3B0F34CF06446280E154026D0542C187BA9DAB6628BF7B6DBB0E5A65B3EB1F58631DE64BBE083F7B65CC218087E22CABB042E51D1F2268F1FE12B3EA24D40D63E9CFE00120194D60B9D5BC67FE6D39CDF37E20AF817881F50
310
4B0304140006080800B670623B29652116630500003C100000340000006662782F45374635344235342D363743322D343832342D383044432D4334454645303536354442422F6F626A656374732E786D6CAD575D739B3814FD2B0CFB0C989834C90EA1639B24E3E9A6EDD4D3CE3E64C623834CD8006224913AFDF57B040203
310
B65BEF871F0C12D2FD3CF7E8CA7FBFCB33E3957291B2E2D674ED8969D02262715A24B76625B7D6B569BC0F7CCE98EC2D338D82E4F4D654D366E0279C55A59E8AE99654991CCDDECFFF3444440B6A1A514684B83545F44C7362934AB2988A173B2692D8C97667BB76B3702836E1A47C1E092D09A78584A5982F20C5688C7287
310
C389E904BEA3BE07BEFAD7ABA6A75739B53F43FD69212429A20365233153D70BEF2E2E6FAC4BCF9B5ADEBB0BD79ADFCF43CBBD9A4E16EF168B9BD9DD0D140BC921495BC2E9D60C1E101B9E46BED37CEA2CD6861F3329624541A3DA7F7858DBAC25C6B4A4458C3CA654405BCFEBC970E8AAD8F43E4FD558ABEC4F9FE7557F47
310
4F506B7BFBEC5BCA367FC105710E2AB8A00A554D7CB4A30DFE26FBA86D18CBF4B75418399194A72433B274C3097F33032C554B027F2046A1932B842B0FCCC0DDCBEBDB8AD2F835768F59B9ADB24C41D30C6A64AF817F2A456D59FA83F2E3DA60137255A585BCD60EC9B7929AC18DEFD49381AF1ED30BFDB109A4B1CD488294
310
C3CDE6EBC8D185AABD6568061FEE37BB95AAC7E3CA4BCE4ACAA5820FA0D526AE7DAA2869B5EE5999531BE0CC20E6FBA07C41E43FA27CF7A6206F3CDD793B4F6B919C1462CB788EDCD893FA674CDA17AB7B3B7C019F8D561FAEE966FED562DFE98C1D12C6A9FC015C2A35D7FF3D7FC398F591DA4B5FE0BFA2C0189FEA50AE22
310
92817A1ED3020951A03432862970F976B33383259812CC8E5D240BBA801CBCF8CE2BBEE3BF910DB6AAD5F79E05123AE2DB33981FB1ACCB02B69D00CB014FD68AB573A7627EF9BFD4CC2C5C7D58557C4B22FAA88925A4DBB44825CECE3D78FB060D1231F0E885BE7D673C86A3874958F593906B5502D1563157814FDAC3420D
310
F69A070A22EC4B98E23CFF171A1E5311D12C23056555ABA53B8614563B92D17D02AAB009E8F46284624E5F53D5490C560CCCC2591FF1B45421EB0EBD8EA7ED13BE7C5D7E0428CD60FEF60779EB13E6664FF711CB185F6FDED60D139A001FF60CD1FD6D086F1D51474901E26B2CB794A343BC8ED3EDB612E0DD2351FCB65CF4
310
33D511C9E14B5B40ADC6A6263DB0336A8F700DDF56271A024E70B0B3629DE21847591E55DED73D56206AB927E46FAABC5C939C55853C274C93D69FD6FA4E78BF8B11DF898C9ECD60553FAD39283BA6F18984AA23E8884F83F45C5F5F859797B31B2B9C84A1E5B9DE9D35BFF25C6B76152E422F9C5DCC3D847F5801ED09D5AF
310
41441327A25FF15487F9EB725FB666F048A4701E9A827292E6F97569A32DF61DEC01C0BB8DCBBCCC684E0B49147C1FD54BF685A0AB18C868E6973949E819523E3DAC463660E68C7D9F55A9D1EFA3BD7A76A16AE1A810F95CE59B82A4D968A376DC2E8B44BBDD86B27B368CDE0ED548C7137DA860591A83706223A12CA712B4
310
7306DBF39C0A20A6DF95C7FAF670C6EED7A61F946493D1D6926782963813403548A78AE470DEF80D2D9CEAA26E4D1C76F60BFE74219A06527D6B82DF641A51616F703CAAC6A7160E08A00BEB4810A0274592A1B36E3675E36E978A0DE80727A0D6DF2D39A75BD27E0D8837276589537B40ABB56D5A41F48F1C6FCD3188C4EB
310
A6929D2FFB89CE995A4D00AE813BDD032DC48B56BD437DFDDC2DD7AED70C2272D63DE9A72068A45A92F0A4BE17A8A06B9366E16707AD80B1FC649459952097E74BB23805982B55E0401150A165964402AA8BDF9F3E7386BB686EDCA780C0D382E5392BF460A6EFB2C6EA1937D3F809B440D5F5435C4C5CF7A9EEFAF54564BD
310
2182DA24162F98680B4E7930C21A0079709CEAEB99A372305ABE0C0D7D6078105A83F6A0296DAEE1068A47DD1C55A9F4C9B2FC69E3EFD44B81028E963DF81B504B0304140006080000B670623B000000000000000000000000350000006662782F45374635344235342D363743322D343832342D383044432D433445464530
310
3536354442422F76657274696365732E62696E504B0304140006080800B670623BF270F1330600000004000000360000006662782F45374635344235342D363743322D343832342D383044432D4334454645303536354442422F747269616E676C65732E62696E636660600000504B0304140006080000B670623B00000000
310
0000000000000000370000006662782F45374635344235342D363743322D343832342D383044432D4334454645303536354442422F617474726962757465732E62696E504B0304140006080800B670623B08DA0BD19000000041010000360000006662782F45374635344235342D363743322D343832342D383044432D4334
310
454645303536354442422F6469726563746F72792E786D6C858F410AC3201045AF22B36F53E9A60B35CBEEBAE80D244E44489C6234F4F835464A48035D0DF398FF9F8AF63D0E6CC63039F212F8F9020C7D47C6792B21C5FE7403D62A1188E2E60C98D7234A5830286103A55745067B9D86B8A3CF9C7F90C11DE607FB144396
310
D7B6A82D282E9A152AD114D5EF2CB866EEE831B8EEA07A7BB5A8D7D61A2BAAEB7FD5F70921FF497D00504B0304140006080800B670623B6378F24DFF000000A00100003B0000006662782F45374635344235342D363743322D343832342D383044432D4334454645303536354442422F7265736F75726365732F636F72652E
310
786D6C8D504B6E833010BD0A9A6D65B0094E42641C85B639412F6099496225D8C89FAAC7AF09546A77DDCC8CDE47F3F4C4F16B7C149FE88371B603565228D06A37187BED20C50BD9437194C23B177FC9A0B06AC40E6618A4B87A97A615D2CE46B431A3D60DB8822A048C50E8473E3A08FA86A32A558A5911EEE5A4F45D5DB1
310
6465A6B34E8A107D0E502C4FE609D26370C96B0CA25A58295232C3AA3143FE692E063D485EF7F5AEE71BD2D2F39634AFFC44DAF7DD9E9CCE6F9CD25DCBFA762BAAD92C4534E34F46ED51451C40D694B6843142EB0FD61C283F34FC85EE0F948A6A96FF31A569F8A729191B37F51A77B105902C0779125254735F793DCBCC7B
310
EE567E03504B010214000A0000080000B670623B3DEE336E79000000790000001B00000000000000000000000000000000006175746F6465736B2D64657369676E2D7061636B6167652E786D6C504B01021400140006080800B670623BD486FD9CA0000000F40000001300000000000000000000000000B20000005B436F6E
310
74656E745F54797065735D2E786D6C504B01021400140006080800B670623BBC1638F5EC0000007C010000080000000000000000000000000083010000636F72652E786D6C504B01021400140006080800B670623B55019EA25F0000007C000000070000000000000000000000000095020000636E782E786D6C504B010214
310
00140006080800B670623B3586FFB671010000D40300000C00000000000000000000000000190300006662782F636F72652E786D6C504B01021400140006080800B670623B4220A0FF7D0000009D0000000B00000000000000000000000000B40400006662782F636E782E786D6C504B01021400140006080800B670623B2F
310
A3FEDE290100001202000031000000000000000000000000005A0500006662782F45374635344235342D363743322D343832342D383044432D4334454645303536354442422F636F72652E786D6C504B01021400140006080800B670623B1B8617914E010000330300003000000000000000000000000000D2060000666278
310
2F45374635344235342D363743322D343832342D383044432D4334454645303536354442422F636E782E786D6C504B01021400140006080800B670623B29652116630500003C10000034000000000000000000000000006E0800006662782F45374635344235342D363743322D343832342D383044432D4334454645303536
310
354442422F6F626A656374732E786D6C504B01021400140006080000B670623B0000000000000000000000003500000000000000000000000000230E00006662782F45374635344235342D363743322D343832342D383044432D4334454645303536354442422F76657274696365732E62696E504B01021400140006080800
310
B670623BF270F13306000000040000003600000000000000000000000000760E00006662782F45374635344235342D363743322D343832342D383044432D4334454645303536354442422F747269616E676C65732E62696E504B01021400140006080000B670623B0000000000000000000000003700000000000000000000
310
000000D00E00006662782F45374635344235342D363743322D343832342D383044432D4334454645303536354442422F617474726962757465732E62696E504B01021400140006080800B670623B08DA0BD190000000410100003600000000000000000000000000250F00006662782F45374635344235342D363743322D34
310
3832342D383044432D4334454645303536354442422F6469726563746F72792E786D6C504B01021400140006080800B670623B6378F24DFF000000A00100003B00000000000000000000000000091000006662782F45374635344235342D363743322D343832342D383044432D4334454645303536354442422F7265736F75
310
726365732F636F72652E786D6C504B0506000000000E000E0080040000611100000000
  0
XRECORD
  5
112
102
{ACAD_REACTORS
330
110
102
}
330
110
100
AcDbXrecord
280
     1
270
     1
271
     1
  0
XRECORD
  5
111
102
{ACAD_REACTORS
330
110
102
}
330
110
100
AcDbXrecord
280
     1
270
     1
271
     1
  0
XRECORD
  5
18A
102
{ACAD_REACTORS
330
110
102
}
330
110
100
AcDbXrecord
280
     1
 70
     0
 90
1778669749
  1
9BF507EE-FAF7-4A99-A33D-4EE51894BC40
310
504B03040A0000080000B670623B3DEE336E79000000790000001B0000006175746F6465736B2D64657369676E2D7061636B6167652E786D6C3C3F786D6C2076657273696F6E3D22312E302220656E636F64696E673D227574662D3822203F3E3C666F726D6174733E3C666F726D61743E687474703A2F2F736368656D612E
310
6175746F6465736B2E636F6D2F64657369676E2D7061636B6167652F323030393C2F666F726D61743E3C2F666F726D6174733E504B0304140006080800B670623BD486FD9CA0000000F4000000130000005B436F6E74656E745F54797065735D2E786D6C7D8EC10E82300C865F65E91D8A1E8C310C0EEA1BF002731658846E
310
D98AC1B77784ABF1D8FE5FBFBF75BBCE937A534CCEB38643598122B6FEE978D0B0485F9C41B54DDD7D022595594E1A469170414C76A4D9A4D207E29CF43ECE46F218070CC6BECC4078ACAA135ACF422C856C0E68EA1BF5669944DDD7BCDE7B1F8E415D77AECB980613C2E4AC91FC167A2B244592486606FC29C8FD7F045B9A
310
EF7053A7E60B504B0304140006080800B670623BCA089DFFEC0000007C01000008000000636F72652E786D6C8D90416E83301045AF62CDB632D8402020E32882F604BD80653BC44AB011B6AB1EBF262152BBEB6A467FFE9B197D76FA9EEFE84BAFDE38DB03CD08206DA553C64E3DC470C1474027CE56E7C22F1B202B66DDC3
310
260367D3EAE2B24BD2D9A06D48AA754AEFA2F05E0740F29E9A1EBCBCEA59642286E4F0B76C11F226269DD15797E0188D42CF2346A57DE662F40ABCAEC77628C6120F654571D50C04B7F5B9C1E3997CD4F550BE3745C3F20DE62C98F9755FAE5A04AD801784B498524C8A4F5A75E4D055873772EC0861F966FF03C545FD138A
310
C686B2D8DF7D621E384D8F3C069CE55B16A93C824A75CB8DFF00504B0304140006080800B670623B55019EA25F0000007C00000007000000636E782E786D6C4DCB3B0E80201045D1AD90E915ED2CF8AC45050C11660C8261F98AB1B07AC9C97D42D718D865D3E909258CFD00CCE24AC6E326A164D74DC0B4128928FF326038
310
472BA13128B1252AC747C6BAB984FC68F0B87FE8960A5C09FE86CFB69FBA01504B0304140006080800B670623B68FC0B7272010000D40300000C0000006662782F636F72652E786D6CC5535B6E833010BC8AE5DF0A6C1E8124328E22D29EA01770C0A128602363A31CBFCB234A53A555FA553EC09AD9F5CE8C31DB5DDA060D
310
D2F4B556190E7C8A9154852E6B5565D8D993B7C668C799D1DA7E29C3488956667884316795D1AE5BA0422B2B950554E9522EA0E87B69312A1A5864B82F3E642B7CE12C54F467BF13C55954D20F7CA0A18EB3DE1A1080E621E31BF3D3F1C2C88C73E65C5D2E6C5DC2B4FA544B8379921C36797888BC3C8A032F4E73EA6D927D
310
EA1DF6F42D49F2E8350D5346C666CE6CDD5ED515460A2B4BCC434A375E1078347C0FE22D5D6DE3D50B5D6F2965642CBF6B725DF96493AB958DC245EEDCD6631E809089F8E61622B2A81703E8219C913144F84C09DF070D8140C8561C9BAB8F3340832CAC363130A576376A108D933095FA747AD0CF0B46E64E983A6D0EAE1F
310
CE089F9EF1FB8E70D44255604258581E9D1D75B259C3125A278D37D80B52DAB4A279CEC62F0EFF44DDC43F9454E8469BFF5244960322CBEF41C6FBC83F01504B0304140006080800B670623B0F71DDB67E0000009D0000000B0000006662782F636E782E786D6C4DCCD10A83201886E15B91FFDCA54DB73F502386BB8F5816
310
32D3703976F9ABD1C18E3E78F87855FB990379BBFCF2296AE02706C4C5471A7C9C349475A408A4352AA7B4FEDD80C47E761A7606A3A69CCA72D0E0C6BE8475D3E0E3F3409428EA6B27A84079A782899AA2EC1A7AE3ECCC2FD858CB2D544655BFD2B67BD87C01504B0304140006080800B670623BE134B4FB28010000120200
310
00310000006662782F38353834323741342D343835462D343034322D383541392D4331303331363839454531452F636F72652E786D6C8D515B6EC32010BC0AE22B55850D0EA424C24451959EA0172086A42831583CAA1CBF503B52FB971F16CDCECC0EACD8DFC71BF836215AEF7A481A0C817183D7D65D7A98D3197108F652
310
04EFD31F1A044E8DA6871586525C82CFD3020DDE25E352419DD76601558C264130DCCAA58771F832A36A544E8511AFCDA486ABBA988634A55D7852C4144A00300FA927949C71DABD1D28A29C7D208A6987383B6CD13BC16BB2E1DBE3911C453B0BA5C8D9EA456E758963CFD684674DAA588A64C747FC2118958C86B2C3788B
310
0841B8FB247487D98EB257CC77188BB6D2FF89F2A49F1465EBD2BA5BE2CEB2082511EDDC9042FB7CBA3DC298FBE4430275DE2A9AE1054ADC60CC08E3A29D89E5F9C5714317C7987C28DFBBBA9E0A97B0D97643A568EB864AF95D5FA9759BF207504B0304140006080800B670623B1B8617914E010000330300003000000066
310
62782F38353834323741342D343835462D343034322D383541392D4331303331363839454531452F636E782E786D6CD593C16EC32010447F0571AD6CE3D489D20813A9877E410FBD62D82434182CC055F3F75D1292E692438FBD206B7698593D61BEFD1E2DF982108D773D6D6B460938E5B571FB9ECE6957AD29D90A1EBC4F
310
77364A9C1CA1A759A682EF839FA72269D8C9D92654AD71C72206887E0E0A22CAF926B15E498B01E0AA19451807D01A34B919F16B070157417138917400F2F6FA41FCF0092A45DEE414C19BDC21783E4BD39D891265658C3D8DEA00A3ACE59CBC8678ACB54CB26EEB6BD7839D7E9348BE70AD9C8321B9BCA7F9A4A26C542347
310
DEE050F09802D22BA6749A800A394DD62899107273365E3C82CFC6A55557BC06C10774B7ABE7AEC3B0F34CF06446280E154026D0542C187BA9DAB6628BF7B6DBB0E5A65B3EB1F58631DE64BBE083F7B65CC218087E22CABB042E51D1F2268F1FE12B3EA24D40D63E9CFE00120194D60B9D5BC67FE6D39CDF37E20AF817881F
310
504B0304140006080800B670623B5933D422630500003B100000340000006662782F38353834323741342D343835462D343034322D383541392D4331303331363839454531452F6F626A656374732E786D6CAD575B6FA33814FE2B887D0642934E9B156594264D158D3A534DD4D13E548A0C38942D60649B4EBABF7E3F8321
310
40924EF6928780CDF1B97EE762EFF32E4B8D37CA45C2F21BD3B547A641F39045491EDF98A5DC5AD7A6F1D9F73863B243661A39C9E88DA9B64DDF8B392B0BBD15D12D295339D85DDEFE618890E6D434C2940871638AF08566C426A5641115AF764424B1E3EDCE76ED9AB0CF36E6A47819302D08A7B984A6D8CFC1C5A89572FB
310
CB91E9F89EA3BEFB9EFAD754E3D3544E654F5F7E920B49F2F040D880CDD89D2CEE2E2EA7D6E56432B6269F2E5CEB7679BBB0DCABF168FE693E9FCEEEA6102C240727AD09A75BD3BF876F78127A4EFDA9D5582B7E4CA590E5390D2BFB6161A5B3E618D182E611E2985001691DAB47FDA5AB7CD3F93C566B2DB2BB7D9E55DD13
310
1D468DEECDB3AB290BFE8409E21C54704115AA6AFF68436BFC8DF65E0B184BF5B74418199194272435D224E084BF9B3E481589EFF5D828747285706581E9BB7B7E5D5D911ABFC6EE312DB7659A2A689A7E85EC0DF04FA5A8344BFEA2FCB834E8845895492EAFB541F2BDA0A63FF59C6AD3F7D4637CA13FD68E34B629891172
310
98597F1D183A57B9B75A98FE9765B05BAB7C3C2EBCE0ACA05C2AF8005A4DE09AA7F29216EB9E15397500C6F47CBE77CA7778FE2BD277AF0AE2C693DD6437D1522427B9D8329E2136F6A8FA19A3E6C56ADF0E5F50CF06D48734EDCEBF22F69C56D97EC138153F804B85E6FABFC7AFEFB32E523BE1F3BD372418E363EDCA7548
310
52949E8724474014288D94610BB57C1BEC4C7F854A89CA8E5324F55B871CBC78CE1BBEE3BFE68D6A5589EF3C730474506FCFA8FCF0659516D0ED04580EEA6425581B77CAE797FF4BCECC16EB2FEB926F49481F746159D06D922712BD730FDEAE42BD40F42C7AA5EF3F198F60E86110D6DD20645A9480B795CF95E3E3A659A8
310
C55E724F408873315335CFFB8584874484344D494E59D94869DB90C26A5B64F49C802CAC1D3ABE18A098D3B7444D123D8A9E5AE8F5214F0AE5B2B6E9B575DA3E61CBD3EA2B4009FA940524DD1305FB6A1FB294F14DF0BEA90BA109ECE1481FDC3FFAE8D60E75141700BE82725371B4873751B2DD960265F788137FACE6DD40
310
B575E4F0A5C99F46629D92131467A41EE11ABD8D4CCC039CA0AFB37C93A08B232B8F0AEFCA1E0A1015DF13FC83322B362463652ECF71D3A8B1A7D1BE65DE1D62C44F22C317D35F574FEB16153BA2D13E543D10A80E74C4A65E78A6B7CBCBD1D5DD9DB59C2DAFACC96C3AB566E3F1C29ADCDD5DBAD7D3C9ED7C822ED74F80A6
310
41755310DE4443F44A9E68373FADF6596BFA0F440AE7BECE2727AE9F4F2B1B53B1E7E00CF0DD1E5C65454A339A4BA2D0FBA05ED2EF0443458F47BDBFCA484CCFE0F2ED7E3DD0013B679C7B5499467F0ECEEADDB9CA85A34CE44B99053949D2C1416DB85DE4B136BB7165FBAC0B7AB3542BED4F8CA182A549847A1319316519
310
95A83A67147B9E5101C47487F2485F1ECE38FD568F839204296D3479219888530154036E6528FBFBC66F98E0D4107563A2D7D9AFF8D389681A08F58D89F22693900A3B407754734FC51C10C010D6D640809EE4718AC1BA3ED4AEDB53CA37283F68805A7E4B72CEB0A4EDEAD5DD8C14059A76AFAA56BA6901E13F32BC51C720
310
12AF41295B5BF61BAD3195181FB506E6B40F4C10AF5AF40EF9F5B159AE5DD1F43C72D635E94310D45C2D49785C5D0B94D3B54AB3C5A38349C0587D338AB48C11CBF339599C02CCA54A70A008A8D03C0B2201D5F9EFCF8F9CE12A9A19CB0410789EB32C63B95ECCF455D658BFE0621A3DA32C5075FB101723D77DAE867E7D0F
310
D90444509B44E2151B4DC2290B065803200FBAA9BE9D392A0603F2D5C2D00D6302A615680F66D2FA166E2079D4C551A54AB758161FCEFD4E450A14704CECFEDF504B0304140006080000B670623B000000000000000000000000350000006662782F38353834323741342D343835462D343034322D383541392D4331303331
310
363839454531452F76657274696365732E62696E504B0304140006080800B670623BF270F1330600000004000000360000006662782F38353834323741342D343835462D343034322D383541392D4331303331363839454531452F747269616E676C65732E62696E636660600000504B0304140006080000B670623B000000
310
000000000000000000370000006662782F38353834323741342D343835462D343034322D383541392D4331303331363839454531452F617474726962757465732E62696E504B0304140006080800B670623B08DA0BD19000000041010000360000006662782F38353834323741342D343835462D343034322D383541392D43
310
31303331363839454531452F6469726563746F72792E786D6C858F410AC3201045AF22B36F53E9A60B35CBEEBAE80D244E44489C6234F4F835464A48035D0DF398FF9F8AF63D0E6CC63039F212F8F9020C7D47C6792B21C5FE7403D62A1188E2E60C98D7234A5830286103A55745067B9D86B8A3CF9C7F90C11DE607FB1443
310
96D7B6A82D282E9A152AD114D5EF2CB866EEE831B8EEA07A7BB5A8D7D61A2BAAEB7FD5F70921FF497D00504B0304140006080800B670623BD9A3B367FE000000A00100003B0000006662782F38353834323741342D343835462D343034322D383541392D4331303331363839454531452F7265736F75726365732F636F7265
310
2E786D6C8D504B6E833010BD0A9A6D65B01D0201194711694FD00B586642AD043BF2A7EAF16B122AB5BB6E6646EFA3797AE2F8B5DC8A4FF4C1383B002B291468B59B8C9D0748F1420E501CA5F0CEC55F3228AC5A708015062966EFD27D83B4B3116DCCA875136EA00A012314FA968F0182FEC045952AC5AC08D7F2AEF455CD
310
58B232D3592745883E07289E4FD609D26370C96B0CA27AB252A464A64D63A6FCD35C0C7A904D73EE467EE664DCD58CD4ED4849D79C5A723ED1B7A61977AF2D6F45B59AA58866F9C9A83DAA8813484E6947182394BFB3BAA7FBBEDEBFD0434FA9A856F91F53BA4FFF342563E38E6F719FB60092E5200F428A6AED2BAF479979
310
AFDDCA6F504B010214000A0000080000B670623B3DEE336E79000000790000001B00000000000000000000000000000000006175746F6465736B2D64657369676E2D7061636B6167652E786D6C504B01021400140006080800B670623BD486FD9CA0000000F40000001300000000000000000000000000B20000005B436F6E
310
74656E745F54797065735D2E786D6C504B01021400140006080800B670623BCA089DFFEC0000007C010000080000000000000000000000000083010000636F72652E786D6C504B01021400140006080800B670623B55019EA25F0000007C000000070000000000000000000000000095020000636E782E786D6C504B010214
310
00140006080800B670623B68FC0B7272010000D40300000C00000000000000000000000000190300006662782F636F72652E786D6C504B01021400140006080800B670623B0F71DDB67E0000009D0000000B00000000000000000000000000B50400006662782F636E782E786D6C504B01021400140006080800B670623BE1
310
34B4FB280100001202000031000000000000000000000000005C0500006662782F38353834323741342D343835462D343034322D383541392D4331303331363839454531452F636F72652E786D6C504B01021400140006080800B670623B1B8617914E010000330300003000000000000000000000000000D3060000666278
310
2F38353834323741342D343835462D343034322D383541392D4331303331363839454531452F636E782E786D6C504B01021400140006080800B670623B5933D422630500003B10000034000000000000000000000000006F0800006662782F38353834323741342D343835462D343034322D383541392D4331303331363839
310
454531452F6F626A656374732E786D6C504B01021400140006080000B670623B0000000000000000000000003500000000000000000000000000240E00006662782F38353834323741342D343835462D343034322D383541392D4331303331363839454531452F76657274696365732E62696E504B01021400140006080800
310
B670623BF270F13306000000040000003600000000000000000000000000770E00006662782F38353834323741342D343835462D343034322D383541392D4331303331363839454531452F747269616E676C65732E62696E504B01021400140006080000B670623B0000000000000000000000003700000000000000000000
310
000000D10E00006662782F38353834323741342D343835462D343034322D383541392D4331303331363839454531452F617474726962757465732E62696E504B01021400140006080800B670623B08DA0BD190000000410100003600000000000000000000000000260F00006662782F38353834323741342D343835462D34
310
3034322D383541392D4331303331363839454531452F6469726563746F72792E786D6C504B01021400140006080800B670623BD9A3B367FE000000A00100003B000000000000000000000000000A1000006662782F38353834323741342D343835462D343034322D383541392D4331303331363839454531452F7265736F75
310
726365732F636F72652E786D6C504B0506000000000E000E0080040000611100000000
  0
XRECORD
  5
113
102
{ACAD_REACTORS
330
110
102
}
330
110
100
AcDbXrecord
280
     1
270
     1
271
     1
  0
XRECORD
  5
114
102
{ACAD_REACTORS
330
110
102
}
330
110
100
AcDbXrecord
280
     1
270
     1
271
     1
  0
CELLSTYLEMAP
  5
197E
102
{ACAD_REACTORS
330
104
102
}
330
104
100
AcDbCellStyleMap
 90
        3
300
CELLSTYLE
  1
TABLEFORMAT_BEGIN
 90
        5
170
     1
 91
        0
 92
    32768
 62
   257
 93
        1
300
CONTENTFORMAT
  1
CONTENTFORMAT_BEGIN
 90
        0
 91
        0
 92
      512
 93
        0
300

 40
0.0
140
1.0
 94
        5
 62
     0
340
11
144
0.25
309
CONTENTFORMAT_END
171
     1
301
MARGIN
  1
CELLMARGIN_BEGIN
 40
0.06
 40
0.06
 40
0.06
 40
0.06
 40
0.18
 40
0.18
309
CELLMARGIN_END
 94
        6
 95
        1
302
GRIDFORMAT
  1
GRIDFORMAT_BEGIN
 90
        0
 91
        1
 62
     0
 92
       -2
340
0
 93
        0
 40
0.045
309
GRIDFORMAT_END
 95
        2
302
GRIDFORMAT
  1
GRIDFORMAT_BEGIN
 90
        0
 91
        1
 62
     0
 92
       -2
340
0
 93
        0
 40
0.045
309
GRIDFORMAT_END
 95
        4
302
GRIDFORMAT
  1
GRIDFORMAT_BEGIN
 90
        0
 91
        1
 62
     0
 92
       -2
340
0
 93
        0
 40
0.045
309
GRIDFORMAT_END
 95
        8
302
GRIDFORMAT
  1
GRIDFORMAT_BEGIN
 90
        0
 91
        1
 62
     0
 92
       -2
340
0
 93
        0
 40
0.045
309
GRIDFORMAT_END
 95
       16
302
GRIDFORMAT
  1
GRIDFORMAT_BEGIN
 90
        0
 91
        1
 62
     0
 92
       -2
340
0
 93
        0
 40
0.045
309
GRIDFORMAT_END
 95
       32
302
GRIDFORMAT
  1
GRIDFORMAT_BEGIN
 90
        0
 91
        1
 62
     0
 92
       -2
340
0
 93
        0
 40
0.045
309
GRIDFORMAT_END
309
TABLEFORMAT_END
  1
CELLSTYLE_BEGIN
 90
        1
 91
        1
300
_TITLE
309
CELLSTYLE_END
300
CELLSTYLE
  1
TABLEFORMAT_BEGIN
 90
        5
170
     1
 91
        0
 92
        0
 62
   257
 93
        1
300
CONTENTFORMAT
  1
CONTENTFORMAT_BEGIN
 90
        0
 91
        0
 92
      512
 93
        0
300

 40
0.0
140
1.0
 94
        5
 62
     0
340
11
144
0.18
309
CONTENTFORMAT_END
171
     1
301
MARGIN
  1
CELLMARGIN_BEGIN
 40
0.06
 40
0.06
 40
0.06
 40
0.06
 40
0.18
 40
0.18
309
CELLMARGIN_END
 94
        6
 95
        1
302
GRIDFORMAT
  1
GRIDFORMAT_BEGIN
 90
        0
 91
        1
 62
     0
 92
       -2
340
0
 93
        0
 40
0.045
309
GRIDFORMAT_END
 95
        2
302
GRIDFORMAT
  1
GRIDFORMAT_BEGIN
 90
        0
 91
        1
 62
     0
 92
       -2
340
0
 93
        0
 40
0.045
309
GRIDFORMAT_END
 95
        4
302
GRIDFORMAT
  1
GRIDFORMAT_BEGIN
 90
        0
 91
        1
 62
     0
 92
       -2
340
0
 93
        0
 40
0.045
309
GRIDFORMAT_END
 95
        8
302
GRIDFORMAT
  1
GRIDFORMAT_BEGIN
 90
        0
 91
        1
 62
     0
 92
       -2
340
0
 93
        0
 40
0.045
309
GRIDFORMAT_END
 95
       16
302
GRIDFORMAT
  1
GRIDFORMAT_BEGIN
 90
        0
 91
        1
 62
     0
 92
       -2
340
0
 93
        0
 40
0.045
309
GRIDFORMAT_END
 95
       32
302
GRIDFORMAT
  1
GRIDFORMAT_BEGIN
 90
        0
 91
        1
 62
     0
 92
       -2
340
0
 93
        0
 40
0.045
309
GRIDFORMAT_END
309
TABLEFORMAT_END
  1
CELLSTYLE_BEGIN
 90
        2
 91
        1
300
_HEADER
309
CELLSTYLE_END
300
CELLSTYLE
  1
TABLEFORMAT_BEGIN
 90
        5
170
     1
 91
        0
 92
        0
 62
   257
 93
        1
300
CONTENTFORMAT
  1
CONTENTFORMAT_BEGIN
 90
        0
 91
        0
 92
      512
 93
        0
300

 40
0.0
140
1.0
 94
        2
 62
     0
340
11
144
0.18
309
CONTENTFORMAT_END
171
     1
301
MARGIN
  1
CELLMARGIN_BEGIN
 40
0.06
 40
0.06
 40
0.06
 40
0.06
 40
0.18
 40
0.18
309
CELLMARGIN_END
 94
        6
 95
        1
302
GRIDFORMAT
  1
GRIDFORMAT_BEGIN
 90
        0
 91
        1
 62
     0
 92
       -2
340
0
 93
        0
 40
0.045
309
GRIDFORMAT_END
 95
        2
302
GRIDFORMAT
  1
GRIDFORMAT_BEGIN
 90
        0
 91
        1
 62
     0
 92
       -2
340
0
 93
        0
 40
0.045
309
GRIDFORMAT_END
 95
        4
302
GRIDFORMAT
  1
GRIDFORMAT_BEGIN
 90
        0
 91
        1
 62
     0
 92
       -2
340
0
 93
        0
 40
0.045
309
GRIDFORMAT_END
 95
        8
302
GRIDFORMAT
  1
GRIDFORMAT_BEGIN
 90
        0
 91
        1
 62
     0
 92
       -2
340
0
 93
        0
 40
0.045
309
GRIDFORMAT_END
 95
       16
302
GRIDFORMAT
  1
GRIDFORMAT_BEGIN
 90
        0
 91
        1
 62
     0
 92
       -2
340
0
 93
        0
 40
0.045
309
GRIDFORMAT_END
 95
       32
302
GRIDFORMAT
  1
GRIDFORMAT_BEGIN
 90
        0
 91
        1
 62
     0
 92
       -2
340
0
 93
        0
 40
0.045
309
GRIDFORMAT_END
309
TABLEFORMAT_END
  1
CELLSTYLE_BEGIN
 90
        3
 91
        2
300
_DATA
309
CELLSTYLE_END
  0
ENDSEC
  0
SECTION
  2
ACDSDATA
 70
     2
 71
     8
  0
ACDSSCHEMA
 90
        0
  1
AcDb_Thumbnail_Schema
  2
AcDbDs::ID
280
    10
 91
        8
  2
Thumbnail_Data
280
    15
 91
        0
101
ACDSRECORD
 95
        0
 90
        1
  2
AcDbDs::TreatedAsObjectData
280
     1
291
     1
101
ACDSRECORD
 95
        0
 90
        2
  2
AcDbDs::Legacy
280
     1
291
     1
101
ACDSRECORD
  1
AcDbDs::ID
 90
        3
  2
AcDs:Indexable
280
     1
291
     1
101
ACDSRECORD
  1
AcDbDs::ID
 90
        4
  2
AcDbDs::HandleAttribute
280
     7
282
     1
  0
ACDSSCHEMA
 90
        1
  1
AcDbDs::TreatedAsObjectDataSchema
  2
AcDbDs::TreatedAsObjectData
280
     1
 91
        0
  0
ACDSSCHEMA
 90
        2
  1
AcDbDs::LegacySchema
  2
AcDbDs::Legacy
280
     1
 91
        0
  0
ACDSSCHEMA
 90
        3
  1
AcDbDs::IndexedPropertySchema
  2
AcDs:Indexable
280
     1
 91
        0
  0
ACDSSCHEMA
 90
        4
  1
AcDbDs::HandleAttributeSchema
  2
AcDbDs::HandleAttribute
280
     7
 91
        1
284
     1
  0
ACDSRECORD
 90
        0
  2
AcDbDs::ID
280
    10
320
59
  2
Thumbnail_Data
280
    15
 94
     2112
310
89504E470D0A1A0A0000000D4948445200000100000000B5080300000087DCD12600000300504C5445FFFFFFFFFFFFFFFFFF0000000000000000000000000000000000000000000000000000330000660000990000CC0000FF0033000033330033660033990033CC0033FF0066000066330066660066990066CC0066FF0099
310
000099330099660099990099CC0099FF00CC0000CC3300CC6600CC9900CCCC00CCFF00FF0000FF3300FF6600FF9900FFCC00FFFF3300003300333300663300993300CC3300FF3333003333333333663333993333CC3333FF3366003366333366663366993366CC3366FF3399003399333399663399993399CC3399FF33CC00
310
33CC3333CC6633CC9933CCCC33CCFF33FF0033FF3333FF6633FF9933FFCC33FFFF6600006600336600666600996600CC6600FF6633006633336633666633996633CC6633FF6666006666336666666666996666CC6666FF6699006699336699666699996699CC6699FF66CC0066CC3366CC6666CC9966CCCC66CCFF66FF0066
310
FF3366FF6666FF9966FFCC66FFFF9900009900339900669900999900CC9900FF9933009933339933669933999933CC9933FF9966009966339966669966999966CC9966FF9999009999339999669999999999CC9999FF99CC0099CC3399CC6699CC9999CCCC99CCFF99FF0099FF3399FF6699FF9999FFCC99FFFFCC0000CC00
310
33CC0066CC0099CC00CCCC00FFCC3300CC3333CC3366CC3399CC33CCCC33FFCC6600CC6633CC6666CC6699CC66CCCC66FFCC9900CC9933CC9966CC9999CC99CCCC99FFCCCC00CCCC33CCCC66CCCC99CCCCCCCCCCFFCCFF00CCFF33CCFF66CCFF99CCFFCCCCFFFFFF0000FF0033FF0066FF0099FF00CCFF00FFFF3300FF3333
310
FF3366FF3399FF33CCFF33FFFF6600FF6633FF6666FF6699FF66CCFF66FFFF9900FF9933FF9966FF9999FF99CCFF99FFFFCC00FFCC33FFCC66FFCC99FFCCCCFFCCFFFFFF00FFFF33FFFF66FFFF99FFFFCCFFFFFF0000000D0D0D1A1A1A2828283535354343435050505D5D5D6B6B6B787878868686939393A1A1A1AEAEAEBB
310
BBBBC9C9C9D6D6D6E4E4E4F1F1F1FFFFFF000000000000000000000000000000000000000000000000000000000000AD4AB4E4000004FB4944415478DAED9D4D729C301085FB9A39D3ECB888B309BBF441EC9D96291D2236308C7EA1054223BA5BAEC2132CA8E8E3E93D49C30C605174B1601104970980115C66007205A000
310
14800250000A40014C81F8FD0F81DB580122463F5B5DE0F6DDC11455797601AE0012D7DCAB62D8031807F80BC32817C0F0F9F8183E050318C78FF1317EEE01606B82067E0FBF1E23981D13E40BE0CFB7023E863F7B00187781AFF1317C89F6001860140C40FA3860AF0ADB14D89E0508488152003CBB407E0AA81EA0003803
310
28591031BA20A200F87AC086F0D504D903A00E8414809AA002D08110430FD86BFC0100460144FA923417700FEABCF9D7A7C0DD00A4FEBBC52960969FE980E9079800A079C07A5BADF35A560CE2F2B3BE4660E2015C0198CA7301BE00E000809F3BABD80128E902DD9B6016C0290F30D201F81E009D03B83405E6D2EF60F08A
310
B9C0BD005C3017E03B10021D099600708B4400CE6B910090B3020826082C15404F01EFEAF303B0DB0580A902A81EE05F7F790040BA0212629095027C018002D02EA0000EA5004805D0FD7BC3D77F5E00E106CBE217A680CC1521F50005A0009803106F829A020700D854712ADADD5250957040730FB0893FDACCEB64B1F4AA
310
8403DE0700490012BD26D71E2403704FDA18402FA516805213847205C0150A38DD050EA7407F12B02D53007C052049014857009215806FF180BE4A7B00102900490A0883C0D2ABE615702B00F42E80F42E80CD53A0BBD2380520A900242900E90A40B202B0710AF0026014800250006A823900480290CE220E29B0FB6002B7
310
E9AC3C60F9D2DDCA00E237953300F2EF3FDB2DF555374153AF0BFC00C5B857D964D5679D3D00E149AB2B80DC058800680A983E9044524078D27A29B0BCFD4D5600202D05E00A0F889727AAA580A9A78065FD329CE565177931331F4C2D8AAE552F980BD014401D07D0019498E05900354682E66547BB006A77013CDB052A00
310
D8E8023BD3784BAE1A1F907A5ED23B0084F9E60138D59EC6000ECE05CCED01545811CA77010458BF73E069EDCE8E5300E293DA20C7CB1EB070723A9C1B0A6FAFE4B900B6ABC60780F307A202CC552990B4E2170008DAB1FE0A2FE84B2A2F91CC3B60DE2601AC278D0104D7DBBCBE0CA63680EC4028BE8C1905B86D9F33F0B9
310
5DA3BE5C010D0020F897ED7017789D656E14B8DB5200ADBE533415DE5D75018A07C0F500E80A7887099E4B815D00610C422E069F61B2460A7A3B966D3A06218CC186291035CA4623459CE7F8AFEDFA320430ED9BB668E62DFABBC3F500FFA4EF00B0355411A180D8D86E0BE0A009024101A95CCB0078B61A3DF35FDB1999A0
310
77D22E52A0EBFB045BA44008607DAADDB232EAED88D638CD32528B9E8B67120738679A5FF69A023E00D80290AAE46EAF50C04900F372C01C6A7E16DDA50B5CAD80DB0000A900E02C0067127B6B00462A80731E103FC7559A0946792509C0CE875AA0E01330B6C94766AAA7C0F63572CF9859902AAABC2B94C62940587127B5
310
E968E5AD95FE2629C005806901A071699602BD1605F0CE14B81D005000DA0514800250006A820A403D400128004D014D012E005ADD29CA02807A800250009A027200241EBA2A6B2E60EADE2DAE26A800FA05901AF8884A812480ADA130CF1488DE344D89419407C400EEE001E489DD767DB8ED64A81800B7146802A0371334
310
078BCE05B600387610A7807F737E70FB239FADEB87CB9E0A0AC09B2840A7C3440012CA1600614501280005A000968190D03201F827B84C004417FB1F6B874CA6DEECEDEF0000000049454E44AE426082
  0
ACDSRECORD
 90
        0
  2
AcDbDs::ID
280
    10
320
22
  2
Thumbnail_Data
280
    15
 94
     1730
310
89504E470D0A1A0A0000000D494844520000010000000065080300000095E2CD0900000300504C5445212830FFFFFF2128300000000000000000000000000000000000000000000000000000330000660000990000CC0000FF0033000033330033660033990033CC0033FF0066000066330066660066990066CC0066FF0099
310
000099330099660099990099CC0099FF00CC0000CC3300CC6600CC9900CCCC00CCFF00FF0000FF3300FF6600FF9900FFCC00FFFF3300003300333300663300993300CC3300FF3333003333333333663333993333CC3333FF3366003366333366663366993366CC3366FF3399003399333399663399993399CC3399FF33CC00
310
33CC3333CC6633CC9933CCCC33CCFF33FF0033FF3333FF6633FF9933FFCC33FFFF6600006600336600666600996600CC6600FF6633006633336633666633996633CC6633FF6666006666336666666666996666CC6666FF6699006699336699666699996699CC6699FF66CC0066CC3366CC6666CC9966CCCC66CCFF66FF0066
310
FF3366FF6666FF9966FFCC66FFFF9900009900339900669900999900CC9900FF9933009933339933669933999933CC9933FF9966009966339966669966999966CC9966FF9999009999339999669999999999CC9999FF99CC0099CC3399CC6699CC9999CCCC99CCFF99FF0099FF3399FF6699FF9999FFCC99FFFFCC0000CC00
310
33CC0066CC0099CC00CCCC00FFCC3300CC3333CC3366CC3399CC33CCCC33FFCC6600CC6633CC6666CC6699CC66CCCC66FFCC9900CC9933CC9966CC9999CC99CCCC99FFCCCC00CCCC33CCCC66CCCC99CCCCCCCCCCFFCCFF00CCFF33CCFF66CCFF99CCFFCCCCFFFFFF0000FF0033FF0066FF0099FF00CCFF00FFFF3300FF3333
310
FF3366FF3399FF33CCFF33FFFF6600FF6633FF6666FF6699FF66CCFF66FFFF9900FF9933FF9966FF9999FF99CCFF99FFFFCC00FFCC33FFCC66FFCC99FFCCCCFFCCFFFFFF00FFFF33FFFF66FFFF99FFFFCCFFFFFF0000000D0D0D1A1A1A2828283535354343435050505D5D5D6B6B6B787878868686939393A1A1A1AEAEAEBB
310
BBBBC9C9C9D6D6D6E4E4E4F1F1F1FFFFFF0000000000000000000000000000000000000000000000000000000000002E4550F1000002824944415478DAED9DC17283201086797F6F79929E3CB57996CEBEC3DE9B28C8AE023133D52CEECF98D28016F85C7E16646C08ABC029361354B58E0FBC8ACF0C2CD9EB445F00C6DB78
310
730DE07B1846D700BE86C1B705FC8CE3AF6B00DE45B094E80540C107F06701DA034217700500AEB07B115466E01200460188A06B112CB5DE0400DEBAE8AE2C20C9D1C1EDCF65CA820C0088370216709E05581B05CE03607436F82100262D80BD03F0E908490BE013CA762C828601F0F16E0000000000985E0F000000000000
310
700D2000000000000014972CEAB3F8F6E6C75D937E73009EBF913A673995AAD5A65AA3E8652B8D01386623AC6700EC1E00770420FF602A69404C2E545BE4E85CF5979C5A007703409881ACB67AA6C9350B502E84B40000000000B00BA0A15B6F01E02600B6098039ECD3EE1CF1DA80169F7FD5045E2E88393601345B7F7D0B
310
A8947A8006F0054490E68327C78E48543BE6D0ECF2CDDF52EEE3C47849E7001E6DA0F9889198F1D37CA8881700E992AE00447554EA37358B120826B1E491DA4D9282C433A53674A7872E50AF761140D8B522C41D69400BC06A9B21A7C1AF06404C91ED6C955553425A0CFE4D00E125802EBA000BEDDA03A094D77717282DE8
310
6D6FB4CC4996109648AE3287EB0090CD7406E0E9D24C9F674459E78348CA517684D225FD5B4028DFE382022A0BC8BAD8178020AB5D9F32B4C752B5231F003A0290FBB25300952A7AEA027AACF30660BB6BB2F1CCB3FD44B4FC88D43480724B56598DAB2AE9E10A00FEB16CD35DE08CB201000000000000000000C02100BC42
310
032F5282060080EE1000802EE0DC02BC8D027A1BD6155FA6565B1FBCBE05ECD9340E0DE806C0FD3C1134BA53D4C1FF1730160000003E3B2737A20407843FD05C81605E5300BB0000000049454E44AE42608223F39C3AE8D37E601054A975803B0AE50D2802E069C49B5C631B00F0BC0F52A77101E17200122EB045010B0058
310
004012405E01B500A4F3D1B700602780CA31209D8F98C48038C3EDCB02F60B4773DB0156256681DA41301C1BA28085825F0D0040D21CE11559375440E61E21060A88331C430039058CB1419BED5CB5EFFABD7E1B4C7F53552D55FBAE67EE34336DFA07A07603505501FC01D8D8592920BABE120000000049454E44AE426082
310
433FAB431D9D24ABFE9519021D3A74E8D02F7B71FB9F8F981042082184104208218410420821841042082184104208218410420821841072A1FC01670D000E006B4D120000000049454E44AE426082
  0
ENDSEC
  0
EOF
